opportunity_id,link_person_id,data_class,assigned_channel,language_support_offer,accessible_format_offer,synthetic_selection_score,comment_returned,comment_id
OPPORTUNITY-0001,LINK-0001,synthetic_comment_opportunity_linked_to_public_derived_meps,phone,not_applicable,not_offered,0.56231947,yes,COMMENT-0001
OPPORTUNITY-0002,LINK-0002,synthetic_comment_opportunity_linked_to_public_derived_meps,web,not_applicable,not_offered,0.95808451,yes,COMMENT-0002
OPPORTUNITY-0003,LINK-0004,synthetic_comment_opportunity_linked_to_public_derived_meps,web,not_applicable,not_offered,0.57506685,yes,COMMENT-0003
OPPORTUNITY-0004,LINK-0008,synthetic_comment_opportunity_linked_to_public_derived_meps,phone,offered,not_offered,0.32160343,no,
OPPORTUNITY-0005,LINK-0010,synthetic_comment_opportunity_linked_to_public_derived_meps,web,not_applicable,not_offered,0.90068580,yes,COMMENT-0004
OPPORTUNITY-0006,LINK-0011,synthetic_comment_opportunity_linked_to_public_derived_meps,phone,not_applicable,not_offered,0.34398596,no,
OPPORTUNITY-0007,LINK-0014,synthetic_comment_opportunity_linked_to_public_derived_meps,mail,not_applicable,not_offered,0.30488989,no,
OPPORTUNITY-0008,LINK-0015,synthetic_comment_opportunity_linked_to_public_derived_meps,phone,offered,not_offered,0.93558282,yes,COMMENT-0005
OPPORTUNITY-0009,LINK-0016,synthetic_comment_opportunity_linked_to_public_derived_meps,phone,not_applicable,not_offered,0.19885038,no,
OPPORTUNITY-0010,LINK-0017,synthetic_comment_opportunity_linked_to_public_derived_meps,phone,not_applicable,not_offered,0.84637543,yes,COMMENT-0006
OPPORTUNITY-0011,LINK-0020,synthetic_comment_opportunity_linked_to_public_derived_meps,web,offered,not_offered,0.38532004,no,
OPPORTUNITY-0012,LINK-0022,synthetic_comment_opportunity_linked_to_public_derived_meps,phone,not_applicable,not_offered,0.49807898,no,
OPPORTUNITY-0013,LINK-0023,synthetic_comment_opportunity_linked_to_public_derived_meps,web,offered,not_offered,0.97707727,yes,COMMENT-0007
OPPORTUNITY-0014,LINK-0026,synthetic_comment_opportunity_linked_to_public_derived_meps,mail,not_applicable,not_offered,0.62294707,yes,COMMENT-0008
OPPORTUNITY-0015,LINK-0028,synthetic_comment_opportunity_linked_to_public_derived_meps,phone,not_applicable,not_offered,0.73756618,yes,COMMENT-0009
OPPORTUNITY-0016,LINK-0030,synthetic_comment_opportunity_linked_to_public_derived_meps,phone,not_applicable,offered,0.95892621,yes,COMMENT-0010
OPPORTUNITY-0017,LINK-0031,synthetic_comment_opportunity_linked_to_public_derived_meps,mail,not_applicable,not_offered,0.06625773,no,
OPPORTUNITY-0018,LINK-0032,synthetic_comment_opportunity_linked_to_public_derived_meps,mail,not_applicable,not_offered,-0.03457091,no,
OPPORTUNITY-0019,LINK-0034,synthetic_comment_opportunity_linked_to_public_derived_meps,mail,offered,not_offered,0.42845738,no,
OPPORTUNITY-0020,LINK-0036,synthetic_comment_opportunity_linked_to_public_derived_meps,mail,not_offered,not_offered,0.19981755,no,
OPPORTUNITY-0021,LINK-0037,synthetic_comment_opportunity_linked_to_public_derived_meps,web,offered,not_offered,0.31851374,no,
OPPORTUNITY-0022,LINK-0040,synthetic_comment_opportunity_linked_to_public_derived_meps,mail,offered,not_offered,0.53764715,yes,COMMENT-0011
OPPORTUNITY-0023,LINK-0041,synthetic_comment_opportunity_linked_to_public_derived_meps,web,not_applicable,not_offered,0.92183169,yes,COMMENT-0012
OPPORTUNITY-0024,LINK-0042,synthetic_comment_opportunity_linked_to_public_derived_meps,phone,not_applicable,not_offered,0.31838097,no,
OPPORTUNITY-0025,LINK-0047,synthetic_comment_opportunity_linked_to_public_derived_meps,web,not_applicable,not_offered,0.85610773,yes,COMMENT-0013
OPPORTUNITY-0026,LINK-0048,synthetic_comment_opportunity_linked_to_public_derived_meps,mail,not_applicable,not_offered,0.11752233,no,
OPPORTUNITY-0027,LINK-0049,synthetic_comment_opportunity_linked_to_public_derived_meps,web,not_applicable,not_offered,0.61416163,yes,COMMENT-0014
OPPORTUNITY-0028,LINK-0050,synthetic_comment_opportunity_linked_to_public_derived_meps,phone,not_applicable,not_offered,0.08577006,no,
OPPORTUNITY-0029,LINK-0051,synthetic_comment_opportunity_linked_to_public_derived_meps,mail,not_applicable,offered,0.09825519,no,
OPPORTUNITY-0030,LINK-0052,synthetic_comment_opportunity_linked_to_public_derived_meps,phone,offered,not_offered,0.90944911,yes,COMMENT-0015
OPPORTUNITY-0031,LINK-0054,synthetic_comment_opportunity_linked_to_public_derived_meps,web,not_applicable,not_offered,0.53278470,yes,COMMENT-0016
OPPORTUNITY-0032,LINK-0055,synthetic_comment_opportunity_linked_to_public_derived_meps,web,not_applicable,not_offered,0.68739343,yes,COMMENT-0017
OPPORTUNITY-0033,LINK-0056,synthetic_comment_opportunity_linked_to_public_derived_meps,phone,not_applicable,not_offered,0.17008665,no,
OPPORTUNITY-0034,LINK-0063,synthetic_comment_opportunity_linked_to_public_derived_meps,mail,not_offered,not_offered,0.69810642,yes,COMMENT-0018
OPPORTUNITY-0035,LINK-0064,synthetic_comment_opportunity_linked_to_public_derived_meps,phone,not_applicable,not_offered,0.15867841,no,
OPPORTUNITY-0036,LINK-0065,synthetic_comment_opportunity_linked_to_public_derived_meps,web,not_offered,not_offered,0.37542467,no,
OPPORTUNITY-0037,LINK-0066,synthetic_comment_opportunity_linked_to_public_derived_meps,web,not_applicable,not_offered,0.43389002,no,
OPPORTUNITY-0038,LINK-0071,synthetic_comment_opportunity_linked_to_public_derived_meps,mail,not_applicable,offered,0.39262080,no,
OPPORTUNITY-0039,LINK-0072,synthetic_comment_opportunity_linked_to_public_derived_meps,mail,not_applicable,not_offered,0.91806796,yes,COMMENT-0019
OPPORTUNITY-0040,LINK-0073,synthetic_comment_opportunity_linked_to_public_derived_meps,mail,not_applicable,not_offered,0.76973479,yes,COMMENT-0020
OPPORTUNITY-0041,LINK-0074,synthetic_comment_opportunity_linked_to_public_derived_meps,web,not_applicable,not_offered,0.68924962,yes,COMMENT-0021
OPPORTUNITY-0042,LINK-0075,synthetic_comment_opportunity_linked_to_public_derived_meps,mail,not_applicable,not_offered,0.75862954,yes,COMMENT-0022
OPPORTUNITY-0043,LINK-0076,synthetic_comment_opportunity_linked_to_public_derived_meps,web,not_applicable,offered,0.75336180,yes,COMMENT-0023
OPPORTUNITY-0044,LINK-0078,synthetic_comment_opportunity_linked_to_public_derived_meps,mail,not_applicable,not_offered,0.31149357,no,
OPPORTUNITY-0045,LINK-0079,synthetic_comment_opportunity_linked_to_public_derived_meps,mail,not_applicable,not_offered,0.56805081,yes,COMMENT-0024
OPPORTUNITY-0046,LINK-0080,synthetic_comment_opportunity_linked_to_public_derived_meps,phone,not_applicable,offered,0.07995512,no,
OPPORTUNITY-0047,LINK-0081,synthetic_comment_opportunity_linked_to_public_derived_meps,mail,not_applicable,not_offered,0.71694632,yes,COMMENT-0025
OPPORTUNITY-0048,LINK-0083,synthetic_comment_opportunity_linked_to_public_derived_meps,phone,not_applicable,offered,0.40685581,no,
OPPORTUNITY-0049,LINK-0085,synthetic_comment_opportunity_linked_to_public_derived_meps,mail,not_applicable,not_offered,0.03658695,no,
OPPORTUNITY-0050,LINK-0086,synthetic_comment_opportunity_linked_to_public_derived_meps,mail,not_applicable,not_offered,0.65582505,yes,COMMENT-0026
OPPORTUNITY-0051,LINK-0088,synthetic_comment_opportunity_linked_to_public_derived_meps,web,not_applicable,not_offered,0.33557384,no,
OPPORTUNITY-0052,LINK-0091,synthetic_comment_opportunity_linked_to_public_derived_meps,web,not_applicable,offered,0.46326679,no,
OPPORTUNITY-0053,LINK-0092,synthetic_comment_opportunity_linked_to_public_derived_meps,phone,not_applicable,offered,0.73981817,yes,COMMENT-0027
OPPORTUNITY-0054,LINK-0093,synthetic_comment_opportunity_linked_to_public_derived_meps,mail,not_applicable,offered,0.44398525,no,
OPPORTUNITY-0055,LINK-0096,synthetic_comment_opportunity_linked_to_public_derived_meps,mail,not_applicable,not_offered,0.59136153,yes,COMMENT-0028
OPPORTUNITY-0056,LINK-0097,synthetic_comment_opportunity_linked_to_public_derived_meps,phone,not_applicable,offered,0.40684323,no,
OPPORTUNITY-0057,LINK-0100,synthetic_comment_opportunity_linked_to_public_derived_meps,phone,not_applicable,not_offered,0.32528232,no,
OPPORTUNITY-0058,LINK-0101,synthetic_comment_opportunity_linked_to_public_derived_meps,phone,not_applicable,not_offered,0.48270922,no,
OPPORTUNITY-0059,LINK-0102,synthetic_comment_opportunity_linked_to_public_derived_meps,mail,not_applicable,not_offered,0.26718331,no,
OPPORTUNITY-0060,LINK-0103,synthetic_comment_opportunity_linked_to_public_derived_meps,phone,offered,not_offered,0.88047989,yes,COMMENT-0029
OPPORTUNITY-0061,LINK-0104,synthetic_comment_opportunity_linked_to_public_derived_meps,phone,not_applicable,not_offered,0.49216753,no,
OPPORTUNITY-0062,LINK-0105,synthetic_comment_opportunity_linked_to_public_derived_meps,phone,not_applicable,offered,0.09295226,no,
OPPORTUNITY-0063,LINK-0106,synthetic_comment_opportunity_linked_to_public_derived_meps,web,not_applicable,not_offered,0.97031056,yes,COMMENT-0030
OPPORTUNITY-0064,LINK-0108,synthetic_comment_opportunity_linked_to_public_derived_meps,mail,not_applicable,offered,0.32000634,no,
OPPORTUNITY-0065,LINK-0112,synthetic_comment_opportunity_linked_to_public_derived_meps,web,not_applicable,not_offered,0.30484934,no,
OPPORTUNITY-0066,LINK-0115,synthetic_comment_opportunity_linked_to_public_derived_meps,web,not_applicable,offered,1.04678562,yes,COMMENT-0031
OPPORTUNITY-0067,LINK-0116,synthetic_comment_opportunity_linked_to_public_derived_meps,web,not_applicable,not_offered,0.21926467,no,
OPPORTUNITY-0068,LINK-0117,synthetic_comment_opportunity_linked_to_public_derived_meps,mail,not_applicable,not_offered,0.75383295,yes,COMMENT-0032
OPPORTUNITY-0069,LINK-0118,synthetic_comment_opportunity_linked_to_public_derived_meps,mail,not_applicable,not_offered,0.44993401,no,
OPPORTUNITY-0070,LINK-0120,synthetic_comment_opportunity_linked_to_public_derived_meps,mail,not_applicable,not_offered,0.30002201,no,
OPPORTUNITY-0071,LINK-0122,synthetic_comment_opportunity_linked_to_public_derived_meps,web,offered,offered,0.97838263,yes,COMMENT-0033
OPPORTUNITY-0072,LINK-0123,synthetic_comment_opportunity_linked_to_public_derived_meps,web,not_applicable,not_offered,0.67963589,yes,COMMENT-0034
OPPORTUNITY-0073,LINK-0124,synthetic_comment_opportunity_linked_to_public_derived_meps,phone,not_applicable,not_offered,0.59725462,yes,COMMENT-0035
OPPORTUNITY-0074,LINK-0128,synthetic_comment_opportunity_linked_to_public_derived_meps,web,offered,not_offered,0.48199136,no,
OPPORTUNITY-0075,LINK-0130,synthetic_comment_opportunity_linked_to_public_derived_meps,mail,not_applicable,not_offered,0.89581655,yes,COMMENT-0036
OPPORTUNITY-0076,LINK-0131,synthetic_comment_opportunity_linked_to_public_derived_meps,web,not_applicable,not_offered,0.22028172,no,
OPPORTUNITY-0077,LINK-0133,synthetic_comment_opportunity_linked_to_public_derived_meps,phone,not_applicable,not_offered,0.30774101,no,
OPPORTUNITY-0078,LINK-0134,synthetic_comment_opportunity_linked_to_public_derived_meps,web,not_applicable,not_offered,0.16023760,no,
OPPORTUNITY-0079,LINK-0136,synthetic_comment_opportunity_linked_to_public_derived_meps,mail,not_applicable,not_offered,0.49736439,no,
OPPORTUNITY-0080,LINK-0137,synthetic_comment_opportunity_linked_to_public_derived_meps,phone,offered,not_offered,1.02299703,yes,COMMENT-0037
OPPORTUNITY-0081,LINK-0138,synthetic_comment_opportunity_linked_to_public_derived_meps,phone,not_applicable,not_offered,0.68018552,yes,COMMENT-0038
OPPORTUNITY-0082,LINK-0139,synthetic_comment_opportunity_linked_to_public_derived_meps,mail,not_applicable,offered,0.53650141,yes,COMMENT-0039
OPPORTUNITY-0083,LINK-0141,synthetic_comment_opportunity_linked_to_public_derived_meps,phone,offered,not_offered,0.72044874,yes,COMMENT-0040
OPPORTUNITY-0084,LINK-0143,synthetic_comment_opportunity_linked_to_public_derived_meps,mail,not_applicable,not_offered,0.23703703,no,
OPPORTUNITY-0085,LINK-0144,synthetic_comment_opportunity_linked_to_public_derived_meps,phone,not_applicable,not_offered,0.57731051,yes,COMMENT-0041
OPPORTUNITY-0086,LINK-0147,synthetic_comment_opportunity_linked_to_public_derived_meps,phone,not_applicable,not_offered,0.68100215,yes,COMMENT-0042
OPPORTUNITY-0087,LINK-0149,synthetic_comment_opportunity_linked_to_public_derived_meps,phone,not_applicable,not_offered,0.70675819,yes,COMMENT-0043
OPPORTUNITY-0088,LINK-0150,synthetic_comment_opportunity_linked_to_public_derived_meps,phone,not_applicable,not_offered,0.67238092,yes,COMMENT-0044
OPPORTUNITY-0089,LINK-0151,synthetic_comment_opportunity_linked_to_public_derived_meps,phone,not_applicable,not_offered,0.49493531,no,
OPPORTUNITY-0090,LINK-0152,synthetic_comment_opportunity_linked_to_public_derived_meps,phone,not_applicable,offered,0.78447627,yes,COMMENT-0045
OPPORTUNITY-0091,LINK-0153,synthetic_comment_opportunity_linked_to_public_derived_meps,phone,not_applicable,not_offered,0.95061340,yes,COMMENT-0046
OPPORTUNITY-0092,LINK-0155,synthetic_comment_opportunity_linked_to_public_derived_meps,mail,not_applicable,not_offered,0.46454699,no,
OPPORTUNITY-0093,LINK-0156,synthetic_comment_opportunity_linked_to_public_derived_meps,web,not_applicable,not_offered,0.42742439,no,
OPPORTUNITY-0094,LINK-0157,synthetic_comment_opportunity_linked_to_public_derived_meps,mail,offered,not_offered,0.59491807,yes,COMMENT-0047
OPPORTUNITY-0095,LINK-0158,synthetic_comment_opportunity_linked_to_public_derived_meps,web,not_applicable,not_offered,0.24077230,no,
OPPORTUNITY-0096,LINK-0159,synthetic_comment_opportunity_linked_to_public_derived_meps,web,not_applicable,not_offered,0.61724342,yes,COMMENT-0048
OPPORTUNITY-0097,LINK-0161,synthetic_comment_opportunity_linked_to_public_derived_meps,mail,offered,not_offered,0.85377483,yes,COMMENT-0049
OPPORTUNITY-0098,LINK-0163,synthetic_comment_opportunity_linked_to_public_derived_meps,mail,not_applicable,not_offered,0.97958603,yes,COMMENT-0050
OPPORTUNITY-0099,LINK-0165,synthetic_comment_opportunity_linked_to_public_derived_meps,web,not_applicable,not_offered,0.40255847,no,
OPPORTUNITY-0100,LINK-0166,synthetic_comment_opportunity_linked_to_public_derived_meps,phone,not_applicable,offered,0.63379604,yes,COMMENT-0051
OPPORTUNITY-0101,LINK-0167,synthetic_comment_opportunity_linked_to_public_derived_meps,mail,not_applicable,not_offered,0.64470313,yes,COMMENT-0052
OPPORTUNITY-0102,LINK-0172,synthetic_comment_opportunity_linked_to_public_derived_meps,mail,not_applicable,offered,0.38854022,no,
OPPORTUNITY-0103,LINK-0173,synthetic_comment_opportunity_linked_to_public_derived_meps,web,offered,not_offered,0.62649858,yes,COMMENT-0053
OPPORTUNITY-0104,LINK-0175,synthetic_comment_opportunity_linked_to_public_derived_meps,phone,not_applicable,not_offered,0.70539558,yes,COMMENT-0054
OPPORTUNITY-0105,LINK-0176,synthetic_comment_opportunity_linked_to_public_derived_meps,mail,not_applicable,not_offered,0.63662979,yes,COMMENT-0055
OPPORTUNITY-0106,LINK-0177,synthetic_comment_opportunity_linked_to_public_derived_meps,mail,not_applicable,not_offered,0.80177938,yes,COMMENT-0056
OPPORTUNITY-0107,LINK-0179,synthetic_comment_opportunity_linked_to_public_derived_meps,web,not_applicable,not_offered,0.93165349,yes,COMMENT-0057
OPPORTUNITY-0108,LINK-0182,synthetic_comment_opportunity_linked_to_public_derived_meps,web,not_applicable,offered,1.04878823,yes,COMMENT-0058
OPPORTUNITY-0109,LINK-0185,synthetic_comment_opportunity_linked_to_public_derived_meps,web,not_applicable,not_offered,0.90267831,yes,COMMENT-0059
OPPORTUNITY-0110,LINK-0186,synthetic_comment_opportunity_linked_to_public_derived_meps,phone,not_applicable,offered,0.91148258,yes,COMMENT-0060
OPPORTUNITY-0111,LINK-0187,synthetic_comment_opportunity_linked_to_public_derived_meps,mail,not_applicable,offered,0.63457458,yes,COMMENT-0061
OPPORTUNITY-0112,LINK-0188,synthetic_comment_opportunity_linked_to_public_derived_meps,mail,offered,not_offered,0.81665080,yes,COMMENT-0062
OPPORTUNITY-0113,LINK-0189,synthetic_comment_opportunity_linked_to_public_derived_meps,mail,not_applicable,not_offered,0.49536566,no,
OPPORTUNITY-0114,LINK-0190,synthetic_comment_opportunity_linked_to_public_derived_meps,phone,not_applicable,not_offered,0.38562350,no,
OPPORTUNITY-0115,LINK-0191,synthetic_comment_opportunity_linked_to_public_derived_meps,phone,not_applicable,not_offered,0.15352146,no,
OPPORTUNITY-0116,LINK-0192,synthetic_comment_opportunity_linked_to_public_derived_meps,web,not_applicable,not_offered,0.69568718,yes,COMMENT-0063
OPPORTUNITY-0117,LINK-0193,synthetic_comment_opportunity_linked_to_public_derived_meps,mail,not_applicable,not_offered,0.00473108,no,
OPPORTUNITY-0118,LINK-0194,synthetic_comment_opportunity_linked_to_public_derived_meps,web,not_applicable,not_offered,0.47861258,no,
OPPORTUNITY-0119,LINK-0195,synthetic_comment_opportunity_linked_to_public_derived_meps,phone,not_applicable,not_offered,0.58332269,yes,COMMENT-0064
OPPORTUNITY-0120,LINK-0196,synthetic_comment_opportunity_linked_to_public_derived_meps,web,not_applicable,not_offered,0.82309970,yes,COMMENT-0065
OPPORTUNITY-0121,LINK-0199,synthetic_comment_opportunity_linked_to_public_derived_meps,web,not_applicable,not_offered,1.06618403,yes,COMMENT-0066
OPPORTUNITY-0122,LINK-0200,synthetic_comment_opportunity_linked_to_public_derived_meps,web,not_applicable,not_offered,0.63977082,yes,COMMENT-0067
OPPORTUNITY-0123,LINK-0201,synthetic_comment_opportunity_linked_to_public_derived_meps,web,not_applicable,not_offered,0.93151338,yes,COMMENT-0068
OPPORTUNITY-0124,LINK-0202,synthetic_comment_opportunity_linked_to_public_derived_meps,web,not_applicable,not_offered,0.38675889,no,
OPPORTUNITY-0125,LINK-0203,synthetic_comment_opportunity_linked_to_public_derived_meps,phone,not_applicable,offered,0.21132624,no,
OPPORTUNITY-0126,LINK-0204,synthetic_comment_opportunity_linked_to_public_derived_meps,web,not_applicable,not_offered,0.25637139,no,
OPPORTUNITY-0127,LINK-0205,synthetic_comment_opportunity_linked_to_public_derived_meps,mail,offered,not_offered,0.54606381,yes,COMMENT-0069
OPPORTUNITY-0128,LINK-0206,synthetic_comment_opportunity_linked_to_public_derived_meps,phone,not_applicable,not_offered,0.73688412,yes,COMMENT-0070
OPPORTUNITY-0129,LINK-0207,synthetic_comment_opportunity_linked_to_public_derived_meps,mail,offered,offered,0.23550169,no,
OPPORTUNITY-0130,LINK-0208,synthetic_comment_opportunity_linked_to_public_derived_meps,phone,not_applicable,offered,0.31442273,no,
OPPORTUNITY-0131,LINK-0209,synthetic_comment_opportunity_linked_to_public_derived_meps,mail,not_applicable,not_offered,0.81074884,yes,COMMENT-0071
OPPORTUNITY-0132,LINK-0211,synthetic_comment_opportunity_linked_to_public_derived_meps,phone,not_applicable,offered,0.33250190,no,
OPPORTUNITY-0133,LINK-0214,synthetic_comment_opportunity_linked_to_public_derived_meps,phone,not_offered,not_offered,0.01998341,no,
OPPORTUNITY-0134,LINK-0218,synthetic_comment_opportunity_linked_to_public_derived_meps,web,not_applicable,offered,0.67335169,yes,COMMENT-0072
OPPORTUNITY-0135,LINK-0220,synthetic_comment_opportunity_linked_to_public_derived_meps,web,not_offered,offered,0.56133218,yes,COMMENT-0073
OPPORTUNITY-0136,LINK-0224,synthetic_comment_opportunity_linked_to_public_derived_meps,phone,not_offered,not_offered,0.15890500,no,
OPPORTUNITY-0137,LINK-0225,synthetic_comment_opportunity_linked_to_public_derived_meps,mail,offered,not_offered,0.31738274,no,
OPPORTUNITY-0138,LINK-0226,synthetic_comment_opportunity_linked_to_public_derived_meps,mail,offered,offered,0.70385005,yes,COMMENT-0074
OPPORTUNITY-0139,LINK-0229,synthetic_comment_opportunity_linked_to_public_derived_meps,mail,not_applicable,offered,0.15523884,no,
OPPORTUNITY-0140,LINK-0230,synthetic_comment_opportunity_linked_to_public_derived_meps,phone,not_applicable,not_offered,0.03214369,no,
OPPORTUNITY-0141,LINK-0232,synthetic_comment_opportunity_linked_to_public_derived_meps,phone,not_applicable,not_offered,0.95471031,yes,COMMENT-0075
OPPORTUNITY-0142,LINK-0235,synthetic_comment_opportunity_linked_to_public_derived_meps,mail,not_applicable,offered,0.94166743,yes,COMMENT-0076
OPPORTUNITY-0143,LINK-0236,synthetic_comment_opportunity_linked_to_public_derived_meps,web,not_applicable,not_offered,0.90593903,yes,COMMENT-0077
OPPORTUNITY-0144,LINK-0237,synthetic_comment_opportunity_linked_to_public_derived_meps,mail,not_applicable,offered,0.30962379,no,
OPPORTUNITY-0145,LINK-0238,synthetic_comment_opportunity_linked_to_public_derived_meps,web,not_applicable,not_offered,0.34576955,no,
OPPORTUNITY-0146,LINK-0239,synthetic_comment_opportunity_linked_to_public_derived_meps,web,not_applicable,offered,0.27479535,no,
OPPORTUNITY-0147,LINK-0241,synthetic_comment_opportunity_linked_to_public_derived_meps,phone,not_applicable,not_offered,0.53062823,yes,COMMENT-0078
OPPORTUNITY-0148,LINK-0243,synthetic_comment_opportunity_linked_to_public_derived_meps,web,not_applicable,not_offered,0.52933321,yes,COMMENT-0079
OPPORTUNITY-0149,LINK-0247,synthetic_comment_opportunity_linked_to_public_derived_meps,mail,not_applicable,not_offered,0.50067236,no,
OPPORTUNITY-0150,LINK-0248,synthetic_comment_opportunity_linked_to_public_derived_meps,phone,not_applicable,not_offered,0.08038763,no,
OPPORTUNITY-0151,LINK-0249,synthetic_comment_opportunity_linked_to_public_derived_meps,phone,not_applicable,offered,0.76358794,yes,COMMENT-0080
OPPORTUNITY-0152,LINK-0250,synthetic_comment_opportunity_linked_to_public_derived_meps,web,not_applicable,not_offered,0.79677481,yes,COMMENT-0081
OPPORTUNITY-0153,LINK-0251,synthetic_comment_opportunity_linked_to_public_derived_meps,mail,not_applicable,not_offered,0.62330595,yes,COMMENT-0082
OPPORTUNITY-0154,LINK-0252,synthetic_comment_opportunity_linked_to_public_derived_meps,mail,not_applicable,offered,0.59137960,yes,COMMENT-0083
OPPORTUNITY-0155,LINK-0253,synthetic_comment_opportunity_linked_to_public_derived_meps,mail,not_applicable,not_offered,0.36225972,no,
OPPORTUNITY-0156,LINK-0254,synthetic_comment_opportunity_linked_to_public_derived_meps,mail,not_applicable,offered,0.62063562,yes,COMMENT-0084
OPPORTUNITY-0157,LINK-0255,synthetic_comment_opportunity_linked_to_public_derived_meps,web,not_applicable,offered,0.42456243,no,
OPPORTUNITY-0158,LINK-0256,synthetic_comment_opportunity_linked_to_public_derived_meps,web,not_applicable,not_offered,0.83703907,yes,COMMENT-0085
OPPORTUNITY-0159,LINK-0259,synthetic_comment_opportunity_linked_to_public_derived_meps,mail,not_applicable,not_offered,0.44909375,no,
OPPORTUNITY-0160,LINK-0260,synthetic_comment_opportunity_linked_to_public_derived_meps,web,not_applicable,not_offered,0.75722527,yes,COMMENT-0086
OPPORTUNITY-0161,LINK-0262,synthetic_comment_opportunity_linked_to_public_derived_meps,mail,not_applicable,not_offered,0.12898072,no,
OPPORTUNITY-0162,LINK-0263,synthetic_comment_opportunity_linked_to_public_derived_meps,mail,not_applicable,offered,0.95498150,yes,COMMENT-0087
OPPORTUNITY-0163,LINK-0265,synthetic_comment_opportunity_linked_to_public_derived_meps,web,not_applicable,not_offered,0.93989587,yes,COMMENT-0088
OPPORTUNITY-0164,LINK-0266,synthetic_comment_opportunity_linked_to_public_derived_meps,phone,not_applicable,offered,0.08349357,no,
OPPORTUNITY-0165,LINK-0267,synthetic_comment_opportunity_linked_to_public_derived_meps,phone,not_applicable,not_offered,0.48402694,no,
OPPORTUNITY-0166,LINK-0269,synthetic_comment_opportunity_linked_to_public_derived_meps,phone,not_applicable,not_offered,0.38458009,no,
OPPORTUNITY-0167,LINK-0271,synthetic_comment_opportunity_linked_to_public_derived_meps,phone,not_applicable,offered,0.08392225,no,
OPPORTUNITY-0168,LINK-0272,synthetic_comment_opportunity_linked_to_public_derived_meps,web,not_applicable,offered,0.54652954,yes,COMMENT-0089
OPPORTUNITY-0169,LINK-0274,synthetic_comment_opportunity_linked_to_public_derived_meps,phone,not_applicable,not_offered,0.80508273,yes,COMMENT-0090
OPPORTUNITY-0170,LINK-0275,synthetic_comment_opportunity_linked_to_public_derived_meps,web,not_applicable,not_offered,0.08879856,no,
OPPORTUNITY-0171,LINK-0277,synthetic_comment_opportunity_linked_to_public_derived_meps,phone,not_applicable,not_offered,0.80080513,yes,COMMENT-0091
OPPORTUNITY-0172,LINK-0278,synthetic_comment_opportunity_linked_to_public_derived_meps,web,not_applicable,not_offered,0.63323960,yes,COMMENT-0092
OPPORTUNITY-0173,LINK-0279,synthetic_comment_opportunity_linked_to_public_derived_meps,mail,not_applicable,not_offered,0.00233796,no,
OPPORTUNITY-0174,LINK-0280,synthetic_comment_opportunity_linked_to_public_derived_meps,web,not_applicable,offered,0.14179655,no,
OPPORTUNITY-0175,LINK-0281,synthetic_comment_opportunity_linked_to_public_derived_meps,web,not_applicable,not_offered,0.80739491,yes,COMMENT-0093
OPPORTUNITY-0176,LINK-0282,synthetic_comment_opportunity_linked_to_public_derived_meps,mail,not_applicable,not_offered,0.61424866,yes,COMMENT-0094
OPPORTUNITY-0177,LINK-0283,synthetic_comment_opportunity_linked_to_public_derived_meps,web,not_applicable,not_offered,0.66472241,yes,COMMENT-0095
OPPORTUNITY-0178,LINK-0284,synthetic_comment_opportunity_linked_to_public_derived_meps,web,not_applicable,not_offered,0.19335466,no,
OPPORTUNITY-0179,LINK-0285,synthetic_comment_opportunity_linked_to_public_derived_meps,web,not_applicable,not_offered,0.18095510,no,
OPPORTUNITY-0180,LINK-0286,synthetic_comment_opportunity_linked_to_public_derived_meps,phone,not_applicable,not_offered,0.31242598,no,
OPPORTUNITY-0181,LINK-0287,synthetic_comment_opportunity_linked_to_public_derived_meps,phone,not_applicable,not_offered,0.06176248,no,
OPPORTUNITY-0182,LINK-0288,synthetic_comment_opportunity_linked_to_public_derived_meps,phone,not_applicable,not_offered,0.54077946,yes,COMMENT-0096
OPPORTUNITY-0183,LINK-0289,synthetic_comment_opportunity_linked_to_public_derived_meps,web,not_applicable,offered,0.89167093,yes,COMMENT-0097
OPPORTUNITY-0184,LINK-0290,synthetic_comment_opportunity_linked_to_public_derived_meps,phone,not_applicable,not_offered,0.62181753,yes,COMMENT-0098
OPPORTUNITY-0185,LINK-0292,synthetic_comment_opportunity_linked_to_public_derived_meps,web,not_applicable,not_offered,0.59484071,yes,COMMENT-0099
OPPORTUNITY-0186,LINK-0294,synthetic_comment_opportunity_linked_to_public_derived_meps,mail,not_applicable,not_offered,0.36832493,no,
OPPORTUNITY-0187,LINK-0296,synthetic_comment_opportunity_linked_to_public_derived_meps,mail,not_applicable,not_offered,0.22011127,no,
OPPORTUNITY-0188,LINK-0297,synthetic_comment_opportunity_linked_to_public_derived_meps,mail,not_applicable,not_offered,0.86509911,yes,COMMENT-0100
OPPORTUNITY-0189,LINK-0298,synthetic_comment_opportunity_linked_to_public_derived_meps,web,not_applicable,not_offered,0.73285418,yes,COMMENT-0101
OPPORTUNITY-0190,LINK-0299,synthetic_comment_opportunity_linked_to_public_derived_meps,phone,not_applicable,not_offered,0.30320628,no,
OPPORTUNITY-0191,LINK-0300,synthetic_comment_opportunity_linked_to_public_derived_meps,mail,not_applicable,not_offered,0.66404212,yes,COMMENT-0102
OPPORTUNITY-0192,LINK-0301,synthetic_comment_opportunity_linked_to_public_derived_meps,web,not_applicable,not_offered,1.04229649,yes,COMMENT-0103
OPPORTUNITY-0193,LINK-0304,synthetic_comment_opportunity_linked_to_public_derived_meps,mail,not_applicable,not_offered,0.78539398,yes,COMMENT-0104
OPPORTUNITY-0194,LINK-0305,synthetic_comment_opportunity_linked_to_public_derived_meps,web,not_offered,not_offered,0.47579137,no,
OPPORTUNITY-0195,LINK-0306,synthetic_comment_opportunity_linked_to_public_derived_meps,mail,not_applicable,offered,0.62887806,yes,COMMENT-0105
OPPORTUNITY-0196,LINK-0307,synthetic_comment_opportunity_linked_to_public_derived_meps,mail,not_applicable,not_offered,0.87991579,yes,COMMENT-0106
OPPORTUNITY-0197,LINK-0308,synthetic_comment_opportunity_linked_to_public_derived_meps,phone,not_applicable,not_offered,0.20448501,no,
OPPORTUNITY-0198,LINK-0309,synthetic_comment_opportunity_linked_to_public_derived_meps,web,not_applicable,not_offered,0.40721660,no,
OPPORTUNITY-0199,LINK-0311,synthetic_comment_opportunity_linked_to_public_derived_meps,mail,not_applicable,offered,0.04326746,no,
OPPORTUNITY-0200,LINK-0312,synthetic_comment_opportunity_linked_to_public_derived_meps,web,not_applicable,offered,0.83448251,yes,COMMENT-0107
OPPORTUNITY-0201,LINK-0314,synthetic_comment_opportunity_linked_to_public_derived_meps,mail,not_applicable,not_offered,0.92554311,yes,COMMENT-0108
OPPORTUNITY-0202,LINK-0316,synthetic_comment_opportunity_linked_to_public_derived_meps,web,not_offered,offered,0.35727892,no,
OPPORTUNITY-0203,LINK-0317,synthetic_comment_opportunity_linked_to_public_derived_meps,web,not_applicable,not_offered,0.93728054,yes,COMMENT-0109
OPPORTUNITY-0204,LINK-0318,synthetic_comment_opportunity_linked_to_public_derived_meps,mail,not_applicable,not_offered,0.44219516,no,
OPPORTUNITY-0205,LINK-0320,synthetic_comment_opportunity_linked_to_public_derived_meps,mail,not_applicable,offered,0.64144747,yes,COMMENT-0110
OPPORTUNITY-0206,LINK-0321,synthetic_comment_opportunity_linked_to_public_derived_meps,web,not_applicable,not_offered,0.19900917,no,
OPPORTUNITY-0207,LINK-0322,synthetic_comment_opportunity_linked_to_public_derived_meps,web,not_applicable,not_offered,1.02919473,yes,COMMENT-0111
OPPORTUNITY-0208,LINK-0323,synthetic_comment_opportunity_linked_to_public_derived_meps,phone,not_applicable,not_offered,0.27829690,no,
OPPORTUNITY-0209,LINK-0324,synthetic_comment_opportunity_linked_to_public_derived_meps,mail,not_applicable,not_offered,0.94096949,yes,COMMENT-0112
OPPORTUNITY-0210,LINK-0325,synthetic_comment_opportunity_linked_to_public_derived_meps,mail,not_applicable,not_offered,0.21907245,no,
OPPORTUNITY-0211,LINK-0326,synthetic_comment_opportunity_linked_to_public_derived_meps,web,offered,not_offered,0.26221260,no,
OPPORTUNITY-0212,LINK-0327,synthetic_comment_opportunity_linked_to_public_derived_meps,mail,not_applicable,not_offered,0.26583509,no,
OPPORTUNITY-0213,LINK-0329,synthetic_comment_opportunity_linked_to_public_derived_meps,web,not_applicable,not_offered,0.23248669,no,
OPPORTUNITY-0214,LINK-0330,synthetic_comment_opportunity_linked_to_public_derived_meps,mail,not_applicable,not_offered,0.77067886,yes,COMMENT-0113
OPPORTUNITY-0215,LINK-0332,synthetic_comment_opportunity_linked_to_public_derived_meps,phone,not_applicable,not_offered,0.12684441,no,
OPPORTUNITY-0216,LINK-0333,synthetic_comment_opportunity_linked_to_public_derived_meps,mail,not_applicable,not_offered,0.19060367,no,
OPPORTUNITY-0217,LINK-0335,synthetic_comment_opportunity_linked_to_public_derived_meps,mail,not_applicable,not_offered,0.56066187,yes,COMMENT-0114
OPPORTUNITY-0218,LINK-0336,synthetic_comment_opportunity_linked_to_public_derived_meps,phone,offered,not_offered,0.44830938,no,
OPPORTUNITY-0219,LINK-0338,synthetic_comment_opportunity_linked_to_public_derived_meps,phone,not_applicable,not_offered,0.81675785,yes,COMMENT-0115
OPPORTUNITY-0220,LINK-0340,synthetic_comment_opportunity_linked_to_public_derived_meps,mail,not_applicable,offered,0.83848200,yes,COMMENT-0116
OPPORTUNITY-0221,LINK-0343,synthetic_comment_opportunity_linked_to_public_derived_meps,mail,not_applicable,not_offered,0.52356447,yes,COMMENT-0117
OPPORTUNITY-0222,LINK-0344,synthetic_comment_opportunity_linked_to_public_derived_meps,mail,not_applicable,not_offered,0.84049228,yes,COMMENT-0118
OPPORTUNITY-0223,LINK-0345,synthetic_comment_opportunity_linked_to_public_derived_meps,mail,not_applicable,not_offered,0.75134047,yes,COMMENT-0119
OPPORTUNITY-0224,LINK-0346,synthetic_comment_opportunity_linked_to_public_derived_meps,phone,not_applicable,not_offered,0.94028392,yes,COMMENT-0120
OPPORTUNITY-0225,LINK-0347,synthetic_comment_opportunity_linked_to_public_derived_meps,web,not_applicable,not_offered,0.37391622,no,
OPPORTUNITY-0226,LINK-0348,synthetic_comment_opportunity_linked_to_public_derived_meps,web,offered,not_offered,0.83995853,yes,COMMENT-0121
OPPORTUNITY-0227,LINK-0350,synthetic_comment_opportunity_linked_to_public_derived_meps,web,not_applicable,not_offered,0.65153920,yes,COMMENT-0122
OPPORTUNITY-0228,LINK-0351,synthetic_comment_opportunity_linked_to_public_derived_meps,phone,not_applicable,not_offered,0.09242345,no,
OPPORTUNITY-0229,LINK-0353,synthetic_comment_opportunity_linked_to_public_derived_meps,mail,not_offered,not_offered,0.68961984,yes,COMMENT-0123
OPPORTUNITY-0230,LINK-0354,synthetic_comment_opportunity_linked_to_public_derived_meps,mail,not_applicable,not_offered,0.76233890,yes,COMMENT-0124
OPPORTUNITY-0231,LINK-0357,synthetic_comment_opportunity_linked_to_public_derived_meps,mail,not_applicable,offered,0.10858681,no,
OPPORTUNITY-0232,LINK-0360,synthetic_comment_opportunity_linked_to_public_derived_meps,web,not_applicable,not_offered,0.05812719,no,
OPPORTUNITY-0233,LINK-0362,synthetic_comment_opportunity_linked_to_public_derived_meps,mail,not_applicable,not_offered,0.64958987,yes,COMMENT-0125
OPPORTUNITY-0234,LINK-0364,synthetic_comment_opportunity_linked_to_public_derived_meps,web,not_applicable,not_offered,0.17098478,no,
OPPORTUNITY-0235,LINK-0369,synthetic_comment_opportunity_linked_to_public_derived_meps,phone,not_applicable,not_offered,0.57759589,yes,COMMENT-0126
OPPORTUNITY-0236,LINK-0370,synthetic_comment_opportunity_linked_to_public_derived_meps,phone,not_applicable,not_offered,0.42655648,no,
OPPORTUNITY-0237,LINK-0372,synthetic_comment_opportunity_linked_to_public_derived_meps,mail,not_applicable,not_offered,0.48937137,no,
OPPORTUNITY-0238,LINK-0374,synthetic_comment_opportunity_linked_to_public_derived_meps,mail,not_offered,not_offered,0.21309390,no,
OPPORTUNITY-0239,LINK-0375,synthetic_comment_opportunity_linked_to_public_derived_meps,phone,not_offered,not_offered,0.34186042,no,
OPPORTUNITY-0240,LINK-0377,synthetic_comment_opportunity_linked_to_public_derived_meps,web,not_applicable,not_offered,0.97748484,yes,COMMENT-0127
OPPORTUNITY-0241,LINK-0379,synthetic_comment_opportunity_linked_to_public_derived_meps,mail,offered,not_offered,1.08068595,yes,COMMENT-0128
OPPORTUNITY-0242,LINK-0380,synthetic_comment_opportunity_linked_to_public_derived_meps,web,not_applicable,offered,0.47847207,no,
OPPORTUNITY-0243,LINK-0381,synthetic_comment_opportunity_linked_to_public_derived_meps,web,not_applicable,not_offered,0.44183636,no,
OPPORTUNITY-0244,LINK-0389,synthetic_comment_opportunity_linked_to_public_derived_meps,phone,not_applicable,not_offered,0.24807849,no,
OPPORTUNITY-0245,LINK-0390,synthetic_comment_opportunity_linked_to_public_derived_meps,mail,not_applicable,not_offered,0.58799157,yes,COMMENT-0129
OPPORTUNITY-0246,LINK-0392,synthetic_comment_opportunity_linked_to_public_derived_meps,phone,not_applicable,offered,1.01307516,yes,COMMENT-0130
OPPORTUNITY-0247,LINK-0394,synthetic_comment_opportunity_linked_to_public_derived_meps,phone,not_applicable,offered,0.21845781,no,
OPPORTUNITY-0248,LINK-0397,synthetic_comment_opportunity_linked_to_public_derived_meps,web,offered,offered,0.91228862,yes,COMMENT-0131
OPPORTUNITY-0249,LINK-0398,synthetic_comment_opportunity_linked_to_public_derived_meps,web,not_applicable,not_offered,0.99806125,yes,COMMENT-0132
OPPORTUNITY-0250,LINK-0399,synthetic_comment_opportunity_linked_to_public_derived_meps,web,not_offered,offered,0.93464749,yes,COMMENT-0133
OPPORTUNITY-0251,LINK-0401,synthetic_comment_opportunity_linked_to_public_derived_meps,mail,not_applicable,not_offered,0.10667580,no,
OPPORTUNITY-0252,LINK-0402,synthetic_comment_opportunity_linked_to_public_derived_meps,mail,not_applicable,not_offered,0.92969236,yes,COMMENT-0134
OPPORTUNITY-0253,LINK-0403,synthetic_comment_opportunity_linked_to_public_derived_meps,phone,not_applicable,not_offered,0.32195224,no,
OPPORTUNITY-0254,LINK-0408,synthetic_comment_opportunity_linked_to_public_derived_meps,phone,not_applicable,not_offered,0.29004835,no,
OPPORTUNITY-0255,LINK-0411,synthetic_comment_opportunity_linked_to_public_derived_meps,web,not_applicable,not_offered,0.54229273,yes,COMMENT-0135
OPPORTUNITY-0256,LINK-0417,synthetic_comment_opportunity_linked_to_public_derived_meps,web,not_applicable,not_offered,0.51153684,yes,COMMENT-0136
OPPORTUNITY-0257,LINK-0421,synthetic_comment_opportunity_linked_to_public_derived_meps,phone,not_applicable,not_offered,0.01301181,no,
OPPORTUNITY-0258,LINK-0422,synthetic_comment_opportunity_linked_to_public_derived_meps,mail,not_offered,not_offered,0.17758873,no,
OPPORTUNITY-0259,LINK-0423,synthetic_comment_opportunity_linked_to_public_derived_meps,mail,not_applicable,offered,0.87727965,yes,COMMENT-0137
OPPORTUNITY-0260,LINK-0425,synthetic_comment_opportunity_linked_to_public_derived_meps,phone,offered,not_offered,1.02238585,yes,COMMENT-0138
OPPORTUNITY-0261,LINK-0426,synthetic_comment_opportunity_linked_to_public_derived_meps,phone,not_applicable,not_offered,0.76994862,yes,COMMENT-0139
OPPORTUNITY-0262,LINK-0427,synthetic_comment_opportunity_linked_to_public_derived_meps,mail,offered,not_offered,0.57733036,yes,COMMENT-0140
OPPORTUNITY-0263,LINK-0428,synthetic_comment_opportunity_linked_to_public_derived_meps,web,not_applicable,not_offered,0.28420043,no,
OPPORTUNITY-0264,LINK-0429,synthetic_comment_opportunity_linked_to_public_derived_meps,web,not_applicable,not_offered,0.63304814,yes,COMMENT-0141
OPPORTUNITY-0265,LINK-0430,synthetic_comment_opportunity_linked_to_public_derived_meps,mail,not_applicable,not_offered,0.83869426,yes,COMMENT-0142
OPPORTUNITY-0266,LINK-0432,synthetic_comment_opportunity_linked_to_public_derived_meps,mail,not_applicable,not_offered,0.33375198,no,
OPPORTUNITY-0267,LINK-0436,synthetic_comment_opportunity_linked_to_public_derived_meps,mail,not_applicable,not_offered,0.43367060,no,
OPPORTUNITY-0268,LINK-0437,synthetic_comment_opportunity_linked_to_public_derived_meps,web,not_applicable,not_offered,0.64094013,yes,COMMENT-0143
OPPORTUNITY-0269,LINK-0439,synthetic_comment_opportunity_linked_to_public_derived_meps,web,not_applicable,offered,1.00379708,yes,COMMENT-0144
OPPORTUNITY-0270,LINK-0440,synthetic_comment_opportunity_linked_to_public_derived_meps,web,not_applicable,offered,0.40417466,no,
OPPORTUNITY-0271,LINK-0441,synthetic_comment_opportunity_linked_to_public_derived_meps,phone,not_applicable,not_offered,0.18683989,no,
OPPORTUNITY-0272,LINK-0442,synthetic_comment_opportunity_linked_to_public_derived_meps,web,not_applicable,not_offered,0.42078362,no,
OPPORTUNITY-0273,LINK-0443,synthetic_comment_opportunity_linked_to_public_derived_meps,phone,not_applicable,offered,0.44432451,no,
OPPORTUNITY-0274,LINK-0444,synthetic_comment_opportunity_linked_to_public_derived_meps,web,not_applicable,not_offered,0.82825476,yes,COMMENT-0145
OPPORTUNITY-0275,LINK-0445,synthetic_comment_opportunity_linked_to_public_derived_meps,mail,not_applicable,not_offered,0.20494463,no,
OPPORTUNITY-0276,LINK-0447,synthetic_comment_opportunity_linked_to_public_derived_meps,phone,not_applicable,not_offered,0.08522865,no,
OPPORTUNITY-0277,LINK-0448,synthetic_comment_opportunity_linked_to_public_derived_meps,web,not_applicable,not_offered,1.00670646,yes,COMMENT-0146
OPPORTUNITY-0278,LINK-0449,synthetic_comment_opportunity_linked_to_public_derived_meps,web,not_applicable,not_offered,0.37517388,no,
OPPORTUNITY-0279,LINK-0450,synthetic_comment_opportunity_linked_to_public_derived_meps,web,offered,not_offered,0.32696439,no,
OPPORTUNITY-0280,LINK-0451,synthetic_comment_opportunity_linked_to_public_derived_meps,mail,not_applicable,not_offered,0.18374039,no,
OPPORTUNITY-0281,LINK-0452,synthetic_comment_opportunity_linked_to_public_derived_meps,web,not_applicable,not_offered,0.63803877,yes,COMMENT-0147
OPPORTUNITY-0282,LINK-0453,synthetic_comment_opportunity_linked_to_public_derived_meps,mail,not_applicable,not_offered,0.46889055,no,
OPPORTUNITY-0283,LINK-0454,synthetic_comment_opportunity_linked_to_public_derived_meps,web,offered,not_offered,0.26703624,no,
OPPORTUNITY-0284,LINK-0455,synthetic_comment_opportunity_linked_to_public_derived_meps,web,not_applicable,not_offered,0.66454612,yes,COMMENT-0148
OPPORTUNITY-0285,LINK-0456,synthetic_comment_opportunity_linked_to_public_derived_meps,mail,not_offered,not_offered,-0.05283812,no,
OPPORTUNITY-0286,LINK-0457,synthetic_comment_opportunity_linked_to_public_derived_meps,web,offered,not_offered,0.71606065,yes,COMMENT-0149
OPPORTUNITY-0287,LINK-0458,synthetic_comment_opportunity_linked_to_public_derived_meps,web,not_applicable,not_offered,0.69621494,yes,COMMENT-0150
OPPORTUNITY-0288,LINK-0459,synthetic_comment_opportunity_linked_to_public_derived_meps,mail,not_applicable,not_offered,0.39537470,no,
OPPORTUNITY-0289,LINK-0460,synthetic_comment_opportunity_linked_to_public_derived_meps,web,not_applicable,offered,0.91034755,yes,COMMENT-0151
OPPORTUNITY-0290,LINK-0461,synthetic_comment_opportunity_linked_to_public_derived_meps,mail,not_applicable,offered,0.68755797,yes,COMMENT-0152
OPPORTUNITY-0291,LINK-0463,synthetic_comment_opportunity_linked_to_public_derived_meps,web,not_applicable,not_offered,0.40023029,no,
OPPORTUNITY-0292,LINK-0464,synthetic_comment_opportunity_linked_to_public_derived_meps,web,not_applicable,not_offered,0.36433614,no,
OPPORTUNITY-0293,LINK-0466,synthetic_comment_opportunity_linked_to_public_derived_meps,web,not_applicable,offered,0.43770486,no,
OPPORTUNITY-0294,LINK-0468,synthetic_comment_opportunity_linked_to_public_derived_meps,mail,not_applicable,not_offered,0.29555638,no,
OPPORTUNITY-0295,LINK-0469,synthetic_comment_opportunity_linked_to_public_derived_meps,mail,not_applicable,offered,0.18296041,no,
OPPORTUNITY-0296,LINK-0472,synthetic_comment_opportunity_linked_to_public_derived_meps,phone,not_applicable,not_offered,0.63310103,yes,COMMENT-0153
OPPORTUNITY-0297,LINK-0474,synthetic_comment_opportunity_linked_to_public_derived_meps,mail,not_offered,not_offered,0.53205351,yes,COMMENT-0154
OPPORTUNITY-0298,LINK-0475,synthetic_comment_opportunity_linked_to_public_derived_meps,mail,not_applicable,offered,0.22641026,no,
OPPORTUNITY-0299,LINK-0477,synthetic_comment_opportunity_linked_to_public_derived_meps,web,not_applicable,not_offered,0.15646474,no,
OPPORTUNITY-0300,LINK-0480,synthetic_comment_opportunity_linked_to_public_derived_meps,web,not_applicable,not_offered,0.17236622,no,
OPPORTUNITY-0301,LINK-0484,synthetic_comment_opportunity_linked_to_public_derived_meps,web,not_applicable,not_offered,0.92219194,yes,COMMENT-0155
OPPORTUNITY-0302,LINK-0485,synthetic_comment_opportunity_linked_to_public_derived_meps,phone,not_applicable,not_offered,0.10344925,no,
OPPORTUNITY-0303,LINK-0486,synthetic_comment_opportunity_linked_to_public_derived_meps,web,not_applicable,not_offered,0.78292103,yes,COMMENT-0156
OPPORTUNITY-0304,LINK-0487,synthetic_comment_opportunity_linked_to_public_derived_meps,web,not_applicable,not_offered,0.62137672,yes,COMMENT-0157
OPPORTUNITY-0305,LINK-0488,synthetic_comment_opportunity_linked_to_public_derived_meps,mail,not_applicable,offered,0.32678186,no,
OPPORTUNITY-0306,LINK-0489,synthetic_comment_opportunity_linked_to_public_derived_meps,mail,not_applicable,offered,0.90791595,yes,COMMENT-0158
OPPORTUNITY-0307,LINK-0490,synthetic_comment_opportunity_linked_to_public_derived_meps,web,not_applicable,not_offered,0.37414613,no,
OPPORTUNITY-0308,LINK-0491,synthetic_comment_opportunity_linked_to_public_derived_meps,phone,not_applicable,not_offered,0.64770030,yes,COMMENT-0159
OPPORTUNITY-0309,LINK-0493,synthetic_comment_opportunity_linked_to_public_derived_meps,phone,not_applicable,not_offered,0.92223297,yes,COMMENT-0160
OPPORTUNITY-0310,LINK-0494,synthetic_comment_opportunity_linked_to_public_derived_meps,web,not_applicable,not_offered,0.49879621,no,
OPPORTUNITY-0311,LINK-0497,synthetic_comment_opportunity_linked_to_public_derived_meps,mail,not_applicable,not_offered,0.92445347,yes,COMMENT-0161
OPPORTUNITY-0312,LINK-0498,synthetic_comment_opportunity_linked_to_public_derived_meps,mail,not_applicable,offered,0.40067428,no,
OPPORTUNITY-0313,LINK-0501,synthetic_comment_opportunity_linked_to_public_derived_meps,mail,not_applicable,not_offered,0.13212957,no,
OPPORTUNITY-0314,LINK-0503,synthetic_comment_opportunity_linked_to_public_derived_meps,mail,not_applicable,not_offered,0.44060872,no,
OPPORTUNITY-0315,LINK-0504,synthetic_comment_opportunity_linked_to_public_derived_meps,mail,not_applicable,not_offered,0.32059601,no,
OPPORTUNITY-0316,LINK-0505,synthetic_comment_opportunity_linked_to_public_derived_meps,phone,not_applicable,offered,0.86304945,yes,COMMENT-0162
OPPORTUNITY-0317,LINK-0506,synthetic_comment_opportunity_linked_to_public_derived_meps,mail,offered,offered,0.48970788,no,
OPPORTUNITY-0318,LINK-0507,synthetic_comment_opportunity_linked_to_public_derived_meps,web,not_offered,not_offered,0.38278123,no,
OPPORTUNITY-0319,LINK-0509,synthetic_comment_opportunity_linked_to_public_derived_meps,web,not_applicable,not_offered,0.09486950,no,
OPPORTUNITY-0320,LINK-0511,synthetic_comment_opportunity_linked_to_public_derived_meps,web,not_applicable,not_offered,0.94276033,yes,COMMENT-0163
OPPORTUNITY-0321,LINK-0512,synthetic_comment_opportunity_linked_to_public_derived_meps,web,not_applicable,offered,1.06714040,yes,COMMENT-0164
OPPORTUNITY-0322,LINK-0514,synthetic_comment_opportunity_linked_to_public_derived_meps,web,not_applicable,not_offered,1.00431027,yes,COMMENT-0165
OPPORTUNITY-0323,LINK-0515,synthetic_comment_opportunity_linked_to_public_derived_meps,web,not_applicable,offered,0.70621587,yes,COMMENT-0166
OPPORTUNITY-0324,LINK-0517,synthetic_comment_opportunity_linked_to_public_derived_meps,phone,not_applicable,not_offered,0.77969085,yes,COMMENT-0167
OPPORTUNITY-0325,LINK-0518,synthetic_comment_opportunity_linked_to_public_derived_meps,phone,not_applicable,not_offered,0.83888314,yes,COMMENT-0168
OPPORTUNITY-0326,LINK-0519,synthetic_comment_opportunity_linked_to_public_derived_meps,web,not_applicable,not_offered,0.61481239,yes,COMMENT-0169
OPPORTUNITY-0327,LINK-0521,synthetic_comment_opportunity_linked_to_public_derived_meps,mail,not_offered,not_offered,0.26621261,no,
OPPORTUNITY-0328,LINK-0523,synthetic_comment_opportunity_linked_to_public_derived_meps,mail,not_applicable,not_offered,0.45108044,no,
OPPORTUNITY-0329,LINK-0524,synthetic_comment_opportunity_linked_to_public_derived_meps,web,not_applicable,not_offered,0.34327491,no,
OPPORTUNITY-0330,LINK-0525,synthetic_comment_opportunity_linked_to_public_derived_meps,mail,not_applicable,not_offered,0.90390542,yes,COMMENT-0170
OPPORTUNITY-0331,LINK-0526,synthetic_comment_opportunity_linked_to_public_derived_meps,mail,not_applicable,not_offered,0.48063527,no,
OPPORTUNITY-0332,LINK-0528,synthetic_comment_opportunity_linked_to_public_derived_meps,web,not_applicable,not_offered,0.74407360,yes,COMMENT-0171
OPPORTUNITY-0333,LINK-0529,synthetic_comment_opportunity_linked_to_public_derived_meps,web,not_applicable,not_offered,0.61720793,yes,COMMENT-0172
OPPORTUNITY-0334,LINK-0530,synthetic_comment_opportunity_linked_to_public_derived_meps,phone,not_applicable,not_offered,0.31865851,no,
OPPORTUNITY-0335,LINK-0531,synthetic_comment_opportunity_linked_to_public_derived_meps,mail,not_applicable,not_offered,0.17529606,no,
OPPORTUNITY-0336,LINK-0533,synthetic_comment_opportunity_linked_to_public_derived_meps,phone,not_applicable,not_offered,0.40400765,no,
OPPORTUNITY-0337,LINK-0534,synthetic_comment_opportunity_linked_to_public_derived_meps,web,not_applicable,not_offered,0.10080973,no,
OPPORTUNITY-0338,LINK-0539,synthetic_comment_opportunity_linked_to_public_derived_meps,web,not_applicable,not_offered,0.65356971,yes,COMMENT-0173
OPPORTUNITY-0339,LINK-0542,synthetic_comment_opportunity_linked_to_public_derived_meps,mail,not_applicable,not_offered,0.57431122,yes,COMMENT-0174
OPPORTUNITY-0340,LINK-0544,synthetic_comment_opportunity_linked_to_public_derived_meps,web,not_applicable,not_offered,0.88824439,yes,COMMENT-0175
OPPORTUNITY-0341,LINK-0548,synthetic_comment_opportunity_linked_to_public_derived_meps,mail,not_applicable,not_offered,0.40122137,no,
OPPORTUNITY-0342,LINK-0553,synthetic_comment_opportunity_linked_to_public_derived_meps,mail,not_applicable,not_offered,0.88195996,yes,COMMENT-0176
OPPORTUNITY-0343,LINK-0554,synthetic_comment_opportunity_linked_to_public_derived_meps,web,not_applicable,not_offered,0.46434897,no,
OPPORTUNITY-0344,LINK-0556,synthetic_comment_opportunity_linked_to_public_derived_meps,mail,not_applicable,not_offered,0.48435348,no,
OPPORTUNITY-0345,LINK-0557,synthetic_comment_opportunity_linked_to_public_derived_meps,web,offered,offered,0.23052634,no,
OPPORTUNITY-0346,LINK-0559,synthetic_comment_opportunity_linked_to_public_derived_meps,mail,not_applicable,not_offered,0.81816227,yes,COMMENT-0177
OPPORTUNITY-0347,LINK-0560,synthetic_comment_opportunity_linked_to_public_derived_meps,web,not_applicable,not_offered,0.51626017,yes,COMMENT-0178
OPPORTUNITY-0348,LINK-0561,synthetic_comment_opportunity_linked_to_public_derived_meps,web,not_applicable,offered,1.10406543,yes,COMMENT-0179
OPPORTUNITY-0349,LINK-0562,synthetic_comment_opportunity_linked_to_public_derived_meps,mail,not_applicable,not_offered,0.58729103,yes,COMMENT-0180
OPPORTUNITY-0350,LINK-0563,synthetic_comment_opportunity_linked_to_public_derived_meps,mail,not_applicable,not_offered,0.96338523,yes,COMMENT-0181
OPPORTUNITY-0351,LINK-0564,synthetic_comment_opportunity_linked_to_public_derived_meps,mail,offered,not_offered,0.51093514,yes,COMMENT-0182
OPPORTUNITY-0352,LINK-0568,synthetic_comment_opportunity_linked_to_public_derived_meps,web,not_applicable,not_offered,0.18715216,no,
OPPORTUNITY-0353,LINK-0569,synthetic_comment_opportunity_linked_to_public_derived_meps,web,not_applicable,not_offered,0.35733995,no,
OPPORTUNITY-0354,LINK-0571,synthetic_comment_opportunity_linked_to_public_derived_meps,web,not_applicable,not_offered,0.69282721,yes,COMMENT-0183
OPPORTUNITY-0355,LINK-0572,synthetic_comment_opportunity_linked_to_public_derived_meps,mail,not_applicable,offered,0.25515479,no,
OPPORTUNITY-0356,LINK-0573,synthetic_comment_opportunity_linked_to_public_derived_meps,mail,not_applicable,not_offered,0.45876679,no,
OPPORTUNITY-0357,LINK-0574,synthetic_comment_opportunity_linked_to_public_derived_meps,web,not_applicable,not_offered,0.10881467,no,
OPPORTUNITY-0358,LINK-0575,synthetic_comment_opportunity_linked_to_public_derived_meps,phone,not_applicable,not_offered,0.41019874,no,
OPPORTUNITY-0359,LINK-0576,synthetic_comment_opportunity_linked_to_public_derived_meps,mail,not_applicable,not_offered,0.32750611,no,
OPPORTUNITY-0360,LINK-0577,synthetic_comment_opportunity_linked_to_public_derived_meps,web,not_applicable,not_offered,0.45988496,no,
OPPORTUNITY-0361,LINK-0578,synthetic_comment_opportunity_linked_to_public_derived_meps,phone,not_applicable,offered,0.79448941,yes,COMMENT-0184
OPPORTUNITY-0362,LINK-0579,synthetic_comment_opportunity_linked_to_public_derived_meps,mail,not_applicable,not_offered,0.51577337,yes,COMMENT-0185
OPPORTUNITY-0363,LINK-0580,synthetic_comment_opportunity_linked_to_public_derived_meps,web,not_applicable,not_offered,0.79988576,yes,COMMENT-0186
OPPORTUNITY-0364,LINK-0581,synthetic_comment_opportunity_linked_to_public_derived_meps,mail,not_applicable,not_offered,0.37709418,no,
OPPORTUNITY-0365,LINK-0582,synthetic_comment_opportunity_linked_to_public_derived_meps,phone,not_applicable,offered,0.70329256,yes,COMMENT-0187
OPPORTUNITY-0366,LINK-0584,synthetic_comment_opportunity_linked_to_public_derived_meps,mail,not_applicable,not_offered,0.70112318,yes,COMMENT-0188
OPPORTUNITY-0367,LINK-0586,synthetic_comment_opportunity_linked_to_public_derived_meps,phone,not_applicable,not_offered,0.13032458,no,
OPPORTUNITY-0368,LINK-0587,synthetic_comment_opportunity_linked_to_public_derived_meps,mail,not_applicable,not_offered,0.24975980,no,
OPPORTUNITY-0369,LINK-0588,synthetic_comment_opportunity_linked_to_public_derived_meps,mail,not_applicable,not_offered,0.90883589,yes,COMMENT-0189
OPPORTUNITY-0370,LINK-0589,synthetic_comment_opportunity_linked_to_public_derived_meps,mail,not_applicable,not_offered,0.69889144,yes,COMMENT-0190
OPPORTUNITY-0371,LINK-0590,synthetic_comment_opportunity_linked_to_public_derived_meps,web,not_applicable,not_offered,0.26583975,no,
OPPORTUNITY-0372,LINK-0591,synthetic_comment_opportunity_linked_to_public_derived_meps,mail,offered,not_offered,0.44655221,no,
OPPORTUNITY-0373,LINK-0592,synthetic_comment_opportunity_linked_to_public_derived_meps,phone,not_applicable,not_offered,0.62068270,yes,COMMENT-0191
OPPORTUNITY-0374,LINK-0593,synthetic_comment_opportunity_linked_to_public_derived_meps,mail,not_applicable,not_offered,0.48978509,no,
OPPORTUNITY-0375,LINK-0595,synthetic_comment_opportunity_linked_to_public_derived_meps,mail,not_applicable,not_offered,0.74217734,yes,COMMENT-0192
OPPORTUNITY-0376,LINK-0598,synthetic_comment_opportunity_linked_to_public_derived_meps,mail,not_offered,offered,0.32366575,no,
OPPORTUNITY-0377,LINK-0599,synthetic_comment_opportunity_linked_to_public_derived_meps,phone,not_applicable,not_offered,0.13700254,no,
OPPORTUNITY-0378,LINK-0601,synthetic_comment_opportunity_linked_to_public_derived_meps,mail,not_applicable,offered,0.04686226,no,
OPPORTUNITY-0379,LINK-0603,synthetic_comment_opportunity_linked_to_public_derived_meps,mail,not_applicable,not_offered,0.71634255,yes,COMMENT-0193
OPPORTUNITY-0380,LINK-0604,synthetic_comment_opportunity_linked_to_public_derived_meps,web,not_applicable,not_offered,0.50417332,no,
OPPORTUNITY-0381,LINK-0606,synthetic_comment_opportunity_linked_to_public_derived_meps,phone,not_applicable,not_offered,0.64824092,yes,COMMENT-0194
OPPORTUNITY-0382,LINK-0607,synthetic_comment_opportunity_linked_to_public_derived_meps,phone,not_applicable,offered,0.74809028,yes,COMMENT-0195
OPPORTUNITY-0383,LINK-0608,synthetic_comment_opportunity_linked_to_public_derived_meps,web,offered,not_offered,0.56431177,yes,COMMENT-0196
OPPORTUNITY-0384,LINK-0609,synthetic_comment_opportunity_linked_to_public_derived_meps,mail,not_applicable,not_offered,0.45638962,no,
OPPORTUNITY-0385,LINK-0610,synthetic_comment_opportunity_linked_to_public_derived_meps,web,not_applicable,not_offered,0.42418401,no,
OPPORTUNITY-0386,LINK-0612,synthetic_comment_opportunity_linked_to_public_derived_meps,web,not_applicable,not_offered,0.99343193,yes,COMMENT-0197
OPPORTUNITY-0387,LINK-0613,synthetic_comment_opportunity_linked_to_public_derived_meps,mail,not_applicable,not_offered,0.63149405,yes,COMMENT-0198
OPPORTUNITY-0388,LINK-0616,synthetic_comment_opportunity_linked_to_public_derived_meps,web,not_applicable,offered,0.92436628,yes,COMMENT-0199
OPPORTUNITY-0389,LINK-0617,synthetic_comment_opportunity_linked_to_public_derived_meps,mail,not_applicable,offered,0.87775543,yes,COMMENT-0200
OPPORTUNITY-0390,LINK-0618,synthetic_comment_opportunity_linked_to_public_derived_meps,phone,not_applicable,not_offered,0.99773944,yes,COMMENT-0201
OPPORTUNITY-0391,LINK-0619,synthetic_comment_opportunity_linked_to_public_derived_meps,mail,not_applicable,not_offered,0.72511943,yes,COMMENT-0202
OPPORTUNITY-0392,LINK-0622,synthetic_comment_opportunity_linked_to_public_derived_meps,phone,not_applicable,offered,0.37993090,no,
OPPORTUNITY-0393,LINK-0623,synthetic_comment_opportunity_linked_to_public_derived_meps,web,not_applicable,not_offered,0.37518323,no,
OPPORTUNITY-0394,LINK-0624,synthetic_comment_opportunity_linked_to_public_derived_meps,phone,not_applicable,not_offered,0.10485879,no,
OPPORTUNITY-0395,LINK-0625,synthetic_comment_opportunity_linked_to_public_derived_meps,mail,offered,offered,0.16853844,no,
OPPORTUNITY-0396,LINK-0626,synthetic_comment_opportunity_linked_to_public_derived_meps,mail,not_applicable,not_offered,0.84945522,yes,COMMENT-0203
OPPORTUNITY-0397,LINK-0628,synthetic_comment_opportunity_linked_to_public_derived_meps,mail,not_applicable,offered,0.78593371,yes,COMMENT-0204
OPPORTUNITY-0398,LINK-0629,synthetic_comment_opportunity_linked_to_public_derived_meps,mail,not_applicable,not_offered,0.93907062,yes,COMMENT-0205
OPPORTUNITY-0399,LINK-0631,synthetic_comment_opportunity_linked_to_public_derived_meps,web,not_applicable,offered,0.66096820,yes,COMMENT-0206
OPPORTUNITY-0400,LINK-0632,synthetic_comment_opportunity_linked_to_public_derived_meps,web,not_applicable,not_offered,1.03000091,yes,COMMENT-0207
OPPORTUNITY-0401,LINK-0633,synthetic_comment_opportunity_linked_to_public_derived_meps,web,not_applicable,not_offered,0.40348127,no,
OPPORTUNITY-0402,LINK-0634,synthetic_comment_opportunity_linked_to_public_derived_meps,web,not_applicable,offered,0.72712662,yes,COMMENT-0208
OPPORTUNITY-0403,LINK-0636,synthetic_comment_opportunity_linked_to_public_derived_meps,mail,not_applicable,not_offered,0.34546484,no,
OPPORTUNITY-0404,LINK-0637,synthetic_comment_opportunity_linked_to_public_derived_meps,web,not_applicable,not_offered,0.94253152,yes,COMMENT-0209
OPPORTUNITY-0405,LINK-0638,synthetic_comment_opportunity_linked_to_public_derived_meps,web,not_applicable,not_offered,0.79393726,yes,COMMENT-0210
OPPORTUNITY-0406,LINK-0639,synthetic_comment_opportunity_linked_to_public_derived_meps,phone,not_offered,offered,0.29266207,no,
OPPORTUNITY-0407,LINK-0642,synthetic_comment_opportunity_linked_to_public_derived_meps,phone,not_applicable,not_offered,0.02951751,no,
OPPORTUNITY-0408,LINK-0643,synthetic_comment_opportunity_linked_to_public_derived_meps,web,offered,not_offered,0.79053023,yes,COMMENT-0211
OPPORTUNITY-0409,LINK-0645,synthetic_comment_opportunity_linked_to_public_derived_meps,web,not_applicable,not_offered,0.45307283,no,
OPPORTUNITY-0410,LINK-0646,synthetic_comment_opportunity_linked_to_public_derived_meps,web,not_applicable,not_offered,0.18630797,no,
OPPORTUNITY-0411,LINK-0647,synthetic_comment_opportunity_linked_to_public_derived_meps,web,not_applicable,offered,0.77720157,yes,COMMENT-0212
OPPORTUNITY-0412,LINK-0648,synthetic_comment_opportunity_linked_to_public_derived_meps,mail,not_applicable,offered,0.09455659,no,
OPPORTUNITY-0413,LINK-0649,synthetic_comment_opportunity_linked_to_public_derived_meps,mail,not_applicable,not_offered,0.64555098,yes,COMMENT-0213
OPPORTUNITY-0414,LINK-0650,synthetic_comment_opportunity_linked_to_public_derived_meps,mail,not_applicable,not_offered,0.12559191,no,
OPPORTUNITY-0415,LINK-0651,synthetic_comment_opportunity_linked_to_public_derived_meps,web,not_applicable,not_offered,0.22004822,no,
OPPORTUNITY-0416,LINK-0653,synthetic_comment_opportunity_linked_to_public_derived_meps,mail,not_applicable,offered,0.84737549,yes,COMMENT-0214
OPPORTUNITY-0417,LINK-0654,synthetic_comment_opportunity_linked_to_public_derived_meps,phone,not_applicable,not_offered,0.34117338,no,
OPPORTUNITY-0418,LINK-0656,synthetic_comment_opportunity_linked_to_public_derived_meps,mail,not_applicable,not_offered,0.72351442,yes,COMMENT-0215
OPPORTUNITY-0419,LINK-0659,synthetic_comment_opportunity_linked_to_public_derived_meps,mail,not_applicable,not_offered,0.79231790,yes,COMMENT-0216
OPPORTUNITY-0420,LINK-0660,synthetic_comment_opportunity_linked_to_public_derived_meps,web,not_applicable,not_offered,0.85063479,yes,COMMENT-0217
OPPORTUNITY-0421,LINK-0661,synthetic_comment_opportunity_linked_to_public_derived_meps,phone,not_applicable,not_offered,0.18211055,no,
OPPORTUNITY-0422,LINK-0662,synthetic_comment_opportunity_linked_to_public_derived_meps,web,not_applicable,not_offered,0.15172146,no,
OPPORTUNITY-0423,LINK-0663,synthetic_comment_opportunity_linked_to_public_derived_meps,mail,not_applicable,not_offered,0.63435419,yes,COMMENT-0218
OPPORTUNITY-0424,LINK-0664,synthetic_comment_opportunity_linked_to_public_derived_meps,phone,not_applicable,not_offered,0.10861276,no,
OPPORTUNITY-0425,LINK-0665,synthetic_comment_opportunity_linked_to_public_derived_meps,mail,not_applicable,not_offered,0.29368321,no,
OPPORTUNITY-0426,LINK-0667,synthetic_comment_opportunity_linked_to_public_derived_meps,web,not_applicable,not_offered,0.80647111,yes,COMMENT-0219
OPPORTUNITY-0427,LINK-0670,synthetic_comment_opportunity_linked_to_public_derived_meps,phone,not_offered,not_offered,0.25406291,no,
OPPORTUNITY-0428,LINK-0672,synthetic_comment_opportunity_linked_to_public_derived_meps,web,not_offered,not_offered,0.69146898,yes,COMMENT-0220
OPPORTUNITY-0429,LINK-0675,synthetic_comment_opportunity_linked_to_public_derived_meps,web,not_applicable,not_offered,0.65946653,yes,COMMENT-0221
OPPORTUNITY-0430,LINK-0676,synthetic_comment_opportunity_linked_to_public_derived_meps,mail,not_applicable,not_offered,0.76803908,yes,COMMENT-0222
OPPORTUNITY-0431,LINK-0677,synthetic_comment_opportunity_linked_to_public_derived_meps,phone,not_applicable,not_offered,0.77743495,yes,COMMENT-0223
OPPORTUNITY-0432,LINK-0679,synthetic_comment_opportunity_linked_to_public_derived_meps,mail,not_applicable,offered,0.06442364,no,
OPPORTUNITY-0433,LINK-0682,synthetic_comment_opportunity_linked_to_public_derived_meps,web,not_applicable,not_offered,0.13411854,no,
OPPORTUNITY-0434,LINK-0683,synthetic_comment_opportunity_linked_to_public_derived_meps,phone,not_applicable,not_offered,0.91066112,yes,COMMENT-0224
OPPORTUNITY-0435,LINK-0685,synthetic_comment_opportunity_linked_to_public_derived_meps,phone,not_applicable,not_offered,0.07956569,no,
OPPORTUNITY-0436,LINK-0686,synthetic_comment_opportunity_linked_to_public_derived_meps,mail,not_applicable,not_offered,0.63784700,yes,COMMENT-0225
OPPORTUNITY-0437,LINK-0687,synthetic_comment_opportunity_linked_to_public_derived_meps,web,not_applicable,not_offered,1.03421776,yes,COMMENT-0226
OPPORTUNITY-0438,LINK-0689,synthetic_comment_opportunity_linked_to_public_derived_meps,mail,not_applicable,not_offered,0.84433976,yes,COMMENT-0227
OPPORTUNITY-0439,LINK-0690,synthetic_comment_opportunity_linked_to_public_derived_meps,phone,not_applicable,offered,0.59965419,yes,COMMENT-0228
OPPORTUNITY-0440,LINK-0692,synthetic_comment_opportunity_linked_to_public_derived_meps,phone,not_applicable,not_offered,0.69172683,yes,COMMENT-0229
OPPORTUNITY-0441,LINK-0694,synthetic_comment_opportunity_linked_to_public_derived_meps,web,not_applicable,offered,0.46810531,no,
OPPORTUNITY-0442,LINK-0695,synthetic_comment_opportunity_linked_to_public_derived_meps,web,not_applicable,not_offered,0.51873465,yes,COMMENT-0230
OPPORTUNITY-0443,LINK-0696,synthetic_comment_opportunity_linked_to_public_derived_meps,phone,not_applicable,not_offered,0.57042573,yes,COMMENT-0231
OPPORTUNITY-0444,LINK-0697,synthetic_comment_opportunity_linked_to_public_derived_meps,phone,not_applicable,offered,0.36217738,no,
OPPORTUNITY-0445,LINK-0698,synthetic_comment_opportunity_linked_to_public_derived_meps,web,not_applicable,not_offered,0.78191571,yes,COMMENT-0232
OPPORTUNITY-0446,LINK-0699,synthetic_comment_opportunity_linked_to_public_derived_meps,mail,not_applicable,offered,0.84755859,yes,COMMENT-0233
OPPORTUNITY-0447,LINK-0700,synthetic_comment_opportunity_linked_to_public_derived_meps,phone,not_applicable,not_offered,0.19633727,no,
OPPORTUNITY-0448,LINK-0701,synthetic_comment_opportunity_linked_to_public_derived_meps,phone,not_applicable,not_offered,0.20024362,no,
OPPORTUNITY-0449,LINK-0702,synthetic_comment_opportunity_linked_to_public_derived_meps,web,not_applicable,not_offered,0.52476292,yes,COMMENT-0234
OPPORTUNITY-0450,LINK-0703,synthetic_comment_opportunity_linked_to_public_derived_meps,web,not_applicable,offered,0.31727550,no,
OPPORTUNITY-0451,LINK-0704,synthetic_comment_opportunity_linked_to_public_derived_meps,mail,not_applicable,not_offered,0.52463822,yes,COMMENT-0235
OPPORTUNITY-0452,LINK-0705,synthetic_comment_opportunity_linked_to_public_derived_meps,web,not_applicable,not_offered,0.65635740,yes,COMMENT-0236
OPPORTUNITY-0453,LINK-0706,synthetic_comment_opportunity_linked_to_public_derived_meps,mail,not_applicable,offered,0.77177622,yes,COMMENT-0237
OPPORTUNITY-0454,LINK-0709,synthetic_comment_opportunity_linked_to_public_derived_meps,web,not_applicable,not_offered,0.38851716,no,
OPPORTUNITY-0455,LINK-0714,synthetic_comment_opportunity_linked_to_public_derived_meps,web,offered,offered,0.74350147,yes,COMMENT-0238
OPPORTUNITY-0456,LINK-0716,synthetic_comment_opportunity_linked_to_public_derived_meps,phone,not_applicable,offered,0.31724013,no,
OPPORTUNITY-0457,LINK-0717,synthetic_comment_opportunity_linked_to_public_derived_meps,mail,not_applicable,offered,0.70276138,yes,COMMENT-0239
OPPORTUNITY-0458,LINK-0719,synthetic_comment_opportunity_linked_to_public_derived_meps,web,not_applicable,not_offered,0.68800755,yes,COMMENT-0240
OPPORTUNITY-0459,LINK-0721,synthetic_comment_opportunity_linked_to_public_derived_meps,phone,not_applicable,not_offered,0.54827479,yes,COMMENT-0241
OPPORTUNITY-0460,LINK-0725,synthetic_comment_opportunity_linked_to_public_derived_meps,phone,not_applicable,not_offered,1.01140033,yes,COMMENT-0242
OPPORTUNITY-0461,LINK-0726,synthetic_comment_opportunity_linked_to_public_derived_meps,phone,not_applicable,offered,0.35621033,no,
OPPORTUNITY-0462,LINK-0727,synthetic_comment_opportunity_linked_to_public_derived_meps,phone,offered,offered,0.17557427,no,
OPPORTUNITY-0463,LINK-0729,synthetic_comment_opportunity_linked_to_public_derived_meps,web,not_applicable,not_offered,0.33499799,no,
OPPORTUNITY-0464,LINK-0731,synthetic_comment_opportunity_linked_to_public_derived_meps,mail,not_applicable,not_offered,0.11669350,no,
OPPORTUNITY-0465,LINK-0733,synthetic_comment_opportunity_linked_to_public_derived_meps,phone,not_applicable,not_offered,0.31635967,no,
OPPORTUNITY-0466,LINK-0735,synthetic_comment_opportunity_linked_to_public_derived_meps,web,not_applicable,not_offered,0.69108350,yes,COMMENT-0243
OPPORTUNITY-0467,LINK-0736,synthetic_comment_opportunity_linked_to_public_derived_meps,web,not_applicable,not_offered,0.26675458,no,
OPPORTUNITY-0468,LINK-0737,synthetic_comment_opportunity_linked_to_public_derived_meps,web,not_applicable,not_offered,0.69501378,yes,COMMENT-0244
OPPORTUNITY-0469,LINK-0738,synthetic_comment_opportunity_linked_to_public_derived_meps,web,not_applicable,not_offered,0.25037169,no,
OPPORTUNITY-0470,LINK-0740,synthetic_comment_opportunity_linked_to_public_derived_meps,phone,not_applicable,not_offered,1.02211204,yes,COMMENT-0245
OPPORTUNITY-0471,LINK-0741,synthetic_comment_opportunity_linked_to_public_derived_meps,phone,not_applicable,not_offered,0.09465129,no,
OPPORTUNITY-0472,LINK-0742,synthetic_comment_opportunity_linked_to_public_derived_meps,mail,not_applicable,offered,0.11435062,no,
OPPORTUNITY-0473,LINK-0743,synthetic_comment_opportunity_linked_to_public_derived_meps,mail,not_applicable,offered,0.40098574,no,
OPPORTUNITY-0474,LINK-0744,synthetic_comment_opportunity_linked_to_public_derived_meps,mail,not_applicable,not_offered,0.95071088,yes,COMMENT-0246
OPPORTUNITY-0475,LINK-0745,synthetic_comment_opportunity_linked_to_public_derived_meps,web,not_applicable,offered,0.62468017,yes,COMMENT-0247
OPPORTUNITY-0476,LINK-0746,synthetic_comment_opportunity_linked_to_public_derived_meps,mail,not_applicable,not_offered,0.31238271,no,
OPPORTUNITY-0477,LINK-0747,synthetic_comment_opportunity_linked_to_public_derived_meps,web,not_applicable,not_offered,0.40770995,no,
OPPORTUNITY-0478,LINK-0748,synthetic_comment_opportunity_linked_to_public_derived_meps,mail,not_applicable,offered,0.05548920,no,
OPPORTUNITY-0479,LINK-0749,synthetic_comment_opportunity_linked_to_public_derived_meps,mail,not_applicable,not_offered,0.76458910,yes,COMMENT-0248
OPPORTUNITY-0480,LINK-0751,synthetic_comment_opportunity_linked_to_public_derived_meps,phone,not_applicable,not_offered,0.46462940,no,
OPPORTUNITY-0481,LINK-0753,synthetic_comment_opportunity_linked_to_public_derived_meps,web,not_applicable,offered,0.21866293,no,
OPPORTUNITY-0482,LINK-0755,synthetic_comment_opportunity_linked_to_public_derived_meps,web,not_applicable,not_offered,0.15114866,no,
OPPORTUNITY-0483,LINK-0756,synthetic_comment_opportunity_linked_to_public_derived_meps,mail,not_applicable,offered,0.82545294,yes,COMMENT-0249
OPPORTUNITY-0484,LINK-0759,synthetic_comment_opportunity_linked_to_public_derived_meps,mail,not_applicable,not_offered,0.69046523,yes,COMMENT-0250
OPPORTUNITY-0485,LINK-0760,synthetic_comment_opportunity_linked_to_public_derived_meps,phone,not_applicable,not_offered,0.87861405,yes,COMMENT-0251
OPPORTUNITY-0486,LINK-0761,synthetic_comment_opportunity_linked_to_public_derived_meps,phone,not_applicable,offered,0.25659280,no,
OPPORTUNITY-0487,LINK-0762,synthetic_comment_opportunity_linked_to_public_derived_meps,mail,not_applicable,offered,0.85569723,yes,COMMENT-0252
OPPORTUNITY-0488,LINK-0763,synthetic_comment_opportunity_linked_to_public_derived_meps,phone,not_applicable,offered,0.07043221,no,
OPPORTUNITY-0489,LINK-0764,synthetic_comment_opportunity_linked_to_public_derived_meps,phone,not_applicable,not_offered,0.90928786,yes,COMMENT-0253
OPPORTUNITY-0490,LINK-0765,synthetic_comment_opportunity_linked_to_public_derived_meps,mail,not_applicable,offered,0.84718773,yes,COMMENT-0254
OPPORTUNITY-0491,LINK-0767,synthetic_comment_opportunity_linked_to_public_derived_meps,web,not_applicable,offered,0.62056221,yes,COMMENT-0255
OPPORTUNITY-0492,LINK-0768,synthetic_comment_opportunity_linked_to_public_derived_meps,phone,not_applicable,not_offered,0.76811774,yes,COMMENT-0256
OPPORTUNITY-0493,LINK-0769,synthetic_comment_opportunity_linked_to_public_derived_meps,mail,not_applicable,not_offered,0.03549498,no,
OPPORTUNITY-0494,LINK-0770,synthetic_comment_opportunity_linked_to_public_derived_meps,mail,not_applicable,not_offered,0.88431612,yes,COMMENT-0257
OPPORTUNITY-0495,LINK-0771,synthetic_comment_opportunity_linked_to_public_derived_meps,phone,not_applicable,not_offered,0.06625383,no,
OPPORTUNITY-0496,LINK-0779,synthetic_comment_opportunity_linked_to_public_derived_meps,web,not_applicable,not_offered,0.98179502,yes,COMMENT-0258
OPPORTUNITY-0497,LINK-0780,synthetic_comment_opportunity_linked_to_public_derived_meps,web,not_applicable,not_offered,0.82487124,yes,COMMENT-0259
OPPORTUNITY-0498,LINK-0782,synthetic_comment_opportunity_linked_to_public_derived_meps,mail,not_applicable,offered,1.01621398,yes,COMMENT-0260
OPPORTUNITY-0499,LINK-0784,synthetic_comment_opportunity_linked_to_public_derived_meps,mail,not_applicable,offered,0.69502666,yes,COMMENT-0261
OPPORTUNITY-0500,LINK-0785,synthetic_comment_opportunity_linked_to_public_derived_meps,mail,offered,not_offered,1.02904645,yes,COMMENT-0262
OPPORTUNITY-0501,LINK-0786,synthetic_comment_opportunity_linked_to_public_derived_meps,mail,not_applicable,not_offered,0.31161250,no,
OPPORTUNITY-0502,LINK-0787,synthetic_comment_opportunity_linked_to_public_derived_meps,web,not_applicable,not_offered,0.72856254,yes,COMMENT-0263
OPPORTUNITY-0503,LINK-0789,synthetic_comment_opportunity_linked_to_public_derived_meps,web,not_applicable,not_offered,0.40735849,no,
OPPORTUNITY-0504,LINK-0790,synthetic_comment_opportunity_linked_to_public_derived_meps,mail,not_applicable,not_offered,0.98406126,yes,COMMENT-0264
OPPORTUNITY-0505,LINK-0791,synthetic_comment_opportunity_linked_to_public_derived_meps,phone,not_applicable,not_offered,0.19682814,no,
OPPORTUNITY-0506,LINK-0793,synthetic_comment_opportunity_linked_to_public_derived_meps,phone,not_applicable,not_offered,0.20953396,no,
OPPORTUNITY-0507,LINK-0794,synthetic_comment_opportunity_linked_to_public_derived_meps,mail,offered,offered,1.12909644,yes,COMMENT-0265
OPPORTUNITY-0508,LINK-0795,synthetic_comment_opportunity_linked_to_public_derived_meps,web,not_applicable,not_offered,0.12445885,no,
OPPORTUNITY-0509,LINK-0796,synthetic_comment_opportunity_linked_to_public_derived_meps,phone,not_offered,offered,0.57382803,yes,COMMENT-0266
OPPORTUNITY-0510,LINK-0797,synthetic_comment_opportunity_linked_to_public_derived_meps,mail,not_applicable,offered,0.90655169,yes,COMMENT-0267
OPPORTUNITY-0511,LINK-0798,synthetic_comment_opportunity_linked_to_public_derived_meps,mail,not_applicable,not_offered,0.00264006,no,
OPPORTUNITY-0512,LINK-0800,synthetic_comment_opportunity_linked_to_public_derived_meps,web,not_applicable,not_offered,0.77281860,yes,COMMENT-0268
OPPORTUNITY-0513,LINK-0802,synthetic_comment_opportunity_linked_to_public_derived_meps,web,not_applicable,not_offered,0.77128239,yes,COMMENT-0269
OPPORTUNITY-0514,LINK-0805,synthetic_comment_opportunity_linked_to_public_derived_meps,phone,not_applicable,not_offered,0.43695890,no,
OPPORTUNITY-0515,LINK-0806,synthetic_comment_opportunity_linked_to_public_derived_meps,mail,not_applicable,not_offered,0.65221217,yes,COMMENT-0270
OPPORTUNITY-0516,LINK-0809,synthetic_comment_opportunity_linked_to_public_derived_meps,phone,not_applicable,not_offered,0.70864232,yes,COMMENT-0271
OPPORTUNITY-0517,LINK-0811,synthetic_comment_opportunity_linked_to_public_derived_meps,web,not_applicable,offered,0.40743284,no,
OPPORTUNITY-0518,LINK-0812,synthetic_comment_opportunity_linked_to_public_derived_meps,mail,offered,offered,0.38268002,no,
OPPORTUNITY-0519,LINK-0813,synthetic_comment_opportunity_linked_to_public_derived_meps,mail,not_applicable,not_offered,0.88270656,yes,COMMENT-0272
OPPORTUNITY-0520,LINK-0815,synthetic_comment_opportunity_linked_to_public_derived_meps,mail,not_applicable,not_offered,0.37922481,no,
OPPORTUNITY-0521,LINK-0816,synthetic_comment_opportunity_linked_to_public_derived_meps,mail,not_applicable,offered,0.18675784,no,
OPPORTUNITY-0522,LINK-0818,synthetic_comment_opportunity_linked_to_public_derived_meps,mail,not_applicable,offered,0.63407261,yes,COMMENT-0273
OPPORTUNITY-0523,LINK-0820,synthetic_comment_opportunity_linked_to_public_derived_meps,mail,not_applicable,not_offered,0.79249356,yes,COMMENT-0274
OPPORTUNITY-0524,LINK-0821,synthetic_comment_opportunity_linked_to_public_derived_meps,mail,not_applicable,offered,0.68581758,yes,COMMENT-0275
OPPORTUNITY-0525,LINK-0822,synthetic_comment_opportunity_linked_to_public_derived_meps,mail,not_applicable,not_offered,0.15729943,no,
OPPORTUNITY-0526,LINK-0823,synthetic_comment_opportunity_linked_to_public_derived_meps,mail,not_applicable,not_offered,0.55745048,yes,COMMENT-0276
OPPORTUNITY-0527,LINK-0825,synthetic_comment_opportunity_linked_to_public_derived_meps,web,not_applicable,not_offered,0.26578216,no,
OPPORTUNITY-0528,LINK-0826,synthetic_comment_opportunity_linked_to_public_derived_meps,mail,offered,not_offered,0.67776668,yes,COMMENT-0277
OPPORTUNITY-0529,LINK-0828,synthetic_comment_opportunity_linked_to_public_derived_meps,web,not_applicable,not_offered,0.52576091,yes,COMMENT-0278
OPPORTUNITY-0530,LINK-0829,synthetic_comment_opportunity_linked_to_public_derived_meps,mail,not_applicable,not_offered,0.06766939,no,
OPPORTUNITY-0531,LINK-0830,synthetic_comment_opportunity_linked_to_public_derived_meps,mail,not_applicable,not_offered,0.37498962,no,
OPPORTUNITY-0532,LINK-0832,synthetic_comment_opportunity_linked_to_public_derived_meps,mail,not_applicable,not_offered,0.46897011,no,
OPPORTUNITY-0533,LINK-0833,synthetic_comment_opportunity_linked_to_public_derived_meps,phone,not_applicable,not_offered,0.57129305,yes,COMMENT-0279
OPPORTUNITY-0534,LINK-0836,synthetic_comment_opportunity_linked_to_public_derived_meps,phone,not_applicable,not_offered,0.18682616,no,
OPPORTUNITY-0535,LINK-0838,synthetic_comment_opportunity_linked_to_public_derived_meps,mail,not_applicable,not_offered,0.32378077,no,
OPPORTUNITY-0536,LINK-0840,synthetic_comment_opportunity_linked_to_public_derived_meps,web,not_applicable,not_offered,0.31948239,no,
OPPORTUNITY-0537,LINK-0842,synthetic_comment_opportunity_linked_to_public_derived_meps,mail,not_applicable,not_offered,0.29664746,no,
OPPORTUNITY-0538,LINK-0843,synthetic_comment_opportunity_linked_to_public_derived_meps,mail,not_applicable,not_offered,0.54188723,yes,COMMENT-0280
OPPORTUNITY-0539,LINK-0845,synthetic_comment_opportunity_linked_to_public_derived_meps,phone,not_applicable,not_offered,0.31423818,no,
OPPORTUNITY-0540,LINK-0846,synthetic_comment_opportunity_linked_to_public_derived_meps,web,not_applicable,offered,0.08256948,no,
OPPORTUNITY-0541,LINK-0847,synthetic_comment_opportunity_linked_to_public_derived_meps,web,not_applicable,not_offered,1.06258059,yes,COMMENT-0281
OPPORTUNITY-0542,LINK-0851,synthetic_comment_opportunity_linked_to_public_derived_meps,mail,not_applicable,offered,0.22702111,no,
OPPORTUNITY-0543,LINK-0853,synthetic_comment_opportunity_linked_to_public_derived_meps,phone,not_applicable,not_offered,0.14714065,no,
OPPORTUNITY-0544,LINK-0854,synthetic_comment_opportunity_linked_to_public_derived_meps,phone,not_applicable,not_offered,0.44383885,no,
OPPORTUNITY-0545,LINK-0856,synthetic_comment_opportunity_linked_to_public_derived_meps,web,not_applicable,not_offered,0.67854705,yes,COMMENT-0282
OPPORTUNITY-0546,LINK-0857,synthetic_comment_opportunity_linked_to_public_derived_meps,web,not_applicable,offered,0.53985586,yes,COMMENT-0283
OPPORTUNITY-0547,LINK-0859,synthetic_comment_opportunity_linked_to_public_derived_meps,web,not_applicable,not_offered,1.01346017,yes,COMMENT-0284
OPPORTUNITY-0548,LINK-0860,synthetic_comment_opportunity_linked_to_public_derived_meps,web,offered,not_offered,0.64400296,yes,COMMENT-0285
OPPORTUNITY-0549,LINK-0862,synthetic_comment_opportunity_linked_to_public_derived_meps,web,not_applicable,offered,1.01015841,yes,COMMENT-0286
OPPORTUNITY-0550,LINK-0863,synthetic_comment_opportunity_linked_to_public_derived_meps,phone,not_applicable,not_offered,0.62347877,yes,COMMENT-0287
OPPORTUNITY-0551,LINK-0867,synthetic_comment_opportunity_linked_to_public_derived_meps,mail,not_applicable,not_offered,0.82562898,yes,COMMENT-0288
OPPORTUNITY-0552,LINK-0868,synthetic_comment_opportunity_linked_to_public_derived_meps,web,not_applicable,not_offered,0.82300755,yes,COMMENT-0289
OPPORTUNITY-0553,LINK-0869,synthetic_comment_opportunity_linked_to_public_derived_meps,mail,not_applicable,not_offered,0.22322704,no,
OPPORTUNITY-0554,LINK-0870,synthetic_comment_opportunity_linked_to_public_derived_meps,mail,not_applicable,offered,0.95770341,yes,COMMENT-0290
OPPORTUNITY-0555,LINK-0871,synthetic_comment_opportunity_linked_to_public_derived_meps,mail,not_applicable,offered,0.92246508,yes,COMMENT-0291
OPPORTUNITY-0556,LINK-0872,synthetic_comment_opportunity_linked_to_public_derived_meps,phone,not_applicable,offered,0.96490526,yes,COMMENT-0292
OPPORTUNITY-0557,LINK-0874,synthetic_comment_opportunity_linked_to_public_derived_meps,mail,not_applicable,offered,0.51466127,yes,COMMENT-0293
OPPORTUNITY-0558,LINK-0875,synthetic_comment_opportunity_linked_to_public_derived_meps,phone,not_applicable,not_offered,0.48154810,no,
OPPORTUNITY-0559,LINK-0876,synthetic_comment_opportunity_linked_to_public_derived_meps,mail,not_applicable,not_offered,0.77056297,yes,COMMENT-0294
OPPORTUNITY-0560,LINK-0877,synthetic_comment_opportunity_linked_to_public_derived_meps,web,not_applicable,not_offered,0.16815757,no,
OPPORTUNITY-0561,LINK-0879,synthetic_comment_opportunity_linked_to_public_derived_meps,web,not_applicable,not_offered,0.38489813,no,
OPPORTUNITY-0562,LINK-0880,synthetic_comment_opportunity_linked_to_public_derived_meps,mail,not_applicable,offered,0.20536500,no,
OPPORTUNITY-0563,LINK-0883,synthetic_comment_opportunity_linked_to_public_derived_meps,mail,not_applicable,not_offered,0.19067073,no,
OPPORTUNITY-0564,LINK-0886,synthetic_comment_opportunity_linked_to_public_derived_meps,mail,not_applicable,not_offered,0.72861392,yes,COMMENT-0295
OPPORTUNITY-0565,LINK-0887,synthetic_comment_opportunity_linked_to_public_derived_meps,mail,not_applicable,not_offered,0.11442561,no,
OPPORTUNITY-0566,LINK-0889,synthetic_comment_opportunity_linked_to_public_derived_meps,mail,not_applicable,not_offered,0.54591120,yes,COMMENT-0296
OPPORTUNITY-0567,LINK-0891,synthetic_comment_opportunity_linked_to_public_derived_meps,mail,not_applicable,not_offered,0.41244418,no,
OPPORTUNITY-0568,LINK-0892,synthetic_comment_opportunity_linked_to_public_derived_meps,web,not_offered,not_offered,0.78197941,yes,COMMENT-0297
OPPORTUNITY-0569,LINK-0894,synthetic_comment_opportunity_linked_to_public_derived_meps,phone,not_applicable,not_offered,0.79680296,yes,COMMENT-0298
OPPORTUNITY-0570,LINK-0896,synthetic_comment_opportunity_linked_to_public_derived_meps,web,not_applicable,offered,0.17379493,no,
OPPORTUNITY-0571,LINK-0897,synthetic_comment_opportunity_linked_to_public_derived_meps,mail,not_applicable,offered,0.34001722,no,
OPPORTUNITY-0572,LINK-0898,synthetic_comment_opportunity_linked_to_public_derived_meps,phone,not_applicable,not_offered,0.35845103,no,
OPPORTUNITY-0573,LINK-0899,synthetic_comment_opportunity_linked_to_public_derived_meps,web,not_applicable,not_offered,0.29082567,no,
OPPORTUNITY-0574,LINK-0900,synthetic_comment_opportunity_linked_to_public_derived_meps,mail,not_offered,not_offered,0.84966596,yes,COMMENT-0299
OPPORTUNITY-0575,LINK-0901,synthetic_comment_opportunity_linked_to_public_derived_meps,phone,offered,not_offered,0.87074262,yes,COMMENT-0300
OPPORTUNITY-0576,LINK-0903,synthetic_comment_opportunity_linked_to_public_derived_meps,mail,not_applicable,not_offered,0.13303738,no,
OPPORTUNITY-0577,LINK-0905,synthetic_comment_opportunity_linked_to_public_derived_meps,phone,not_applicable,not_offered,0.17320851,no,
OPPORTUNITY-0578,LINK-0907,synthetic_comment_opportunity_linked_to_public_derived_meps,mail,not_applicable,not_offered,0.93779672,yes,COMMENT-0301
OPPORTUNITY-0579,LINK-0908,synthetic_comment_opportunity_linked_to_public_derived_meps,mail,not_applicable,not_offered,0.09897298,no,
OPPORTUNITY-0580,LINK-0911,synthetic_comment_opportunity_linked_to_public_derived_meps,web,not_applicable,not_offered,0.87214343,yes,COMMENT-0302
OPPORTUNITY-0581,LINK-0914,synthetic_comment_opportunity_linked_to_public_derived_meps,web,not_applicable,not_offered,0.82291994,yes,COMMENT-0303
OPPORTUNITY-0582,LINK-0915,synthetic_comment_opportunity_linked_to_public_derived_meps,mail,not_applicable,not_offered,0.96060306,yes,COMMENT-0304
OPPORTUNITY-0583,LINK-0916,synthetic_comment_opportunity_linked_to_public_derived_meps,phone,not_applicable,not_offered,0.01889183,no,
OPPORTUNITY-0584,LINK-0922,synthetic_comment_opportunity_linked_to_public_derived_meps,phone,offered,offered,0.33600087,no,
OPPORTUNITY-0585,LINK-0923,synthetic_comment_opportunity_linked_to_public_derived_meps,mail,not_applicable,offered,0.62878459,yes,COMMENT-0305
OPPORTUNITY-0586,LINK-0924,synthetic_comment_opportunity_linked_to_public_derived_meps,mail,not_applicable,offered,0.86869420,yes,COMMENT-0306
OPPORTUNITY-0587,LINK-0925,synthetic_comment_opportunity_linked_to_public_derived_meps,web,not_applicable,offered,0.83334856,yes,COMMENT-0307
OPPORTUNITY-0588,LINK-0926,synthetic_comment_opportunity_linked_to_public_derived_meps,web,not_applicable,not_offered,1.01194320,yes,COMMENT-0308
OPPORTUNITY-0589,LINK-0931,synthetic_comment_opportunity_linked_to_public_derived_meps,web,offered,not_offered,0.21150451,no,
OPPORTUNITY-0590,LINK-0932,synthetic_comment_opportunity_linked_to_public_derived_meps,mail,not_applicable,offered,0.93515165,yes,COMMENT-0309
OPPORTUNITY-0591,LINK-0933,synthetic_comment_opportunity_linked_to_public_derived_meps,phone,not_applicable,not_offered,0.76237274,yes,COMMENT-0310
OPPORTUNITY-0592,LINK-0935,synthetic_comment_opportunity_linked_to_public_derived_meps,phone,not_applicable,not_offered,0.94721822,yes,COMMENT-0311
OPPORTUNITY-0593,LINK-0938,synthetic_comment_opportunity_linked_to_public_derived_meps,mail,not_applicable,offered,0.66679473,yes,COMMENT-0312
OPPORTUNITY-0594,LINK-0939,synthetic_comment_opportunity_linked_to_public_derived_meps,phone,not_applicable,not_offered,0.69751700,yes,COMMENT-0313
OPPORTUNITY-0595,LINK-0942,synthetic_comment_opportunity_linked_to_public_derived_meps,web,not_applicable,offered,0.52909976,yes,COMMENT-0314
OPPORTUNITY-0596,LINK-0943,synthetic_comment_opportunity_linked_to_public_derived_meps,phone,not_offered,not_offered,0.49265454,no,
OPPORTUNITY-0597,LINK-0944,synthetic_comment_opportunity_linked_to_public_derived_meps,mail,offered,not_offered,0.33301776,no,
OPPORTUNITY-0598,LINK-0945,synthetic_comment_opportunity_linked_to_public_derived_meps,mail,not_applicable,offered,0.25679713,no,
OPPORTUNITY-0599,LINK-0946,synthetic_comment_opportunity_linked_to_public_derived_meps,phone,not_offered,offered,0.86390632,yes,COMMENT-0315
OPPORTUNITY-0600,LINK-0947,synthetic_comment_opportunity_linked_to_public_derived_meps,phone,not_applicable,offered,0.95002596,yes,COMMENT-0316
OPPORTUNITY-0601,LINK-0948,synthetic_comment_opportunity_linked_to_public_derived_meps,mail,not_applicable,not_offered,0.01511950,no,
OPPORTUNITY-0602,LINK-0950,synthetic_comment_opportunity_linked_to_public_derived_meps,web,not_applicable,not_offered,0.77379098,yes,COMMENT-0317
OPPORTUNITY-0603,LINK-0951,synthetic_comment_opportunity_linked_to_public_derived_meps,phone,not_applicable,offered,0.89532229,yes,COMMENT-0318
OPPORTUNITY-0604,LINK-0952,synthetic_comment_opportunity_linked_to_public_derived_meps,web,not_applicable,not_offered,0.23368871,no,
OPPORTUNITY-0605,LINK-0953,synthetic_comment_opportunity_linked_to_public_derived_meps,phone,offered,not_offered,1.05113099,yes,COMMENT-0319
OPPORTUNITY-0606,LINK-0955,synthetic_comment_opportunity_linked_to_public_derived_meps,mail,not_applicable,offered,0.95361445,yes,COMMENT-0320
OPPORTUNITY-0607,LINK-0956,synthetic_comment_opportunity_linked_to_public_derived_meps,web,not_applicable,not_offered,1.02896985,yes,COMMENT-0321
OPPORTUNITY-0608,LINK-0958,synthetic_comment_opportunity_linked_to_public_derived_meps,mail,not_applicable,not_offered,0.13898242,no,
OPPORTUNITY-0609,LINK-0959,synthetic_comment_opportunity_linked_to_public_derived_meps,web,offered,not_offered,0.47558236,no,
OPPORTUNITY-0610,LINK-0961,synthetic_comment_opportunity_linked_to_public_derived_meps,mail,not_applicable,not_offered,0.29607695,no,
OPPORTUNITY-0611,LINK-0964,synthetic_comment_opportunity_linked_to_public_derived_meps,mail,not_offered,not_offered,0.56096785,yes,COMMENT-0322
OPPORTUNITY-0612,LINK-0968,synthetic_comment_opportunity_linked_to_public_derived_meps,mail,not_applicable,not_offered,0.43592915,no,
OPPORTUNITY-0613,LINK-0969,synthetic_comment_opportunity_linked_to_public_derived_meps,web,not_applicable,not_offered,0.15648739,no,
OPPORTUNITY-0614,LINK-0970,synthetic_comment_opportunity_linked_to_public_derived_meps,web,not_applicable,not_offered,0.89823438,yes,COMMENT-0323
OPPORTUNITY-0615,LINK-0971,synthetic_comment_opportunity_linked_to_public_derived_meps,mail,not_applicable,not_offered,0.15479001,no,
OPPORTUNITY-0616,LINK-0972,synthetic_comment_opportunity_linked_to_public_derived_meps,web,not_applicable,not_offered,0.32343435,no,
OPPORTUNITY-0617,LINK-0973,synthetic_comment_opportunity_linked_to_public_derived_meps,phone,not_offered,not_offered,0.51085882,no,
OPPORTUNITY-0618,LINK-0974,synthetic_comment_opportunity_linked_to_public_derived_meps,mail,not_applicable,not_offered,0.60338923,yes,COMMENT-0324
OPPORTUNITY-0619,LINK-0976,synthetic_comment_opportunity_linked_to_public_derived_meps,web,not_applicable,offered,0.27562276,no,
OPPORTUNITY-0620,LINK-0978,synthetic_comment_opportunity_linked_to_public_derived_meps,phone,not_applicable,offered,0.64505837,yes,COMMENT-0325
OPPORTUNITY-0621,LINK-0979,synthetic_comment_opportunity_linked_to_public_derived_meps,phone,not_applicable,not_offered,0.81878122,yes,COMMENT-0326
OPPORTUNITY-0622,LINK-0980,synthetic_comment_opportunity_linked_to_public_derived_meps,web,not_applicable,not_offered,0.77437045,yes,COMMENT-0327
OPPORTUNITY-0623,LINK-0983,synthetic_comment_opportunity_linked_to_public_derived_meps,mail,offered,not_offered,0.20247717,no,
OPPORTUNITY-0624,LINK-0984,synthetic_comment_opportunity_linked_to_public_derived_meps,phone,not_applicable,offered,0.88942433,yes,COMMENT-0328
OPPORTUNITY-0625,LINK-0987,synthetic_comment_opportunity_linked_to_public_derived_meps,mail,not_applicable,not_offered,0.37266017,no,
OPPORTUNITY-0626,LINK-0989,synthetic_comment_opportunity_linked_to_public_derived_meps,web,not_applicable,not_offered,0.58769359,yes,COMMENT-0329
OPPORTUNITY-0627,LINK-0990,synthetic_comment_opportunity_linked_to_public_derived_meps,mail,not_applicable,not_offered,0.67189066,yes,COMMENT-0330
OPPORTUNITY-0628,LINK-0991,synthetic_comment_opportunity_linked_to_public_derived_meps,phone,not_applicable,not_offered,0.31001532,no,
OPPORTUNITY-0629,LINK-0992,synthetic_comment_opportunity_linked_to_public_derived_meps,web,not_applicable,not_offered,0.55927682,yes,COMMENT-0331
OPPORTUNITY-0630,LINK-0996,synthetic_comment_opportunity_linked_to_public_derived_meps,phone,not_offered,not_offered,0.18050183,no,
OPPORTUNITY-0631,LINK-0998,synthetic_comment_opportunity_linked_to_public_derived_meps,web,not_applicable,not_offered,0.23532505,no,
OPPORTUNITY-0632,LINK-0999,synthetic_comment_opportunity_linked_to_public_derived_meps,phone,not_applicable,not_offered,1.01152011,yes,COMMENT-0332
OPPORTUNITY-0633,LINK-1000,synthetic_comment_opportunity_linked_to_public_derived_meps,web,not_applicable,not_offered,0.32469592,no,
OPPORTUNITY-0634,LINK-1001,synthetic_comment_opportunity_linked_to_public_derived_meps,phone,not_applicable,not_offered,0.31066589,no,
OPPORTUNITY-0635,LINK-1004,synthetic_comment_opportunity_linked_to_public_derived_meps,mail,not_applicable,not_offered,0.78437048,yes,COMMENT-0333
OPPORTUNITY-0636,LINK-1006,synthetic_comment_opportunity_linked_to_public_derived_meps,mail,not_applicable,not_offered,0.12840184,no,
OPPORTUNITY-0637,LINK-1009,synthetic_comment_opportunity_linked_to_public_derived_meps,web,not_applicable,offered,0.30867935,no,
OPPORTUNITY-0638,LINK-1010,synthetic_comment_opportunity_linked_to_public_derived_meps,phone,offered,not_offered,1.05805303,yes,COMMENT-0334
OPPORTUNITY-0639,LINK-1012,synthetic_comment_opportunity_linked_to_public_derived_meps,mail,not_applicable,not_offered,0.38806462,no,
OPPORTUNITY-0640,LINK-1014,synthetic_comment_opportunity_linked_to_public_derived_meps,phone,not_applicable,offered,0.55016288,yes,COMMENT-0335
OPPORTUNITY-0641,LINK-1015,synthetic_comment_opportunity_linked_to_public_derived_meps,mail,not_applicable,not_offered,0.22489029,no,
OPPORTUNITY-0642,LINK-1016,synthetic_comment_opportunity_linked_to_public_derived_meps,mail,not_applicable,not_offered,0.22862791,no,
OPPORTUNITY-0643,LINK-1019,synthetic_comment_opportunity_linked_to_public_derived_meps,web,not_applicable,not_offered,0.56772801,yes,COMMENT-0336
OPPORTUNITY-0644,LINK-1024,synthetic_comment_opportunity_linked_to_public_derived_meps,web,not_applicable,offered,0.08948296,no,
OPPORTUNITY-0645,LINK-1029,synthetic_comment_opportunity_linked_to_public_derived_meps,web,not_applicable,not_offered,0.81098538,yes,COMMENT-0337
OPPORTUNITY-0646,LINK-1030,synthetic_comment_opportunity_linked_to_public_derived_meps,mail,not_applicable,not_offered,0.71637152,yes,COMMENT-0338
OPPORTUNITY-0647,LINK-1033,synthetic_comment_opportunity_linked_to_public_derived_meps,web,not_applicable,not_offered,0.14101239,no,
OPPORTUNITY-0648,LINK-1039,synthetic_comment_opportunity_linked_to_public_derived_meps,mail,not_applicable,not_offered,0.89490520,yes,COMMENT-0339
OPPORTUNITY-0649,LINK-1040,synthetic_comment_opportunity_linked_to_public_derived_meps,mail,not_applicable,not_offered,0.04263722,no,
OPPORTUNITY-0650,LINK-1041,synthetic_comment_opportunity_linked_to_public_derived_meps,mail,not_applicable,offered,0.40012907,no,
OPPORTUNITY-0651,LINK-1042,synthetic_comment_opportunity_linked_to_public_derived_meps,web,not_offered,offered,0.68075155,yes,COMMENT-0340
OPPORTUNITY-0652,LINK-1043,synthetic_comment_opportunity_linked_to_public_derived_meps,mail,not_offered,offered,0.48026194,no,
OPPORTUNITY-0653,LINK-1044,synthetic_comment_opportunity_linked_to_public_derived_meps,mail,not_applicable,not_offered,0.06291262,no,
OPPORTUNITY-0654,LINK-1045,synthetic_comment_opportunity_linked_to_public_derived_meps,web,not_applicable,not_offered,0.59077593,yes,COMMENT-0341
OPPORTUNITY-0655,LINK-1047,synthetic_comment_opportunity_linked_to_public_derived_meps,phone,not_applicable,offered,0.93572443,yes,COMMENT-0342
OPPORTUNITY-0656,LINK-1048,synthetic_comment_opportunity_linked_to_public_derived_meps,web,not_applicable,not_offered,0.63436933,yes,COMMENT-0343
OPPORTUNITY-0657,LINK-1049,synthetic_comment_opportunity_linked_to_public_derived_meps,phone,offered,not_offered,0.73824544,yes,COMMENT-0344
OPPORTUNITY-0658,LINK-1050,synthetic_comment_opportunity_linked_to_public_derived_meps,phone,not_applicable,not_offered,0.51898979,yes,COMMENT-0345
OPPORTUNITY-0659,LINK-1054,synthetic_comment_opportunity_linked_to_public_derived_meps,mail,offered,not_offered,0.68689910,yes,COMMENT-0346
OPPORTUNITY-0660,LINK-1055,synthetic_comment_opportunity_linked_to_public_derived_meps,web,not_applicable,offered,1.02966051,yes,COMMENT-0347
OPPORTUNITY-0661,LINK-1056,synthetic_comment_opportunity_linked_to_public_derived_meps,phone,not_applicable,not_offered,0.84673137,yes,COMMENT-0348
OPPORTUNITY-0662,LINK-1057,synthetic_comment_opportunity_linked_to_public_derived_meps,web,not_applicable,offered,0.41591564,no,
OPPORTUNITY-0663,LINK-1058,synthetic_comment_opportunity_linked_to_public_derived_meps,mail,not_applicable,not_offered,0.53979365,yes,COMMENT-0349
OPPORTUNITY-0664,LINK-1060,synthetic_comment_opportunity_linked_to_public_derived_meps,web,not_applicable,offered,0.13763714,no,
OPPORTUNITY-0665,LINK-1061,synthetic_comment_opportunity_linked_to_public_derived_meps,phone,not_applicable,not_offered,0.61595067,yes,COMMENT-0350
OPPORTUNITY-0666,LINK-1062,synthetic_comment_opportunity_linked_to_public_derived_meps,web,not_applicable,not_offered,0.28059910,no,
OPPORTUNITY-0667,LINK-1064,synthetic_comment_opportunity_linked_to_public_derived_meps,mail,not_applicable,not_offered,0.10316516,no,
OPPORTUNITY-0668,LINK-1066,synthetic_comment_opportunity_linked_to_public_derived_meps,mail,not_applicable,not_offered,0.48538578,no,
OPPORTUNITY-0669,LINK-1067,synthetic_comment_opportunity_linked_to_public_derived_meps,phone,not_applicable,not_offered,0.14528352,no,
OPPORTUNITY-0670,LINK-1069,synthetic_comment_opportunity_linked_to_public_derived_meps,web,not_applicable,not_offered,1.01598868,yes,COMMENT-0351
OPPORTUNITY-0671,LINK-1071,synthetic_comment_opportunity_linked_to_public_derived_meps,web,not_applicable,not_offered,0.76101696,yes,COMMENT-0352
OPPORTUNITY-0672,LINK-1072,synthetic_comment_opportunity_linked_to_public_derived_meps,web,not_applicable,not_offered,0.12728451,no,
OPPORTUNITY-0673,LINK-1073,synthetic_comment_opportunity_linked_to_public_derived_meps,phone,not_applicable,not_offered,0.22741419,no,
OPPORTUNITY-0674,LINK-1074,synthetic_comment_opportunity_linked_to_public_derived_meps,phone,not_applicable,not_offered,0.06974517,no,
OPPORTUNITY-0675,LINK-1075,synthetic_comment_opportunity_linked_to_public_derived_meps,phone,not_applicable,not_offered,0.99038885,yes,COMMENT-0353
OPPORTUNITY-0676,LINK-1076,synthetic_comment_opportunity_linked_to_public_derived_meps,mail,offered,not_offered,0.33666324,no,
OPPORTUNITY-0677,LINK-1077,synthetic_comment_opportunity_linked_to_public_derived_meps,mail,not_applicable,offered,0.15243007,no,
OPPORTUNITY-0678,LINK-1078,synthetic_comment_opportunity_linked_to_public_derived_meps,web,offered,not_offered,1.02111258,yes,COMMENT-0354
OPPORTUNITY-0679,LINK-1080,synthetic_comment_opportunity_linked_to_public_derived_meps,mail,not_applicable,offered,0.22207175,no,
OPPORTUNITY-0680,LINK-1084,synthetic_comment_opportunity_linked_to_public_derived_meps,web,not_applicable,not_offered,0.77203492,yes,COMMENT-0355
OPPORTUNITY-0681,LINK-1085,synthetic_comment_opportunity_linked_to_public_derived_meps,mail,not_applicable,offered,0.93452298,yes,COMMENT-0356
OPPORTUNITY-0682,LINK-1086,synthetic_comment_opportunity_linked_to_public_derived_meps,mail,not_applicable,offered,0.85601422,yes,COMMENT-0357
OPPORTUNITY-0683,LINK-1088,synthetic_comment_opportunity_linked_to_public_derived_meps,mail,not_applicable,not_offered,0.61730108,yes,COMMENT-0358
OPPORTUNITY-0684,LINK-1089,synthetic_comment_opportunity_linked_to_public_derived_meps,phone,not_applicable,not_offered,0.90144760,yes,COMMENT-0359
OPPORTUNITY-0685,LINK-1090,synthetic_comment_opportunity_linked_to_public_derived_meps,web,not_applicable,not_offered,0.27286492,no,
OPPORTUNITY-0686,LINK-1092,synthetic_comment_opportunity_linked_to_public_derived_meps,mail,not_applicable,not_offered,0.86187415,yes,COMMENT-0360
OPPORTUNITY-0687,LINK-1093,synthetic_comment_opportunity_linked_to_public_derived_meps,phone,not_applicable,offered,0.91327435,yes,COMMENT-0361
OPPORTUNITY-0688,LINK-1094,synthetic_comment_opportunity_linked_to_public_derived_meps,web,not_applicable,offered,0.79571136,yes,COMMENT-0362
OPPORTUNITY-0689,LINK-1097,synthetic_comment_opportunity_linked_to_public_derived_meps,web,not_applicable,offered,1.03835016,yes,COMMENT-0363
OPPORTUNITY-0690,LINK-1100,synthetic_comment_opportunity_linked_to_public_derived_meps,mail,not_applicable,not_offered,0.68415570,yes,COMMENT-0364
OPPORTUNITY-0691,LINK-1101,synthetic_comment_opportunity_linked_to_public_derived_meps,phone,not_applicable,not_offered,0.69854571,yes,COMMENT-0365
OPPORTUNITY-0692,LINK-1104,synthetic_comment_opportunity_linked_to_public_derived_meps,mail,not_applicable,not_offered,0.13389150,no,
OPPORTUNITY-0693,LINK-1105,synthetic_comment_opportunity_linked_to_public_derived_meps,web,not_applicable,not_offered,0.84327689,yes,COMMENT-0366
OPPORTUNITY-0694,LINK-1106,synthetic_comment_opportunity_linked_to_public_derived_meps,web,not_applicable,not_offered,0.49338253,no,
OPPORTUNITY-0695,LINK-1108,synthetic_comment_opportunity_linked_to_public_derived_meps,mail,not_applicable,offered,0.80797774,yes,COMMENT-0367
OPPORTUNITY-0696,LINK-1109,synthetic_comment_opportunity_linked_to_public_derived_meps,phone,not_applicable,not_offered,0.71107292,yes,COMMENT-0368
OPPORTUNITY-0697,LINK-1113,synthetic_comment_opportunity_linked_to_public_derived_meps,phone,not_applicable,offered,0.48506924,no,
OPPORTUNITY-0698,LINK-1117,synthetic_comment_opportunity_linked_to_public_derived_meps,mail,offered,not_offered,1.05409077,yes,COMMENT-0369
OPPORTUNITY-0699,LINK-1119,synthetic_comment_opportunity_linked_to_public_derived_meps,mail,not_applicable,offered,0.89214667,yes,COMMENT-0370
OPPORTUNITY-0700,LINK-1121,synthetic_comment_opportunity_linked_to_public_derived_meps,web,not_applicable,not_offered,0.51208652,yes,COMMENT-0371
OPPORTUNITY-0701,LINK-1122,synthetic_comment_opportunity_linked_to_public_derived_meps,mail,not_applicable,not_offered,0.90116972,yes,COMMENT-0372
OPPORTUNITY-0702,LINK-1123,synthetic_comment_opportunity_linked_to_public_derived_meps,web,not_applicable,offered,0.28720286,no,
OPPORTUNITY-0703,LINK-1124,synthetic_comment_opportunity_linked_to_public_derived_meps,mail,not_applicable,not_offered,-0.03988954,no,
OPPORTUNITY-0704,LINK-1125,synthetic_comment_opportunity_linked_to_public_derived_meps,web,not_offered,not_offered,0.46352248,no,
OPPORTUNITY-0705,LINK-1126,synthetic_comment_opportunity_linked_to_public_derived_meps,phone,not_applicable,offered,0.67582097,yes,COMMENT-0373
OPPORTUNITY-0706,LINK-1127,synthetic_comment_opportunity_linked_to_public_derived_meps,phone,not_applicable,not_offered,0.74866581,yes,COMMENT-0374
OPPORTUNITY-0707,LINK-1129,synthetic_comment_opportunity_linked_to_public_derived_meps,web,offered,not_offered,0.87660320,yes,COMMENT-0375
OPPORTUNITY-0708,LINK-1132,synthetic_comment_opportunity_linked_to_public_derived_meps,phone,not_applicable,offered,0.24120246,no,
OPPORTUNITY-0709,LINK-1135,synthetic_comment_opportunity_linked_to_public_derived_meps,mail,not_offered,not_offered,0.50145651,no,
OPPORTUNITY-0710,LINK-1137,synthetic_comment_opportunity_linked_to_public_derived_meps,web,offered,not_offered,0.96002542,yes,COMMENT-0376
OPPORTUNITY-0711,LINK-1139,synthetic_comment_opportunity_linked_to_public_derived_meps,web,not_applicable,offered,0.59361111,yes,COMMENT-0377
OPPORTUNITY-0712,LINK-1143,synthetic_comment_opportunity_linked_to_public_derived_meps,mail,offered,not_offered,0.57523425,yes,COMMENT-0378
OPPORTUNITY-0713,LINK-1144,synthetic_comment_opportunity_linked_to_public_derived_meps,phone,not_offered,not_offered,0.69353184,yes,COMMENT-0379
OPPORTUNITY-0714,LINK-1145,synthetic_comment_opportunity_linked_to_public_derived_meps,mail,not_applicable,not_offered,0.92999822,yes,COMMENT-0380
OPPORTUNITY-0715,LINK-1146,synthetic_comment_opportunity_linked_to_public_derived_meps,web,not_applicable,not_offered,0.99042996,yes,COMMENT-0381
OPPORTUNITY-0716,LINK-1148,synthetic_comment_opportunity_linked_to_public_derived_meps,mail,not_applicable,not_offered,0.52911831,yes,COMMENT-0382
OPPORTUNITY-0717,LINK-1149,synthetic_comment_opportunity_linked_to_public_derived_meps,mail,not_applicable,not_offered,0.90923946,yes,COMMENT-0383
OPPORTUNITY-0718,LINK-1151,synthetic_comment_opportunity_linked_to_public_derived_meps,phone,not_applicable,not_offered,0.96822484,yes,COMMENT-0384
OPPORTUNITY-0719,LINK-1152,synthetic_comment_opportunity_linked_to_public_derived_meps,mail,not_applicable,not_offered,0.74648730,yes,COMMENT-0385
OPPORTUNITY-0720,LINK-1153,synthetic_comment_opportunity_linked_to_public_derived_meps,phone,not_applicable,not_offered,0.12220463,no,
OPPORTUNITY-0721,LINK-1154,synthetic_comment_opportunity_linked_to_public_derived_meps,web,not_applicable,not_offered,0.92952114,yes,COMMENT-0386
OPPORTUNITY-0722,LINK-1155,synthetic_comment_opportunity_linked_to_public_derived_meps,mail,not_applicable,offered,0.98986202,yes,COMMENT-0387
OPPORTUNITY-0723,LINK-1156,synthetic_comment_opportunity_linked_to_public_derived_meps,mail,not_applicable,not_offered,0.49650259,no,
OPPORTUNITY-0724,LINK-1158,synthetic_comment_opportunity_linked_to_public_derived_meps,mail,not_applicable,not_offered,0.37810750,no,
OPPORTUNITY-0725,LINK-1159,synthetic_comment_opportunity_linked_to_public_derived_meps,mail,not_applicable,offered,0.54657669,yes,COMMENT-0388
OPPORTUNITY-0726,LINK-1161,synthetic_comment_opportunity_linked_to_public_derived_meps,phone,not_applicable,offered,0.90326789,yes,COMMENT-0389
OPPORTUNITY-0727,LINK-1162,synthetic_comment_opportunity_linked_to_public_derived_meps,web,not_applicable,not_offered,0.90181579,yes,COMMENT-0390
OPPORTUNITY-0728,LINK-1163,synthetic_comment_opportunity_linked_to_public_derived_meps,web,not_applicable,not_offered,0.42524092,no,
OPPORTUNITY-0729,LINK-1164,synthetic_comment_opportunity_linked_to_public_derived_meps,mail,not_applicable,not_offered,0.73767208,yes,COMMENT-0391
OPPORTUNITY-0730,LINK-1165,synthetic_comment_opportunity_linked_to_public_derived_meps,mail,not_applicable,not_offered,0.22465761,no,
OPPORTUNITY-0731,LINK-1167,synthetic_comment_opportunity_linked_to_public_derived_meps,mail,not_applicable,not_offered,0.26134009,no,
OPPORTUNITY-0732,LINK-1168,synthetic_comment_opportunity_linked_to_public_derived_meps,phone,not_offered,not_offered,0.18336185,no,
OPPORTUNITY-0733,LINK-1170,synthetic_comment_opportunity_linked_to_public_derived_meps,web,not_applicable,not_offered,0.83545129,yes,COMMENT-0392
OPPORTUNITY-0734,LINK-1172,synthetic_comment_opportunity_linked_to_public_derived_meps,web,not_applicable,not_offered,0.68026836,yes,COMMENT-0393
OPPORTUNITY-0735,LINK-1173,synthetic_comment_opportunity_linked_to_public_derived_meps,mail,not_applicable,offered,0.20119245,no,
OPPORTUNITY-0736,LINK-1176,synthetic_comment_opportunity_linked_to_public_derived_meps,mail,not_applicable,not_offered,0.60000371,yes,COMMENT-0394
OPPORTUNITY-0737,LINK-1177,synthetic_comment_opportunity_linked_to_public_derived_meps,web,not_applicable,not_offered,0.26807623,no,
OPPORTUNITY-0738,LINK-1178,synthetic_comment_opportunity_linked_to_public_derived_meps,phone,not_applicable,not_offered,0.82932680,yes,COMMENT-0395
OPPORTUNITY-0739,LINK-1182,synthetic_comment_opportunity_linked_to_public_derived_meps,web,not_applicable,not_offered,0.30218158,no,
OPPORTUNITY-0740,LINK-1183,synthetic_comment_opportunity_linked_to_public_derived_meps,web,not_applicable,not_offered,0.62533837,yes,COMMENT-0396
OPPORTUNITY-0741,LINK-1187,synthetic_comment_opportunity_linked_to_public_derived_meps,web,not_applicable,offered,0.90906740,yes,COMMENT-0397
OPPORTUNITY-0742,LINK-1190,synthetic_comment_opportunity_linked_to_public_derived_meps,phone,not_applicable,offered,0.33989272,no,
OPPORTUNITY-0743,LINK-1192,synthetic_comment_opportunity_linked_to_public_derived_meps,web,not_applicable,offered,0.81150044,yes,COMMENT-0398
OPPORTUNITY-0744,LINK-1193,synthetic_comment_opportunity_linked_to_public_derived_meps,web,offered,not_offered,1.12412633,yes,COMMENT-0399
OPPORTUNITY-0745,LINK-1195,synthetic_comment_opportunity_linked_to_public_derived_meps,web,not_applicable,not_offered,0.92515762,yes,COMMENT-0400
OPPORTUNITY-0746,LINK-1196,synthetic_comment_opportunity_linked_to_public_derived_meps,web,not_offered,not_offered,0.10749588,no,
OPPORTUNITY-0747,LINK-1197,synthetic_comment_opportunity_linked_to_public_derived_meps,phone,not_applicable,offered,0.43115835,no,
OPPORTUNITY-0748,LINK-1199,synthetic_comment_opportunity_linked_to_public_derived_meps,mail,not_applicable,not_offered,0.72717651,yes,COMMENT-0401
OPPORTUNITY-0749,LINK-1200,synthetic_comment_opportunity_linked_to_public_derived_meps,mail,not_applicable,not_offered,0.06110933,no,
OPPORTUNITY-0750,LINK-1201,synthetic_comment_opportunity_linked_to_public_derived_meps,mail,not_applicable,not_offered,0.68368856,yes,COMMENT-0402
OPPORTUNITY-0751,LINK-1203,synthetic_comment_opportunity_linked_to_public_derived_meps,web,not_applicable,not_offered,0.35840163,no,
OPPORTUNITY-0752,LINK-1206,synthetic_comment_opportunity_linked_to_public_derived_meps,phone,not_applicable,offered,1.02077990,yes,COMMENT-0403
OPPORTUNITY-0753,LINK-1207,synthetic_comment_opportunity_linked_to_public_derived_meps,phone,not_applicable,not_offered,0.08604968,no,
OPPORTUNITY-0754,LINK-1210,synthetic_comment_opportunity_linked_to_public_derived_meps,phone,not_applicable,not_offered,0.31232392,no,
OPPORTUNITY-0755,LINK-1211,synthetic_comment_opportunity_linked_to_public_derived_meps,mail,not_offered,not_offered,0.72043557,yes,COMMENT-0404
OPPORTUNITY-0756,LINK-1212,synthetic_comment_opportunity_linked_to_public_derived_meps,web,not_offered,not_offered,0.77582007,yes,COMMENT-0405
OPPORTUNITY-0757,LINK-1213,synthetic_comment_opportunity_linked_to_public_derived_meps,phone,not_applicable,not_offered,0.91805474,yes,COMMENT-0406
OPPORTUNITY-0758,LINK-1214,synthetic_comment_opportunity_linked_to_public_derived_meps,web,not_applicable,offered,0.87463478,yes,COMMENT-0407
OPPORTUNITY-0759,LINK-1215,synthetic_comment_opportunity_linked_to_public_derived_meps,mail,not_applicable,not_offered,0.26543640,no,
OPPORTUNITY-0760,LINK-1219,synthetic_comment_opportunity_linked_to_public_derived_meps,mail,not_applicable,not_offered,0.73788057,yes,COMMENT-0408
OPPORTUNITY-0761,LINK-1220,synthetic_comment_opportunity_linked_to_public_derived_meps,mail,not_applicable,not_offered,0.57666530,yes,COMMENT-0409
OPPORTUNITY-0762,LINK-1221,synthetic_comment_opportunity_linked_to_public_derived_meps,web,not_applicable,not_offered,0.71888028,yes,COMMENT-0410
OPPORTUNITY-0763,LINK-1222,synthetic_comment_opportunity_linked_to_public_derived_meps,web,not_applicable,not_offered,0.47069223,no,
OPPORTUNITY-0764,LINK-1224,synthetic_comment_opportunity_linked_to_public_derived_meps,web,not_applicable,not_offered,1.06351894,yes,COMMENT-0411
OPPORTUNITY-0765,LINK-1226,synthetic_comment_opportunity_linked_to_public_derived_meps,web,offered,not_offered,0.24627568,no,
OPPORTUNITY-0766,LINK-1227,synthetic_comment_opportunity_linked_to_public_derived_meps,phone,not_applicable,not_offered,0.49350475,no,
OPPORTUNITY-0767,LINK-1228,synthetic_comment_opportunity_linked_to_public_derived_meps,mail,not_applicable,not_offered,0.92688188,yes,COMMENT-0412
OPPORTUNITY-0768,LINK-1229,synthetic_comment_opportunity_linked_to_public_derived_meps,web,not_applicable,offered,0.68692728,yes,COMMENT-0413
OPPORTUNITY-0769,LINK-1233,synthetic_comment_opportunity_linked_to_public_derived_meps,mail,not_applicable,offered,0.21909109,no,
OPPORTUNITY-0770,LINK-1236,synthetic_comment_opportunity_linked_to_public_derived_meps,mail,not_applicable,not_offered,0.31150291,no,
OPPORTUNITY-0771,LINK-1238,synthetic_comment_opportunity_linked_to_public_derived_meps,phone,not_applicable,not_offered,0.41976686,no,
OPPORTUNITY-0772,LINK-1240,synthetic_comment_opportunity_linked_to_public_derived_meps,web,not_applicable,not_offered,0.81148065,yes,COMMENT-0414
OPPORTUNITY-0773,LINK-1241,synthetic_comment_opportunity_linked_to_public_derived_meps,phone,not_applicable,not_offered,0.69234625,yes,COMMENT-0415
OPPORTUNITY-0774,LINK-1243,synthetic_comment_opportunity_linked_to_public_derived_meps,mail,offered,not_offered,0.79752319,yes,COMMENT-0416
OPPORTUNITY-0775,LINK-1245,synthetic_comment_opportunity_linked_to_public_derived_meps,phone,not_applicable,not_offered,0.25311925,no,
OPPORTUNITY-0776,LINK-1246,synthetic_comment_opportunity_linked_to_public_derived_meps,web,not_applicable,not_offered,0.19014348,no,
OPPORTUNITY-0777,LINK-1248,synthetic_comment_opportunity_linked_to_public_derived_meps,mail,not_applicable,not_offered,0.86800225,yes,COMMENT-0417
OPPORTUNITY-0778,LINK-1249,synthetic_comment_opportunity_linked_to_public_derived_meps,mail,offered,not_offered,0.84472068,yes,COMMENT-0418
OPPORTUNITY-0779,LINK-1251,synthetic_comment_opportunity_linked_to_public_derived_meps,web,not_applicable,offered,0.57948377,yes,COMMENT-0419
OPPORTUNITY-0780,LINK-1252,synthetic_comment_opportunity_linked_to_public_derived_meps,web,not_applicable,not_offered,0.48235132,no,
OPPORTUNITY-0781,LINK-1254,synthetic_comment_opportunity_linked_to_public_derived_meps,mail,not_applicable,not_offered,0.37148076,no,
OPPORTUNITY-0782,LINK-1255,synthetic_comment_opportunity_linked_to_public_derived_meps,mail,not_applicable,not_offered,0.62926792,yes,COMMENT-0420
