tract_fips,county_fips,county_name,tract_modeled_prevalence_percent,tract_map_class,county_weighted_tract_summary_percent,county_summary_class,absolute_difference_percentage_points,class_changes_after_aggregation,interpretation_limit
25001010100,25001,Barnstable,12.1,10.0% to less than 15.0%,10.5608592651,10.0% to less than 15.0%,1.5391407349,0,tract and county summaries answer different area-level questions; neither supports individual inference
25001010206,25001,Barnstable,10.8,10.0% to less than 15.0%,10.5608592651,10.0% to less than 15.0%,0.2391407349,0,tract and county summaries answer different area-level questions; neither supports individual inference
25001010208,25001,Barnstable,11.3,10.0% to less than 15.0%,10.5608592651,10.0% to less than 15.0%,0.7391407349,0,tract and county summaries answer different area-level questions; neither supports individual inference
25001010304,25001,Barnstable,11.2,10.0% to less than 15.0%,10.5608592651,10.0% to less than 15.0%,0.6391407349,0,tract and county summaries answer different area-level questions; neither supports individual inference
25001010306,25001,Barnstable,12.1,10.0% to less than 15.0%,10.5608592651,10.0% to less than 15.0%,1.5391407349,0,tract and county summaries answer different area-level questions; neither supports individual inference
25001010400,25001,Barnstable,12,10.0% to less than 15.0%,10.5608592651,10.0% to less than 15.0%,1.4391407349,0,tract and county summaries answer different area-level questions; neither supports individual inference
25001010500,25001,Barnstable,10.8,10.0% to less than 15.0%,10.5608592651,10.0% to less than 15.0%,0.2391407349,0,tract and county summaries answer different area-level questions; neither supports individual inference
25001010600,25001,Barnstable,11.8,10.0% to less than 15.0%,10.5608592651,10.0% to less than 15.0%,1.2391407349,0,tract and county summaries answer different area-level questions; neither supports individual inference
25001010700,25001,Barnstable,11.1,10.0% to less than 15.0%,10.5608592651,10.0% to less than 15.0%,0.5391407349,0,tract and county summaries answer different area-level questions; neither supports individual inference
25001010800,25001,Barnstable,10.7,10.0% to less than 15.0%,10.5608592651,10.0% to less than 15.0%,0.1391407349,0,tract and county summaries answer different area-level questions; neither supports individual inference
25001010900,25001,Barnstable,11,10.0% to less than 15.0%,10.5608592651,10.0% to less than 15.0%,0.4391407349,0,tract and county summaries answer different area-level questions; neither supports individual inference
25001011002,25001,Barnstable,10.3,10.0% to less than 15.0%,10.5608592651,10.0% to less than 15.0%,0.2608592651,0,tract and county summaries answer different area-level questions; neither supports individual inference
25001011100,25001,Barnstable,10.3,10.0% to less than 15.0%,10.5608592651,10.0% to less than 15.0%,0.2608592651,0,tract and county summaries answer different area-level questions; neither supports individual inference
25001011200,25001,Barnstable,10.6,10.0% to less than 15.0%,10.5608592651,10.0% to less than 15.0%,0.0391407349,0,tract and county summaries answer different area-level questions; neither supports individual inference
25001011300,25001,Barnstable,11.1,10.0% to less than 15.0%,10.5608592651,10.0% to less than 15.0%,0.5391407349,0,tract and county summaries answer different area-level questions; neither supports individual inference
25001011400,25001,Barnstable,11.8,10.0% to less than 15.0%,10.5608592651,10.0% to less than 15.0%,1.2391407349,0,tract and county summaries answer different area-level questions; neither supports individual inference
25001011500,25001,Barnstable,11.3,10.0% to less than 15.0%,10.5608592651,10.0% to less than 15.0%,0.7391407349,0,tract and county summaries answer different area-level questions; neither supports individual inference
25001011600,25001,Barnstable,10.8,10.0% to less than 15.0%,10.5608592651,10.0% to less than 15.0%,0.2391407349,0,tract and county summaries answer different area-level questions; neither supports individual inference
25001011700,25001,Barnstable,11.4,10.0% to less than 15.0%,10.5608592651,10.0% to less than 15.0%,0.8391407349,0,tract and county summaries answer different area-level questions; neither supports individual inference
25001011801,25001,Barnstable,11.2,10.0% to less than 15.0%,10.5608592651,10.0% to less than 15.0%,0.6391407349,0,tract and county summaries answer different area-level questions; neither supports individual inference
25001011802,25001,Barnstable,10.1,10.0% to less than 15.0%,10.5608592651,10.0% to less than 15.0%,0.4608592651,0,tract and county summaries answer different area-level questions; neither supports individual inference
25001012001,25001,Barnstable,11.1,10.0% to less than 15.0%,10.5608592651,10.0% to less than 15.0%,0.5391407349,0,tract and county summaries answer different area-level questions; neither supports individual inference
25001012002,25001,Barnstable,11.9,10.0% to less than 15.0%,10.5608592651,10.0% to less than 15.0%,1.3391407349,0,tract and county summaries answer different area-level questions; neither supports individual inference
25001012101,25001,Barnstable,10.1,10.0% to less than 15.0%,10.5608592651,10.0% to less than 15.0%,0.4608592651,0,tract and county summaries answer different area-level questions; neither supports individual inference
25001012102,25001,Barnstable,11.4,10.0% to less than 15.0%,10.5608592651,10.0% to less than 15.0%,0.8391407349,0,tract and county summaries answer different area-level questions; neither supports individual inference
25001012200,25001,Barnstable,9.2,5.0% to less than 10.0%,10.5608592651,10.0% to less than 15.0%,1.3608592651,1,tract and county summaries answer different area-level questions; neither supports individual inference
25001012502,25001,Barnstable,11.4,10.0% to less than 15.0%,10.5608592651,10.0% to less than 15.0%,0.8391407349,0,tract and county summaries answer different area-level questions; neither supports individual inference
25001012601,25001,Barnstable,11.6,10.0% to less than 15.0%,10.5608592651,10.0% to less than 15.0%,1.0391407349,0,tract and county summaries answer different area-level questions; neither supports individual inference
25001012602,25001,Barnstable,11.1,10.0% to less than 15.0%,10.5608592651,10.0% to less than 15.0%,0.5391407349,0,tract and county summaries answer different area-level questions; neither supports individual inference
25001012700,25001,Barnstable,9.8,5.0% to less than 10.0%,10.5608592651,10.0% to less than 15.0%,0.7608592651,1,tract and county summaries answer different area-level questions; neither supports individual inference
25001012800,25001,Barnstable,10.2,10.0% to less than 15.0%,10.5608592651,10.0% to less than 15.0%,0.3608592651,0,tract and county summaries answer different area-level questions; neither supports individual inference
25001012900,25001,Barnstable,9.8,5.0% to less than 10.0%,10.5608592651,10.0% to less than 15.0%,0.7608592651,1,tract and county summaries answer different area-level questions; neither supports individual inference
25001013002,25001,Barnstable,10,10.0% to less than 15.0%,10.5608592651,10.0% to less than 15.0%,0.5608592651,0,tract and county summaries answer different area-level questions; neither supports individual inference
25001013100,25001,Barnstable,9.7,5.0% to less than 10.0%,10.5608592651,10.0% to less than 15.0%,0.8608592651,1,tract and county summaries answer different area-level questions; neither supports individual inference
25001013200,25001,Barnstable,10.6,10.0% to less than 15.0%,10.5608592651,10.0% to less than 15.0%,0.0391407349,0,tract and county summaries answer different area-level questions; neither supports individual inference
25001013300,25001,Barnstable,10.3,10.0% to less than 15.0%,10.5608592651,10.0% to less than 15.0%,0.2608592651,0,tract and county summaries answer different area-level questions; neither supports individual inference
25001013400,25001,Barnstable,10.3,10.0% to less than 15.0%,10.5608592651,10.0% to less than 15.0%,0.2608592651,0,tract and county summaries answer different area-level questions; neither supports individual inference
25001013500,25001,Barnstable,8.5,5.0% to less than 10.0%,10.5608592651,10.0% to less than 15.0%,2.0608592651,1,tract and county summaries answer different area-level questions; neither supports individual inference
25001013600,25001,Barnstable,9,5.0% to less than 10.0%,10.5608592651,10.0% to less than 15.0%,1.5608592651,1,tract and county summaries answer different area-level questions; neither supports individual inference
25001013700,25001,Barnstable,7.9,5.0% to less than 10.0%,10.5608592651,10.0% to less than 15.0%,2.6608592651,1,tract and county summaries answer different area-level questions; neither supports individual inference
25001013800,25001,Barnstable,8.9,5.0% to less than 10.0%,10.5608592651,10.0% to less than 15.0%,1.6608592651,1,tract and county summaries answer different area-level questions; neither supports individual inference
25001013900,25001,Barnstable,11.3,10.0% to less than 15.0%,10.5608592651,10.0% to less than 15.0%,0.7391407349,0,tract and county summaries answer different area-level questions; neither supports individual inference
25001014002,25001,Barnstable,10.6,10.0% to less than 15.0%,10.5608592651,10.0% to less than 15.0%,0.0391407349,0,tract and county summaries answer different area-level questions; neither supports individual inference
25001014100,25001,Barnstable,4.4,less than 5.0%,10.5608592651,10.0% to less than 15.0%,6.1608592651,1,tract and county summaries answer different area-level questions; neither supports individual inference
25001014300,25001,Barnstable,9.5,5.0% to less than 10.0%,10.5608592651,10.0% to less than 15.0%,1.0608592651,1,tract and county summaries answer different area-level questions; neither supports individual inference
25001014402,25001,Barnstable,9.7,5.0% to less than 10.0%,10.5608592651,10.0% to less than 15.0%,0.8608592651,1,tract and county summaries answer different area-level questions; neither supports individual inference
25001014500,25001,Barnstable,10,10.0% to less than 15.0%,10.5608592651,10.0% to less than 15.0%,0.5608592651,0,tract and county summaries answer different area-level questions; neither supports individual inference
25001014600,25001,Barnstable,10.4,10.0% to less than 15.0%,10.5608592651,10.0% to less than 15.0%,0.1608592651,0,tract and county summaries answer different area-level questions; neither supports individual inference
25001014700,25001,Barnstable,12.1,10.0% to less than 15.0%,10.5608592651,10.0% to less than 15.0%,1.5391407349,0,tract and county summaries answer different area-level questions; neither supports individual inference
25001014800,25001,Barnstable,14.8,10.0% to less than 15.0%,10.5608592651,10.0% to less than 15.0%,4.2391407349,0,tract and county summaries answer different area-level questions; neither supports individual inference
25001014900,25001,Barnstable,9.9,5.0% to less than 10.0%,10.5608592651,10.0% to less than 15.0%,0.6608592651,1,tract and county summaries answer different area-level questions; neither supports individual inference
25001015001,25001,Barnstable,9.6,5.0% to less than 10.0%,10.5608592651,10.0% to less than 15.0%,0.9608592651,1,tract and county summaries answer different area-level questions; neither supports individual inference
25001015002,25001,Barnstable,11.6,10.0% to less than 15.0%,10.5608592651,10.0% to less than 15.0%,1.0391407349,0,tract and county summaries answer different area-level questions; neither supports individual inference
25001015100,25001,Barnstable,10.9,10.0% to less than 15.0%,10.5608592651,10.0% to less than 15.0%,0.3391407349,0,tract and county summaries answer different area-level questions; neither supports individual inference
25001015200,25001,Barnstable,10.2,10.0% to less than 15.0%,10.5608592651,10.0% to less than 15.0%,0.3608592651,0,tract and county summaries answer different area-level questions; neither supports individual inference
25001015300,25001,Barnstable,12.6,10.0% to less than 15.0%,10.5608592651,10.0% to less than 15.0%,2.0391407349,0,tract and county summaries answer different area-level questions; neither supports individual inference
25003900100,25003,Berkshire,14.3,10.0% to less than 15.0%,10.8139601753,10.0% to less than 15.0%,3.4860398247,0,tract and county summaries answer different area-level questions; neither supports individual inference
25003900200,25003,Berkshire,11.6,10.0% to less than 15.0%,10.8139601753,10.0% to less than 15.0%,0.7860398247,0,tract and county summaries answer different area-level questions; neither supports individual inference
25003900300,25003,Berkshire,9.1,5.0% to less than 10.0%,10.8139601753,10.0% to less than 15.0%,1.7139601753,1,tract and county summaries answer different area-level questions; neither supports individual inference
25003900400,25003,Berkshire,10.5,10.0% to less than 15.0%,10.8139601753,10.0% to less than 15.0%,0.3139601753,0,tract and county summaries answer different area-level questions; neither supports individual inference
25003900500,25003,Berkshire,11.5,10.0% to less than 15.0%,10.8139601753,10.0% to less than 15.0%,0.6860398247,0,tract and county summaries answer different area-level questions; neither supports individual inference
25003900600,25003,Berkshire,13.4,10.0% to less than 15.0%,10.8139601753,10.0% to less than 15.0%,2.5860398247,0,tract and county summaries answer different area-level questions; neither supports individual inference
25003900700,25003,Berkshire,9.9,5.0% to less than 10.0%,10.8139601753,10.0% to less than 15.0%,0.9139601753,1,tract and county summaries answer different area-level questions; neither supports individual inference
25003900800,25003,Berkshire,9.4,5.0% to less than 10.0%,10.8139601753,10.0% to less than 15.0%,1.4139601753,1,tract and county summaries answer different area-level questions; neither supports individual inference
25003900900,25003,Berkshire,10.7,10.0% to less than 15.0%,10.8139601753,10.0% to less than 15.0%,0.1139601753,0,tract and county summaries answer different area-level questions; neither supports individual inference
25003901100,25003,Berkshire,11.8,10.0% to less than 15.0%,10.8139601753,10.0% to less than 15.0%,0.9860398247,0,tract and county summaries answer different area-level questions; neither supports individual inference
25003911100,25003,Berkshire,10.2,10.0% to less than 15.0%,10.8139601753,10.0% to less than 15.0%,0.6139601753,0,tract and county summaries answer different area-level questions; neither supports individual inference
25003912100,25003,Berkshire,10.2,10.0% to less than 15.0%,10.8139601753,10.0% to less than 15.0%,0.6139601753,0,tract and county summaries answer different area-level questions; neither supports individual inference
25003913100,25003,Berkshire,11.3,10.0% to less than 15.0%,10.8139601753,10.0% to less than 15.0%,0.4860398247,0,tract and county summaries answer different area-level questions; neither supports individual inference
25003914100,25003,Berkshire,10.4,10.0% to less than 15.0%,10.8139601753,10.0% to less than 15.0%,0.4139601753,0,tract and county summaries answer different area-level questions; neither supports individual inference
25003920101,25003,Berkshire,7.4,5.0% to less than 10.0%,10.8139601753,10.0% to less than 15.0%,3.4139601753,1,tract and county summaries answer different area-level questions; neither supports individual inference
25003920102,25003,Berkshire,8.8,5.0% to less than 10.0%,10.8139601753,10.0% to less than 15.0%,2.0139601753,1,tract and county summaries answer different area-level questions; neither supports individual inference
25003921300,25003,Berkshire,10.8,10.0% to less than 15.0%,10.8139601753,10.0% to less than 15.0%,0.0139601753,0,tract and county summaries answer different area-level questions; neither supports individual inference
25003921400,25003,Berkshire,11.9,10.0% to less than 15.0%,10.8139601753,10.0% to less than 15.0%,1.0860398247,0,tract and county summaries answer different area-level questions; neither supports individual inference
25003921500,25003,Berkshire,12,10.0% to less than 15.0%,10.8139601753,10.0% to less than 15.0%,1.1860398247,0,tract and county summaries answer different area-level questions; neither supports individual inference
25003922100,25003,Berkshire,11.7,10.0% to less than 15.0%,10.8139601753,10.0% to less than 15.0%,0.8860398247,0,tract and county summaries answer different area-level questions; neither supports individual inference
25003922200,25003,Berkshire,10.8,10.0% to less than 15.0%,10.8139601753,10.0% to less than 15.0%,0.0139601753,0,tract and county summaries answer different area-level questions; neither supports individual inference
25003922300,25003,Berkshire,11.7,10.0% to less than 15.0%,10.8139601753,10.0% to less than 15.0%,0.8860398247,0,tract and county summaries answer different area-level questions; neither supports individual inference
25003923100,25003,Berkshire,10.9,10.0% to less than 15.0%,10.8139601753,10.0% to less than 15.0%,0.0860398247,0,tract and county summaries answer different area-level questions; neither supports individual inference
25003924100,25003,Berkshire,12.1,10.0% to less than 15.0%,10.8139601753,10.0% to less than 15.0%,1.2860398247,0,tract and county summaries answer different area-level questions; neither supports individual inference
25003925101,25003,Berkshire,9.4,5.0% to less than 10.0%,10.8139601753,10.0% to less than 15.0%,1.4139601753,1,tract and county summaries answer different area-level questions; neither supports individual inference
25003925102,25003,Berkshire,10.5,10.0% to less than 15.0%,10.8139601753,10.0% to less than 15.0%,0.3139601753,0,tract and county summaries answer different area-level questions; neither supports individual inference
25003926100,25003,Berkshire,10.4,10.0% to less than 15.0%,10.8139601753,10.0% to less than 15.0%,0.4139601753,0,tract and county summaries answer different area-level questions; neither supports individual inference
25003931100,25003,Berkshire,10.4,10.0% to less than 15.0%,10.8139601753,10.0% to less than 15.0%,0.4139601753,0,tract and county summaries answer different area-level questions; neither supports individual inference
25003931300,25003,Berkshire,11.7,10.0% to less than 15.0%,10.8139601753,10.0% to less than 15.0%,0.8860398247,0,tract and county summaries answer different area-level questions; neither supports individual inference
25003931400,25003,Berkshire,9.9,5.0% to less than 10.0%,10.8139601753,10.0% to less than 15.0%,0.9139601753,1,tract and county summaries answer different area-level questions; neither supports individual inference
25003932200,25003,Berkshire,11.1,10.0% to less than 15.0%,10.8139601753,10.0% to less than 15.0%,0.2860398247,0,tract and county summaries answer different area-level questions; neither supports individual inference
25003932300,25003,Berkshire,11.8,10.0% to less than 15.0%,10.8139601753,10.0% to less than 15.0%,0.9860398247,0,tract and county summaries answer different area-level questions; neither supports individual inference
25003933200,25003,Berkshire,10.7,10.0% to less than 15.0%,10.8139601753,10.0% to less than 15.0%,0.1139601753,0,tract and county summaries answer different area-level questions; neither supports individual inference
25003933300,25003,Berkshire,11.2,10.0% to less than 15.0%,10.8139601753,10.0% to less than 15.0%,0.3860398247,0,tract and county summaries answer different area-level questions; neither supports individual inference
25003933400,25003,Berkshire,11.3,10.0% to less than 15.0%,10.8139601753,10.0% to less than 15.0%,0.4860398247,0,tract and county summaries answer different area-level questions; neither supports individual inference
25003934200,25003,Berkshire,9.8,5.0% to less than 10.0%,10.8139601753,10.0% to less than 15.0%,1.0139601753,1,tract and county summaries answer different area-level questions; neither supports individual inference
25003934300,25003,Berkshire,10.7,10.0% to less than 15.0%,10.8139601753,10.0% to less than 15.0%,0.1139601753,0,tract and county summaries answer different area-level questions; neither supports individual inference
25003935100,25003,Berkshire,11.4,10.0% to less than 15.0%,10.8139601753,10.0% to less than 15.0%,0.5860398247,0,tract and county summaries answer different area-level questions; neither supports individual inference
25003935200,25003,Berkshire,10.3,10.0% to less than 15.0%,10.8139601753,10.0% to less than 15.0%,0.5139601753,0,tract and county summaries answer different area-level questions; neither supports individual inference
25003935300,25003,Berkshire,12.4,10.0% to less than 15.0%,10.8139601753,10.0% to less than 15.0%,1.5860398247,0,tract and county summaries answer different area-level questions; neither supports individual inference
25005600100,25005,Bristol,9.8,5.0% to less than 10.0%,10.7395653812,10.0% to less than 15.0%,0.9395653812,1,tract and county summaries answer different area-level questions; neither supports individual inference
25005600202,25005,Bristol,9.4,5.0% to less than 10.0%,10.7395653812,10.0% to less than 15.0%,1.3395653812,1,tract and county summaries answer different area-level questions; neither supports individual inference
25005600203,25005,Bristol,9.8,5.0% to less than 10.0%,10.7395653812,10.0% to less than 15.0%,0.9395653812,1,tract and county summaries answer different area-level questions; neither supports individual inference
25005600204,25005,Bristol,8.5,5.0% to less than 10.0%,10.7395653812,10.0% to less than 15.0%,2.2395653812,1,tract and county summaries answer different area-level questions; neither supports individual inference
25005610100,25005,Bristol,8,5.0% to less than 10.0%,10.7395653812,10.0% to less than 15.0%,2.7395653812,1,tract and county summaries answer different area-level questions; neither supports individual inference
25005610202,25005,Bristol,8,5.0% to less than 10.0%,10.7395653812,10.0% to less than 15.0%,2.7395653812,1,tract and county summaries answer different area-level questions; neither supports individual inference
25005610203,25005,Bristol,7.9,5.0% to less than 10.0%,10.7395653812,10.0% to less than 15.0%,2.8395653812,1,tract and county summaries answer different area-level questions; neither supports individual inference
25005610204,25005,Bristol,8.3,5.0% to less than 10.0%,10.7395653812,10.0% to less than 15.0%,2.4395653812,1,tract and county summaries answer different area-level questions; neither supports individual inference
25005611101,25005,Bristol,8.8,5.0% to less than 10.0%,10.7395653812,10.0% to less than 15.0%,1.9395653812,1,tract and county summaries answer different area-level questions; neither supports individual inference
25005611102,25005,Bristol,6.6,5.0% to less than 10.0%,10.7395653812,10.0% to less than 15.0%,4.1395653812,1,tract and county summaries answer different area-level questions; neither supports individual inference
25005611201,25005,Bristol,9.3,5.0% to less than 10.0%,10.7395653812,10.0% to less than 15.0%,1.4395653812,1,tract and county summaries answer different area-level questions; neither supports individual inference
25005611202,25005,Bristol,8.7,5.0% to less than 10.0%,10.7395653812,10.0% to less than 15.0%,2.0395653812,1,tract and county summaries answer different area-level questions; neither supports individual inference
25005612100,25005,Bristol,10.2,10.0% to less than 15.0%,10.7395653812,10.0% to less than 15.0%,0.5395653812,0,tract and county summaries answer different area-level questions; neither supports individual inference
25005612201,25005,Bristol,10.3,10.0% to less than 15.0%,10.7395653812,10.0% to less than 15.0%,0.4395653812,0,tract and county summaries answer different area-level questions; neither supports individual inference
25005612202,25005,Bristol,9.8,5.0% to less than 10.0%,10.7395653812,10.0% to less than 15.0%,0.9395653812,1,tract and county summaries answer different area-level questions; neither supports individual inference
25005613100,25005,Bristol,11.2,10.0% to less than 15.0%,10.7395653812,10.0% to less than 15.0%,0.4604346188,0,tract and county summaries answer different area-level questions; neither supports individual inference
25005613300,25005,Bristol,9.6,5.0% to less than 10.0%,10.7395653812,10.0% to less than 15.0%,1.1395653812,1,tract and county summaries answer different area-level questions; neither supports individual inference
25005613400,25005,Bristol,10.7,10.0% to less than 15.0%,10.7395653812,10.0% to less than 15.0%,0.0395653812,0,tract and county summaries answer different area-level questions; neither supports individual inference
25005613600,25005,Bristol,12.6,10.0% to less than 15.0%,10.7395653812,10.0% to less than 15.0%,1.8604346188,0,tract and county summaries answer different area-level questions; neither supports individual inference
25005613700,25005,Bristol,11,10.0% to less than 15.0%,10.7395653812,10.0% to less than 15.0%,0.2604346188,0,tract and county summaries answer different area-level questions; neither supports individual inference
25005613800,25005,Bristol,12.4,10.0% to less than 15.0%,10.7395653812,10.0% to less than 15.0%,1.6604346188,0,tract and county summaries answer different area-level questions; neither supports individual inference
25005613901,25005,Bristol,11.4,10.0% to less than 15.0%,10.7395653812,10.0% to less than 15.0%,0.6604346188,0,tract and county summaries answer different area-level questions; neither supports individual inference
25005613902,25005,Bristol,11.5,10.0% to less than 15.0%,10.7395653812,10.0% to less than 15.0%,0.7604346188,0,tract and county summaries answer different area-level questions; neither supports individual inference
25005614000,25005,Bristol,13.9,10.0% to less than 15.0%,10.7395653812,10.0% to less than 15.0%,3.1604346188,0,tract and county summaries answer different area-level questions; neither supports individual inference
25005614101,25005,Bristol,10.4,10.0% to less than 15.0%,10.7395653812,10.0% to less than 15.0%,0.3395653812,0,tract and county summaries answer different area-level questions; neither supports individual inference
25005614102,25005,Bristol,10.1,10.0% to less than 15.0%,10.7395653812,10.0% to less than 15.0%,0.6395653812,0,tract and county summaries answer different area-level questions; neither supports individual inference
25005615100,25005,Bristol,8.5,5.0% to less than 10.0%,10.7395653812,10.0% to less than 15.0%,2.2395653812,1,tract and county summaries answer different area-level questions; neither supports individual inference
25005616100,25005,Bristol,8.3,5.0% to less than 10.0%,10.7395653812,10.0% to less than 15.0%,2.4395653812,1,tract and county summaries answer different area-level questions; neither supports individual inference
25005617101,25005,Bristol,8.8,5.0% to less than 10.0%,10.7395653812,10.0% to less than 15.0%,1.9395653812,1,tract and county summaries answer different area-level questions; neither supports individual inference
25005617102,25005,Bristol,9.3,5.0% to less than 10.0%,10.7395653812,10.0% to less than 15.0%,1.4395653812,1,tract and county summaries answer different area-level questions; neither supports individual inference
25005630101,25005,Bristol,8.7,5.0% to less than 10.0%,10.7395653812,10.0% to less than 15.0%,2.0395653812,1,tract and county summaries answer different area-level questions; neither supports individual inference
25005630102,25005,Bristol,8.8,5.0% to less than 10.0%,10.7395653812,10.0% to less than 15.0%,1.9395653812,1,tract and county summaries answer different area-level questions; neither supports individual inference
25005630201,25005,Bristol,9.6,5.0% to less than 10.0%,10.7395653812,10.0% to less than 15.0%,1.1395653812,1,tract and county summaries answer different area-level questions; neither supports individual inference
25005630202,25005,Bristol,7.8,5.0% to less than 10.0%,10.7395653812,10.0% to less than 15.0%,2.9395653812,1,tract and county summaries answer different area-level questions; neither supports individual inference
25005630301,25005,Bristol,8.5,5.0% to less than 10.0%,10.7395653812,10.0% to less than 15.0%,2.2395653812,1,tract and county summaries answer different area-level questions; neither supports individual inference
25005630302,25005,Bristol,7.7,5.0% to less than 10.0%,10.7395653812,10.0% to less than 15.0%,3.0395653812,1,tract and county summaries answer different area-level questions; neither supports individual inference
25005630400,25005,Bristol,9,5.0% to less than 10.0%,10.7395653812,10.0% to less than 15.0%,1.7395653812,1,tract and county summaries answer different area-level questions; neither supports individual inference
25005631101,25005,Bristol,11.8,10.0% to less than 15.0%,10.7395653812,10.0% to less than 15.0%,1.0604346188,0,tract and county summaries answer different area-level questions; neither supports individual inference
25005631102,25005,Bristol,10,10.0% to less than 15.0%,10.7395653812,10.0% to less than 15.0%,0.7395653812,0,tract and county summaries answer different area-level questions; neither supports individual inference
25005631200,25005,Bristol,10.1,10.0% to less than 15.0%,10.7395653812,10.0% to less than 15.0%,0.6395653812,0,tract and county summaries answer different area-level questions; neither supports individual inference
25005631300,25005,Bristol,9.1,5.0% to less than 10.0%,10.7395653812,10.0% to less than 15.0%,1.6395653812,1,tract and county summaries answer different area-level questions; neither supports individual inference
25005631400,25005,Bristol,12,10.0% to less than 15.0%,10.7395653812,10.0% to less than 15.0%,1.2604346188,0,tract and county summaries answer different area-level questions; neither supports individual inference
25005631500,25005,Bristol,10.7,10.0% to less than 15.0%,10.7395653812,10.0% to less than 15.0%,0.0395653812,0,tract and county summaries answer different area-level questions; neither supports individual inference
25005631600,25005,Bristol,12.8,10.0% to less than 15.0%,10.7395653812,10.0% to less than 15.0%,2.0604346188,0,tract and county summaries answer different area-level questions; neither supports individual inference
25005631700,25005,Bristol,8.9,5.0% to less than 10.0%,10.7395653812,10.0% to less than 15.0%,1.8395653812,1,tract and county summaries answer different area-level questions; neither supports individual inference
25005631800,25005,Bristol,10.8,10.0% to less than 15.0%,10.7395653812,10.0% to less than 15.0%,0.0604346188,0,tract and county summaries answer different area-level questions; neither supports individual inference
25005632100,25005,Bristol,9.3,5.0% to less than 10.0%,10.7395653812,10.0% to less than 15.0%,1.4395653812,1,tract and county summaries answer different area-level questions; neither supports individual inference
25005632200,25005,Bristol,9.3,5.0% to less than 10.0%,10.7395653812,10.0% to less than 15.0%,1.4395653812,1,tract and county summaries answer different area-level questions; neither supports individual inference
25005633100,25005,Bristol,9.7,5.0% to less than 10.0%,10.7395653812,10.0% to less than 15.0%,1.0395653812,1,tract and county summaries answer different area-level questions; neither supports individual inference
25005633200,25005,Bristol,9.3,5.0% to less than 10.0%,10.7395653812,10.0% to less than 15.0%,1.4395653812,1,tract and county summaries answer different area-level questions; neither supports individual inference
25005640100,25005,Bristol,11.4,10.0% to less than 15.0%,10.7395653812,10.0% to less than 15.0%,0.6604346188,0,tract and county summaries answer different area-level questions; neither supports individual inference
25005640201,25005,Bristol,14.7,10.0% to less than 15.0%,10.7395653812,10.0% to less than 15.0%,3.9604346188,0,tract and county summaries answer different area-level questions; neither supports individual inference
25005640202,25005,Bristol,15.8,15.0% to less than 20.0%,10.7395653812,10.0% to less than 15.0%,5.0604346188,1,tract and county summaries answer different area-level questions; neither supports individual inference
25005640300,25005,Bristol,12.2,10.0% to less than 15.0%,10.7395653812,10.0% to less than 15.0%,1.4604346188,0,tract and county summaries answer different area-level questions; neither supports individual inference
25005640400,25005,Bristol,12.8,10.0% to less than 15.0%,10.7395653812,10.0% to less than 15.0%,2.0604346188,0,tract and county summaries answer different area-level questions; neither supports individual inference
25005640500,25005,Bristol,12.3,10.0% to less than 15.0%,10.7395653812,10.0% to less than 15.0%,1.5604346188,0,tract and county summaries answer different area-level questions; neither supports individual inference
25005640600,25005,Bristol,12.6,10.0% to less than 15.0%,10.7395653812,10.0% to less than 15.0%,1.8604346188,0,tract and county summaries answer different area-level questions; neither supports individual inference
25005640700,25005,Bristol,11.7,10.0% to less than 15.0%,10.7395653812,10.0% to less than 15.0%,0.9604346188,0,tract and county summaries answer different area-level questions; neither supports individual inference
25005640800,25005,Bristol,10.1,10.0% to less than 15.0%,10.7395653812,10.0% to less than 15.0%,0.6395653812,0,tract and county summaries answer different area-level questions; neither supports individual inference
25005640901,25005,Bristol,10.9,10.0% to less than 15.0%,10.7395653812,10.0% to less than 15.0%,0.1604346188,0,tract and county summaries answer different area-level questions; neither supports individual inference
25005641000,25005,Bristol,16.4,15.0% to less than 20.0%,10.7395653812,10.0% to less than 15.0%,5.6604346188,1,tract and county summaries answer different area-level questions; neither supports individual inference
25005641101,25005,Bristol,20.6,20.0% or greater,10.7395653812,10.0% to less than 15.0%,9.8604346188,1,tract and county summaries answer different area-level questions; neither supports individual inference
25005641200,25005,Bristol,14.5,10.0% to less than 15.0%,10.7395653812,10.0% to less than 15.0%,3.7604346188,0,tract and county summaries answer different area-level questions; neither supports individual inference
25005641300,25005,Bristol,13.8,10.0% to less than 15.0%,10.7395653812,10.0% to less than 15.0%,3.0604346188,0,tract and county summaries answer different area-level questions; neither supports individual inference
25005641400,25005,Bristol,14.6,10.0% to less than 15.0%,10.7395653812,10.0% to less than 15.0%,3.8604346188,0,tract and county summaries answer different area-level questions; neither supports individual inference
25005641500,25005,Bristol,12.8,10.0% to less than 15.0%,10.7395653812,10.0% to less than 15.0%,2.0604346188,0,tract and county summaries answer different area-level questions; neither supports individual inference
25005641600,25005,Bristol,11.5,10.0% to less than 15.0%,10.7395653812,10.0% to less than 15.0%,0.7604346188,0,tract and county summaries answer different area-level questions; neither supports individual inference
25005641700,25005,Bristol,12.1,10.0% to less than 15.0%,10.7395653812,10.0% to less than 15.0%,1.3604346188,0,tract and county summaries answer different area-level questions; neither supports individual inference
25005641800,25005,Bristol,10.1,10.0% to less than 15.0%,10.7395653812,10.0% to less than 15.0%,0.6395653812,0,tract and county summaries answer different area-level questions; neither supports individual inference
25005641900,25005,Bristol,11.7,10.0% to less than 15.0%,10.7395653812,10.0% to less than 15.0%,0.9604346188,0,tract and county summaries answer different area-level questions; neither supports individual inference
25005642000,25005,Bristol,12.9,10.0% to less than 15.0%,10.7395653812,10.0% to less than 15.0%,2.1604346188,0,tract and county summaries answer different area-level questions; neither supports individual inference
25005642100,25005,Bristol,11.3,10.0% to less than 15.0%,10.7395653812,10.0% to less than 15.0%,0.5604346188,0,tract and county summaries answer different area-level questions; neither supports individual inference
25005642200,25005,Bristol,13,10.0% to less than 15.0%,10.7395653812,10.0% to less than 15.0%,2.2604346188,0,tract and county summaries answer different area-level questions; neither supports individual inference
25005642300,25005,Bristol,10.4,10.0% to less than 15.0%,10.7395653812,10.0% to less than 15.0%,0.3395653812,0,tract and county summaries answer different area-level questions; neither supports individual inference
25005642400,25005,Bristol,10.4,10.0% to less than 15.0%,10.7395653812,10.0% to less than 15.0%,0.3395653812,0,tract and county summaries answer different area-level questions; neither supports individual inference
25005642500,25005,Bristol,10,10.0% to less than 15.0%,10.7395653812,10.0% to less than 15.0%,0.7395653812,0,tract and county summaries answer different area-level questions; neither supports individual inference
25005644101,25005,Bristol,9.6,5.0% to less than 10.0%,10.7395653812,10.0% to less than 15.0%,1.1395653812,1,tract and county summaries answer different area-level questions; neither supports individual inference
25005644102,25005,Bristol,9.9,5.0% to less than 10.0%,10.7395653812,10.0% to less than 15.0%,0.8395653812,1,tract and county summaries answer different area-level questions; neither supports individual inference
25005644200,25005,Bristol,9.8,5.0% to less than 10.0%,10.7395653812,10.0% to less than 15.0%,0.9395653812,1,tract and county summaries answer different area-level questions; neither supports individual inference
25005645101,25005,Bristol,9.6,5.0% to less than 10.0%,10.7395653812,10.0% to less than 15.0%,1.1395653812,1,tract and county summaries answer different area-level questions; neither supports individual inference
25005645102,25005,Bristol,9,5.0% to less than 10.0%,10.7395653812,10.0% to less than 15.0%,1.7395653812,1,tract and county summaries answer different area-level questions; neither supports individual inference
25005645103,25005,Bristol,9.8,5.0% to less than 10.0%,10.7395653812,10.0% to less than 15.0%,0.9395653812,1,tract and county summaries answer different area-level questions; neither supports individual inference
25005646101,25005,Bristol,10.4,10.0% to less than 15.0%,10.7395653812,10.0% to less than 15.0%,0.3395653812,0,tract and county summaries answer different area-level questions; neither supports individual inference
25005646103,25005,Bristol,10.5,10.0% to less than 15.0%,10.7395653812,10.0% to less than 15.0%,0.2395653812,0,tract and county summaries answer different area-level questions; neither supports individual inference
25005646104,25005,Bristol,11.4,10.0% to less than 15.0%,10.7395653812,10.0% to less than 15.0%,0.6604346188,0,tract and county summaries answer different area-level questions; neither supports individual inference
25005650101,25005,Bristol,11.9,10.0% to less than 15.0%,10.7395653812,10.0% to less than 15.0%,1.1604346188,0,tract and county summaries answer different area-level questions; neither supports individual inference
25005650102,25005,Bristol,13.2,10.0% to less than 15.0%,10.7395653812,10.0% to less than 15.0%,2.4604346188,0,tract and county summaries answer different area-level questions; neither supports individual inference
25005650201,25005,Bristol,10.2,10.0% to less than 15.0%,10.7395653812,10.0% to less than 15.0%,0.5395653812,0,tract and county summaries answer different area-level questions; neither supports individual inference
25005650202,25005,Bristol,11.8,10.0% to less than 15.0%,10.7395653812,10.0% to less than 15.0%,1.0604346188,0,tract and county summaries answer different area-level questions; neither supports individual inference
25005650300,25005,Bristol,10.5,10.0% to less than 15.0%,10.7395653812,10.0% to less than 15.0%,0.2395653812,0,tract and county summaries answer different area-level questions; neither supports individual inference
25005650400,25005,Bristol,12.1,10.0% to less than 15.0%,10.7395653812,10.0% to less than 15.0%,1.3604346188,0,tract and county summaries answer different area-level questions; neither supports individual inference
25005650500,25005,Bristol,10.5,10.0% to less than 15.0%,10.7395653812,10.0% to less than 15.0%,0.2395653812,0,tract and county summaries answer different area-level questions; neither supports individual inference
25005650600,25005,Bristol,13,10.0% to less than 15.0%,10.7395653812,10.0% to less than 15.0%,2.2604346188,0,tract and county summaries answer different area-level questions; neither supports individual inference
25005650700,25005,Bristol,13.4,10.0% to less than 15.0%,10.7395653812,10.0% to less than 15.0%,2.6604346188,0,tract and county summaries answer different area-level questions; neither supports individual inference
25005650800,25005,Bristol,15.2,15.0% to less than 20.0%,10.7395653812,10.0% to less than 15.0%,4.4604346188,1,tract and county summaries answer different area-level questions; neither supports individual inference
25005650900,25005,Bristol,16.9,15.0% to less than 20.0%,10.7395653812,10.0% to less than 15.0%,6.1604346188,1,tract and county summaries answer different area-level questions; neither supports individual inference
25005651001,25005,Bristol,12.7,10.0% to less than 15.0%,10.7395653812,10.0% to less than 15.0%,1.9604346188,0,tract and county summaries answer different area-level questions; neither supports individual inference
25005651002,25005,Bristol,12.8,10.0% to less than 15.0%,10.7395653812,10.0% to less than 15.0%,2.0604346188,0,tract and county summaries answer different area-level questions; neither supports individual inference
25005651100,25005,Bristol,14.4,10.0% to less than 15.0%,10.7395653812,10.0% to less than 15.0%,3.6604346188,0,tract and county summaries answer different area-level questions; neither supports individual inference
25005651200,25005,Bristol,12.5,10.0% to less than 15.0%,10.7395653812,10.0% to less than 15.0%,1.7604346188,0,tract and county summaries answer different area-level questions; neither supports individual inference
25005651300,25005,Bristol,16.3,15.0% to less than 20.0%,10.7395653812,10.0% to less than 15.0%,5.5604346188,1,tract and county summaries answer different area-level questions; neither supports individual inference
25005651400,25005,Bristol,15.4,15.0% to less than 20.0%,10.7395653812,10.0% to less than 15.0%,4.6604346188,1,tract and county summaries answer different area-level questions; neither supports individual inference
25005651500,25005,Bristol,11.7,10.0% to less than 15.0%,10.7395653812,10.0% to less than 15.0%,0.9604346188,0,tract and county summaries answer different area-level questions; neither supports individual inference
25005651600,25005,Bristol,13.2,10.0% to less than 15.0%,10.7395653812,10.0% to less than 15.0%,2.4604346188,0,tract and county summaries answer different area-level questions; neither supports individual inference
25005651700,25005,Bristol,16.8,15.0% to less than 20.0%,10.7395653812,10.0% to less than 15.0%,6.0604346188,1,tract and county summaries answer different area-level questions; neither supports individual inference
25005651800,25005,Bristol,22,20.0% or greater,10.7395653812,10.0% to less than 15.0%,11.2604346188,1,tract and county summaries answer different area-level questions; neither supports individual inference
25005651900,25005,Bristol,17.6,15.0% to less than 20.0%,10.7395653812,10.0% to less than 15.0%,6.8604346188,1,tract and county summaries answer different area-level questions; neither supports individual inference
25005652000,25005,Bristol,13,10.0% to less than 15.0%,10.7395653812,10.0% to less than 15.0%,2.2604346188,0,tract and county summaries answer different area-level questions; neither supports individual inference
25005652100,25005,Bristol,10.4,10.0% to less than 15.0%,10.7395653812,10.0% to less than 15.0%,0.3395653812,0,tract and county summaries answer different area-level questions; neither supports individual inference
25005652200,25005,Bristol,11.8,10.0% to less than 15.0%,10.7395653812,10.0% to less than 15.0%,1.0604346188,0,tract and county summaries answer different area-level questions; neither supports individual inference
25005652300,25005,Bristol,13.1,10.0% to less than 15.0%,10.7395653812,10.0% to less than 15.0%,2.3604346188,0,tract and county summaries answer different area-level questions; neither supports individual inference
25005652400,25005,Bristol,12.8,10.0% to less than 15.0%,10.7395653812,10.0% to less than 15.0%,2.0604346188,0,tract and county summaries answer different area-level questions; neither supports individual inference
25005652500,25005,Bristol,12.2,10.0% to less than 15.0%,10.7395653812,10.0% to less than 15.0%,1.4604346188,0,tract and county summaries answer different area-level questions; neither supports individual inference
25005652600,25005,Bristol,14.9,10.0% to less than 15.0%,10.7395653812,10.0% to less than 15.0%,4.1604346188,0,tract and county summaries answer different area-level questions; neither supports individual inference
25005652700,25005,Bristol,13.6,10.0% to less than 15.0%,10.7395653812,10.0% to less than 15.0%,2.8604346188,0,tract and county summaries answer different area-level questions; neither supports individual inference
25005652800,25005,Bristol,10,10.0% to less than 15.0%,10.7395653812,10.0% to less than 15.0%,0.7395653812,0,tract and county summaries answer different area-level questions; neither supports individual inference
25005653101,25005,Bristol,11.3,10.0% to less than 15.0%,10.7395653812,10.0% to less than 15.0%,0.5604346188,0,tract and county summaries answer different area-level questions; neither supports individual inference
25005653102,25005,Bristol,8.2,5.0% to less than 10.0%,10.7395653812,10.0% to less than 15.0%,2.5395653812,1,tract and county summaries answer different area-level questions; neither supports individual inference
25005653203,25005,Bristol,12.5,10.0% to less than 15.0%,10.7395653812,10.0% to less than 15.0%,1.7604346188,0,tract and county summaries answer different area-level questions; neither supports individual inference
25005653204,25005,Bristol,10.7,10.0% to less than 15.0%,10.7395653812,10.0% to less than 15.0%,0.0395653812,0,tract and county summaries answer different area-level questions; neither supports individual inference
25005653301,25005,Bristol,11,10.0% to less than 15.0%,10.7395653812,10.0% to less than 15.0%,0.2604346188,0,tract and county summaries answer different area-level questions; neither supports individual inference
25005653304,25005,Bristol,10.4,10.0% to less than 15.0%,10.7395653812,10.0% to less than 15.0%,0.3395653812,0,tract and county summaries answer different area-level questions; neither supports individual inference
25005654100,25005,Bristol,9.8,5.0% to less than 10.0%,10.7395653812,10.0% to less than 15.0%,0.9395653812,1,tract and county summaries answer different area-level questions; neither supports individual inference
25005654200,25005,Bristol,10.7,10.0% to less than 15.0%,10.7395653812,10.0% to less than 15.0%,0.0395653812,0,tract and county summaries answer different area-level questions; neither supports individual inference
25005655100,25005,Bristol,9.6,5.0% to less than 10.0%,10.7395653812,10.0% to less than 15.0%,1.1395653812,1,tract and county summaries answer different area-level questions; neither supports individual inference
25005655200,25005,Bristol,11.4,10.0% to less than 15.0%,10.7395653812,10.0% to less than 15.0%,0.6604346188,0,tract and county summaries answer different area-level questions; neither supports individual inference
25005655300,25005,Bristol,11.3,10.0% to less than 15.0%,10.7395653812,10.0% to less than 15.0%,0.5604346188,0,tract and county summaries answer different area-level questions; neither supports individual inference
25005655400,25005,Bristol,11.4,10.0% to less than 15.0%,10.7395653812,10.0% to less than 15.0%,0.6604346188,0,tract and county summaries answer different area-level questions; neither supports individual inference
25005985500,25005,Bristol,3.7,less than 5.0%,10.7395653812,10.0% to less than 15.0%,7.0395653812,1,tract and county summaries answer different area-level questions; neither supports individual inference
25005985600,25005,Bristol,6,5.0% to less than 10.0%,10.7395653812,10.0% to less than 15.0%,4.7395653812,1,tract and county summaries answer different area-level questions; neither supports individual inference
25007200100,25007,Dukes,10.4,10.0% to less than 15.0%,10.2502980152,10.0% to less than 15.0%,0.1497019848,0,tract and county summaries answer different area-level questions; neither supports individual inference
25007200200,25007,Dukes,11.1,10.0% to less than 15.0%,10.2502980152,10.0% to less than 15.0%,0.8497019848,0,tract and county summaries answer different area-level questions; neither supports individual inference
25007200300,25007,Dukes,10,10.0% to less than 15.0%,10.2502980152,10.0% to less than 15.0%,0.2502980152,0,tract and county summaries answer different area-level questions; neither supports individual inference
25007200400,25007,Dukes,9.5,5.0% to less than 10.0%,10.2502980152,10.0% to less than 15.0%,0.7502980152,1,tract and county summaries answer different area-level questions; neither supports individual inference
25009201100,25009,Essex,10.4,10.0% to less than 15.0%,10.3005107343,10.0% to less than 15.0%,0.0994892657,0,tract and county summaries answer different area-level questions; neither supports individual inference
25009202101,25009,Essex,8.9,5.0% to less than 10.0%,10.3005107343,10.0% to less than 15.0%,1.4005107343,1,tract and county summaries answer different area-level questions; neither supports individual inference
25009202103,25009,Essex,9.4,5.0% to less than 10.0%,10.3005107343,10.0% to less than 15.0%,0.9005107343,1,tract and county summaries answer different area-level questions; neither supports individual inference
25009202104,25009,Essex,10.5,10.0% to less than 15.0%,10.3005107343,10.0% to less than 15.0%,0.1994892657,0,tract and county summaries answer different area-level questions; neither supports individual inference
25009202200,25009,Essex,8.5,5.0% to less than 10.0%,10.3005107343,10.0% to less than 15.0%,1.8005107343,1,tract and county summaries answer different area-level questions; neither supports individual inference
25009203100,25009,Essex,8.2,5.0% to less than 10.0%,10.3005107343,10.0% to less than 15.0%,2.1005107343,1,tract and county summaries answer different area-level questions; neither supports individual inference
25009203200,25009,Essex,8.3,5.0% to less than 10.0%,10.3005107343,10.0% to less than 15.0%,2.0005107343,1,tract and county summaries answer different area-level questions; neither supports individual inference
25009203301,25009,Essex,8.9,5.0% to less than 10.0%,10.3005107343,10.0% to less than 15.0%,1.4005107343,1,tract and county summaries answer different area-level questions; neither supports individual inference
25009203302,25009,Essex,9.4,5.0% to less than 10.0%,10.3005107343,10.0% to less than 15.0%,0.9005107343,1,tract and county summaries answer different area-level questions; neither supports individual inference
25009204101,25009,Essex,7.6,5.0% to less than 10.0%,10.3005107343,10.0% to less than 15.0%,2.7005107343,1,tract and county summaries answer different area-level questions; neither supports individual inference
25009204102,25009,Essex,8.3,5.0% to less than 10.0%,10.3005107343,10.0% to less than 15.0%,2.0005107343,1,tract and county summaries answer different area-level questions; neither supports individual inference
25009204200,25009,Essex,9,5.0% to less than 10.0%,10.3005107343,10.0% to less than 15.0%,1.3005107343,1,tract and county summaries answer different area-level questions; neither supports individual inference
25009204300,25009,Essex,12.4,10.0% to less than 15.0%,10.3005107343,10.0% to less than 15.0%,2.0994892657,0,tract and county summaries answer different area-level questions; neither supports individual inference
25009204400,25009,Essex,8.4,5.0% to less than 10.0%,10.3005107343,10.0% to less than 15.0%,1.9005107343,1,tract and county summaries answer different area-level questions; neither supports individual inference
25009204500,25009,Essex,7.4,5.0% to less than 10.0%,10.3005107343,10.0% to less than 15.0%,2.9005107343,1,tract and county summaries answer different area-level questions; neither supports individual inference
25009204600,25009,Essex,8.3,5.0% to less than 10.0%,10.3005107343,10.0% to less than 15.0%,2.0005107343,1,tract and county summaries answer different area-level questions; neither supports individual inference
25009204701,25009,Essex,11.5,10.0% to less than 15.0%,10.3005107343,10.0% to less than 15.0%,1.1994892657,0,tract and county summaries answer different area-level questions; neither supports individual inference
25009204702,25009,Essex,9.4,5.0% to less than 10.0%,10.3005107343,10.0% to less than 15.0%,0.9005107343,1,tract and county summaries answer different area-level questions; neither supports individual inference
25009205100,25009,Essex,10.4,10.0% to less than 15.0%,10.3005107343,10.0% to less than 15.0%,0.0994892657,0,tract and county summaries answer different area-level questions; neither supports individual inference
25009205200,25009,Essex,11.2,10.0% to less than 15.0%,10.3005107343,10.0% to less than 15.0%,0.8994892657,0,tract and county summaries answer different area-level questions; neither supports individual inference
25009205300,25009,Essex,9.8,5.0% to less than 10.0%,10.3005107343,10.0% to less than 15.0%,0.5005107343,1,tract and county summaries answer different area-level questions; neither supports individual inference
25009205400,25009,Essex,9.9,5.0% to less than 10.0%,10.3005107343,10.0% to less than 15.0%,0.4005107343,1,tract and county summaries answer different area-level questions; neither supports individual inference
25009205500,25009,Essex,10.4,10.0% to less than 15.0%,10.3005107343,10.0% to less than 15.0%,0.0994892657,0,tract and county summaries answer different area-level questions; neither supports individual inference
25009205600,25009,Essex,13.1,10.0% to less than 15.0%,10.3005107343,10.0% to less than 15.0%,2.7994892657,0,tract and county summaries answer different area-level questions; neither supports individual inference
25009205700,25009,Essex,9.1,5.0% to less than 10.0%,10.3005107343,10.0% to less than 15.0%,1.2005107343,1,tract and county summaries answer different area-level questions; neither supports individual inference
25009205800,25009,Essex,11.5,10.0% to less than 15.0%,10.3005107343,10.0% to less than 15.0%,1.1994892657,0,tract and county summaries answer different area-level questions; neither supports individual inference
25009205900,25009,Essex,10.7,10.0% to less than 15.0%,10.3005107343,10.0% to less than 15.0%,0.3994892657,0,tract and county summaries answer different area-level questions; neither supports individual inference
25009206000,25009,Essex,11.3,10.0% to less than 15.0%,10.3005107343,10.0% to less than 15.0%,0.9994892657,0,tract and county summaries answer different area-level questions; neither supports individual inference
25009206100,25009,Essex,12.9,10.0% to less than 15.0%,10.3005107343,10.0% to less than 15.0%,2.5994892657,0,tract and county summaries answer different area-level questions; neither supports individual inference
25009206200,25009,Essex,11.5,10.0% to less than 15.0%,10.3005107343,10.0% to less than 15.0%,1.1994892657,0,tract and county summaries answer different area-level questions; neither supports individual inference
25009206300,25009,Essex,11.4,10.0% to less than 15.0%,10.3005107343,10.0% to less than 15.0%,1.0994892657,0,tract and county summaries answer different area-level questions; neither supports individual inference
25009206400,25009,Essex,10.9,10.0% to less than 15.0%,10.3005107343,10.0% to less than 15.0%,0.5994892657,0,tract and county summaries answer different area-level questions; neither supports individual inference
25009206500,25009,Essex,14.7,10.0% to less than 15.0%,10.3005107343,10.0% to less than 15.0%,4.3994892657,0,tract and county summaries answer different area-level questions; neither supports individual inference
25009206600,25009,Essex,11.5,10.0% to less than 15.0%,10.3005107343,10.0% to less than 15.0%,1.1994892657,0,tract and county summaries answer different area-level questions; neither supports individual inference
25009206700,25009,Essex,12.2,10.0% to less than 15.0%,10.3005107343,10.0% to less than 15.0%,1.8994892657,0,tract and county summaries answer different area-level questions; neither supports individual inference
25009206800,25009,Essex,19,15.0% to less than 20.0%,10.3005107343,10.0% to less than 15.0%,8.6994892657,1,tract and county summaries answer different area-level questions; neither supports individual inference
25009206900,25009,Essex,17.9,15.0% to less than 20.0%,10.3005107343,10.0% to less than 15.0%,7.5994892657,1,tract and county summaries answer different area-level questions; neither supports individual inference
25009207000,25009,Essex,21.3,20.0% or greater,10.3005107343,10.0% to less than 15.0%,10.9994892657,1,tract and county summaries answer different area-level questions; neither supports individual inference
25009207100,25009,Essex,11.1,10.0% to less than 15.0%,10.3005107343,10.0% to less than 15.0%,0.7994892657,0,tract and county summaries answer different area-level questions; neither supports individual inference
25009207200,25009,Essex,15.1,15.0% to less than 20.0%,10.3005107343,10.0% to less than 15.0%,4.7994892657,1,tract and county summaries answer different area-level questions; neither supports individual inference
25009208101,25009,Essex,10.4,10.0% to less than 15.0%,10.3005107343,10.0% to less than 15.0%,0.0994892657,0,tract and county summaries answer different area-level questions; neither supports individual inference
25009208102,25009,Essex,10,10.0% to less than 15.0%,10.3005107343,10.0% to less than 15.0%,0.3005107343,0,tract and county summaries answer different area-level questions; neither supports individual inference
25009208200,25009,Essex,10.5,10.0% to less than 15.0%,10.3005107343,10.0% to less than 15.0%,0.1994892657,0,tract and county summaries answer different area-level questions; neither supports individual inference
25009208301,25009,Essex,11.1,10.0% to less than 15.0%,10.3005107343,10.0% to less than 15.0%,0.7994892657,0,tract and county summaries answer different area-level questions; neither supports individual inference
25009208302,25009,Essex,10.1,10.0% to less than 15.0%,10.3005107343,10.0% to less than 15.0%,0.2005107343,0,tract and county summaries answer different area-level questions; neither supports individual inference
25009208401,25009,Essex,10.1,10.0% to less than 15.0%,10.3005107343,10.0% to less than 15.0%,0.2005107343,0,tract and county summaries answer different area-level questions; neither supports individual inference
25009208402,25009,Essex,8.9,5.0% to less than 10.0%,10.3005107343,10.0% to less than 15.0%,1.4005107343,1,tract and county summaries answer different area-level questions; neither supports individual inference
25009209100,25009,Essex,9.1,5.0% to less than 10.0%,10.3005107343,10.0% to less than 15.0%,1.2005107343,1,tract and county summaries answer different area-level questions; neither supports individual inference
25009209200,25009,Essex,8,5.0% to less than 10.0%,10.3005107343,10.0% to less than 15.0%,2.3005107343,1,tract and county summaries answer different area-level questions; neither supports individual inference
25009210100,25009,Essex,9.9,5.0% to less than 10.0%,10.3005107343,10.0% to less than 15.0%,0.4005107343,1,tract and county summaries answer different area-level questions; neither supports individual inference
25009210200,25009,Essex,10.5,10.0% to less than 15.0%,10.3005107343,10.0% to less than 15.0%,0.1994892657,0,tract and county summaries answer different area-level questions; neither supports individual inference
25009210301,25009,Essex,12.2,10.0% to less than 15.0%,10.3005107343,10.0% to less than 15.0%,1.8994892657,0,tract and county summaries answer different area-level questions; neither supports individual inference
25009210302,25009,Essex,9.9,5.0% to less than 10.0%,10.3005107343,10.0% to less than 15.0%,0.4005107343,1,tract and county summaries answer different area-level questions; neither supports individual inference
25009210401,25009,Essex,9.9,5.0% to less than 10.0%,10.3005107343,10.0% to less than 15.0%,0.4005107343,1,tract and county summaries answer different area-level questions; neither supports individual inference
25009210402,25009,Essex,9.9,5.0% to less than 10.0%,10.3005107343,10.0% to less than 15.0%,0.4005107343,1,tract and county summaries answer different area-level questions; neither supports individual inference
25009210500,25009,Essex,9.1,5.0% to less than 10.0%,10.3005107343,10.0% to less than 15.0%,1.2005107343,1,tract and county summaries answer different area-level questions; neither supports individual inference
25009210600,25009,Essex,10,10.0% to less than 15.0%,10.3005107343,10.0% to less than 15.0%,0.3005107343,0,tract and county summaries answer different area-level questions; neither supports individual inference
25009210700,25009,Essex,10.1,10.0% to less than 15.0%,10.3005107343,10.0% to less than 15.0%,0.2005107343,0,tract and county summaries answer different area-level questions; neither supports individual inference
25009210800,25009,Essex,11.1,10.0% to less than 15.0%,10.3005107343,10.0% to less than 15.0%,0.7994892657,0,tract and county summaries answer different area-level questions; neither supports individual inference
25009210900,25009,Essex,10.4,10.0% to less than 15.0%,10.3005107343,10.0% to less than 15.0%,0.0994892657,0,tract and county summaries answer different area-level questions; neither supports individual inference
25009211100,25009,Essex,10.4,10.0% to less than 15.0%,10.3005107343,10.0% to less than 15.0%,0.0994892657,0,tract and county summaries answer different area-level questions; neither supports individual inference
25009211201,25009,Essex,8.3,5.0% to less than 10.0%,10.3005107343,10.0% to less than 15.0%,2.0005107343,1,tract and county summaries answer different area-level questions; neither supports individual inference
25009211202,25009,Essex,9,5.0% to less than 10.0%,10.3005107343,10.0% to less than 15.0%,1.3005107343,1,tract and county summaries answer different area-level questions; neither supports individual inference
25009211300,25009,Essex,8.8,5.0% to less than 10.0%,10.3005107343,10.0% to less than 15.0%,1.5005107343,1,tract and county summaries answer different area-level questions; neither supports individual inference
25009211401,25009,Essex,10.3,10.0% to less than 15.0%,10.3005107343,10.0% to less than 15.0%,0.0005107343,0,tract and county summaries answer different area-level questions; neither supports individual inference
25009211402,25009,Essex,8.4,5.0% to less than 10.0%,10.3005107343,10.0% to less than 15.0%,1.9005107343,1,tract and county summaries answer different area-level questions; neither supports individual inference
25009212101,25009,Essex,8.7,5.0% to less than 10.0%,10.3005107343,10.0% to less than 15.0%,1.6005107343,1,tract and county summaries answer different area-level questions; neither supports individual inference
25009212102,25009,Essex,9.6,5.0% to less than 10.0%,10.3005107343,10.0% to less than 15.0%,0.7005107343,1,tract and county summaries answer different area-level questions; neither supports individual inference
25009213100,25009,Essex,8.1,5.0% to less than 10.0%,10.3005107343,10.0% to less than 15.0%,2.2005107343,1,tract and county summaries answer different area-level questions; neither supports individual inference
25009214100,25009,Essex,8.8,5.0% to less than 10.0%,10.3005107343,10.0% to less than 15.0%,1.5005107343,1,tract and county summaries answer different area-level questions; neither supports individual inference
25009215101,25009,Essex,8.5,5.0% to less than 10.0%,10.3005107343,10.0% to less than 15.0%,1.8005107343,1,tract and county summaries answer different area-level questions; neither supports individual inference
25009215102,25009,Essex,8.5,5.0% to less than 10.0%,10.3005107343,10.0% to less than 15.0%,1.8005107343,1,tract and county summaries answer different area-level questions; neither supports individual inference
25009216100,25009,Essex,6.8,5.0% to less than 10.0%,10.3005107343,10.0% to less than 15.0%,3.5005107343,1,tract and county summaries answer different area-level questions; neither supports individual inference
25009217101,25009,Essex,10.5,10.0% to less than 15.0%,10.3005107343,10.0% to less than 15.0%,0.1994892657,0,tract and county summaries answer different area-level questions; neither supports individual inference
25009217102,25009,Essex,9.4,5.0% to less than 10.0%,10.3005107343,10.0% to less than 15.0%,0.9005107343,1,tract and county summaries answer different area-level questions; neither supports individual inference
25009217201,25009,Essex,8.3,5.0% to less than 10.0%,10.3005107343,10.0% to less than 15.0%,2.0005107343,1,tract and county summaries answer different area-level questions; neither supports individual inference
25009217202,25009,Essex,8.5,5.0% to less than 10.0%,10.3005107343,10.0% to less than 15.0%,1.8005107343,1,tract and county summaries answer different area-level questions; neither supports individual inference
25009217300,25009,Essex,9.5,5.0% to less than 10.0%,10.3005107343,10.0% to less than 15.0%,0.8005107343,1,tract and county summaries answer different area-level questions; neither supports individual inference
25009217401,25009,Essex,8.8,5.0% to less than 10.0%,10.3005107343,10.0% to less than 15.0%,1.5005107343,1,tract and county summaries answer different area-level questions; neither supports individual inference
25009217402,25009,Essex,7.7,5.0% to less than 10.0%,10.3005107343,10.0% to less than 15.0%,2.6005107343,1,tract and county summaries answer different area-level questions; neither supports individual inference
25009217500,25009,Essex,8.3,5.0% to less than 10.0%,10.3005107343,10.0% to less than 15.0%,2.0005107343,1,tract and county summaries answer different area-level questions; neither supports individual inference
25009217601,25009,Essex,9.7,5.0% to less than 10.0%,10.3005107343,10.0% to less than 15.0%,0.6005107343,1,tract and county summaries answer different area-level questions; neither supports individual inference
25009217602,25009,Essex,5,5.0% to less than 10.0%,10.3005107343,10.0% to less than 15.0%,5.3005107343,1,tract and county summaries answer different area-level questions; neither supports individual inference
25009218100,25009,Essex,8.5,5.0% to less than 10.0%,10.3005107343,10.0% to less than 15.0%,1.8005107343,1,tract and county summaries answer different area-level questions; neither supports individual inference
25009220101,25009,Essex,10.8,10.0% to less than 15.0%,10.3005107343,10.0% to less than 15.0%,0.4994892657,0,tract and county summaries answer different area-level questions; neither supports individual inference
25009220102,25009,Essex,11.4,10.0% to less than 15.0%,10.3005107343,10.0% to less than 15.0%,1.0994892657,0,tract and county summaries answer different area-level questions; neither supports individual inference
25009221100,25009,Essex,11,10.0% to less than 15.0%,10.3005107343,10.0% to less than 15.0%,0.6994892657,0,tract and county summaries answer different area-level questions; neither supports individual inference
25009221300,25009,Essex,10.8,10.0% to less than 15.0%,10.3005107343,10.0% to less than 15.0%,0.4994892657,0,tract and county summaries answer different area-level questions; neither supports individual inference
25009221400,25009,Essex,11.7,10.0% to less than 15.0%,10.3005107343,10.0% to less than 15.0%,1.3994892657,0,tract and county summaries answer different area-level questions; neither supports individual inference
25009221500,25009,Essex,12.6,10.0% to less than 15.0%,10.3005107343,10.0% to less than 15.0%,2.2994892657,0,tract and county summaries answer different area-level questions; neither supports individual inference
25009221600,25009,Essex,11.1,10.0% to less than 15.0%,10.3005107343,10.0% to less than 15.0%,0.7994892657,0,tract and county summaries answer different area-level questions; neither supports individual inference
25009221700,25009,Essex,10.7,10.0% to less than 15.0%,10.3005107343,10.0% to less than 15.0%,0.3994892657,0,tract and county summaries answer different area-level questions; neither supports individual inference
25009221800,25009,Essex,11.6,10.0% to less than 15.0%,10.3005107343,10.0% to less than 15.0%,1.2994892657,0,tract and county summaries answer different area-level questions; neither supports individual inference
25009221901,25009,Essex,10,10.0% to less than 15.0%,10.3005107343,10.0% to less than 15.0%,0.3005107343,0,tract and county summaries answer different area-level questions; neither supports individual inference
25009221902,25009,Essex,10.1,10.0% to less than 15.0%,10.3005107343,10.0% to less than 15.0%,0.2005107343,0,tract and county summaries answer different area-level questions; neither supports individual inference
25009222100,25009,Essex,8.4,5.0% to less than 10.0%,10.3005107343,10.0% to less than 15.0%,1.9005107343,1,tract and county summaries answer different area-level questions; neither supports individual inference
25009223100,25009,Essex,10.5,10.0% to less than 15.0%,10.3005107343,10.0% to less than 15.0%,0.1994892657,0,tract and county summaries answer different area-level questions; neither supports individual inference
25009223200,25009,Essex,9,5.0% to less than 10.0%,10.3005107343,10.0% to less than 15.0%,1.3005107343,1,tract and county summaries answer different area-level questions; neither supports individual inference
25009223300,25009,Essex,9.3,5.0% to less than 10.0%,10.3005107343,10.0% to less than 15.0%,1.0005107343,1,tract and county summaries answer different area-level questions; neither supports individual inference
25009250100,25009,Essex,15.9,15.0% to less than 20.0%,10.3005107343,10.0% to less than 15.0%,5.5994892657,1,tract and county summaries answer different area-level questions; neither supports individual inference
25009250200,25009,Essex,11.1,10.0% to less than 15.0%,10.3005107343,10.0% to less than 15.0%,0.7994892657,0,tract and county summaries answer different area-level questions; neither supports individual inference
25009250300,25009,Essex,14.7,10.0% to less than 15.0%,10.3005107343,10.0% to less than 15.0%,4.3994892657,0,tract and county summaries answer different area-level questions; neither supports individual inference
25009250400,25009,Essex,16.6,15.0% to less than 20.0%,10.3005107343,10.0% to less than 15.0%,6.2994892657,1,tract and county summaries answer different area-level questions; neither supports individual inference
25009250500,25009,Essex,13.6,10.0% to less than 15.0%,10.3005107343,10.0% to less than 15.0%,3.2994892657,0,tract and county summaries answer different area-level questions; neither supports individual inference
25009250600,25009,Essex,13.6,10.0% to less than 15.0%,10.3005107343,10.0% to less than 15.0%,3.2994892657,0,tract and county summaries answer different area-level questions; neither supports individual inference
25009250700,25009,Essex,13.4,10.0% to less than 15.0%,10.3005107343,10.0% to less than 15.0%,3.0994892657,0,tract and county summaries answer different area-level questions; neither supports individual inference
25009250800,25009,Essex,11.7,10.0% to less than 15.0%,10.3005107343,10.0% to less than 15.0%,1.3994892657,0,tract and county summaries answer different area-level questions; neither supports individual inference
25009250900,25009,Essex,22.1,20.0% or greater,10.3005107343,10.0% to less than 15.0%,11.7994892657,1,tract and county summaries answer different area-level questions; neither supports individual inference
25009251000,25009,Essex,16.3,15.0% to less than 20.0%,10.3005107343,10.0% to less than 15.0%,5.9994892657,1,tract and county summaries answer different area-level questions; neither supports individual inference
25009251100,25009,Essex,21.8,20.0% or greater,10.3005107343,10.0% to less than 15.0%,11.4994892657,1,tract and county summaries answer different area-level questions; neither supports individual inference
25009251200,25009,Essex,18.7,15.0% to less than 20.0%,10.3005107343,10.0% to less than 15.0%,8.3994892657,1,tract and county summaries answer different area-level questions; neither supports individual inference
25009251300,25009,Essex,19.4,15.0% to less than 20.0%,10.3005107343,10.0% to less than 15.0%,9.0994892657,1,tract and county summaries answer different area-level questions; neither supports individual inference
25009251400,25009,Essex,15.4,15.0% to less than 20.0%,10.3005107343,10.0% to less than 15.0%,5.0994892657,1,tract and county summaries answer different area-level questions; neither supports individual inference
25009251500,25009,Essex,14,10.0% to less than 15.0%,10.3005107343,10.0% to less than 15.0%,3.6994892657,0,tract and county summaries answer different area-level questions; neither supports individual inference
25009251600,25009,Essex,13.1,10.0% to less than 15.0%,10.3005107343,10.0% to less than 15.0%,2.7994892657,0,tract and county summaries answer different area-level questions; neither supports individual inference
25009251700,25009,Essex,12.2,10.0% to less than 15.0%,10.3005107343,10.0% to less than 15.0%,1.8994892657,0,tract and county summaries answer different area-level questions; neither supports individual inference
25009251800,25009,Essex,11.9,10.0% to less than 15.0%,10.3005107343,10.0% to less than 15.0%,1.5994892657,0,tract and county summaries answer different area-level questions; neither supports individual inference
25009252101,25009,Essex,10.7,10.0% to less than 15.0%,10.3005107343,10.0% to less than 15.0%,0.3994892657,0,tract and county summaries answer different area-level questions; neither supports individual inference
25009252102,25009,Essex,9.7,5.0% to less than 10.0%,10.3005107343,10.0% to less than 15.0%,0.6005107343,1,tract and county summaries answer different area-level questions; neither supports individual inference
25009252201,25009,Essex,10.7,10.0% to less than 15.0%,10.3005107343,10.0% to less than 15.0%,0.3994892657,0,tract and county summaries answer different area-level questions; neither supports individual inference
25009252202,25009,Essex,8.8,5.0% to less than 10.0%,10.3005107343,10.0% to less than 15.0%,1.5005107343,1,tract and county summaries answer different area-level questions; neither supports individual inference
25009252300,25009,Essex,12.5,10.0% to less than 15.0%,10.3005107343,10.0% to less than 15.0%,2.1994892657,0,tract and county summaries answer different area-level questions; neither supports individual inference
25009252400,25009,Essex,11.7,10.0% to less than 15.0%,10.3005107343,10.0% to less than 15.0%,1.3994892657,0,tract and county summaries answer different area-level questions; neither supports individual inference
25009252501,25009,Essex,11.2,10.0% to less than 15.0%,10.3005107343,10.0% to less than 15.0%,0.8994892657,0,tract and county summaries answer different area-level questions; neither supports individual inference
25009252502,25009,Essex,11.9,10.0% to less than 15.0%,10.3005107343,10.0% to less than 15.0%,1.5994892657,0,tract and county summaries answer different area-level questions; neither supports individual inference
25009252601,25009,Essex,11.1,10.0% to less than 15.0%,10.3005107343,10.0% to less than 15.0%,0.7994892657,0,tract and county summaries answer different area-level questions; neither supports individual inference
25009252602,25009,Essex,9.2,5.0% to less than 10.0%,10.3005107343,10.0% to less than 15.0%,1.1005107343,1,tract and county summaries answer different area-level questions; neither supports individual inference
25009252603,25009,Essex,8.1,5.0% to less than 10.0%,10.3005107343,10.0% to less than 15.0%,2.2005107343,1,tract and county summaries answer different area-level questions; neither supports individual inference
25009253100,25009,Essex,9.6,5.0% to less than 10.0%,10.3005107343,10.0% to less than 15.0%,0.7005107343,1,tract and county summaries answer different area-level questions; neither supports individual inference
25009253201,25009,Essex,8.2,5.0% to less than 10.0%,10.3005107343,10.0% to less than 15.0%,2.1005107343,1,tract and county summaries answer different area-level questions; neither supports individual inference
25009253202,25009,Essex,8.8,5.0% to less than 10.0%,10.3005107343,10.0% to less than 15.0%,1.5005107343,1,tract and county summaries answer different area-level questions; neither supports individual inference
25009253203,25009,Essex,8.8,5.0% to less than 10.0%,10.3005107343,10.0% to less than 15.0%,1.5005107343,1,tract and county summaries answer different area-level questions; neither supports individual inference
25009253204,25009,Essex,7.8,5.0% to less than 10.0%,10.3005107343,10.0% to less than 15.0%,2.5005107343,1,tract and county summaries answer different area-level questions; neither supports individual inference
25009253205,25009,Essex,7.1,5.0% to less than 10.0%,10.3005107343,10.0% to less than 15.0%,3.2005107343,1,tract and county summaries answer different area-level questions; neither supports individual inference
25009254100,25009,Essex,8.5,5.0% to less than 10.0%,10.3005107343,10.0% to less than 15.0%,1.8005107343,1,tract and county summaries answer different area-level questions; neither supports individual inference
25009254200,25009,Essex,7.6,5.0% to less than 10.0%,10.3005107343,10.0% to less than 15.0%,2.7005107343,1,tract and county summaries answer different area-level questions; neither supports individual inference
25009254301,25009,Essex,8.5,5.0% to less than 10.0%,10.3005107343,10.0% to less than 15.0%,1.8005107343,1,tract and county summaries answer different area-level questions; neither supports individual inference
25009254302,25009,Essex,7.9,5.0% to less than 10.0%,10.3005107343,10.0% to less than 15.0%,2.4005107343,1,tract and county summaries answer different area-level questions; neither supports individual inference
25009254401,25009,Essex,7.6,5.0% to less than 10.0%,10.3005107343,10.0% to less than 15.0%,2.7005107343,1,tract and county summaries answer different area-level questions; neither supports individual inference
25009254402,25009,Essex,8.3,5.0% to less than 10.0%,10.3005107343,10.0% to less than 15.0%,2.0005107343,1,tract and county summaries answer different area-level questions; neither supports individual inference
25009254403,25009,Essex,7.7,5.0% to less than 10.0%,10.3005107343,10.0% to less than 15.0%,2.6005107343,1,tract and county summaries answer different area-level questions; neither supports individual inference
25009260100,25009,Essex,15.6,15.0% to less than 20.0%,10.3005107343,10.0% to less than 15.0%,5.2994892657,1,tract and county summaries answer different area-level questions; neither supports individual inference
25009260200,25009,Essex,12.1,10.0% to less than 15.0%,10.3005107343,10.0% to less than 15.0%,1.7994892657,0,tract and county summaries answer different area-level questions; neither supports individual inference
25009260301,25009,Essex,9.7,5.0% to less than 10.0%,10.3005107343,10.0% to less than 15.0%,0.6005107343,1,tract and county summaries answer different area-level questions; neither supports individual inference
25009260302,25009,Essex,9.5,5.0% to less than 10.0%,10.3005107343,10.0% to less than 15.0%,0.8005107343,1,tract and county summaries answer different area-level questions; neither supports individual inference
25009260401,25009,Essex,10.3,10.0% to less than 15.0%,10.3005107343,10.0% to less than 15.0%,0.0005107343,0,tract and county summaries answer different area-level questions; neither supports individual inference
25009260402,25009,Essex,9.3,5.0% to less than 10.0%,10.3005107343,10.0% to less than 15.0%,1.0005107343,1,tract and county summaries answer different area-level questions; neither supports individual inference
25009260500,25009,Essex,9.6,5.0% to less than 10.0%,10.3005107343,10.0% to less than 15.0%,0.7005107343,1,tract and county summaries answer different area-level questions; neither supports individual inference
25009260600,25009,Essex,10,10.0% to less than 15.0%,10.3005107343,10.0% to less than 15.0%,0.3005107343,0,tract and county summaries answer different area-level questions; neither supports individual inference
25009260700,25009,Essex,11.7,10.0% to less than 15.0%,10.3005107343,10.0% to less than 15.0%,1.3994892657,0,tract and county summaries answer different area-level questions; neither supports individual inference
25009260800,25009,Essex,10.1,10.0% to less than 15.0%,10.3005107343,10.0% to less than 15.0%,0.2005107343,0,tract and county summaries answer different area-level questions; neither supports individual inference
25009260900,25009,Essex,10.4,10.0% to less than 15.0%,10.3005107343,10.0% to less than 15.0%,0.0994892657,0,tract and county summaries answer different area-level questions; neither supports individual inference
25009261000,25009,Essex,9.8,5.0% to less than 10.0%,10.3005107343,10.0% to less than 15.0%,0.5005107343,1,tract and county summaries answer different area-level questions; neither supports individual inference
25009261101,25009,Essex,8,5.0% to less than 10.0%,10.3005107343,10.0% to less than 15.0%,2.3005107343,1,tract and county summaries answer different area-level questions; neither supports individual inference
25009261102,25009,Essex,9.1,5.0% to less than 10.0%,10.3005107343,10.0% to less than 15.0%,1.2005107343,1,tract and county summaries answer different area-level questions; neither supports individual inference
25009262100,25009,Essex,9.6,5.0% to less than 10.0%,10.3005107343,10.0% to less than 15.0%,0.7005107343,1,tract and county summaries answer different area-level questions; neither supports individual inference
25009263100,25009,Essex,8.8,5.0% to less than 10.0%,10.3005107343,10.0% to less than 15.0%,1.5005107343,1,tract and county summaries answer different area-level questions; neither supports individual inference
25009264100,25009,Essex,8.7,5.0% to less than 10.0%,10.3005107343,10.0% to less than 15.0%,1.6005107343,1,tract and county summaries answer different area-level questions; neither supports individual inference
25009265101,25009,Essex,8.5,5.0% to less than 10.0%,10.3005107343,10.0% to less than 15.0%,1.8005107343,1,tract and county summaries answer different area-level questions; neither supports individual inference
25009265102,25009,Essex,8,5.0% to less than 10.0%,10.3005107343,10.0% to less than 15.0%,2.3005107343,1,tract and county summaries answer different area-level questions; neither supports individual inference
25009266100,25009,Essex,8.3,5.0% to less than 10.0%,10.3005107343,10.0% to less than 15.0%,2.0005107343,1,tract and county summaries answer different area-level questions; neither supports individual inference
25009266200,25009,Essex,9.9,5.0% to less than 10.0%,10.3005107343,10.0% to less than 15.0%,0.4005107343,1,tract and county summaries answer different area-level questions; neither supports individual inference
25009266300,25009,Essex,10,10.0% to less than 15.0%,10.3005107343,10.0% to less than 15.0%,0.3005107343,0,tract and county summaries answer different area-level questions; neither supports individual inference
25009266400,25009,Essex,9.1,5.0% to less than 10.0%,10.3005107343,10.0% to less than 15.0%,1.2005107343,1,tract and county summaries answer different area-level questions; neither supports individual inference
25009267102,25009,Essex,9.2,5.0% to less than 10.0%,10.3005107343,10.0% to less than 15.0%,1.1005107343,1,tract and county summaries answer different area-level questions; neither supports individual inference
25009267103,25009,Essex,10.3,10.0% to less than 15.0%,10.3005107343,10.0% to less than 15.0%,0.0005107343,0,tract and county summaries answer different area-level questions; neither supports individual inference
25009267104,25009,Essex,11.2,10.0% to less than 15.0%,10.3005107343,10.0% to less than 15.0%,0.8994892657,0,tract and county summaries answer different area-level questions; neither supports individual inference
25009268100,25009,Essex,7.6,5.0% to less than 10.0%,10.3005107343,10.0% to less than 15.0%,2.7005107343,1,tract and county summaries answer different area-level questions; neither supports individual inference
25009268200,25009,Essex,8.5,5.0% to less than 10.0%,10.3005107343,10.0% to less than 15.0%,1.8005107343,1,tract and county summaries answer different area-level questions; neither supports individual inference
25009268300,25009,Essex,9.6,5.0% to less than 10.0%,10.3005107343,10.0% to less than 15.0%,0.7005107343,1,tract and county summaries answer different area-level questions; neither supports individual inference
25009268400,25009,Essex,9.5,5.0% to less than 10.0%,10.3005107343,10.0% to less than 15.0%,0.8005107343,1,tract and county summaries answer different area-level questions; neither supports individual inference
25009269100,25009,Essex,9.7,5.0% to less than 10.0%,10.3005107343,10.0% to less than 15.0%,0.6005107343,1,tract and county summaries answer different area-level questions; neither supports individual inference
25009270100,25009,Essex,8.6,5.0% to less than 10.0%,10.3005107343,10.0% to less than 15.0%,1.7005107343,1,tract and county summaries answer different area-level questions; neither supports individual inference
25011040100,25011,Franklin,10.7,10.0% to less than 15.0%,10.6293610436,10.0% to less than 15.0%,0.0706389564,0,tract and county summaries answer different area-level questions; neither supports individual inference
25011040200,25011,Franklin,10.7,10.0% to less than 15.0%,10.6293610436,10.0% to less than 15.0%,0.0706389564,0,tract and county summaries answer different area-level questions; neither supports individual inference
25011040300,25011,Franklin,9.8,5.0% to less than 10.0%,10.6293610436,10.0% to less than 15.0%,0.8293610436,1,tract and county summaries answer different area-level questions; neither supports individual inference
25011040400,25011,Franklin,10.2,10.0% to less than 15.0%,10.6293610436,10.0% to less than 15.0%,0.4293610436,0,tract and county summaries answer different area-level questions; neither supports individual inference
25011040501,25011,Franklin,12,10.0% to less than 15.0%,10.6293610436,10.0% to less than 15.0%,1.3706389564,0,tract and county summaries answer different area-level questions; neither supports individual inference
25011040502,25011,Franklin,13.9,10.0% to less than 15.0%,10.6293610436,10.0% to less than 15.0%,3.2706389564,0,tract and county summaries answer different area-level questions; neither supports individual inference
25011040600,25011,Franklin,9.7,5.0% to less than 10.0%,10.6293610436,10.0% to less than 15.0%,0.9293610436,1,tract and county summaries answer different area-level questions; neither supports individual inference
25011040701,25011,Franklin,10.8,10.0% to less than 15.0%,10.6293610436,10.0% to less than 15.0%,0.1706389564,0,tract and county summaries answer different area-level questions; neither supports individual inference
25011040702,25011,Franklin,10.4,10.0% to less than 15.0%,10.6293610436,10.0% to less than 15.0%,0.2293610436,0,tract and county summaries answer different area-level questions; neither supports individual inference
25011040800,25011,Franklin,8.7,5.0% to less than 10.0%,10.6293610436,10.0% to less than 15.0%,1.9293610436,1,tract and county summaries answer different area-level questions; neither supports individual inference
25011040900,25011,Franklin,9.7,5.0% to less than 10.0%,10.6293610436,10.0% to less than 15.0%,0.9293610436,1,tract and county summaries answer different area-level questions; neither supports individual inference
25011041000,25011,Franklin,11.3,10.0% to less than 15.0%,10.6293610436,10.0% to less than 15.0%,0.6706389564,0,tract and county summaries answer different area-level questions; neither supports individual inference
25011041100,25011,Franklin,9.4,5.0% to less than 10.0%,10.6293610436,10.0% to less than 15.0%,1.2293610436,1,tract and county summaries answer different area-level questions; neither supports individual inference
25011041200,25011,Franklin,9.5,5.0% to less than 10.0%,10.6293610436,10.0% to less than 15.0%,1.1293610436,1,tract and county summaries answer different area-level questions; neither supports individual inference
25011041301,25011,Franklin,11.8,10.0% to less than 15.0%,10.6293610436,10.0% to less than 15.0%,1.1706389564,0,tract and county summaries answer different area-level questions; neither supports individual inference
25011041302,25011,Franklin,12.5,10.0% to less than 15.0%,10.6293610436,10.0% to less than 15.0%,1.8706389564,0,tract and county summaries answer different area-level questions; neither supports individual inference
25011041400,25011,Franklin,12.1,10.0% to less than 15.0%,10.6293610436,10.0% to less than 15.0%,1.4706389564,0,tract and county summaries answer different area-level questions; neither supports individual inference
25011041501,25011,Franklin,10.3,10.0% to less than 15.0%,10.6293610436,10.0% to less than 15.0%,0.3293610436,0,tract and county summaries answer different area-level questions; neither supports individual inference
25011041502,25011,Franklin,11.1,10.0% to less than 15.0%,10.6293610436,10.0% to less than 15.0%,0.4706389564,0,tract and county summaries answer different area-level questions; neither supports individual inference
25013800101,25013,Hampden,12.2,10.0% to less than 15.0%,12.3289092883,10.0% to less than 15.0%,0.1289092883,0,tract and county summaries answer different area-level questions; neither supports individual inference
25013800102,25013,Hampden,13.5,10.0% to less than 15.0%,12.3289092883,10.0% to less than 15.0%,1.1710907117,0,tract and county summaries answer different area-level questions; neither supports individual inference
25013800201,25013,Hampden,13.5,10.0% to less than 15.0%,12.3289092883,10.0% to less than 15.0%,1.1710907117,0,tract and county summaries answer different area-level questions; neither supports individual inference
25013800202,25013,Hampden,13.8,10.0% to less than 15.0%,12.3289092883,10.0% to less than 15.0%,1.4710907117,0,tract and county summaries answer different area-level questions; neither supports individual inference
25013800300,25013,Hampden,15.9,15.0% to less than 20.0%,12.3289092883,10.0% to less than 15.0%,3.5710907117,1,tract and county summaries answer different area-level questions; neither supports individual inference
25013800400,25013,Hampden,13.5,10.0% to less than 15.0%,12.3289092883,10.0% to less than 15.0%,1.1710907117,0,tract and county summaries answer different area-level questions; neither supports individual inference
25013800500,25013,Hampden,14.1,10.0% to less than 15.0%,12.3289092883,10.0% to less than 15.0%,1.7710907117,0,tract and county summaries answer different area-level questions; neither supports individual inference
25013800600,25013,Hampden,19,15.0% to less than 20.0%,12.3289092883,10.0% to less than 15.0%,6.6710907117,1,tract and county summaries answer different area-level questions; neither supports individual inference
25013800700,25013,Hampden,22.6,20.0% or greater,12.3289092883,10.0% to less than 15.0%,10.2710907117,1,tract and county summaries answer different area-level questions; neither supports individual inference
25013800800,25013,Hampden,24.7,20.0% or greater,12.3289092883,10.0% to less than 15.0%,12.3710907117,1,tract and county summaries answer different area-level questions; neither supports individual inference
25013800900,25013,Hampden,24.6,20.0% or greater,12.3289092883,10.0% to less than 15.0%,12.2710907117,1,tract and county summaries answer different area-level questions; neither supports individual inference
25013801101,25013,Hampden,22.1,20.0% or greater,12.3289092883,10.0% to less than 15.0%,9.7710907117,1,tract and county summaries answer different area-level questions; neither supports individual inference
25013801102,25013,Hampden,13,10.0% to less than 15.0%,12.3289092883,10.0% to less than 15.0%,0.6710907117,0,tract and county summaries answer different area-level questions; neither supports individual inference
25013801200,25013,Hampden,22.9,20.0% or greater,12.3289092883,10.0% to less than 15.0%,10.5710907117,1,tract and county summaries answer different area-level questions; neither supports individual inference
25013801300,25013,Hampden,17.4,15.0% to less than 20.0%,12.3289092883,10.0% to less than 15.0%,5.0710907117,1,tract and county summaries answer different area-level questions; neither supports individual inference
25013801401,25013,Hampden,16.9,15.0% to less than 20.0%,12.3289092883,10.0% to less than 15.0%,4.5710907117,1,tract and county summaries answer different area-level questions; neither supports individual inference
25013801402,25013,Hampden,16.2,15.0% to less than 20.0%,12.3289092883,10.0% to less than 15.0%,3.8710907117,1,tract and county summaries answer different area-level questions; neither supports individual inference
25013801501,25013,Hampden,13.5,10.0% to less than 15.0%,12.3289092883,10.0% to less than 15.0%,1.1710907117,0,tract and county summaries answer different area-level questions; neither supports individual inference
25013801502,25013,Hampden,17,15.0% to less than 20.0%,12.3289092883,10.0% to less than 15.0%,4.6710907117,1,tract and county summaries answer different area-level questions; neither supports individual inference
25013801503,25013,Hampden,16.2,15.0% to less than 20.0%,12.3289092883,10.0% to less than 15.0%,3.8710907117,1,tract and county summaries answer different area-level questions; neither supports individual inference
25013801601,25013,Hampden,9.6,5.0% to less than 10.0%,12.3289092883,10.0% to less than 15.0%,2.7289092883,1,tract and county summaries answer different area-level questions; neither supports individual inference
25013801602,25013,Hampden,11,10.0% to less than 15.0%,12.3289092883,10.0% to less than 15.0%,1.3289092883,0,tract and county summaries answer different area-level questions; neither supports individual inference
25013801603,25013,Hampden,11.7,10.0% to less than 15.0%,12.3289092883,10.0% to less than 15.0%,0.6289092883,0,tract and county summaries answer different area-level questions; neither supports individual inference
25013801604,25013,Hampden,10.7,10.0% to less than 15.0%,12.3289092883,10.0% to less than 15.0%,1.6289092883,0,tract and county summaries answer different area-level questions; neither supports individual inference
25013801605,25013,Hampden,14.1,10.0% to less than 15.0%,12.3289092883,10.0% to less than 15.0%,1.7710907117,0,tract and county summaries answer different area-level questions; neither supports individual inference
25013801700,25013,Hampden,10.6,10.0% to less than 15.0%,12.3289092883,10.0% to less than 15.0%,1.7289092883,0,tract and county summaries answer different area-level questions; neither supports individual inference
25013801800,25013,Hampden,15.5,15.0% to less than 20.0%,12.3289092883,10.0% to less than 15.0%,3.1710907117,1,tract and county summaries answer different area-level questions; neither supports individual inference
25013801901,25013,Hampden,19,15.0% to less than 20.0%,12.3289092883,10.0% to less than 15.0%,6.6710907117,1,tract and county summaries answer different area-level questions; neither supports individual inference
25013801902,25013,Hampden,20,20.0% or greater,12.3289092883,10.0% to less than 15.0%,7.6710907117,1,tract and county summaries answer different area-level questions; neither supports individual inference
25013802000,25013,Hampden,18.6,15.0% to less than 20.0%,12.3289092883,10.0% to less than 15.0%,6.2710907117,1,tract and county summaries answer different area-level questions; neither supports individual inference
25013802101,25013,Hampden,14.8,10.0% to less than 15.0%,12.3289092883,10.0% to less than 15.0%,2.4710907117,0,tract and county summaries answer different area-level questions; neither supports individual inference
25013802200,25013,Hampden,15.4,15.0% to less than 20.0%,12.3289092883,10.0% to less than 15.0%,3.0710907117,1,tract and county summaries answer different area-level questions; neither supports individual inference
25013802300,25013,Hampden,15,15.0% to less than 20.0%,12.3289092883,10.0% to less than 15.0%,2.6710907117,1,tract and county summaries answer different area-level questions; neither supports individual inference
25013802400,25013,Hampden,11.9,10.0% to less than 15.0%,12.3289092883,10.0% to less than 15.0%,0.4289092883,0,tract and county summaries answer different area-level questions; neither supports individual inference
25013802500,25013,Hampden,10.8,10.0% to less than 15.0%,12.3289092883,10.0% to less than 15.0%,1.5289092883,0,tract and county summaries answer different area-level questions; neither supports individual inference
25013802601,25013,Hampden,13.8,10.0% to less than 15.0%,12.3289092883,10.0% to less than 15.0%,1.4710907117,0,tract and county summaries answer different area-level questions; neither supports individual inference
25013802602,25013,Hampden,10.7,10.0% to less than 15.0%,12.3289092883,10.0% to less than 15.0%,1.6289092883,0,tract and county summaries answer different area-level questions; neither supports individual inference
25013810100,25013,Hampden,11,10.0% to less than 15.0%,12.3289092883,10.0% to less than 15.0%,1.3289092883,0,tract and county summaries answer different area-level questions; neither supports individual inference
25013810200,25013,Hampden,11.1,10.0% to less than 15.0%,12.3289092883,10.0% to less than 15.0%,1.2289092883,0,tract and county summaries answer different area-level questions; neither supports individual inference
25013810300,25013,Hampden,9.8,5.0% to less than 10.0%,12.3289092883,10.0% to less than 15.0%,2.5289092883,1,tract and county summaries answer different area-level questions; neither supports individual inference
25013810403,25013,Hampden,12.7,10.0% to less than 15.0%,12.3289092883,10.0% to less than 15.0%,0.3710907117,0,tract and county summaries answer different area-level questions; neither supports individual inference
25013810404,25013,Hampden,11.2,10.0% to less than 15.0%,12.3289092883,10.0% to less than 15.0%,1.1289092883,0,tract and county summaries answer different area-level questions; neither supports individual inference
25013810412,25013,Hampden,11.5,10.0% to less than 15.0%,12.3289092883,10.0% to less than 15.0%,0.8289092883,0,tract and county summaries answer different area-level questions; neither supports individual inference
25013810414,25013,Hampden,9.7,5.0% to less than 10.0%,12.3289092883,10.0% to less than 15.0%,2.6289092883,1,tract and county summaries answer different area-level questions; neither supports individual inference
25013810601,25013,Hampden,13.7,10.0% to less than 15.0%,12.3289092883,10.0% to less than 15.0%,1.3710907117,0,tract and county summaries answer different area-level questions; neither supports individual inference
25013810602,25013,Hampden,11.7,10.0% to less than 15.0%,12.3289092883,10.0% to less than 15.0%,0.6289092883,0,tract and county summaries answer different area-level questions; neither supports individual inference
25013810700,25013,Hampden,13,10.0% to less than 15.0%,12.3289092883,10.0% to less than 15.0%,0.6710907117,0,tract and county summaries answer different area-level questions; neither supports individual inference
25013810800,25013,Hampden,12.1,10.0% to less than 15.0%,12.3289092883,10.0% to less than 15.0%,0.2289092883,0,tract and county summaries answer different area-level questions; neither supports individual inference
25013810901,25013,Hampden,13.8,10.0% to less than 15.0%,12.3289092883,10.0% to less than 15.0%,1.4710907117,0,tract and county summaries answer different area-level questions; neither supports individual inference
25013810902,25013,Hampden,10,10.0% to less than 15.0%,12.3289092883,10.0% to less than 15.0%,2.3289092883,0,tract and county summaries answer different area-level questions; neither supports individual inference
25013811000,25013,Hampden,10.5,10.0% to less than 15.0%,12.3289092883,10.0% to less than 15.0%,1.8289092883,0,tract and county summaries answer different area-level questions; neither supports individual inference
25013811101,25013,Hampden,12.1,10.0% to less than 15.0%,12.3289092883,10.0% to less than 15.0%,0.2289092883,0,tract and county summaries answer different area-level questions; neither supports individual inference
25013811102,25013,Hampden,12,10.0% to less than 15.0%,12.3289092883,10.0% to less than 15.0%,0.3289092883,0,tract and county summaries answer different area-level questions; neither supports individual inference
25013811200,25013,Hampden,12.3,10.0% to less than 15.0%,12.3289092883,10.0% to less than 15.0%,0.0289092883,0,tract and county summaries answer different area-level questions; neither supports individual inference
25013811301,25013,Hampden,10.5,10.0% to less than 15.0%,12.3289092883,10.0% to less than 15.0%,1.8289092883,0,tract and county summaries answer different area-level questions; neither supports individual inference
25013811302,25013,Hampden,12.1,10.0% to less than 15.0%,12.3289092883,10.0% to less than 15.0%,0.2289092883,0,tract and county summaries answer different area-level questions; neither supports individual inference
25013811400,25013,Hampden,16.4,15.0% to less than 20.0%,12.3289092883,10.0% to less than 15.0%,4.0710907117,1,tract and county summaries answer different area-level questions; neither supports individual inference
25013811500,25013,Hampden,22.5,20.0% or greater,12.3289092883,10.0% to less than 15.0%,10.1710907117,1,tract and county summaries answer different area-level questions; neither supports individual inference
25013811600,25013,Hampden,18.6,15.0% to less than 20.0%,12.3289092883,10.0% to less than 15.0%,6.2710907117,1,tract and county summaries answer different area-level questions; neither supports individual inference
25013811700,25013,Hampden,21.7,20.0% or greater,12.3289092883,10.0% to less than 15.0%,9.3710907117,1,tract and county summaries answer different area-level questions; neither supports individual inference
25013811800,25013,Hampden,12.9,10.0% to less than 15.0%,12.3289092883,10.0% to less than 15.0%,0.5710907117,0,tract and county summaries answer different area-level questions; neither supports individual inference
25013811900,25013,Hampden,10.1,10.0% to less than 15.0%,12.3289092883,10.0% to less than 15.0%,2.2289092883,0,tract and county summaries answer different area-level questions; neither supports individual inference
25013812001,25013,Hampden,15.2,15.0% to less than 20.0%,12.3289092883,10.0% to less than 15.0%,2.8710907117,1,tract and county summaries answer different area-level questions; neither supports individual inference
25013812002,25013,Hampden,13.9,10.0% to less than 15.0%,12.3289092883,10.0% to less than 15.0%,1.5710907117,0,tract and county summaries answer different area-level questions; neither supports individual inference
25013812101,25013,Hampden,11.3,10.0% to less than 15.0%,12.3289092883,10.0% to less than 15.0%,1.0289092883,0,tract and county summaries answer different area-level questions; neither supports individual inference
25013812103,25013,Hampden,16.9,15.0% to less than 20.0%,12.3289092883,10.0% to less than 15.0%,4.5710907117,1,tract and county summaries answer different area-level questions; neither supports individual inference
25013812104,25013,Hampden,15.6,15.0% to less than 20.0%,12.3289092883,10.0% to less than 15.0%,3.2710907117,1,tract and county summaries answer different area-level questions; neither supports individual inference
25013812201,25013,Hampden,11.9,10.0% to less than 15.0%,12.3289092883,10.0% to less than 15.0%,0.4289092883,0,tract and county summaries answer different area-level questions; neither supports individual inference
25013812202,25013,Hampden,12,10.0% to less than 15.0%,12.3289092883,10.0% to less than 15.0%,0.3289092883,0,tract and county summaries answer different area-level questions; neither supports individual inference
25013812300,25013,Hampden,13.5,10.0% to less than 15.0%,12.3289092883,10.0% to less than 15.0%,1.1710907117,0,tract and county summaries answer different area-level questions; neither supports individual inference
25013812401,25013,Hampden,9.7,5.0% to less than 10.0%,12.3289092883,10.0% to less than 15.0%,2.6289092883,1,tract and county summaries answer different area-level questions; neither supports individual inference
25013812403,25013,Hampden,10.5,10.0% to less than 15.0%,12.3289092883,10.0% to less than 15.0%,1.8289092883,0,tract and county summaries answer different area-level questions; neither supports individual inference
25013812404,25013,Hampden,9.6,5.0% to less than 10.0%,12.3289092883,10.0% to less than 15.0%,2.7289092883,1,tract and county summaries answer different area-level questions; neither supports individual inference
25013812500,25013,Hampden,10.4,10.0% to less than 15.0%,12.3289092883,10.0% to less than 15.0%,1.9289092883,0,tract and county summaries answer different area-level questions; neither supports individual inference
25013812600,25013,Hampden,9.5,5.0% to less than 10.0%,12.3289092883,10.0% to less than 15.0%,2.8289092883,1,tract and county summaries answer different area-level questions; neither supports individual inference
25013812701,25013,Hampden,12.7,10.0% to less than 15.0%,12.3289092883,10.0% to less than 15.0%,0.3710907117,0,tract and county summaries answer different area-level questions; neither supports individual inference
25013812702,25013,Hampden,12.6,10.0% to less than 15.0%,12.3289092883,10.0% to less than 15.0%,0.2710907117,0,tract and county summaries answer different area-level questions; neither supports individual inference
25013812800,25013,Hampden,10.8,10.0% to less than 15.0%,12.3289092883,10.0% to less than 15.0%,1.5289092883,0,tract and county summaries answer different area-level questions; neither supports individual inference
25013812901,25013,Hampden,10,10.0% to less than 15.0%,12.3289092883,10.0% to less than 15.0%,2.3289092883,0,tract and county summaries answer different area-level questions; neither supports individual inference
25013812902,25013,Hampden,9.6,5.0% to less than 10.0%,12.3289092883,10.0% to less than 15.0%,2.7289092883,1,tract and county summaries answer different area-level questions; neither supports individual inference
25013812903,25013,Hampden,1.1,less than 5.0%,12.3289092883,10.0% to less than 15.0%,11.2289092883,1,tract and county summaries answer different area-level questions; neither supports individual inference
25013813001,25013,Hampden,10.8,10.0% to less than 15.0%,12.3289092883,10.0% to less than 15.0%,1.5289092883,0,tract and county summaries answer different area-level questions; neither supports individual inference
25013813002,25013,Hampden,9.6,5.0% to less than 10.0%,12.3289092883,10.0% to less than 15.0%,2.7289092883,1,tract and county summaries answer different area-level questions; neither supports individual inference
25013813101,25013,Hampden,10.2,10.0% to less than 15.0%,12.3289092883,10.0% to less than 15.0%,2.1289092883,0,tract and county summaries answer different area-level questions; neither supports individual inference
25013813102,25013,Hampden,10.3,10.0% to less than 15.0%,12.3289092883,10.0% to less than 15.0%,2.0289092883,0,tract and county summaries answer different area-level questions; neither supports individual inference
25013813204,25013,Hampden,9.4,5.0% to less than 10.0%,12.3289092883,10.0% to less than 15.0%,2.9289092883,1,tract and county summaries answer different area-level questions; neither supports individual inference
25013813205,25013,Hampden,11.4,10.0% to less than 15.0%,12.3289092883,10.0% to less than 15.0%,0.9289092883,0,tract and county summaries answer different area-level questions; neither supports individual inference
25013813206,25013,Hampden,10.1,10.0% to less than 15.0%,12.3289092883,10.0% to less than 15.0%,2.2289092883,0,tract and county summaries answer different area-level questions; neither supports individual inference
25013813207,25013,Hampden,9.4,5.0% to less than 10.0%,12.3289092883,10.0% to less than 15.0%,2.9289092883,1,tract and county summaries answer different area-level questions; neither supports individual inference
25013813208,25013,Hampden,10.3,10.0% to less than 15.0%,12.3289092883,10.0% to less than 15.0%,2.0289092883,0,tract and county summaries answer different area-level questions; neither supports individual inference
25013813209,25013,Hampden,11,10.0% to less than 15.0%,12.3289092883,10.0% to less than 15.0%,1.3289092883,0,tract and county summaries answer different area-level questions; neither supports individual inference
25013813301,25013,Hampden,8.4,5.0% to less than 10.0%,12.3289092883,10.0% to less than 15.0%,3.9289092883,1,tract and county summaries answer different area-level questions; neither supports individual inference
25013813303,25013,Hampden,9.6,5.0% to less than 10.0%,12.3289092883,10.0% to less than 15.0%,2.7289092883,1,tract and county summaries answer different area-level questions; neither supports individual inference
25013813304,25013,Hampden,9.6,5.0% to less than 10.0%,12.3289092883,10.0% to less than 15.0%,2.7289092883,1,tract and county summaries answer different area-level questions; neither supports individual inference
25013813401,25013,Hampden,9.4,5.0% to less than 10.0%,12.3289092883,10.0% to less than 15.0%,2.9289092883,1,tract and county summaries answer different area-level questions; neither supports individual inference
25013813403,25013,Hampden,9.3,5.0% to less than 10.0%,12.3289092883,10.0% to less than 15.0%,3.0289092883,1,tract and county summaries answer different area-level questions; neither supports individual inference
25013813404,25013,Hampden,9.6,5.0% to less than 10.0%,12.3289092883,10.0% to less than 15.0%,2.7289092883,1,tract and county summaries answer different area-level questions; neither supports individual inference
25013813500,25013,Hampden,9.9,5.0% to less than 10.0%,12.3289092883,10.0% to less than 15.0%,2.4289092883,1,tract and county summaries answer different area-level questions; neither supports individual inference
25013813601,25013,Hampden,10.3,10.0% to less than 15.0%,12.3289092883,10.0% to less than 15.0%,2.0289092883,0,tract and county summaries answer different area-level questions; neither supports individual inference
25013813602,25013,Hampden,8.5,5.0% to less than 10.0%,12.3289092883,10.0% to less than 15.0%,3.8289092883,1,tract and county summaries answer different area-level questions; neither supports individual inference
25013813701,25013,Hampden,11.8,10.0% to less than 15.0%,12.3289092883,10.0% to less than 15.0%,0.5289092883,0,tract and county summaries answer different area-level questions; neither supports individual inference
25013813702,25013,Hampden,10.9,10.0% to less than 15.0%,12.3289092883,10.0% to less than 15.0%,1.4289092883,0,tract and county summaries answer different area-level questions; neither supports individual inference
25013813801,25013,Hampden,10.2,10.0% to less than 15.0%,12.3289092883,10.0% to less than 15.0%,2.1289092883,0,tract and county summaries answer different area-level questions; neither supports individual inference
25013813802,25013,Hampden,10.1,10.0% to less than 15.0%,12.3289092883,10.0% to less than 15.0%,2.2289092883,0,tract and county summaries answer different area-level questions; neither supports individual inference
25015820101,25015,Hampshire,10.9,10.0% to less than 15.0%,8.2264330198,5.0% to less than 10.0%,2.6735669802,1,tract and county summaries answer different area-level questions; neither supports individual inference
25015820102,25015,Hampshire,12.9,10.0% to less than 15.0%,8.2264330198,5.0% to less than 10.0%,4.6735669802,1,tract and county summaries answer different area-level questions; neither supports individual inference
25015820205,25015,Hampshire,8.6,5.0% to less than 10.0%,8.2264330198,5.0% to less than 10.0%,0.3735669802,0,tract and county summaries answer different area-level questions; neither supports individual inference
25015820206,25015,Hampshire,10.4,10.0% to less than 15.0%,8.2264330198,5.0% to less than 10.0%,2.1735669802,1,tract and county summaries answer different area-level questions; neither supports individual inference
25015820207,25015,Hampshire,9.1,5.0% to less than 10.0%,8.2264330198,5.0% to less than 10.0%,0.8735669802,0,tract and county summaries answer different area-level questions; neither supports individual inference
25015820300,25015,Hampshire,8.3,5.0% to less than 10.0%,8.2264330198,5.0% to less than 10.0%,0.0735669802,0,tract and county summaries answer different area-level questions; neither supports individual inference
25015820400,25015,Hampshire,1,less than 5.0%,8.2264330198,5.0% to less than 10.0%,7.2264330198,1,tract and county summaries answer different area-level questions; neither supports individual inference
25015820500,25015,Hampshire,9.5,5.0% to less than 10.0%,8.2264330198,5.0% to less than 10.0%,1.2735669802,0,tract and county summaries answer different area-level questions; neither supports individual inference
25015820600,25015,Hampshire,1.3,less than 5.0%,8.2264330198,5.0% to less than 10.0%,6.9264330198,1,tract and county summaries answer different area-level questions; neither supports individual inference
25015820700,25015,Hampshire,8.3,5.0% to less than 10.0%,8.2264330198,5.0% to less than 10.0%,0.0735669802,0,tract and county summaries answer different area-level questions; neither supports individual inference
25015820801,25015,Hampshire,7.2,5.0% to less than 10.0%,8.2264330198,5.0% to less than 10.0%,1.0264330198,0,tract and county summaries answer different area-level questions; neither supports individual inference
25015820802,25015,Hampshire,0.7,less than 5.0%,8.2264330198,5.0% to less than 10.0%,7.5264330198,1,tract and county summaries answer different area-level questions; neither supports individual inference
25015820900,25015,Hampshire,9.2,5.0% to less than 10.0%,8.2264330198,5.0% to less than 10.0%,0.9735669802,0,tract and county summaries answer different area-level questions; neither supports individual inference
25015821000,25015,Hampshire,9.7,5.0% to less than 10.0%,8.2264330198,5.0% to less than 10.0%,1.4735669802,0,tract and county summaries answer different area-level questions; neither supports individual inference
25015821101,25015,Hampshire,8.9,5.0% to less than 10.0%,8.2264330198,5.0% to less than 10.0%,0.6735669802,0,tract and county summaries answer different area-level questions; neither supports individual inference
25015821200,25015,Hampshire,0.9,less than 5.0%,8.2264330198,5.0% to less than 10.0%,7.3264330198,1,tract and county summaries answer different area-level questions; neither supports individual inference
25015821300,25015,Hampshire,9.2,5.0% to less than 10.0%,8.2264330198,5.0% to less than 10.0%,0.9735669802,0,tract and county summaries answer different area-level questions; neither supports individual inference
25015821400,25015,Hampshire,8.3,5.0% to less than 10.0%,8.2264330198,5.0% to less than 10.0%,0.0735669802,0,tract and county summaries answer different area-level questions; neither supports individual inference
25015821500,25015,Hampshire,10,10.0% to less than 15.0%,8.2264330198,5.0% to less than 10.0%,1.7735669802,1,tract and county summaries answer different area-level questions; neither supports individual inference
25015821601,25015,Hampshire,10.2,10.0% to less than 15.0%,8.2264330198,5.0% to less than 10.0%,1.9735669802,1,tract and county summaries answer different area-level questions; neither supports individual inference
25015821602,25015,Hampshire,10.6,10.0% to less than 15.0%,8.2264330198,5.0% to less than 10.0%,2.3735669802,1,tract and county summaries answer different area-level questions; neither supports individual inference
25015821700,25015,Hampshire,10.3,10.0% to less than 15.0%,8.2264330198,5.0% to less than 10.0%,2.0735669802,1,tract and county summaries answer different area-level questions; neither supports individual inference
25015821901,25015,Hampshire,7.6,5.0% to less than 10.0%,8.2264330198,5.0% to less than 10.0%,0.6264330198,0,tract and county summaries answer different area-level questions; neither supports individual inference
25015821903,25015,Hampshire,10.4,10.0% to less than 15.0%,8.2264330198,5.0% to less than 10.0%,2.1735669802,1,tract and county summaries answer different area-level questions; neither supports individual inference
25015821904,25015,Hampshire,6.3,5.0% to less than 10.0%,8.2264330198,5.0% to less than 10.0%,1.9264330198,0,tract and county summaries answer different area-level questions; neither supports individual inference
25015822000,25015,Hampshire,1.5,less than 5.0%,8.2264330198,5.0% to less than 10.0%,6.7264330198,1,tract and county summaries answer different area-level questions; neither supports individual inference
25015822200,25015,Hampshire,10.1,10.0% to less than 15.0%,8.2264330198,5.0% to less than 10.0%,1.8735669802,1,tract and county summaries answer different area-level questions; neither supports individual inference
25015822300,25015,Hampshire,9.5,5.0% to less than 10.0%,8.2264330198,5.0% to less than 10.0%,1.2735669802,0,tract and county summaries answer different area-level questions; neither supports individual inference
25015822401,25015,Hampshire,9.8,5.0% to less than 10.0%,8.2264330198,5.0% to less than 10.0%,1.5735669802,0,tract and county summaries answer different area-level questions; neither supports individual inference
25015822402,25015,Hampshire,9.6,5.0% to less than 10.0%,8.2264330198,5.0% to less than 10.0%,1.3735669802,0,tract and county summaries answer different area-level questions; neither supports individual inference
25015822500,25015,Hampshire,9.1,5.0% to less than 10.0%,8.2264330198,5.0% to less than 10.0%,0.8735669802,0,tract and county summaries answer different area-level questions; neither supports individual inference
25015822601,25015,Hampshire,10.6,10.0% to less than 15.0%,8.2264330198,5.0% to less than 10.0%,2.3735669802,1,tract and county summaries answer different area-level questions; neither supports individual inference
25015822603,25015,Hampshire,10.1,10.0% to less than 15.0%,8.2264330198,5.0% to less than 10.0%,1.8735669802,1,tract and county summaries answer different area-level questions; neither supports individual inference
25015822607,25015,Hampshire,9.6,5.0% to less than 10.0%,8.2264330198,5.0% to less than 10.0%,1.3735669802,0,tract and county summaries answer different area-level questions; neither supports individual inference
25015822700,25015,Hampshire,10.9,10.0% to less than 15.0%,8.2264330198,5.0% to less than 10.0%,2.6735669802,1,tract and county summaries answer different area-level questions; neither supports individual inference
25017300100,25017,Middlesex,8.9,5.0% to less than 10.0%,8.3479943094,5.0% to less than 10.0%,0.5520056906,0,tract and county summaries answer different area-level questions; neither supports individual inference
25017301101,25017,Middlesex,9.5,5.0% to less than 10.0%,8.3479943094,5.0% to less than 10.0%,1.1520056906,0,tract and county summaries answer different area-level questions; neither supports individual inference
25017301102,25017,Middlesex,9.1,5.0% to less than 10.0%,8.3479943094,5.0% to less than 10.0%,0.7520056906,0,tract and county summaries answer different area-level questions; neither supports individual inference
25017310101,25017,Middlesex,9.1,5.0% to less than 10.0%,8.3479943094,5.0% to less than 10.0%,0.7520056906,0,tract and county summaries answer different area-level questions; neither supports individual inference
25017310102,25017,Middlesex,13.1,10.0% to less than 15.0%,8.3479943094,5.0% to less than 10.0%,4.7520056906,1,tract and county summaries answer different area-level questions; neither supports individual inference
25017310200,25017,Middlesex,11.4,10.0% to less than 15.0%,8.3479943094,5.0% to less than 10.0%,3.0520056906,1,tract and county summaries answer different area-level questions; neither supports individual inference
25017310300,25017,Middlesex,11.3,10.0% to less than 15.0%,8.3479943094,5.0% to less than 10.0%,2.9520056906,1,tract and county summaries answer different area-level questions; neither supports individual inference
25017310400,25017,Middlesex,13.2,10.0% to less than 15.0%,8.3479943094,5.0% to less than 10.0%,4.8520056906,1,tract and county summaries answer different area-level questions; neither supports individual inference
25017310500,25017,Middlesex,8.8,5.0% to less than 10.0%,8.3479943094,5.0% to less than 10.0%,0.4520056906,0,tract and county summaries answer different area-level questions; neither supports individual inference
25017310601,25017,Middlesex,10.8,10.0% to less than 15.0%,8.3479943094,5.0% to less than 10.0%,2.4520056906,1,tract and county summaries answer different area-level questions; neither supports individual inference
25017310602,25017,Middlesex,10.2,10.0% to less than 15.0%,8.3479943094,5.0% to less than 10.0%,1.8520056906,1,tract and county summaries answer different area-level questions; neither supports individual inference
25017310700,25017,Middlesex,10.3,10.0% to less than 15.0%,8.3479943094,5.0% to less than 10.0%,1.9520056906,1,tract and county summaries answer different area-level questions; neither supports individual inference
25017311100,25017,Middlesex,11.1,10.0% to less than 15.0%,8.3479943094,5.0% to less than 10.0%,2.7520056906,1,tract and county summaries answer different area-level questions; neither supports individual inference
25017311200,25017,Middlesex,14.2,10.0% to less than 15.0%,8.3479943094,5.0% to less than 10.0%,5.8520056906,1,tract and county summaries answer different area-level questions; neither supports individual inference
25017311300,25017,Middlesex,11.6,10.0% to less than 15.0%,8.3479943094,5.0% to less than 10.0%,3.2520056906,1,tract and county summaries answer different area-level questions; neither supports individual inference
25017311400,25017,Middlesex,9.2,5.0% to less than 10.0%,8.3479943094,5.0% to less than 10.0%,0.8520056906,0,tract and county summaries answer different area-level questions; neither supports individual inference
25017311500,25017,Middlesex,10.5,10.0% to less than 15.0%,8.3479943094,5.0% to less than 10.0%,2.1520056906,1,tract and county summaries answer different area-level questions; neither supports individual inference
25017311600,25017,Middlesex,10.5,10.0% to less than 15.0%,8.3479943094,5.0% to less than 10.0%,2.1520056906,1,tract and county summaries answer different area-level questions; neither supports individual inference
25017311700,25017,Middlesex,12.5,10.0% to less than 15.0%,8.3479943094,5.0% to less than 10.0%,4.1520056906,1,tract and county summaries answer different area-level questions; neither supports individual inference
25017311800,25017,Middlesex,13.7,10.0% to less than 15.0%,8.3479943094,5.0% to less than 10.0%,5.3520056906,1,tract and county summaries answer different area-level questions; neither supports individual inference
25017311900,25017,Middlesex,15.1,15.0% to less than 20.0%,8.3479943094,5.0% to less than 10.0%,6.7520056906,1,tract and county summaries answer different area-level questions; neither supports individual inference
25017312000,25017,Middlesex,10.9,10.0% to less than 15.0%,8.3479943094,5.0% to less than 10.0%,2.5520056906,1,tract and county summaries answer different area-level questions; neither supports individual inference
25017312100,25017,Middlesex,9.8,5.0% to less than 10.0%,8.3479943094,5.0% to less than 10.0%,1.4520056906,0,tract and county summaries answer different area-level questions; neither supports individual inference
25017312200,25017,Middlesex,9.8,5.0% to less than 10.0%,8.3479943094,5.0% to less than 10.0%,1.4520056906,0,tract and county summaries answer different area-level questions; neither supports individual inference
25017312300,25017,Middlesex,9.8,5.0% to less than 10.0%,8.3479943094,5.0% to less than 10.0%,1.4520056906,0,tract and county summaries answer different area-level questions; neither supports individual inference
25017312400,25017,Middlesex,14.8,10.0% to less than 15.0%,8.3479943094,5.0% to less than 10.0%,6.4520056906,1,tract and county summaries answer different area-level questions; neither supports individual inference
25017312501,25017,Middlesex,10.6,10.0% to less than 15.0%,8.3479943094,5.0% to less than 10.0%,2.2520056906,1,tract and county summaries answer different area-level questions; neither supports individual inference
25017312502,25017,Middlesex,9.3,5.0% to less than 10.0%,8.3479943094,5.0% to less than 10.0%,0.9520056906,0,tract and county summaries answer different area-level questions; neither supports individual inference
25017313101,25017,Middlesex,8.3,5.0% to less than 10.0%,8.3479943094,5.0% to less than 10.0%,0.0479943094,0,tract and county summaries answer different area-level questions; neither supports individual inference
25017313102,25017,Middlesex,8.7,5.0% to less than 10.0%,8.3479943094,5.0% to less than 10.0%,0.3520056906,0,tract and county summaries answer different area-level questions; neither supports individual inference
25017314101,25017,Middlesex,9.2,5.0% to less than 10.0%,8.3479943094,5.0% to less than 10.0%,0.8520056906,0,tract and county summaries answer different area-level questions; neither supports individual inference
25017314102,25017,Middlesex,9.3,5.0% to less than 10.0%,8.3479943094,5.0% to less than 10.0%,0.9520056906,0,tract and county summaries answer different area-level questions; neither supports individual inference
25017314200,25017,Middlesex,10.3,10.0% to less than 15.0%,8.3479943094,5.0% to less than 10.0%,1.9520056906,1,tract and county summaries answer different area-level questions; neither supports individual inference
25017314301,25017,Middlesex,9.1,5.0% to less than 10.0%,8.3479943094,5.0% to less than 10.0%,0.7520056906,0,tract and county summaries answer different area-level questions; neither supports individual inference
25017314302,25017,Middlesex,8.2,5.0% to less than 10.0%,8.3479943094,5.0% to less than 10.0%,0.1479943094,0,tract and county summaries answer different area-level questions; neither supports individual inference
25017315100,25017,Middlesex,8.8,5.0% to less than 10.0%,8.3479943094,5.0% to less than 10.0%,0.4520056906,0,tract and county summaries answer different area-level questions; neither supports individual inference
25017315200,25017,Middlesex,9.1,5.0% to less than 10.0%,8.3479943094,5.0% to less than 10.0%,0.7520056906,0,tract and county summaries answer different area-level questions; neither supports individual inference
25017315401,25017,Middlesex,10.9,10.0% to less than 15.0%,8.3479943094,5.0% to less than 10.0%,2.5520056906,1,tract and county summaries answer different area-level questions; neither supports individual inference
25017315402,25017,Middlesex,8.7,5.0% to less than 10.0%,8.3479943094,5.0% to less than 10.0%,0.3520056906,0,tract and county summaries answer different area-level questions; neither supports individual inference
25017315403,25017,Middlesex,8.6,5.0% to less than 10.0%,8.3479943094,5.0% to less than 10.0%,0.2520056906,0,tract and county summaries answer different area-level questions; neither supports individual inference
25017315500,25017,Middlesex,9.1,5.0% to less than 10.0%,8.3479943094,5.0% to less than 10.0%,0.7520056906,0,tract and county summaries answer different area-level questions; neither supports individual inference
25017316101,25017,Middlesex,8.3,5.0% to less than 10.0%,8.3479943094,5.0% to less than 10.0%,0.0479943094,0,tract and county summaries answer different area-level questions; neither supports individual inference
25017316102,25017,Middlesex,8.6,5.0% to less than 10.0%,8.3479943094,5.0% to less than 10.0%,0.2520056906,0,tract and county summaries answer different area-level questions; neither supports individual inference
25017316201,25017,Middlesex,9,5.0% to less than 10.0%,8.3479943094,5.0% to less than 10.0%,0.6520056906,0,tract and county summaries answer different area-level questions; neither supports individual inference
25017316202,25017,Middlesex,9.1,5.0% to less than 10.0%,8.3479943094,5.0% to less than 10.0%,0.7520056906,0,tract and county summaries answer different area-level questions; neither supports individual inference
25017316300,25017,Middlesex,8.3,5.0% to less than 10.0%,8.3479943094,5.0% to less than 10.0%,0.0479943094,0,tract and county summaries answer different area-level questions; neither supports individual inference
25017316400,25017,Middlesex,7.8,5.0% to less than 10.0%,8.3479943094,5.0% to less than 10.0%,0.5479943094,0,tract and county summaries answer different area-level questions; neither supports individual inference
25017316500,25017,Middlesex,9.1,5.0% to less than 10.0%,8.3479943094,5.0% to less than 10.0%,0.7520056906,0,tract and county summaries answer different area-level questions; neither supports individual inference
25017317101,25017,Middlesex,9.2,5.0% to less than 10.0%,8.3479943094,5.0% to less than 10.0%,0.8520056906,0,tract and county summaries answer different area-level questions; neither supports individual inference
25017317102,25017,Middlesex,8.2,5.0% to less than 10.0%,8.3479943094,5.0% to less than 10.0%,0.1479943094,0,tract and county summaries answer different area-level questions; neither supports individual inference
25017317103,25017,Middlesex,8.7,5.0% to less than 10.0%,8.3479943094,5.0% to less than 10.0%,0.3520056906,0,tract and county summaries answer different area-level questions; neither supports individual inference
25017317201,25017,Middlesex,8,5.0% to less than 10.0%,8.3479943094,5.0% to less than 10.0%,0.3479943094,0,tract and county summaries answer different area-level questions; neither supports individual inference
25017317202,25017,Middlesex,8.1,5.0% to less than 10.0%,8.3479943094,5.0% to less than 10.0%,0.2479943094,0,tract and county summaries answer different area-level questions; neither supports individual inference
25017317203,25017,Middlesex,9,5.0% to less than 10.0%,8.3479943094,5.0% to less than 10.0%,0.6520056906,0,tract and county summaries answer different area-level questions; neither supports individual inference
25017317301,25017,Middlesex,9.1,5.0% to less than 10.0%,8.3479943094,5.0% to less than 10.0%,0.7520056906,0,tract and county summaries answer different area-level questions; neither supports individual inference
25017317302,25017,Middlesex,8.5,5.0% to less than 10.0%,8.3479943094,5.0% to less than 10.0%,0.1520056906,0,tract and county summaries answer different area-level questions; neither supports individual inference
25017318100,25017,Middlesex,8.6,5.0% to less than 10.0%,8.3479943094,5.0% to less than 10.0%,0.2520056906,0,tract and county summaries answer different area-level questions; neither supports individual inference
25017318200,25017,Middlesex,7.6,5.0% to less than 10.0%,8.3479943094,5.0% to less than 10.0%,0.7479943094,0,tract and county summaries answer different area-level questions; neither supports individual inference
25017318300,25017,Middlesex,8,5.0% to less than 10.0%,8.3479943094,5.0% to less than 10.0%,0.3479943094,0,tract and county summaries answer different area-level questions; neither supports individual inference
25017318400,25017,Middlesex,8.1,5.0% to less than 10.0%,8.3479943094,5.0% to less than 10.0%,0.2479943094,0,tract and county summaries answer different area-level questions; neither supports individual inference
25017320102,25017,Middlesex,7.3,5.0% to less than 10.0%,8.3479943094,5.0% to less than 10.0%,1.0479943094,0,tract and county summaries answer different area-level questions; neither supports individual inference
25017320105,25017,Middlesex,7.6,5.0% to less than 10.0%,8.3479943094,5.0% to less than 10.0%,0.7479943094,0,tract and county summaries answer different area-level questions; neither supports individual inference
25017320106,25017,Middlesex,8,5.0% to less than 10.0%,8.3479943094,5.0% to less than 10.0%,0.3479943094,0,tract and county summaries answer different area-level questions; neither supports individual inference
25017320107,25017,Middlesex,6.9,5.0% to less than 10.0%,8.3479943094,5.0% to less than 10.0%,1.4479943094,0,tract and county summaries answer different area-level questions; neither supports individual inference
25017321100,25017,Middlesex,10.6,10.0% to less than 15.0%,8.3479943094,5.0% to less than 10.0%,2.2520056906,1,tract and county summaries answer different area-level questions; neither supports individual inference
25017321200,25017,Middlesex,10.2,10.0% to less than 15.0%,8.3479943094,5.0% to less than 10.0%,1.8520056906,1,tract and county summaries answer different area-level questions; neither supports individual inference
25017321301,25017,Middlesex,11.1,10.0% to less than 15.0%,8.3479943094,5.0% to less than 10.0%,2.7520056906,1,tract and county summaries answer different area-level questions; neither supports individual inference
25017321302,25017,Middlesex,9,5.0% to less than 10.0%,8.3479943094,5.0% to less than 10.0%,0.6520056906,0,tract and county summaries answer different area-level questions; neither supports individual inference
25017321400,25017,Middlesex,8,5.0% to less than 10.0%,8.3479943094,5.0% to less than 10.0%,0.3479943094,0,tract and county summaries answer different area-level questions; neither supports individual inference
25017321500,25017,Middlesex,9.3,5.0% to less than 10.0%,8.3479943094,5.0% to less than 10.0%,0.9520056906,0,tract and county summaries answer different area-level questions; neither supports individual inference
25017321600,25017,Middlesex,8.7,5.0% to less than 10.0%,8.3479943094,5.0% to less than 10.0%,0.3520056906,0,tract and county summaries answer different area-level questions; neither supports individual inference
25017322100,25017,Middlesex,8.3,5.0% to less than 10.0%,8.3479943094,5.0% to less than 10.0%,0.0479943094,0,tract and county summaries answer different area-level questions; neither supports individual inference
25017322200,25017,Middlesex,8.7,5.0% to less than 10.0%,8.3479943094,5.0% to less than 10.0%,0.3520056906,0,tract and county summaries answer different area-level questions; neither supports individual inference
25017322300,25017,Middlesex,10.2,10.0% to less than 15.0%,8.3479943094,5.0% to less than 10.0%,1.8520056906,1,tract and county summaries answer different area-level questions; neither supports individual inference
25017322400,25017,Middlesex,8.4,5.0% to less than 10.0%,8.3479943094,5.0% to less than 10.0%,0.0520056906,0,tract and county summaries answer different area-level questions; neither supports individual inference
25017323101,25017,Middlesex,7.9,5.0% to less than 10.0%,8.3479943094,5.0% to less than 10.0%,0.4479943094,0,tract and county summaries answer different area-level questions; neither supports individual inference
25017323102,25017,Middlesex,8.4,5.0% to less than 10.0%,8.3479943094,5.0% to less than 10.0%,0.0520056906,0,tract and county summaries answer different area-level questions; neither supports individual inference
25017324101,25017,Middlesex,8.4,5.0% to less than 10.0%,8.3479943094,5.0% to less than 10.0%,0.0520056906,0,tract and county summaries answer different area-level questions; neither supports individual inference
25017324102,25017,Middlesex,8.4,5.0% to less than 10.0%,8.3479943094,5.0% to less than 10.0%,0.0520056906,0,tract and county summaries answer different area-level questions; neither supports individual inference
25017325101,25017,Middlesex,8.1,5.0% to less than 10.0%,8.3479943094,5.0% to less than 10.0%,0.2479943094,0,tract and county summaries answer different area-level questions; neither supports individual inference
25017325102,25017,Middlesex,10.3,10.0% to less than 15.0%,8.3479943094,5.0% to less than 10.0%,1.9520056906,1,tract and county summaries answer different area-level questions; neither supports individual inference
25017326101,25017,Middlesex,8.5,5.0% to less than 10.0%,8.3479943094,5.0% to less than 10.0%,0.1520056906,0,tract and county summaries answer different area-level questions; neither supports individual inference
25017326102,25017,Middlesex,8,5.0% to less than 10.0%,8.3479943094,5.0% to less than 10.0%,0.3479943094,0,tract and county summaries answer different area-level questions; neither supports individual inference
25017327101,25017,Middlesex,8.1,5.0% to less than 10.0%,8.3479943094,5.0% to less than 10.0%,0.2479943094,0,tract and county summaries answer different area-level questions; neither supports individual inference
25017327102,25017,Middlesex,8.3,5.0% to less than 10.0%,8.3479943094,5.0% to less than 10.0%,0.0479943094,0,tract and county summaries answer different area-level questions; neither supports individual inference
25017327103,25017,Middlesex,10.5,10.0% to less than 15.0%,8.3479943094,5.0% to less than 10.0%,2.1520056906,1,tract and county summaries answer different area-level questions; neither supports individual inference
25017328100,25017,Middlesex,7.9,5.0% to less than 10.0%,8.3479943094,5.0% to less than 10.0%,0.4479943094,0,tract and county summaries answer different area-level questions; neither supports individual inference
25017330101,25017,Middlesex,7.7,5.0% to less than 10.0%,8.3479943094,5.0% to less than 10.0%,0.6479943094,0,tract and county summaries answer different area-level questions; neither supports individual inference
25017330102,25017,Middlesex,7.8,5.0% to less than 10.0%,8.3479943094,5.0% to less than 10.0%,0.5479943094,0,tract and county summaries answer different area-level questions; neither supports individual inference
25017330201,25017,Middlesex,8,5.0% to less than 10.0%,8.3479943094,5.0% to less than 10.0%,0.3479943094,0,tract and county summaries answer different area-level questions; neither supports individual inference
25017330202,25017,Middlesex,8,5.0% to less than 10.0%,8.3479943094,5.0% to less than 10.0%,0.3479943094,0,tract and county summaries answer different area-level questions; neither supports individual inference
25017331101,25017,Middlesex,8,5.0% to less than 10.0%,8.3479943094,5.0% to less than 10.0%,0.3479943094,0,tract and county summaries answer different area-level questions; neither supports individual inference
25017331102,25017,Middlesex,7.9,5.0% to less than 10.0%,8.3479943094,5.0% to less than 10.0%,0.4479943094,0,tract and county summaries answer different area-level questions; neither supports individual inference
25017331200,25017,Middlesex,8,5.0% to less than 10.0%,8.3479943094,5.0% to less than 10.0%,0.3479943094,0,tract and county summaries answer different area-level questions; neither supports individual inference
25017331300,25017,Middlesex,9.3,5.0% to less than 10.0%,8.3479943094,5.0% to less than 10.0%,0.9520056906,0,tract and county summaries answer different area-level questions; neither supports individual inference
25017332100,25017,Middlesex,8.4,5.0% to less than 10.0%,8.3479943094,5.0% to less than 10.0%,0.0520056906,0,tract and county summaries answer different area-level questions; neither supports individual inference
25017332201,25017,Middlesex,9,5.0% to less than 10.0%,8.3479943094,5.0% to less than 10.0%,0.6520056906,0,tract and county summaries answer different area-level questions; neither supports individual inference
25017332202,25017,Middlesex,8.1,5.0% to less than 10.0%,8.3479943094,5.0% to less than 10.0%,0.2479943094,0,tract and county summaries answer different area-level questions; neither supports individual inference
25017332300,25017,Middlesex,8.7,5.0% to less than 10.0%,8.3479943094,5.0% to less than 10.0%,0.3520056906,0,tract and county summaries answer different area-level questions; neither supports individual inference
25017332401,25017,Middlesex,10,10.0% to less than 15.0%,8.3479943094,5.0% to less than 10.0%,1.6520056906,1,tract and county summaries answer different area-level questions; neither supports individual inference
25017332402,25017,Middlesex,8.9,5.0% to less than 10.0%,8.3479943094,5.0% to less than 10.0%,0.5520056906,0,tract and county summaries answer different area-level questions; neither supports individual inference
25017333100,25017,Middlesex,9,5.0% to less than 10.0%,8.3479943094,5.0% to less than 10.0%,0.6520056906,0,tract and county summaries answer different area-level questions; neither supports individual inference
25017333200,25017,Middlesex,9,5.0% to less than 10.0%,8.3479943094,5.0% to less than 10.0%,0.6520056906,0,tract and county summaries answer different area-level questions; neither supports individual inference
25017333300,25017,Middlesex,8.7,5.0% to less than 10.0%,8.3479943094,5.0% to less than 10.0%,0.3520056906,0,tract and county summaries answer different area-level questions; neither supports individual inference
25017333400,25017,Middlesex,9.2,5.0% to less than 10.0%,8.3479943094,5.0% to less than 10.0%,0.8520056906,0,tract and county summaries answer different area-level questions; neither supports individual inference
25017333501,25017,Middlesex,9.2,5.0% to less than 10.0%,8.3479943094,5.0% to less than 10.0%,0.8520056906,0,tract and county summaries answer different area-level questions; neither supports individual inference
25017333502,25017,Middlesex,10.2,10.0% to less than 15.0%,8.3479943094,5.0% to less than 10.0%,1.8520056906,1,tract and county summaries answer different area-level questions; neither supports individual inference
25017333601,25017,Middlesex,6.5,5.0% to less than 10.0%,8.3479943094,5.0% to less than 10.0%,1.8479943094,0,tract and county summaries answer different area-level questions; neither supports individual inference
25017333602,25017,Middlesex,8.8,5.0% to less than 10.0%,8.3479943094,5.0% to less than 10.0%,0.4520056906,0,tract and county summaries answer different area-level questions; neither supports individual inference
25017334100,25017,Middlesex,7.9,5.0% to less than 10.0%,8.3479943094,5.0% to less than 10.0%,0.4479943094,0,tract and county summaries answer different area-level questions; neither supports individual inference
25017334200,25017,Middlesex,7.9,5.0% to less than 10.0%,8.3479943094,5.0% to less than 10.0%,0.4479943094,0,tract and county summaries answer different area-level questions; neither supports individual inference
25017334300,25017,Middlesex,7.9,5.0% to less than 10.0%,8.3479943094,5.0% to less than 10.0%,0.4479943094,0,tract and county summaries answer different area-level questions; neither supports individual inference
25017334400,25017,Middlesex,8.3,5.0% to less than 10.0%,8.3479943094,5.0% to less than 10.0%,0.0479943094,0,tract and county summaries answer different area-level questions; neither supports individual inference
25017335100,25017,Middlesex,8.5,5.0% to less than 10.0%,8.3479943094,5.0% to less than 10.0%,0.1520056906,0,tract and county summaries answer different area-level questions; neither supports individual inference
25017335200,25017,Middlesex,7.9,5.0% to less than 10.0%,8.3479943094,5.0% to less than 10.0%,0.4479943094,0,tract and county summaries answer different area-level questions; neither supports individual inference
25017335301,25017,Middlesex,8.2,5.0% to less than 10.0%,8.3479943094,5.0% to less than 10.0%,0.1479943094,0,tract and county summaries answer different area-level questions; neither supports individual inference
25017335302,25017,Middlesex,8.3,5.0% to less than 10.0%,8.3479943094,5.0% to less than 10.0%,0.0479943094,0,tract and county summaries answer different area-level questions; neither supports individual inference
25017335400,25017,Middlesex,8.3,5.0% to less than 10.0%,8.3479943094,5.0% to less than 10.0%,0.0479943094,0,tract and county summaries answer different area-level questions; neither supports individual inference
25017336100,25017,Middlesex,8.4,5.0% to less than 10.0%,8.3479943094,5.0% to less than 10.0%,0.0520056906,0,tract and county summaries answer different area-level questions; neither supports individual inference
25017336201,25017,Middlesex,7.8,5.0% to less than 10.0%,8.3479943094,5.0% to less than 10.0%,0.5479943094,0,tract and county summaries answer different area-level questions; neither supports individual inference
25017336202,25017,Middlesex,7.3,5.0% to less than 10.0%,8.3479943094,5.0% to less than 10.0%,1.0479943094,0,tract and county summaries answer different area-level questions; neither supports individual inference
25017336300,25017,Middlesex,7.5,5.0% to less than 10.0%,8.3479943094,5.0% to less than 10.0%,0.8479943094,0,tract and county summaries answer different area-level questions; neither supports individual inference
25017336402,25017,Middlesex,8.8,5.0% to less than 10.0%,8.3479943094,5.0% to less than 10.0%,0.4520056906,0,tract and county summaries answer different area-level questions; neither supports individual inference
25017336403,25017,Middlesex,5.8,5.0% to less than 10.0%,8.3479943094,5.0% to less than 10.0%,2.5479943094,0,tract and county summaries answer different area-level questions; neither supports individual inference
25017336404,25017,Middlesex,8.3,5.0% to less than 10.0%,8.3479943094,5.0% to less than 10.0%,0.0479943094,0,tract and county summaries answer different area-level questions; neither supports individual inference
25017337101,25017,Middlesex,8.8,5.0% to less than 10.0%,8.3479943094,5.0% to less than 10.0%,0.4520056906,0,tract and county summaries answer different area-level questions; neither supports individual inference
25017337102,25017,Middlesex,8.7,5.0% to less than 10.0%,8.3479943094,5.0% to less than 10.0%,0.3520056906,0,tract and county summaries answer different area-level questions; neither supports individual inference
25017337201,25017,Middlesex,9.6,5.0% to less than 10.0%,8.3479943094,5.0% to less than 10.0%,1.2520056906,0,tract and county summaries answer different area-level questions; neither supports individual inference
25017337202,25017,Middlesex,8.6,5.0% to less than 10.0%,8.3479943094,5.0% to less than 10.0%,0.2520056906,0,tract and county summaries answer different area-level questions; neither supports individual inference
25017337300,25017,Middlesex,7.7,5.0% to less than 10.0%,8.3479943094,5.0% to less than 10.0%,0.6479943094,0,tract and county summaries answer different area-level questions; neither supports individual inference
25017338100,25017,Middlesex,8,5.0% to less than 10.0%,8.3479943094,5.0% to less than 10.0%,0.3479943094,0,tract and county summaries answer different area-level questions; neither supports individual inference
25017338200,25017,Middlesex,8.5,5.0% to less than 10.0%,8.3479943094,5.0% to less than 10.0%,0.1520056906,0,tract and county summaries answer different area-level questions; neither supports individual inference
25017338300,25017,Middlesex,9,5.0% to less than 10.0%,8.3479943094,5.0% to less than 10.0%,0.6520056906,0,tract and county summaries answer different area-level questions; neither supports individual inference
25017338400,25017,Middlesex,8,5.0% to less than 10.0%,8.3479943094,5.0% to less than 10.0%,0.3479943094,0,tract and county summaries answer different area-level questions; neither supports individual inference
25017338500,25017,Middlesex,8,5.0% to less than 10.0%,8.3479943094,5.0% to less than 10.0%,0.3479943094,0,tract and county summaries answer different area-level questions; neither supports individual inference
25017339101,25017,Middlesex,11.4,10.0% to less than 15.0%,8.3479943094,5.0% to less than 10.0%,3.0520056906,1,tract and county summaries answer different area-level questions; neither supports individual inference
25017339102,25017,Middlesex,8.8,5.0% to less than 10.0%,8.3479943094,5.0% to less than 10.0%,0.4520056906,0,tract and county summaries answer different area-level questions; neither supports individual inference
25017339200,25017,Middlesex,8,5.0% to less than 10.0%,8.3479943094,5.0% to less than 10.0%,0.3479943094,0,tract and county summaries answer different area-level questions; neither supports individual inference
25017339300,25017,Middlesex,9.4,5.0% to less than 10.0%,8.3479943094,5.0% to less than 10.0%,1.0520056906,0,tract and county summaries answer different area-level questions; neither supports individual inference
25017339400,25017,Middlesex,6.7,5.0% to less than 10.0%,8.3479943094,5.0% to less than 10.0%,1.6479943094,0,tract and county summaries answer different area-level questions; neither supports individual inference
25017339500,25017,Middlesex,5.4,5.0% to less than 10.0%,8.3479943094,5.0% to less than 10.0%,2.9479943094,0,tract and county summaries answer different area-level questions; neither supports individual inference
25017339600,25017,Middlesex,5.3,5.0% to less than 10.0%,8.3479943094,5.0% to less than 10.0%,3.0479943094,0,tract and county summaries answer different area-level questions; neither supports individual inference
25017339700,25017,Middlesex,8.4,5.0% to less than 10.0%,8.3479943094,5.0% to less than 10.0%,0.0520056906,0,tract and county summaries answer different area-level questions; neither supports individual inference
25017339802,25017,Middlesex,8.7,5.0% to less than 10.0%,8.3479943094,5.0% to less than 10.0%,0.3520056906,0,tract and county summaries answer different area-level questions; neither supports individual inference
25017339803,25017,Middlesex,4.6,less than 5.0%,8.3479943094,5.0% to less than 10.0%,3.7479943094,1,tract and county summaries answer different area-level questions; neither supports individual inference
25017339804,25017,Middlesex,7.5,5.0% to less than 10.0%,8.3479943094,5.0% to less than 10.0%,0.8479943094,0,tract and county summaries answer different area-level questions; neither supports individual inference
25017339900,25017,Middlesex,7.8,5.0% to less than 10.0%,8.3479943094,5.0% to less than 10.0%,0.5479943094,0,tract and county summaries answer different area-level questions; neither supports individual inference
25017340000,25017,Middlesex,8.4,5.0% to less than 10.0%,8.3479943094,5.0% to less than 10.0%,0.0520056906,0,tract and county summaries answer different area-level questions; neither supports individual inference
25017340100,25017,Middlesex,8.7,5.0% to less than 10.0%,8.3479943094,5.0% to less than 10.0%,0.3520056906,0,tract and county summaries answer different area-level questions; neither supports individual inference
25017341101,25017,Middlesex,9.4,5.0% to less than 10.0%,8.3479943094,5.0% to less than 10.0%,1.0520056906,0,tract and county summaries answer different area-level questions; neither supports individual inference
25017341102,25017,Middlesex,8.8,5.0% to less than 10.0%,8.3479943094,5.0% to less than 10.0%,0.4520056906,0,tract and county summaries answer different area-level questions; neither supports individual inference
25017341200,25017,Middlesex,10.8,10.0% to less than 15.0%,8.3479943094,5.0% to less than 10.0%,2.4520056906,1,tract and county summaries answer different area-level questions; neither supports individual inference
25017341301,25017,Middlesex,7.2,5.0% to less than 10.0%,8.3479943094,5.0% to less than 10.0%,1.1479943094,0,tract and county summaries answer different area-level questions; neither supports individual inference
25017341302,25017,Middlesex,9.3,5.0% to less than 10.0%,8.3479943094,5.0% to less than 10.0%,0.9520056906,0,tract and county summaries answer different area-level questions; neither supports individual inference
25017341400,25017,Middlesex,9.6,5.0% to less than 10.0%,8.3479943094,5.0% to less than 10.0%,1.2520056906,0,tract and county summaries answer different area-level questions; neither supports individual inference
25017341500,25017,Middlesex,9.5,5.0% to less than 10.0%,8.3479943094,5.0% to less than 10.0%,1.1520056906,0,tract and county summaries answer different area-level questions; neither supports individual inference
25017341600,25017,Middlesex,10.4,10.0% to less than 15.0%,8.3479943094,5.0% to less than 10.0%,2.0520056906,1,tract and county summaries answer different area-level questions; neither supports individual inference
25017341700,25017,Middlesex,10,10.0% to less than 15.0%,8.3479943094,5.0% to less than 10.0%,1.6520056906,1,tract and county summaries answer different area-level questions; neither supports individual inference
25017341800,25017,Middlesex,13.1,10.0% to less than 15.0%,8.3479943094,5.0% to less than 10.0%,4.7520056906,1,tract and county summaries answer different area-level questions; neither supports individual inference
25017341901,25017,Middlesex,11.4,10.0% to less than 15.0%,8.3479943094,5.0% to less than 10.0%,3.0520056906,1,tract and county summaries answer different area-level questions; neither supports individual inference
25017341903,25017,Middlesex,6.9,5.0% to less than 10.0%,8.3479943094,5.0% to less than 10.0%,1.4479943094,0,tract and county summaries answer different area-level questions; neither supports individual inference
25017341904,25017,Middlesex,14.2,10.0% to less than 15.0%,8.3479943094,5.0% to less than 10.0%,5.8520056906,1,tract and county summaries answer different area-level questions; neither supports individual inference
25017342101,25017,Middlesex,11.7,10.0% to less than 15.0%,8.3479943094,5.0% to less than 10.0%,3.3520056906,1,tract and county summaries answer different area-level questions; neither supports individual inference
25017342102,25017,Middlesex,12.2,10.0% to less than 15.0%,8.3479943094,5.0% to less than 10.0%,3.8520056906,1,tract and county summaries answer different area-level questions; neither supports individual inference
25017342201,25017,Middlesex,10.9,10.0% to less than 15.0%,8.3479943094,5.0% to less than 10.0%,2.5520056906,1,tract and county summaries answer different area-level questions; neither supports individual inference
25017342202,25017,Middlesex,11.7,10.0% to less than 15.0%,8.3479943094,5.0% to less than 10.0%,3.3520056906,1,tract and county summaries answer different area-level questions; neither supports individual inference
25017342301,25017,Middlesex,10.2,10.0% to less than 15.0%,8.3479943094,5.0% to less than 10.0%,1.8520056906,1,tract and county summaries answer different area-level questions; neither supports individual inference
25017342302,25017,Middlesex,9.4,5.0% to less than 10.0%,8.3479943094,5.0% to less than 10.0%,1.0520056906,0,tract and county summaries answer different area-level questions; neither supports individual inference
25017342401,25017,Middlesex,12.4,10.0% to less than 15.0%,8.3479943094,5.0% to less than 10.0%,4.0520056906,1,tract and county summaries answer different area-level questions; neither supports individual inference
25017342402,25017,Middlesex,9.5,5.0% to less than 10.0%,8.3479943094,5.0% to less than 10.0%,1.1520056906,0,tract and county summaries answer different area-level questions; neither supports individual inference
25017342501,25017,Middlesex,10.6,10.0% to less than 15.0%,8.3479943094,5.0% to less than 10.0%,2.2520056906,1,tract and county summaries answer different area-level questions; neither supports individual inference
25017342502,25017,Middlesex,11.9,10.0% to less than 15.0%,8.3479943094,5.0% to less than 10.0%,3.5520056906,1,tract and county summaries answer different area-level questions; neither supports individual inference
25017342600,25017,Middlesex,10.9,10.0% to less than 15.0%,8.3479943094,5.0% to less than 10.0%,2.5520056906,1,tract and county summaries answer different area-level questions; neither supports individual inference
25017350105,25017,Middlesex,7.5,5.0% to less than 10.0%,8.3479943094,5.0% to less than 10.0%,0.8479943094,0,tract and county summaries answer different area-level questions; neither supports individual inference
25017350106,25017,Middlesex,3.4,less than 5.0%,8.3479943094,5.0% to less than 10.0%,4.9479943094,1,tract and county summaries answer different area-level questions; neither supports individual inference
25017350107,25017,Middlesex,6.7,5.0% to less than 10.0%,8.3479943094,5.0% to less than 10.0%,1.6479943094,0,tract and county summaries answer different area-level questions; neither supports individual inference
25017350108,25017,Middlesex,8.6,5.0% to less than 10.0%,8.3479943094,5.0% to less than 10.0%,0.2520056906,0,tract and county summaries answer different area-level questions; neither supports individual inference
25017350109,25017,Middlesex,6.5,5.0% to less than 10.0%,8.3479943094,5.0% to less than 10.0%,1.8479943094,0,tract and county summaries answer different area-level questions; neither supports individual inference
25017350201,25017,Middlesex,6.7,5.0% to less than 10.0%,8.3479943094,5.0% to less than 10.0%,1.6479943094,0,tract and county summaries answer different area-level questions; neither supports individual inference
25017350202,25017,Middlesex,5.6,5.0% to less than 10.0%,8.3479943094,5.0% to less than 10.0%,2.7479943094,0,tract and county summaries answer different area-level questions; neither supports individual inference
25017350300,25017,Middlesex,5.6,5.0% to less than 10.0%,8.3479943094,5.0% to less than 10.0%,2.7479943094,0,tract and county summaries answer different area-level questions; neither supports individual inference
25017350400,25017,Middlesex,4.3,less than 5.0%,8.3479943094,5.0% to less than 10.0%,4.0479943094,1,tract and county summaries answer different area-level questions; neither supports individual inference
25017350500,25017,Middlesex,4,less than 5.0%,8.3479943094,5.0% to less than 10.0%,4.3479943094,1,tract and county summaries answer different area-level questions; neither supports individual inference
25017350600,25017,Middlesex,3,less than 5.0%,8.3479943094,5.0% to less than 10.0%,5.3479943094,1,tract and county summaries answer different area-level questions; neither supports individual inference
25017350701,25017,Middlesex,4.6,less than 5.0%,8.3479943094,5.0% to less than 10.0%,3.7479943094,1,tract and county summaries answer different area-level questions; neither supports individual inference
25017350702,25017,Middlesex,11.5,10.0% to less than 15.0%,8.3479943094,5.0% to less than 10.0%,3.1520056906,1,tract and county summaries answer different area-level questions; neither supports individual inference
25017350800,25017,Middlesex,4.1,less than 5.0%,8.3479943094,5.0% to less than 10.0%,4.2479943094,1,tract and county summaries answer different area-level questions; neither supports individual inference
25017350900,25017,Middlesex,4,less than 5.0%,8.3479943094,5.0% to less than 10.0%,4.3479943094,1,tract and county summaries answer different area-level questions; neither supports individual inference
25017351001,25017,Middlesex,3.6,less than 5.0%,8.3479943094,5.0% to less than 10.0%,4.7479943094,1,tract and county summaries answer different area-level questions; neither supports individual inference
25017351002,25017,Middlesex,3.9,less than 5.0%,8.3479943094,5.0% to less than 10.0%,4.4479943094,1,tract and county summaries answer different area-level questions; neither supports individual inference
25017351101,25017,Middlesex,6,5.0% to less than 10.0%,8.3479943094,5.0% to less than 10.0%,2.3479943094,0,tract and county summaries answer different area-level questions; neither supports individual inference
25017351102,25017,Middlesex,4.2,less than 5.0%,8.3479943094,5.0% to less than 10.0%,4.1479943094,1,tract and county summaries answer different area-level questions; neither supports individual inference
25017351203,25017,Middlesex,4,less than 5.0%,8.3479943094,5.0% to less than 10.0%,4.3479943094,1,tract and county summaries answer different area-level questions; neither supports individual inference
25017351204,25017,Middlesex,4.3,less than 5.0%,8.3479943094,5.0% to less than 10.0%,4.0479943094,1,tract and county summaries answer different area-level questions; neither supports individual inference
25017351300,25017,Middlesex,6.9,5.0% to less than 10.0%,8.3479943094,5.0% to less than 10.0%,1.4479943094,0,tract and county summaries answer different area-level questions; neither supports individual inference
25017351403,25017,Middlesex,8.7,5.0% to less than 10.0%,8.3479943094,5.0% to less than 10.0%,0.3520056906,0,tract and county summaries answer different area-level questions; neither supports individual inference
25017351404,25017,Middlesex,7.6,5.0% to less than 10.0%,8.3479943094,5.0% to less than 10.0%,0.7479943094,0,tract and county summaries answer different area-level questions; neither supports individual inference
25017351500,25017,Middlesex,9.6,5.0% to less than 10.0%,8.3479943094,5.0% to less than 10.0%,1.2520056906,0,tract and county summaries answer different area-level questions; neither supports individual inference
25017352101,25017,Middlesex,3.6,less than 5.0%,8.3479943094,5.0% to less than 10.0%,4.7479943094,1,tract and county summaries answer different area-level questions; neither supports individual inference
25017352102,25017,Middlesex,7.2,5.0% to less than 10.0%,8.3479943094,5.0% to less than 10.0%,1.1479943094,0,tract and county summaries answer different area-level questions; neither supports individual inference
25017352200,25017,Middlesex,10,10.0% to less than 15.0%,8.3479943094,5.0% to less than 10.0%,1.6520056906,1,tract and county summaries answer different area-level questions; neither supports individual inference
25017352300,25017,Middlesex,4.5,less than 5.0%,8.3479943094,5.0% to less than 10.0%,3.8479943094,1,tract and county summaries answer different area-level questions; neither supports individual inference
25017352400,25017,Middlesex,12.9,10.0% to less than 15.0%,8.3479943094,5.0% to less than 10.0%,4.5520056906,1,tract and county summaries answer different area-level questions; neither supports individual inference
25017352500,25017,Middlesex,5.9,5.0% to less than 10.0%,8.3479943094,5.0% to less than 10.0%,2.4479943094,0,tract and county summaries answer different area-level questions; neither supports individual inference
25017352600,25017,Middlesex,5.7,5.0% to less than 10.0%,8.3479943094,5.0% to less than 10.0%,2.6479943094,0,tract and county summaries answer different area-level questions; neither supports individual inference
25017352700,25017,Middlesex,7.9,5.0% to less than 10.0%,8.3479943094,5.0% to less than 10.0%,0.4479943094,0,tract and county summaries answer different area-level questions; neither supports individual inference
25017352800,25017,Middlesex,5,5.0% to less than 10.0%,8.3479943094,5.0% to less than 10.0%,3.3479943094,0,tract and county summaries answer different area-level questions; neither supports individual inference
25017352900,25017,Middlesex,5.7,5.0% to less than 10.0%,8.3479943094,5.0% to less than 10.0%,2.6479943094,0,tract and county summaries answer different area-level questions; neither supports individual inference
25017353000,25017,Middlesex,5.9,5.0% to less than 10.0%,8.3479943094,5.0% to less than 10.0%,2.4479943094,0,tract and county summaries answer different area-level questions; neither supports individual inference
25017353101,25017,Middlesex,6.9,5.0% to less than 10.0%,8.3479943094,5.0% to less than 10.0%,1.4479943094,0,tract and county summaries answer different area-level questions; neither supports individual inference
25017353102,25017,Middlesex,2.2,less than 5.0%,8.3479943094,5.0% to less than 10.0%,6.1479943094,1,tract and county summaries answer different area-level questions; neither supports individual inference
25017353200,25017,Middlesex,5.2,5.0% to less than 10.0%,8.3479943094,5.0% to less than 10.0%,3.1479943094,0,tract and county summaries answer different area-level questions; neither supports individual inference
25017353300,25017,Middlesex,5.9,5.0% to less than 10.0%,8.3479943094,5.0% to less than 10.0%,2.4479943094,0,tract and county summaries answer different area-level questions; neither supports individual inference
25017353600,25017,Middlesex,4.9,less than 5.0%,8.3479943094,5.0% to less than 10.0%,3.4479943094,1,tract and county summaries answer different area-level questions; neither supports individual inference
25017353700,25017,Middlesex,4.1,less than 5.0%,8.3479943094,5.0% to less than 10.0%,4.2479943094,1,tract and county summaries answer different area-level questions; neither supports individual inference
25017353800,25017,Middlesex,5.1,5.0% to less than 10.0%,8.3479943094,5.0% to less than 10.0%,3.2479943094,0,tract and county summaries answer different area-level questions; neither supports individual inference
25017353900,25017,Middlesex,3.3,less than 5.0%,8.3479943094,5.0% to less than 10.0%,5.0479943094,1,tract and county summaries answer different area-level questions; neither supports individual inference
25017354000,25017,Middlesex,5.6,5.0% to less than 10.0%,8.3479943094,5.0% to less than 10.0%,2.7479943094,0,tract and county summaries answer different area-level questions; neither supports individual inference
25017354100,25017,Middlesex,6.8,5.0% to less than 10.0%,8.3479943094,5.0% to less than 10.0%,1.5479943094,0,tract and county summaries answer different area-level questions; neither supports individual inference
25017354200,25017,Middlesex,8.7,5.0% to less than 10.0%,8.3479943094,5.0% to less than 10.0%,0.3520056906,0,tract and county summaries answer different area-level questions; neither supports individual inference
25017354300,25017,Middlesex,8.1,5.0% to less than 10.0%,8.3479943094,5.0% to less than 10.0%,0.2479943094,0,tract and county summaries answer different area-level questions; neither supports individual inference
25017354400,25017,Middlesex,7.2,5.0% to less than 10.0%,8.3479943094,5.0% to less than 10.0%,1.1479943094,0,tract and county summaries answer different area-level questions; neither supports individual inference
25017354500,25017,Middlesex,6.8,5.0% to less than 10.0%,8.3479943094,5.0% to less than 10.0%,1.5479943094,0,tract and county summaries answer different area-level questions; neither supports individual inference
25017354601,25017,Middlesex,8.3,5.0% to less than 10.0%,8.3479943094,5.0% to less than 10.0%,0.0479943094,0,tract and county summaries answer different area-level questions; neither supports individual inference
25017354602,25017,Middlesex,7.8,5.0% to less than 10.0%,8.3479943094,5.0% to less than 10.0%,0.5479943094,0,tract and county summaries answer different area-level questions; neither supports individual inference
25017354700,25017,Middlesex,6,5.0% to less than 10.0%,8.3479943094,5.0% to less than 10.0%,2.3479943094,0,tract and county summaries answer different area-level questions; neither supports individual inference
25017354800,25017,Middlesex,5.8,5.0% to less than 10.0%,8.3479943094,5.0% to less than 10.0%,2.5479943094,0,tract and county summaries answer different area-level questions; neither supports individual inference
25017354901,25017,Middlesex,3.7,less than 5.0%,8.3479943094,5.0% to less than 10.0%,4.6479943094,1,tract and county summaries answer different area-level questions; neither supports individual inference
25017354902,25017,Middlesex,10.8,10.0% to less than 15.0%,8.3479943094,5.0% to less than 10.0%,2.4520056906,1,tract and county summaries answer different area-level questions; neither supports individual inference
25017355000,25017,Middlesex,6.8,5.0% to less than 10.0%,8.3479943094,5.0% to less than 10.0%,1.5479943094,0,tract and county summaries answer different area-level questions; neither supports individual inference
25017356100,25017,Middlesex,6.2,5.0% to less than 10.0%,8.3479943094,5.0% to less than 10.0%,2.1479943094,0,tract and county summaries answer different area-level questions; neither supports individual inference
25017356300,25017,Middlesex,6.8,5.0% to less than 10.0%,8.3479943094,5.0% to less than 10.0%,1.5479943094,0,tract and county summaries answer different area-level questions; neither supports individual inference
25017356400,25017,Middlesex,8.2,5.0% to less than 10.0%,8.3479943094,5.0% to less than 10.0%,0.1479943094,0,tract and county summaries answer different area-level questions; neither supports individual inference
25017356500,25017,Middlesex,8.1,5.0% to less than 10.0%,8.3479943094,5.0% to less than 10.0%,0.2479943094,0,tract and county summaries answer different area-level questions; neither supports individual inference
25017356601,25017,Middlesex,7.8,5.0% to less than 10.0%,8.3479943094,5.0% to less than 10.0%,0.5479943094,0,tract and county summaries answer different area-level questions; neither supports individual inference
25017356602,25017,Middlesex,8.2,5.0% to less than 10.0%,8.3479943094,5.0% to less than 10.0%,0.1479943094,0,tract and county summaries answer different area-level questions; neither supports individual inference
25017356701,25017,Middlesex,6.9,5.0% to less than 10.0%,8.3479943094,5.0% to less than 10.0%,1.4479943094,0,tract and county summaries answer different area-level questions; neither supports individual inference
25017356703,25017,Middlesex,9.8,5.0% to less than 10.0%,8.3479943094,5.0% to less than 10.0%,1.4520056906,0,tract and county summaries answer different area-level questions; neither supports individual inference
25017356704,25017,Middlesex,7.5,5.0% to less than 10.0%,8.3479943094,5.0% to less than 10.0%,0.8479943094,0,tract and county summaries answer different area-level questions; neither supports individual inference
25017357100,25017,Middlesex,7.6,5.0% to less than 10.0%,8.3479943094,5.0% to less than 10.0%,0.7479943094,0,tract and county summaries answer different area-level questions; neither supports individual inference
25017357200,25017,Middlesex,7.6,5.0% to less than 10.0%,8.3479943094,5.0% to less than 10.0%,0.7479943094,0,tract and county summaries answer different area-level questions; neither supports individual inference
25017357300,25017,Middlesex,6.7,5.0% to less than 10.0%,8.3479943094,5.0% to less than 10.0%,1.6479943094,0,tract and county summaries answer different area-level questions; neither supports individual inference
25017357400,25017,Middlesex,8,5.0% to less than 10.0%,8.3479943094,5.0% to less than 10.0%,0.3479943094,0,tract and county summaries answer different area-level questions; neither supports individual inference
25017357500,25017,Middlesex,7.2,5.0% to less than 10.0%,8.3479943094,5.0% to less than 10.0%,1.1479943094,0,tract and county summaries answer different area-level questions; neither supports individual inference
25017357600,25017,Middlesex,7,5.0% to less than 10.0%,8.3479943094,5.0% to less than 10.0%,1.3479943094,0,tract and county summaries answer different area-level questions; neither supports individual inference
25017357700,25017,Middlesex,8.9,5.0% to less than 10.0%,8.3479943094,5.0% to less than 10.0%,0.5520056906,0,tract and county summaries answer different area-level questions; neither supports individual inference
25017357800,25017,Middlesex,8.2,5.0% to less than 10.0%,8.3479943094,5.0% to less than 10.0%,0.1479943094,0,tract and county summaries answer different area-level questions; neither supports individual inference
25017358100,25017,Middlesex,8.3,5.0% to less than 10.0%,8.3479943094,5.0% to less than 10.0%,0.0479943094,0,tract and county summaries answer different area-level questions; neither supports individual inference
25017358300,25017,Middlesex,8.8,5.0% to less than 10.0%,8.3479943094,5.0% to less than 10.0%,0.4520056906,0,tract and county summaries answer different area-level questions; neither supports individual inference
25017358400,25017,Middlesex,9.7,5.0% to less than 10.0%,8.3479943094,5.0% to less than 10.0%,1.3520056906,0,tract and county summaries answer different area-level questions; neither supports individual inference
25017358500,25017,Middlesex,9.1,5.0% to less than 10.0%,8.3479943094,5.0% to less than 10.0%,0.7520056906,0,tract and county summaries answer different area-level questions; neither supports individual inference
25017358600,25017,Middlesex,9.2,5.0% to less than 10.0%,8.3479943094,5.0% to less than 10.0%,0.8520056906,0,tract and county summaries answer different area-level questions; neither supports individual inference
25017358700,25017,Middlesex,8.4,5.0% to less than 10.0%,8.3479943094,5.0% to less than 10.0%,0.0520056906,0,tract and county summaries answer different area-level questions; neither supports individual inference
25017359100,25017,Middlesex,9.3,5.0% to less than 10.0%,8.3479943094,5.0% to less than 10.0%,0.9520056906,0,tract and county summaries answer different area-level questions; neither supports individual inference
25017359303,25017,Middlesex,8.4,5.0% to less than 10.0%,8.3479943094,5.0% to less than 10.0%,0.0520056906,0,tract and county summaries answer different area-level questions; neither supports individual inference
25017359400,25017,Middlesex,6.9,5.0% to less than 10.0%,8.3479943094,5.0% to less than 10.0%,1.4479943094,0,tract and county summaries answer different area-level questions; neither supports individual inference
25017360300,25017,Middlesex,8.7,5.0% to less than 10.0%,8.3479943094,5.0% to less than 10.0%,0.3520056906,0,tract and county summaries answer different area-level questions; neither supports individual inference
25017361100,25017,Middlesex,8.6,5.0% to less than 10.0%,8.3479943094,5.0% to less than 10.0%,0.2520056906,0,tract and county summaries answer different area-level questions; neither supports individual inference
25017361200,25017,Middlesex,8.8,5.0% to less than 10.0%,8.3479943094,5.0% to less than 10.0%,0.4520056906,0,tract and county summaries answer different area-level questions; neither supports individual inference
25017361300,25017,Middlesex,8.2,5.0% to less than 10.0%,8.3479943094,5.0% to less than 10.0%,0.1479943094,0,tract and county summaries answer different area-level questions; neither supports individual inference
25017362100,25017,Middlesex,8.5,5.0% to less than 10.0%,8.3479943094,5.0% to less than 10.0%,0.1520056906,0,tract and county summaries answer different area-level questions; neither supports individual inference
25017363103,25017,Middlesex,8.5,5.0% to less than 10.0%,8.3479943094,5.0% to less than 10.0%,0.1520056906,0,tract and county summaries answer different area-level questions; neither supports individual inference
25017363104,25017,Middlesex,8.5,5.0% to less than 10.0%,8.3479943094,5.0% to less than 10.0%,0.1520056906,0,tract and county summaries answer different area-level questions; neither supports individual inference
25017363105,25017,Middlesex,11.1,10.0% to less than 15.0%,8.3479943094,5.0% to less than 10.0%,2.7520056906,1,tract and county summaries answer different area-level questions; neither supports individual inference
25017363106,25017,Middlesex,9.1,5.0% to less than 10.0%,8.3479943094,5.0% to less than 10.0%,0.7520056906,0,tract and county summaries answer different area-level questions; neither supports individual inference
25017363201,25017,Middlesex,8,5.0% to less than 10.0%,8.3479943094,5.0% to less than 10.0%,0.3479943094,0,tract and county summaries answer different area-level questions; neither supports individual inference
25017363202,25017,Middlesex,7.3,5.0% to less than 10.0%,8.3479943094,5.0% to less than 10.0%,1.0479943094,0,tract and county summaries answer different area-level questions; neither supports individual inference
25017364101,25017,Middlesex,8.8,5.0% to less than 10.0%,8.3479943094,5.0% to less than 10.0%,0.4520056906,0,tract and county summaries answer different area-level questions; neither supports individual inference
25017364102,25017,Middlesex,7.5,5.0% to less than 10.0%,8.3479943094,5.0% to less than 10.0%,0.8479943094,0,tract and county summaries answer different area-level questions; neither supports individual inference
25017365100,25017,Middlesex,7.2,5.0% to less than 10.0%,8.3479943094,5.0% to less than 10.0%,1.1479943094,0,tract and county summaries answer different area-level questions; neither supports individual inference
25017365201,25017,Middlesex,7.6,5.0% to less than 10.0%,8.3479943094,5.0% to less than 10.0%,0.7479943094,0,tract and county summaries answer different area-level questions; neither supports individual inference
25017365202,25017,Middlesex,8.7,5.0% to less than 10.0%,8.3479943094,5.0% to less than 10.0%,0.3520056906,0,tract and county summaries answer different area-level questions; neither supports individual inference
25017366100,25017,Middlesex,8.8,5.0% to less than 10.0%,8.3479943094,5.0% to less than 10.0%,0.4520056906,0,tract and county summaries answer different area-level questions; neither supports individual inference
25017366201,25017,Middlesex,7.7,5.0% to less than 10.0%,8.3479943094,5.0% to less than 10.0%,0.6479943094,0,tract and county summaries answer different area-level questions; neither supports individual inference
25017366202,25017,Middlesex,8.7,5.0% to less than 10.0%,8.3479943094,5.0% to less than 10.0%,0.3520056906,0,tract and county summaries answer different area-level questions; neither supports individual inference
25017367100,25017,Middlesex,9,5.0% to less than 10.0%,8.3479943094,5.0% to less than 10.0%,0.6520056906,0,tract and county summaries answer different area-level questions; neither supports individual inference
25017367200,25017,Middlesex,8,5.0% to less than 10.0%,8.3479943094,5.0% to less than 10.0%,0.3479943094,0,tract and county summaries answer different area-level questions; neither supports individual inference
25017368101,25017,Middlesex,7.7,5.0% to less than 10.0%,8.3479943094,5.0% to less than 10.0%,0.6479943094,0,tract and county summaries answer different area-level questions; neither supports individual inference
25017368102,25017,Middlesex,9.5,5.0% to less than 10.0%,8.3479943094,5.0% to less than 10.0%,1.1520056906,0,tract and county summaries answer different area-level questions; neither supports individual inference
25017368200,25017,Middlesex,8.9,5.0% to less than 10.0%,8.3479943094,5.0% to less than 10.0%,0.5520056906,0,tract and county summaries answer different area-level questions; neither supports individual inference
25017368300,25017,Middlesex,8.3,5.0% to less than 10.0%,8.3479943094,5.0% to less than 10.0%,0.0479943094,0,tract and county summaries answer different area-level questions; neither supports individual inference
25017368400,25017,Middlesex,4.7,less than 5.0%,8.3479943094,5.0% to less than 10.0%,3.6479943094,1,tract and county summaries answer different area-level questions; neither supports individual inference
25017368500,25017,Middlesex,6.8,5.0% to less than 10.0%,8.3479943094,5.0% to less than 10.0%,1.5479943094,0,tract and county summaries answer different area-level questions; neither supports individual inference
25017368600,25017,Middlesex,7.6,5.0% to less than 10.0%,8.3479943094,5.0% to less than 10.0%,0.7479943094,0,tract and county summaries answer different area-level questions; neither supports individual inference
25017368700,25017,Middlesex,7.5,5.0% to less than 10.0%,8.3479943094,5.0% to less than 10.0%,0.8479943094,0,tract and county summaries answer different area-level questions; neither supports individual inference
25017368800,25017,Middlesex,8.8,5.0% to less than 10.0%,8.3479943094,5.0% to less than 10.0%,0.4520056906,0,tract and county summaries answer different area-level questions; neither supports individual inference
25017368901,25017,Middlesex,9.1,5.0% to less than 10.0%,8.3479943094,5.0% to less than 10.0%,0.7520056906,0,tract and county summaries answer different area-level questions; neither supports individual inference
25017368902,25017,Middlesex,9.4,5.0% to less than 10.0%,8.3479943094,5.0% to less than 10.0%,1.0520056906,0,tract and county summaries answer different area-level questions; neither supports individual inference
25017369000,25017,Middlesex,1.9,less than 5.0%,8.3479943094,5.0% to less than 10.0%,6.4479943094,1,tract and county summaries answer different area-level questions; neither supports individual inference
25017369100,25017,Middlesex,8.3,5.0% to less than 10.0%,8.3479943094,5.0% to less than 10.0%,0.0479943094,0,tract and county summaries answer different area-level questions; neither supports individual inference
25017370101,25017,Middlesex,8.1,5.0% to less than 10.0%,8.3479943094,5.0% to less than 10.0%,0.2479943094,0,tract and county summaries answer different area-level questions; neither supports individual inference
25017370103,25017,Middlesex,7.8,5.0% to less than 10.0%,8.3479943094,5.0% to less than 10.0%,0.5479943094,0,tract and county summaries answer different area-level questions; neither supports individual inference
25017370104,25017,Middlesex,6.4,5.0% to less than 10.0%,8.3479943094,5.0% to less than 10.0%,1.9479943094,0,tract and county summaries answer different area-level questions; neither supports individual inference
25017370201,25017,Middlesex,7.2,5.0% to less than 10.0%,8.3479943094,5.0% to less than 10.0%,1.1479943094,0,tract and county summaries answer different area-level questions; neither supports individual inference
25017370202,25017,Middlesex,6.9,5.0% to less than 10.0%,8.3479943094,5.0% to less than 10.0%,1.4479943094,0,tract and county summaries answer different area-level questions; neither supports individual inference
25017370301,25017,Middlesex,7.2,5.0% to less than 10.0%,8.3479943094,5.0% to less than 10.0%,1.1479943094,0,tract and county summaries answer different area-level questions; neither supports individual inference
25017370302,25017,Middlesex,9.9,5.0% to less than 10.0%,8.3479943094,5.0% to less than 10.0%,1.5520056906,0,tract and county summaries answer different area-level questions; neither supports individual inference
25017370401,25017,Middlesex,6.4,5.0% to less than 10.0%,8.3479943094,5.0% to less than 10.0%,1.9479943094,0,tract and county summaries answer different area-level questions; neither supports individual inference
25017370402,25017,Middlesex,7.4,5.0% to less than 10.0%,8.3479943094,5.0% to less than 10.0%,0.9479943094,0,tract and county summaries answer different area-level questions; neither supports individual inference
25017370403,25017,Middlesex,6.4,5.0% to less than 10.0%,8.3479943094,5.0% to less than 10.0%,1.9479943094,0,tract and county summaries answer different area-level questions; neither supports individual inference
25017373100,25017,Middlesex,7.1,5.0% to less than 10.0%,8.3479943094,5.0% to less than 10.0%,1.2479943094,0,tract and county summaries answer different area-level questions; neither supports individual inference
25017373200,25017,Middlesex,7.9,5.0% to less than 10.0%,8.3479943094,5.0% to less than 10.0%,0.4479943094,0,tract and county summaries answer different area-level questions; neither supports individual inference
25017373300,25017,Middlesex,8,5.0% to less than 10.0%,8.3479943094,5.0% to less than 10.0%,0.3479943094,0,tract and county summaries answer different area-level questions; neither supports individual inference
25017373400,25017,Middlesex,8.1,5.0% to less than 10.0%,8.3479943094,5.0% to less than 10.0%,0.2479943094,0,tract and county summaries answer different area-level questions; neither supports individual inference
25017373500,25017,Middlesex,7.2,5.0% to less than 10.0%,8.3479943094,5.0% to less than 10.0%,1.1479943094,0,tract and county summaries answer different area-level questions; neither supports individual inference
25017373600,25017,Middlesex,5.1,5.0% to less than 10.0%,8.3479943094,5.0% to less than 10.0%,3.2479943094,0,tract and county summaries answer different area-level questions; neither supports individual inference
25017373700,25017,Middlesex,7.7,5.0% to less than 10.0%,8.3479943094,5.0% to less than 10.0%,0.6479943094,0,tract and county summaries answer different area-level questions; neither supports individual inference
25017373800,25017,Middlesex,8.6,5.0% to less than 10.0%,8.3479943094,5.0% to less than 10.0%,0.2520056906,0,tract and county summaries answer different area-level questions; neither supports individual inference
25017373901,25017,Middlesex,8.7,5.0% to less than 10.0%,8.3479943094,5.0% to less than 10.0%,0.3520056906,0,tract and county summaries answer different area-level questions; neither supports individual inference
25017373902,25017,Middlesex,9.2,5.0% to less than 10.0%,8.3479943094,5.0% to less than 10.0%,0.8520056906,0,tract and county summaries answer different area-level questions; neither supports individual inference
25017374000,25017,Middlesex,9.4,5.0% to less than 10.0%,8.3479943094,5.0% to less than 10.0%,1.0520056906,0,tract and county summaries answer different area-level questions; neither supports individual inference
25017374100,25017,Middlesex,9,5.0% to less than 10.0%,8.3479943094,5.0% to less than 10.0%,0.6520056906,0,tract and county summaries answer different area-level questions; neither supports individual inference
25017374200,25017,Middlesex,7.6,5.0% to less than 10.0%,8.3479943094,5.0% to less than 10.0%,0.7479943094,0,tract and county summaries answer different area-level questions; neither supports individual inference
25017374300,25017,Middlesex,7.8,5.0% to less than 10.0%,8.3479943094,5.0% to less than 10.0%,0.5479943094,0,tract and county summaries answer different area-level questions; neither supports individual inference
25017374400,25017,Middlesex,8.8,5.0% to less than 10.0%,8.3479943094,5.0% to less than 10.0%,0.4520056906,0,tract and county summaries answer different area-level questions; neither supports individual inference
25017374500,25017,Middlesex,9,5.0% to less than 10.0%,8.3479943094,5.0% to less than 10.0%,0.6520056906,0,tract and county summaries answer different area-level questions; neither supports individual inference
25017374600,25017,Middlesex,7.3,5.0% to less than 10.0%,8.3479943094,5.0% to less than 10.0%,1.0479943094,0,tract and county summaries answer different area-level questions; neither supports individual inference
25017374700,25017,Middlesex,8,5.0% to less than 10.0%,8.3479943094,5.0% to less than 10.0%,0.3479943094,0,tract and county summaries answer different area-level questions; neither supports individual inference
25017374800,25017,Middlesex,7.4,5.0% to less than 10.0%,8.3479943094,5.0% to less than 10.0%,0.9479943094,0,tract and county summaries answer different area-level questions; neither supports individual inference
25017382100,25017,Middlesex,8.3,5.0% to less than 10.0%,8.3479943094,5.0% to less than 10.0%,0.0479943094,0,tract and county summaries answer different area-level questions; neither supports individual inference
25017382200,25017,Middlesex,7.4,5.0% to less than 10.0%,8.3479943094,5.0% to less than 10.0%,0.9479943094,0,tract and county summaries answer different area-level questions; neither supports individual inference
25017382300,25017,Middlesex,7.9,5.0% to less than 10.0%,8.3479943094,5.0% to less than 10.0%,0.4479943094,0,tract and county summaries answer different area-level questions; neither supports individual inference
25017382400,25017,Middlesex,8.8,5.0% to less than 10.0%,8.3479943094,5.0% to less than 10.0%,0.4520056906,0,tract and county summaries answer different area-level questions; neither supports individual inference
25017382500,25017,Middlesex,8,5.0% to less than 10.0%,8.3479943094,5.0% to less than 10.0%,0.3479943094,0,tract and county summaries answer different area-level questions; neither supports individual inference
25017382601,25017,Middlesex,6.8,5.0% to less than 10.0%,8.3479943094,5.0% to less than 10.0%,1.5479943094,0,tract and county summaries answer different area-level questions; neither supports individual inference
25017382602,25017,Middlesex,9.3,5.0% to less than 10.0%,8.3479943094,5.0% to less than 10.0%,0.9520056906,0,tract and county summaries answer different area-level questions; neither supports individual inference
25017383101,25017,Middlesex,12.1,10.0% to less than 15.0%,8.3479943094,5.0% to less than 10.0%,3.7520056906,1,tract and county summaries answer different area-level questions; neither supports individual inference
25017383102,25017,Middlesex,13.8,10.0% to less than 15.0%,8.3479943094,5.0% to less than 10.0%,5.4520056906,1,tract and county summaries answer different area-level questions; neither supports individual inference
25017383200,25017,Middlesex,10.5,10.0% to less than 15.0%,8.3479943094,5.0% to less than 10.0%,2.1520056906,1,tract and county summaries answer different area-level questions; neither supports individual inference
25017383300,25017,Middlesex,10,10.0% to less than 15.0%,8.3479943094,5.0% to less than 10.0%,1.6520056906,1,tract and county summaries answer different area-level questions; neither supports individual inference
25017383401,25017,Middlesex,9.1,5.0% to less than 10.0%,8.3479943094,5.0% to less than 10.0%,0.7520056906,0,tract and county summaries answer different area-level questions; neither supports individual inference
25017383402,25017,Middlesex,10.8,10.0% to less than 15.0%,8.3479943094,5.0% to less than 10.0%,2.4520056906,1,tract and county summaries answer different area-level questions; neither supports individual inference
25017383501,25017,Middlesex,11.6,10.0% to less than 15.0%,8.3479943094,5.0% to less than 10.0%,3.2520056906,1,tract and county summaries answer different area-level questions; neither supports individual inference
25017383502,25017,Middlesex,5.3,5.0% to less than 10.0%,8.3479943094,5.0% to less than 10.0%,3.0479943094,0,tract and county summaries answer different area-level questions; neither supports individual inference
25017383600,25017,Middlesex,9.2,5.0% to less than 10.0%,8.3479943094,5.0% to less than 10.0%,0.8520056906,0,tract and county summaries answer different area-level questions; neither supports individual inference
25017383700,25017,Middlesex,8.9,5.0% to less than 10.0%,8.3479943094,5.0% to less than 10.0%,0.5520056906,0,tract and county summaries answer different area-level questions; neither supports individual inference
25017383800,25017,Middlesex,8.1,5.0% to less than 10.0%,8.3479943094,5.0% to less than 10.0%,0.2479943094,0,tract and county summaries answer different area-level questions; neither supports individual inference
25017383902,25017,Middlesex,9.1,5.0% to less than 10.0%,8.3479943094,5.0% to less than 10.0%,0.7520056906,0,tract and county summaries answer different area-level questions; neither supports individual inference
25017383903,25017,Middlesex,9,5.0% to less than 10.0%,8.3479943094,5.0% to less than 10.0%,0.6520056906,0,tract and county summaries answer different area-level questions; neither supports individual inference
25017383904,25017,Middlesex,9.6,5.0% to less than 10.0%,8.3479943094,5.0% to less than 10.0%,1.2520056906,0,tract and county summaries answer different area-level questions; neither supports individual inference
25017384003,25017,Middlesex,7.3,5.0% to less than 10.0%,8.3479943094,5.0% to less than 10.0%,1.0479943094,0,tract and county summaries answer different area-level questions; neither supports individual inference
25017384004,25017,Middlesex,9.1,5.0% to less than 10.0%,8.3479943094,5.0% to less than 10.0%,0.7520056906,0,tract and county summaries answer different area-level questions; neither supports individual inference
25017385101,25017,Middlesex,7.1,5.0% to less than 10.0%,8.3479943094,5.0% to less than 10.0%,1.2479943094,0,tract and county summaries answer different area-level questions; neither supports individual inference
25017385102,25017,Middlesex,8.7,5.0% to less than 10.0%,8.3479943094,5.0% to less than 10.0%,0.3520056906,0,tract and county summaries answer different area-level questions; neither supports individual inference
25017385201,25017,Middlesex,10.2,10.0% to less than 15.0%,8.3479943094,5.0% to less than 10.0%,1.8520056906,1,tract and county summaries answer different area-level questions; neither supports individual inference
25017385203,25017,Middlesex,8.6,5.0% to less than 10.0%,8.3479943094,5.0% to less than 10.0%,0.2520056906,0,tract and county summaries answer different area-level questions; neither supports individual inference
25017385204,25017,Middlesex,7.2,5.0% to less than 10.0%,8.3479943094,5.0% to less than 10.0%,1.1479943094,0,tract and county summaries answer different area-level questions; neither supports individual inference
25017386100,25017,Middlesex,7.5,5.0% to less than 10.0%,8.3479943094,5.0% to less than 10.0%,0.8479943094,0,tract and county summaries answer different area-level questions; neither supports individual inference
25017387100,25017,Middlesex,8.7,5.0% to less than 10.0%,8.3479943094,5.0% to less than 10.0%,0.3520056906,0,tract and county summaries answer different area-level questions; neither supports individual inference
25017387201,25017,Middlesex,8.6,5.0% to less than 10.0%,8.3479943094,5.0% to less than 10.0%,0.2520056906,0,tract and county summaries answer different area-level questions; neither supports individual inference
25017387202,25017,Middlesex,7.9,5.0% to less than 10.0%,8.3479943094,5.0% to less than 10.0%,0.4479943094,0,tract and county summaries answer different area-level questions; neither supports individual inference
25017388100,25017,Middlesex,8.2,5.0% to less than 10.0%,8.3479943094,5.0% to less than 10.0%,0.1479943094,0,tract and county summaries answer different area-level questions; neither supports individual inference
25017388200,25017,Middlesex,9,5.0% to less than 10.0%,8.3479943094,5.0% to less than 10.0%,0.6520056906,0,tract and county summaries answer different area-level questions; neither supports individual inference
25017388300,25017,Middlesex,9.7,5.0% to less than 10.0%,8.3479943094,5.0% to less than 10.0%,1.3520056906,0,tract and county summaries answer different area-level questions; neither supports individual inference
25019950100,25019,Nantucket,9.3,5.0% to less than 10.0%,8.0628895429,5.0% to less than 10.0%,1.2371104571,0,tract and county summaries answer different area-level questions; neither supports individual inference
25019950201,25019,Nantucket,6.8,5.0% to less than 10.0%,8.0628895429,5.0% to less than 10.0%,1.2628895429,0,tract and county summaries answer different area-level questions; neither supports individual inference
25019950202,25019,Nantucket,7.8,5.0% to less than 10.0%,8.0628895429,5.0% to less than 10.0%,0.2628895429,0,tract and county summaries answer different area-level questions; neither supports individual inference
25019950307,25019,Nantucket,8.6,5.0% to less than 10.0%,8.0628895429,5.0% to less than 10.0%,0.5371104571,0,tract and county summaries answer different area-level questions; neither supports individual inference
25019950400,25019,Nantucket,7.6,5.0% to less than 10.0%,8.0628895429,5.0% to less than 10.0%,0.4628895429,0,tract and county summaries answer different area-level questions; neither supports individual inference
25019950500,25019,Nantucket,10.3,10.0% to less than 15.0%,8.0628895429,5.0% to less than 10.0%,2.2371104571,1,tract and county summaries answer different area-level questions; neither supports individual inference
25021400100,25021,Norfolk,7.2,5.0% to less than 10.0%,9.0041773264,5.0% to less than 10.0%,1.8041773264,0,tract and county summaries answer different area-level questions; neither supports individual inference
25021400201,25021,Norfolk,6.3,5.0% to less than 10.0%,9.0041773264,5.0% to less than 10.0%,2.7041773264,0,tract and county summaries answer different area-level questions; neither supports individual inference
25021400202,25021,Norfolk,6.3,5.0% to less than 10.0%,9.0041773264,5.0% to less than 10.0%,2.7041773264,0,tract and county summaries answer different area-level questions; neither supports individual inference
25021400300,25021,Norfolk,6.3,5.0% to less than 10.0%,9.0041773264,5.0% to less than 10.0%,2.7041773264,0,tract and county summaries answer different area-level questions; neither supports individual inference
25021400401,25021,Norfolk,7.8,5.0% to less than 10.0%,9.0041773264,5.0% to less than 10.0%,1.2041773264,0,tract and county summaries answer different area-level questions; neither supports individual inference
25021400402,25021,Norfolk,6.6,5.0% to less than 10.0%,9.0041773264,5.0% to less than 10.0%,2.4041773264,0,tract and county summaries answer different area-level questions; neither supports individual inference
25021400500,25021,Norfolk,5.6,5.0% to less than 10.0%,9.0041773264,5.0% to less than 10.0%,3.4041773264,0,tract and county summaries answer different area-level questions; neither supports individual inference
25021400600,25021,Norfolk,6.4,5.0% to less than 10.0%,9.0041773264,5.0% to less than 10.0%,2.6041773264,0,tract and county summaries answer different area-level questions; neither supports individual inference
25021400700,25021,Norfolk,6.3,5.0% to less than 10.0%,9.0041773264,5.0% to less than 10.0%,2.7041773264,0,tract and county summaries answer different area-level questions; neither supports individual inference
25021400800,25021,Norfolk,6.3,5.0% to less than 10.0%,9.0041773264,5.0% to less than 10.0%,2.7041773264,0,tract and county summaries answer different area-level questions; neither supports individual inference
25021400900,25021,Norfolk,7.8,5.0% to less than 10.0%,9.0041773264,5.0% to less than 10.0%,1.2041773264,0,tract and county summaries answer different area-level questions; neither supports individual inference
25021401000,25021,Norfolk,8.1,5.0% to less than 10.0%,9.0041773264,5.0% to less than 10.0%,0.9041773264,0,tract and county summaries answer different area-level questions; neither supports individual inference
25021401100,25021,Norfolk,7.9,5.0% to less than 10.0%,9.0041773264,5.0% to less than 10.0%,1.1041773264,0,tract and county summaries answer different area-level questions; neither supports individual inference
25021401201,25021,Norfolk,8.2,5.0% to less than 10.0%,9.0041773264,5.0% to less than 10.0%,0.8041773264,0,tract and county summaries answer different area-level questions; neither supports individual inference
25021401202,25021,Norfolk,9.4,5.0% to less than 10.0%,9.0041773264,5.0% to less than 10.0%,0.3958226736,0,tract and county summaries answer different area-level questions; neither supports individual inference
25021402101,25021,Norfolk,9.5,5.0% to less than 10.0%,9.0041773264,5.0% to less than 10.0%,0.4958226736,0,tract and county summaries answer different area-level questions; neither supports individual inference
25021402102,25021,Norfolk,10,10.0% to less than 15.0%,9.0041773264,5.0% to less than 10.0%,0.9958226736,1,tract and county summaries answer different area-level questions; neither supports individual inference
25021402200,25021,Norfolk,8.4,5.0% to less than 10.0%,9.0041773264,5.0% to less than 10.0%,0.6041773264,0,tract and county summaries answer different area-level questions; neither supports individual inference
25021402300,25021,Norfolk,8.5,5.0% to less than 10.0%,9.0041773264,5.0% to less than 10.0%,0.5041773264,0,tract and county summaries answer different area-level questions; neither supports individual inference
25021402400,25021,Norfolk,7.7,5.0% to less than 10.0%,9.0041773264,5.0% to less than 10.0%,1.3041773264,0,tract and county summaries answer different area-level questions; neither supports individual inference
25021402500,25021,Norfolk,9.8,5.0% to less than 10.0%,9.0041773264,5.0% to less than 10.0%,0.7958226736,0,tract and county summaries answer different area-level questions; neither supports individual inference
25021403100,25021,Norfolk,7.4,5.0% to less than 10.0%,9.0041773264,5.0% to less than 10.0%,1.6041773264,0,tract and county summaries answer different area-level questions; neither supports individual inference
25021403300,25021,Norfolk,7.7,5.0% to less than 10.0%,9.0041773264,5.0% to less than 10.0%,1.3041773264,0,tract and county summaries answer different area-level questions; neither supports individual inference
25021403400,25021,Norfolk,8.2,5.0% to less than 10.0%,9.0041773264,5.0% to less than 10.0%,0.8041773264,0,tract and county summaries answer different area-level questions; neither supports individual inference
25021403501,25021,Norfolk,9.3,5.0% to less than 10.0%,9.0041773264,5.0% to less than 10.0%,0.2958226736,0,tract and county summaries answer different area-level questions; neither supports individual inference
25021403502,25021,Norfolk,7.7,5.0% to less than 10.0%,9.0041773264,5.0% to less than 10.0%,1.3041773264,0,tract and county summaries answer different area-level questions; neither supports individual inference
25021404100,25021,Norfolk,8.1,5.0% to less than 10.0%,9.0041773264,5.0% to less than 10.0%,0.9041773264,0,tract and county summaries answer different area-level questions; neither supports individual inference
25021404201,25021,Norfolk,7.6,5.0% to less than 10.0%,9.0041773264,5.0% to less than 10.0%,1.4041773264,0,tract and county summaries answer different area-level questions; neither supports individual inference
25021404202,25021,Norfolk,5.8,5.0% to less than 10.0%,9.0041773264,5.0% to less than 10.0%,3.2041773264,0,tract and county summaries answer different area-level questions; neither supports individual inference
25021404301,25021,Norfolk,7.3,5.0% to less than 10.0%,9.0041773264,5.0% to less than 10.0%,1.7041773264,0,tract and county summaries answer different area-level questions; neither supports individual inference
25021404302,25021,Norfolk,8.8,5.0% to less than 10.0%,9.0041773264,5.0% to less than 10.0%,0.2041773264,0,tract and county summaries answer different area-level questions; neither supports individual inference
25021404400,25021,Norfolk,6.2,5.0% to less than 10.0%,9.0041773264,5.0% to less than 10.0%,2.8041773264,0,tract and county summaries answer different area-level questions; neither supports individual inference
25021405100,25021,Norfolk,7.8,5.0% to less than 10.0%,9.0041773264,5.0% to less than 10.0%,1.2041773264,0,tract and county summaries answer different area-level questions; neither supports individual inference
25021406101,25021,Norfolk,7.7,5.0% to less than 10.0%,9.0041773264,5.0% to less than 10.0%,1.3041773264,0,tract and county summaries answer different area-level questions; neither supports individual inference
25021406102,25021,Norfolk,7.7,5.0% to less than 10.0%,9.0041773264,5.0% to less than 10.0%,1.3041773264,0,tract and county summaries answer different area-level questions; neither supports individual inference
25021407101,25021,Norfolk,8.5,5.0% to less than 10.0%,9.0041773264,5.0% to less than 10.0%,0.5041773264,0,tract and county summaries answer different area-level questions; neither supports individual inference
25021407102,25021,Norfolk,8.8,5.0% to less than 10.0%,9.0041773264,5.0% to less than 10.0%,0.2041773264,0,tract and county summaries answer different area-level questions; neither supports individual inference
25021408102,25021,Norfolk,7.9,5.0% to less than 10.0%,9.0041773264,5.0% to less than 10.0%,1.1041773264,0,tract and county summaries answer different area-level questions; neither supports individual inference
25021408103,25021,Norfolk,7.8,5.0% to less than 10.0%,9.0041773264,5.0% to less than 10.0%,1.2041773264,0,tract and county summaries answer different area-level questions; neither supports individual inference
25021408104,25021,Norfolk,8.3,5.0% to less than 10.0%,9.0041773264,5.0% to less than 10.0%,0.7041773264,0,tract and county summaries answer different area-level questions; neither supports individual inference
25021409101,25021,Norfolk,8.7,5.0% to less than 10.0%,9.0041773264,5.0% to less than 10.0%,0.3041773264,0,tract and county summaries answer different area-level questions; neither supports individual inference
25021409102,25021,Norfolk,7.5,5.0% to less than 10.0%,9.0041773264,5.0% to less than 10.0%,1.5041773264,0,tract and county summaries answer different area-level questions; neither supports individual inference
25021410100,25021,Norfolk,9.1,5.0% to less than 10.0%,9.0041773264,5.0% to less than 10.0%,0.0958226736,0,tract and county summaries answer different area-level questions; neither supports individual inference
25021410300,25021,Norfolk,9.8,5.0% to less than 10.0%,9.0041773264,5.0% to less than 10.0%,0.7958226736,0,tract and county summaries answer different area-level questions; neither supports individual inference
25021410400,25021,Norfolk,8.4,5.0% to less than 10.0%,9.0041773264,5.0% to less than 10.0%,0.6041773264,0,tract and county summaries answer different area-level questions; neither supports individual inference
25021411101,25021,Norfolk,7,5.0% to less than 10.0%,9.0041773264,5.0% to less than 10.0%,2.0041773264,0,tract and county summaries answer different area-level questions; neither supports individual inference
25021411102,25021,Norfolk,8,5.0% to less than 10.0%,9.0041773264,5.0% to less than 10.0%,1.0041773264,0,tract and county summaries answer different area-level questions; neither supports individual inference
25021411200,25021,Norfolk,7.9,5.0% to less than 10.0%,9.0041773264,5.0% to less than 10.0%,1.1041773264,0,tract and county summaries answer different area-level questions; neither supports individual inference
25021411301,25021,Norfolk,8.6,5.0% to less than 10.0%,9.0041773264,5.0% to less than 10.0%,0.4041773264,0,tract and county summaries answer different area-level questions; neither supports individual inference
25021411302,25021,Norfolk,9.1,5.0% to less than 10.0%,9.0041773264,5.0% to less than 10.0%,0.0958226736,0,tract and county summaries answer different area-level questions; neither supports individual inference
25021412100,25021,Norfolk,8.2,5.0% to less than 10.0%,9.0041773264,5.0% to less than 10.0%,0.8041773264,0,tract and county summaries answer different area-level questions; neither supports individual inference
25021412200,25021,Norfolk,9.6,5.0% to less than 10.0%,9.0041773264,5.0% to less than 10.0%,0.5958226736,0,tract and county summaries answer different area-level questions; neither supports individual inference
25021412300,25021,Norfolk,8.2,5.0% to less than 10.0%,9.0041773264,5.0% to less than 10.0%,0.8041773264,0,tract and county summaries answer different area-level questions; neither supports individual inference
25021413100,25021,Norfolk,9.9,5.0% to less than 10.0%,9.0041773264,5.0% to less than 10.0%,0.8958226736,0,tract and county summaries answer different area-level questions; neither supports individual inference
25021413201,25021,Norfolk,11.3,10.0% to less than 15.0%,9.0041773264,5.0% to less than 10.0%,2.2958226736,1,tract and county summaries answer different area-level questions; neither supports individual inference
25021413202,25021,Norfolk,8.1,5.0% to less than 10.0%,9.0041773264,5.0% to less than 10.0%,0.9041773264,0,tract and county summaries answer different area-level questions; neither supports individual inference
25021413300,25021,Norfolk,8.8,5.0% to less than 10.0%,9.0041773264,5.0% to less than 10.0%,0.2041773264,0,tract and county summaries answer different area-level questions; neither supports individual inference
25021413401,25021,Norfolk,8.2,5.0% to less than 10.0%,9.0041773264,5.0% to less than 10.0%,0.8041773264,0,tract and county summaries answer different area-level questions; neither supports individual inference
25021413402,25021,Norfolk,7.5,5.0% to less than 10.0%,9.0041773264,5.0% to less than 10.0%,1.5041773264,0,tract and county summaries answer different area-level questions; neither supports individual inference
25021413500,25021,Norfolk,10.6,10.0% to less than 15.0%,9.0041773264,5.0% to less than 10.0%,1.5958226736,1,tract and county summaries answer different area-level questions; neither supports individual inference
25021414100,25021,Norfolk,8.5,5.0% to less than 10.0%,9.0041773264,5.0% to less than 10.0%,0.5041773264,0,tract and county summaries answer different area-level questions; neither supports individual inference
25021414200,25021,Norfolk,8.6,5.0% to less than 10.0%,9.0041773264,5.0% to less than 10.0%,0.4041773264,0,tract and county summaries answer different area-level questions; neither supports individual inference
25021414300,25021,Norfolk,8.4,5.0% to less than 10.0%,9.0041773264,5.0% to less than 10.0%,0.6041773264,0,tract and county summaries answer different area-level questions; neither supports individual inference
25021415101,25021,Norfolk,8.4,5.0% to less than 10.0%,9.0041773264,5.0% to less than 10.0%,0.6041773264,0,tract and county summaries answer different area-level questions; neither supports individual inference
25021415103,25021,Norfolk,8.9,5.0% to less than 10.0%,9.0041773264,5.0% to less than 10.0%,0.1041773264,0,tract and county summaries answer different area-level questions; neither supports individual inference
25021415104,25021,Norfolk,7.9,5.0% to less than 10.0%,9.0041773264,5.0% to less than 10.0%,1.1041773264,0,tract and county summaries answer different area-level questions; neither supports individual inference
25021415201,25021,Norfolk,8.5,5.0% to less than 10.0%,9.0041773264,5.0% to less than 10.0%,0.5041773264,0,tract and county summaries answer different area-level questions; neither supports individual inference
25021415202,25021,Norfolk,9,5.0% to less than 10.0%,9.0041773264,5.0% to less than 10.0%,0.0041773264,0,tract and county summaries answer different area-level questions; neither supports individual inference
25021415300,25021,Norfolk,8.6,5.0% to less than 10.0%,9.0041773264,5.0% to less than 10.0%,0.4041773264,0,tract and county summaries answer different area-level questions; neither supports individual inference
25021416101,25021,Norfolk,8.3,5.0% to less than 10.0%,9.0041773264,5.0% to less than 10.0%,0.7041773264,0,tract and county summaries answer different area-level questions; neither supports individual inference
25021416102,25021,Norfolk,7.2,5.0% to less than 10.0%,9.0041773264,5.0% to less than 10.0%,1.8041773264,0,tract and county summaries answer different area-level questions; neither supports individual inference
25021416200,25021,Norfolk,10.5,10.0% to less than 15.0%,9.0041773264,5.0% to less than 10.0%,1.4958226736,1,tract and county summaries answer different area-level questions; neither supports individual inference
25021416300,25021,Norfolk,9.3,5.0% to less than 10.0%,9.0041773264,5.0% to less than 10.0%,0.2958226736,0,tract and county summaries answer different area-level questions; neither supports individual inference
25021416400,25021,Norfolk,7.4,5.0% to less than 10.0%,9.0041773264,5.0% to less than 10.0%,1.6041773264,0,tract and county summaries answer different area-level questions; neither supports individual inference
25021417100,25021,Norfolk,9.1,5.0% to less than 10.0%,9.0041773264,5.0% to less than 10.0%,0.0958226736,0,tract and county summaries answer different area-level questions; neither supports individual inference
25021417201,25021,Norfolk,9.7,5.0% to less than 10.0%,9.0041773264,5.0% to less than 10.0%,0.6958226736,0,tract and county summaries answer different area-level questions; neither supports individual inference
25021417202,25021,Norfolk,11.5,10.0% to less than 15.0%,9.0041773264,5.0% to less than 10.0%,2.4958226736,1,tract and county summaries answer different area-level questions; neither supports individual inference
25021417300,25021,Norfolk,9.8,5.0% to less than 10.0%,9.0041773264,5.0% to less than 10.0%,0.7958226736,0,tract and county summaries answer different area-level questions; neither supports individual inference
25021417400,25021,Norfolk,10,10.0% to less than 15.0%,9.0041773264,5.0% to less than 10.0%,0.9958226736,1,tract and county summaries answer different area-level questions; neither supports individual inference
25021417501,25021,Norfolk,10.5,10.0% to less than 15.0%,9.0041773264,5.0% to less than 10.0%,1.4958226736,1,tract and county summaries answer different area-level questions; neither supports individual inference
25021417502,25021,Norfolk,10.2,10.0% to less than 15.0%,9.0041773264,5.0% to less than 10.0%,1.1958226736,1,tract and county summaries answer different area-level questions; neither supports individual inference
25021417601,25021,Norfolk,9.6,5.0% to less than 10.0%,9.0041773264,5.0% to less than 10.0%,0.5958226736,0,tract and county summaries answer different area-level questions; neither supports individual inference
25021417602,25021,Norfolk,11.4,10.0% to less than 15.0%,9.0041773264,5.0% to less than 10.0%,2.3958226736,1,tract and county summaries answer different area-level questions; neither supports individual inference
25021417702,25021,Norfolk,8.6,5.0% to less than 10.0%,9.0041773264,5.0% to less than 10.0%,0.4041773264,0,tract and county summaries answer different area-level questions; neither supports individual inference
25021417703,25021,Norfolk,12,10.0% to less than 15.0%,9.0041773264,5.0% to less than 10.0%,2.9958226736,1,tract and county summaries answer different area-level questions; neither supports individual inference
25021417704,25021,Norfolk,7.6,5.0% to less than 10.0%,9.0041773264,5.0% to less than 10.0%,1.4041773264,0,tract and county summaries answer different area-level questions; neither supports individual inference
25021417801,25021,Norfolk,9.6,5.0% to less than 10.0%,9.0041773264,5.0% to less than 10.0%,0.5958226736,0,tract and county summaries answer different area-level questions; neither supports individual inference
25021417802,25021,Norfolk,19,15.0% to less than 20.0%,9.0041773264,5.0% to less than 10.0%,9.9958226736,1,tract and county summaries answer different area-level questions; neither supports individual inference
25021417901,25021,Norfolk,11.8,10.0% to less than 15.0%,9.0041773264,5.0% to less than 10.0%,2.7958226736,1,tract and county summaries answer different area-level questions; neither supports individual inference
25021417902,25021,Norfolk,9.3,5.0% to less than 10.0%,9.0041773264,5.0% to less than 10.0%,0.2958226736,0,tract and county summaries answer different area-level questions; neither supports individual inference
25021418002,25021,Norfolk,8.1,5.0% to less than 10.0%,9.0041773264,5.0% to less than 10.0%,0.9041773264,0,tract and county summaries answer different area-level questions; neither supports individual inference
25021418003,25021,Norfolk,5.7,5.0% to less than 10.0%,9.0041773264,5.0% to less than 10.0%,3.3041773264,0,tract and county summaries answer different area-level questions; neither supports individual inference
25021418004,25021,Norfolk,10.5,10.0% to less than 15.0%,9.0041773264,5.0% to less than 10.0%,1.4958226736,1,tract and county summaries answer different area-level questions; neither supports individual inference
25021418101,25021,Norfolk,9.4,5.0% to less than 10.0%,9.0041773264,5.0% to less than 10.0%,0.3958226736,0,tract and county summaries answer different area-level questions; neither supports individual inference
25021418102,25021,Norfolk,8.2,5.0% to less than 10.0%,9.0041773264,5.0% to less than 10.0%,0.8041773264,0,tract and county summaries answer different area-level questions; neither supports individual inference
25021418201,25021,Norfolk,10.6,10.0% to less than 15.0%,9.0041773264,5.0% to less than 10.0%,1.5958226736,1,tract and county summaries answer different area-level questions; neither supports individual inference
25021419100,25021,Norfolk,8.9,5.0% to less than 10.0%,9.0041773264,5.0% to less than 10.0%,0.1041773264,0,tract and county summaries answer different area-level questions; neither supports individual inference
25021419200,25021,Norfolk,9.9,5.0% to less than 10.0%,9.0041773264,5.0% to less than 10.0%,0.8958226736,0,tract and county summaries answer different area-level questions; neither supports individual inference
25021419300,25021,Norfolk,10.3,10.0% to less than 15.0%,9.0041773264,5.0% to less than 10.0%,1.2958226736,1,tract and county summaries answer different area-level questions; neither supports individual inference
25021419400,25021,Norfolk,9.8,5.0% to less than 10.0%,9.0041773264,5.0% to less than 10.0%,0.7958226736,0,tract and county summaries answer different area-level questions; neither supports individual inference
25021419500,25021,Norfolk,9.3,5.0% to less than 10.0%,9.0041773264,5.0% to less than 10.0%,0.2958226736,0,tract and county summaries answer different area-level questions; neither supports individual inference
25021419601,25021,Norfolk,7.5,5.0% to less than 10.0%,9.0041773264,5.0% to less than 10.0%,1.5041773264,0,tract and county summaries answer different area-level questions; neither supports individual inference
25021419602,25021,Norfolk,9.6,5.0% to less than 10.0%,9.0041773264,5.0% to less than 10.0%,0.5958226736,0,tract and county summaries answer different area-level questions; neither supports individual inference
25021419700,25021,Norfolk,9.7,5.0% to less than 10.0%,9.0041773264,5.0% to less than 10.0%,0.6958226736,0,tract and county summaries answer different area-level questions; neither supports individual inference
25021419800,25021,Norfolk,9.7,5.0% to less than 10.0%,9.0041773264,5.0% to less than 10.0%,0.6958226736,0,tract and county summaries answer different area-level questions; neither supports individual inference
25021420101,25021,Norfolk,12.1,10.0% to less than 15.0%,9.0041773264,5.0% to less than 10.0%,3.0958226736,1,tract and county summaries answer different area-level questions; neither supports individual inference
25021420102,25021,Norfolk,11.3,10.0% to less than 15.0%,9.0041773264,5.0% to less than 10.0%,2.2958226736,1,tract and county summaries answer different area-level questions; neither supports individual inference
25021420201,25021,Norfolk,13,10.0% to less than 15.0%,9.0041773264,5.0% to less than 10.0%,3.9958226736,1,tract and county summaries answer different area-level questions; neither supports individual inference
25021420202,25021,Norfolk,11.5,10.0% to less than 15.0%,9.0041773264,5.0% to less than 10.0%,2.4958226736,1,tract and county summaries answer different area-level questions; neither supports individual inference
25021420301,25021,Norfolk,12.1,10.0% to less than 15.0%,9.0041773264,5.0% to less than 10.0%,3.0958226736,1,tract and county summaries answer different area-level questions; neither supports individual inference
25021420302,25021,Norfolk,13.1,10.0% to less than 15.0%,9.0041773264,5.0% to less than 10.0%,4.0958226736,1,tract and county summaries answer different area-level questions; neither supports individual inference
25021421100,25021,Norfolk,10.3,10.0% to less than 15.0%,9.0041773264,5.0% to less than 10.0%,1.2958226736,1,tract and county summaries answer different area-level questions; neither supports individual inference
25021421200,25021,Norfolk,9.4,5.0% to less than 10.0%,9.0041773264,5.0% to less than 10.0%,0.3958226736,0,tract and county summaries answer different area-level questions; neither supports individual inference
25021422100,25021,Norfolk,8.5,5.0% to less than 10.0%,9.0041773264,5.0% to less than 10.0%,0.5041773264,0,tract and county summaries answer different area-level questions; neither supports individual inference
25021422201,25021,Norfolk,7.1,5.0% to less than 10.0%,9.0041773264,5.0% to less than 10.0%,1.9041773264,0,tract and county summaries answer different area-level questions; neither supports individual inference
25021422202,25021,Norfolk,9.8,5.0% to less than 10.0%,9.0041773264,5.0% to less than 10.0%,0.7958226736,0,tract and county summaries answer different area-level questions; neither supports individual inference
25021422301,25021,Norfolk,9,5.0% to less than 10.0%,9.0041773264,5.0% to less than 10.0%,0.0041773264,0,tract and county summaries answer different area-level questions; neither supports individual inference
25021422303,25021,Norfolk,9.1,5.0% to less than 10.0%,9.0041773264,5.0% to less than 10.0%,0.0958226736,0,tract and county summaries answer different area-level questions; neither supports individual inference
25021422304,25021,Norfolk,10.1,10.0% to less than 15.0%,9.0041773264,5.0% to less than 10.0%,1.0958226736,1,tract and county summaries answer different area-level questions; neither supports individual inference
25021422401,25021,Norfolk,11.4,10.0% to less than 15.0%,9.0041773264,5.0% to less than 10.0%,2.3958226736,1,tract and county summaries answer different area-level questions; neither supports individual inference
25021422402,25021,Norfolk,8.8,5.0% to less than 10.0%,9.0041773264,5.0% to less than 10.0%,0.2041773264,0,tract and county summaries answer different area-level questions; neither supports individual inference
25021422501,25021,Norfolk,8.6,5.0% to less than 10.0%,9.0041773264,5.0% to less than 10.0%,0.4041773264,0,tract and county summaries answer different area-level questions; neither supports individual inference
25021422502,25021,Norfolk,10.5,10.0% to less than 15.0%,9.0041773264,5.0% to less than 10.0%,1.4958226736,1,tract and county summaries answer different area-level questions; neither supports individual inference
25021422600,25021,Norfolk,8.7,5.0% to less than 10.0%,9.0041773264,5.0% to less than 10.0%,0.3041773264,0,tract and county summaries answer different area-level questions; neither supports individual inference
25021422700,25021,Norfolk,9.1,5.0% to less than 10.0%,9.0041773264,5.0% to less than 10.0%,0.0958226736,0,tract and county summaries answer different area-level questions; neither supports individual inference
25021422800,25021,Norfolk,9.7,5.0% to less than 10.0%,9.0041773264,5.0% to less than 10.0%,0.6958226736,0,tract and county summaries answer different area-level questions; neither supports individual inference
25021423101,25021,Norfolk,7.8,5.0% to less than 10.0%,9.0041773264,5.0% to less than 10.0%,1.2041773264,0,tract and county summaries answer different area-level questions; neither supports individual inference
25021423102,25021,Norfolk,7.8,5.0% to less than 10.0%,9.0041773264,5.0% to less than 10.0%,1.2041773264,0,tract and county summaries answer different area-level questions; neither supports individual inference
25021440101,25021,Norfolk,10.2,10.0% to less than 15.0%,9.0041773264,5.0% to less than 10.0%,1.1958226736,1,tract and county summaries answer different area-level questions; neither supports individual inference
25021440102,25021,Norfolk,8,5.0% to less than 10.0%,9.0041773264,5.0% to less than 10.0%,1.0041773264,0,tract and county summaries answer different area-level questions; neither supports individual inference
25021441202,25021,Norfolk,7.7,5.0% to less than 10.0%,9.0041773264,5.0% to less than 10.0%,1.3041773264,0,tract and county summaries answer different area-level questions; neither supports individual inference
25021441203,25021,Norfolk,9.2,5.0% to less than 10.0%,9.0041773264,5.0% to less than 10.0%,0.1958226736,0,tract and county summaries answer different area-level questions; neither supports individual inference
25021441204,25021,Norfolk,9.3,5.0% to less than 10.0%,9.0041773264,5.0% to less than 10.0%,0.2958226736,0,tract and county summaries answer different area-level questions; neither supports individual inference
25021442101,25021,Norfolk,7,5.0% to less than 10.0%,9.0041773264,5.0% to less than 10.0%,2.0041773264,0,tract and county summaries answer different area-level questions; neither supports individual inference
25021442103,25021,Norfolk,7.3,5.0% to less than 10.0%,9.0041773264,5.0% to less than 10.0%,1.7041773264,0,tract and county summaries answer different area-level questions; neither supports individual inference
25021442104,25021,Norfolk,8.4,5.0% to less than 10.0%,9.0041773264,5.0% to less than 10.0%,0.6041773264,0,tract and county summaries answer different area-level questions; neither supports individual inference
25021442105,25021,Norfolk,8.5,5.0% to less than 10.0%,9.0041773264,5.0% to less than 10.0%,0.5041773264,0,tract and county summaries answer different area-level questions; neither supports individual inference
25021442201,25021,Norfolk,8.8,5.0% to less than 10.0%,9.0041773264,5.0% to less than 10.0%,0.2041773264,0,tract and county summaries answer different area-level questions; neither supports individual inference
25021442203,25021,Norfolk,10.1,10.0% to less than 15.0%,9.0041773264,5.0% to less than 10.0%,1.0958226736,1,tract and county summaries answer different area-level questions; neither supports individual inference
25021442204,25021,Norfolk,8.3,5.0% to less than 10.0%,9.0041773264,5.0% to less than 10.0%,0.7041773264,0,tract and county summaries answer different area-level questions; neither supports individual inference
25021443103,25021,Norfolk,8.9,5.0% to less than 10.0%,9.0041773264,5.0% to less than 10.0%,0.1041773264,0,tract and county summaries answer different area-level questions; neither supports individual inference
25021443104,25021,Norfolk,8.9,5.0% to less than 10.0%,9.0041773264,5.0% to less than 10.0%,0.1041773264,0,tract and county summaries answer different area-level questions; neither supports individual inference
25021443105,25021,Norfolk,9.8,5.0% to less than 10.0%,9.0041773264,5.0% to less than 10.0%,0.7958226736,0,tract and county summaries answer different area-level questions; neither supports individual inference
25021443106,25021,Norfolk,8.5,5.0% to less than 10.0%,9.0041773264,5.0% to less than 10.0%,0.5041773264,0,tract and county summaries answer different area-level questions; neither supports individual inference
25021456101,25021,Norfolk,9.9,5.0% to less than 10.0%,9.0041773264,5.0% to less than 10.0%,0.8958226736,0,tract and county summaries answer different area-level questions; neither supports individual inference
25021456102,25021,Norfolk,11.5,10.0% to less than 15.0%,9.0041773264,5.0% to less than 10.0%,2.4958226736,1,tract and county summaries answer different area-level questions; neither supports individual inference
25021456200,25021,Norfolk,10.2,10.0% to less than 15.0%,9.0041773264,5.0% to less than 10.0%,1.1958226736,1,tract and county summaries answer different area-level questions; neither supports individual inference
25021456301,25021,Norfolk,10.5,10.0% to less than 15.0%,9.0041773264,5.0% to less than 10.0%,1.4958226736,1,tract and county summaries answer different area-level questions; neither supports individual inference
25021456302,25021,Norfolk,13.5,10.0% to less than 15.0%,9.0041773264,5.0% to less than 10.0%,4.4958226736,1,tract and county summaries answer different area-level questions; neither supports individual inference
25021456401,25021,Norfolk,10.9,10.0% to less than 15.0%,9.0041773264,5.0% to less than 10.0%,1.8958226736,1,tract and county summaries answer different area-level questions; neither supports individual inference
25021456402,25021,Norfolk,10,10.0% to less than 15.0%,9.0041773264,5.0% to less than 10.0%,0.9958226736,1,tract and county summaries answer different area-level questions; neither supports individual inference
25021457100,25021,Norfolk,10.5,10.0% to less than 15.0%,9.0041773264,5.0% to less than 10.0%,1.4958226736,1,tract and county summaries answer different area-level questions; neither supports individual inference
25021457200,25021,Norfolk,7.9,5.0% to less than 10.0%,9.0041773264,5.0% to less than 10.0%,1.1041773264,0,tract and county summaries answer different area-level questions; neither supports individual inference
25023500101,25023,Plymouth,10.3,10.0% to less than 15.0%,10.290724011,10.0% to less than 15.0%,0.009275989,0,tract and county summaries answer different area-level questions; neither supports individual inference
25023500103,25023,Plymouth,10.6,10.0% to less than 15.0%,10.290724011,10.0% to less than 15.0%,0.309275989,0,tract and county summaries answer different area-level questions; neither supports individual inference
25023500104,25023,Plymouth,10.6,10.0% to less than 15.0%,10.290724011,10.0% to less than 15.0%,0.309275989,0,tract and county summaries answer different area-level questions; neither supports individual inference
25023501101,25023,Plymouth,8.7,5.0% to less than 10.0%,10.290724011,10.0% to less than 15.0%,1.590724011,1,tract and county summaries answer different area-level questions; neither supports individual inference
25023501102,25023,Plymouth,8.2,5.0% to less than 10.0%,10.290724011,10.0% to less than 15.0%,2.090724011,1,tract and county summaries answer different area-level questions; neither supports individual inference
25023501201,25023,Plymouth,7.7,5.0% to less than 10.0%,10.290724011,10.0% to less than 15.0%,2.590724011,1,tract and county summaries answer different area-level questions; neither supports individual inference
25023501203,25023,Plymouth,7.7,5.0% to less than 10.0%,10.290724011,10.0% to less than 15.0%,2.590724011,1,tract and county summaries answer different area-level questions; neither supports individual inference
25023501204,25023,Plymouth,10.2,10.0% to less than 15.0%,10.290724011,10.0% to less than 15.0%,0.090724011,0,tract and county summaries answer different area-level questions; neither supports individual inference
25023502101,25023,Plymouth,9,5.0% to less than 10.0%,10.290724011,10.0% to less than 15.0%,1.290724011,1,tract and county summaries answer different area-level questions; neither supports individual inference
25023502102,25023,Plymouth,9.6,5.0% to less than 10.0%,10.290724011,10.0% to less than 15.0%,0.690724011,1,tract and county summaries answer different area-level questions; neither supports individual inference
25023502200,25023,Plymouth,11.1,10.0% to less than 15.0%,10.290724011,10.0% to less than 15.0%,0.809275989,0,tract and county summaries answer different area-level questions; neither supports individual inference
25023503101,25023,Plymouth,8.6,5.0% to less than 10.0%,10.290724011,10.0% to less than 15.0%,1.690724011,1,tract and county summaries answer different area-level questions; neither supports individual inference
25023503102,25023,Plymouth,9.1,5.0% to less than 10.0%,10.290724011,10.0% to less than 15.0%,1.190724011,1,tract and county summaries answer different area-level questions; neither supports individual inference
25023504101,25023,Plymouth,8.6,5.0% to less than 10.0%,10.290724011,10.0% to less than 15.0%,1.690724011,1,tract and county summaries answer different area-level questions; neither supports individual inference
25023504102,25023,Plymouth,8,5.0% to less than 10.0%,10.290724011,10.0% to less than 15.0%,2.290724011,1,tract and county summaries answer different area-level questions; neither supports individual inference
25023505102,25023,Plymouth,8.4,5.0% to less than 10.0%,10.290724011,10.0% to less than 15.0%,1.890724011,1,tract and county summaries answer different area-level questions; neither supports individual inference
25023505103,25023,Plymouth,9.2,5.0% to less than 10.0%,10.290724011,10.0% to less than 15.0%,1.090724011,1,tract and county summaries answer different area-level questions; neither supports individual inference
25023505104,25023,Plymouth,9.2,5.0% to less than 10.0%,10.290724011,10.0% to less than 15.0%,1.090724011,1,tract and county summaries answer different area-level questions; neither supports individual inference
25023505201,25023,Plymouth,9.6,5.0% to less than 10.0%,10.290724011,10.0% to less than 15.0%,0.690724011,1,tract and county summaries answer different area-level questions; neither supports individual inference
25023505202,25023,Plymouth,9.8,5.0% to less than 10.0%,10.290724011,10.0% to less than 15.0%,0.490724011,1,tract and county summaries answer different area-level questions; neither supports individual inference
25023506102,25023,Plymouth,9.9,5.0% to less than 10.0%,10.290724011,10.0% to less than 15.0%,0.390724011,1,tract and county summaries answer different area-level questions; neither supports individual inference
25023506103,25023,Plymouth,11.1,10.0% to less than 15.0%,10.290724011,10.0% to less than 15.0%,0.809275989,0,tract and county summaries answer different area-level questions; neither supports individual inference
25023506104,25023,Plymouth,8.4,5.0% to less than 10.0%,10.290724011,10.0% to less than 15.0%,1.890724011,1,tract and county summaries answer different area-level questions; neither supports individual inference
25023506202,25023,Plymouth,9.2,5.0% to less than 10.0%,10.290724011,10.0% to less than 15.0%,1.090724011,1,tract and county summaries answer different area-level questions; neither supports individual inference
25023506203,25023,Plymouth,9.3,5.0% to less than 10.0%,10.290724011,10.0% to less than 15.0%,0.990724011,1,tract and county summaries answer different area-level questions; neither supports individual inference
25023506205,25023,Plymouth,10.5,10.0% to less than 15.0%,10.290724011,10.0% to less than 15.0%,0.209275989,0,tract and county summaries answer different area-level questions; neither supports individual inference
25023506206,25023,Plymouth,10.1,10.0% to less than 15.0%,10.290724011,10.0% to less than 15.0%,0.190724011,0,tract and county summaries answer different area-level questions; neither supports individual inference
25023507101,25023,Plymouth,8.6,5.0% to less than 10.0%,10.290724011,10.0% to less than 15.0%,1.690724011,1,tract and county summaries answer different area-level questions; neither supports individual inference
25023507103,25023,Plymouth,8.6,5.0% to less than 10.0%,10.290724011,10.0% to less than 15.0%,1.690724011,1,tract and county summaries answer different area-level questions; neither supports individual inference
25023507104,25023,Plymouth,9.6,5.0% to less than 10.0%,10.290724011,10.0% to less than 15.0%,0.690724011,1,tract and county summaries answer different area-level questions; neither supports individual inference
25023508101,25023,Plymouth,8.7,5.0% to less than 10.0%,10.290724011,10.0% to less than 15.0%,1.590724011,1,tract and county summaries answer different area-level questions; neither supports individual inference
25023508102,25023,Plymouth,8.7,5.0% to less than 10.0%,10.290724011,10.0% to less than 15.0%,1.590724011,1,tract and county summaries answer different area-level questions; neither supports individual inference
25023508200,25023,Plymouth,8.6,5.0% to less than 10.0%,10.290724011,10.0% to less than 15.0%,1.690724011,1,tract and county summaries answer different area-level questions; neither supports individual inference
25023509101,25023,Plymouth,8.2,5.0% to less than 10.0%,10.290724011,10.0% to less than 15.0%,2.090724011,1,tract and county summaries answer different area-level questions; neither supports individual inference
25023509102,25023,Plymouth,9.2,5.0% to less than 10.0%,10.290724011,10.0% to less than 15.0%,1.090724011,1,tract and county summaries answer different area-level questions; neither supports individual inference
25023510100,25023,Plymouth,12.1,10.0% to less than 15.0%,10.290724011,10.0% to less than 15.0%,1.809275989,0,tract and county summaries answer different area-level questions; neither supports individual inference
25023510200,25023,Plymouth,12,10.0% to less than 15.0%,10.290724011,10.0% to less than 15.0%,1.709275989,0,tract and county summaries answer different area-level questions; neither supports individual inference
25023510300,25023,Plymouth,13.9,10.0% to less than 15.0%,10.290724011,10.0% to less than 15.0%,3.609275989,0,tract and county summaries answer different area-level questions; neither supports individual inference
25023510400,25023,Plymouth,14.5,10.0% to less than 15.0%,10.290724011,10.0% to less than 15.0%,4.209275989,0,tract and county summaries answer different area-level questions; neither supports individual inference
25023510501,25023,Plymouth,12.2,10.0% to less than 15.0%,10.290724011,10.0% to less than 15.0%,1.909275989,0,tract and county summaries answer different area-level questions; neither supports individual inference
25023510503,25023,Plymouth,15.3,15.0% to less than 20.0%,10.290724011,10.0% to less than 15.0%,5.009275989,1,tract and county summaries answer different area-level questions; neither supports individual inference
25023510504,25023,Plymouth,18.4,15.0% to less than 20.0%,10.290724011,10.0% to less than 15.0%,8.109275989,1,tract and county summaries answer different area-level questions; neither supports individual inference
25023510505,25023,Plymouth,15.2,15.0% to less than 20.0%,10.290724011,10.0% to less than 15.0%,4.909275989,1,tract and county summaries answer different area-level questions; neither supports individual inference
25023510600,25023,Plymouth,12,10.0% to less than 15.0%,10.290724011,10.0% to less than 15.0%,1.709275989,0,tract and county summaries answer different area-level questions; neither supports individual inference
25023510700,25023,Plymouth,11.5,10.0% to less than 15.0%,10.290724011,10.0% to less than 15.0%,1.209275989,0,tract and county summaries answer different area-level questions; neither supports individual inference
25023510800,25023,Plymouth,14.2,10.0% to less than 15.0%,10.290724011,10.0% to less than 15.0%,3.909275989,0,tract and county summaries answer different area-level questions; neither supports individual inference
25023510900,25023,Plymouth,21.4,20.0% or greater,10.290724011,10.0% to less than 15.0%,11.109275989,1,tract and county summaries answer different area-level questions; neither supports individual inference
25023511000,25023,Plymouth,14.1,10.0% to less than 15.0%,10.290724011,10.0% to less than 15.0%,3.809275989,0,tract and county summaries answer different area-level questions; neither supports individual inference
25023511100,25023,Plymouth,11.9,10.0% to less than 15.0%,10.290724011,10.0% to less than 15.0%,1.609275989,0,tract and county summaries answer different area-level questions; neither supports individual inference
25023511200,25023,Plymouth,14.5,10.0% to less than 15.0%,10.290724011,10.0% to less than 15.0%,4.209275989,0,tract and county summaries answer different area-level questions; neither supports individual inference
25023511301,25023,Plymouth,12.1,10.0% to less than 15.0%,10.290724011,10.0% to less than 15.0%,1.809275989,0,tract and county summaries answer different area-level questions; neither supports individual inference
25023511302,25023,Plymouth,13.2,10.0% to less than 15.0%,10.290724011,10.0% to less than 15.0%,2.909275989,0,tract and county summaries answer different area-level questions; neither supports individual inference
25023511400,25023,Plymouth,13.6,10.0% to less than 15.0%,10.290724011,10.0% to less than 15.0%,3.309275989,0,tract and county summaries answer different area-level questions; neither supports individual inference
25023511500,25023,Plymouth,12.2,10.0% to less than 15.0%,10.290724011,10.0% to less than 15.0%,1.909275989,0,tract and county summaries answer different area-level questions; neither supports individual inference
25023511601,25023,Plymouth,12.9,10.0% to less than 15.0%,10.290724011,10.0% to less than 15.0%,2.609275989,0,tract and county summaries answer different area-level questions; neither supports individual inference
25023511602,25023,Plymouth,14.2,10.0% to less than 15.0%,10.290724011,10.0% to less than 15.0%,3.909275989,0,tract and county summaries answer different area-level questions; neither supports individual inference
25023511701,25023,Plymouth,11.6,10.0% to less than 15.0%,10.290724011,10.0% to less than 15.0%,1.309275989,0,tract and county summaries answer different area-level questions; neither supports individual inference
25023511702,25023,Plymouth,11.2,10.0% to less than 15.0%,10.290724011,10.0% to less than 15.0%,0.909275989,0,tract and county summaries answer different area-level questions; neither supports individual inference
25023520100,25023,Plymouth,8.5,5.0% to less than 10.0%,10.290724011,10.0% to less than 15.0%,1.790724011,1,tract and county summaries answer different area-level questions; neither supports individual inference
25023520201,25023,Plymouth,8.9,5.0% to less than 10.0%,10.290724011,10.0% to less than 15.0%,1.390724011,1,tract and county summaries answer different area-level questions; neither supports individual inference
25023520202,25023,Plymouth,10.2,10.0% to less than 15.0%,10.290724011,10.0% to less than 15.0%,0.090724011,0,tract and county summaries answer different area-level questions; neither supports individual inference
25023521101,25023,Plymouth,9.8,5.0% to less than 10.0%,10.290724011,10.0% to less than 15.0%,0.490724011,1,tract and county summaries answer different area-level questions; neither supports individual inference
25023521102,25023,Plymouth,9.3,5.0% to less than 10.0%,10.290724011,10.0% to less than 15.0%,0.990724011,1,tract and county summaries answer different area-level questions; neither supports individual inference
25023521201,25023,Plymouth,9.1,5.0% to less than 10.0%,10.290724011,10.0% to less than 15.0%,1.190724011,1,tract and county summaries answer different area-level questions; neither supports individual inference
25023521202,25023,Plymouth,8.7,5.0% to less than 10.0%,10.290724011,10.0% to less than 15.0%,1.590724011,1,tract and county summaries answer different area-level questions; neither supports individual inference
25023522101,25023,Plymouth,8.8,5.0% to less than 10.0%,10.290724011,10.0% to less than 15.0%,1.490724011,1,tract and county summaries answer different area-level questions; neither supports individual inference
25023522102,25023,Plymouth,9.3,5.0% to less than 10.0%,10.290724011,10.0% to less than 15.0%,0.990724011,1,tract and county summaries answer different area-level questions; neither supports individual inference
25023523100,25023,Plymouth,8.7,5.0% to less than 10.0%,10.290724011,10.0% to less than 15.0%,1.590724011,1,tract and county summaries answer different area-level questions; neither supports individual inference
25023523201,25023,Plymouth,10.5,10.0% to less than 15.0%,10.290724011,10.0% to less than 15.0%,0.209275989,0,tract and county summaries answer different area-level questions; neither supports individual inference
25023523203,25023,Plymouth,8.7,5.0% to less than 10.0%,10.290724011,10.0% to less than 15.0%,1.590724011,1,tract and county summaries answer different area-level questions; neither supports individual inference
25023523204,25023,Plymouth,10.3,10.0% to less than 15.0%,10.290724011,10.0% to less than 15.0%,0.009275989,0,tract and county summaries answer different area-level questions; neither supports individual inference
25023524101,25023,Plymouth,8.9,5.0% to less than 10.0%,10.290724011,10.0% to less than 15.0%,1.390724011,1,tract and county summaries answer different area-level questions; neither supports individual inference
25023524102,25023,Plymouth,9.6,5.0% to less than 10.0%,10.290724011,10.0% to less than 15.0%,0.690724011,1,tract and county summaries answer different area-level questions; neither supports individual inference
25023525101,25023,Plymouth,8.9,5.0% to less than 10.0%,10.290724011,10.0% to less than 15.0%,1.390724011,1,tract and county summaries answer different area-level questions; neither supports individual inference
25023525104,25023,Plymouth,8.6,5.0% to less than 10.0%,10.290724011,10.0% to less than 15.0%,1.690724011,1,tract and county summaries answer different area-level questions; neither supports individual inference
25023525204,25023,Plymouth,7.8,5.0% to less than 10.0%,10.290724011,10.0% to less than 15.0%,2.490724011,1,tract and county summaries answer different area-level questions; neither supports individual inference
25023526100,25023,Plymouth,9.4,5.0% to less than 10.0%,10.290724011,10.0% to less than 15.0%,0.890724011,1,tract and county summaries answer different area-level questions; neither supports individual inference
25023530100,25023,Plymouth,10.7,10.0% to less than 15.0%,10.290724011,10.0% to less than 15.0%,0.409275989,0,tract and county summaries answer different area-level questions; neither supports individual inference
25023530200,25023,Plymouth,10.4,10.0% to less than 15.0%,10.290724011,10.0% to less than 15.0%,0.109275989,0,tract and county summaries answer different area-level questions; neither supports individual inference
25023530300,25023,Plymouth,10.4,10.0% to less than 15.0%,10.290724011,10.0% to less than 15.0%,0.109275989,0,tract and county summaries answer different area-level questions; neither supports individual inference
25023530400,25023,Plymouth,9.9,5.0% to less than 10.0%,10.290724011,10.0% to less than 15.0%,0.390724011,1,tract and county summaries answer different area-level questions; neither supports individual inference
25023530500,25023,Plymouth,11,10.0% to less than 15.0%,10.290724011,10.0% to less than 15.0%,0.709275989,0,tract and county summaries answer different area-level questions; neither supports individual inference
25023530600,25023,Plymouth,8.8,5.0% to less than 10.0%,10.290724011,10.0% to less than 15.0%,1.490724011,1,tract and county summaries answer different area-level questions; neither supports individual inference
25023530700,25023,Plymouth,11.5,10.0% to less than 15.0%,10.290724011,10.0% to less than 15.0%,1.209275989,0,tract and county summaries answer different area-level questions; neither supports individual inference
25023530801,25023,Plymouth,10.3,10.0% to less than 15.0%,10.290724011,10.0% to less than 15.0%,0.009275989,0,tract and county summaries answer different area-level questions; neither supports individual inference
25023530802,25023,Plymouth,9.6,5.0% to less than 10.0%,10.290724011,10.0% to less than 15.0%,0.690724011,1,tract and county summaries answer different area-level questions; neither supports individual inference
25023530902,25023,Plymouth,9.4,5.0% to less than 10.0%,10.290724011,10.0% to less than 15.0%,0.890724011,1,tract and county summaries answer different area-level questions; neither supports individual inference
25023530903,25023,Plymouth,9.3,5.0% to less than 10.0%,10.290724011,10.0% to less than 15.0%,0.990724011,1,tract and county summaries answer different area-level questions; neither supports individual inference
25023530904,25023,Plymouth,8.2,5.0% to less than 10.0%,10.290724011,10.0% to less than 15.0%,2.090724011,1,tract and county summaries answer different area-level questions; neither supports individual inference
25023540101,25023,Plymouth,10.1,10.0% to less than 15.0%,10.290724011,10.0% to less than 15.0%,0.190724011,0,tract and county summaries answer different area-level questions; neither supports individual inference
25023540102,25023,Plymouth,9.6,5.0% to less than 10.0%,10.290724011,10.0% to less than 15.0%,0.690724011,1,tract and county summaries answer different area-level questions; neither supports individual inference
25023540103,25023,Plymouth,8.9,5.0% to less than 10.0%,10.290724011,10.0% to less than 15.0%,1.390724011,1,tract and county summaries answer different area-level questions; neither supports individual inference
25023541100,25023,Plymouth,9.7,5.0% to less than 10.0%,10.290724011,10.0% to less than 15.0%,0.590724011,1,tract and county summaries answer different area-level questions; neither supports individual inference
25023542101,25023,Plymouth,9.9,5.0% to less than 10.0%,10.290724011,10.0% to less than 15.0%,0.390724011,1,tract and county summaries answer different area-level questions; neither supports individual inference
25023542102,25023,Plymouth,10.2,10.0% to less than 15.0%,10.290724011,10.0% to less than 15.0%,0.090724011,0,tract and county summaries answer different area-level questions; neither supports individual inference
25023542200,25023,Plymouth,11.4,10.0% to less than 15.0%,10.290724011,10.0% to less than 15.0%,1.109275989,0,tract and county summaries answer different area-level questions; neither supports individual inference
25023542301,25023,Plymouth,9.5,5.0% to less than 10.0%,10.290724011,10.0% to less than 15.0%,0.790724011,1,tract and county summaries answer different area-level questions; neither supports individual inference
25023542302,25023,Plymouth,9.8,5.0% to less than 10.0%,10.290724011,10.0% to less than 15.0%,0.490724011,1,tract and county summaries answer different area-level questions; neither supports individual inference
25023543100,25023,Plymouth,10.8,10.0% to less than 15.0%,10.290724011,10.0% to less than 15.0%,0.509275989,0,tract and county summaries answer different area-level questions; neither supports individual inference
25023544100,25023,Plymouth,10.1,10.0% to less than 15.0%,10.290724011,10.0% to less than 15.0%,0.190724011,0,tract and county summaries answer different area-level questions; neither supports individual inference
25023544200,25023,Plymouth,11.2,10.0% to less than 15.0%,10.290724011,10.0% to less than 15.0%,0.909275989,0,tract and county summaries answer different area-level questions; neither supports individual inference
25023545100,25023,Plymouth,13.2,10.0% to less than 15.0%,10.290724011,10.0% to less than 15.0%,2.909275989,0,tract and county summaries answer different area-level questions; neither supports individual inference
25023545200,25023,Plymouth,10.2,10.0% to less than 15.0%,10.290724011,10.0% to less than 15.0%,0.090724011,0,tract and county summaries answer different area-level questions; neither supports individual inference
25023545300,25023,Plymouth,12.5,10.0% to less than 15.0%,10.290724011,10.0% to less than 15.0%,2.209275989,0,tract and county summaries answer different area-level questions; neither supports individual inference
25023545400,25023,Plymouth,11,10.0% to less than 15.0%,10.290724011,10.0% to less than 15.0%,0.709275989,0,tract and county summaries answer different area-level questions; neither supports individual inference
25023560100,25023,Plymouth,9.9,5.0% to less than 10.0%,10.290724011,10.0% to less than 15.0%,0.390724011,1,tract and county summaries answer different area-level questions; neither supports individual inference
25023561100,25023,Plymouth,10.9,10.0% to less than 15.0%,10.290724011,10.0% to less than 15.0%,0.609275989,0,tract and county summaries answer different area-level questions; neither supports individual inference
25023561400,25023,Plymouth,10.2,10.0% to less than 15.0%,10.290724011,10.0% to less than 15.0%,0.090724011,0,tract and county summaries answer different area-level questions; neither supports individual inference
25023980200,25023,Plymouth,12.4,10.0% to less than 15.0%,10.290724011,10.0% to less than 15.0%,2.109275989,0,tract and county summaries answer different area-level questions; neither supports individual inference
25023980300,25023,Plymouth,0.9,less than 5.0%,10.290724011,10.0% to less than 15.0%,9.390724011,1,tract and county summaries answer different area-level questions; neither supports individual inference
25025000101,25025,Suffolk,3.9,less than 5.0%,8.8847293051,5.0% to less than 10.0%,4.9847293051,1,tract and county summaries answer different area-level questions; neither supports individual inference
25025000102,25025,Suffolk,7.7,5.0% to less than 10.0%,8.8847293051,5.0% to less than 10.0%,1.1847293051,0,tract and county summaries answer different area-level questions; neither supports individual inference
25025000201,25025,Suffolk,4.7,less than 5.0%,8.8847293051,5.0% to less than 10.0%,4.1847293051,1,tract and county summaries answer different area-level questions; neither supports individual inference
25025000202,25025,Suffolk,7.3,5.0% to less than 10.0%,8.8847293051,5.0% to less than 10.0%,1.5847293051,0,tract and county summaries answer different area-level questions; neither supports individual inference
25025000301,25025,Suffolk,4.9,less than 5.0%,8.8847293051,5.0% to less than 10.0%,3.9847293051,1,tract and county summaries answer different area-level questions; neither supports individual inference
25025000302,25025,Suffolk,5.5,5.0% to less than 10.0%,8.8847293051,5.0% to less than 10.0%,3.3847293051,0,tract and county summaries answer different area-level questions; neither supports individual inference
25025000401,25025,Suffolk,7.3,5.0% to less than 10.0%,8.8847293051,5.0% to less than 10.0%,1.5847293051,0,tract and county summaries answer different area-level questions; neither supports individual inference
25025000402,25025,Suffolk,4.7,less than 5.0%,8.8847293051,5.0% to less than 10.0%,4.1847293051,1,tract and county summaries answer different area-level questions; neither supports individual inference
25025000502,25025,Suffolk,3.5,less than 5.0%,8.8847293051,5.0% to less than 10.0%,5.3847293051,1,tract and county summaries answer different area-level questions; neither supports individual inference
25025000503,25025,Suffolk,3.3,less than 5.0%,8.8847293051,5.0% to less than 10.0%,5.5847293051,1,tract and county summaries answer different area-level questions; neither supports individual inference
25025000505,25025,Suffolk,6.2,5.0% to less than 10.0%,8.8847293051,5.0% to less than 10.0%,2.6847293051,0,tract and county summaries answer different area-level questions; neither supports individual inference
25025000506,25025,Suffolk,5,5.0% to less than 10.0%,8.8847293051,5.0% to less than 10.0%,3.8847293051,0,tract and county summaries answer different area-level questions; neither supports individual inference
25025000601,25025,Suffolk,4.7,less than 5.0%,8.8847293051,5.0% to less than 10.0%,4.1847293051,1,tract and county summaries answer different area-level questions; neither supports individual inference
25025000603,25025,Suffolk,13.5,10.0% to less than 15.0%,8.8847293051,5.0% to less than 10.0%,4.6152706949,1,tract and county summaries answer different area-level questions; neither supports individual inference
25025000604,25025,Suffolk,6.4,5.0% to less than 10.0%,8.8847293051,5.0% to less than 10.0%,2.4847293051,0,tract and county summaries answer different area-level questions; neither supports individual inference
25025000701,25025,Suffolk,3.3,less than 5.0%,8.8847293051,5.0% to less than 10.0%,5.5847293051,1,tract and county summaries answer different area-level questions; neither supports individual inference
25025000703,25025,Suffolk,3.3,less than 5.0%,8.8847293051,5.0% to less than 10.0%,5.5847293051,1,tract and county summaries answer different area-level questions; neither supports individual inference
25025000704,25025,Suffolk,4,less than 5.0%,8.8847293051,5.0% to less than 10.0%,4.8847293051,1,tract and county summaries answer different area-level questions; neither supports individual inference
25025000804,25025,Suffolk,6,5.0% to less than 10.0%,8.8847293051,5.0% to less than 10.0%,2.8847293051,0,tract and county summaries answer different area-level questions; neither supports individual inference
25025000805,25025,Suffolk,3.6,less than 5.0%,8.8847293051,5.0% to less than 10.0%,5.2847293051,1,tract and county summaries answer different area-level questions; neither supports individual inference
25025000806,25025,Suffolk,2.7,less than 5.0%,8.8847293051,5.0% to less than 10.0%,6.1847293051,1,tract and county summaries answer different area-level questions; neither supports individual inference
25025000807,25025,Suffolk,2.9,less than 5.0%,8.8847293051,5.0% to less than 10.0%,5.9847293051,1,tract and county summaries answer different area-level questions; neither supports individual inference
25025010103,25025,Suffolk,1.6,less than 5.0%,8.8847293051,5.0% to less than 10.0%,7.2847293051,1,tract and county summaries answer different area-level questions; neither supports individual inference
25025010104,25025,Suffolk,4.6,less than 5.0%,8.8847293051,5.0% to less than 10.0%,4.2847293051,1,tract and county summaries answer different area-level questions; neither supports individual inference
25025010204,25025,Suffolk,3.2,less than 5.0%,8.8847293051,5.0% to less than 10.0%,5.6847293051,1,tract and county summaries answer different area-level questions; neither supports individual inference
25025010205,25025,Suffolk,4.1,less than 5.0%,8.8847293051,5.0% to less than 10.0%,4.7847293051,1,tract and county summaries answer different area-level questions; neither supports individual inference
25025010206,25025,Suffolk,4,less than 5.0%,8.8847293051,5.0% to less than 10.0%,4.8847293051,1,tract and county summaries answer different area-level questions; neither supports individual inference
25025010300,25025,Suffolk,1.5,less than 5.0%,8.8847293051,5.0% to less than 10.0%,7.3847293051,1,tract and county summaries answer different area-level questions; neither supports individual inference
25025010403,25025,Suffolk,8.9,5.0% to less than 10.0%,8.8847293051,5.0% to less than 10.0%,0.0152706949,0,tract and county summaries answer different area-level questions; neither supports individual inference
25025010404,25025,Suffolk,3.4,less than 5.0%,8.8847293051,5.0% to less than 10.0%,5.4847293051,1,tract and county summaries answer different area-level questions; neither supports individual inference
25025010405,25025,Suffolk,4.7,less than 5.0%,8.8847293051,5.0% to less than 10.0%,4.1847293051,1,tract and county summaries answer different area-level questions; neither supports individual inference
25025010408,25025,Suffolk,3.9,less than 5.0%,8.8847293051,5.0% to less than 10.0%,4.9847293051,1,tract and county summaries answer different area-level questions; neither supports individual inference
25025010500,25025,Suffolk,6,5.0% to less than 10.0%,8.8847293051,5.0% to less than 10.0%,2.8847293051,0,tract and county summaries answer different area-level questions; neither supports individual inference
25025010600,25025,Suffolk,7.1,5.0% to less than 10.0%,8.8847293051,5.0% to less than 10.0%,1.7847293051,0,tract and county summaries answer different area-level questions; neither supports individual inference
25025010701,25025,Suffolk,4.5,less than 5.0%,8.8847293051,5.0% to less than 10.0%,4.3847293051,1,tract and county summaries answer different area-level questions; neither supports individual inference
25025010702,25025,Suffolk,5.9,5.0% to less than 10.0%,8.8847293051,5.0% to less than 10.0%,2.9847293051,0,tract and county summaries answer different area-level questions; neither supports individual inference
25025010801,25025,Suffolk,5.8,5.0% to less than 10.0%,8.8847293051,5.0% to less than 10.0%,3.0847293051,0,tract and county summaries answer different area-level questions; neither supports individual inference
25025010802,25025,Suffolk,4.8,less than 5.0%,8.8847293051,5.0% to less than 10.0%,4.0847293051,1,tract and county summaries answer different area-level questions; neither supports individual inference
25025020101,25025,Suffolk,5.5,5.0% to less than 10.0%,8.8847293051,5.0% to less than 10.0%,3.3847293051,0,tract and county summaries answer different area-level questions; neither supports individual inference
25025020200,25025,Suffolk,3.8,less than 5.0%,8.8847293051,5.0% to less than 10.0%,5.0847293051,1,tract and county summaries answer different area-level questions; neither supports individual inference
25025020301,25025,Suffolk,6.4,5.0% to less than 10.0%,8.8847293051,5.0% to less than 10.0%,2.4847293051,0,tract and county summaries answer different area-level questions; neither supports individual inference
25025020302,25025,Suffolk,4.2,less than 5.0%,8.8847293051,5.0% to less than 10.0%,4.6847293051,1,tract and county summaries answer different area-level questions; neither supports individual inference
25025020304,25025,Suffolk,3.8,less than 5.0%,8.8847293051,5.0% to less than 10.0%,5.0847293051,1,tract and county summaries answer different area-level questions; neither supports individual inference
25025020305,25025,Suffolk,5.8,5.0% to less than 10.0%,8.8847293051,5.0% to less than 10.0%,3.0847293051,0,tract and county summaries answer different area-level questions; neither supports individual inference
25025030100,25025,Suffolk,3.5,less than 5.0%,8.8847293051,5.0% to less than 10.0%,5.3847293051,1,tract and county summaries answer different area-level questions; neither supports individual inference
25025030200,25025,Suffolk,3.3,less than 5.0%,8.8847293051,5.0% to less than 10.0%,5.5847293051,1,tract and county summaries answer different area-level questions; neither supports individual inference
25025030301,25025,Suffolk,8.4,5.0% to less than 10.0%,8.8847293051,5.0% to less than 10.0%,0.4847293051,0,tract and county summaries answer different area-level questions; neither supports individual inference
25025030302,25025,Suffolk,6.4,5.0% to less than 10.0%,8.8847293051,5.0% to less than 10.0%,2.4847293051,0,tract and county summaries answer different area-level questions; neither supports individual inference
25025030400,25025,Suffolk,4.4,less than 5.0%,8.8847293051,5.0% to less than 10.0%,4.4847293051,1,tract and county summaries answer different area-level questions; neither supports individual inference
25025030500,25025,Suffolk,4.6,less than 5.0%,8.8847293051,5.0% to less than 10.0%,4.2847293051,1,tract and county summaries answer different area-level questions; neither supports individual inference
25025040100,25025,Suffolk,6,5.0% to less than 10.0%,8.8847293051,5.0% to less than 10.0%,2.8847293051,0,tract and county summaries answer different area-level questions; neither supports individual inference
25025040200,25025,Suffolk,9.2,5.0% to less than 10.0%,8.8847293051,5.0% to less than 10.0%,0.3152706949,0,tract and county summaries answer different area-level questions; neither supports individual inference
25025040300,25025,Suffolk,4.5,less than 5.0%,8.8847293051,5.0% to less than 10.0%,4.3847293051,1,tract and county summaries answer different area-level questions; neither supports individual inference
25025040401,25025,Suffolk,7.1,5.0% to less than 10.0%,8.8847293051,5.0% to less than 10.0%,1.7847293051,0,tract and county summaries answer different area-level questions; neither supports individual inference
25025040600,25025,Suffolk,4.2,less than 5.0%,8.8847293051,5.0% to less than 10.0%,4.6847293051,1,tract and county summaries answer different area-level questions; neither supports individual inference
25025040801,25025,Suffolk,9.3,5.0% to less than 10.0%,8.8847293051,5.0% to less than 10.0%,0.4152706949,0,tract and county summaries answer different area-level questions; neither supports individual inference
25025050101,25025,Suffolk,10.9,10.0% to less than 15.0%,8.8847293051,5.0% to less than 10.0%,2.0152706949,1,tract and county summaries answer different area-level questions; neither supports individual inference
25025050200,25025,Suffolk,8.8,5.0% to less than 10.0%,8.8847293051,5.0% to less than 10.0%,0.0847293051,0,tract and county summaries answer different area-level questions; neither supports individual inference
25025050300,25025,Suffolk,8.8,5.0% to less than 10.0%,8.8847293051,5.0% to less than 10.0%,0.0847293051,0,tract and county summaries answer different area-level questions; neither supports individual inference
25025050400,25025,Suffolk,8.3,5.0% to less than 10.0%,8.8847293051,5.0% to less than 10.0%,0.5847293051,0,tract and county summaries answer different area-level questions; neither supports individual inference
25025050500,25025,Suffolk,6.3,5.0% to less than 10.0%,8.8847293051,5.0% to less than 10.0%,2.5847293051,0,tract and county summaries answer different area-level questions; neither supports individual inference
25025050600,25025,Suffolk,7.2,5.0% to less than 10.0%,8.8847293051,5.0% to less than 10.0%,1.6847293051,0,tract and county summaries answer different area-level questions; neither supports individual inference
25025050700,25025,Suffolk,8.5,5.0% to less than 10.0%,8.8847293051,5.0% to less than 10.0%,0.3847293051,0,tract and county summaries answer different area-level questions; neither supports individual inference
25025050901,25025,Suffolk,8.5,5.0% to less than 10.0%,8.8847293051,5.0% to less than 10.0%,0.3847293051,0,tract and county summaries answer different area-level questions; neither supports individual inference
25025051000,25025,Suffolk,8.2,5.0% to less than 10.0%,8.8847293051,5.0% to less than 10.0%,0.6847293051,0,tract and county summaries answer different area-level questions; neither supports individual inference
25025051101,25025,Suffolk,9.9,5.0% to less than 10.0%,8.8847293051,5.0% to less than 10.0%,1.0152706949,0,tract and county summaries answer different area-level questions; neither supports individual inference
25025051200,25025,Suffolk,4.8,less than 5.0%,8.8847293051,5.0% to less than 10.0%,4.0847293051,1,tract and county summaries answer different area-level questions; neither supports individual inference
25025060101,25025,Suffolk,3.9,less than 5.0%,8.8847293051,5.0% to less than 10.0%,4.9847293051,1,tract and county summaries answer different area-level questions; neither supports individual inference
25025060200,25025,Suffolk,3.8,less than 5.0%,8.8847293051,5.0% to less than 10.0%,5.0847293051,1,tract and county summaries answer different area-level questions; neither supports individual inference
25025060301,25025,Suffolk,4.7,less than 5.0%,8.8847293051,5.0% to less than 10.0%,4.1847293051,1,tract and county summaries answer different area-level questions; neither supports individual inference
25025060400,25025,Suffolk,3.8,less than 5.0%,8.8847293051,5.0% to less than 10.0%,5.0847293051,1,tract and county summaries answer different area-level questions; neither supports individual inference
25025060501,25025,Suffolk,3.3,less than 5.0%,8.8847293051,5.0% to less than 10.0%,5.5847293051,1,tract and county summaries answer different area-level questions; neither supports individual inference
25025060601,25025,Suffolk,3.3,less than 5.0%,8.8847293051,5.0% to less than 10.0%,5.5847293051,1,tract and county summaries answer different area-level questions; neither supports individual inference
25025060602,25025,Suffolk,4.1,less than 5.0%,8.8847293051,5.0% to less than 10.0%,4.7847293051,1,tract and county summaries answer different area-level questions; neither supports individual inference
25025060603,25025,Suffolk,3.1,less than 5.0%,8.8847293051,5.0% to less than 10.0%,5.7847293051,1,tract and county summaries answer different area-level questions; neither supports individual inference
25025060604,25025,Suffolk,3.9,less than 5.0%,8.8847293051,5.0% to less than 10.0%,4.9847293051,1,tract and county summaries answer different area-level questions; neither supports individual inference
25025060700,25025,Suffolk,16.7,15.0% to less than 20.0%,8.8847293051,5.0% to less than 10.0%,7.8152706949,1,tract and county summaries answer different area-level questions; neither supports individual inference
25025060800,25025,Suffolk,3.5,less than 5.0%,8.8847293051,5.0% to less than 10.0%,5.3847293051,1,tract and county summaries answer different area-level questions; neither supports individual inference
25025061000,25025,Suffolk,8.7,5.0% to less than 10.0%,8.8847293051,5.0% to less than 10.0%,0.1847293051,0,tract and county summaries answer different area-level questions; neither supports individual inference
25025061101,25025,Suffolk,16.6,15.0% to less than 20.0%,8.8847293051,5.0% to less than 10.0%,7.7152706949,1,tract and county summaries answer different area-level questions; neither supports individual inference
25025061201,25025,Suffolk,4.5,less than 5.0%,8.8847293051,5.0% to less than 10.0%,4.3847293051,1,tract and county summaries answer different area-level questions; neither supports individual inference
25025061203,25025,Suffolk,4.7,less than 5.0%,8.8847293051,5.0% to less than 10.0%,4.1847293051,1,tract and county summaries answer different area-level questions; neither supports individual inference
25025061204,25025,Suffolk,4.9,less than 5.0%,8.8847293051,5.0% to less than 10.0%,3.9847293051,1,tract and county summaries answer different area-level questions; neither supports individual inference
25025070102,25025,Suffolk,9.9,5.0% to less than 10.0%,8.8847293051,5.0% to less than 10.0%,1.0152706949,0,tract and county summaries answer different area-level questions; neither supports individual inference
25025070103,25025,Suffolk,5.4,5.0% to less than 10.0%,8.8847293051,5.0% to less than 10.0%,3.4847293051,0,tract and county summaries answer different area-level questions; neither supports individual inference
25025070104,25025,Suffolk,8.6,5.0% to less than 10.0%,8.8847293051,5.0% to less than 10.0%,0.2847293051,0,tract and county summaries answer different area-level questions; neither supports individual inference
25025070201,25025,Suffolk,10.2,10.0% to less than 15.0%,8.8847293051,5.0% to less than 10.0%,1.3152706949,1,tract and county summaries answer different area-level questions; neither supports individual inference
25025070202,25025,Suffolk,10.9,10.0% to less than 15.0%,8.8847293051,5.0% to less than 10.0%,2.0152706949,1,tract and county summaries answer different area-level questions; neither supports individual inference
25025070301,25025,Suffolk,6.1,5.0% to less than 10.0%,8.8847293051,5.0% to less than 10.0%,2.7847293051,0,tract and county summaries answer different area-level questions; neither supports individual inference
25025070302,25025,Suffolk,11,10.0% to less than 15.0%,8.8847293051,5.0% to less than 10.0%,2.1152706949,1,tract and county summaries answer different area-level questions; neither supports individual inference
25025070402,25025,Suffolk,10.5,10.0% to less than 15.0%,8.8847293051,5.0% to less than 10.0%,1.6152706949,1,tract and county summaries answer different area-level questions; neither supports individual inference
25025070501,25025,Suffolk,5.5,5.0% to less than 10.0%,8.8847293051,5.0% to less than 10.0%,3.3847293051,0,tract and county summaries answer different area-level questions; neither supports individual inference
25025070502,25025,Suffolk,14.4,10.0% to less than 15.0%,8.8847293051,5.0% to less than 10.0%,5.5152706949,1,tract and county summaries answer different area-level questions; neither supports individual inference
25025070600,25025,Suffolk,5.4,5.0% to less than 10.0%,8.8847293051,5.0% to less than 10.0%,3.4847293051,0,tract and county summaries answer different area-level questions; neither supports individual inference
25025070700,25025,Suffolk,8.8,5.0% to less than 10.0%,8.8847293051,5.0% to less than 10.0%,0.0847293051,0,tract and county summaries answer different area-level questions; neither supports individual inference
25025070801,25025,Suffolk,7.4,5.0% to less than 10.0%,8.8847293051,5.0% to less than 10.0%,1.4847293051,0,tract and county summaries answer different area-level questions; neither supports individual inference
25025070802,25025,Suffolk,6.8,5.0% to less than 10.0%,8.8847293051,5.0% to less than 10.0%,2.0847293051,0,tract and county summaries answer different area-level questions; neither supports individual inference
25025070901,25025,Suffolk,12.8,10.0% to less than 15.0%,8.8847293051,5.0% to less than 10.0%,3.9152706949,1,tract and county summaries answer different area-level questions; neither supports individual inference
25025070902,25025,Suffolk,6.9,5.0% to less than 10.0%,8.8847293051,5.0% to less than 10.0%,1.9847293051,0,tract and county summaries answer different area-level questions; neither supports individual inference
25025071101,25025,Suffolk,9.2,5.0% to less than 10.0%,8.8847293051,5.0% to less than 10.0%,0.3152706949,0,tract and county summaries answer different area-level questions; neither supports individual inference
25025071201,25025,Suffolk,12.8,10.0% to less than 15.0%,8.8847293051,5.0% to less than 10.0%,3.9152706949,1,tract and county summaries answer different area-level questions; neither supports individual inference
25025080100,25025,Suffolk,11.2,10.0% to less than 15.0%,8.8847293051,5.0% to less than 10.0%,2.3152706949,1,tract and county summaries answer different area-level questions; neither supports individual inference
25025080300,25025,Suffolk,15.2,15.0% to less than 20.0%,8.8847293051,5.0% to less than 10.0%,6.3152706949,1,tract and county summaries answer different area-level questions; neither supports individual inference
25025080401,25025,Suffolk,17.6,15.0% to less than 20.0%,8.8847293051,5.0% to less than 10.0%,8.7152706949,1,tract and county summaries answer different area-level questions; neither supports individual inference
25025080500,25025,Suffolk,14.3,10.0% to less than 15.0%,8.8847293051,5.0% to less than 10.0%,5.4152706949,1,tract and county summaries answer different area-level questions; neither supports individual inference
25025080601,25025,Suffolk,6.4,5.0% to less than 10.0%,8.8847293051,5.0% to less than 10.0%,2.4847293051,0,tract and county summaries answer different area-level questions; neither supports individual inference
25025080801,25025,Suffolk,9.8,5.0% to less than 10.0%,8.8847293051,5.0% to less than 10.0%,0.9152706949,0,tract and county summaries answer different area-level questions; neither supports individual inference
25025080900,25025,Suffolk,5.3,5.0% to less than 10.0%,8.8847293051,5.0% to less than 10.0%,3.5847293051,0,tract and county summaries answer different area-level questions; neither supports individual inference
25025081001,25025,Suffolk,10.4,10.0% to less than 15.0%,8.8847293051,5.0% to less than 10.0%,1.5152706949,1,tract and county summaries answer different area-level questions; neither supports individual inference
25025081101,25025,Suffolk,5.8,5.0% to less than 10.0%,8.8847293051,5.0% to less than 10.0%,3.0847293051,0,tract and county summaries answer different area-level questions; neither supports individual inference
25025081102,25025,Suffolk,8.2,5.0% to less than 10.0%,8.8847293051,5.0% to less than 10.0%,0.6847293051,0,tract and county summaries answer different area-level questions; neither supports individual inference
25025081200,25025,Suffolk,15.1,15.0% to less than 20.0%,8.8847293051,5.0% to less than 10.0%,6.2152706949,1,tract and county summaries answer different area-level questions; neither supports individual inference
25025081301,25025,Suffolk,20.3,20.0% or greater,8.8847293051,5.0% to less than 10.0%,11.4152706949,1,tract and county summaries answer different area-level questions; neither supports individual inference
25025081302,25025,Suffolk,20.2,20.0% or greater,8.8847293051,5.0% to less than 10.0%,11.3152706949,1,tract and county summaries answer different area-level questions; neither supports individual inference
25025081400,25025,Suffolk,10.3,10.0% to less than 15.0%,8.8847293051,5.0% to less than 10.0%,1.4152706949,1,tract and county summaries answer different area-level questions; neither supports individual inference
25025081500,25025,Suffolk,11.5,10.0% to less than 15.0%,8.8847293051,5.0% to less than 10.0%,2.6152706949,1,tract and county summaries answer different area-level questions; neither supports individual inference
25025081700,25025,Suffolk,16.1,15.0% to less than 20.0%,8.8847293051,5.0% to less than 10.0%,7.2152706949,1,tract and county summaries answer different area-level questions; neither supports individual inference
25025081800,25025,Suffolk,13.9,10.0% to less than 15.0%,8.8847293051,5.0% to less than 10.0%,5.0152706949,1,tract and county summaries answer different area-level questions; neither supports individual inference
25025081900,25025,Suffolk,14.1,10.0% to less than 15.0%,8.8847293051,5.0% to less than 10.0%,5.2152706949,1,tract and county summaries answer different area-level questions; neither supports individual inference
25025082000,25025,Suffolk,17.1,15.0% to less than 20.0%,8.8847293051,5.0% to less than 10.0%,8.2152706949,1,tract and county summaries answer different area-level questions; neither supports individual inference
25025082100,25025,Suffolk,18.1,15.0% to less than 20.0%,8.8847293051,5.0% to less than 10.0%,9.2152706949,1,tract and county summaries answer different area-level questions; neither supports individual inference
25025090100,25025,Suffolk,16.2,15.0% to less than 20.0%,8.8847293051,5.0% to less than 10.0%,7.3152706949,1,tract and county summaries answer different area-level questions; neither supports individual inference
25025090200,25025,Suffolk,14.4,10.0% to less than 15.0%,8.8847293051,5.0% to less than 10.0%,5.5152706949,1,tract and county summaries answer different area-level questions; neither supports individual inference
25025090300,25025,Suffolk,15.8,15.0% to less than 20.0%,8.8847293051,5.0% to less than 10.0%,6.9152706949,1,tract and county summaries answer different area-level questions; neither supports individual inference
25025090400,25025,Suffolk,12.8,10.0% to less than 15.0%,8.8847293051,5.0% to less than 10.0%,3.9152706949,1,tract and county summaries answer different area-level questions; neither supports individual inference
25025090600,25025,Suffolk,13.2,10.0% to less than 15.0%,8.8847293051,5.0% to less than 10.0%,4.3152706949,1,tract and county summaries answer different area-level questions; neither supports individual inference
25025090700,25025,Suffolk,7.2,5.0% to less than 10.0%,8.8847293051,5.0% to less than 10.0%,1.6847293051,0,tract and county summaries answer different area-level questions; neither supports individual inference
25025090901,25025,Suffolk,7.9,5.0% to less than 10.0%,8.8847293051,5.0% to less than 10.0%,0.9847293051,0,tract and county summaries answer different area-level questions; neither supports individual inference
25025091001,25025,Suffolk,8.3,5.0% to less than 10.0%,8.8847293051,5.0% to less than 10.0%,0.5847293051,0,tract and county summaries answer different area-level questions; neither supports individual inference
25025091100,25025,Suffolk,7.2,5.0% to less than 10.0%,8.8847293051,5.0% to less than 10.0%,1.6847293051,0,tract and county summaries answer different area-level questions; neither supports individual inference
25025091200,25025,Suffolk,11.1,10.0% to less than 15.0%,8.8847293051,5.0% to less than 10.0%,2.2152706949,1,tract and county summaries answer different area-level questions; neither supports individual inference
25025091300,25025,Suffolk,14,10.0% to less than 15.0%,8.8847293051,5.0% to less than 10.0%,5.1152706949,1,tract and county summaries answer different area-level questions; neither supports individual inference
25025091400,25025,Suffolk,15.1,15.0% to less than 20.0%,8.8847293051,5.0% to less than 10.0%,6.2152706949,1,tract and county summaries answer different area-level questions; neither supports individual inference
25025091500,25025,Suffolk,11.9,10.0% to less than 15.0%,8.8847293051,5.0% to less than 10.0%,3.0152706949,1,tract and county summaries answer different area-level questions; neither supports individual inference
25025091600,25025,Suffolk,14.1,10.0% to less than 15.0%,8.8847293051,5.0% to less than 10.0%,5.2152706949,1,tract and county summaries answer different area-level questions; neither supports individual inference
25025091700,25025,Suffolk,12.1,10.0% to less than 15.0%,8.8847293051,5.0% to less than 10.0%,3.2152706949,1,tract and county summaries answer different area-level questions; neither supports individual inference
25025091800,25025,Suffolk,16.4,15.0% to less than 20.0%,8.8847293051,5.0% to less than 10.0%,7.5152706949,1,tract and county summaries answer different area-level questions; neither supports individual inference
25025091900,25025,Suffolk,14.4,10.0% to less than 15.0%,8.8847293051,5.0% to less than 10.0%,5.5152706949,1,tract and county summaries answer different area-level questions; neither supports individual inference
25025092000,25025,Suffolk,15.5,15.0% to less than 20.0%,8.8847293051,5.0% to less than 10.0%,6.6152706949,1,tract and county summaries answer different area-level questions; neither supports individual inference
25025092101,25025,Suffolk,12.4,10.0% to less than 15.0%,8.8847293051,5.0% to less than 10.0%,3.5152706949,1,tract and county summaries answer different area-level questions; neither supports individual inference
25025092200,25025,Suffolk,10.8,10.0% to less than 15.0%,8.8847293051,5.0% to less than 10.0%,1.9152706949,1,tract and county summaries answer different area-level questions; neither supports individual inference
25025092300,25025,Suffolk,14.1,10.0% to less than 15.0%,8.8847293051,5.0% to less than 10.0%,5.2152706949,1,tract and county summaries answer different area-level questions; neither supports individual inference
25025092400,25025,Suffolk,14.4,10.0% to less than 15.0%,8.8847293051,5.0% to less than 10.0%,5.5152706949,1,tract and county summaries answer different area-level questions; neither supports individual inference
25025100100,25025,Suffolk,16.7,15.0% to less than 20.0%,8.8847293051,5.0% to less than 10.0%,7.8152706949,1,tract and county summaries answer different area-level questions; neither supports individual inference
25025100200,25025,Suffolk,14.8,10.0% to less than 15.0%,8.8847293051,5.0% to less than 10.0%,5.9152706949,1,tract and county summaries answer different area-level questions; neither supports individual inference
25025100300,25025,Suffolk,13,10.0% to less than 15.0%,8.8847293051,5.0% to less than 10.0%,4.1152706949,1,tract and county summaries answer different area-level questions; neither supports individual inference
25025100400,25025,Suffolk,13.2,10.0% to less than 15.0%,8.8847293051,5.0% to less than 10.0%,4.3152706949,1,tract and county summaries answer different area-level questions; neither supports individual inference
25025100500,25025,Suffolk,12.2,10.0% to less than 15.0%,8.8847293051,5.0% to less than 10.0%,3.3152706949,1,tract and county summaries answer different area-level questions; neither supports individual inference
25025100601,25025,Suffolk,9.5,5.0% to less than 10.0%,8.8847293051,5.0% to less than 10.0%,0.6152706949,0,tract and county summaries answer different area-level questions; neither supports individual inference
25025100603,25025,Suffolk,6.6,5.0% to less than 10.0%,8.8847293051,5.0% to less than 10.0%,2.2847293051,0,tract and county summaries answer different area-level questions; neither supports individual inference
25025100700,25025,Suffolk,7.2,5.0% to less than 10.0%,8.8847293051,5.0% to less than 10.0%,1.6847293051,0,tract and county summaries answer different area-level questions; neither supports individual inference
25025100800,25025,Suffolk,9.6,5.0% to less than 10.0%,8.8847293051,5.0% to less than 10.0%,0.7152706949,0,tract and county summaries answer different area-level questions; neither supports individual inference
25025100900,25025,Suffolk,10.8,10.0% to less than 15.0%,8.8847293051,5.0% to less than 10.0%,1.9152706949,1,tract and county summaries answer different area-level questions; neither supports individual inference
25025101001,25025,Suffolk,15.6,15.0% to less than 20.0%,8.8847293051,5.0% to less than 10.0%,6.7152706949,1,tract and county summaries answer different area-level questions; neither supports individual inference
25025101002,25025,Suffolk,17.8,15.0% to less than 20.0%,8.8847293051,5.0% to less than 10.0%,8.9152706949,1,tract and county summaries answer different area-level questions; neither supports individual inference
25025101101,25025,Suffolk,14.1,10.0% to less than 15.0%,8.8847293051,5.0% to less than 10.0%,5.2152706949,1,tract and county summaries answer different area-level questions; neither supports individual inference
25025101102,25025,Suffolk,15.5,15.0% to less than 20.0%,8.8847293051,5.0% to less than 10.0%,6.6152706949,1,tract and county summaries answer different area-level questions; neither supports individual inference
25025110104,25025,Suffolk,11.1,10.0% to less than 15.0%,8.8847293051,5.0% to less than 10.0%,2.2152706949,1,tract and county summaries answer different area-level questions; neither supports individual inference
25025110105,25025,Suffolk,5.7,5.0% to less than 10.0%,8.8847293051,5.0% to less than 10.0%,3.1847293051,0,tract and county summaries answer different area-level questions; neither supports individual inference
25025110106,25025,Suffolk,8,5.0% to less than 10.0%,8.8847293051,5.0% to less than 10.0%,0.8847293051,0,tract and county summaries answer different area-level questions; neither supports individual inference
25025110201,25025,Suffolk,12.7,10.0% to less than 15.0%,8.8847293051,5.0% to less than 10.0%,3.8152706949,1,tract and county summaries answer different area-level questions; neither supports individual inference
25025110301,25025,Suffolk,9.1,5.0% to less than 10.0%,8.8847293051,5.0% to less than 10.0%,0.2152706949,0,tract and county summaries answer different area-level questions; neither supports individual inference
25025110401,25025,Suffolk,9.6,5.0% to less than 10.0%,8.8847293051,5.0% to less than 10.0%,0.7152706949,0,tract and county summaries answer different area-level questions; neither supports individual inference
25025110403,25025,Suffolk,9.2,5.0% to less than 10.0%,8.8847293051,5.0% to less than 10.0%,0.3152706949,0,tract and county summaries answer different area-level questions; neither supports individual inference
25025110501,25025,Suffolk,7.4,5.0% to less than 10.0%,8.8847293051,5.0% to less than 10.0%,1.4847293051,0,tract and county summaries answer different area-level questions; neither supports individual inference
25025110502,25025,Suffolk,8.2,5.0% to less than 10.0%,8.8847293051,5.0% to less than 10.0%,0.6847293051,0,tract and county summaries answer different area-level questions; neither supports individual inference
25025110601,25025,Suffolk,8.9,5.0% to less than 10.0%,8.8847293051,5.0% to less than 10.0%,0.0152706949,0,tract and county summaries answer different area-level questions; neither supports individual inference
25025110607,25025,Suffolk,7.4,5.0% to less than 10.0%,8.8847293051,5.0% to less than 10.0%,1.4847293051,0,tract and county summaries answer different area-level questions; neither supports individual inference
25025120103,25025,Suffolk,6.7,5.0% to less than 10.0%,8.8847293051,5.0% to less than 10.0%,2.1847293051,0,tract and county summaries answer different area-level questions; neither supports individual inference
25025120104,25025,Suffolk,5.3,5.0% to less than 10.0%,8.8847293051,5.0% to less than 10.0%,3.5847293051,0,tract and county summaries answer different area-level questions; neither supports individual inference
25025120105,25025,Suffolk,9,5.0% to less than 10.0%,8.8847293051,5.0% to less than 10.0%,0.1152706949,0,tract and county summaries answer different area-level questions; neither supports individual inference
25025120201,25025,Suffolk,5.9,5.0% to less than 10.0%,8.8847293051,5.0% to less than 10.0%,2.9847293051,0,tract and county summaries answer different area-level questions; neither supports individual inference
25025120301,25025,Suffolk,6.9,5.0% to less than 10.0%,8.8847293051,5.0% to less than 10.0%,1.9847293051,0,tract and county summaries answer different area-level questions; neither supports individual inference
25025120400,25025,Suffolk,6.2,5.0% to less than 10.0%,8.8847293051,5.0% to less than 10.0%,2.6847293051,0,tract and county summaries answer different area-level questions; neither supports individual inference
25025120500,25025,Suffolk,7.1,5.0% to less than 10.0%,8.8847293051,5.0% to less than 10.0%,1.7847293051,0,tract and county summaries answer different area-level questions; neither supports individual inference
25025120600,25025,Suffolk,4.4,less than 5.0%,8.8847293051,5.0% to less than 10.0%,4.4847293051,1,tract and county summaries answer different area-level questions; neither supports individual inference
25025120700,25025,Suffolk,5.6,5.0% to less than 10.0%,8.8847293051,5.0% to less than 10.0%,3.2847293051,0,tract and county summaries answer different area-level questions; neither supports individual inference
25025130101,25025,Suffolk,7.4,5.0% to less than 10.0%,8.8847293051,5.0% to less than 10.0%,1.4847293051,0,tract and county summaries answer different area-level questions; neither supports individual inference
25025130200,25025,Suffolk,7.4,5.0% to less than 10.0%,8.8847293051,5.0% to less than 10.0%,1.4847293051,0,tract and county summaries answer different area-level questions; neither supports individual inference
25025130300,25025,Suffolk,7.4,5.0% to less than 10.0%,8.8847293051,5.0% to less than 10.0%,1.4847293051,0,tract and county summaries answer different area-level questions; neither supports individual inference
25025130402,25025,Suffolk,8.5,5.0% to less than 10.0%,8.8847293051,5.0% to less than 10.0%,0.3847293051,0,tract and county summaries answer different area-level questions; neither supports individual inference
25025130404,25025,Suffolk,9.8,5.0% to less than 10.0%,8.8847293051,5.0% to less than 10.0%,0.9152706949,0,tract and county summaries answer different area-level questions; neither supports individual inference
25025130406,25025,Suffolk,12.4,10.0% to less than 15.0%,8.8847293051,5.0% to less than 10.0%,3.5152706949,1,tract and county summaries answer different area-level questions; neither supports individual inference
25025140102,25025,Suffolk,9.2,5.0% to less than 10.0%,8.8847293051,5.0% to less than 10.0%,0.3152706949,0,tract and county summaries answer different area-level questions; neither supports individual inference
25025140105,25025,Suffolk,11.7,10.0% to less than 15.0%,8.8847293051,5.0% to less than 10.0%,2.8152706949,1,tract and county summaries answer different area-level questions; neither supports individual inference
25025140106,25025,Suffolk,13.2,10.0% to less than 15.0%,8.8847293051,5.0% to less than 10.0%,4.3152706949,1,tract and county summaries answer different area-level questions; neither supports individual inference
25025140107,25025,Suffolk,12.2,10.0% to less than 15.0%,8.8847293051,5.0% to less than 10.0%,3.3152706949,1,tract and county summaries answer different area-level questions; neither supports individual inference
25025140201,25025,Suffolk,10.2,10.0% to less than 15.0%,8.8847293051,5.0% to less than 10.0%,1.3152706949,1,tract and county summaries answer different area-level questions; neither supports individual inference
25025140202,25025,Suffolk,10.1,10.0% to less than 15.0%,8.8847293051,5.0% to less than 10.0%,1.2152706949,1,tract and county summaries answer different area-level questions; neither supports individual inference
25025140300,25025,Suffolk,13.5,10.0% to less than 15.0%,8.8847293051,5.0% to less than 10.0%,4.6152706949,1,tract and county summaries answer different area-level questions; neither supports individual inference
25025140400,25025,Suffolk,14.2,10.0% to less than 15.0%,8.8847293051,5.0% to less than 10.0%,5.3152706949,1,tract and county summaries answer different area-level questions; neither supports individual inference
25025160102,25025,Suffolk,11.4,10.0% to less than 15.0%,8.8847293051,5.0% to less than 10.0%,2.5152706949,1,tract and county summaries answer different area-level questions; neither supports individual inference
25025160103,25025,Suffolk,12.5,10.0% to less than 15.0%,8.8847293051,5.0% to less than 10.0%,3.6152706949,1,tract and county summaries answer different area-level questions; neither supports individual inference
25025160200,25025,Suffolk,13.5,10.0% to less than 15.0%,8.8847293051,5.0% to less than 10.0%,4.6152706949,1,tract and county summaries answer different area-level questions; neither supports individual inference
25025160300,25025,Suffolk,11.4,10.0% to less than 15.0%,8.8847293051,5.0% to less than 10.0%,2.5152706949,1,tract and county summaries answer different area-level questions; neither supports individual inference
25025160400,25025,Suffolk,9,5.0% to less than 10.0%,8.8847293051,5.0% to less than 10.0%,0.1152706949,0,tract and county summaries answer different area-level questions; neither supports individual inference
25025160501,25025,Suffolk,11.6,10.0% to less than 15.0%,8.8847293051,5.0% to less than 10.0%,2.7152706949,1,tract and county summaries answer different area-level questions; neither supports individual inference
25025160502,25025,Suffolk,13.3,10.0% to less than 15.0%,8.8847293051,5.0% to less than 10.0%,4.4152706949,1,tract and county summaries answer different area-level questions; neither supports individual inference
25025160601,25025,Suffolk,10.1,10.0% to less than 15.0%,8.8847293051,5.0% to less than 10.0%,1.2152706949,1,tract and county summaries answer different area-level questions; neither supports individual inference
25025160602,25025,Suffolk,10.9,10.0% to less than 15.0%,8.8847293051,5.0% to less than 10.0%,2.0152706949,1,tract and county summaries answer different area-level questions; neither supports individual inference
25025170101,25025,Suffolk,10.2,10.0% to less than 15.0%,8.8847293051,5.0% to less than 10.0%,1.3152706949,1,tract and county summaries answer different area-level questions; neither supports individual inference
25025170102,25025,Suffolk,9.2,5.0% to less than 10.0%,8.8847293051,5.0% to less than 10.0%,0.3152706949,0,tract and county summaries answer different area-level questions; neither supports individual inference
25025170200,25025,Suffolk,12.9,10.0% to less than 15.0%,8.8847293051,5.0% to less than 10.0%,4.0152706949,1,tract and county summaries answer different area-level questions; neither supports individual inference
25025170301,25025,Suffolk,9.3,5.0% to less than 10.0%,8.8847293051,5.0% to less than 10.0%,0.4152706949,0,tract and county summaries answer different area-level questions; neither supports individual inference
25025170302,25025,Suffolk,7.8,5.0% to less than 10.0%,8.8847293051,5.0% to less than 10.0%,1.0847293051,0,tract and county summaries answer different area-level questions; neither supports individual inference
25025170400,25025,Suffolk,10.8,10.0% to less than 15.0%,8.8847293051,5.0% to less than 10.0%,1.9152706949,1,tract and county summaries answer different area-level questions; neither supports individual inference
25025170502,25025,Suffolk,12.6,10.0% to less than 15.0%,8.8847293051,5.0% to less than 10.0%,3.7152706949,1,tract and county summaries answer different area-level questions; neither supports individual inference
25025170503,25025,Suffolk,12,10.0% to less than 15.0%,8.8847293051,5.0% to less than 10.0%,3.1152706949,1,tract and county summaries answer different area-level questions; neither supports individual inference
25025170504,25025,Suffolk,6.7,5.0% to less than 10.0%,8.8847293051,5.0% to less than 10.0%,2.1847293051,0,tract and county summaries answer different area-level questions; neither supports individual inference
25025170601,25025,Suffolk,10.2,10.0% to less than 15.0%,8.8847293051,5.0% to less than 10.0%,1.3152706949,1,tract and county summaries answer different area-level questions; neither supports individual inference
25025170701,25025,Suffolk,8.6,5.0% to less than 10.0%,8.8847293051,5.0% to less than 10.0%,0.2847293051,0,tract and county summaries answer different area-level questions; neither supports individual inference
25025170702,25025,Suffolk,11.5,10.0% to less than 15.0%,8.8847293051,5.0% to less than 10.0%,2.6152706949,1,tract and county summaries answer different area-level questions; neither supports individual inference
25025170800,25025,Suffolk,10.5,10.0% to less than 15.0%,8.8847293051,5.0% to less than 10.0%,1.6152706949,1,tract and county summaries answer different area-level questions; neither supports individual inference
25025180101,25025,Suffolk,10.1,10.0% to less than 15.0%,8.8847293051,5.0% to less than 10.0%,1.2152706949,1,tract and county summaries answer different area-level questions; neither supports individual inference
25025180200,25025,Suffolk,9.3,5.0% to less than 10.0%,8.8847293051,5.0% to less than 10.0%,0.4152706949,0,tract and county summaries answer different area-level questions; neither supports individual inference
25025180301,25025,Suffolk,8.3,5.0% to less than 10.0%,8.8847293051,5.0% to less than 10.0%,0.5847293051,0,tract and county summaries answer different area-level questions; neither supports individual inference
25025180400,25025,Suffolk,7.5,5.0% to less than 10.0%,8.8847293051,5.0% to less than 10.0%,1.3847293051,0,tract and county summaries answer different area-level questions; neither supports individual inference
25025180500,25025,Suffolk,7.4,5.0% to less than 10.0%,8.8847293051,5.0% to less than 10.0%,1.4847293051,0,tract and county summaries answer different area-level questions; neither supports individual inference
25025980300,25025,Suffolk,30.5,20.0% or greater,8.8847293051,5.0% to less than 10.0%,21.6152706949,1,tract and county summaries answer different area-level questions; neither supports individual inference
25025980900,25025,Suffolk,7.4,5.0% to less than 10.0%,8.8847293051,5.0% to less than 10.0%,1.4847293051,0,tract and county summaries answer different area-level questions; neither supports individual inference
25025981100,25025,Suffolk,12.2,10.0% to less than 15.0%,8.8847293051,5.0% to less than 10.0%,3.3152706949,1,tract and county summaries answer different area-level questions; neither supports individual inference
25025981300,25025,Suffolk,4.8,less than 5.0%,8.8847293051,5.0% to less than 10.0%,4.0847293051,1,tract and county summaries answer different area-level questions; neither supports individual inference
25027700100,25027,Worcester,9.9,5.0% to less than 10.0%,10.3497240285,10.0% to less than 15.0%,0.4497240285,1,tract and county summaries answer different area-level questions; neither supports individual inference
25027701101,25027,Worcester,11.2,10.0% to less than 15.0%,10.3497240285,10.0% to less than 15.0%,0.8502759715,0,tract and county summaries answer different area-level questions; neither supports individual inference
25027701102,25027,Worcester,11.6,10.0% to less than 15.0%,10.3497240285,10.0% to less than 15.0%,1.2502759715,0,tract and county summaries answer different area-level questions; neither supports individual inference
25027702201,25027,Worcester,12.6,10.0% to less than 15.0%,10.3497240285,10.0% to less than 15.0%,2.2502759715,0,tract and county summaries answer different area-level questions; neither supports individual inference
25027702202,25027,Worcester,10.3,10.0% to less than 15.0%,10.3497240285,10.0% to less than 15.0%,0.0497240285,0,tract and county summaries answer different area-level questions; neither supports individual inference
25027703100,25027,Worcester,11.7,10.0% to less than 15.0%,10.3497240285,10.0% to less than 15.0%,1.3502759715,0,tract and county summaries answer different area-level questions; neither supports individual inference
25027703200,25027,Worcester,13.1,10.0% to less than 15.0%,10.3497240285,10.0% to less than 15.0%,2.7502759715,0,tract and county summaries answer different area-level questions; neither supports individual inference
25027703300,25027,Worcester,11.8,10.0% to less than 15.0%,10.3497240285,10.0% to less than 15.0%,1.4502759715,0,tract and county summaries answer different area-level questions; neither supports individual inference
25027704201,25027,Worcester,10.4,10.0% to less than 15.0%,10.3497240285,10.0% to less than 15.0%,0.0502759715,0,tract and county summaries answer different area-level questions; neither supports individual inference
25027704202,25027,Worcester,12,10.0% to less than 15.0%,10.3497240285,10.0% to less than 15.0%,1.6502759715,0,tract and county summaries answer different area-level questions; neither supports individual inference
25027705101,25027,Worcester,9.7,5.0% to less than 10.0%,10.3497240285,10.0% to less than 15.0%,0.6497240285,1,tract and county summaries answer different area-level questions; neither supports individual inference
25027705102,25027,Worcester,11.2,10.0% to less than 15.0%,10.3497240285,10.0% to less than 15.0%,0.8502759715,0,tract and county summaries answer different area-level questions; neither supports individual inference
25027706100,25027,Worcester,10.3,10.0% to less than 15.0%,10.3497240285,10.0% to less than 15.0%,0.0497240285,0,tract and county summaries answer different area-level questions; neither supports individual inference
25027707100,25027,Worcester,13.3,10.0% to less than 15.0%,10.3497240285,10.0% to less than 15.0%,2.9502759715,0,tract and county summaries answer different area-level questions; neither supports individual inference
25027707200,25027,Worcester,12.1,10.0% to less than 15.0%,10.3497240285,10.0% to less than 15.0%,1.7502759715,0,tract and county summaries answer different area-level questions; neither supports individual inference
25027707300,25027,Worcester,14.4,10.0% to less than 15.0%,10.3497240285,10.0% to less than 15.0%,4.0502759715,0,tract and county summaries answer different area-level questions; neither supports individual inference
25027707400,25027,Worcester,9.7,5.0% to less than 10.0%,10.3497240285,10.0% to less than 15.0%,0.6497240285,1,tract and county summaries answer different area-level questions; neither supports individual inference
25027707500,25027,Worcester,11.8,10.0% to less than 15.0%,10.3497240285,10.0% to less than 15.0%,1.4502759715,0,tract and county summaries answer different area-level questions; neither supports individual inference
25027708100,25027,Worcester,9.5,5.0% to less than 10.0%,10.3497240285,10.0% to less than 15.0%,0.8497240285,1,tract and county summaries answer different area-level questions; neither supports individual inference
25027709100,25027,Worcester,10.1,10.0% to less than 15.0%,10.3497240285,10.0% to less than 15.0%,0.2497240285,0,tract and county summaries answer different area-level questions; neither supports individual inference
25027709201,25027,Worcester,10.8,10.0% to less than 15.0%,10.3497240285,10.0% to less than 15.0%,0.4502759715,0,tract and county summaries answer different area-level questions; neither supports individual inference
25027709203,25027,Worcester,11.2,10.0% to less than 15.0%,10.3497240285,10.0% to less than 15.0%,0.8502759715,0,tract and county summaries answer different area-level questions; neither supports individual inference
25027709204,25027,Worcester,11.2,10.0% to less than 15.0%,10.3497240285,10.0% to less than 15.0%,0.8502759715,0,tract and county summaries answer different area-level questions; neither supports individual inference
25027709400,25027,Worcester,13.1,10.0% to less than 15.0%,10.3497240285,10.0% to less than 15.0%,2.7502759715,0,tract and county summaries answer different area-level questions; neither supports individual inference
25027709501,25027,Worcester,10,10.0% to less than 15.0%,10.3497240285,10.0% to less than 15.0%,0.3497240285,0,tract and county summaries answer different area-level questions; neither supports individual inference
25027709502,25027,Worcester,9.7,5.0% to less than 10.0%,10.3497240285,10.0% to less than 15.0%,0.6497240285,1,tract and county summaries answer different area-level questions; neither supports individual inference
25027709600,25027,Worcester,10.6,10.0% to less than 15.0%,10.3497240285,10.0% to less than 15.0%,0.2502759715,0,tract and county summaries answer different area-level questions; neither supports individual inference
25027709701,25027,Worcester,10.6,10.0% to less than 15.0%,10.3497240285,10.0% to less than 15.0%,0.2502759715,0,tract and county summaries answer different area-level questions; neither supports individual inference
25027709702,25027,Worcester,12.1,10.0% to less than 15.0%,10.3497240285,10.0% to less than 15.0%,1.7502759715,0,tract and county summaries answer different area-level questions; neither supports individual inference
25027710100,25027,Worcester,10.4,10.0% to less than 15.0%,10.3497240285,10.0% to less than 15.0%,0.0502759715,0,tract and county summaries answer different area-level questions; neither supports individual inference
25027710200,25027,Worcester,11.6,10.0% to less than 15.0%,10.3497240285,10.0% to less than 15.0%,1.2502759715,0,tract and county summaries answer different area-level questions; neither supports individual inference
25027710300,25027,Worcester,10.6,10.0% to less than 15.0%,10.3497240285,10.0% to less than 15.0%,0.2502759715,0,tract and county summaries answer different area-level questions; neither supports individual inference
25027710400,25027,Worcester,11.9,10.0% to less than 15.0%,10.3497240285,10.0% to less than 15.0%,1.5502759715,0,tract and county summaries answer different area-level questions; neither supports individual inference
25027710500,25027,Worcester,13,10.0% to less than 15.0%,10.3497240285,10.0% to less than 15.0%,2.6502759715,0,tract and county summaries answer different area-level questions; neither supports individual inference
25027710601,25027,Worcester,11,10.0% to less than 15.0%,10.3497240285,10.0% to less than 15.0%,0.6502759715,0,tract and county summaries answer different area-level questions; neither supports individual inference
25027710602,25027,Worcester,13.6,10.0% to less than 15.0%,10.3497240285,10.0% to less than 15.0%,3.2502759715,0,tract and county summaries answer different area-level questions; neither supports individual inference
25027710700,25027,Worcester,17.4,15.0% to less than 20.0%,10.3497240285,10.0% to less than 15.0%,7.0502759715,1,tract and county summaries answer different area-level questions; neither supports individual inference
25027710800,25027,Worcester,10.2,10.0% to less than 15.0%,10.3497240285,10.0% to less than 15.0%,0.1497240285,0,tract and county summaries answer different area-level questions; neither supports individual inference
25027711000,25027,Worcester,11.3,10.0% to less than 15.0%,10.3497240285,10.0% to less than 15.0%,0.9502759715,0,tract and county summaries answer different area-level questions; neither supports individual inference
25027711100,25027,Worcester,10.2,10.0% to less than 15.0%,10.3497240285,10.0% to less than 15.0%,0.1497240285,0,tract and county summaries answer different area-level questions; neither supports individual inference
25027712101,25027,Worcester,10.2,10.0% to less than 15.0%,10.3497240285,10.0% to less than 15.0%,0.1497240285,0,tract and county summaries answer different area-level questions; neither supports individual inference
25027712102,25027,Worcester,8.8,5.0% to less than 10.0%,10.3497240285,10.0% to less than 15.0%,1.5497240285,1,tract and county summaries answer different area-level questions; neither supports individual inference
25027713100,25027,Worcester,8.6,5.0% to less than 10.0%,10.3497240285,10.0% to less than 15.0%,1.7497240285,1,tract and county summaries answer different area-level questions; neither supports individual inference
25027715100,25027,Worcester,7.7,5.0% to less than 10.0%,10.3497240285,10.0% to less than 15.0%,2.6497240285,1,tract and county summaries answer different area-level questions; neither supports individual inference
25027716101,25027,Worcester,9.5,5.0% to less than 10.0%,10.3497240285,10.0% to less than 15.0%,0.8497240285,1,tract and county summaries answer different area-level questions; neither supports individual inference
25027716102,25027,Worcester,9.8,5.0% to less than 10.0%,10.3497240285,10.0% to less than 15.0%,0.5497240285,1,tract and county summaries answer different area-level questions; neither supports individual inference
25027716200,25027,Worcester,10.7,10.0% to less than 15.0%,10.3497240285,10.0% to less than 15.0%,0.3502759715,0,tract and county summaries answer different area-level questions; neither supports individual inference
25027716300,25027,Worcester,9.7,5.0% to less than 10.0%,10.3497240285,10.0% to less than 15.0%,0.6497240285,1,tract and county summaries answer different area-level questions; neither supports individual inference
25027717100,25027,Worcester,9.2,5.0% to less than 10.0%,10.3497240285,10.0% to less than 15.0%,1.1497240285,1,tract and county summaries answer different area-level questions; neither supports individual inference
25027718100,25027,Worcester,9.6,5.0% to less than 10.0%,10.3497240285,10.0% to less than 15.0%,0.7497240285,1,tract and county summaries answer different area-level questions; neither supports individual inference
25027719100,25027,Worcester,9.4,5.0% to less than 10.0%,10.3497240285,10.0% to less than 15.0%,0.9497240285,1,tract and county summaries answer different area-level questions; neither supports individual inference
25027720100,25027,Worcester,9.5,5.0% to less than 10.0%,10.3497240285,10.0% to less than 15.0%,0.8497240285,1,tract and county summaries answer different area-level questions; neither supports individual inference
25027721101,25027,Worcester,10.3,10.0% to less than 15.0%,10.3497240285,10.0% to less than 15.0%,0.0497240285,0,tract and county summaries answer different area-level questions; neither supports individual inference
25027721103,25027,Worcester,7.7,5.0% to less than 10.0%,10.3497240285,10.0% to less than 15.0%,2.6497240285,1,tract and county summaries answer different area-level questions; neither supports individual inference
25027721104,25027,Worcester,9.4,5.0% to less than 10.0%,10.3497240285,10.0% to less than 15.0%,0.9497240285,1,tract and county summaries answer different area-level questions; neither supports individual inference
25027722100,25027,Worcester,11,10.0% to less than 15.0%,10.3497240285,10.0% to less than 15.0%,0.6502759715,0,tract and county summaries answer different area-level questions; neither supports individual inference
25027723100,25027,Worcester,11,10.0% to less than 15.0%,10.3497240285,10.0% to less than 15.0%,0.6502759715,0,tract and county summaries answer different area-level questions; neither supports individual inference
25027724100,25027,Worcester,12.5,10.0% to less than 15.0%,10.3497240285,10.0% to less than 15.0%,2.1502759715,0,tract and county summaries answer different area-level questions; neither supports individual inference
25027725100,25027,Worcester,10.7,10.0% to less than 15.0%,10.3497240285,10.0% to less than 15.0%,0.3502759715,0,tract and county summaries answer different area-level questions; neither supports individual inference
25027726100,25027,Worcester,9.6,5.0% to less than 10.0%,10.3497240285,10.0% to less than 15.0%,0.7497240285,1,tract and county summaries answer different area-level questions; neither supports individual inference
25027726200,25027,Worcester,11.9,10.0% to less than 15.0%,10.3497240285,10.0% to less than 15.0%,1.5502759715,0,tract and county summaries answer different area-level questions; neither supports individual inference
25027727100,25027,Worcester,8,5.0% to less than 10.0%,10.3497240285,10.0% to less than 15.0%,2.3497240285,1,tract and county summaries answer different area-level questions; neither supports individual inference
25027728100,25027,Worcester,8.8,5.0% to less than 10.0%,10.3497240285,10.0% to less than 15.0%,1.5497240285,1,tract and county summaries answer different area-level questions; neither supports individual inference
25027728200,25027,Worcester,9.6,5.0% to less than 10.0%,10.3497240285,10.0% to less than 15.0%,0.7497240285,1,tract and county summaries answer different area-level questions; neither supports individual inference
25027728300,25027,Worcester,8.5,5.0% to less than 10.0%,10.3497240285,10.0% to less than 15.0%,1.8497240285,1,tract and county summaries answer different area-level questions; neither supports individual inference
25027728400,25027,Worcester,8.1,5.0% to less than 10.0%,10.3497240285,10.0% to less than 15.0%,2.2497240285,1,tract and county summaries answer different area-level questions; neither supports individual inference
25027729100,25027,Worcester,10.1,10.0% to less than 15.0%,10.3497240285,10.0% to less than 15.0%,0.2497240285,0,tract and county summaries answer different area-level questions; neither supports individual inference
25027729200,25027,Worcester,9.4,5.0% to less than 10.0%,10.3497240285,10.0% to less than 15.0%,0.9497240285,1,tract and county summaries answer different area-level questions; neither supports individual inference
25027730100,25027,Worcester,9.6,5.0% to less than 10.0%,10.3497240285,10.0% to less than 15.0%,0.7497240285,1,tract and county summaries answer different area-level questions; neither supports individual inference
25027730200,25027,Worcester,11.7,10.0% to less than 15.0%,10.3497240285,10.0% to less than 15.0%,1.3502759715,0,tract and county summaries answer different area-level questions; neither supports individual inference
25027730300,25027,Worcester,10.3,10.0% to less than 15.0%,10.3497240285,10.0% to less than 15.0%,0.0497240285,0,tract and county summaries answer different area-level questions; neither supports individual inference
25027730401,25027,Worcester,13.3,10.0% to less than 15.0%,10.3497240285,10.0% to less than 15.0%,2.9502759715,0,tract and county summaries answer different area-level questions; neither supports individual inference
25027730402,25027,Worcester,10.6,10.0% to less than 15.0%,10.3497240285,10.0% to less than 15.0%,0.2502759715,0,tract and county summaries answer different area-level questions; neither supports individual inference
25027730500,25027,Worcester,8.9,5.0% to less than 10.0%,10.3497240285,10.0% to less than 15.0%,1.4497240285,1,tract and county summaries answer different area-level questions; neither supports individual inference
25027730600,25027,Worcester,8.5,5.0% to less than 10.0%,10.3497240285,10.0% to less than 15.0%,1.8497240285,1,tract and county summaries answer different area-level questions; neither supports individual inference
25027730700,25027,Worcester,10.6,10.0% to less than 15.0%,10.3497240285,10.0% to less than 15.0%,0.2502759715,0,tract and county summaries answer different area-level questions; neither supports individual inference
25027730801,25027,Worcester,9.6,5.0% to less than 10.0%,10.3497240285,10.0% to less than 15.0%,0.7497240285,1,tract and county summaries answer different area-level questions; neither supports individual inference
25027730802,25027,Worcester,8.4,5.0% to less than 10.0%,10.3497240285,10.0% to less than 15.0%,1.9497240285,1,tract and county summaries answer different area-level questions; neither supports individual inference
25027730901,25027,Worcester,9.6,5.0% to less than 10.0%,10.3497240285,10.0% to less than 15.0%,0.7497240285,1,tract and county summaries answer different area-level questions; neither supports individual inference
25027730902,25027,Worcester,7.8,5.0% to less than 10.0%,10.3497240285,10.0% to less than 15.0%,2.5497240285,1,tract and county summaries answer different area-level questions; neither supports individual inference
25027731001,25027,Worcester,10.8,10.0% to less than 15.0%,10.3497240285,10.0% to less than 15.0%,0.4502759715,0,tract and county summaries answer different area-level questions; neither supports individual inference
25027731002,25027,Worcester,13.8,10.0% to less than 15.0%,10.3497240285,10.0% to less than 15.0%,3.4502759715,0,tract and county summaries answer different area-level questions; neither supports individual inference
25027731101,25027,Worcester,12.2,10.0% to less than 15.0%,10.3497240285,10.0% to less than 15.0%,1.8502759715,0,tract and county summaries answer different area-level questions; neither supports individual inference
25027731102,25027,Worcester,8.7,5.0% to less than 10.0%,10.3497240285,10.0% to less than 15.0%,1.6497240285,1,tract and county summaries answer different area-level questions; neither supports individual inference
25027731202,25027,Worcester,1.6,less than 5.0%,10.3497240285,10.0% to less than 15.0%,8.7497240285,1,tract and county summaries answer different area-level questions; neither supports individual inference
25027731203,25027,Worcester,17.1,15.0% to less than 20.0%,10.3497240285,10.0% to less than 15.0%,6.7502759715,1,tract and county summaries answer different area-level questions; neither supports individual inference
25027731204,25027,Worcester,13.7,10.0% to less than 15.0%,10.3497240285,10.0% to less than 15.0%,3.3502759715,0,tract and county summaries answer different area-level questions; neither supports individual inference
25027731300,25027,Worcester,14.9,10.0% to less than 15.0%,10.3497240285,10.0% to less than 15.0%,4.5502759715,0,tract and county summaries answer different area-level questions; neither supports individual inference
25027731400,25027,Worcester,17.9,15.0% to less than 20.0%,10.3497240285,10.0% to less than 15.0%,7.5502759715,1,tract and county summaries answer different area-level questions; neither supports individual inference
25027731500,25027,Worcester,18.7,15.0% to less than 20.0%,10.3497240285,10.0% to less than 15.0%,8.3502759715,1,tract and county summaries answer different area-level questions; neither supports individual inference
25027731601,25027,Worcester,9.6,5.0% to less than 10.0%,10.3497240285,10.0% to less than 15.0%,0.7497240285,1,tract and county summaries answer different area-level questions; neither supports individual inference
25027731602,25027,Worcester,5.1,5.0% to less than 10.0%,10.3497240285,10.0% to less than 15.0%,5.2497240285,1,tract and county summaries answer different area-level questions; neither supports individual inference
25027731700,25027,Worcester,8.9,5.0% to less than 10.0%,10.3497240285,10.0% to less than 15.0%,1.4497240285,1,tract and county summaries answer different area-level questions; neither supports individual inference
25027731801,25027,Worcester,15.3,15.0% to less than 20.0%,10.3497240285,10.0% to less than 15.0%,4.9502759715,1,tract and county summaries answer different area-level questions; neither supports individual inference
25027731802,25027,Worcester,16,15.0% to less than 20.0%,10.3497240285,10.0% to less than 15.0%,5.6502759715,1,tract and county summaries answer different area-level questions; neither supports individual inference
25027731900,25027,Worcester,12.9,10.0% to less than 15.0%,10.3497240285,10.0% to less than 15.0%,2.5502759715,0,tract and county summaries answer different area-level questions; neither supports individual inference
25027732001,25027,Worcester,15.2,15.0% to less than 20.0%,10.3497240285,10.0% to less than 15.0%,4.8502759715,1,tract and county summaries answer different area-level questions; neither supports individual inference
25027732002,25027,Worcester,12,10.0% to less than 15.0%,10.3497240285,10.0% to less than 15.0%,1.6502759715,0,tract and county summaries answer different area-level questions; neither supports individual inference
25027732201,25027,Worcester,10.6,10.0% to less than 15.0%,10.3497240285,10.0% to less than 15.0%,0.2502759715,0,tract and county summaries answer different area-level questions; neither supports individual inference
25027732202,25027,Worcester,9,5.0% to less than 10.0%,10.3497240285,10.0% to less than 15.0%,1.3497240285,1,tract and county summaries answer different area-level questions; neither supports individual inference
25027732203,25027,Worcester,9.5,5.0% to less than 10.0%,10.3497240285,10.0% to less than 15.0%,0.8497240285,1,tract and county summaries answer different area-level questions; neither supports individual inference
25027732301,25027,Worcester,13.7,10.0% to less than 15.0%,10.3497240285,10.0% to less than 15.0%,3.3502759715,0,tract and county summaries answer different area-level questions; neither supports individual inference
25027732302,25027,Worcester,10.2,10.0% to less than 15.0%,10.3497240285,10.0% to less than 15.0%,0.1497240285,0,tract and county summaries answer different area-level questions; neither supports individual inference
25027732400,25027,Worcester,12.8,10.0% to less than 15.0%,10.3497240285,10.0% to less than 15.0%,2.4502759715,0,tract and county summaries answer different area-level questions; neither supports individual inference
25027732500,25027,Worcester,12.3,10.0% to less than 15.0%,10.3497240285,10.0% to less than 15.0%,1.9502759715,0,tract and county summaries answer different area-level questions; neither supports individual inference
25027732600,25027,Worcester,12.2,10.0% to less than 15.0%,10.3497240285,10.0% to less than 15.0%,1.8502759715,0,tract and county summaries answer different area-level questions; neither supports individual inference
25027732700,25027,Worcester,12.1,10.0% to less than 15.0%,10.3497240285,10.0% to less than 15.0%,1.7502759715,0,tract and county summaries answer different area-level questions; neither supports individual inference
25027732801,25027,Worcester,9.2,5.0% to less than 10.0%,10.3497240285,10.0% to less than 15.0%,1.1497240285,1,tract and county summaries answer different area-level questions; neither supports individual inference
25027732802,25027,Worcester,12.3,10.0% to less than 15.0%,10.3497240285,10.0% to less than 15.0%,1.9502759715,0,tract and county summaries answer different area-level questions; neither supports individual inference
25027732901,25027,Worcester,11.5,10.0% to less than 15.0%,10.3497240285,10.0% to less than 15.0%,1.1502759715,0,tract and county summaries answer different area-level questions; neither supports individual inference
25027732902,25027,Worcester,1.3,less than 5.0%,10.3497240285,10.0% to less than 15.0%,9.0497240285,1,tract and county summaries answer different area-level questions; neither supports individual inference
25027733000,25027,Worcester,13.9,10.0% to less than 15.0%,10.3497240285,10.0% to less than 15.0%,3.5502759715,0,tract and county summaries answer different area-level questions; neither supports individual inference
25027733101,25027,Worcester,10.9,10.0% to less than 15.0%,10.3497240285,10.0% to less than 15.0%,0.5502759715,0,tract and county summaries answer different area-level questions; neither supports individual inference
25027733102,25027,Worcester,10.6,10.0% to less than 15.0%,10.3497240285,10.0% to less than 15.0%,0.2502759715,0,tract and county summaries answer different area-level questions; neither supports individual inference
25027735100,25027,Worcester,9.9,5.0% to less than 10.0%,10.3497240285,10.0% to less than 15.0%,0.4497240285,1,tract and county summaries answer different area-level questions; neither supports individual inference
25027735200,25027,Worcester,9.8,5.0% to less than 10.0%,10.3497240285,10.0% to less than 15.0%,0.5497240285,1,tract and county summaries answer different area-level questions; neither supports individual inference
25027736100,25027,Worcester,9.2,5.0% to less than 10.0%,10.3497240285,10.0% to less than 15.0%,1.1497240285,1,tract and county summaries answer different area-level questions; neither supports individual inference
25027736200,25027,Worcester,9.1,5.0% to less than 10.0%,10.3497240285,10.0% to less than 15.0%,1.2497240285,1,tract and county summaries answer different area-level questions; neither supports individual inference
25027736300,25027,Worcester,9.4,5.0% to less than 10.0%,10.3497240285,10.0% to less than 15.0%,0.9497240285,1,tract and county summaries answer different area-level questions; neither supports individual inference
25027736400,25027,Worcester,10.7,10.0% to less than 15.0%,10.3497240285,10.0% to less than 15.0%,0.3502759715,0,tract and county summaries answer different area-level questions; neither supports individual inference
25027736500,25027,Worcester,10.2,10.0% to less than 15.0%,10.3497240285,10.0% to less than 15.0%,0.1497240285,0,tract and county summaries answer different area-level questions; neither supports individual inference
25027737100,25027,Worcester,10.5,10.0% to less than 15.0%,10.3497240285,10.0% to less than 15.0%,0.1502759715,0,tract and county summaries answer different area-level questions; neither supports individual inference
25027737200,25027,Worcester,10.8,10.0% to less than 15.0%,10.3497240285,10.0% to less than 15.0%,0.4502759715,0,tract and county summaries answer different area-level questions; neither supports individual inference
25027737300,25027,Worcester,8.9,5.0% to less than 10.0%,10.3497240285,10.0% to less than 15.0%,1.4497240285,1,tract and county summaries answer different area-level questions; neither supports individual inference
25027738100,25027,Worcester,8.2,5.0% to less than 10.0%,10.3497240285,10.0% to less than 15.0%,2.1497240285,1,tract and county summaries answer different area-level questions; neither supports individual inference
25027738201,25027,Worcester,8.1,5.0% to less than 10.0%,10.3497240285,10.0% to less than 15.0%,2.2497240285,1,tract and county summaries answer different area-level questions; neither supports individual inference
25027738202,25027,Worcester,9.3,5.0% to less than 10.0%,10.3497240285,10.0% to less than 15.0%,1.0497240285,1,tract and county summaries answer different area-level questions; neither supports individual inference
25027739101,25027,Worcester,9.7,5.0% to less than 10.0%,10.3497240285,10.0% to less than 15.0%,0.6497240285,1,tract and county summaries answer different area-level questions; neither supports individual inference
25027739102,25027,Worcester,7.4,5.0% to less than 10.0%,10.3497240285,10.0% to less than 15.0%,2.9497240285,1,tract and county summaries answer different area-level questions; neither supports individual inference
25027739201,25027,Worcester,9.9,5.0% to less than 10.0%,10.3497240285,10.0% to less than 15.0%,0.4497240285,1,tract and county summaries answer different area-level questions; neither supports individual inference
25027739202,25027,Worcester,9,5.0% to less than 10.0%,10.3497240285,10.0% to less than 15.0%,1.3497240285,1,tract and county summaries answer different area-level questions; neither supports individual inference
25027739300,25027,Worcester,7.7,5.0% to less than 10.0%,10.3497240285,10.0% to less than 15.0%,2.6497240285,1,tract and county summaries answer different area-level questions; neither supports individual inference
25027739401,25027,Worcester,9.7,5.0% to less than 10.0%,10.3497240285,10.0% to less than 15.0%,0.6497240285,1,tract and county summaries answer different area-level questions; neither supports individual inference
25027739402,25027,Worcester,7.9,5.0% to less than 10.0%,10.3497240285,10.0% to less than 15.0%,2.4497240285,1,tract and county summaries answer different area-level questions; neither supports individual inference
25027739500,25027,Worcester,8.7,5.0% to less than 10.0%,10.3497240285,10.0% to less than 15.0%,1.6497240285,1,tract and county summaries answer different area-level questions; neither supports individual inference
25027740101,25027,Worcester,8.5,5.0% to less than 10.0%,10.3497240285,10.0% to less than 15.0%,1.8497240285,1,tract and county summaries answer different area-level questions; neither supports individual inference
25027740102,25027,Worcester,8.5,5.0% to less than 10.0%,10.3497240285,10.0% to less than 15.0%,1.8497240285,1,tract and county summaries answer different area-level questions; neither supports individual inference
25027740200,25027,Worcester,9,5.0% to less than 10.0%,10.3497240285,10.0% to less than 15.0%,1.3497240285,1,tract and county summaries answer different area-level questions; neither supports individual inference
25027741101,25027,Worcester,8.2,5.0% to less than 10.0%,10.3497240285,10.0% to less than 15.0%,2.1497240285,1,tract and county summaries answer different area-level questions; neither supports individual inference
25027741102,25027,Worcester,8.1,5.0% to less than 10.0%,10.3497240285,10.0% to less than 15.0%,2.2497240285,1,tract and county summaries answer different area-level questions; neither supports individual inference
25027742300,25027,Worcester,9.2,5.0% to less than 10.0%,10.3497240285,10.0% to less than 15.0%,1.1497240285,1,tract and county summaries answer different area-level questions; neither supports individual inference
25027742401,25027,Worcester,8.6,5.0% to less than 10.0%,10.3497240285,10.0% to less than 15.0%,1.7497240285,1,tract and county summaries answer different area-level questions; neither supports individual inference
25027742402,25027,Worcester,6.3,5.0% to less than 10.0%,10.3497240285,10.0% to less than 15.0%,4.0497240285,1,tract and county summaries answer different area-level questions; neither supports individual inference
25027743100,25027,Worcester,8.5,5.0% to less than 10.0%,10.3497240285,10.0% to less than 15.0%,1.8497240285,1,tract and county summaries answer different area-level questions; neither supports individual inference
25027744102,25027,Worcester,10.4,10.0% to less than 15.0%,10.3497240285,10.0% to less than 15.0%,0.0502759715,0,tract and county summaries answer different area-level questions; neither supports individual inference
25027744103,25027,Worcester,9.6,5.0% to less than 10.0%,10.3497240285,10.0% to less than 15.0%,0.7497240285,1,tract and county summaries answer different area-level questions; neither supports individual inference
25027744104,25027,Worcester,8.9,5.0% to less than 10.0%,10.3497240285,10.0% to less than 15.0%,1.4497240285,1,tract and county summaries answer different area-level questions; neither supports individual inference
25027744201,25027,Worcester,10.6,10.0% to less than 15.0%,10.3497240285,10.0% to less than 15.0%,0.2502759715,0,tract and county summaries answer different area-level questions; neither supports individual inference
25027744202,25027,Worcester,10.1,10.0% to less than 15.0%,10.3497240285,10.0% to less than 15.0%,0.2497240285,0,tract and county summaries answer different area-level questions; neither supports individual inference
25027744300,25027,Worcester,10.3,10.0% to less than 15.0%,10.3497240285,10.0% to less than 15.0%,0.0497240285,0,tract and county summaries answer different area-level questions; neither supports individual inference
25027744400,25027,Worcester,12,10.0% to less than 15.0%,10.3497240285,10.0% to less than 15.0%,1.6502759715,0,tract and county summaries answer different area-level questions; neither supports individual inference
25027745100,25027,Worcester,8.9,5.0% to less than 10.0%,10.3497240285,10.0% to less than 15.0%,1.4497240285,1,tract and county summaries answer different area-level questions; neither supports individual inference
25027746100,25027,Worcester,9,5.0% to less than 10.0%,10.3497240285,10.0% to less than 15.0%,1.3497240285,1,tract and county summaries answer different area-level questions; neither supports individual inference
25027747101,25027,Worcester,9.4,5.0% to less than 10.0%,10.3497240285,10.0% to less than 15.0%,0.9497240285,1,tract and county summaries answer different area-level questions; neither supports individual inference
25027747102,25027,Worcester,9.1,5.0% to less than 10.0%,10.3497240285,10.0% to less than 15.0%,1.2497240285,1,tract and county summaries answer different area-level questions; neither supports individual inference
25027748100,25027,Worcester,9.2,5.0% to less than 10.0%,10.3497240285,10.0% to less than 15.0%,1.1497240285,1,tract and county summaries answer different area-level questions; neither supports individual inference
25027749100,25027,Worcester,9.3,5.0% to less than 10.0%,10.3497240285,10.0% to less than 15.0%,1.0497240285,1,tract and county summaries answer different area-level questions; neither supports individual inference
25027749200,25027,Worcester,9.5,5.0% to less than 10.0%,10.3497240285,10.0% to less than 15.0%,0.8497240285,1,tract and county summaries answer different area-level questions; neither supports individual inference
25027750100,25027,Worcester,9.7,5.0% to less than 10.0%,10.3497240285,10.0% to less than 15.0%,0.6497240285,1,tract and county summaries answer different area-level questions; neither supports individual inference
25027750200,25027,Worcester,9.5,5.0% to less than 10.0%,10.3497240285,10.0% to less than 15.0%,0.8497240285,1,tract and county summaries answer different area-level questions; neither supports individual inference
25027750300,25027,Worcester,11.7,10.0% to less than 15.0%,10.3497240285,10.0% to less than 15.0%,1.3502759715,0,tract and county summaries answer different area-level questions; neither supports individual inference
25027751101,25027,Worcester,8.8,5.0% to less than 10.0%,10.3497240285,10.0% to less than 15.0%,1.5497240285,1,tract and county summaries answer different area-level questions; neither supports individual inference
25027751102,25027,Worcester,9.1,5.0% to less than 10.0%,10.3497240285,10.0% to less than 15.0%,1.2497240285,1,tract and county summaries answer different area-level questions; neither supports individual inference
25027752101,25027,Worcester,8.1,5.0% to less than 10.0%,10.3497240285,10.0% to less than 15.0%,2.2497240285,1,tract and county summaries answer different area-level questions; neither supports individual inference
25027752102,25027,Worcester,9.5,5.0% to less than 10.0%,10.3497240285,10.0% to less than 15.0%,0.8497240285,1,tract and county summaries answer different area-level questions; neither supports individual inference
25027753100,25027,Worcester,9.6,5.0% to less than 10.0%,10.3497240285,10.0% to less than 15.0%,0.7497240285,1,tract and county summaries answer different area-level questions; neither supports individual inference
25027753200,25027,Worcester,10.9,10.0% to less than 15.0%,10.3497240285,10.0% to less than 15.0%,0.5502759715,0,tract and county summaries answer different area-level questions; neither supports individual inference
25027754100,25027,Worcester,10.5,10.0% to less than 15.0%,10.3497240285,10.0% to less than 15.0%,0.1502759715,0,tract and county summaries answer different area-level questions; neither supports individual inference
25027754200,25027,Worcester,14.9,10.0% to less than 15.0%,10.3497240285,10.0% to less than 15.0%,4.5502759715,0,tract and county summaries answer different area-level questions; neither supports individual inference
25027754300,25027,Worcester,11.5,10.0% to less than 15.0%,10.3497240285,10.0% to less than 15.0%,1.1502759715,0,tract and county summaries answer different area-level questions; neither supports individual inference
25027754400,25027,Worcester,11.8,10.0% to less than 15.0%,10.3497240285,10.0% to less than 15.0%,1.4502759715,0,tract and county summaries answer different area-level questions; neither supports individual inference
25027755100,25027,Worcester,11.1,10.0% to less than 15.0%,10.3497240285,10.0% to less than 15.0%,0.7502759715,0,tract and county summaries answer different area-level questions; neither supports individual inference
25027755201,25027,Worcester,10.6,10.0% to less than 15.0%,10.3497240285,10.0% to less than 15.0%,0.2502759715,0,tract and county summaries answer different area-level questions; neither supports individual inference
25027755202,25027,Worcester,8.2,5.0% to less than 10.0%,10.3497240285,10.0% to less than 15.0%,2.1497240285,1,tract and county summaries answer different area-level questions; neither supports individual inference
25027756101,25027,Worcester,10,10.0% to less than 15.0%,10.3497240285,10.0% to less than 15.0%,0.3497240285,0,tract and county summaries answer different area-level questions; neither supports individual inference
25027756102,25027,Worcester,8.8,5.0% to less than 10.0%,10.3497240285,10.0% to less than 15.0%,1.5497240285,1,tract and county summaries answer different area-level questions; neither supports individual inference
25027757100,25027,Worcester,12.4,10.0% to less than 15.0%,10.3497240285,10.0% to less than 15.0%,2.0502759715,0,tract and county summaries answer different area-level questions; neither supports individual inference
25027757200,25027,Worcester,14.8,10.0% to less than 15.0%,10.3497240285,10.0% to less than 15.0%,4.4502759715,0,tract and county summaries answer different area-level questions; neither supports individual inference
25027757300,25027,Worcester,14.5,10.0% to less than 15.0%,10.3497240285,10.0% to less than 15.0%,4.1502759715,0,tract and county summaries answer different area-level questions; neither supports individual inference
25027757400,25027,Worcester,11.3,10.0% to less than 15.0%,10.3497240285,10.0% to less than 15.0%,0.9502759715,0,tract and county summaries answer different area-level questions; neither supports individual inference
25027757500,25027,Worcester,12.5,10.0% to less than 15.0%,10.3497240285,10.0% to less than 15.0%,2.1502759715,0,tract and county summaries answer different area-level questions; neither supports individual inference
25027758101,25027,Worcester,10.5,10.0% to less than 15.0%,10.3497240285,10.0% to less than 15.0%,0.1502759715,0,tract and county summaries answer different area-level questions; neither supports individual inference
25027758103,25027,Worcester,9.2,5.0% to less than 10.0%,10.3497240285,10.0% to less than 15.0%,1.1497240285,1,tract and county summaries answer different area-level questions; neither supports individual inference
25027758104,25027,Worcester,8.2,5.0% to less than 10.0%,10.3497240285,10.0% to less than 15.0%,2.1497240285,1,tract and county summaries answer different area-level questions; neither supports individual inference
25027759100,25027,Worcester,9.9,5.0% to less than 10.0%,10.3497240285,10.0% to less than 15.0%,0.4497240285,1,tract and county summaries answer different area-level questions; neither supports individual inference
25027760100,25027,Worcester,11.8,10.0% to less than 15.0%,10.3497240285,10.0% to less than 15.0%,1.4502759715,0,tract and county summaries answer different area-level questions; neither supports individual inference
25027761100,25027,Worcester,10.5,10.0% to less than 15.0%,10.3497240285,10.0% to less than 15.0%,0.1502759715,0,tract and county summaries answer different area-level questions; neither supports individual inference
25027761200,25027,Worcester,9.9,5.0% to less than 10.0%,10.3497240285,10.0% to less than 15.0%,0.4497240285,1,tract and county summaries answer different area-level questions; neither supports individual inference
25027761300,25027,Worcester,8.8,5.0% to less than 10.0%,10.3497240285,10.0% to less than 15.0%,1.5497240285,1,tract and county summaries answer different area-level questions; neither supports individual inference
25027761401,25027,Worcester,9.3,5.0% to less than 10.0%,10.3497240285,10.0% to less than 15.0%,1.0497240285,1,tract and county summaries answer different area-level questions; neither supports individual inference
25027761402,25027,Worcester,10.9,10.0% to less than 15.0%,10.3497240285,10.0% to less than 15.0%,0.5502759715,0,tract and county summaries answer different area-level questions; neither supports individual inference
