tract_fips,GEO_ID,B01001_E001,B01001_M001,B01001_E002,B01001_M002,B01001_E003,B01001_M003,B01001_E004,B01001_M004,B01001_E005,B01001_M005,B01001_E006,B01001_M006,B01001_E007,B01001_M007,B01001_E008,B01001_M008,B01001_E009,B01001_M009,B01001_E010,B01001_M010,B01001_E011,B01001_M011,B01001_E012,B01001_M012,B01001_E013,B01001_M013,B01001_E014,B01001_M014,B01001_E015,B01001_M015,B01001_E016,B01001_M016,B01001_E017,B01001_M017,B01001_E018,B01001_M018,B01001_E019,B01001_M019,B01001_E020,B01001_M020,B01001_E021,B01001_M021,B01001_E022,B01001_M022,B01001_E023,B01001_M023,B01001_E024,B01001_M024,B01001_E025,B01001_M025,B01001_E026,B01001_M026,B01001_E027,B01001_M027,B01001_E028,B01001_M028,B01001_E029,B01001_M029,B01001_E030,B01001_M030,B01001_E031,B01001_M031,B01001_E032,B01001_M032,B01001_E033,B01001_M033,B01001_E034,B01001_M034,B01001_E035,B01001_M035,B01001_E036,B01001_M036,B01001_E037,B01001_M037,B01001_E038,B01001_M038,B01001_E039,B01001_M039,B01001_E040,B01001_M040,B01001_E041,B01001_M041,B01001_E042,B01001_M042,B01001_E043,B01001_M043,B01001_E044,B01001_M044,B01001_E045,B01001_M045,B01001_E046,B01001_M046,B01001_E047,B01001_M047,B01001_E048,B01001_M048,B01001_E049,B01001_M049
25001010100,1400000US25001010100,3703,33,2261,281,93,30,0,14,0,14,6,10,14,23,0,14,0,14,14,23,309,228,126,86,168,132,196,99,142,109,150,77,334,145,20,24,244,107,56,48,38,37,127,88,93,84,70,55,61,52,1442,282,0,14,0,14,8,14,0,14,0,14,0,14,124,167,2,7,1,4,18,22,133,57,90,64,49,48,128,112,209,138,34,36,166,109,95,72,45,40,147,84,40,39,91,51,62,51
25001010206,1400000US25001010206,4404,321,2169,231,11,19,306,199,24,27,6,18,5,6,39,63,1,6,38,54,116,92,41,40,130,93,183,84,0,14,159,172,149,89,106,73,157,87,40,41,34,31,276,110,144,71,123,86,81,86,2235,198,9,19,29,34,195,110,52,56,21,29,0,14,44,65,0,14,27,45,95,86,165,140,110,73,82,45,76,86,188,88,93,69,193,80,99,73,89,59,248,100,211,91,81,86,128,98
25001010208,1400000US25001010208,1708,322,928,221,15,4,50,9,51,9,0,14,33,43,0,14,1,2,0,14,0,14,2,34,0,14,16,3,84,58,88,101,0,14,124,151,89,126,50,48,46,53,130,93,140,97,0,14,9,17,780,181,0,14,63,11,0,14,0,14,0,14,0,14,0,14,41,52,0,14,0,14,0,14,73,12,27,35,12,20,46,38,115,92,0,14,140,106,36,58,93,69,105,81,29,40,0,14
25001010304,1400000US25001010304,2649,294,1013,171,12,21,11,19,4,10,34,28,0,14,0,14,0,14,33,38,29,47,2,6,60,66,3,6,18,19,66,61,58,39,149,126,19,25,57,43,64,47,81,49,139,89,94,55,80,76,1636,257,36,37,41,32,85,61,81,65,0,14,0,14,0,14,45,74,0,14,58,53,18,27,37,36,31,38,137,98,154,90,80,80,62,46,47,59,78,53,159,77,95,62,83,48,309,169
25001010306,1400000US25001010306,3162,297,1480,219,89,71,96,70,29,31,29,27,24,39,32,36,0,14,32,38,77,71,81,75,48,43,88,61,61,56,62,46,99,68,40,38,136,71,9,14,49,35,188,77,64,54,76,62,71,78,1682,199,0,14,29,28,116,96,35,37,0,14,81,127,15,20,39,49,107,93,25,32,49,39,29,23,81,52,164,83,171,83,19,23,91,55,126,61,45,32,303,129,25,24,110,86,22,25
25001010400,1400000US25001010400,3327,386,1336,276,13,20,0,14,84,53,66,60,0,14,33,48,0,14,95,92,14,26,39,57,0,14,97,73,63,45,75,47,96,73,7,11,47,35,114,149,216,228,77,41,154,72,25,23,21,21,1991,231,18,25,109,62,73,58,88,75,65,79,0,14,0,14,18,28,38,51,0,14,95,86,119,104,76,51,153,79,98,62,49,37,150,116,31,28,100,51,312,179,203,88,89,54,107,72
25001010500,1400000US25001010500,3088,383,1607,240,23,26,12,17,70,55,57,45,23,31,42,69,0,14,0,14,36,35,24,31,38,35,23,29,42,36,40,32,208,115,35,31,87,85,67,52,175,94,252,132,190,90,113,66,50,53,1481,201,0,14,13,20,28,41,26,31,0,14,7,18,0,14,29,40,30,32,40,29,0,14,63,47,36,35,139,70,66,45,38,34,102,73,48,46,222,98,240,97,152,79,67,55,135,83
25001010600,1400000US25001010600,3463,293,1555,154,39,54,0,14,67,82,53,52,55,71,10,16,1,6,72,58,80,79,103,63,38,59,27,33,26,36,40,31,166,75,21,27,99,78,89,55,169,87,147,73,106,51,71,44,76,57,1908,217,70,55,0,14,46,55,25,45,55,63,0,14,0,14,90,101,117,94,70,64,24,28,21,34,111,102,59,56,138,78,38,32,99,61,99,65,133,79,187,91,196,84,138,62,192,77
25001010700,1400000US25001010700,3218,294,1533,191,90,82,23,26,97,73,26,26,27,31,15,22,6,7,32,32,51,39,48,56,56,57,42,43,10,15,70,53,102,61,13,20,157,72,32,29,119,56,205,91,134,90,97,76,81,46,1685,213,0,14,15,24,41,31,0,14,0,14,85,82,0,14,52,66,38,43,41,42,0,14,95,66,78,71,124,61,167,83,73,46,109,67,43,33,152,69,207,76,86,60,132,93,147,112
25001010800,1400000US25001010800,4820,447,2322,390,113,91,49,49,57,57,108,92,24,24,12,15,0,14,73,71,60,34,110,144,94,63,112,82,125,114,115,87,66,51,79,61,340,243,156,110,106,57,269,97,190,89,63,49,1,4,2498,285,0,14,167,104,83,113,50,53,8,15,20,35,45,68,37,58,52,59,30,38,138,87,76,71,133,103,175,86,111,61,114,72,52,47,124,66,153,78,390,130,267,123,163,108,110,78
25001010900,1400000US25001010900,5600,447,2879,344,132,104,87,83,75,78,77,81,171,156,0,19,0,19,0,19,0,19,336,274,272,122,39,44,114,89,146,108,135,89,33,39,198,181,205,146,221,132,217,84,198,89,51,45,172,129,2721,367,42,66,95,105,120,107,111,91,19,32,0,19,0,19,0,19,0,19,205,157,240,118,39,42,125,100,75,71,367,236,58,60,257,113,105,71,229,129,303,135,150,67,71,53,110,78
25001011002,1400000US25001011002,4382,442,2274,301,27,32,183,102,36,34,215,191,16,28,0,14,68,63,51,55,38,37,62,59,19,26,122,82,153,85,182,124,191,86,58,65,89,60,163,77,55,51,283,102,123,79,65,40,75,56,2108,245,9,14,11,18,77,85,36,54,31,52,25,45,0,14,109,95,87,83,73,52,74,77,106,75,210,108,144,106,220,87,66,51,107,65,146,68,108,86,111,56,182,87,58,48,118,64
25001011100,1400000US25001011100,5184,543,2548,357,176,100,42,46,145,109,40,56,0,19,0,19,41,57,166,197,97,94,126,105,91,66,97,87,41,56,91,85,140,97,326,246,223,91,116,80,158,85,241,116,82,63,58,55,51,47,2636,432,37,58,152,107,0,19,17,27,0,19,0,19,0,19,0,19,0,19,275,136,187,133,47,73,65,56,67,61,318,275,146,89,242,95,166,91,137,84,436,181,124,77,124,80,96,86
25001011200,1400000US25001011200,4032,422,1879,273,23,28,28,30,89,82,13,22,0,14,115,98,0,14,148,199,87,58,85,52,78,71,56,41,72,75,104,66,116,70,18,29,204,140,58,43,102,44,147,74,104,45,90,54,142,98,2153,229,33,35,36,58,15,24,155,61,0,14,0,14,0,14,61,70,114,72,24,32,54,53,105,52,12,19,150,84,293,148,87,66,64,55,62,35,214,76,167,73,243,85,76,45,188,120
25001011300,1400000US25001011300,2838,511,1139,180,0,14,10,16,82,47,11,18,0,14,0,14,0,14,13,22,36,44,10,17,84,136,26,35,83,50,68,44,71,37,11,19,73,39,34,43,69,37,103,52,135,75,126,92,94,60,1699,387,105,130,32,33,114,92,46,57,37,45,0,14,0,14,52,67,14,20,155,198,19,26,32,36,117,63,62,44,53,36,35,25,121,125,47,32,124,63,145,75,185,78,153,107,51,36
25001011400,1400000US25001011400,3227,404,1653,288,71,77,80,87,65,46,0,14,0,14,0,14,9,25,39,59,121,114,50,54,43,35,91,69,63,52,85,61,21,24,54,38,125,56,10,15,192,90,173,85,178,118,134,95,49,42,1574,252,9,16,0,14,42,31,0,14,0,14,0,14,48,67,17,29,0,14,16,25,47,44,161,127,37,35,77,51,79,58,32,30,107,61,138,99,87,41,210,105,312,154,102,72,53,44
25001011500,1400000US25001011500,4015,520,2070,352,61,51,34,39,123,121,60,66,0,14,0,14,98,74,23,40,83,50,36,42,160,68,80,84,145,83,166,68,302,186,25,29,171,157,38,32,101,60,220,69,73,35,24,22,47,33,1945,313,56,50,0,14,21,30,12,19,29,43,43,49,17,22,206,168,184,112,4,9,84,64,150,96,87,66,71,56,115,66,59,47,114,55,109,59,132,70,142,54,123,63,97,46,90,73
25001011600,1400000US25001011600,3040,426,1556,277,30,49,34,44,91,82,18,23,0,14,0,14,0,14,102,98,34,47,56,46,79,66,71,54,87,66,176,112,177,98,120,79,88,67,157,103,57,43,64,39,59,63,15,17,41,45,1484,226,23,27,65,53,34,33,0,14,0,14,25,38,0,14,77,99,60,62,123,66,74,58,62,48,83,79,147,86,161,90,12,19,48,46,42,33,72,39,138,63,94,62,46,50,98,68
25001011700,1400000US25001011700,1748,348,773,168,0,14,0,14,0,14,0,14,0,14,49,71,0,14,0,14,0,14,18,24,9,14,0,14,57,58,42,44,126,98,37,31,29,27,76,46,126,82,54,38,45,28,36,29,69,45,975,211,0,14,0,14,0,14,12,18,0,14,0,14,0,14,88,92,0,14,6,10,18,19,0,14,70,74,22,19,106,78,60,37,65,42,71,45,136,74,105,72,82,64,56,40,78,46
25001011801,1400000US25001011801,2545,339,1266,225,48,41,32,20,52,63,25,30,32,33,0,14,17,27,0,14,60,57,13,19,24,19,24,23,21,24,62,57,97,58,30,28,31,27,43,31,36,29,272,142,113,53,132,69,102,77,1279,185,11,13,0,14,0,14,46,65,0,14,20,33,20,32,37,54,0,14,14,16,22,18,12,19,53,65,24,25,154,77,36,30,62,50,47,41,106,62,226,89,110,45,150,76,129,66
25001011802,1400000US25001011802,4849,439,2294,247,39,34,144,69,51,46,48,45,0,14,42,52,15,25,101,77,197,119,86,62,116,71,196,103,131,80,173,83,169,69,0,14,159,77,65,54,101,45,177,58,132,66,68,40,84,40,2555,318,88,69,155,67,41,40,127,81,14,25,21,36,0,14,122,128,124,124,40,36,76,55,263,112,68,49,224,111,271,129,17,21,130,62,107,47,111,50,210,60,122,47,95,48,129,66
25001012001,1400000US25001012001,6216,716,2985,379,79,59,25,36,43,61,70,72,164,130,74,128,13,23,140,109,234,115,182,97,299,241,48,61,24,38,334,163,54,52,40,41,113,67,68,59,102,69,310,178,151,69,65,63,353,231,3231,435,91,56,58,79,33,51,121,122,46,37,0,19,85,129,69,97,191,111,171,72,59,56,141,79,233,151,53,66,227,124,97,57,157,163,125,77,115,67,399,158,223,163,344,204,193,93
25001012002,1400000US25001012002,3020,395,1350,254,28,33,32,40,56,42,84,65,20,31,0,14,0,14,0,14,130,120,95,66,65,53,24,35,45,43,114,71,125,81,54,48,102,76,80,47,46,35,122,72,76,45,26,21,26,25,1670,235,5,10,61,72,50,60,58,54,28,26,0,14,0,14,0,14,98,85,52,37,46,44,73,60,104,65,74,59,205,99,82,74,203,100,101,58,99,52,161,71,64,36,55,54,51,37
25001012101,1400000US25001012101,5418,661,2603,443,299,159,171,124,76,108,11,68,47,73,0,19,0,19,85,81,116,117,243,121,94,119,138,171,246,153,134,102,124,108,192,129,68,62,106,88,85,58,175,84,75,57,68,79,50,41,2815,438,185,178,264,113,194,172,33,52,83,88,0,19,49,78,0,19,160,176,124,88,194,149,47,86,228,179,311,121,164,105,16,28,163,94,66,80,66,52,128,62,145,74,46,42,149,189
25001012102,1400000US25001012102,3176,477,1352,285,18,33,53,26,95,67,0,14,0,14,0,14,0,14,43,64,81,68,131,98,69,64,59,52,60,54,59,50,55,37,65,54,63,50,30,26,124,87,156,78,58,39,76,43,57,40,1824,317,27,25,57,46,146,102,14,21,15,20,15,24,0,14,36,52,56,58,84,74,88,40,20,25,87,74,36,26,71,39,23,32,98,58,49,40,212,89,121,56,206,169,168,75,195,97
25001012200,1400000US25001012200,5377,1012,2684,689,177,188,303,276,55,40,132,91,22,33,108,110,25,42,138,108,68,77,80,95,172,203,89,126,133,72,108,69,197,100,110,73,96,71,34,50,239,160,217,106,58,47,90,48,33,39,2693,461,82,105,19,25,288,170,75,60,0,19,0,19,0,19,0,19,168,160,119,117,150,145,260,230,88,46,182,108,181,109,117,79,306,179,141,119,178,88,147,72,66,44,68,45,58,50
25001012502,1400000US25001012502,3622,616,1653,386,45,44,85,72,98,121,72,60,17,33,0,14,18,28,52,71,98,49,181,105,101,109,240,115,84,79,15,26,92,66,32,29,57,50,77,62,28,25,38,31,115,88,70,37,38,33,1969,384,0,14,92,85,22,29,157,80,49,67,0,14,41,63,94,134,251,135,89,95,88,63,81,92,165,157,81,63,216,113,73,66,55,55,19,21,74,50,59,37,89,48,124,87,50,36
25001012601,1400000US25001012601,3060,527,1468,304,106,92,99,71,37,22,92,71,72,72,49,79,0,14,103,103,34,38,51,47,67,63,139,86,59,53,69,87,61,45,45,51,83,67,69,49,60,75,85,81,60,39,2,6,26,29,1592,375,25,29,72,90,76,85,0,14,0,14,0,14,2,6,80,95,76,63,26,30,84,85,108,100,52,55,165,98,200,124,75,55,75,93,101,61,82,55,116,64,73,55,68,55,36,30
25001012602,1400000US25001012602,5276,1028,2464,501,325,247,129,162,183,104,56,69,60,85,107,151,0,19,55,78,203,140,122,128,164,128,31,55,138,105,179,108,129,88,42,53,106,97,45,52,41,48,221,118,55,54,14,21,59,69,2812,633,69,69,126,145,183,206,148,98,123,108,0,19,128,183,2,4,363,236,179,112,225,149,63,73,124,75,104,80,364,200,0,19,183,132,95,86,64,72,173,97,20,33,46,44,30,37
25001012700,1400000US25001012700,4952,806,2236,483,98,113,190,147,0,14,0,14,65,76,0,14,0,14,92,107,265,269,134,114,56,49,76,71,45,51,21,37,204,153,82,122,108,77,83,61,147,121,188,136,206,112,132,105,44,65,2716,448,242,154,121,98,93,88,22,38,0,14,0,14,0,14,265,201,108,109,215,207,78,61,63,67,60,70,190,144,175,140,160,122,84,68,161,98,209,96,237,143,143,104,64,60,26,40
25001012800,1400000US25001012800,4046,795,1821,448,53,37,64,41,284,242,61,38,24,26,12,19,0,14,91,57,37,35,46,36,120,69,84,53,59,52,59,34,220,177,20,22,97,66,47,33,191,80,85,51,111,49,34,30,22,23,2225,391,62,47,34,34,233,180,74,59,61,52,0,14,72,69,28,23,108,85,89,57,225,139,104,70,72,50,103,49,185,95,28,26,72,42,115,56,160,84,172,77,72,36,54,38,102,42
25001012900,1400000US25001012900,4478,637,2019,388,77,75,33,42,57,50,11,20,0,14,25,32,25,36,43,66,56,55,94,65,153,98,233,101,50,49,70,59,210,96,106,75,52,40,52,50,109,77,224,115,46,36,61,33,232,270,2459,324,235,109,139,84,100,60,9,13,68,77,32,46,27,43,134,104,77,79,147,79,165,70,85,63,155,88,156,77,176,82,70,43,67,56,20,23,161,83,144,88,184,178,99,51,9,15
25001013002,1400000US25001013002,3426,499,1584,275,18,23,63,47,23,26,73,64,0,14,19,31,16,24,0,14,72,44,16,24,52,57,42,35,84,62,105,47,135,117,75,63,136,53,39,24,73,42,211,74,110,61,129,117,93,80,1842,307,20,39,220,130,126,71,14,22,0,14,18,28,94,75,16,26,49,42,24,51,64,58,82,46,78,53,80,50,120,78,32,26,61,39,74,48,113,54,199,73,90,52,90,49,178,91
25001013100,1400000US25001013100,6114,696,3017,441,184,149,89,84,116,90,65,60,80,109,80,109,65,78,129,105,369,217,98,79,159,101,214,115,237,157,88,65,124,81,40,38,235,103,142,182,154,79,151,64,149,73,27,31,22,27,3097,423,199,141,103,66,82,71,124,96,0,19,97,99,37,65,28,48,151,114,79,50,221,116,196,110,113,95,273,140,175,88,195,188,272,107,149,59,106,67,222,90,66,47,34,35,175,115
25001013200,1400000US25001013200,5376,707,2629,465,0,19,58,68,53,54,82,77,113,91,16,25,64,101,60,63,157,78,111,76,262,268,134,124,136,114,155,114,321,265,119,88,115,86,134,116,142,99,86,60,81,61,109,79,121,72,2747,354,49,49,86,67,62,67,93,90,0,19,0,19,0,19,100,98,156,91,120,66,231,182,103,114,149,119,136,84,185,83,54,48,342,247,127,90,105,74,225,126,264,129,66,62,94,110
25001013300,1400000US25001013300,3123,326,1525,230,10,18,71,35,81,59,149,93,22,26,0,14,0,14,21,23,103,61,21,27,50,63,45,47,42,28,103,89,132,51,56,40,9,13,115,67,127,123,202,82,91,39,51,33,24,27,1598,181,37,33,11,18,69,40,39,39,0,14,0,14,0,14,14,23,27,28,41,37,26,24,100,44,17,19,121,60,166,73,25,25,100,78,54,31,134,67,186,77,171,77,94,54,166,78
25001013400,1400000US25001013400,4096,514,2008,315,58,45,48,36,112,59,77,60,49,69,48,60,31,30,65,89,59,66,46,44,107,59,64,46,149,117,200,87,126,85,91,58,58,39,36,29,123,64,252,157,114,62,76,40,19,24,2088,310,64,53,78,57,76,57,51,49,78,67,34,47,0,14,76,77,15,20,57,42,126,56,60,48,88,53,236,74,91,57,37,34,95,45,109,69,159,64,303,194,90,56,120,89,45,35
25001013500,1400000US25001013500,7228,736,3681,481,82,69,230,127,206,86,196,111,27,45,42,67,81,101,63,85,303,177,132,84,169,106,371,133,159,110,240,103,162,85,108,94,332,128,336,292,113,71,137,77,125,72,20,32,47,43,3547,377,153,108,194,89,231,108,67,77,36,52,48,60,33,54,115,104,142,100,238,123,137,77,223,114,210,101,173,80,332,135,152,94,203,112,309,267,214,88,169,83,124,65,28,32,16,27
25001013600,1400000US25001013600,6072,551,2864,319,134,76,249,91,190,93,83,71,26,42,74,86,0,19,0,19,20,33,134,89,228,105,149,102,142,85,282,217,314,219,120,103,257,139,101,90,105,83,128,81,67,54,43,47,18,29,3208,421,194,77,87,72,140,103,79,67,27,42,124,150,0,19,97,95,145,104,232,123,159,76,162,85,142,73,101,98,577,264,80,76,202,137,122,82,129,79,30,33,229,114,58,58,92,92
25001013700,1400000US25001013700,4304,483,2248,284,44,47,56,48,75,56,65,47,53,55,47,42,47,40,240,132,99,65,72,55,127,65,37,36,155,79,207,96,90,52,82,78,72,46,175,113,115,62,108,51,145,67,51,45,86,66,2056,324,65,53,35,42,135,78,74,60,63,56,44,62,28,33,66,88,70,59,43,39,96,64,90,46,156,86,146,66,152,59,78,50,103,59,108,68,105,55,181,96,68,44,54,44,96,41
25001013800,1400000US25001013800,5352,563,2530,297,78,54,208,116,65,73,83,83,127,106,24,38,37,54,56,55,153,128,129,70,112,68,50,51,117,78,175,98,257,134,145,91,75,64,117,59,115,70,256,205,69,64,34,42,48,50,2822,386,77,72,140,119,95,90,195,116,47,53,0,19,45,77,61,76,125,95,212,85,94,78,132,85,73,60,301,122,200,92,130,120,181,88,55,55,54,43,285,190,229,141,68,65,23,34
25001013900,1400000US25001013900,5256,687,2482,444,52,71,100,84,107,67,107,78,122,159,0,19,0,19,94,134,171,133,125,109,88,90,52,85,197,150,97,81,57,83,160,112,55,56,252,171,120,71,165,102,183,91,128,96,50,52,2774,476,110,132,145,186,0,19,65,62,0,19,87,125,0,19,116,136,113,103,95,86,106,104,128,77,90,100,321,162,121,84,150,86,148,112,117,77,220,94,215,120,327,118,74,62,26,19
25001014002,1400000US25001014002,4532,726,2225,440,0,14,134,106,108,91,36,37,104,87,0,14,0,14,65,64,74,66,66,60,56,47,149,100,56,49,211,160,204,173,42,39,98,78,59,49,74,69,300,185,245,150,93,73,51,45,2307,388,101,74,70,61,90,71,65,82,131,115,0,14,0,14,0,14,25,41,150,100,69,60,66,58,82,64,245,123,222,142,227,164,52,40,103,99,130,103,176,113,115,94,130,83,58,41
25001014100,1400000US25001014100,882,238,439,149,76,77,15,14,11,12,0,14,13,15,0,14,4,10,43,44,27,23,165,79,23,7,29,22,4,8,10,13,12,13,3,7,4,8,0,14,0,14,0,14,0,14,0,14,0,14,443,108,33,21,36,29,26,28,11,14,10,13,3,5,8,12,52,48,65,37,56,25,80,93,26,22,12,13,4,8,9,9,8,8,4,6,0,14,0,14,0,14,0,14,0,14,0,14
25001014300,1400000US25001014300,3919,685,1743,315,140,133,58,68,96,67,48,43,33,40,0,14,0,14,87,81,38,42,133,134,53,47,115,98,53,35,45,38,38,37,111,68,108,52,53,44,104,60,104,68,76,56,92,65,158,113,2176,425,103,114,162,148,96,70,56,44,41,49,0,14,2,9,30,40,32,40,107,128,42,51,106,80,92,67,39,37,267,99,52,37,78,55,51,45,115,74,228,97,89,49,88,76,300,148
25001014402,1400000US25001014402,7541,771,3881,418,196,136,199,90,246,117,144,83,109,80,45,45,15,27,134,97,50,52,190,136,259,184,321,136,158,92,95,58,295,134,170,109,270,171,184,117,256,116,246,132,176,78,38,33,85,77,3660,476,335,212,267,146,88,70,74,51,72,75,0,19,17,31,60,91,203,180,235,119,206,104,178,84,282,172,198,137,216,107,105,77,325,167,97,71,207,88,181,106,233,82,60,49,21,24
25001014500,1400000US25001014500,5829,695,3061,482,39,51,171,80,99,106,56,50,63,49,35,56,0,19,255,206,113,87,146,106,185,129,120,100,137,99,216,114,273,120,182,138,202,118,54,40,123,147,234,109,142,80,70,87,146,100,2768,349,160,103,0,19,64,74,71,63,61,67,33,54,30,51,59,68,180,127,135,89,175,136,121,97,133,83,118,68,136,97,258,166,212,98,124,105,55,47,232,97,146,104,187,182,78,59
25001014600,1400000US25001014600,4334,623,2020,333,10,16,15,25,127,75,90,81,40,40,30,34,36,54,78,59,109,99,48,44,18,30,122,89,91,69,97,72,218,102,56,65,181,112,87,73,191,77,95,61,132,88,85,89,64,56,2314,392,12,21,25,31,39,39,138,91,127,97,0,14,24,36,145,131,70,63,35,39,40,54,142,80,41,39,133,71,350,154,63,49,218,114,173,82,86,50,122,75,210,114,37,28,84,60
25001014700,1400000US25001014700,4089,650,1998,384,45,55,69,43,66,50,129,67,39,38,0,14,80,80,249,200,12,19,187,132,34,35,36,35,70,49,84,60,100,72,83,66,114,61,58,40,63,36,195,60,138,69,62,36,85,46,2091,370,81,76,44,35,72,53,41,58,58,72,0,14,21,35,0,14,80,93,126,59,26,29,69,54,77,67,89,63,218,107,87,53,108,60,138,88,194,106,230,130,123,63,92,49,117,68
25001014800,1400000US25001014800,3813,521,1914,376,137,108,125,145,84,77,17,28,0,14,37,45,0,14,16,34,205,131,146,113,0,14,86,90,12,23,51,56,99,91,40,40,65,56,65,60,261,122,173,105,58,33,136,98,101,86,1899,286,15,22,18,26,85,77,20,35,19,31,0,14,0,14,51,69,98,95,95,63,61,48,79,71,48,43,61,54,98,59,8,13,195,92,60,43,177,108,278,105,155,105,177,94,101,58
25001014900,1400000US25001014900,3514,411,1712,243,17,29,18,37,64,60,29,39,103,62,0,14,44,33,42,48,94,87,79,69,46,41,36,34,56,35,76,58,148,66,29,29,59,41,108,64,160,81,156,74,180,80,72,35,96,54,1802,271,0,14,57,46,21,23,57,49,1,3,0,14,0,14,7,12,112,100,130,92,34,29,0,14,37,33,51,41,137,71,58,50,94,34,102,42,193,115,198,92,248,78,56,30,209,75
25001015001,1400000US25001015001,4698,401,2165,281,57,44,69,69,99,59,107,60,69,73,14,27,1,2,38,37,152,94,232,72,33,39,60,48,91,63,164,71,163,93,85,61,149,94,66,46,157,114,143,79,141,63,42,40,33,35,2533,280,117,54,178,112,58,55,70,55,109,85,17,29,79,82,41,35,189,99,191,71,76,54,138,78,95,58,169,65,144,102,90,44,93,44,43,37,127,70,144,61,97,61,152,65,116,126
25001015002,1400000US25001015002,4241,557,2088,420,101,78,44,44,63,45,171,122,154,182,0,14,35,52,9,15,80,115,84,84,247,140,74,99,44,57,78,78,111,89,108,97,114,77,46,38,82,80,158,66,130,57,64,33,91,48,2153,234,70,60,58,81,93,77,100,88,0,14,0,14,13,24,59,70,89,96,66,51,156,89,5,12,0,14,139,96,188,131,46,46,153,82,99,60,137,70,278,80,192,71,111,58,101,62
25001015100,1400000US25001015100,3894,464,1767,309,58,45,40,30,138,95,107,68,0,14,0,14,30,38,84,90,24,29,40,63,116,77,139,104,35,32,172,89,208,103,93,81,36,29,53,34,88,51,133,71,76,51,75,39,22,23,2127,258,8,14,148,103,76,58,39,36,22,33,0,14,24,39,15,27,48,44,57,62,127,74,41,38,77,51,176,108,205,75,104,59,154,108,58,38,225,116,214,140,125,54,99,57,85,50
25001015200,1400000US25001015200,2551,360,1259,199,0,14,66,57,10,15,20,22,0,14,0,14,22,25,14,22,72,61,75,66,68,49,0,14,33,28,64,60,107,59,96,54,57,34,69,39,126,53,176,76,108,53,63,32,13,15,1292,222,54,32,16,26,14,20,10,16,0,14,0,14,0,14,96,153,15,19,22,19,60,85,28,21,70,64,84,58,140,54,79,40,67,39,68,38,134,67,169,72,152,68,6,9,8,13
25001015300,1400000US25001015300,3841,584,1529,304,134,103,32,42,94,114,20,29,22,34,0,14,0,14,15,25,0,14,121,100,109,123,24,39,94,74,230,142,196,114,16,24,59,54,34,56,80,96,96,75,46,59,25,26,82,67,2312,443,149,111,139,112,223,190,0,14,92,76,0,14,7,19,59,86,48,80,127,94,189,131,135,106,133,125,138,119,96,72,26,35,64,94,139,76,134,84,185,105,116,86,43,48,70,62
25001990000,1400000US25001990000,0,14,0,14,0,14,0,14,0,14,0,14,0,14,0,14,0,14,0,14,0,14,0,14,0,14,0,14,0,14,0,14,0,14,0,14,0,14,0,14,0,14,0,14,0,14,0,14,0,14,0,14,0,14,0,14,0,14,0,14,0,14,0,14,0,14,0,14,0,14,0,14,0,14,0,14,0,14,0,14,0,14,0,14,0,14,0,14,0,14,0,14,0,14,0,14,0,14
25003900100,1400000US25003900100,3279,466,1589,300,137,121,0,14,18,28,42,52,111,84,0,14,0,14,0,14,163,117,220,127,153,128,119,108,146,147,109,108,72,69,27,50,78,65,55,50,52,51,21,24,43,38,21,29,2,4,1690,309,116,96,44,71,75,82,7,11,53,68,26,38,0,14,83,86,170,105,100,99,156,129,229,169,28,37,78,75,98,79,35,40,53,45,60,59,38,41,80,54,96,75,31,42,34,26
25003900200,1400000US25003900200,4537,759,2288,394,178,140,114,94,196,161,127,115,0,14,12,28,18,29,140,128,293,198,188,122,223,130,162,111,30,47,76,64,197,108,30,46,8,12,42,50,74,66,44,52,23,37,105,134,8,15,2249,492,46,50,228,166,80,78,24,33,87,98,0,14,0,14,152,142,314,285,178,139,270,140,51,52,93,87,96,63,136,85,70,69,87,74,82,64,40,52,70,75,89,128,37,33,19,26
25003900300,1400000US25003900300,2658,462,1406,318,161,117,38,47,99,94,52,64,30,44,100,133,12,31,113,101,51,41,28,29,105,81,111,118,38,47,10,21,87,52,10,18,130,62,27,28,20,23,84,56,31,30,56,58,13,17,1252,226,57,47,39,52,70,62,0,14,45,59,10,24,17,29,88,87,74,61,121,85,91,58,39,68,101,75,29,33,74,62,100,75,27,26,44,35,52,41,73,53,17,23,24,29,60,28
25003900400,1400000US25003900400,4888,563,2716,397,76,79,78,65,149,101,64,80,82,130,177,160,0,14,192,169,76,108,238,137,269,140,0,14,165,111,246,178,110,84,163,104,103,87,116,122,158,102,129,89,66,55,59,58,0,14,2172,301,96,83,92,66,0,14,53,49,18,32,0,14,26,44,59,92,102,88,134,109,307,157,22,27,118,113,236,73,189,127,40,48,96,78,156,151,87,91,156,118,60,52,35,41,90,69
25003900500,1400000US25003900500,3058,406,1514,251,28,29,75,67,29,28,2,5,3,6,43,71,7,11,30,36,80,81,123,68,75,55,107,76,24,27,77,64,111,74,46,48,108,58,183,159,42,30,101,46,88,44,60,49,72,47,1544,252,63,52,45,50,0,14,9,10,0,14,0,14,0,14,45,68,103,83,56,43,116,115,17,21,168,96,60,41,176,84,67,46,148,102,78,46,72,46,92,51,95,51,57,48,77,52
25003900600,1400000US25003900600,4083,494,2185,300,123,106,227,135,106,89,309,119,8,17,0,14,29,49,130,124,174,107,123,93,36,35,110,98,188,103,126,90,86,56,40,42,35,39,64,53,85,62,65,55,68,92,42,48,11,18,1898,302,50,70,147,108,156,102,12,21,0,14,93,106,0,14,60,58,236,141,130,93,134,79,209,108,35,37,128,78,103,79,18,24,101,73,58,46,45,40,62,45,45,39,51,50,25,43
25003900700,1400000US25003900700,2760,405,1277,222,0,14,101,81,34,27,44,32,0,14,22,26,23,27,24,40,23,32,10,37,96,92,152,77,87,60,107,47,148,60,44,39,63,41,58,42,143,135,22,21,19,21,6,11,51,31,1483,292,55,82,119,90,85,58,18,20,67,67,22,31,19,32,28,34,100,76,172,121,32,31,78,49,108,55,93,52,40,26,30,25,128,65,23,19,29,27,116,66,28,25,24,22,69,45
25003900800,1400000US25003900800,4796,514,2301,384,170,142,129,93,119,68,11,16,49,60,0,14,0,14,34,52,79,73,162,113,186,122,118,107,155,105,126,98,137,90,185,90,134,69,86,87,54,40,156,74,51,30,140,153,20,32,2495,271,192,103,46,45,129,77,130,96,100,124,0,14,0,14,0,14,75,80,111,76,198,168,157,84,144,90,192,121,232,98,84,59,145,77,74,57,104,65,128,67,154,72,11,17,89,58
25003900900,1400000US25003900900,5356,585,2584,413,168,172,326,187,105,105,106,65,0,19,0,19,0,19,49,65,180,162,300,147,239,146,153,109,163,104,142,80,131,86,139,149,0,19,18,28,67,58,97,73,95,65,61,58,45,44,2772,333,151,91,90,70,98,107,111,86,120,92,0,19,0,19,128,130,218,165,241,156,175,111,247,117,111,74,141,109,314,237,206,122,70,71,40,49,39,41,78,58,101,66,49,44,44,40
25003901100,1400000US25003901100,3475,382,1717,223,111,75,31,31,70,55,65,47,47,60,0,14,7,9,7,9,146,109,138,61,90,58,171,65,124,92,98,63,114,59,49,45,87,78,43,36,97,48,83,54,72,50,30,28,37,45,1758,258,54,44,20,19,61,44,39,35,77,82,13,20,0,14,60,61,82,62,122,80,29,31,124,75,81,50,135,72,178,123,38,34,93,50,32,37,109,59,118,55,107,55,54,44,132,105
25003911100,1400000US25003911100,3028,25,1436,177,15,24,65,66,49,43,70,56,48,56,0,14,0,14,40,49,5,10,75,56,93,51,86,54,124,82,109,64,170,93,35,36,101,55,16,17,92,60,44,27,56,37,106,103,37,29,1592,177,13,21,151,81,138,76,74,59,0,14,0,14,0,14,80,109,13,21,82,42,77,55,111,89,40,43,211,78,149,91,81,69,50,49,55,54,50,38,88,54,72,40,37,30,20,18
25003912100,1400000US25003912100,6256,30,2833,194,164,145,270,134,86,67,92,66,42,47,0,19,0,19,58,59,79,53,158,124,165,128,114,95,138,77,239,156,306,113,140,150,127,78,59,55,170,101,132,82,110,82,80,61,104,110,3423,195,100,65,273,129,228,122,74,60,36,56,29,50,26,44,54,61,181,105,211,144,243,105,105,79,227,99,170,92,144,77,42,60,189,89,162,110,182,119,281,176,151,79,85,104,230,112
25003913100,1400000US25003913100,5079,14,2307,251,17,39,149,75,62,64,138,108,51,68,65,97,13,21,5,11,117,134,37,52,174,218,158,98,49,83,174,87,143,115,31,51,45,40,78,66,258,170,246,122,84,70,60,52,153,84,2772,252,100,72,68,89,86,71,58,58,106,116,4,14,0,19,133,100,7,20,62,61,144,116,34,49,186,107,98,79,87,62,260,126,183,139,94,98,326,193,67,57,178,83,204,144,287,127
25003914100,1400000US25003914100,5719,37,2648,252,54,61,69,66,178,201,56,67,60,48,1,3,6,4,136,132,103,81,97,75,161,111,231,103,110,87,140,129,260,174,152,90,133,125,41,49,151,106,159,96,120,81,131,73,99,76,3071,257,51,55,45,52,61,60,206,139,27,44,43,54,1,6,38,71,190,112,85,70,149,114,199,158,129,103,221,116,198,110,68,50,151,113,81,58,112,77,166,93,408,153,247,141,195,146
25003920101,1400000US25003920101,5639,298,2593,243,72,37,50,67,165,99,46,38,387,106,176,93,113,69,96,68,173,83,69,52,80,55,152,89,134,116,140,70,93,60,30,45,132,79,87,62,51,35,138,57,102,57,81,53,26,29,3046,362,160,123,163,118,121,120,86,86,305,86,89,52,379,222,101,66,76,61,149,85,45,38,233,108,114,73,121,69,145,80,59,53,103,59,52,43,115,55,180,84,98,51,74,52,78,57
25003920102,1400000US25003920102,3511,296,1592,254,8,14,52,29,55,28,144,149,109,51,86,61,61,40,155,100,12,17,27,26,21,30,39,40,44,36,62,82,139,57,52,51,94,63,18,25,44,38,79,40,88,43,111,80,92,90,1919,216,67,40,85,67,66,53,80,58,205,95,41,30,147,49,93,53,13,22,12,17,55,46,51,42,93,51,11,20,117,37,49,60,39,43,73,52,110,71,181,100,83,52,98,59,150,70
25003921300,1400000US25003921300,5135,528,2797,455,66,92,287,162,121,63,169,99,380,167,143,73,30,34,112,148,242,150,67,70,155,165,179,145,87,84,48,41,198,129,55,62,114,97,8,15,100,75,168,104,30,35,21,29,17,20,2338,272,154,120,57,75,125,151,69,58,188,130,72,48,115,84,153,165,47,49,266,169,197,147,116,64,35,42,46,41,113,87,35,32,147,156,96,76,0,19,204,122,39,31,7,11,57,54
25003921400,1400000US25003921400,1294,241,753,153,0,14,33,43,40,33,0,14,16,23,0,14,0,14,31,37,25,26,92,57,56,50,48,48,16,19,78,46,54,58,45,53,59,37,24,23,40,29,45,27,20,18,21,20,10,17,541,126,0,14,0,14,11,16,0,14,0,14,21,32,0,14,0,14,28,28,38,43,49,34,15,20,31,29,87,30,46,63,20,24,37,31,7,12,33,31,17,18,40,25,39,24,22,24
25003921500,1400000US25003921500,2706,321,1236,199,1,7,60,46,69,59,26,30,53,46,31,49,0,14,33,50,14,23,29,32,42,43,109,66,155,113,19,17,192,117,83,56,54,41,19,19,59,51,93,40,50,31,45,29,0,14,1470,211,72,70,75,54,87,80,75,53,0,14,16,30,0,14,61,66,100,78,20,30,46,46,151,79,81,54,132,85,95,54,65,47,69,51,40,43,63,42,127,64,43,35,23,24,29,26
25003922100,1400000US25003922100,2507,289,1178,171,71,68,107,84,32,34,0,14,72,45,39,44,0,14,61,65,66,65,35,36,39,45,88,60,17,27,49,44,55,44,90,53,45,34,22,20,114,72,113,78,46,32,5,9,12,19,1329,216,46,45,80,86,84,84,53,46,0,14,0,14,0,14,92,83,122,94,34,36,135,58,91,68,51,45,48,46,19,21,53,37,124,55,10,16,67,42,54,41,37,25,34,28,95,76
25003922200,1400000US25003922200,3769,309,1726,233,132,103,44,52,75,52,32,30,0,14,33,37,18,30,63,58,104,65,63,50,76,45,101,68,55,39,240,101,117,85,117,97,103,56,55,40,55,31,84,40,84,60,34,29,41,42,2043,268,90,94,69,65,87,83,45,37,130,127,0,14,18,31,62,59,191,138,124,69,60,42,100,84,128,63,78,46,151,67,28,33,106,59,87,41,68,40,199,116,89,48,19,22,114,74
25003922300,1400000US25003922300,1798,205,828,132,9,13,0,14,79,62,23,29,0,14,0,14,40,42,35,43,47,35,36,27,18,19,53,32,88,40,19,18,71,47,27,21,66,37,0,14,41,26,39,19,50,26,67,66,20,15,970,150,46,34,13,17,30,28,18,23,30,30,0,14,0,14,49,52,82,47,74,58,35,29,74,47,42,30,66,31,43,28,25,21,62,27,23,16,60,31,42,24,81,63,18,15,57,37
25003923100,1400000US25003923100,3216,26,1646,157,85,52,54,40,27,28,58,40,45,50,12,20,14,25,65,61,96,88,40,34,161,71,28,25,55,45,109,52,121,61,86,65,84,55,121,79,106,61,117,68,121,68,22,19,19,22,1570,155,28,32,73,42,72,57,96,72,41,34,0,14,0,14,47,43,96,75,43,36,54,35,99,59,51,33,105,48,110,56,65,42,115,67,49,34,134,80,191,147,44,34,26,22,31,34
25003924100,1400000US25003924100,2056,296,1086,145,39,38,0,14,9,14,34,48,19,29,46,72,19,27,17,25,21,25,40,27,82,145,0,14,60,48,14,27,70,54,41,37,74,60,56,57,74,47,159,79,105,62,52,77,55,50,970,199,33,36,34,39,24,38,0,14,20,31,6,4,0,14,63,99,38,33,23,35,26,38,15,17,0,14,56,52,36,42,12,21,119,72,80,72,91,67,112,62,60,44,55,45,67,43
25003925101,1400000US25003925101,1542,268,759,166,0,14,9,13,53,39,21,22,33,55,0,14,21,30,0,14,0,14,42,49,26,26,60,50,38,48,44,54,57,54,65,80,71,45,0,14,41,38,106,91,55,53,0,14,17,19,783,196,7,11,36,52,94,72,67,57,0,14,13,16,0,14,0,14,51,58,9,12,5,8,32,40,86,65,39,41,115,93,25,23,9,13,9,14,0,14,57,40,64,59,65,59,0,14
25003925102,1400000US25003925102,5660,268,2686,290,116,81,79,61,173,118,102,87,53,46,74,101,19,17,235,153,175,116,144,112,22,26,241,128,165,102,218,120,128,88,73,62,70,49,109,75,31,34,168,87,173,94,88,60,30,39,2974,323,13,21,66,83,110,89,129,81,163,78,34,33,115,73,109,88,92,106,119,92,120,106,188,100,76,64,201,81,229,116,57,51,97,66,212,102,114,100,238,121,194,86,103,76,195,129
25003926100,1400000US25003926100,3330,16,1691,149,35,35,55,42,69,56,45,41,110,84,0,14,0,14,14,24,66,51,41,38,202,110,186,97,129,66,41,56,307,115,21,24,60,45,41,30,75,35,78,44,57,42,54,62,5,8,1639,151,62,52,68,55,92,58,18,27,159,156,0,14,0,14,85,75,43,38,79,41,42,38,141,93,67,45,76,47,180,81,10,16,56,43,81,41,106,51,107,95,55,34,66,64,46,43
25003931100,1400000US25003931100,1667,209,857,130,21,13,64,37,70,54,19,11,7,7,10,10,7,9,44,39,51,37,7,8,59,26,35,16,64,30,26,13,60,32,37,23,54,23,40,16,52,22,51,22,48,20,17,12,14,11,810,105,19,11,29,20,26,17,43,21,25,22,0,14,7,10,50,37,30,21,31,16,54,27,10,9,55,25,39,22,50,24,28,13,56,26,43,18,48,18,91,29,30,17,13,9,33,19
25003931300,1400000US25003931300,1463,137,779,88,8,7,15,8,67,59,22,13,22,17,16,16,15,12,9,7,26,16,11,7,35,18,46,20,63,21,66,24,67,19,26,10,43,16,26,11,76,25,45,18,22,14,21,11,32,25,684,68,13,9,14,10,27,22,23,15,11,11,16,9,0,14,11,8,34,17,20,11,39,17,48,30,48,20,46,19,62,18,23,13,45,16,41,26,62,17,26,13,30,16,18,10,27,18
25003931400,1400000US25003931400,1695,221,892,138,73,54,26,17,29,12,24,14,17,13,0,14,23,24,46,57,40,22,49,22,28,15,96,45,37,13,93,32,65,18,9,6,45,19,26,12,33,15,90,31,28,10,12,6,3,3,803,103,21,10,48,24,33,18,17,11,16,14,3,5,0,14,19,15,23,14,37,14,64,40,71,33,27,10,71,25,107,27,20,18,33,11,40,17,54,23,60,27,23,9,4,4,12,8
25003932200,1400000US25003932200,2488,258,1336,226,48,26,59,41,64,37,66,34,21,17,29,24,25,26,16,21,48,31,16,13,65,29,85,31,185,171,90,43,112,39,49,25,96,42,67,33,63,26,47,19,45,23,29,15,11,9,1152,128,19,14,29,33,61,33,25,21,21,23,9,11,2,5,43,40,53,27,59,30,96,35,21,15,45,22,130,42,87,35,49,25,61,25,67,43,78,39,84,42,43,20,53,39,17,12
25003932300,1400000US25003932300,1859,248,907,196,25,28,24,29,19,18,26,23,23,37,9,17,14,23,76,73,17,20,190,103,12,14,0,14,43,26,120,62,72,50,11,11,12,13,57,54,20,16,58,31,12,10,24,22,43,33,952,124,52,50,65,49,35,30,32,29,15,17,43,40,0,14,18,29,87,90,55,39,29,28,68,45,54,28,82,50,77,38,0,14,39,26,12,11,25,30,33,23,58,35,53,32,20,23
25003933200,1400000US25003933200,1448,199,735,128,14,10,25,12,17,8,34,40,32,33,4,4,13,12,20,12,11,10,14,13,30,17,34,25,24,11,15,8,21,11,32,17,55,32,15,9,38,18,95,82,74,37,39,21,79,79,713,140,15,11,12,8,7,7,26,18,2,21,10,12,27,43,45,20,33,36,44,26,14,12,37,53,12,15,67,35,40,13,17,11,56,31,10,6,44,16,44,18,43,20,23,12,85,81
25003933300,1400000US25003933300,1501,228,671,118,42,23,15,13,39,46,7,8,15,11,4,6,3,7,20,22,16,15,18,18,14,10,31,21,81,36,39,18,53,35,9,10,49,24,27,18,13,9,66,32,50,22,45,25,15,11,830,137,15,18,52,38,35,21,47,56,4,5,7,14,17,17,30,19,12,12,31,25,43,19,49,38,31,16,76,41,48,27,33,17,94,37,28,17,47,27,46,26,49,25,18,10,18,11
25003933400,1400000US25003933400,2618,243,1416,144,52,34,71,42,72,51,51,29,24,22,21,19,18,16,28,27,125,81,57,30,49,22,45,22,79,29,116,59,77,31,68,39,48,27,48,27,81,37,89,37,78,41,77,34,42,35,1202,151,24,16,44,25,53,43,17,13,27,27,9,12,5,7,49,30,39,35,101,52,74,45,60,42,93,48,76,33,84,35,36,24,94,41,29,22,86,48,62,25,89,41,22,11,29,24
25003934200,1400000US25003934200,1250,178,546,115,11,12,31,23,57,56,7,11,6,7,15,15,24,30,0,14,5,7,11,8,16,13,25,18,38,28,32,21,37,41,75,25,16,13,32,24,39,24,47,19,12,10,4,6,6,6,704,94,0,14,21,22,49,29,34,17,7,11,0,14,0,14,16,16,24,20,17,13,11,12,41,25,39,25,58,53,80,40,42,22,25,25,32,21,54,32,99,35,20,11,13,18,22,20
25003934300,1400000US25003934300,1856,275,877,181,24,18,26,18,17,12,7,7,10,13,0,14,47,59,67,86,3,4,18,13,55,36,29,44,87,27,35,19,51,27,37,37,71,33,63,37,32,17,70,25,46,17,56,28,26,16,979,168,81,75,11,10,10,8,11,9,0,14,0,14,0,14,54,49,19,16,52,38,76,50,22,12,31,21,50,23,99,56,38,14,105,53,64,38,62,31,73,25,68,26,42,20,11,11
25003935100,1400000US25003935100,2412,213,1118,114,52,28,56,30,24,12,26,13,19,18,3,4,17,13,34,25,25,13,38,15,68,25,53,22,62,25,53,21,83,20,36,16,70,31,61,34,91,27,126,45,45,15,48,21,28,17,1294,141,36,21,83,28,36,14,27,16,31,26,11,7,5,6,31,16,17,13,48,17,73,28,59,27,60,27,67,32,99,27,31,15,156,75,60,18,106,33,102,30,79,24,52,21,25,9
25003935200,1400000US25003935200,4567,679,2016,384,75,63,84,54,37,40,51,47,47,40,27,43,45,55,97,93,167,168,215,139,162,87,46,54,116,82,159,100,241,147,69,72,140,116,0,14,58,48,91,62,53,44,21,35,15,24,2551,467,59,52,116,71,150,107,133,77,73,74,0,14,81,113,97,112,40,57,105,76,128,91,97,64,201,115,298,185,209,98,167,147,130,146,81,65,137,78,97,63,43,43,76,47,33,39
25003935300,1400000US25003935300,3471,361,1859,258,113,75,41,58,67,53,26,27,9,15,0,14,0,14,49,54,130,87,132,96,156,91,134,111,106,61,125,66,79,91,0,14,69,62,53,41,135,80,201,83,100,58,72,60,62,60,1612,226,55,40,29,33,43,44,8,13,0,14,0,14,0,14,99,108,129,75,86,52,86,56,70,51,126,110,123,80,76,67,116,94,118,67,39,34,89,60,90,58,81,52,70,44,79,63
25005600100,1400000US25005600100,4244,477,2269,393,123,98,108,54,213,94,46,37,23,23,0,14,15,18,68,50,155,93,48,60,133,56,120,47,119,62,144,125,132,114,47,35,176,83,73,45,50,36,337,208,52,34,64,49,23,22,1975,265,21,21,83,48,154,60,0,14,0,14,0,14,0,14,57,64,116,100,89,52,125,67,122,43,138,50,55,42,134,62,22,36,100,49,45,40,82,58,231,128,159,68,98,52,144,90
25005600202,1400000US25005600202,5101,421,2016,286,82,77,44,49,147,88,91,59,0,19,0,19,0,19,88,83,145,106,153,103,40,48,97,62,281,142,155,95,145,80,112,72,35,31,41,41,50,43,116,70,122,56,65,78,7,11,3085,328,85,68,132,69,152,86,39,33,16,25,0,19,57,75,58,70,239,139,282,174,108,72,115,67,256,132,265,128,251,124,70,56,236,107,77,67,171,115,153,77,85,68,217,193,21,26
25005600203,1400000US25005600203,6227,603,3092,341,146,79,325,210,134,91,100,70,43,47,0,19,0,19,155,92,68,67,153,134,230,111,141,76,179,101,309,112,351,179,54,78,102,61,135,70,56,48,94,71,106,65,112,116,99,81,3135,396,96,69,186,91,248,120,148,87,22,36,0,19,43,48,86,111,69,69,216,81,110,89,191,123,193,84,381,178,306,96,43,40,43,43,136,79,73,60,144,94,157,102,208,128,36,30
25005600204,1400000US25005600204,4199,461,2298,316,70,47,115,69,513,228,125,66,83,77,9,14,49,50,97,72,73,43,71,46,111,69,151,73,62,39,156,88,143,56,79,46,99,61,44,32,14,17,116,51,105,72,0,14,13,21,1901,284,28,27,121,103,117,70,59,44,29,29,21,27,42,38,71,39,64,42,63,37,151,77,202,82,125,82,179,82,165,66,74,41,84,46,42,32,49,42,85,44,48,48,47,37,35,39
25005610100,1400000US25005610100,5561,677,2653,349,122,119,52,55,318,184,13,21,86,66,18,29,0,19,64,59,322,152,207,101,114,94,210,141,271,215,180,136,134,103,96,82,123,90,56,55,58,67,116,88,21,34,50,49,22,35,2908,462,213,125,344,255,83,86,54,59,0,19,0,19,0,19,118,92,299,171,210,145,190,122,180,111,278,187,117,121,111,79,70,54,78,64,66,55,107,86,131,97,146,97,31,39,82,80
25005610202,1400000US25005610202,5655,857,2929,519,297,176,270,93,130,77,136,70,78,53,0,19,19,23,118,134,148,142,209,87,145,64,176,56,191,90,199,100,218,68,52,44,140,121,51,34,136,109,105,51,81,40,22,19,8,12,2726,394,143,65,144,88,81,45,77,46,43,48,43,51,28,41,134,86,61,46,195,102,170,56,117,51,200,81,210,72,402,230,99,78,67,42,83,66,64,46,135,79,125,70,96,88,9,14
25005610203,1400000US25005610203,6683,678,3041,265,22,36,206,91,115,79,186,117,39,46,64,78,0,19,132,73,190,121,176,116,121,72,241,95,199,101,371,134,229,97,106,94,154,88,150,105,110,89,148,66,69,48,0,19,13,20,3642,529,84,61,150,100,380,179,179,79,74,68,72,108,8,14,186,128,178,119,101,81,182,72,313,202,75,54,218,84,501,133,27,29,239,101,93,82,66,50,233,230,186,103,13,21,84,64
25005610204,1400000US25005610204,6032,640,2860,376,139,86,148,96,244,157,168,93,23,33,15,28,54,62,19,31,142,75,136,95,276,112,317,152,92,64,280,120,157,76,101,125,145,95,82,72,129,97,155,97,21,27,17,17,0,19,3172,453,309,137,264,141,173,97,107,84,28,40,20,33,0,19,215,133,89,73,254,123,195,105,333,170,148,94,328,158,261,115,38,47,84,77,37,40,135,77,69,74,52,56,33,33,0,19
25005611101,1400000US25005611101,5417,530,2803,488,183,107,220,158,187,150,59,50,86,50,27,25,35,29,67,52,172,126,167,91,309,172,250,95,89,55,187,78,185,77,20,20,55,39,80,87,59,38,170,68,113,57,47,44,36,38,2614,270,185,85,105,59,199,118,182,84,19,23,21,24,62,42,86,51,110,70,210,106,193,90,220,93,77,57,174,63,89,45,81,59,86,60,55,37,57,33,218,79,60,34,42,37,83,62
25005611102,1400000US25005611102,5165,442,2700,340,170,99,45,61,71,73,53,44,513,181,181,90,129,60,157,70,202,84,143,69,172,132,118,76,81,45,100,55,127,61,71,49,115,64,31,25,96,53,75,52,34,24,8,10,8,13,2465,229,77,55,57,36,44,42,42,35,469,138,161,67,260,106,151,75,136,73,33,23,94,74,177,94,48,37,56,30,141,60,57,39,113,43,84,56,48,33,40,28,111,58,38,32,28,24
25005611201,1400000US25005611201,3134,467,1658,340,44,48,65,63,72,55,43,32,41,40,24,39,36,46,22,24,43,62,128,92,208,175,128,64,83,51,66,53,62,47,215,154,92,44,72,61,55,49,72,42,68,44,7,13,12,18,1476,216,13,18,75,43,109,81,115,67,0,14,0,14,0,14,81,69,23,21,103,69,75,43,115,77,74,46,76,59,150,57,139,155,86,68,0,14,52,48,129,49,19,24,32,29,10,16
25005611202,1400000US25005611202,5524,465,2597,260,40,41,127,109,66,60,97,72,78,63,0,19,1,3,51,53,188,86,133,77,254,108,57,53,141,71,239,120,258,115,103,80,216,158,38,45,236,93,81,78,34,40,100,68,59,63,2927,371,81,79,227,154,151,93,134,103,0,19,26,41,0,19,127,101,145,76,108,60,216,113,230,76,191,105,31,38,341,122,110,70,162,106,147,77,120,82,82,69,116,93,85,62,97,82
25005612100,1400000US25005612100,4793,452,2410,231,103,67,167,80,148,121,86,56,49,53,8,14,0,14,89,77,45,33,169,95,144,61,217,90,124,67,167,77,183,84,104,65,140,88,91,71,111,83,149,66,94,60,14,15,8,15,2383,304,83,58,70,50,163,78,52,38,68,63,0,14,35,43,112,88,90,53,73,44,188,85,164,84,144,69,134,72,243,100,76,63,134,69,19,22,55,39,177,67,65,38,116,74,122,100
25005612201,1400000US25005612201,4149,527,1781,295,57,54,121,94,157,106,23,26,40,52,0,14,10,17,70,42,191,99,75,64,52,42,273,154,149,74,41,38,95,50,55,52,35,42,19,20,111,81,90,47,65,46,22,22,30,36,2368,408,131,90,195,149,141,86,152,115,171,118,16,26,10,18,31,34,136,91,66,58,130,74,272,228,197,143,132,59,115,54,81,54,30,35,44,32,99,75,74,48,47,34,9,15,89,80
25005612202,1400000US25005612202,6563,505,2952,285,180,131,298,111,117,93,17,29,84,72,54,61,91,83,92,80,102,89,151,107,234,108,273,155,169,94,141,73,197,105,124,83,32,43,59,66,54,43,145,84,97,61,148,85,93,86,3611,420,94,88,194,133,309,159,104,87,74,85,0,19,46,50,103,79,219,162,232,102,230,113,131,90,419,215,212,113,278,153,178,101,36,43,26,29,130,80,197,94,123,66,98,82,178,75
25005613100,1400000US25005613100,7469,1136,3674,538,197,106,273,154,237,264,39,41,13,22,67,80,0,19,158,115,285,117,224,141,358,149,131,76,215,181,232,244,416,184,160,123,169,89,22,26,108,78,125,82,50,53,19,32,176,113,3795,696,239,163,167,96,77,58,0,19,21,35,73,83,0,19,46,60,537,353,227,130,173,94,212,143,166,95,382,309,351,120,97,70,174,79,145,91,125,79,190,94,91,64,99,119,203,122
25005613300,1400000US25005613300,7188,767,3787,514,324,162,142,81,176,118,142,104,102,95,28,33,29,43,210,109,225,105,226,133,319,233,140,77,179,87,286,142,175,98,135,87,237,160,91,61,156,84,289,130,73,60,65,60,38,46,3401,380,133,86,81,61,145,88,26,31,54,59,15,25,28,33,129,113,202,113,256,113,239,118,124,93,196,92,322,113,257,118,260,155,119,98,54,60,154,71,204,96,227,124,150,74,26,31
25005613400,1400000US25005613400,3959,440,1630,218,35,45,38,37,142,66,86,57,39,56,65,44,0,14,96,102,63,73,91,64,90,49,100,62,123,68,51,35,61,60,131,66,125,63,30,26,91,63,98,58,37,28,9,14,29,39,2329,373,119,71,210,106,181,163,157,73,11,16,0,14,0,14,41,41,48,38,228,103,69,48,89,57,193,144,67,43,266,125,95,65,200,86,62,58,102,58,54,30,95,50,20,19,22,23
25005613600,1400000US25005613600,3947,510,2038,372,159,110,141,123,145,76,99,109,25,30,37,46,29,32,118,79,175,88,199,108,130,138,86,62,57,68,73,43,162,79,26,32,148,131,51,46,84,45,58,46,0,14,0,14,36,34,1909,306,36,30,19,23,242,170,34,34,9,28,0,14,23,27,85,57,139,88,328,129,98,74,168,108,108,92,128,72,170,103,49,43,52,38,16,25,59,37,23,26,81,53,27,26,15,20
25005613700,1400000US25005613700,4480,716,2224,369,111,60,101,57,71,51,95,62,0,14,29,47,21,22,112,75,299,117,149,101,196,107,68,50,214,233,104,72,174,86,16,21,156,97,63,51,81,63,40,30,84,37,20,34,20,21,2256,423,84,59,91,70,33,34,71,60,30,35,0,14,112,102,32,29,193,89,226,169,162,76,134,89,89,66,139,63,276,178,31,25,128,79,60,39,47,32,110,62,33,23,106,70,69,40
25005613800,1400000US25005613800,5102,980,2559,488,181,138,27,48,244,144,110,83,54,44,63,75,0,19,62,96,152,117,216,161,164,111,202,115,99,84,243,122,161,146,97,88,85,67,3,14,69,76,194,173,111,89,3,6,19,25,2543,589,189,146,63,83,255,133,87,87,42,51,0,19,0,19,85,110,253,131,167,114,260,209,123,109,121,74,164,120,43,44,49,61,285,235,55,64,21,31,170,91,14,23,23,29,74,83
25005613901,1400000US25005613901,3284,548,1586,350,99,83,29,27,175,78,17,22,101,85,13,21,22,35,98,108,87,89,143,87,90,74,124,80,129,77,28,30,91,82,67,61,92,125,36,46,46,64,54,34,6,9,27,26,12,19,1698,285,20,25,68,53,200,138,144,107,8,13,0,14,0,14,101,76,96,70,168,104,105,53,94,48,147,90,143,131,64,54,18,18,79,112,59,65,20,19,33,20,49,35,70,55,12,18
25005613902,1400000US25005613902,5541,1010,2019,465,144,162,69,70,175,170,150,118,96,78,17,27,24,41,14,25,55,57,138,109,224,255,120,97,173,100,170,95,136,83,25,30,84,82,36,42,15,26,37,43,30,34,55,87,32,46,3522,699,403,404,39,48,269,106,140,125,96,108,100,106,31,52,115,85,157,108,317,288,170,111,293,190,174,94,142,108,301,168,65,80,70,57,54,68,42,41,113,96,203,136,178,85,50,61
25005614000,1400000US25005614000,5154,576,2274,333,113,71,305,133,185,122,102,71,111,103,88,82,3,7,60,61,106,58,98,73,40,55,315,140,71,55,172,94,171,83,59,48,74,55,17,21,42,43,31,31,48,38,53,52,10,17,2880,462,279,113,252,142,385,200,151,83,59,43,11,16,10,15,56,54,187,99,223,148,307,145,192,98,165,83,47,42,207,93,44,41,80,98,49,48,18,22,50,36,44,34,11,18,53,54
25005614101,1400000US25005614101,7198,879,3501,630,142,87,297,201,232,144,163,130,42,71,68,101,0,19,378,252,128,92,583,333,114,90,110,92,204,124,174,101,316,170,37,42,154,113,65,52,72,62,127,102,64,49,14,24,17,28,3697,552,291,188,233,140,73,79,235,173,26,39,138,118,32,42,173,147,243,162,317,132,188,118,196,151,294,185,341,140,212,136,68,59,135,86,74,55,118,80,122,95,81,71,15,26,92,58
25005614102,1400000US25005614102,7111,905,3686,503,316,249,197,108,190,117,99,77,169,85,179,66,11,20,183,66,164,143,186,117,311,180,327,129,152,103,228,103,241,115,107,81,181,144,23,33,56,47,155,89,110,64,41,42,60,91,3425,558,88,75,349,175,135,90,59,67,10,17,0,19,71,113,69,56,200,178,108,69,384,200,249,110,312,121,301,152,204,125,119,78,178,92,113,116,82,71,155,110,141,80,71,84,27,33
25005615100,1400000US25005615100,8193,42,3990,208,134,101,308,150,101,77,346,147,99,114,82,64,70,89,92,88,98,58,257,119,311,127,252,119,224,98,342,129,384,184,87,50,194,118,140,135,71,61,225,104,92,64,47,34,34,27,4203,200,71,50,295,157,270,111,193,93,94,72,15,24,22,27,128,125,348,146,180,102,322,131,236,83,409,124,159,103,256,143,120,78,264,127,159,107,202,120,247,104,75,54,57,42,81,63
25005616100,1400000US25005616100,6829,18,3657,243,210,163,107,82,352,187,111,102,11,19,57,74,24,36,236,156,226,130,73,71,329,141,239,121,104,60,438,190,191,114,194,111,257,128,108,73,62,53,120,86,105,57,54,44,49,51,3172,247,110,97,79,73,176,111,301,173,68,61,10,18,23,41,101,106,84,73,88,90,324,135,201,123,120,83,278,192,373,138,104,74,193,111,100,65,49,49,132,72,85,55,61,52,112,80
25005617101,1400000US25005617101,4895,292,2475,173,113,60,83,48,196,88,104,62,51,45,2,8,0,14,150,115,167,138,179,74,206,108,131,78,138,57,165,70,218,82,23,20,123,57,23,28,91,57,192,66,83,42,19,20,18,22,2420,222,99,75,121,83,183,74,125,76,14,19,9,14,35,33,60,48,108,70,258,124,77,43,133,59,161,80,159,69,212,99,51,38,68,39,109,53,132,53,138,52,94,48,32,29,42,37
25005617102,1400000US25005617102,4390,293,2252,258,142,62,207,121,126,76,55,42,22,22,24,26,32,27,36,31,147,84,210,121,180,83,100,65,82,54,173,76,148,71,120,63,147,79,62,47,38,29,101,60,74,40,24,25,2,6,2138,212,43,29,91,55,204,106,67,66,61,42,3,5,32,39,136,92,74,46,201,95,107,60,110,54,163,77,114,52,201,69,39,34,115,74,55,33,96,59,85,52,51,32,83,48,7,12
25005630101,1400000US25005630101,3252,436,1503,214,67,54,51,54,66,61,15,20,15,23,48,57,45,63,48,39,124,100,139,71,105,81,213,158,139,93,84,65,22,39,44,56,60,47,6,12,93,44,37,33,70,51,0,14,12,19,1749,315,165,137,31,29,64,55,22,28,13,18,0,14,0,14,82,49,315,119,200,88,104,65,54,41,103,64,110,55,98,79,41,31,54,44,66,81,88,90,105,58,12,20,12,18,10,16
25005630102,1400000US25005630102,5024,644,2498,394,66,47,106,78,60,54,119,92,59,56,8,13,0,19,251,240,239,162,218,165,155,78,128,119,48,52,321,162,123,86,148,158,76,59,133,133,122,68,93,95,9,15,5,8,11,16,2526,382,62,46,114,89,159,142,27,44,28,30,13,22,0,19,53,55,282,162,151,104,195,80,122,93,181,95,171,111,453,287,79,69,104,78,18,22,101,98,78,63,46,34,44,49,45,32
25005630201,1400000US25005630201,3177,444,1622,272,83,39,66,36,111,58,118,101,19,24,0,14,10,17,32,31,80,63,98,74,91,47,63,41,98,61,60,34,142,56,109,56,127,169,59,48,39,47,58,45,81,49,69,83,9,14,1555,229,100,57,43,34,51,29,18,24,84,54,10,17,11,19,79,65,84,51,69,55,103,53,76,40,32,31,151,72,82,67,107,53,57,36,34,41,40,32,207,155,67,40,16,21,34,47
25005630202,1400000US25005630202,5259,549,2719,403,173,89,136,83,162,91,240,89,56,48,44,45,0,19,59,38,80,53,131,74,154,62,80,43,208,90,283,118,256,95,61,47,41,36,34,32,51,45,168,96,95,51,0,19,207,297,2540,317,19,23,180,137,218,112,242,135,32,35,0,19,5,10,97,81,110,61,158,106,116,58,234,104,179,88,234,90,183,66,52,40,130,71,84,61,73,55,116,64,55,38,0,19,23,24
25005630301,1400000US25005630301,5694,760,2614,331,75,62,169,82,123,89,200,95,122,95,42,44,57,66,23,27,84,76,135,84,186,85,164,107,329,213,187,84,160,100,88,80,140,87,12,23,132,100,131,69,46,39,0,19,9,14,3080,617,109,93,152,101,295,221,225,207,85,99,5,9,21,32,89,64,137,77,61,48,184,79,263,148,312,102,314,142,71,59,155,85,185,90,50,51,37,40,131,70,63,69,83,80,53,65
25005630302,1400000US25005630302,3145,446,1540,351,23,27,103,104,210,127,69,49,0,14,0,14,0,14,28,30,55,47,188,90,88,73,105,97,87,59,133,83,58,59,14,23,114,88,56,57,38,35,105,114,27,25,12,20,27,29,1605,205,84,58,64,62,109,84,48,50,25,41,0,14,13,21,34,45,69,62,156,66,71,52,159,96,193,78,174,91,64,56,127,93,27,31,27,29,12,18,42,34,40,30,25,27,42,39
25005630400,1400000US25005630400,5433,647,2506,449,160,130,74,72,210,128,43,41,21,35,14,23,21,33,64,59,107,96,158,114,172,101,234,112,209,120,104,67,207,120,30,38,145,86,95,95,108,70,163,119,52,45,14,23,101,162,2927,339,138,98,289,150,62,55,140,109,132,107,125,130,34,39,54,53,178,129,137,74,176,83,236,134,136,81,206,123,158,113,38,43,159,88,38,44,102,77,103,82,147,94,15,24,124,128
25005631101,1400000US25005631101,3337,515,1454,275,107,66,0,14,99,60,50,49,26,59,8,23,0,14,11,20,27,31,178,82,172,104,46,39,73,59,160,96,143,146,58,62,53,59,62,40,10,24,61,45,38,39,38,28,34,34,1883,341,33,34,34,49,52,43,153,62,26,39,0,14,88,77,108,85,82,69,134,79,56,33,207,214,38,39,298,119,138,85,0,14,79,52,37,30,103,66,81,51,71,46,35,28,30,31
25005631102,1400000US25005631102,5271,934,2385,546,135,96,231,182,217,166,115,80,21,35,52,57,0,19,39,35,70,74,311,183,102,70,192,129,112,66,117,79,121,61,155,72,38,43,68,48,60,59,134,87,53,39,18,28,24,31,2886,453,107,149,292,129,195,124,66,46,77,72,31,45,22,37,104,78,113,75,255,237,245,127,232,107,117,125,220,94,159,79,100,76,97,79,23,35,155,75,143,77,66,82,0,19,67,50
25005631200,1400000US25005631200,7740,1305,3881,603,321,274,239,124,81,76,267,131,30,40,61,54,25,43,170,102,163,90,489,253,92,58,349,195,289,135,260,122,258,153,85,66,112,64,104,79,155,77,170,83,90,54,41,35,30,36,3859,809,274,239,287,199,375,165,52,56,23,36,39,25,23,36,64,58,316,315,350,118,191,139,193,133,356,133,251,195,183,94,169,101,166,90,58,48,46,42,142,68,111,84,39,35,151,97
25005631300,1400000US25005631300,5619,881,2763,490,235,134,82,57,107,110,107,103,30,53,21,32,22,33,73,88,181,131,238,166,88,80,218,107,168,100,179,140,243,168,40,43,175,135,174,153,137,72,59,42,99,58,35,28,52,43,2856,510,110,72,148,110,182,93,110,98,18,31,103,110,33,55,286,183,131,92,157,112,300,115,215,135,138,81,149,72,199,142,79,66,227,122,40,50,47,54,93,87,52,39,0,19,39,50
25005631400,1400000US25005631400,3678,609,1722,252,89,72,166,94,95,85,79,80,25,30,0,14,15,28,82,69,111,89,207,116,44,32,221,88,72,62,59,44,159,128,11,30,29,47,38,38,49,45,80,47,48,61,35,52,8,12,1956,483,284,208,198,103,151,94,16,26,112,105,20,27,0,14,162,124,100,87,186,123,104,77,183,88,79,96,65,55,130,78,0,14,9,14,34,32,12,17,80,58,21,26,0,14,10,13
25005631500,1400000US25005631500,2906,486,1397,300,32,34,54,31,50,37,15,21,148,180,15,23,99,98,39,41,91,52,122,67,65,37,156,73,105,67,69,43,100,68,19,26,12,20,70,66,25,24,38,29,9,13,11,15,53,65,1509,308,54,39,120,100,118,67,34,30,23,29,8,14,0,14,19,29,71,51,158,104,68,54,153,64,97,67,131,158,97,69,14,21,62,57,27,24,74,55,35,32,83,72,34,28,29,23
25005631600,1400000US25005631600,3669,614,1792,312,96,72,113,102,106,75,76,61,41,47,18,29,0,14,60,50,189,136,136,100,240,91,43,35,176,105,114,67,45,29,21,22,108,62,49,38,78,66,54,64,9,19,10,20,10,19,1877,378,124,81,189,95,99,77,24,29,101,97,16,28,0,14,66,71,44,37,263,138,183,87,106,70,152,89,128,113,132,64,28,27,16,23,0,14,34,35,100,73,30,29,33,33,9,21
25005631700,1400000US25005631700,6835,877,3453,540,276,129,209,96,302,117,257,261,92,75,58,47,0,19,39,45,159,128,225,185,195,87,285,118,108,81,273,102,228,92,141,99,136,78,66,58,85,65,72,56,119,83,70,51,58,48,3382,432,214,109,154,92,248,233,21,25,72,68,82,68,87,81,21,32,184,139,65,65,221,89,438,178,179,100,314,120,198,94,129,72,162,109,136,79,61,55,87,54,144,73,76,53,89,63
25005631800,1400000US25005631800,7707,864,3542,374,139,114,137,111,88,80,161,121,79,79,18,29,0,19,62,42,402,146,162,115,388,193,194,109,176,118,224,101,169,105,138,108,235,118,224,106,181,134,165,116,60,51,53,52,87,83,4165,714,493,447,107,86,164,128,28,32,44,46,35,40,17,27,76,79,326,123,245,105,389,167,124,99,76,59,418,200,311,121,228,104,248,113,32,39,318,249,150,88,111,76,145,97,80,67
25005632100,1400000US25005632100,6880,619,3394,368,86,66,241,101,221,133,61,58,12,22,0,19,166,174,110,81,284,124,243,124,113,87,165,77,173,93,170,87,485,189,81,60,275,123,63,49,95,75,58,48,114,64,159,109,19,30,3486,419,186,103,87,64,154,87,300,138,16,28,0,19,13,22,48,46,261,148,242,134,156,76,144,67,262,111,279,131,447,187,87,86,270,186,36,44,88,58,191,85,86,69,103,60,30,35
25005632200,1400000US25005632200,8814,621,4700,514,124,72,238,141,374,214,330,182,87,87,32,36,160,160,196,145,239,188,137,101,254,105,132,104,395,167,595,260,250,181,221,141,115,90,110,74,344,159,203,92,94,57,50,37,20,32,4114,360,108,69,171,94,242,168,164,100,138,90,18,29,28,45,81,70,133,91,279,132,174,83,342,144,290,145,315,135,468,238,82,60,142,93,180,104,331,211,111,68,163,106,79,76,75,59
25005633100,1400000US25005633100,5974,507,3125,389,72,54,277,226,198,107,32,40,11,15,26,30,54,67,127,87,109,115,206,123,320,135,72,56,204,143,262,106,158,115,67,65,258,152,162,81,222,119,103,74,40,41,74,69,71,62,2849,377,108,87,164,118,178,111,138,173,29,37,19,30,0,19,130,81,24,38,163,76,337,123,71,58,79,71,239,137,376,194,169,79,106,74,28,30,226,93,103,86,50,44,48,59,64,60
25005633200,1400000US25005633200,7048,509,3709,331,259,120,177,106,281,180,170,111,52,66,73,60,95,69,159,85,124,77,163,122,195,100,252,141,185,105,331,179,174,90,174,116,106,76,47,50,121,81,233,87,253,192,27,30,58,54,3339,343,95,81,244,207,134,115,0,19,42,65,0,19,48,46,96,66,137,88,162,107,148,94,298,124,194,134,392,181,358,128,100,74,63,48,97,87,112,76,284,97,203,189,106,76,26,32
25005640100,1400000US25005640100,5955,808,2643,406,155,157,233,169,257,230,50,81,44,43,12,18,107,136,18,31,199,151,137,104,118,75,181,125,232,164,247,136,181,130,0,19,45,62,108,92,107,84,128,59,52,56,32,41,0,19,3312,570,35,34,327,179,292,133,130,117,101,69,14,22,0,19,82,72,223,145,213,155,150,104,498,199,265,138,185,117,88,104,97,90,30,25,72,84,124,87,220,102,77,57,11,17,78,76
25005640201,1400000US25005640201,2800,608,1288,441,31,49,80,64,236,196,33,42,0,14,37,44,34,44,50,81,109,73,11,18,253,207,8,13,125,86,51,48,69,56,0,14,82,57,22,25,26,28,9,14,11,17,11,18,0,14,1512,261,0,14,133,75,234,85,101,75,79,64,0,14,10,17,24,30,11,16,113,114,174,64,158,97,162,78,36,51,68,50,24,38,34,35,0,14,82,47,49,33,0,14,11,17,9,16
25005640202,1400000US25005640202,3561,484,1693,336,64,67,63,42,35,40,22,23,16,32,15,25,18,30,131,74,68,73,173,170,186,135,99,85,146,86,40,41,168,119,10,16,42,46,22,21,31,30,63,60,47,30,77,47,157,209,1868,280,37,43,95,82,54,47,84,79,46,60,15,25,30,36,98,77,98,68,121,111,92,73,126,76,57,47,35,34,149,110,46,43,102,107,59,47,67,59,105,78,154,120,26,32,172,131
25005640300,1400000US25005640300,4200,833,1658,305,124,90,92,71,37,61,46,39,9,18,54,44,15,25,53,50,67,46,116,56,172,83,194,196,64,59,97,63,73,67,92,58,85,65,22,23,86,57,42,29,63,38,28,35,27,40,2542,595,176,93,129,68,128,80,245,208,57,61,76,71,100,89,70,60,92,69,161,88,136,69,113,68,40,44,272,288,108,59,101,70,155,85,95,50,48,36,128,80,71,61,13,14,28,25
25005640400,1400000US25005640400,2845,665,1295,294,16,25,49,45,29,33,91,77,45,71,6,10,0,14,0,14,112,92,92,86,91,100,115,85,203,190,192,157,83,68,73,73,0,14,0,14,7,11,48,48,34,30,9,15,0,14,1550,452,97,87,234,177,23,37,55,63,17,25,40,64,0,14,0,14,128,83,130,103,69,72,74,65,188,191,67,57,57,51,0,14,66,76,9,15,40,34,24,24,56,38,41,50,135,210
25005640500,1400000US25005640500,5816,779,3066,554,111,94,23,48,194,109,60,67,120,116,0,19,37,59,59,66,477,255,378,189,298,174,213,162,113,104,333,217,152,128,41,39,201,148,41,53,38,47,30,44,45,46,74,70,28,32,2750,482,247,115,119,84,101,90,48,69,13,21,47,77,113,161,108,124,210,118,328,160,145,111,35,35,193,139,177,147,152,128,115,97,61,52,64,67,160,165,183,117,26,24,56,49,49,57
25005640600,1400000US25005640600,4491,669,1915,348,31,30,214,119,77,57,23,35,0,14,0,14,0,14,31,37,276,158,102,89,132,103,94,92,145,117,119,89,117,86,47,40,179,219,96,106,45,47,137,86,0,14,34,37,16,24,2576,509,187,124,150,113,151,109,122,97,15,25,0,14,0,14,149,149,149,99,312,168,67,54,40,48,86,83,293,225,191,101,148,152,208,211,22,24,41,49,92,68,120,89,0,14,33,39
25005640700,1400000US25005640700,2915,407,1387,255,109,68,162,93,48,39,38,56,7,12,0,14,0,14,14,22,75,98,110,78,216,114,57,49,65,66,179,103,77,58,47,53,25,28,0,14,37,49,53,44,42,29,16,20,10,15,1528,267,95,85,14,19,217,119,67,60,11,17,0,14,0,14,27,31,87,85,140,75,177,79,142,86,60,50,134,114,50,35,25,28,14,16,69,56,34,32,113,59,16,20,12,19,24,22
25005640800,1400000US25005640800,3744,607,1904,361,54,42,7,11,126,77,81,61,54,44,16,14,10,15,155,81,133,95,196,143,114,61,178,103,63,73,149,89,101,64,61,42,70,56,99,61,61,42,74,61,32,27,50,59,20,23,1840,339,32,32,153,73,71,79,40,45,33,48,0,14,0,14,127,97,179,99,113,50,140,95,100,67,39,34,330,180,77,43,45,52,39,34,52,39,52,45,85,71,42,35,72,66,19,27
25005640901,1400000US25005640901,4755,887,2471,655,177,221,47,74,141,181,298,150,40,49,17,29,15,25,155,129,334,225,197,121,254,192,155,117,274,182,122,102,116,95,17,27,16,24,0,14,0,14,18,26,66,81,0,14,12,21,2284,434,167,164,93,80,60,59,80,81,70,86,0,14,0,14,83,87,220,128,92,72,72,78,102,101,325,178,223,170,253,151,76,59,39,37,13,21,67,85,81,88,57,66,67,75,44,59
25005641000,1400000US25005641000,2434,441,1207,315,71,84,185,170,20,30,0,14,71,78,6,10,0,14,6,10,96,70,151,129,41,47,26,43,86,65,28,38,133,111,65,70,60,99,44,55,50,40,19,22,27,28,0,14,22,24,1227,264,46,45,16,23,46,47,20,30,7,11,31,49,0,14,55,51,200,122,35,41,6,10,25,32,51,40,63,49,185,187,41,53,103,94,41,49,44,56,115,108,67,57,30,30,0,14
25005641101,1400000US25005641101,1680,312,942,248,53,55,33,30,100,118,8,12,20,32,40,58,0,14,12,19,69,70,114,100,23,44,56,66,67,81,35,41,65,55,0,14,41,56,14,17,59,71,64,47,42,42,5,8,22,32,738,176,30,44,26,36,0,14,0,14,27,34,0,14,2,8,46,47,32,30,56,62,34,52,18,34,43,39,72,64,26,19,7,11,61,42,24,20,35,29,96,98,53,44,33,22,17,17
25005641200,1400000US25005641200,3409,757,1657,407,116,90,101,86,118,100,109,132,142,96,47,42,0,14,110,111,67,45,206,178,41,38,105,76,178,113,18,28,59,42,1,9,48,38,10,16,83,59,27,20,59,77,11,18,1,10,1752,475,73,72,26,34,139,182,43,35,134,137,12,17,57,89,90,76,64,52,81,66,112,110,217,189,122,99,141,96,125,84,22,25,84,81,14,21,20,23,23,25,85,86,12,19,56,51
25005641300,1400000US25005641300,5958,777,3248,519,209,105,227,163,491,237,241,135,59,68,76,77,0,19,19,22,225,154,183,112,281,151,241,142,58,51,209,133,20,35,54,83,286,158,12,19,131,97,124,80,69,58,33,52,0,19,2710,497,159,109,294,152,54,57,153,152,16,27,19,41,0,19,0,19,315,190,301,141,225,160,236,135,42,52,158,111,85,77,113,97,281,123,63,61,38,45,92,53,13,20,31,50,22,36
25005641400,1400000US25005641400,3282,488,1874,373,154,93,73,64,248,181,45,40,0,14,45,53,21,36,64,64,93,65,248,177,61,53,106,65,56,48,50,64,165,189,8,13,206,111,0,14,117,75,50,53,31,33,10,15,23,33,1408,244,28,29,37,38,64,57,0,14,27,39,14,21,81,94,165,101,128,83,138,143,71,59,103,66,34,35,50,53,66,57,22,35,86,71,10,15,37,28,111,58,111,73,15,17,10,16
25005641500,1400000US25005641500,2734,377,1440,278,40,44,80,83,64,44,63,49,15,25,0,14,52,39,44,68,163,154,151,94,95,80,162,80,57,48,162,73,77,57,8,13,43,42,5,9,38,28,31,40,67,81,16,26,7,12,1294,276,57,54,99,77,70,46,100,88,24,28,37,33,0,14,110,133,58,66,60,65,138,83,130,77,61,53,44,32,127,89,23,23,5,7,9,13,38,41,27,23,9,11,55,37,13,15
25005641600,1400000US25005641600,2470,439,1008,258,37,38,58,63,143,85,47,57,17,26,11,17,23,37,0,14,84,42,35,41,120,91,44,46,58,56,77,49,116,70,46,40,20,21,33,29,14,11,17,19,0,14,0,14,8,14,1462,304,115,112,91,38,25,33,24,31,50,51,0,14,8,12,20,24,146,140,11,18,141,96,91,74,68,41,143,57,68,57,97,63,44,40,68,49,47,31,73,50,15,23,55,48,62,57
25005641700,1400000US25005641700,4883,681,2374,491,56,61,125,133,59,58,19,36,0,14,61,68,30,49,117,82,62,95,94,122,162,98,140,96,371,267,247,135,269,148,64,66,29,29,27,44,204,142,109,75,56,50,29,31,44,41,2509,430,113,101,19,39,83,69,73,91,0,14,18,31,0,14,17,30,147,106,449,286,173,138,81,64,197,121,253,140,220,141,36,33,119,59,50,54,60,82,99,59,104,109,63,84,135,54
25005641800,1400000US25005641800,2037,288,935,150,26,29,0,14,10,16,34,29,24,34,0,14,0,14,100,67,40,29,75,47,127,49,54,35,103,51,60,36,36,33,38,40,69,54,8,10,28,37,50,38,0,14,7,8,46,51,1102,189,24,25,54,45,74,50,45,36,33,32,21,32,20,24,81,73,52,39,112,50,67,39,67,45,112,62,60,41,44,33,14,13,45,30,27,30,5,9,50,40,13,17,68,53,14,14
25005641900,1400000US25005641900,2933,492,1313,263,112,67,165,103,33,38,46,67,0,14,11,20,21,36,39,33,149,94,113,87,112,79,69,54,94,64,127,83,76,69,0,14,29,33,10,16,58,50,14,18,25,32,10,14,0,14,1620,288,215,96,59,30,57,62,107,85,0,14,19,31,0,14,113,62,304,120,188,77,26,42,46,46,118,125,37,37,25,26,35,35,50,40,35,42,5,9,39,38,3,5,59,67,80,36
25005642000,1400000US25005642000,3369,410,1747,279,126,95,142,56,91,84,60,49,25,31,8,14,109,57,148,126,130,82,139,92,148,145,122,140,95,65,57,62,127,101,105,75,39,42,15,26,11,18,16,17,0,14,0,14,34,26,1622,242,37,49,82,62,88,86,26,26,27,31,43,55,24,40,89,80,188,83,135,71,178,168,89,62,39,49,134,66,86,72,29,36,101,77,0,14,33,43,16,19,60,49,59,40,59,56
25005642100,1400000US25005642100,4488,861,2247,541,62,75,239,210,87,79,45,55,0,14,0,14,0,14,102,117,445,251,268,132,158,108,95,95,90,90,57,60,146,129,0,14,80,47,99,102,168,105,58,52,14,24,34,32,0,14,2241,507,62,67,134,106,127,96,27,32,0,14,68,104,0,14,75,105,245,201,322,251,146,103,58,57,84,76,67,63,247,175,107,86,62,53,21,25,132,86,91,85,149,89,0,14,17,26
25005642200,1400000US25005642200,3558,455,1728,266,136,112,43,40,48,64,116,86,19,29,0,14,51,47,31,40,152,107,101,71,48,45,92,47,89,66,119,73,70,63,89,68,119,95,36,41,13,21,158,115,70,54,87,88,41,31,1830,334,38,27,47,48,123,193,41,39,20,25,0,14,0,14,81,82,79,52,119,72,115,79,75,46,73,59,136,74,107,51,27,32,152,127,35,33,82,49,115,77,135,64,75,51,155,77
25005642300,1400000US25005642300,2063,261,1001,149,21,24,74,48,39,39,0,14,44,40,32,31,0,14,31,26,76,41,38,35,86,48,70,42,14,15,51,32,72,45,33,34,68,40,71,35,22,18,40,26,91,49,11,11,17,18,1062,160,31,25,24,20,68,47,31,24,5,8,8,13,5,10,19,17,37,24,74,39,107,80,73,39,75,47,69,43,50,43,68,24,66,26,16,14,23,18,112,38,42,31,32,23,27,16
25005642400,1400000US25005642400,2847,484,1125,243,12,20,55,45,35,29,12,18,36,47,0,14,1,3,24,27,21,19,17,28,336,191,23,30,98,52,91,76,71,45,30,30,40,37,12,21,15,22,60,31,60,44,56,54,20,21,1722,324,84,92,27,28,141,112,98,55,0,14,0,14,8,13,87,73,27,25,275,189,196,127,16,20,76,46,120,60,117,56,51,46,40,37,77,56,66,40,74,45,55,46,41,46,46,55
25005642500,1400000US25005642500,4855,409,2304,271,81,59,95,86,108,75,105,106,55,55,31,48,73,62,33,34,128,85,192,101,73,50,176,90,248,106,154,89,131,77,175,104,67,55,15,18,121,56,93,54,87,40,11,13,52,37,2551,293,85,55,52,55,176,137,73,51,87,63,0,14,36,41,0,14,81,75,135,100,111,112,282,124,133,67,153,85,350,180,83,70,128,104,39,32,125,82,126,53,123,55,103,62,70,32
25005644101,1400000US25005644101,6112,536,2946,362,124,81,206,131,146,92,41,38,82,71,37,42,24,27,29,35,24,30,186,98,208,96,206,121,120,92,246,97,374,232,85,71,89,62,84,112,180,168,254,119,113,75,57,49,31,33,3166,348,128,90,128,68,199,128,129,81,39,47,0,19,0,19,62,45,157,81,124,86,152,81,158,82,177,98,254,100,79,68,113,76,126,71,188,125,179,168,244,141,196,94,149,79,185,154
25005644102,1400000US25005644102,5070,470,2451,270,122,82,265,134,165,81,84,49,26,28,11,18,10,15,65,40,163,85,156,66,179,100,133,53,160,60,166,66,126,78,55,34,104,46,46,31,46,31,103,60,106,53,98,49,62,40,2619,289,200,85,162,114,104,71,53,57,67,56,11,16,7,10,68,59,154,90,143,68,188,103,156,72,134,56,204,93,241,79,65,46,100,62,97,76,88,41,125,56,164,72,47,30,41,30
25005644200,1400000US25005644200,7116,542,3306,408,136,100,79,63,93,77,106,84,22,38,0,19,25,40,123,83,192,126,295,128,225,96,131,79,455,299,206,98,221,109,34,39,207,113,55,53,135,79,133,76,157,107,65,47,211,209,3810,378,196,99,228,111,250,130,114,76,61,61,30,36,35,39,45,46,199,114,246,116,250,141,265,96,269,112,127,94,302,129,136,90,72,52,99,67,137,86,162,81,196,93,102,53,289,201
25005645101,1400000US25005645101,5472,576,2538,321,133,106,46,42,114,64,159,122,0,19,13,21,0,19,47,54,326,186,363,240,217,149,98,57,197,122,186,138,225,97,31,40,29,38,30,34,77,46,76,49,73,54,64,51,34,36,2934,385,181,89,152,86,22,32,48,54,10,17,101,112,0,19,87,79,289,136,189,125,196,105,104,91,138,65,326,209,200,108,83,57,67,52,141,133,144,70,86,52,125,85,113,86,132,80
25005645102,1400000US25005645102,5906,620,2956,360,108,67,93,85,304,173,281,148,57,51,17,26,12,20,68,63,34,40,107,75,195,158,254,195,237,119,202,97,135,68,104,121,134,78,67,60,122,93,162,98,168,81,32,35,63,51,2950,428,12,20,266,219,347,163,86,76,40,37,28,33,0,19,57,45,44,43,78,67,94,62,219,141,329,125,217,90,33,33,66,48,65,56,106,70,221,117,144,88,289,166,143,91,66,54
25005645103,1400000US25005645103,5981,577,2835,287,229,141,186,110,148,99,83,73,90,81,0,19,0,19,78,99,111,69,269,127,103,86,201,110,103,63,149,98,201,107,94,67,127,102,36,35,73,51,241,93,201,126,42,57,70,83,3146,534,189,137,238,169,131,95,0,19,0,19,92,78,0,19,80,60,224,182,270,117,87,80,175,112,114,73,172,106,86,63,200,99,95,60,90,66,264,154,319,190,198,100,36,39,86,56
25005646101,1400000US25005646101,8110,535,4206,355,280,204,207,78,445,163,101,74,76,75,99,75,44,65,0,19,326,169,123,88,237,112,328,135,138,98,518,255,407,198,148,133,94,74,124,77,115,88,166,86,108,73,87,58,35,39,3904,370,76,72,165,128,280,216,89,91,69,65,65,102,1,3,133,138,181,96,302,146,236,111,265,201,318,177,155,82,379,119,60,59,192,110,125,66,74,51,282,142,167,80,245,110,45,42
25005646103,1400000US25005646103,5897,540,2838,359,19,35,117,78,299,197,34,43,21,35,13,20,28,46,182,124,107,108,21,32,125,97,71,64,186,87,415,208,318,180,120,92,98,73,35,33,72,74,216,159,181,94,93,57,67,51,3059,383,51,45,156,78,76,62,88,61,59,54,71,68,20,31,115,107,106,96,64,55,129,67,153,91,334,158,341,193,211,107,102,70,157,129,99,120,128,84,247,115,258,106,70,63,24,28
25005646104,1400000US25005646104,2477,380,1220,205,16,23,21,25,0,14,22,39,19,26,19,20,0,14,38,37,32,42,19,27,61,34,48,45,49,39,112,81,72,45,111,62,90,56,36,45,130,50,76,45,128,72,87,57,34,32,1257,245,70,26,60,36,39,65,15,17,9,16,0,14,0,14,47,40,16,27,18,22,53,44,73,48,10,15,106,91,180,69,32,28,90,79,27,33,71,46,147,60,61,42,92,64,41,51
25005650101,1400000US25005650101,5540,719,2793,434,92,89,128,132,123,69,101,90,22,28,29,45,0,19,235,231,163,99,189,112,248,144,219,161,154,100,225,97,219,140,25,30,214,145,17,25,38,49,136,76,83,53,43,42,90,80,2747,411,87,63,143,117,80,50,35,50,172,165,12,22,0,19,33,48,31,35,248,130,268,141,234,160,175,114,129,96,234,153,125,81,76,58,17,23,58,55,190,85,111,66,176,124,113,56
25005650102,1400000US25005650102,5489,671,2305,412,81,93,284,144,129,127,81,79,159,139,0,19,0,19,19,31,169,134,117,81,222,115,229,173,109,80,68,56,212,156,30,37,147,129,45,42,27,31,109,67,16,31,0,19,52,48,3184,495,196,129,238,190,426,234,185,206,147,122,0,19,0,19,169,115,79,78,61,45,385,169,62,87,363,201,100,77,137,80,121,86,103,97,50,81,121,72,85,56,29,34,81,55,46,44
25005650201,1400000US25005650201,3190,878,1678,599,228,229,32,30,41,43,117,127,14,23,0,14,79,111,49,44,92,49,111,86,70,53,46,41,151,138,87,46,131,57,58,45,136,80,63,66,47,33,58,45,19,22,33,33,16,20,1512,358,93,67,31,30,8,15,73,76,76,47,0,14,61,95,22,35,134,78,37,35,47,42,195,136,22,19,164,62,174,102,23,25,75,57,68,40,98,59,42,24,34,26,11,18,24,22
25005650202,1400000US25005650202,1981,309,926,184,82,43,41,34,77,39,36,32,51,41,23,25,0,14,55,47,87,87,12,14,45,30,131,93,28,30,25,22,33,22,1,2,37,29,43,28,19,14,39,27,42,28,0,14,19,14,1055,153,19,29,52,30,80,41,33,28,59,30,0,14,49,60,0,14,50,32,44,23,96,86,73,38,82,58,59,33,63,31,30,27,44,26,25,17,29,21,37,20,50,30,16,14,65,28
25005650300,1400000US25005650300,3276,569,1653,347,88,107,19,29,142,100,34,33,65,83,0,14,0,14,63,49,262,151,51,43,147,105,103,52,217,114,31,27,110,66,54,41,38,33,43,37,65,38,49,41,41,29,4,8,27,31,1623,286,68,48,52,46,104,66,50,64,14,25,18,27,5,11,13,24,184,131,53,49,141,78,198,113,92,85,78,40,154,74,26,25,81,58,46,68,20,14,116,76,39,29,13,16,58,34
25005650400,1400000US25005650400,3983,582,2118,380,284,118,170,119,136,103,118,132,69,53,0,14,0,14,41,40,74,63,167,98,212,113,196,127,185,103,172,101,81,49,27,43,16,19,9,13,9,16,49,36,36,31,18,30,49,51,1865,291,180,93,187,101,28,32,98,69,21,25,13,21,0,14,89,77,152,98,176,81,200,136,101,71,146,75,88,75,53,37,10,16,24,25,61,43,51,40,59,37,53,43,24,26,51,50
25005650500,1400000US25005650500,3479,378,1954,293,83,50,130,71,49,50,70,63,36,46,0,14,0,14,156,95,177,109,158,85,238,115,48,42,113,125,159,169,133,60,32,37,53,41,56,52,114,136,33,33,38,40,47,40,31,39,1525,245,87,68,43,39,69,61,29,34,52,55,10,16,0,14,83,79,109,87,178,60,91,58,27,28,62,45,117,83,154,92,0,14,69,50,47,41,17,28,103,125,49,46,122,95,7,11
25005650600,1400000US25005650600,2894,548,1639,425,241,188,132,130,0,14,107,95,18,34,143,77,0,14,110,121,47,62,137,135,113,69,45,46,63,68,65,18,139,81,31,34,22,26,80,112,42,40,31,29,73,70,0,14,0,14,1255,265,67,81,0,14,17,31,70,84,0,14,75,121,31,41,13,19,202,133,10,15,123,67,63,66,24,33,47,43,44,57,74,115,45,46,32,41,46,37,148,57,34,26,10,16,80,109
25005650700,1400000US25005650700,2305,424,1296,243,54,55,88,62,63,39,69,66,86,86,0,14,0,14,123,92,81,43,211,109,106,69,26,27,51,47,61,60,163,91,0,14,42,53,9,14,0,14,23,26,0,14,25,27,15,21,1009,246,67,51,62,79,31,37,14,22,19,34,14,23,0,14,224,163,87,70,124,91,77,39,17,28,74,75,30,38,46,53,0,14,23,20,0,14,24,39,41,41,7,10,28,36,0,14
25005650800,1400000US25005650800,4218,631,2355,372,261,141,125,96,175,120,211,94,51,64,91,60,34,52,40,53,153,112,218,141,139,109,122,115,232,107,120,65,149,86,3,8,29,28,99,100,35,41,38,35,30,34,0,14,0,14,1863,356,246,133,103,81,72,63,98,110,37,56,0,14,44,72,86,81,261,115,86,70,233,101,57,64,151,97,120,71,31,47,27,32,3,8,48,45,23,24,26,31,24,21,32,41,55,37
25005650900,1400000US25005650900,3016,599,1399,312,116,92,243,138,135,143,131,97,0,14,0,14,8,16,69,72,103,88,92,85,89,75,77,83,95,95,27,43,32,39,31,29,47,50,13,21,8,14,9,15,33,41,0,14,41,47,1617,376,121,91,48,46,89,83,135,118,64,53,0,14,0,14,17,21,144,91,223,233,97,75,128,100,37,49,62,67,76,58,27,34,85,56,19,22,73,59,81,73,18,19,66,60,7,13
25005651001,1400000US25005651001,2856,352,1558,270,75,58,64,69,79,67,84,95,43,55,0,14,10,16,144,127,39,41,96,67,89,57,28,29,159,118,83,71,97,64,13,17,73,61,24,23,53,44,51,34,141,77,58,56,55,32,1298,191,7,11,52,62,29,35,53,48,0,14,18,23,7,11,67,70,78,57,17,19,104,67,51,56,130,83,61,60,49,37,49,38,27,25,108,61,30,26,115,55,107,47,90,49,49,22
25005651002,1400000US25005651002,4098,556,2115,356,115,67,124,79,250,116,186,111,4,11,121,94,0,14,24,32,59,45,166,72,75,36,220,144,157,105,171,94,84,65,34,30,42,47,6,11,101,60,75,53,37,32,36,37,28,10,1983,287,79,62,124,76,132,96,122,69,7,13,0,14,0,14,74,74,100,59,136,67,162,65,91,54,205,138,154,91,24,22,82,64,63,48,59,61,114,53,122,51,41,35,38,34,54,59
25005651100,1400000US25005651100,5458,787,2626,462,176,113,78,69,160,120,178,85,89,66,0,19,17,27,270,128,140,85,127,76,387,191,76,51,93,60,109,70,201,92,17,31,83,54,65,80,58,44,82,75,81,96,0,19,139,165,2832,465,246,127,131,107,218,108,194,107,54,54,56,57,29,44,184,109,111,78,50,55,218,94,258,125,172,56,73,58,186,86,81,70,70,60,19,21,103,102,198,201,57,45,18,20,106,164
25005651200,1400000US25005651200,2491,478,1230,310,190,100,67,61,79,59,53,47,11,18,8,14,0,14,31,41,139,69,100,69,151,80,71,53,135,70,79,59,38,29,18,28,18,53,6,11,9,14,17,20,0,14,0,14,10,15,1261,236,102,57,42,43,118,60,66,59,0,14,0,14,9,17,166,106,140,59,138,77,126,72,79,53,57,36,87,59,4,8,18,18,32,36,0,14,43,30,27,27,0,14,7,9,0,14
25005651300,1400000US25005651300,2231,338,1087,195,57,55,71,55,10,13,15,17,0,14,0,14,18,19,37,42,114,68,104,71,215,129,80,63,80,57,32,34,16,22,69,63,30,29,1,2,37,28,31,24,22,22,35,38,13,18,1144,233,121,99,126,76,18,31,31,36,6,11,23,37,0,14,57,60,69,60,79,61,137,74,87,56,77,50,18,21,56,44,2,5,31,47,45,33,12,18,57,46,30,34,23,32,39,35
25005651400,1400000US25005651400,3501,481,1857,342,90,69,173,135,128,97,65,45,112,75,0,14,0,14,85,86,97,71,79,60,102,102,140,61,254,163,129,66,112,63,6,10,34,27,128,152,9,12,43,41,39,40,14,17,18,30,1644,233,76,41,71,44,129,61,32,29,45,52,45,49,26,31,43,51,160,93,189,88,85,52,67,63,261,88,38,33,22,32,0,14,52,46,19,24,30,30,112,60,39,35,70,64,33,36
25005651500,1400000US25005651500,3172,460,1541,301,207,97,87,75,110,85,99,71,11,26,47,49,21,28,53,43,104,77,52,66,86,58,84,68,40,42,76,55,97,61,21,24,71,59,36,50,12,22,167,150,17,22,43,68,0,14,1631,298,148,81,42,40,88,60,70,59,11,17,0,14,13,22,70,50,143,67,88,54,114,58,106,71,73,49,112,77,147,68,13,20,34,31,192,164,43,47,38,36,26,26,20,23,40,43
25005651600,1400000US25005651600,3732,788,2197,624,151,133,225,177,192,123,74,75,43,55,10,18,7,14,10,17,234,153,222,160,91,95,203,113,262,131,111,78,96,67,42,51,47,50,11,32,66,65,59,33,32,30,9,14,0,14,1535,315,55,67,22,28,79,79,114,66,25,39,39,53,0,14,103,86,100,64,106,125,203,98,14,18,184,104,116,83,124,98,6,10,1,16,22,24,57,35,84,46,38,33,25,32,18,20
25005651700,1400000US25005651700,2410,416,1266,250,214,177,24,32,112,86,99,96,0,14,9,14,12,20,83,35,124,71,38,24,94,49,66,55,52,67,66,55,21,19,27,30,115,123,32,22,0,14,25,23,53,42,0,14,0,14,1144,258,34,52,109,89,110,86,4,10,0,14,21,28,0,14,67,36,114,87,68,69,69,66,69,40,47,46,117,101,74,85,0,14,97,75,26,28,0,14,59,29,8,14,14,23,37,43
25005651800,1400000US25005651800,1901,230,937,178,0,14,0,14,59,60,5,12,0,14,0,14,27,42,42,70,29,32,43,53,34,30,29,46,39,32,179,126,94,76,46,37,48,33,61,54,44,55,42,41,69,76,10,16,37,62,964,218,0,14,19,31,0,14,0,14,0,14,0,14,0,14,76,68,20,22,101,63,21,22,47,44,10,16,29,47,86,72,121,129,190,190,35,27,47,50,100,83,26,26,18,20,18,21
25005651900,1400000US25005651900,2114,293,1136,252,46,38,156,66,41,33,49,43,47,61,5,10,13,16,43,55,26,41,68,51,33,36,166,76,27,21,76,64,56,46,57,84,20,27,5,8,33,28,106,119,26,20,0,14,37,34,978,171,45,36,70,36,67,34,25,32,44,32,0,14,10,16,43,74,92,70,114,50,140,70,41,40,16,12,60,43,32,23,2,12,38,32,52,63,11,18,32,20,37,36,7,12,0,14
25005652000,1400000US25005652000,3204,477,1647,360,73,75,269,160,74,70,86,69,38,32,10,15,16,22,71,79,100,58,108,62,39,35,79,59,124,82,161,74,64,93,57,92,67,63,0,14,64,49,33,31,33,39,71,76,10,20,1557,202,92,70,55,42,131,73,20,24,25,27,0,14,0,14,57,45,218,117,122,80,154,123,162,100,90,46,60,70,93,61,35,28,55,38,11,17,12,20,75,71,50,38,23,32,17,22
25005652100,1400000US25005652100,2885,431,1399,247,117,48,77,61,60,55,57,45,44,28,0,14,0,14,54,46,111,72,100,94,142,70,65,51,19,24,61,50,159,55,34,40,40,38,119,96,23,27,52,41,15,18,0,14,50,44,1486,288,80,81,79,54,87,92,100,70,41,40,0,14,61,63,59,60,64,54,71,64,68,55,90,59,68,51,107,78,222,110,36,34,36,33,66,71,22,27,68,50,53,40,8,12,0,14
25005652200,1400000US25005652200,2899,377,1419,263,25,32,96,43,141,112,22,33,6,11,18,26,23,35,147,116,68,55,78,47,63,48,71,43,113,79,95,56,104,98,30,39,0,14,0,14,70,67,76,47,80,47,82,50,11,14,1480,215,56,42,93,84,98,71,43,43,0,14,0,14,0,14,115,100,98,56,24,25,101,52,68,51,111,93,189,73,46,40,45,52,43,30,43,36,31,27,97,50,116,52,47,40,16,27
25005652300,1400000US25005652300,2517,726,1232,274,9,15,128,71,251,219,47,47,38,46,10,17,0,14,42,68,48,41,195,140,82,77,102,76,13,23,27,28,57,39,0,14,53,61,13,24,66,54,0,14,31,28,8,13,12,18,1285,511,88,60,180,223,10,18,22,26,15,28,26,38,14,25,44,56,33,29,90,54,91,65,215,261,51,64,38,46,187,92,11,18,30,28,18,20,9,16,32,30,8,13,44,31,29,26
25005652400,1400000US25005652400,2924,483,1257,242,85,75,150,72,85,39,52,49,4,9,0,14,25,25,79,64,141,72,137,107,47,35,94,60,66,62,80,61,76,52,11,17,0,14,14,20,35,31,26,29,49,37,0,14,1,2,1667,346,115,85,57,49,194,136,148,119,0,14,9,15,0,14,80,66,127,85,73,62,128,82,187,146,73,55,95,67,38,42,11,18,76,55,23,21,27,33,124,67,9,14,21,21,52,39
25005652500,1400000US25005652500,3337,568,1841,329,145,143,232,149,127,71,36,56,14,34,0,14,2,4,130,102,203,143,121,105,230,134,98,68,119,81,92,79,70,57,106,92,11,17,8,13,20,28,35,33,18,21,24,27,0,14,1496,319,126,82,79,61,192,85,129,94,6,18,0,14,13,30,52,63,122,82,228,105,127,103,47,57,54,63,142,112,22,24,0,14,45,36,32,32,0,14,42,46,17,20,21,22,0,14
25005652600,1400000US25005652600,3399,642,1703,392,239,155,27,43,280,126,28,42,114,114,0,14,0,14,347,219,184,151,0,14,35,41,125,84,42,44,149,123,55,70,0,14,10,21,0,14,3,8,33,46,21,23,11,18,0,14,1696,385,152,169,9,14,124,93,107,86,9,16,105,98,0,14,106,120,61,60,180,122,197,163,40,47,129,112,107,89,69,70,10,20,15,20,62,76,8,14,96,90,61,70,0,14,49,73
25005652700,1400000US25005652700,3469,576,1606,271,95,85,192,134,89,67,33,32,103,69,0,14,19,35,82,65,92,58,90,61,68,60,38,35,91,59,123,77,95,73,96,62,53,38,98,86,45,36,19,25,61,39,24,34,0,14,1863,429,185,115,144,108,96,56,72,84,32,31,0,14,56,57,99,79,199,157,141,90,79,59,151,84,96,85,107,71,92,71,17,22,38,33,27,42,17,21,99,47,72,60,0,14,44,37
25005652800,1400000US25005652800,3029,440,1498,250,53,36,27,32,30,33,0,14,0,14,0,14,0,14,63,77,97,55,250,132,90,72,9,16,45,32,109,87,124,79,108,65,83,46,65,43,157,117,89,51,17,21,24,25,58,43,1531,309,56,49,26,26,120,81,93,112,0,14,0,14,13,22,87,83,76,58,64,56,157,150,48,36,29,32,186,94,96,56,94,89,54,31,82,55,48,35,104,46,64,51,14,15,20,23
25005653101,1400000US25005653101,7056,657,3243,554,105,107,108,81,109,74,79,77,44,53,143,215,46,68,58,47,303,183,229,136,80,62,309,188,227,119,187,90,212,96,134,94,120,63,49,43,158,140,279,115,195,85,61,53,8,14,3813,405,194,115,240,164,225,121,145,127,91,79,0,19,14,23,56,75,192,96,199,142,393,200,284,185,94,74,287,120,281,116,63,46,147,80,101,71,166,103,244,102,151,114,112,68,134,81
25005653102,1400000US25005653102,5104,452,2746,274,78,65,128,108,205,53,181,104,49,47,50,46,45,59,69,52,182,103,157,68,276,122,196,80,150,83,202,89,255,85,107,54,94,79,55,48,98,44,36,26,75,53,33,25,25,19,2358,264,91,106,128,70,69,51,145,98,37,34,10,17,36,51,50,36,122,69,215,129,205,86,103,59,138,78,199,86,343,87,80,51,50,36,41,37,62,34,95,44,70,44,37,26,32,31
25005653203,1400000US25005653203,4878,616,2146,452,116,83,101,116,98,94,52,55,20,34,0,14,68,81,89,76,155,93,152,121,65,71,96,78,150,97,202,158,198,114,52,62,129,81,36,35,55,41,130,75,69,53,69,58,44,48,2732,387,85,81,88,79,149,167,54,87,17,28,33,52,0,14,84,71,117,82,193,109,160,154,230,181,353,250,137,85,158,109,17,30,239,152,48,51,29,36,221,105,99,61,80,92,141,121
25005653204,1400000US25005653204,3306,393,1844,236,81,56,69,43,110,41,44,35,97,71,0,14,49,44,179,100,101,60,196,84,40,32,88,56,180,83,104,79,188,111,67,51,43,43,32,53,45,32,59,38,39,31,33,50,0,14,1462,223,8,13,109,65,46,35,79,64,67,51,0,14,5,7,13,18,76,78,106,74,42,32,83,44,147,59,173,85,158,93,23,21,68,52,62,59,28,25,62,37,72,57,17,22,18,23
25005653301,1400000US25005653301,5112,555,2322,406,45,52,223,153,25,34,64,58,184,150,23,38,0,19,0,19,87,79,99,74,190,135,87,78,117,81,83,71,166,87,65,39,58,50,72,65,195,131,178,98,209,120,76,74,76,79,2790,311,69,70,54,83,121,101,42,64,36,42,33,59,0,19,142,108,94,68,144,106,181,126,77,67,154,121,177,84,155,92,51,57,186,127,67,48,227,116,181,99,275,148,138,79,186,118
25005653304,1400000US25005653304,3341,425,1659,191,52,53,62,76,143,124,64,60,11,19,0,14,0,14,83,81,3,10,26,35,196,92,17,25,16,18,89,53,166,76,108,65,90,50,88,57,124,89,152,61,70,45,47,35,52,44,1682,288,47,40,39,33,47,50,40,44,89,67,43,43,144,208,11,17,40,44,47,38,127,57,45,27,43,37,109,63,94,53,123,61,120,82,22,25,112,57,188,68,75,42,19,21,58,43
25005654100,1400000US25005654100,7457,366,3437,286,220,112,133,96,232,149,128,109,0,19,0,19,0,19,164,123,264,132,245,114,202,91,68,54,247,116,191,89,292,104,74,57,157,91,81,65,81,67,265,99,252,127,22,27,119,120,4020,331,117,81,185,137,548,251,127,92,42,49,92,96,40,50,238,152,174,106,137,80,252,123,210,92,283,124,204,107,217,72,153,82,202,125,126,140,182,112,269,125,137,71,60,58,25,28
25005654200,1400000US25005654200,3167,360,1475,203,67,47,93,83,25,34,39,30,6,13,0,14,0,14,79,55,64,43,75,40,136,93,32,31,63,55,6,10,247,93,50,36,46,53,23,28,111,74,58,37,122,98,83,77,50,35,1692,247,94,76,77,53,59,50,9,15,21,19,16,26,22,37,109,77,117,73,88,75,60,37,60,41,130,82,108,69,169,74,44,34,39,33,59,43,41,32,103,69,134,90,84,101,49,35
25005655100,1400000US25005655100,4519,566,2082,261,101,77,48,38,144,77,153,113,0,14,37,24,21,22,98,74,135,81,68,52,206,122,149,99,131,80,187,79,114,67,56,42,106,71,15,22,87,53,78,41,45,36,8,13,95,77,2437,396,41,27,212,250,299,135,198,123,28,36,0,14,17,19,70,42,55,34,87,57,178,93,214,93,256,100,79,40,98,51,98,59,79,45,28,24,45,31,146,88,95,58,25,21,89,44
25005655200,1400000US25005655200,4337,504,2086,419,26,39,122,79,75,70,42,36,41,51,20,32,0,14,71,65,268,129,59,65,148,92,91,78,94,103,54,56,542,399,12,20,45,50,65,71,86,83,73,60,58,63,74,47,20,16,2251,304,111,111,76,68,45,38,11,17,68,71,0,14,55,59,0,14,239,137,86,84,48,45,121,82,103,78,216,116,82,59,35,38,144,104,78,67,103,68,207,139,78,52,83,48,262,217
25005655300,1400000US25005655300,3364,379,1521,209,113,62,61,69,95,74,8,14,26,33,0,14,23,31,33,40,100,61,90,66,158,56,123,90,74,64,81,100,96,51,80,59,56,41,25,32,29,29,83,56,58,40,29,27,80,68,1843,276,16,26,85,53,100,66,56,67,90,117,1,3,54,54,62,59,77,52,155,61,51,46,194,120,38,33,61,55,100,57,103,68,123,62,36,33,65,62,136,61,68,48,23,26,149,82
25005655400,1400000US25005655400,3683,319,1719,185,41,39,56,44,107,56,22,28,0,14,0,14,9,14,41,32,111,82,57,40,81,56,79,52,59,43,79,45,126,57,216,126,80,49,136,66,88,50,183,73,72,38,60,36,16,17,1964,186,93,54,42,34,57,45,39,40,0,14,0,14,0,14,24,25,54,33,155,76,54,41,108,55,90,54,119,68,225,118,139,56,79,43,75,54,111,70,240,79,83,68,44,33,133,85
25005985500,1400000US25005985500,4531,180,2154,264,31,26,39,33,14,15,46,28,747,194,351,123,241,149,151,69,35,26,12,12,53,20,11,13,34,23,62,31,52,26,34,20,68,59,48,31,42,37,47,29,17,15,0,14,19,25,2377,282,34,32,14,16,19,19,16,18,875,268,285,91,481,266,149,74,42,27,8,10,42,26,28,19,38,21,63,31,58,29,24,21,63,44,30,24,40,26,6,9,45,34,5,7,12,13
25005985600,1400000US25005985600,5545,401,2459,224,50,44,152,68,129,60,49,34,341,118,218,77,193,102,106,87,83,53,83,51,142,95,96,63,82,48,159,62,208,91,14,19,30,22,52,41,63,57,76,35,81,38,46,34,6,10,3086,391,110,49,40,37,199,160,216,109,546,202,194,106,234,102,207,86,80,60,148,84,213,113,48,40,121,59,191,84,176,68,44,28,52,40,78,29,61,40,68,39,39,26,21,20,0,19
25005990000,1400000US25005990000,0,14,0,14,0,14,0,14,0,14,0,14,0,14,0,14,0,14,0,14,0,14,0,14,0,14,0,14,0,14,0,14,0,14,0,14,0,14,0,14,0,14,0,14,0,14,0,14,0,14,0,14,0,14,0,14,0,14,0,14,0,14,0,14,0,14,0,14,0,14,0,14,0,14,0,14,0,14,0,14,0,14,0,14,0,14,0,14,0,14,0,14,0,14,0,14,0,14
25007200100,1400000US25007200100,4893,17,2155,250,41,50,120,69,36,41,99,77,50,72,0,14,26,44,30,52,63,84,146,98,77,54,64,60,106,75,267,167,537,257,35,53,0,14,0,14,180,144,58,68,48,61,0,14,172,166,2738,246,122,99,113,65,178,101,55,34,134,108,0,14,0,14,0,14,236,168,110,91,75,69,159,113,88,71,129,81,365,204,227,189,73,98,74,98,0,14,138,129,172,133,34,46,256,160
25007200200,1400000US25007200200,5407,20,2482,342,113,102,71,94,338,173,117,124,0,19,0,19,0,19,0,19,0,19,281,261,184,212,132,171,228,193,151,132,194,162,0,19,123,142,136,158,10,19,245,163,18,26,51,66,90,130,2925,344,157,118,74,94,215,180,238,153,0,19,0,19,124,139,0,19,140,92,217,137,270,266,231,202,115,148,207,172,192,149,0,19,137,162,0,19,32,43,237,191,179,143,95,85,65,80
25007200300,1400000US25007200300,5278,12,2794,309,23,27,48,72,59,75,47,45,70,126,70,126,33,55,1,3,515,376,164,148,179,219,250,354,0,19,94,79,84,90,161,159,184,145,45,77,15,25,362,214,207,166,0,19,183,211,2484,311,30,37,197,112,93,81,31,46,1,3,0,19,99,131,27,59,185,97,175,125,42,66,108,123,51,60,251,178,93,97,173,198,170,119,18,29,253,203,168,118,113,125,143,142,63,75
25007200400,1400000US25007200400,5355,17,2694,222,171,99,28,28,234,159,110,96,64,94,0,19,5,13,47,50,20,30,118,103,123,91,233,208,71,84,236,141,312,182,39,40,199,142,75,54,95,60,288,130,143,67,72,41,11,13,2661,221,130,73,83,47,66,41,76,60,71,76,6,11,5,8,15,21,81,63,57,59,61,61,262,172,268,148,156,108,153,119,56,39,121,73,121,76,371,155,328,183,105,65,57,36,12,19
25007990000,1400000US25007990000,0,14,0,14,0,14,0,14,0,14,0,14,0,14,0,14,0,14,0,14,0,14,0,14,0,14,0,14,0,14,0,14,0,14,0,14,0,14,0,14,0,14,0,14,0,14,0,14,0,14,0,14,0,14,0,14,0,14,0,14,0,14,0,14,0,14,0,14,0,14,0,14,0,14,0,14,0,14,0,14,0,14,0,14,0,14,0,14,0,14,0,14,0,14,0,14,0,14
25009201100,1400000US25009201100,3325,17,1554,170,89,51,73,46,31,43,33,24,34,31,7,12,10,15,61,49,103,76,46,39,131,68,20,23,51,34,91,46,125,65,71,48,110,59,59,48,57,35,186,54,58,38,88,46,20,21,1771,168,38,35,41,34,21,22,41,31,0,14,11,21,6,10,15,23,25,26,58,42,80,54,48,32,59,37,135,53,147,66,75,51,236,192,166,78,130,53,242,134,76,39,41,33,80,55
25009202101,1400000US25009202101,2279,263,1096,180,38,24,61,32,64,43,28,21,12,13,7,10,13,15,72,64,35,40,24,19,70,37,79,45,142,59,44,29,86,49,63,41,62,37,8,9,43,25,60,24,27,17,14,13,44,30,1183,193,40,21,85,50,93,51,50,35,16,18,0,14,23,34,29,24,65,44,26,20,74,26,70,32,74,36,107,45,105,51,6,9,59,34,20,16,83,47,51,28,23,15,14,13,70,44
25009202103,1400000US25009202103,1547,353,653,121,47,33,24,28,27,30,21,21,33,52,6,12,0,14,16,20,47,39,25,21,49,42,94,70,58,38,42,39,31,27,30,29,35,38,0,14,26,30,17,27,25,32,0,14,0,14,894,275,168,195,64,29,39,30,20,25,19,29,0,14,7,10,70,88,86,68,39,29,72,40,40,49,46,33,39,31,36,30,28,34,21,24,5,7,43,42,29,22,7,11,8,12,8,12
25009202104,1400000US25009202104,5195,597,2360,372,165,105,182,154,75,77,58,50,22,38,59,87,0,19,9,18,147,109,142,104,337,345,91,61,177,91,135,92,113,77,19,28,104,80,44,38,133,81,156,143,99,87,53,57,40,35,2835,417,40,61,146,80,88,72,69,69,0,19,0,19,50,77,60,77,214,116,382,351,118,81,196,79,123,93,258,130,210,123,40,37,91,57,45,37,136,73,124,72,75,48,166,104,204,135
25009202200,1400000US25009202200,6256,655,2985,362,178,129,130,79,285,113,95,78,110,80,0,19,0,19,110,98,133,84,56,51,137,87,215,91,196,102,243,117,246,124,146,92,163,177,79,55,61,49,194,89,85,61,47,71,76,74,3271,409,191,131,293,114,167,89,36,38,40,45,37,44,20,32,214,186,112,96,64,56,228,110,147,61,262,114,300,126,240,121,47,40,205,183,63,54,179,82,110,68,187,114,86,76,43,41
25009203100,1400000US25009203100,7303,660,3444,329,98,83,223,72,321,146,234,120,63,57,21,34,14,23,135,99,34,47,171,88,160,95,232,125,133,74,538,193,255,103,195,99,65,56,72,55,73,62,108,83,201,87,82,58,16,26,3859,483,139,110,205,163,425,188,134,79,78,114,31,49,0,19,72,50,180,126,105,60,161,91,356,146,160,70,410,135,353,164,124,76,113,83,110,69,88,67,190,83,219,96,79,43,127,73
25009203200,1400000US25009203200,4673,518,2203,337,65,42,105,60,197,78,218,105,31,26,35,30,0,14,94,60,21,25,84,39,52,40,120,60,193,104,132,54,168,54,55,38,82,47,52,39,95,47,220,131,82,42,64,37,38,35,2470,265,64,46,124,63,197,88,111,66,135,119,0,14,0,14,55,48,11,16,156,68,44,35,141,54,85,45,311,96,119,64,140,100,151,67,40,30,127,59,197,82,139,60,75,56,48,52
25009203301,1400000US25009203301,4311,638,1950,309,85,48,30,30,193,85,124,105,0,14,0,14,0,14,86,68,67,51,37,26,128,53,128,62,152,69,131,104,189,144,52,35,96,54,56,41,91,50,136,90,82,45,45,52,42,33,2361,372,90,50,82,60,213,152,201,119,34,33,0,14,35,43,23,26,31,27,39,30,123,59,129,57,211,101,241,92,240,126,91,67,171,81,41,29,87,49,179,65,50,36,33,26,17,20
25009203302,1400000US25009203302,4126,589,2017,380,72,62,47,38,112,78,57,59,19,31,0,14,30,50,37,48,103,102,85,68,181,115,72,60,71,65,88,68,120,76,89,101,195,97,230,218,83,61,91,86,70,46,108,80,57,57,2109,330,134,85,23,27,122,125,100,72,50,58,0,14,0,14,63,63,105,106,122,92,174,103,59,59,102,61,98,76,261,157,39,43,58,54,186,179,0,14,197,110,150,90,24,27,42,51
25009204101,1400000US25009204101,4862,510,2049,286,61,76,39,54,141,90,102,50,64,45,27,16,16,23,59,61,137,83,256,112,236,128,135,81,83,64,197,95,207,134,32,31,26,31,27,25,41,37,84,55,46,48,24,22,9,14,2813,380,59,46,90,72,104,72,64,51,172,61,84,37,196,164,196,111,169,89,242,92,238,128,88,58,247,133,303,125,85,61,23,34,80,65,72,43,46,43,115,74,104,98,16,20,20,22
25009204102,1400000US25009204102,5206,445,2324,295,139,81,80,48,79,44,78,46,220,81,72,63,42,37,133,81,74,77,110,59,123,58,46,37,52,35,149,79,257,191,58,37,164,73,20,24,63,44,220,96,54,33,52,45,39,36,2882,285,72,60,69,43,36,37,23,21,255,91,200,64,154,100,164,99,76,67,317,162,116,57,148,67,84,55,80,50,181,83,25,28,163,54,81,94,110,71,269,84,126,57,65,39,68,45
25009204200,1400000US25009204200,5079,769,2490,500,191,177,0,19,121,78,55,67,39,57,60,68,0,19,148,157,367,162,273,137,330,184,130,120,162,109,122,98,64,55,12,19,144,119,30,35,40,64,114,98,75,80,0,19,13,22,2589,452,96,60,29,41,99,82,17,27,18,29,19,32,51,59,141,102,364,273,269,144,143,95,287,222,117,89,103,69,351,157,0,19,102,70,68,52,52,77,157,147,36,34,70,87,0,19
25009204300,1400000US25009204300,4223,634,1994,441,151,103,184,147,122,86,10,15,22,33,0,14,15,24,146,101,143,83,179,104,148,75,110,82,45,49,52,45,83,46,78,67,88,75,10,16,50,35,58,40,271,290,29,27,0,14,2229,308,20,29,183,113,57,52,101,111,44,44,40,47,0,14,43,48,243,169,242,122,149,72,180,103,31,27,165,75,149,69,93,54,127,120,63,35,69,44,77,42,48,39,48,59,57,31
25009204400,1400000US25009204400,3459,499,1477,238,104,73,47,47,75,51,36,33,6,10,0,14,25,29,16,25,142,92,151,71,118,53,56,42,110,60,130,66,85,48,15,20,51,66,68,56,36,30,131,64,60,42,15,23,0,14,1982,357,96,78,0,14,105,86,46,45,47,62,54,84,27,42,15,19,221,124,120,56,155,64,143,77,113,71,153,70,51,30,36,35,75,43,83,60,82,58,104,47,23,27,3,6,230,241
25009204500,1400000US25009204500,3539,442,1612,284,36,29,60,55,133,87,50,57,0,14,0,14,13,22,27,32,188,87,171,78,105,83,68,47,185,97,133,102,109,101,63,72,109,68,50,52,8,13,3,5,31,27,45,36,25,26,1927,314,58,53,59,51,42,35,30,34,73,79,36,39,0,14,69,62,268,117,202,87,170,91,124,83,97,64,98,81,160,93,76,60,106,74,11,17,22,24,101,49,44,31,52,35,29,26
25009204600,1400000US25009204600,5312,751,2608,547,75,107,87,78,0,19,52,63,35,53,0,19,37,73,172,169,220,122,436,153,264,126,182,124,18,27,247,137,136,79,0,19,187,134,32,37,163,136,228,148,21,26,0,19,16,26,2704,483,141,136,62,70,183,100,122,76,125,88,0,19,0,19,139,155,117,85,279,120,181,112,72,95,283,131,87,79,204,101,31,51,121,87,44,45,142,111,91,113,43,45,0,19,237,234
25009204701,1400000US25009204701,7007,803,3060,492,180,201,270,154,413,138,41,51,87,117,186,132,0,19,24,39,164,106,232,153,128,92,0,19,117,70,159,134,251,210,153,137,127,84,35,36,44,48,207,117,156,81,86,63,0,19,3947,673,66,65,298,327,158,84,58,63,96,146,0,19,0,19,129,132,288,199,427,226,60,64,430,207,204,142,200,112,285,189,324,322,40,37,97,69,125,87,320,137,222,95,81,61,39,44
25009204702,1400000US25009204702,6108,725,2754,439,165,114,294,164,110,130,108,88,127,108,0,19,19,39,56,67,77,69,172,102,278,172,301,163,145,101,245,178,220,104,75,60,36,37,33,42,81,68,37,43,120,88,33,43,22,35,3354,481,96,77,166,118,193,145,54,75,78,82,0,19,42,49,108,97,149,126,256,165,396,313,511,208,192,102,230,88,253,114,33,39,93,67,116,101,94,65,97,86,132,97,51,47,14,23
25009205100,1400000US25009205100,6301,726,2962,522,183,146,119,89,257,140,120,90,33,51,32,51,200,235,69,86,32,47,91,80,287,125,139,109,229,122,231,146,219,137,150,102,116,99,13,22,96,81,126,81,158,80,27,31,35,56,3339,393,415,235,213,171,76,90,124,73,105,74,0,19,33,52,150,125,253,130,107,105,298,101,166,91,174,106,299,172,232,111,0,19,185,105,73,50,188,101,88,69,122,84,0,19,38,37
25009205200,1400000US25009205200,6155,837,3334,476,72,77,332,125,79,59,202,131,184,139,51,85,33,52,280,144,212,132,302,178,392,285,239,129,194,130,199,100,161,108,38,53,70,61,64,53,114,109,46,56,52,51,18,30,0,19,2821,481,169,148,325,120,112,104,219,143,0,19,69,75,21,40,0,19,57,58,255,148,74,81,182,133,254,174,129,82,144,89,68,70,143,112,65,53,165,115,214,150,130,65,26,43,0,19
25009205300,1400000US25009205300,4516,552,2588,434,84,89,151,107,212,125,210,130,52,70,8,14,136,81,44,46,86,56,109,70,91,55,117,82,292,167,127,65,206,135,14,16,125,89,106,59,119,90,162,80,77,47,33,33,27,30,1928,249,93,86,38,44,60,37,64,79,53,53,89,78,0,14,110,78,49,36,125,81,194,125,206,100,175,102,153,65,59,38,42,36,150,109,27,22,22,25,54,41,94,68,18,21,53,32
25009205400,1400000US25009205400,4895,566,2461,334,313,108,103,70,110,71,106,73,24,27,88,75,42,31,11,17,110,77,119,66,178,83,244,109,99,67,188,71,265,106,55,43,56,38,0,14,57,50,108,48,148,77,23,20,14,17,2434,303,52,41,111,100,99,59,124,63,46,38,28,31,39,30,23,27,165,91,224,88,160,83,120,61,136,71,204,98,171,82,36,29,104,72,36,30,90,56,166,63,157,77,39,29,104,58
25009205500,1400000US25009205500,5308,805,2744,489,217,155,104,63,249,97,170,92,63,72,60,66,94,71,270,162,225,144,165,101,169,100,69,53,170,113,128,94,123,75,11,19,119,69,38,37,80,67,97,66,58,52,54,44,11,14,2564,458,185,153,169,109,28,25,54,45,93,93,61,79,0,19,185,112,166,115,144,73,204,100,120,68,283,156,131,72,109,79,95,68,51,38,65,55,185,116,59,56,57,50,54,41,66,53
25009205600,1400000US25009205600,4285,578,2156,388,421,253,41,50,79,72,93,86,74,69,56,66,52,49,81,57,161,81,153,97,134,84,110,99,60,47,30,28,133,85,46,35,145,70,48,51,13,16,102,49,73,38,9,14,42,53,2129,292,16,28,159,104,136,105,109,80,52,64,0,14,19,29,71,77,234,126,92,57,186,106,145,79,54,62,268,112,134,72,68,45,48,44,15,18,92,60,100,56,93,56,22,19,16,16
25009205700,1400000US25009205700,5046,933,2628,539,7,14,80,61,147,113,65,68,162,119,120,103,58,38,10,17,427,228,282,135,32,35,331,210,158,77,124,97,167,110,56,65,110,74,23,28,120,49,107,67,13,17,29,38,0,19,2418,459,174,115,92,64,219,147,27,34,46,77,0,19,0,19,22,26,134,119,272,103,44,35,293,89,305,314,158,94,143,83,42,36,87,49,35,36,86,47,136,57,37,32,6,11,60,59
25009205800,1400000US25009205800,4005,724,2030,472,194,196,264,162,162,94,131,73,140,85,8,16,78,75,56,57,75,57,97,72,65,55,305,145,91,78,91,70,27,28,25,29,1,9,18,24,135,148,33,31,10,16,24,31,0,14,1975,393,249,167,233,142,159,111,78,71,47,54,0,14,0,14,94,84,267,158,79,67,137,84,147,92,114,88,72,54,32,33,8,14,45,48,52,42,57,68,36,31,33,45,28,41,8,18
25009205900,1400000US25009205900,4754,829,2289,483,118,152,67,65,136,85,120,91,33,46,0,14,0,14,100,75,381,274,181,165,258,176,145,117,54,50,215,129,86,63,41,65,90,60,0,14,39,37,102,75,47,33,52,60,24,26,2465,481,329,228,179,105,339,223,35,39,80,76,0,14,0,14,98,95,266,163,127,88,121,84,214,120,121,81,24,24,165,92,60,69,78,62,44,43,14,18,93,47,27,29,20,20,31,38
25009206000,1400000US25009206000,3280,588,1838,413,106,89,85,74,294,121,15,22,24,30,0,14,0,14,108,82,121,76,112,98,150,132,314,178,181,130,108,84,33,42,18,28,39,50,0,14,45,72,85,89,0,14,0,14,0,14,1442,307,82,96,48,62,55,39,85,61,59,62,34,36,22,35,105,133,96,88,105,86,96,82,115,95,163,80,114,79,99,63,0,14,0,14,44,63,12,26,50,64,11,18,4,10,43,42
25009206100,1400000US25009206100,4088,816,1716,295,157,111,102,77,41,49,67,63,17,32,0,14,51,57,30,38,28,39,137,73,286,85,126,115,150,104,95,82,86,98,100,76,33,45,55,63,31,37,41,40,61,49,0,14,22,25,2372,747,114,67,149,86,305,272,161,95,59,58,107,155,51,40,42,31,133,98,103,78,312,309,127,75,127,89,126,76,97,57,113,130,22,48,19,30,132,50,32,39,0,14,0,14,41,38
25009206200,1400000US25009206200,6062,932,2995,531,326,233,268,208,334,171,122,84,144,104,41,36,106,91,163,131,205,122,77,61,208,136,227,145,115,135,182,117,155,98,27,28,123,78,40,54,68,66,39,46,25,41,0,19,0,19,3067,624,220,162,174,145,201,140,165,111,37,44,24,32,69,56,274,252,111,75,281,172,329,211,182,106,228,123,291,125,181,86,57,54,92,74,2,4,35,39,65,64,45,70,4,10,0,19
25009206300,1400000US25009206300,4573,998,2327,585,233,256,93,79,75,70,177,147,7,13,60,77,49,57,86,69,113,84,330,142,199,141,107,89,412,289,72,65,122,74,21,30,68,51,24,41,0,14,35,35,29,45,7,12,8,17,2246,541,259,106,138,117,134,106,88,65,0,14,0,14,0,14,65,89,386,285,167,68,83,61,82,74,315,327,109,74,81,65,40,36,72,82,9,17,62,52,103,153,31,33,0,14,22,35
25009206400,1400000US25009206400,6798,771,3400,501,247,163,225,153,258,121,187,99,20,33,29,34,0,19,264,111,250,159,286,161,321,154,290,162,221,102,93,59,288,223,90,55,142,109,19,28,56,38,39,28,15,17,21,23,39,39,3398,502,136,98,234,119,270,104,205,112,163,108,83,61,4,8,128,98,289,117,161,106,275,124,272,122,277,114,138,77,141,78,101,67,133,71,70,45,80,53,58,34,59,35,83,74,38,36
25009206500,1400000US25009206500,3163,766,1465,332,133,76,151,86,124,62,58,45,79,68,13,16,58,50,0,14,52,40,51,54,40,48,26,23,391,283,60,45,57,51,9,14,16,22,25,40,28,28,61,50,11,18,15,23,7,15,1698,497,145,145,129,149,65,51,103,88,61,51,0,14,61,74,121,89,45,34,189,131,162,119,93,50,51,51,83,67,98,53,27,31,22,33,9,15,112,105,35,36,12,19,36,46,39,46
25009206600,1400000US25009206600,5721,712,2981,543,184,119,168,124,231,146,99,109,88,80,10,15,50,86,104,118,536,344,162,128,189,116,141,99,138,98,73,79,311,232,16,19,117,97,101,83,171,118,61,43,22,28,0,19,9,27,2740,324,74,83,121,110,77,84,240,153,31,43,0,19,0,19,11,17,330,162,293,131,338,134,112,87,61,60,297,168,70,65,28,33,236,183,128,83,23,29,138,67,6,21,13,23,113,86
25009206700,1400000US25009206700,4240,629,1774,436,29,33,116,93,109,121,177,156,60,58,0,14,0,14,130,120,63,83,275,160,32,39,94,94,100,105,181,90,14,20,19,24,46,48,28,33,110,108,70,64,39,31,8,15,74,116,2466,374,162,90,133,111,112,73,39,62,39,46,14,31,41,47,44,46,156,109,206,112,135,117,70,113,425,202,69,59,166,104,44,54,98,69,25,25,80,55,163,112,64,39,76,91,105,74
25009206800,1400000US25009206800,4384,944,2029,288,212,158,13,23,63,53,60,49,57,42,49,37,48,25,188,112,79,94,140,113,189,89,165,110,70,70,72,57,71,57,95,97,141,98,10,17,110,88,135,85,21,34,33,42,8,14,2355,875,69,89,91,60,291,348,295,258,58,39,119,89,13,20,134,140,90,70,133,80,76,70,271,271,119,79,106,83,78,78,78,68,95,87,23,34,152,101,11,18,19,26,22,26,12,32
25009206900,1400000US25009206900,5102,926,2208,705,228,261,81,110,83,69,140,113,0,19,9,2,0,19,18,29,80,130,178,100,81,86,174,115,78,89,333,212,288,184,0,19,19,31,48,71,53,39,192,118,76,101,23,31,26,31,2894,507,86,121,272,160,102,136,15,26,0,19,65,86,0,19,89,113,411,245,67,70,146,85,148,116,97,88,216,161,171,129,35,58,99,73,66,62,162,129,136,108,56,45,105,89,350,252
25009207000,1400000US25009207000,1939,296,748,167,0,14,63,26,13,22,9,16,0,14,0,14,0,14,12,23,68,77,88,63,109,85,18,24,40,32,68,94,53,77,0,14,9,22,0,14,103,88,57,42,7,25,0,14,31,46,1191,259,11,20,42,23,35,38,58,59,15,28,0,14,35,42,54,71,53,52,42,41,54,55,81,63,44,53,27,43,55,54,0,14,44,44,34,54,92,116,40,46,153,94,57,58,165,130
25009207100,1400000US25009207100,4153,888,2365,555,173,143,279,207,143,89,148,94,72,68,35,40,94,90,98,120,174,113,88,76,171,119,135,101,152,84,192,121,125,78,168,169,10,19,31,37,0,14,0,14,35,48,42,49,0,14,1788,425,120,123,114,72,54,56,96,75,113,120,65,61,0,14,146,115,122,84,172,94,95,90,162,112,36,38,127,99,106,80,43,40,17,21,27,40,0,14,103,76,50,67,0,14,20,32
25009207200,1400000US25009207200,2941,549,1567,370,96,91,86,84,89,91,21,29,83,66,0,14,32,51,160,118,112,84,131,107,172,118,124,107,83,73,31,35,31,30,20,30,71,69,0,14,115,107,52,68,19,19,39,35,0,14,1374,279,143,93,116,91,49,48,61,69,70,88,0,14,0,14,10,17,126,79,49,56,23,26,219,117,76,62,107,73,77,62,1,2,46,53,1,5,57,71,91,80,10,15,42,33,0,14
25009208101,1400000US25009208101,6027,674,3151,441,282,199,63,56,147,79,104,90,108,80,101,78,105,107,219,123,293,133,107,57,210,118,379,141,186,92,144,82,83,55,57,42,155,90,49,51,80,61,77,62,127,67,42,43,33,30,2876,402,8,14,158,96,160,78,71,44,48,64,6,11,32,48,162,106,143,81,292,171,271,133,217,96,164,87,220,115,268,116,74,52,40,41,30,31,133,71,144,68,167,63,25,20,43,50
25009208102,1400000US25009208102,3237,451,1581,325,132,97,82,78,62,44,63,55,23,27,0,14,12,22,39,42,23,37,154,95,79,53,81,60,150,100,87,68,155,110,53,45,142,122,39,32,60,34,12,15,70,30,23,30,40,35,1656,213,49,41,33,32,48,42,72,50,10,15,18,30,0,14,115,55,108,79,167,61,150,70,72,59,104,63,20,30,267,143,19,27,48,39,50,38,115,84,63,39,35,31,0,14,93,53
25009208200,1400000US25009208200,5516,641,2818,435,28,30,0,19,43,42,116,122,157,138,0,19,31,40,0,19,283,168,122,90,292,205,236,152,189,182,206,154,401,203,70,85,127,76,30,34,84,78,154,99,44,45,189,150,16,27,2698,374,0,19,35,38,97,96,173,146,22,35,0,19,11,19,210,127,194,134,156,100,17,27,68,63,208,125,175,125,306,125,61,79,182,133,64,44,56,56,255,191,125,85,219,146,64,62
25009208301,1400000US25009208301,2828,415,1209,204,77,57,91,40,104,60,60,64,48,57,0,14,18,28,0,14,25,29,86,56,79,59,109,68,26,28,57,58,26,36,10,16,54,44,38,33,28,36,68,41,172,126,7,11,26,24,1619,286,78,55,66,54,53,50,61,62,44,67,8,13,0,14,99,67,104,120,139,62,33,30,54,42,16,21,62,52,56,51,59,55,48,42,8,11,88,65,86,49,185,153,240,103,32,26
25009208302,1400000US25009208302,5025,607,2390,389,17,29,15,25,182,56,96,91,111,79,21,30,31,38,133,113,123,103,186,210,156,119,218,149,96,85,284,125,94,58,31,36,92,61,64,50,134,96,144,98,96,60,47,39,19,22,2635,333,161,157,56,68,184,129,46,67,93,73,11,17,10,15,76,83,154,141,253,187,59,52,134,108,218,142,224,107,132,92,42,40,140,92,138,106,12,19,211,94,93,50,41,45,147,111
25009208401,1400000US25009208401,3364,887,1577,485,176,205,123,123,16,27,43,63,0,14,0,14,0,14,0,14,173,106,165,104,20,25,91,114,180,169,108,65,79,60,90,90,70,92,31,31,90,78,34,32,60,45,8,14,20,32,1787,436,75,60,160,188,31,27,98,78,14,22,0,14,17,30,63,69,107,69,93,60,209,169,29,34,97,70,68,39,127,89,58,54,74,57,90,79,85,65,132,87,49,38,35,34,76,60
25009208402,1400000US25009208402,2776,374,1396,164,13,22,28,44,80,64,31,45,0,14,22,42,0,14,10,16,85,67,78,61,247,133,116,96,179,92,59,56,96,67,14,24,46,58,63,49,67,50,31,37,64,62,54,42,13,20,1380,306,54,61,0,14,32,49,50,45,0,14,9,14,1,10,35,46,118,85,187,219,103,80,26,40,106,66,70,46,129,63,17,22,82,67,23,26,22,25,79,51,179,97,46,55,12,18
25009209100,1400000US25009209100,7411,515,3513,445,409,274,346,166,168,113,138,102,56,60,0,19,31,49,42,48,222,111,235,121,150,118,300,176,247,109,241,117,206,94,92,74,97,66,130,73,78,62,135,98,47,46,73,54,70,48,3898,469,112,91,597,304,237,119,152,94,46,55,32,39,31,35,80,65,73,55,169,106,268,128,312,164,391,187,236,142,242,108,49,46,170,90,50,47,195,94,139,84,179,122,49,48,89,75
25009209200,1400000US25009209200,5653,515,2866,361,241,121,268,102,182,85,102,75,99,68,11,17,12,19,66,40,129,64,125,53,203,138,177,74,171,76,255,113,231,95,76,42,49,34,70,46,52,33,126,59,133,56,62,41,26,22,2787,293,175,93,228,99,151,85,158,84,20,23,0,19,17,19,164,126,17,17,246,146,120,56,107,57,179,65,165,66,224,92,94,57,87,45,36,25,191,101,152,54,96,56,47,33,113,59
25009210100,1400000US25009210100,6804,839,3155,492,108,84,159,81,132,84,240,252,100,70,0,19,22,37,90,70,184,89,168,84,321,119,70,64,98,82,155,78,358,190,71,54,213,103,89,70,184,81,149,78,144,94,41,38,59,54,3649,538,353,211,101,87,62,59,123,79,30,36,118,132,19,30,123,153,104,74,229,93,238,148,134,74,207,109,226,166,256,101,229,83,70,46,285,175,124,67,282,139,175,93,49,43,112,69
25009210200,1400000US25009210200,5457,866,3092,612,133,112,370,351,146,67,28,44,7,13,31,34,32,50,94,64,90,87,146,72,230,204,134,69,82,49,211,85,244,118,184,148,119,60,121,57,124,72,185,78,119,64,97,65,165,79,2365,330,45,33,56,44,23,28,54,64,32,30,0,19,27,31,50,42,161,82,68,41,335,237,29,27,92,64,85,47,273,122,178,99,162,73,77,40,53,49,141,67,162,64,34,34,228,81
25009210301,1400000US25009210301,5095,556,1711,280,0,19,37,64,61,57,34,28,63,80,0,19,0,19,16,27,16,31,198,100,0,19,87,117,126,51,87,66,80,56,16,26,32,40,96,54,35,39,111,138,61,45,246,182,309,144,3384,455,59,38,247,102,39,67,38,65,0,19,0,19,28,45,69,111,153,165,116,63,66,108,90,61,52,68,63,53,110,104,14,26,102,66,32,36,101,75,115,68,438,217,435,159,1017,421
25009210302,1400000US25009210302,4709,635,2051,344,196,172,64,66,0,14,69,67,9,16,10,18,24,39,54,46,172,118,225,227,89,67,106,74,57,45,189,130,149,118,107,121,18,23,62,54,85,64,97,53,130,105,29,30,110,104,2658,371,239,177,138,99,76,69,16,22,22,36,40,44,37,42,132,82,233,114,381,291,85,71,89,62,107,69,116,74,187,99,50,44,81,63,46,52,101,56,148,61,114,87,73,58,147,90
25009210401,1400000US25009210401,3265,514,1647,318,43,70,238,105,71,56,0,14,107,106,0,14,6,12,55,57,42,73,206,147,30,36,101,78,37,66,124,109,121,85,33,54,33,29,33,43,191,162,62,49,94,73,12,15,8,13,1618,363,0,14,39,69,258,192,81,44,0,14,0,14,19,31,19,31,39,48,90,99,164,97,232,110,135,113,58,76,80,60,61,41,0,14,7,11,85,80,113,92,44,57,69,61,25,28
25009210402,1400000US25009210402,4256,627,1945,315,60,42,172,113,81,67,83,97,95,92,13,21,0,14,99,87,70,55,120,73,68,46,157,102,141,80,159,99,128,91,71,57,50,48,120,74,17,19,161,81,59,36,8,12,13,20,2311,422,234,194,89,49,86,84,57,58,96,128,15,24,12,21,41,37,172,113,132,63,150,103,8,14,101,50,293,178,200,101,62,48,65,71,88,57,154,84,88,54,78,54,0,14,90,70
25009210500,1400000US25009210500,7447,809,3768,509,164,145,206,109,244,127,179,106,0,19,0,19,0,19,27,45,230,156,249,132,271,165,285,126,157,120,550,266,195,133,195,106,192,99,59,59,226,133,202,111,58,64,17,27,62,55,3679,423,166,106,234,188,217,125,100,72,51,60,0,19,19,32,98,100,103,66,134,93,224,90,263,123,290,213,249,131,482,181,180,103,92,62,30,36,167,103,294,152,50,48,68,54,168,96
25009210600,1400000US25009210600,5039,731,2512,417,112,77,263,145,178,103,118,103,76,59,39,42,74,83,155,93,127,95,75,52,151,88,254,160,86,68,190,102,69,49,119,77,86,59,80,69,81,55,78,46,31,24,31,25,39,29,2527,414,139,146,206,142,261,85,45,40,0,19,13,17,16,26,82,88,158,103,235,159,167,76,228,109,168,94,56,44,217,109,89,64,124,84,67,52,42,27,73,46,92,45,27,26,22,20
25009210700,1400000US25009210700,4353,806,2149,456,184,138,38,31,127,78,120,110,239,156,74,54,32,45,82,70,22,27,88,74,141,98,320,205,160,93,76,52,94,77,87,68,50,48,16,18,45,43,37,29,23,32,15,17,79,59,2204,448,107,107,237,205,211,68,52,61,53,57,58,96,63,64,64,78,139,76,28,27,110,58,380,181,157,98,115,67,95,62,27,25,78,70,18,22,32,24,72,41,61,41,33,28,14,22
25009210800,1400000US25009210800,4155,802,2264,613,241,232,21,34,170,135,30,46,0,14,0,14,25,41,130,140,191,178,76,75,230,208,191,138,57,64,96,89,406,329,49,61,37,42,67,71,30,35,133,85,40,43,31,36,13,22,1891,391,67,79,0,14,118,128,14,24,123,90,0,14,0,14,60,69,93,76,88,85,0,14,243,148,100,106,120,79,155,101,29,46,178,138,37,38,62,55,141,73,99,71,28,31,136,92
25009210900,1400000US25009210900,4115,513,1941,301,163,116,78,66,32,50,21,27,15,24,0,14,24,34,84,59,131,80,303,214,49,38,143,80,81,57,123,86,87,42,158,116,76,53,65,61,60,69,90,58,89,52,5,9,64,70,2174,371,74,76,77,42,178,140,19,26,60,89,0,14,0,14,47,43,188,100,129,98,181,88,70,57,19,25,239,123,156,105,36,57,79,68,90,57,145,93,132,63,94,63,25,35,136,141
25009211100,1400000US25009211100,3890,526,1922,286,87,51,50,46,107,86,82,77,32,26,0,14,7,11,0,14,107,66,129,100,152,77,103,63,137,63,51,43,143,89,47,34,162,87,89,67,63,50,91,52,76,47,111,55,96,41,1968,377,8,14,18,19,63,59,73,67,9,14,35,45,0,14,210,239,79,39,142,80,123,71,125,64,63,64,132,78,115,59,66,61,155,70,29,27,117,69,129,73,89,53,87,67,101,42
25009211201,1400000US25009211201,2887,744,1658,624,67,50,20,21,101,61,227,206,47,49,138,133,0,14,148,166,91,71,33,28,111,66,30,28,74,57,211,162,56,41,41,50,33,23,28,25,54,36,85,54,15,18,34,28,14,18,1229,266,20,26,15,18,49,42,35,31,12,20,0,14,0,14,0,14,139,126,180,129,106,64,52,44,95,56,182,125,31,27,40,48,33,30,47,32,33,28,64,40,25,23,55,58,16,18
25009211202,1400000US25009211202,3951,451,1837,252,145,84,90,57,50,43,57,66,11,20,11,19,8,15,121,87,163,160,100,51,88,44,145,67,152,127,117,57,142,78,57,38,71,51,11,17,75,53,61,48,98,62,49,44,15,24,2114,275,49,39,109,72,129,51,73,40,100,90,10,17,31,35,54,39,79,57,48,36,133,56,211,123,180,82,100,59,284,153,9,14,126,78,106,70,92,87,69,56,65,55,36,33,21,21
25009211300,1400000US25009211300,7344,770,3155,461,58,52,160,101,121,121,159,102,146,111,23,41,80,69,97,93,74,73,119,94,175,101,235,106,149,94,118,68,387,142,80,61,252,188,137,96,93,63,128,69,167,78,136,116,61,56,4189,469,318,168,323,209,152,107,162,110,65,71,21,34,32,36,46,43,197,97,92,68,257,124,285,160,257,143,222,133,444,203,149,81,186,107,118,81,111,92,221,123,176,80,131,64,224,149
25009211401,1400000US25009211401,4141,443,1757,282,81,57,102,76,67,41,52,46,68,73,22,26,0,14,38,46,103,94,46,31,216,148,77,48,127,71,113,72,206,101,9,15,72,52,0,14,76,53,85,58,124,88,34,32,39,34,2384,247,55,51,157,88,121,76,86,68,21,24,19,32,0,14,29,35,175,100,126,73,356,156,152,84,155,91,182,82,176,85,89,70,16,29,53,43,98,60,65,40,89,52,101,72,63,45
25009211402,1400000US25009211402,5885,757,2740,496,140,132,87,72,0,19,112,99,0,19,14,23,35,35,81,91,342,156,176,138,214,132,171,106,116,77,89,73,260,104,47,55,95,82,237,327,49,42,296,130,76,58,25,27,78,45,3145,445,128,108,99,96,258,120,98,85,52,66,38,61,0,19,143,93,240,195,255,147,213,103,127,97,108,77,160,93,222,97,89,87,115,97,50,51,229,128,204,88,97,75,120,66,100,75
25009212101,1400000US25009212101,4809,362,2999,239,80,58,97,93,149,78,77,63,39,34,19,18,31,25,225,128,300,90,313,106,341,109,309,112,138,74,189,77,115,84,53,47,172,110,26,24,105,77,68,45,63,37,48,30,42,32,1810,218,87,75,31,30,82,59,42,25,0,14,57,61,12,18,91,74,76,48,99,77,101,58,119,73,101,66,110,49,161,99,52,36,171,129,48,37,58,40,27,26,75,35,96,57,114,79
25009212102,1400000US25009212102,5007,365,2694,281,137,71,182,112,243,102,56,45,90,55,66,80,0,19,124,123,168,143,124,68,99,59,207,113,86,55,212,88,242,119,38,37,142,85,45,40,72,50,64,47,192,126,93,75,12,18,2313,174,49,32,184,109,69,51,120,88,0,19,22,33,34,38,15,25,72,61,104,47,139,84,180,88,143,93,321,100,122,61,106,73,104,65,42,26,55,50,199,141,80,48,69,47,84,64
25009213100,1400000US25009213100,8208,17,4351,295,85,67,267,214,400,149,370,196,36,42,29,44,0,19,114,130,178,122,143,109,134,86,261,106,181,91,522,185,466,164,125,73,134,76,77,73,144,89,435,239,76,58,115,72,59,55,3857,296,120,72,299,164,262,141,146,89,90,86,53,56,0,19,127,113,145,124,78,52,238,113,222,99,217,151,446,155,280,153,145,141,156,81,79,58,237,130,154,86,155,92,134,109,74,64
25009214100,1400000US25009214100,6564,18,3228,200,145,96,165,82,193,111,335,135,42,55,0,19,32,52,84,70,145,83,156,107,182,139,289,124,136,91,214,93,196,94,77,53,141,89,43,40,141,73,206,103,178,97,89,52,39,40,3336,199,289,153,235,106,156,100,113,73,26,40,0,19,29,46,35,45,172,84,198,140,237,113,288,126,151,82,202,89,191,103,135,89,103,71,146,90,127,84,152,80,124,67,138,63,89,51
25009215101,1400000US25009215101,4657,314,2339,212,147,97,171,73,196,95,84,55,84,53,47,34,39,55,39,34,106,67,116,100,137,78,108,70,128,55,118,52,203,66,49,34,40,30,11,17,126,78,132,97,72,44,103,85,83,68,2318,202,84,53,187,75,130,59,111,52,47,32,43,39,29,36,34,32,78,46,107,77,187,81,126,55,144,59,163,50,184,76,24,23,60,36,91,94,141,61,150,103,62,38,83,97,53,70
25009215102,1400000US25009215102,2943,318,1424,207,69,32,70,40,174,108,52,34,17,32,0,14,8,12,57,44,57,55,47,33,40,28,138,59,162,73,63,36,141,95,13,14,28,24,85,49,18,20,119,77,56,36,10,15,0,14,1519,213,58,32,148,90,137,54,7,10,61,50,8,14,33,38,64,64,37,27,48,30,91,49,192,76,66,42,102,97,82,53,45,49,74,45,23,26,118,69,66,47,31,24,19,21,9,16
25009216100,1400000US25009216100,4929,22,2321,174,69,63,115,63,207,76,120,61,244,98,121,50,158,81,75,48,36,51,108,59,175,61,82,52,134,60,210,77,87,53,16,18,32,28,42,27,100,59,94,48,63,43,18,21,15,17,2608,174,123,56,147,50,67,41,85,43,466,130,233,145,142,78,70,60,27,28,76,44,141,66,114,58,166,61,86,43,146,76,56,36,74,57,47,36,96,58,82,47,92,61,20,21,52,38
25009217101,1400000US25009217101,4441,821,2064,308,53,43,262,220,187,154,24,27,31,38,0,14,11,19,149,82,33,51,113,71,244,96,130,72,86,85,127,79,116,54,100,66,57,41,53,33,55,38,108,74,25,20,53,35,47,34,2377,599,100,66,182,90,377,377,147,87,0,14,0,14,25,39,66,65,79,71,277,204,66,43,198,82,87,51,143,62,116,63,81,61,53,41,26,41,90,67,98,50,79,40,36,37,51,41
25009217102,1400000US25009217102,3013,473,1373,330,55,47,79,51,66,82,31,34,0,14,0,14,0,14,11,22,145,40,66,57,55,45,35,34,240,181,100,126,117,51,73,64,82,45,17,19,0,14,18,26,37,28,48,31,98,63,1640,291,123,131,36,36,86,76,150,111,0,14,16,19,0,14,77,66,74,56,80,76,132,128,122,73,65,48,29,33,142,84,8,15,72,53,88,62,21,26,56,57,87,41,65,47,111,61
25009217201,1400000US25009217201,4306,467,2118,258,141,86,128,53,209,95,21,24,9,15,0,14,0,14,49,53,203,94,109,62,133,64,189,72,127,58,130,68,194,70,49,32,44,34,86,47,88,51,143,85,19,17,6,11,41,33,2188,257,113,86,117,61,111,57,80,62,62,82,0,14,13,20,34,38,166,83,205,93,232,121,95,42,84,59,63,41,191,61,52,41,171,64,28,24,78,41,97,66,60,52,58,50,78,47
25009217202,1400000US25009217202,3550,332,1831,206,132,67,134,61,119,77,43,31,8,12,0,14,0,14,40,37,28,29,119,64,156,68,157,47,88,54,27,30,144,58,22,25,153,56,77,62,133,76,37,34,99,82,77,120,38,30,1719,182,214,92,97,49,53,38,0,14,0,14,24,34,0,14,32,26,36,33,170,69,156,58,79,41,47,33,62,44,148,43,65,39,103,51,82,71,81,55,179,118,18,21,23,25,50,40
25009217300,1400000US25009217300,4996,652,2507,409,265,155,134,114,282,129,63,59,0,14,38,57,0,14,178,141,144,98,180,121,165,86,134,96,136,120,102,71,97,72,52,62,120,113,76,89,79,62,136,96,53,62,47,47,26,33,2489,400,149,129,70,50,309,206,137,92,6,12,25,38,21,24,90,75,232,137,141,93,295,115,202,134,183,115,90,65,77,60,59,75,36,37,99,87,40,43,83,60,89,72,26,32,30,34
25009217401,1400000US25009217401,2614,355,1153,184,55,52,38,42,2,4,14,14,0,14,0,14,0,14,77,69,189,127,147,87,93,64,101,40,0,14,14,25,74,44,9,14,53,49,0,14,146,111,27,32,16,19,8,17,90,116,1461,242,19,29,55,51,0,14,37,34,46,44,0,14,0,14,207,156,152,73,82,45,65,43,72,47,71,66,81,84,47,34,61,39,99,53,47,40,126,149,58,63,19,24,40,50,77,122
25009217402,1400000US25009217402,3504,423,1706,326,74,64,35,44,83,64,0,14,0,14,0,14,0,14,96,111,340,214,130,68,146,126,128,72,69,59,71,63,143,87,0,14,27,31,29,25,109,53,55,40,94,53,45,49,32,30,1798,274,70,75,55,44,68,49,0,14,0,14,29,32,10,15,144,138,259,126,114,66,194,109,82,55,139,92,47,37,95,63,39,41,183,80,36,27,69,52,59,30,49,35,7,12,50,38
25009217500,1400000US25009217500,6754,607,3333,421,324,203,261,101,106,68,24,39,100,70,70,66,21,32,130,120,223,172,308,133,171,79,182,91,163,84,193,113,252,122,114,90,281,162,57,55,58,44,155,64,87,56,0,19,53,57,3421,466,91,68,67,46,119,74,135,110,151,70,118,70,76,47,170,97,148,88,322,137,230,96,192,82,156,96,115,65,223,105,297,304,189,150,64,55,175,96,105,56,90,58,30,43,158,190
25009217601,1400000US25009217601,4157,313,2109,233,159,77,147,78,63,43,63,54,43,46,20,22,18,22,88,59,143,118,108,67,78,50,122,47,114,56,89,43,133,52,65,35,78,58,98,49,80,44,168,69,88,51,55,35,89,65,2048,190,92,51,55,35,77,45,60,55,22,22,9,16,31,34,126,63,14,20,52,40,145,62,108,51,53,35,149,55,197,75,31,24,98,44,75,70,77,43,135,52,148,70,146,99,148,73
25009217602,1400000US25009217602,5330,805,2278,391,88,58,39,40,39,34,36,38,471,117,232,91,129,48,187,92,25,36,59,52,14,21,66,56,51,41,98,80,98,62,23,28,44,38,31,30,299,324,104,107,98,63,38,39,9,13,3052,513,77,47,51,38,31,29,0,19,793,170,418,131,294,161,153,81,50,74,59,48,72,62,59,41,61,44,102,91,189,155,100,73,306,373,23,21,89,73,56,56,44,43,25,29,0,19
25009218100,1400000US25009218100,5403,19,2712,175,71,49,126,77,261,123,80,70,19,29,0,19,0,19,149,95,63,58,106,88,102,59,127,66,319,135,144,111,141,74,97,74,149,90,109,100,209,119,132,90,171,90,117,96,20,24,2691,176,64,55,81,47,204,146,290,133,0,19,21,33,52,79,1,3,83,60,63,50,96,51,144,71,209,95,149,98,265,117,55,51,120,100,67,55,223,156,237,100,166,75,22,28,79,60
25009220101,1400000US25009220101,3746,372,1717,268,86,95,56,74,0,14,29,33,7,13,0,14,0,14,42,62,21,30,95,89,28,35,15,24,83,59,44,42,242,104,61,46,121,75,98,66,125,73,376,143,26,22,52,40,110,81,2029,207,13,21,0,14,106,80,57,56,0,14,40,59,17,19,69,60,25,31,78,74,83,57,0,14,126,78,136,71,112,58,67,44,201,88,168,114,152,63,306,133,69,42,99,51,105,49
25009220102,1400000US25009220102,3263,377,1448,201,88,82,67,37,52,41,53,52,18,30,39,38,46,71,54,46,37,31,77,56,20,21,116,69,16,17,47,54,119,67,112,47,58,43,70,51,86,40,89,44,97,49,32,25,55,32,1815,287,16,26,135,104,97,66,114,103,16,24,0,14,36,62,13,16,85,75,36,35,109,84,112,73,74,76,83,45,153,69,37,31,137,53,138,71,48,37,209,74,54,31,51,32,62,39
25009221100,1400000US25009221100,3859,535,1821,297,96,79,45,49,46,35,34,31,36,30,17,21,0,14,15,18,115,79,31,27,91,69,68,52,125,116,147,78,140,62,83,61,155,139,44,30,132,55,187,85,82,41,96,82,36,32,2038,297,19,22,76,50,62,39,34,27,43,32,28,26,10,16,54,45,32,45,55,35,92,60,95,52,128,82,90,41,139,70,66,59,175,135,64,36,223,149,185,62,233,96,85,51,50,29
25009221300,1400000US25009221300,4761,595,2179,280,73,71,78,76,56,56,91,84,13,29,30,47,0,14,39,44,163,115,84,90,91,90,75,60,93,66,160,110,153,108,130,97,169,135,32,37,185,98,269,126,124,74,31,34,40,50,2582,458,39,47,51,74,63,57,50,49,45,52,0,14,0,14,151,124,68,56,174,93,87,91,164,165,108,75,145,114,235,123,15,24,148,104,181,253,373,153,288,129,100,60,56,44,41,44
25009221400,1400000US25009221400,3921,513,2090,315,219,105,195,103,93,57,0,14,42,57,21,34,55,61,16,18,175,99,197,121,241,103,140,84,53,53,72,65,106,66,22,26,57,51,26,35,110,75,95,53,101,70,25,27,29,35,1831,265,230,123,36,51,48,35,88,69,36,44,12,20,0,14,124,86,182,92,133,80,175,98,51,43,110,84,78,62,44,39,108,77,71,51,12,14,50,57,107,64,125,77,11,17,0,14
25009221500,1400000US25009221500,2819,332,1403,255,87,101,0,14,27,42,75,58,9,14,5,9,6,12,45,53,51,45,150,132,72,64,70,56,129,85,76,72,92,69,49,34,46,32,63,62,61,55,86,43,75,48,57,61,72,97,1416,205,14,31,35,46,88,55,20,22,32,47,5,9,33,41,31,30,40,43,52,50,53,38,154,90,38,33,110,84,111,56,26,24,56,56,27,24,127,66,77,45,69,55,96,75,122,82
25009221600,1400000US25009221600,2876,424,1392,301,111,75,158,93,47,39,117,89,60,69,0,14,18,28,101,104,120,76,133,80,42,31,48,38,90,59,127,83,43,32,7,8,14,19,52,34,53,34,12,17,26,23,7,12,6,11,1484,217,105,81,87,84,34,38,68,65,66,64,0,14,0,14,61,73,103,59,110,50,80,53,253,125,12,19,103,79,68,37,86,53,96,49,11,16,32,32,18,24,71,51,20,27,0,14
25009221700,1400000US25009221700,2883,544,1187,269,72,64,59,65,58,66,44,42,25,39,0,14,0,14,13,20,40,40,33,37,126,87,66,51,0,14,39,35,128,52,6,10,55,50,124,149,64,43,148,104,59,67,28,28,0,14,1696,425,80,43,21,26,17,25,16,18,129,154,22,32,45,65,81,88,86,52,63,48,37,34,34,28,110,86,186,83,123,69,18,23,109,64,43,56,207,172,116,49,98,105,30,30,25,26
25009221800,1400000US25009221800,1808,275,828,151,26,21,31,30,24,21,3,7,0,14,8,14,14,16,48,42,20,17,45,33,45,23,34,17,21,22,55,30,153,118,26,18,47,26,31,20,44,25,55,37,27,28,17,24,54,38,980,158,54,41,40,25,7,9,20,17,5,8,0,14,0,14,34,31,6,9,54,47,52,21,63,50,13,11,31,19,165,98,26,19,58,33,23,18,39,26,114,44,38,33,58,30,80,37
25009221901,1400000US25009221901,3473,496,1821,341,52,42,158,106,87,55,56,62,11,17,0,14,13,22,72,67,85,84,117,64,179,127,65,52,193,112,22,17,205,105,26,25,111,65,92,59,68,39,86,42,78,39,19,21,26,31,1652,236,64,51,77,58,18,20,38,32,11,19,0,14,44,69,18,20,59,38,85,58,68,42,168,109,51,33,106,93,89,48,113,78,78,41,93,48,150,67,106,47,142,93,33,28,41,43
25009221902,1400000US25009221902,3675,367,1982,270,140,130,96,100,95,54,22,25,97,95,20,23,11,18,140,69,57,48,119,76,128,79,116,70,101,64,68,58,253,104,21,21,77,41,55,46,183,76,50,32,56,34,77,44,0,14,1693,182,42,49,19,26,116,72,0,14,32,45,8,13,0,14,8,13,85,59,64,53,186,83,118,72,90,51,16,16,186,66,136,86,127,51,77,45,79,50,138,63,75,46,62,45,29,24
25009222100,1400000US25009222100,3701,17,1832,111,91,54,74,70,159,81,61,43,23,23,11,16,5,8,29,24,60,44,91,71,130,60,113,54,186,96,175,99,135,78,86,47,60,44,48,35,32,31,108,53,50,29,40,32,65,65,1869,109,142,72,37,30,110,62,212,177,16,19,0,14,19,15,32,35,50,40,84,63,99,53,202,79,91,39,172,86,151,63,98,77,73,38,26,26,91,42,50,30,44,28,52,59,18,22
25009223100,1400000US25009223100,4162,388,1994,216,48,52,110,65,73,48,119,76,67,61,12,19,0,14,86,65,20,24,103,74,83,51,87,54,62,36,173,104,156,69,138,79,114,58,80,48,89,62,154,86,88,42,63,36,69,56,2168,301,99,81,165,139,210,126,33,27,10,15,0,14,0,14,41,43,42,56,68,52,99,65,160,102,119,68,142,73,137,68,51,39,124,71,113,65,117,60,139,54,116,49,101,46,82,64
25009223200,1400000US25009223200,4047,389,1869,220,61,51,55,44,84,44,68,37,48,44,27,25,13,20,87,75,157,105,69,53,199,101,179,90,104,52,344,155,100,57,43,29,35,30,30,25,39,30,48,36,50,36,8,13,21,19,2178,252,91,98,115,88,112,58,86,46,55,51,0,14,0,14,81,78,138,73,122,74,143,78,203,84,79,48,209,114,209,122,69,57,86,54,0,14,72,40,148,70,65,33,45,34,50,45
25009223300,1400000US25009223300,5721,487,2735,342,129,59,87,74,142,83,56,65,59,59,12,23,87,86,270,206,122,146,96,72,230,105,60,55,111,65,270,120,223,115,77,61,37,43,58,49,235,137,133,63,155,76,25,29,61,44,2986,323,162,108,226,86,184,84,117,111,33,46,0,19,0,19,77,102,191,95,108,76,126,88,154,79,163,103,400,157,260,113,19,30,175,94,35,33,129,68,154,66,136,66,88,59,49,44
25009250100,1400000US25009250100,5295,639,2124,309,171,146,407,264,22,37,143,133,43,54,0,19,22,36,9,15,285,171,245,164,174,152,173,133,61,58,41,47,63,74,24,40,63,64,25,38,0,19,69,62,84,67,0,19,0,19,3171,519,274,298,366,197,157,158,40,49,191,142,21,38,89,89,22,37,289,157,329,175,103,63,176,114,128,87,250,262,238,147,86,105,81,70,1,2,58,52,154,90,42,33,53,79,23,27
25009250200,1400000US25009250200,6225,1076,3504,692,388,264,339,176,238,152,110,90,29,53,55,74,69,73,175,142,349,221,450,257,118,83,269,159,223,129,126,108,148,117,54,61,89,84,36,50,33,49,134,116,0,19,28,42,44,75,2721,537,184,164,304,224,63,67,99,78,188,166,27,49,0,19,42,60,197,120,272,157,287,130,132,115,179,113,205,126,224,136,20,27,94,85,11,34,160,131,10,21,23,32,0,19,0,19
25009250300,1400000US25009250300,2662,436,1198,243,124,87,86,51,13,11,21,19,20,22,23,28,67,50,38,31,212,94,91,75,139,144,140,98,73,49,25,28,27,29,18,26,33,50,20,22,3,5,7,12,10,15,8,14,0,14,1464,265,88,58,113,61,100,57,39,31,71,58,0,14,0,14,63,38,198,109,50,40,151,105,65,41,243,111,61,44,57,39,36,43,14,21,9,10,8,14,74,39,6,9,18,27,0,14
25009250400,1400000US25009250400,4392,729,2225,527,321,177,99,90,47,60,181,224,48,74,88,108,0,14,188,125,333,196,25,41,113,131,151,111,50,63,105,93,115,90,0,14,134,65,32,49,92,76,24,28,0,14,59,65,20,28,2167,447,150,161,190,133,129,106,23,31,79,64,69,55,24,41,177,171,212,123,122,120,89,78,197,136,39,52,97,83,269,134,28,35,27,41,0,14,25,30,132,92,48,43,9,16,32,37
25009250500,1400000US25009250500,4464,793,2121,457,85,82,277,249,173,108,47,47,116,70,53,51,53,52,126,134,273,134,155,162,67,66,68,60,101,81,157,81,105,84,48,55,0,14,92,69,20,35,38,48,31,41,16,21,20,32,2343,429,107,80,91,70,120,97,194,154,192,101,33,36,21,33,181,140,193,124,196,96,103,118,158,91,233,116,141,96,66,58,41,50,10,14,88,78,15,25,66,57,59,56,35,53,0,14
25009250600,1400000US25009250600,6142,739,3193,483,149,142,323,193,155,102,32,37,38,48,177,99,45,54,166,75,230,115,360,185,239,201,357,223,258,139,110,90,159,91,70,79,29,43,10,16,100,98,49,46,35,37,75,58,27,36,2949,461,293,205,218,129,225,120,151,81,89,73,54,62,12,21,86,85,143,92,194,120,199,100,219,97,132,77,320,132,149,122,32,35,0,19,46,64,60,62,177,75,47,54,39,36,64,62
25009250700,1400000US25009250700,5425,619,2715,432,106,90,171,96,371,158,160,90,131,118,42,48,45,65,163,98,316,181,160,120,144,100,116,83,135,98,177,154,93,85,115,128,53,62,19,23,12,20,108,88,54,40,23,34,1,3,2710,354,86,79,230,116,164,122,70,55,157,92,64,65,36,57,116,118,280,189,105,82,98,69,349,124,259,126,265,134,181,116,30,36,55,58,0,19,26,37,26,32,92,65,21,32,0,19
25009250800,1400000US25009250800,8554,838,3991,647,212,173,430,227,565,276,219,164,163,123,77,91,61,67,195,132,343,208,321,163,144,86,149,107,192,127,204,142,404,215,87,109,2,7,69,75,38,45,0,19,32,52,84,111,0,19,4563,699,334,233,157,188,552,348,164,110,22,35,0,19,38,56,293,175,479,293,468,188,256,165,446,213,195,128,215,171,210,139,114,113,132,98,53,85,191,184,34,54,172,138,0,19,38,47
25009250900,1400000US25009250900,2384,443,1073,237,55,62,74,61,160,52,6,10,23,40,24,24,4,6,25,20,29,31,16,19,54,36,111,78,188,103,52,50,89,50,24,26,0,14,53,74,5,7,36,31,0,14,31,40,14,17,1311,385,210,267,52,61,131,64,32,39,8,28,0,14,21,26,83,66,16,24,50,84,159,48,36,26,36,27,86,57,31,28,35,32,77,54,53,60,4,16,113,55,27,18,51,53,0,14
25009251000,1400000US25009251000,1931,326,799,200,52,55,82,71,54,48,56,37,16,27,11,18,11,18,31,51,40,36,140,86,36,36,33,27,34,35,80,44,0,14,11,17,36,28,12,19,22,28,17,23,25,28,0,14,0,14,1132,206,98,86,29,32,53,42,40,40,37,43,27,33,0,14,73,57,41,47,68,42,151,42,39,35,36,40,86,42,65,57,42,46,70,54,10,11,15,22,64,41,20,23,8,14,60,66
25009251100,1400000US25009251100,3020,461,1430,359,135,115,23,39,132,87,26,35,9,16,69,81,30,46,29,46,86,79,91,86,43,54,37,62,46,55,47,61,94,106,23,27,28,46,0,14,23,26,120,90,214,180,87,72,38,34,1590,305,247,147,75,45,0,14,0,14,43,54,22,25,0,14,121,89,115,80,36,39,42,41,47,41,39,46,76,65,168,187,15,22,45,51,21,24,62,64,94,61,107,64,51,48,164,76
25009251200,1400000US25009251200,1614,290,668,163,25,33,39,41,49,38,16,21,25,32,27,31,0,14,42,38,63,53,104,127,0,14,20,21,39,39,87,35,20,20,6,9,33,33,42,34,12,17,19,27,0,14,0,14,0,14,946,247,54,54,33,38,64,31,64,31,8,15,0,14,0,14,75,52,51,48,39,39,27,30,68,44,99,55,0,14,42,34,133,183,95,99,17,26,41,32,5,8,15,18,16,24,0,14
25009251300,1400000US25009251300,3700,825,1934,537,205,174,326,229,14,23,201,88,39,39,28,45,104,90,34,43,30,45,70,56,126,90,269,209,102,94,101,71,98,83,23,34,40,39,0,14,0,14,87,72,0,14,23,38,14,21,1766,361,61,78,115,89,139,166,117,60,64,76,74,65,0,14,11,21,74,63,88,68,310,154,177,89,46,52,101,74,69,63,36,39,38,36,43,39,38,43,85,58,59,64,21,38,0,14
25009251400,1400000US25009251400,5483,911,2806,429,146,89,131,86,488,184,115,70,24,38,27,35,30,36,213,94,107,74,95,72,179,106,221,120,149,95,248,154,202,87,40,48,87,63,95,73,33,51,128,80,23,29,25,29,0,19,2677,611,390,372,70,57,94,77,146,89,103,85,40,42,37,41,131,82,225,160,304,173,184,78,92,66,88,60,233,89,167,96,66,75,88,71,8,14,0,19,68,52,41,43,41,56,61,76
25009251500,1400000US25009251500,6913,863,2858,483,120,107,223,168,216,128,156,133,202,118,0,19,84,90,85,92,333,222,313,233,97,88,116,102,352,171,107,91,233,137,7,12,76,89,17,26,0,19,4,11,117,80,0,19,0,19,4055,680,226,129,207,131,424,218,432,206,155,121,134,117,151,112,114,99,123,78,107,92,350,133,363,242,68,81,454,201,173,109,49,72,86,91,205,208,20,36,110,76,48,62,46,53,10,21
25009251600,1400000US25009251600,6847,956,3955,748,247,205,409,252,273,193,95,105,105,109,44,57,36,35,273,199,166,92,608,258,440,227,357,182,179,128,158,159,197,123,121,109,130,126,28,34,50,63,39,34,0,19,0,19,0,19,2892,416,32,51,171,163,194,151,78,74,0,19,0,19,0,19,440,262,454,237,216,158,243,141,126,83,94,80,202,114,40,48,0,19,205,121,96,108,91,73,61,63,12,17,68,72,69,83
25009251700,1400000US25009251700,5702,729,3113,679,93,89,131,147,418,363,146,119,49,65,0,19,57,71,141,87,394,233,337,230,301,206,167,218,109,79,246,142,173,117,97,93,31,41,63,71,54,56,93,115,0,19,0,19,13,18,2589,376,134,120,76,80,287,140,76,61,41,60,0,19,44,47,151,97,223,125,134,113,59,63,280,160,213,135,142,85,183,116,0,19,194,112,89,114,37,49,36,47,17,28,61,69,112,101
25009251800,1400000US25009251800,7983,985,3870,826,350,298,314,277,223,168,63,73,158,148,8,29,118,114,240,181,184,140,127,120,280,293,258,193,260,135,245,136,225,174,186,139,166,102,102,87,143,83,94,78,39,37,34,36,53,51,4113,576,341,228,282,206,248,188,93,105,83,100,58,92,0,19,148,147,205,175,269,162,162,117,452,224,189,134,460,228,317,148,32,38,194,96,189,96,0,19,72,53,102,82,133,73,84,63
25009252101,1400000US25009252101,3570,598,1677,276,47,44,81,65,56,65,102,81,75,90,37,39,0,14,0,14,68,50,153,116,110,147,187,93,151,104,32,43,86,62,62,59,136,61,40,34,69,55,81,84,23,20,28,35,53,43,1893,456,51,52,100,77,223,151,111,85,85,75,9,19,35,53,51,157,11,16,221,160,79,58,228,100,68,45,60,52,90,67,52,56,60,39,45,51,34,31,71,48,38,28,79,55,92,54
25009252102,1400000US25009252102,4631,747,2253,409,68,62,348,219,120,65,23,34,65,47,22,31,48,45,65,48,49,45,176,124,175,111,100,60,145,132,75,42,151,49,112,64,81,40,66,40,96,57,120,47,43,33,63,41,42,46,2378,431,88,51,20,24,176,99,142,109,96,98,78,67,31,35,55,47,59,61,151,99,67,43,151,76,267,246,213,107,141,68,62,38,117,52,45,29,66,36,174,70,96,60,70,52,13,17
25009252201,1400000US25009252201,3374,564,1694,346,37,45,9,14,157,52,132,95,56,55,72,93,0,14,34,32,99,76,164,115,82,88,143,121,62,47,111,102,275,131,32,52,11,20,34,29,33,27,44,39,67,54,13,14,27,21,1680,321,71,79,55,51,145,137,53,68,12,20,94,83,0,14,150,83,27,30,174,103,54,45,147,132,134,90,156,76,101,72,22,23,36,29,7,11,28,25,52,42,45,28,74,56,43,36
25009252202,1400000US25009252202,3297,460,1624,222,57,54,174,89,81,43,26,20,6,17,8,13,47,49,32,35,126,62,105,68,97,57,136,75,99,57,152,71,115,70,53,35,70,50,45,34,66,41,75,46,35,29,19,22,0,14,1673,371,45,35,179,122,104,62,20,19,36,37,2,6,15,16,37,38,67,45,48,41,61,41,110,50,231,136,88,57,112,66,72,50,52,38,171,189,113,65,12,19,37,29,8,13,53,46
25009252300,1400000US25009252300,7609,1105,3919,805,195,191,147,115,176,95,132,121,111,129,142,130,0,19,236,179,438,218,493,249,111,125,203,128,103,89,216,139,304,212,194,132,137,91,100,92,157,90,116,86,126,107,46,54,36,28,3690,567,256,165,105,93,217,173,69,52,21,31,104,134,0,19,40,47,448,219,193,113,104,84,183,96,292,195,213,137,299,207,29,34,165,101,137,102,94,64,235,134,193,135,33,34,260,178
25009252400,1400000US25009252400,4752,765,2244,471,34,38,70,57,224,145,168,134,151,132,17,30,24,34,65,50,171,101,171,93,74,70,216,140,282,163,194,133,102,78,36,46,28,29,2,4,49,43,78,78,64,58,24,38,0,14,2508,447,180,141,196,101,175,113,123,94,64,58,13,22,68,62,92,70,249,115,156,133,120,76,188,85,319,154,149,93,90,59,24,27,62,50,17,27,85,82,69,58,30,35,25,32,14,22
25009252501,1400000US25009252501,5318,720,2551,398,129,83,231,99,137,93,86,67,57,49,15,18,15,18,167,113,81,53,319,136,158,108,318,167,137,70,172,92,168,77,23,30,47,42,25,25,102,85,55,46,75,51,25,28,9,23,2767,447,198,115,347,192,267,119,24,26,56,50,0,19,8,14,278,118,161,86,225,94,210,121,55,38,143,78,177,91,171,92,23,29,15,19,59,51,119,83,132,82,3,5,25,32,71,29
25009252502,1400000US25009252502,4976,548,2371,237,193,98,65,51,72,49,42,36,133,87,31,42,26,41,99,85,239,99,210,116,89,57,194,97,142,88,101,55,135,65,25,24,33,35,102,69,157,78,85,39,82,61,63,44,53,46,2605,471,251,135,101,73,213,227,123,67,39,44,43,55,30,29,105,77,141,102,158,84,180,80,153,83,151,83,109,62,74,49,26,21,108,61,109,63,81,42,138,81,63,42,87,33,122,62
25009252601,1400000US25009252601,7261,814,3375,526,91,71,220,150,262,142,148,79,37,43,141,85,20,31,72,66,133,119,157,93,373,188,399,226,261,132,194,142,146,89,57,45,209,80,139,110,58,52,81,55,129,87,40,44,8,12,3886,504,243,158,269,159,324,181,88,59,37,56,59,58,0,19,79,93,251,141,101,76,549,176,250,186,180,118,180,97,245,116,148,90,139,74,87,97,146,74,225,123,214,115,23,32,49,37
25009252602,1400000US25009252602,5495,651,2611,302,94,66,125,111,157,77,190,97,58,54,79,67,23,37,40,34,152,84,224,86,152,96,105,52,174,106,295,109,221,89,35,37,100,94,86,52,41,34,174,70,63,48,23,27,0,19,2884,524,66,60,140,140,210,146,27,37,97,74,68,72,30,32,138,85,360,193,91,61,185,128,87,46,287,110,271,127,152,68,35,34,86,56,66,54,90,54,156,73,111,56,29,32,102,83
25009252603,1400000US25009252603,3192,437,1486,280,125,144,32,35,87,71,37,35,25,31,0,14,21,27,66,51,90,57,48,43,64,45,113,72,90,49,137,112,156,102,61,55,20,21,29,31,26,29,132,92,47,32,22,24,58,34,1706,292,138,91,70,70,116,84,98,61,18,19,42,48,11,20,13,22,47,35,171,85,117,47,42,39,51,40,123,114,257,121,83,54,37,28,0,14,54,34,77,40,48,41,32,34,61,52
25009253100,1400000US25009253100,6518,921,3450,585,303,217,322,207,490,222,48,52,102,78,0,19,0,19,125,107,316,162,310,183,289,191,155,114,172,123,50,49,252,125,122,111,62,59,35,38,68,59,142,94,73,70,14,20,0,19,3068,484,142,135,130,111,187,180,82,72,0,19,0,19,33,57,114,88,118,79,391,178,311,194,169,154,178,97,185,117,173,96,116,81,112,74,87,99,50,46,265,102,111,71,69,50,45,39
25009253201,1400000US25009253201,3269,667,1537,370,79,56,69,37,128,61,56,55,14,23,12,17,0,14,144,175,105,84,129,68,74,55,41,39,59,45,150,137,105,56,55,76,76,39,9,15,53,45,53,41,19,19,0,14,107,138,1732,361,96,62,65,49,60,45,57,46,29,35,0,14,15,23,99,132,128,86,134,97,91,61,78,62,98,59,138,157,150,69,30,37,67,49,52,45,72,60,52,45,87,66,17,19,117,102
25009253202,1400000US25009253202,7616,1002,3775,748,63,50,190,141,247,128,126,87,410,193,159,114,343,297,325,231,73,89,318,180,92,57,182,101,169,84,189,152,145,92,104,83,168,113,62,57,256,248,17,27,37,44,15,24,85,89,3841,651,167,119,118,75,147,104,75,59,410,185,95,72,388,445,129,116,88,88,212,121,182,132,231,152,226,162,139,100,396,178,233,282,109,71,50,71,111,102,80,66,68,74,51,52,136,92
25009253203,1400000US25009253203,4159,343,2053,259,97,63,177,93,167,111,52,45,58,69,0,14,39,33,86,50,149,74,67,51,124,54,60,39,156,61,75,40,189,67,51,37,59,38,69,38,39,32,117,51,45,29,61,42,116,50,2106,184,70,58,42,29,210,94,70,68,43,55,74,73,9,15,74,47,79,41,79,39,70,43,161,81,142,55,157,72,98,52,69,40,77,41,93,46,34,31,74,38,88,38,123,66,170,76
25009253204,1400000US25009253204,5852,496,2853,347,182,104,144,84,77,60,224,96,0,19,23,35,14,23,47,56,68,64,81,59,208,166,231,95,171,86,267,135,251,163,106,81,96,88,249,210,26,36,221,128,76,66,29,31,62,48,2999,302,249,151,207,79,127,82,78,46,42,44,0,19,21,33,183,109,93,89,154,83,272,148,240,78,155,137,289,131,245,117,33,38,137,92,36,42,175,134,126,69,43,40,41,42,53,70
25009253205,1400000US25009253205,4076,427,1878,259,92,53,100,48,115,78,85,52,19,25,28,48,0,14,0,14,63,54,79,48,145,68,93,46,127,58,155,105,147,64,232,143,65,38,82,58,66,38,72,39,47,31,49,42,17,19,2198,235,165,66,148,48,218,69,136,51,40,38,0,14,12,19,7,11,73,47,147,65,123,43,85,39,127,51,141,82,132,88,227,137,115,56,32,25,56,33,105,58,57,34,46,44,6,11
25009254100,1400000US25009254100,6077,564,2799,353,190,130,151,82,199,93,139,98,7,24,0,19,0,19,67,73,113,84,133,80,187,86,271,112,163,70,202,109,283,188,119,70,117,80,109,76,97,80,66,48,115,82,57,57,14,22,3278,321,139,111,261,81,214,115,170,98,21,36,0,19,9,3,74,78,27,39,91,61,189,79,298,120,251,119,261,184,286,112,129,89,122,86,100,66,129,76,137,80,184,91,112,73,74,54
25009254200,1400000US25009254200,5379,546,2403,357,53,49,128,75,89,63,111,57,261,124,177,60,182,88,116,83,91,60,63,37,39,27,154,86,94,46,102,49,51,35,69,60,247,272,114,124,105,58,89,60,27,23,18,20,23,28,2976,292,78,60,134,99,86,62,69,54,327,117,232,98,173,66,185,105,80,48,62,43,205,93,168,108,166,74,134,50,160,90,217,182,56,32,134,74,49,34,89,55,86,58,49,34,37,28
25009254301,1400000US25009254301,4556,405,2282,241,69,45,139,79,148,58,150,77,115,74,22,27,50,51,69,53,40,35,29,25,125,65,88,51,310,75,131,70,263,135,59,45,101,95,54,36,37,25,170,94,47,27,21,25,45,29,2274,263,80,56,102,65,234,76,133,60,42,50,22,29,0,14,68,49,32,30,110,105,97,55,180,71,278,95,226,86,62,67,56,36,219,188,27,25,54,41,86,53,52,37,69,45,45,36
25009254302,1400000US25009254302,4792,420,2465,274,139,62,153,62,223,92,132,74,50,37,39,54,0,14,74,48,85,58,55,37,135,59,140,79,282,141,125,62,218,97,99,52,184,101,121,60,36,26,22,24,100,63,31,31,22,24,2327,242,100,67,99,68,120,59,104,53,56,41,16,25,10,16,72,45,169,92,71,44,113,52,202,79,166,58,156,61,189,80,122,66,90,46,115,54,128,99,96,62,33,30,25,29,75,79
25009254401,1400000US25009254401,3633,375,1828,198,205,112,80,42,81,41,178,128,21,25,27,27,0,14,114,71,81,53,133,84,96,49,134,54,44,34,141,65,116,47,62,45,108,50,33,34,37,33,57,35,39,30,25,22,16,18,1805,251,90,57,141,72,115,84,142,133,45,35,0,14,12,18,55,82,94,58,120,61,93,46,140,53,61,41,155,84,162,59,49,52,96,50,30,38,18,19,95,37,54,38,30,36,8,12
25009254402,1400000US25009254402,8197,646,4237,469,346,214,228,137,338,181,179,98,56,72,0,19,81,89,263,173,223,131,153,118,186,117,293,111,325,167,566,180,328,175,98,90,128,87,3,12,147,103,134,78,128,78,34,43,0,19,3960,346,266,159,175,102,320,179,278,106,25,40,22,38,38,44,55,54,275,116,99,86,273,98,281,104,184,106,446,182,255,116,158,113,122,93,182,89,177,100,76,58,98,67,143,98,12,19
25009254403,1400000US25009254403,4018,372,2038,247,178,82,130,56,229,90,128,70,93,75,0,14,0,14,26,29,37,41,111,95,111,61,130,57,95,50,211,82,131,72,51,32,47,37,33,34,133,70,94,49,22,22,0,14,48,31,1980,235,171,90,123,69,125,63,69,62,11,18,20,23,0,14,61,71,149,94,25,23,73,39,145,71,193,62,178,53,89,48,52,40,64,40,33,29,130,74,78,44,63,36,60,36,68,31
25009260100,1400000US25009260100,5551,884,2619,605,70,79,209,146,441,350,113,162,26,52,44,50,42,48,94,69,382,207,214,154,183,91,28,49,104,78,124,113,77,71,66,73,66,56,59,58,34,36,61,57,120,178,62,70,0,19,2932,408,273,146,230,173,138,147,41,40,15,24,0,19,0,19,115,87,382,238,561,199,86,59,234,159,89,90,191,110,179,98,47,67,41,48,40,48,40,44,82,95,18,33,109,107,21,59
25009260200,1400000US25009260200,3935,380,1801,286,40,55,128,89,128,85,74,67,85,64,47,57,19,33,56,56,136,82,106,81,231,79,132,88,52,52,92,77,73,60,56,62,38,32,39,49,22,24,103,77,75,60,11,28,58,50,2134,289,255,160,88,62,109,65,21,31,30,40,0,14,17,29,20,29,146,85,253,100,96,74,98,70,146,60,91,58,112,71,8,13,28,34,16,20,60,51,192,100,101,65,98,57,149,92
25009260301,1400000US25009260301,4600,499,2154,291,114,95,64,55,145,59,55,35,7,14,0,14,0,14,37,39,206,110,152,74,201,97,195,97,99,67,262,144,130,70,42,36,100,52,78,63,70,46,56,38,81,35,18,19,42,35,2446,288,171,68,111,71,97,57,84,46,2,5,13,22,10,16,139,69,155,102,300,129,108,61,96,56,97,66,121,61,259,98,78,48,143,69,87,53,81,58,109,64,69,38,27,24,89,54
25009260302,1400000US25009260302,3320,542,1712,268,26,41,106,72,74,62,50,41,55,58,25,29,52,35,70,48,135,87,31,31,123,71,53,43,69,57,113,74,160,120,56,47,142,59,113,50,51,33,89,48,65,38,25,21,29,32,1608,324,27,26,54,47,89,69,87,58,11,14,48,77,0,14,30,35,41,35,69,69,75,42,84,56,133,80,172,135,157,66,41,33,127,78,49,35,47,31,92,46,28,19,56,41,91,49
25009260401,1400000US25009260401,3928,478,1868,312,68,51,37,36,191,88,116,83,13,22,27,31,0,14,105,77,2,5,74,73,120,70,62,52,229,128,97,65,216,100,60,40,53,38,68,38,112,133,92,60,52,35,53,34,21,26,2060,262,88,57,19,22,70,40,95,76,30,30,38,45,29,45,42,49,104,63,86,52,147,69,92,74,203,128,162,87,174,68,33,24,146,57,45,35,68,47,220,86,93,54,57,40,19,22
25009260402,1400000US25009260402,6890,793,3273,605,88,74,282,119,98,77,250,178,32,36,0,19,1,2,108,162,66,67,198,101,160,92,177,89,292,182,295,176,314,199,162,88,57,49,77,65,135,83,158,103,157,84,53,45,113,178,3617,490,106,102,232,126,93,59,28,44,117,91,10,20,20,33,276,224,206,131,180,95,107,75,250,142,288,132,440,224,200,99,178,133,102,65,51,64,136,86,203,89,176,92,42,29,176,252
25009260500,1400000US25009260500,3719,641,1995,434,148,119,80,58,114,70,63,59,113,78,9,17,79,101,54,60,9,15,47,50,228,85,160,165,123,68,65,44,131,103,85,59,130,64,38,30,138,76,42,32,48,42,27,28,64,56,1724,270,48,70,67,50,183,126,32,35,0,14,36,37,0,14,0,14,27,29,39,47,211,89,91,42,132,115,29,30,167,84,120,68,117,59,27,24,87,51,81,89,118,71,13,14,99,61
25009260600,1400000US25009260600,3981,536,1970,342,127,72,71,65,256,133,108,79,101,114,26,32,27,33,90,112,63,49,178,79,62,50,161,96,220,173,136,77,60,49,42,38,59,61,64,49,61,40,25,21,0,14,5,10,28,34,2011,326,109,75,15,23,221,82,99,55,37,41,0,14,40,46,200,172,135,84,166,77,182,118,173,88,228,118,39,43,136,82,27,27,69,46,21,23,9,14,16,21,54,38,23,23,12,18
25009260700,1400000US25009260700,5390,658,2611,510,224,175,154,89,187,152,97,70,176,145,31,51,10,16,105,83,184,90,159,85,201,158,197,119,132,94,134,84,203,85,61,50,74,47,42,32,50,56,43,31,76,63,56,49,15,22,2779,307,139,100,224,105,251,207,81,63,169,111,42,50,42,50,126,84,100,76,225,109,168,142,173,73,149,82,228,106,182,102,34,28,116,86,51,34,86,53,63,43,37,30,25,25,68,74
25009260800,1400000US25009260800,5723,891,2946,629,181,169,180,188,157,88,41,53,19,27,0,19,0,19,75,53,507,219,507,227,156,131,136,154,101,93,231,116,180,97,23,24,97,72,97,103,244,253,8,16,0,19,6,15,0,19,2777,432,427,160,10,20,162,94,80,73,82,68,0,19,0,19,229,147,329,173,301,132,209,107,78,60,150,129,86,58,298,141,13,20,154,178,0,19,43,46,76,73,11,17,18,29,21,25
25009260900,1400000US25009260900,5879,770,2688,379,115,94,216,83,166,133,13,22,27,35,0,19,0,19,85,94,179,78,320,189,55,69,226,142,256,151,386,153,256,194,18,25,31,42,0,19,14,24,104,80,91,100,86,84,44,68,3191,525,235,191,151,67,185,67,180,118,0,19,66,79,78,69,159,179,91,80,208,113,290,153,127,141,123,98,127,99,323,202,54,51,236,128,83,89,118,80,94,64,97,97,136,147,30,37
25009261000,1400000US25009261000,4758,523,2668,459,55,45,187,126,116,57,187,100,153,156,0,14,77,52,147,101,168,97,225,139,206,117,142,82,117,62,225,155,271,132,48,45,155,122,26,27,39,30,42,32,24,27,49,31,9,15,2090,262,119,87,190,126,66,50,43,38,84,89,0,14,13,22,117,116,43,39,230,96,242,121,81,53,96,57,134,67,292,127,12,19,42,34,27,30,13,19,122,78,60,61,45,28,19,21
25009261101,1400000US25009261101,5482,952,2820,615,122,63,325,212,191,148,208,120,67,46,35,44,62,58,16,21,149,81,55,56,206,152,170,109,174,93,206,99,213,83,46,48,118,70,68,50,118,57,87,45,55,33,106,62,23,36,2662,442,112,80,62,65,217,81,37,31,97,65,0,19,21,26,63,39,206,224,153,73,184,200,172,98,118,68,330,116,236,81,77,53,107,58,48,30,72,45,117,53,144,63,53,41,36,22
25009261102,1400000US25009261102,4542,576,2119,412,111,88,98,96,232,135,51,48,31,41,40,46,0,14,137,113,181,120,206,117,120,85,165,125,162,71,79,76,188,101,76,58,50,46,43,51,44,40,57,42,26,31,0,14,22,35,2423,329,251,114,27,40,122,74,112,75,18,31,46,53,0,14,138,114,113,118,277,120,128,85,175,109,174,109,281,159,89,66,116,105,89,94,43,38,38,38,107,74,26,30,53,49,0,14
25009262100,1400000US25009262100,6748,17,3661,313,357,343,274,160,168,121,21,24,0,19,54,80,2,5,106,112,339,232,191,93,230,106,77,65,221,149,134,83,309,124,73,68,216,140,201,130,176,121,237,114,189,158,74,53,12,17,3087,311,40,49,126,79,50,51,79,68,50,56,15,24,0,19,190,139,277,184,144,83,138,84,89,64,162,103,215,107,242,118,175,83,185,96,66,50,218,134,281,115,193,186,67,47,85,88
25009263100,1400000US25009263100,4591,21,2223,128,96,64,36,45,148,79,53,38,32,29,33,33,21,30,47,38,92,50,184,89,99,62,110,52,119,48,181,103,252,133,105,57,107,77,69,48,126,100,165,62,76,38,56,45,16,17,2368,125,130,71,105,51,181,74,149,70,0,14,17,19,41,42,30,31,48,34,118,73,167,77,153,70,126,55,180,81,175,70,102,51,174,105,117,55,153,91,137,54,34,28,23,21,8,14
25009264100,1400000US25009264100,6777,17,3204,270,205,123,243,128,165,91,140,105,17,29,0,19,0,19,165,138,71,66,113,84,230,143,453,157,95,73,171,108,146,81,81,63,229,111,141,75,77,56,158,70,175,90,111,97,18,28,3573,267,129,151,220,197,283,130,60,54,0,19,0,19,18,30,186,133,196,112,155,90,340,225,313,106,140,81,209,118,213,123,76,62,255,122,100,68,229,95,180,84,203,117,32,37,36,52
25009265101,1400000US25009265101,4072,428,1957,245,122,62,102,58,171,145,121,72,18,21,0,14,10,16,42,45,147,72,120,87,164,70,62,35,95,52,125,64,221,95,44,34,74,42,33,30,85,39,119,66,39,32,21,24,22,25,2115,255,179,130,154,43,98,79,145,100,24,32,36,43,11,18,39,36,69,53,208,105,96,61,147,103,144,70,130,65,212,90,40,31,61,38,37,33,91,43,105,48,79,58,0,14,10,16
25009265102,1400000US25009265102,4402,426,2199,235,164,52,120,64,99,57,78,70,31,33,18,30,0,14,95,60,81,56,82,72,188,78,114,57,187,76,145,61,277,119,15,21,140,74,39,36,10,15,74,48,115,46,97,63,30,27,2203,279,92,56,125,76,141,66,79,52,9,16,62,79,28,32,35,38,56,42,104,67,181,58,127,61,135,72,113,76,191,58,92,61,68,51,60,49,78,50,109,54,106,42,84,64,128,141
25009266100,1400000US25009266100,4555,455,2241,301,209,71,97,58,129,70,93,55,78,52,10,15,35,30,43,36,62,44,158,72,192,110,199,147,124,49,128,60,214,99,100,57,40,34,35,29,116,54,69,45,59,44,51,38,0,14,2314,282,21,23,88,71,189,105,51,34,59,52,0,14,27,42,44,35,76,48,148,79,133,63,118,51,258,152,227,109,338,128,27,24,64,38,14,15,157,63,96,50,94,61,68,41,17,19
25009266200,1400000US25009266200,5305,557,2622,431,173,118,170,87,188,106,107,119,63,61,0,19,54,76,11,18,75,59,70,45,79,53,342,151,136,111,422,197,91,64,128,103,110,78,30,34,52,45,179,98,24,28,70,89,48,47,2683,311,208,110,153,74,85,69,28,36,22,27,12,20,0,19,17,28,165,105,111,72,188,92,260,133,315,162,203,163,231,127,42,41,66,50,81,77,74,48,154,71,187,130,32,31,49,44
25009266300,1400000US25009266300,3953,409,1831,261,79,58,83,54,78,78,88,62,51,55,14,21,0,14,74,69,225,106,137,89,55,38,64,63,175,79,136,65,115,46,47,32,113,53,91,51,47,31,68,51,43,29,39,34,9,14,2122,253,119,103,74,44,154,88,83,64,2,8,11,18,9,14,52,51,197,89,145,98,179,143,133,66,104,56,143,58,140,66,73,50,159,66,62,43,84,46,39,33,68,43,35,33,57,41
25009266400,1400000US25009266400,3590,504,1793,313,27,28,154,103,225,161,52,39,42,52,0,14,28,36,36,30,137,95,124,67,229,140,74,55,52,38,111,79,65,48,57,36,24,28,52,44,14,16,194,79,66,40,15,17,15,24,1797,250,56,63,43,37,150,76,22,24,52,53,0,14,35,54,11,17,84,47,246,200,141,76,86,56,87,56,74,57,184,81,35,29,75,44,55,43,83,71,139,65,85,46,35,29,19,25
25009267102,1400000US25009267102,5366,370,2798,317,187,119,35,47,45,52,150,117,68,65,0,19,36,48,245,199,373,160,90,89,51,52,245,129,110,102,196,112,245,115,76,61,223,130,45,38,71,61,139,97,116,64,41,42,11,17,2568,316,35,55,23,45,113,96,199,87,127,117,0,19,0,19,80,80,116,110,148,113,112,107,114,97,167,106,188,100,391,154,25,28,107,70,22,29,125,99,99,56,97,64,217,149,63,73
25009267103,1400000US25009267103,1698,282,791,151,14,21,3,5,21,25,13,10,0,14,7,12,0,14,38,23,28,28,88,88,56,39,1,9,27,23,26,22,99,50,24,24,62,61,82,65,15,18,56,32,63,45,27,18,41,43,907,173,0,14,0,14,36,34,13,15,21,16,0,14,11,16,15,17,75,79,71,35,10,16,0,14,31,23,93,43,124,67,20,19,85,59,37,21,83,61,100,51,67,39,4,6,11,11
25009267104,1400000US25009267104,2217,335,970,225,47,63,60,44,83,59,18,23,0,14,14,26,0,14,0,14,56,57,60,52,71,67,40,39,17,24,36,30,115,87,7,10,22,23,28,33,62,42,49,42,59,32,76,57,50,66,1247,224,35,34,11,17,67,48,6,10,8,14,0,14,0,14,179,197,113,73,10,16,86,85,43,34,41,40,85,69,38,27,24,22,88,81,75,61,82,60,114,51,56,39,56,45,30,25
25009268100,1400000US25009268100,2671,315,1274,162,97,56,89,45,91,41,33,34,13,16,15,17,18,17,31,26,14,14,92,36,90,32,26,22,76,61,180,54,74,34,50,31,96,69,19,17,63,26,40,21,26,17,41,28,0,14,1397,195,47,32,42,28,70,41,94,48,71,52,13,14,16,14,15,16,84,52,116,74,45,28,91,48,62,39,151,48,135,48,33,20,100,65,22,18,57,24,66,35,28,18,21,27,18,28
25009268200,1400000US25009268200,7177,1044,2904,421,94,65,322,229,247,114,22,36,18,29,0,19,0,19,22,34,177,117,183,97,114,69,246,236,194,80,112,77,276,117,182,97,139,107,61,58,134,127,152,80,79,66,75,55,55,49,4273,758,66,50,228,90,673,530,65,54,83,100,0,19,0,19,203,158,62,56,219,137,136,68,369,245,257,111,177,100,283,127,179,104,165,95,82,65,127,82,238,140,162,85,121,56,378,141
25009268300,1400000US25009268300,4211,597,1980,366,24,29,16,39,218,133,73,67,69,90,0,14,0,14,119,73,32,38,138,103,60,54,57,48,97,80,142,83,180,94,68,58,159,222,44,47,115,95,80,65,214,110,35,39,40,38,2231,326,68,68,33,38,38,39,91,73,0,14,0,14,18,26,80,70,66,56,242,174,60,44,33,31,150,121,172,93,187,113,76,75,267,159,116,104,136,88,165,102,110,98,63,65,60,47
25009268400,1400000US25009268400,4593,719,1983,382,48,56,122,179,64,77,57,67,15,26,15,23,0,14,16,28,42,42,146,110,61,54,160,120,172,104,126,88,166,102,101,73,120,106,142,80,108,85,125,91,88,44,89,62,0,14,2610,411,111,93,173,106,204,154,87,81,81,92,18,29,0,14,16,25,69,94,80,71,59,52,176,128,129,99,223,110,176,93,130,96,126,76,36,36,275,130,153,87,97,51,82,56,109,72
25009269100,1400000US25009269100,6777,23,3372,224,120,66,176,99,83,91,170,84,24,28,33,39,88,104,73,57,180,126,90,67,167,84,210,99,187,129,165,95,176,98,143,92,490,293,116,67,184,99,112,70,302,123,83,72,0,19,3405,226,79,72,338,164,71,49,119,65,15,19,0,19,28,30,98,67,126,153,94,66,289,127,131,120,54,44,174,89,277,128,212,96,298,150,65,52,318,217,215,95,261,118,51,49,92,102
25009270100,1400000US25009270100,6251,17,3125,235,104,60,185,112,259,125,60,58,38,32,18,30,0,19,162,119,211,114,182,141,177,77,163,93,162,94,113,72,378,135,109,97,257,165,80,57,165,61,125,78,59,49,48,42,70,61,3126,233,96,73,186,97,116,85,198,146,73,85,41,47,17,29,18,30,138,80,114,67,221,92,98,61,92,71,185,83,525,212,136,84,66,53,155,104,164,85,140,80,92,66,174,116,81,58
25009990100,1400000US25009990100,0,14,0,14,0,14,0,14,0,14,0,14,0,14,0,14,0,14,0,14,0,14,0,14,0,14,0,14,0,14,0,14,0,14,0,14,0,14,0,14,0,14,0,14,0,14,0,14,0,14,0,14,0,14,0,14,0,14,0,14,0,14,0,14,0,14,0,14,0,14,0,14,0,14,0,14,0,14,0,14,0,14,0,14,0,14,0,14,0,14,0,14,0,14,0,14,0,14
25011040100,1400000US25011040100,4362,285,2248,215,79,24,66,29,110,65,46,19,47,26,31,21,36,24,44,33,85,36,84,32,176,58,158,46,106,31,88,35,136,35,75,32,100,33,151,96,115,34,236,76,120,32,95,51,64,35,2114,157,68,18,90,31,99,25,42,20,24,20,8,10,5,7,57,37,47,29,139,42,99,27,153,95,82,37,136,37,155,32,83,30,120,35,70,24,175,45,204,42,109,27,73,51,76,45
25011040200,1400000US25011040200,4541,265,2305,203,163,131,71,33,153,73,53,27,35,23,17,15,21,20,52,65,169,87,126,44,145,39,135,45,80,27,159,61,161,52,87,37,140,31,81,26,115,29,144,35,111,34,50,20,37,20,2236,183,87,34,98,30,114,42,59,23,22,20,0,14,36,35,39,26,135,56,134,44,120,71,150,68,159,61,172,55,207,50,64,23,133,38,68,21,123,29,137,35,90,32,33,17,56,23
25011040300,1400000US25011040300,2872,14,1469,115,27,26,59,34,68,48,130,77,16,22,1,6,10,14,67,39,130,65,35,31,50,35,110,69,92,49,59,47,137,84,39,29,101,60,20,22,75,49,107,41,63,37,9,14,64,55,1403,114,10,15,39,27,70,43,22,26,31,28,0,14,44,65,15,17,74,69,94,63,71,45,71,39,141,75,73,46,160,78,30,29,63,44,69,44,47,35,158,70,57,38,15,22,49,46
25011040400,1400000US25011040400,3329,249,1679,150,65,32,84,33,57,21,33,17,67,42,17,11,14,15,43,20,116,44,98,39,187,42,93,24,136,57,67,28,103,34,57,25,86,29,37,12,74,23,77,19,78,29,81,41,9,8,1650,136,40,17,81,34,113,33,17,12,49,29,37,28,2,3,16,9,70,32,65,25,165,39,127,44,91,29,89,30,131,31,73,28,82,23,48,19,69,21,124,27,100,39,30,12,31,21
25011040501,1400000US25011040501,4023,379,1909,227,26,28,127,88,135,61,103,69,12,23,5,10,41,50,56,64,114,91,201,84,128,83,117,86,136,72,97,53,97,76,17,21,130,65,91,51,123,65,90,50,19,24,9,12,35,30,2114,259,123,68,58,34,263,108,50,50,42,39,13,22,0,14,78,55,165,134,152,70,136,67,153,79,220,72,46,41,164,75,0,14,162,74,45,41,74,61,49,38,24,28,55,71,42,38
25011040502,1400000US25011040502,3550,375,1646,166,109,76,147,86,31,28,82,72,0,14,0,14,15,25,49,52,0,14,125,84,123,59,145,72,33,33,100,50,201,76,31,27,63,42,31,31,152,85,92,51,101,47,8,9,8,13,1904,320,65,51,50,47,231,131,80,57,52,42,0,14,0,14,96,62,33,37,107,53,127,84,118,65,10,17,50,39,224,85,61,41,110,58,75,50,125,75,115,73,33,24,42,33,100,61
25011040600,1400000US25011040600,4572,313,2249,202,54,24,63,24,80,24,130,56,19,14,23,16,15,15,30,20,105,44,156,50,182,75,126,38,128,34,102,28,209,77,96,53,138,33,79,28,130,40,171,36,100,31,74,24,39,20,2323,164,69,27,93,29,112,34,43,17,52,29,36,42,13,9,43,18,98,35,106,32,99,30,122,26,104,32,111,30,300,88,100,31,124,32,76,21,154,33,257,75,97,23,56,19,58,29
25011040701,1400000US25011040701,3965,375,1814,241,153,95,22,25,82,57,74,41,0,14,10,16,20,26,74,87,114,68,256,90,58,40,87,51,95,59,173,78,161,93,48,51,16,17,77,55,97,62,67,39,55,46,33,31,42,33,2151,231,96,65,115,59,64,52,125,67,8,15,56,50,11,18,59,48,59,46,241,92,112,61,182,60,177,100,118,62,104,76,63,50,104,69,81,64,48,35,129,62,71,50,57,36,71,55
25011040702,1400000US25011040702,4517,374,2188,235,160,91,163,78,133,66,40,37,16,20,17,20,0,14,33,37,85,51,128,132,112,79,171,83,118,65,142,64,117,71,26,25,158,91,102,65,78,59,204,86,57,52,77,56,51,59,2329,293,67,51,140,74,66,47,110,98,20,23,15,23,9,14,42,32,224,92,167,158,143,77,169,87,154,76,84,53,143,92,43,31,134,70,50,42,104,55,166,66,135,57,53,40,91,84
25011040800,1400000US25011040800,5140,278,2594,216,50,38,66,42,85,69,45,38,36,43,37,41,62,72,452,150,240,110,206,116,171,92,146,69,190,83,123,58,91,52,114,106,35,21,98,57,70,39,152,64,45,38,37,31,43,36,2546,242,57,39,80,50,75,54,117,54,94,68,0,19,112,104,114,63,175,89,176,92,257,123,139,70,118,66,184,71,161,77,55,24,113,98,104,46,65,36,153,78,87,44,56,31,54,37
25011040900,1400000US25011040900,5158,19,2596,180,96,66,111,71,19,34,132,87,15,24,108,90,35,46,25,45,228,135,137,99,157,104,128,96,162,91,221,91,309,194,43,52,157,105,114,73,65,53,169,59,112,65,53,47,0,19,2562,180,27,42,27,39,148,74,121,94,25,30,0,19,7,18,120,90,75,112,101,78,181,102,137,85,122,96,217,135,208,71,125,76,253,173,87,54,69,56,206,90,94,74,126,69,86,67
25011041000,1400000US25011041000,3488,339,1666,217,50,37,103,50,176,84,45,31,45,35,44,49,29,31,42,53,24,35,58,43,130,85,121,65,160,77,145,69,56,35,62,52,40,33,89,53,55,35,95,41,63,32,13,21,21,19,1822,232,105,68,87,81,85,51,62,46,68,58,0,14,38,39,13,20,121,85,43,34,137,70,161,56,94,58,168,80,32,27,21,24,58,30,95,57,127,91,165,72,31,22,39,26,72,50
25011041100,1400000US25011041100,3486,425,1658,251,95,75,150,121,36,37,26,27,24,29,0,14,0,14,24,26,46,48,104,84,170,101,115,74,64,45,102,44,129,65,31,33,69,40,20,17,129,64,136,47,89,46,67,36,32,25,1828,242,105,71,70,50,80,64,49,36,31,25,6,11,0,14,22,24,66,61,86,57,106,57,112,59,66,37,157,60,167,64,23,31,68,35,77,48,120,70,203,51,128,51,38,31,48,35
25011041200,1400000US25011041200,3159,368,1408,242,72,61,142,56,107,43,44,35,28,37,0,14,0,14,39,37,104,74,53,42,133,64,51,53,98,55,135,73,89,73,24,37,46,44,7,10,18,20,124,86,38,26,19,17,37,43,1751,217,24,25,131,68,108,48,33,31,0,14,11,18,29,42,28,30,25,34,128,96,113,68,155,60,84,51,244,102,179,79,26,24,30,30,92,66,78,46,109,56,48,31,42,30,34,33
25011041301,1400000US25011041301,2751,364,1545,329,86,62,31,31,131,69,86,50,15,27,4,14,27,31,36,32,130,73,55,39,125,78,115,79,55,49,46,52,129,82,0,14,88,69,8,14,113,119,147,141,54,41,14,21,50,50,1206,229,60,50,28,35,96,65,0,14,0,14,0,14,0,14,10,17,225,115,105,69,98,59,60,65,70,60,65,49,46,35,33,47,19,33,51,61,61,47,56,44,34,26,21,24,68,68
25011041302,1400000US25011041302,2241,316,1156,228,55,44,12,20,95,97,47,38,0,14,0,14,0,14,9,15,59,72,126,94,33,34,64,56,87,86,102,79,84,52,41,45,155,85,7,12,70,48,57,42,53,33,0,14,0,14,1085,174,62,47,46,40,0,14,21,20,0,14,0,14,35,52,146,123,34,40,73,55,89,62,38,59,15,23,119,73,72,47,59,43,12,14,0,14,9,14,78,48,131,100,37,34,9,15
25011041400,1400000US25011041400,2539,231,1176,178,12,18,42,49,77,29,25,38,201,80,35,29,17,25,39,39,36,35,102,67,103,84,60,41,58,40,124,79,69,75,7,9,65,41,7,10,0,14,19,22,27,32,23,29,28,29,1363,212,21,29,101,50,63,39,47,64,45,55,0,14,0,14,88,66,135,82,38,51,177,53,14,17,96,83,44,48,134,86,11,15,50,40,13,21,24,29,37,33,35,34,48,51,142,70
25011041501,1400000US25011041501,3648,239,1825,155,52,26,77,34,99,43,58,32,19,17,0,14,0,14,10,9,57,34,75,33,100,34,95,39,113,42,124,50,99,34,102,46,181,66,98,54,92,31,185,44,124,33,50,22,15,17,1823,139,53,28,70,46,80,41,36,20,9,8,11,9,3,4,43,31,33,20,53,28,91,23,91,41,145,55,81,28,193,49,94,43,103,33,96,27,149,35,232,76,127,41,24,16,6,6
25011041502,1400000US25011041502,3603,303,1776,215,17,12,92,45,115,50,54,40,25,22,17,18,4,8,70,40,65,32,86,68,103,48,155,65,76,34,88,41,105,43,117,53,85,37,50,34,91,38,146,43,164,62,24,24,27,18,1827,174,80,51,98,49,61,26,29,15,14,16,25,19,18,16,15,21,32,35,95,49,101,37,101,39,120,41,156,55,96,34,62,38,87,42,62,27,176,59,190,69,103,43,58,34,48,24
25013800101,1400000US25013800101,4092,686,1931,365,171,137,104,67,98,67,115,68,111,78,69,74,0,14,105,101,270,151,140,70,110,70,111,84,36,31,84,74,52,40,52,48,22,26,27,30,85,62,76,57,76,59,17,21,0,14,2161,411,85,71,130,96,107,68,64,61,0,14,0,14,0,14,55,59,144,126,213,92,194,94,94,56,192,93,256,142,42,35,12,18,138,97,132,133,95,97,115,69,42,32,30,28,21,23
25013800102,1400000US25013800102,4833,708,1894,424,87,82,154,124,172,95,83,64,57,64,13,22,39,46,97,101,175,107,186,172,112,83,147,109,102,74,155,121,68,65,0,14,112,77,10,27,73,63,46,48,0,14,6,10,0,14,2939,602,216,129,196,232,232,106,192,139,140,126,29,38,0,14,110,79,179,112,193,101,211,106,135,83,210,100,357,172,73,64,44,39,109,94,53,35,54,69,117,81,32,32,26,26,31,28
25013800201,1400000US25013800201,6787,768,3386,553,117,132,312,132,223,124,90,126,245,176,114,112,42,52,87,91,224,176,139,101,47,65,356,127,345,154,211,102,278,160,54,64,280,329,24,30,44,60,99,61,13,19,17,21,25,31,3401,488,94,90,191,147,84,98,332,266,120,117,14,24,54,83,111,84,137,121,161,102,298,176,219,101,269,167,247,133,308,127,67,77,250,247,66,48,115,84,94,60,88,111,47,46,35,43
25013800202,1400000US25013800202,1587,284,815,203,40,35,96,40,75,39,18,19,1,3,0,14,17,21,61,53,76,64,37,29,36,55,157,71,21,29,34,34,43,36,0,14,40,27,45,44,10,16,8,14,0,14,0,14,0,14,772,195,22,24,62,62,39,35,19,16,33,36,0,14,4,7,31,40,51,36,44,32,8,14,94,38,82,63,14,19,68,35,9,12,27,26,35,24,5,8,34,32,0,14,53,30,38,49
25013800300,1400000US25013800300,4631,659,2244,318,82,66,159,76,226,100,162,83,33,26,0,14,28,42,80,71,125,89,245,121,137,98,263,113,77,48,135,62,165,83,28,41,20,22,5,11,90,68,80,57,53,52,51,59,0,14,2387,552,149,158,191,130,96,77,66,64,55,65,228,266,40,35,69,56,100,102,58,43,126,92,370,168,122,70,121,77,115,61,54,51,39,36,91,62,87,55,85,50,32,37,45,51,48,36
25013800400,1400000US25013800400,6582,1210,2680,782,174,167,30,48,171,181,243,203,0,19,196,132,0,19,236,214,182,235,291,265,254,254,153,229,161,128,52,67,106,114,151,138,73,62,7,16,77,85,70,72,13,22,11,21,29,31,3902,915,0,19,1017,580,109,114,184,198,0,19,0,19,0,19,114,193,755,444,274,191,162,139,221,186,217,166,233,166,96,77,53,62,297,205,41,59,7,16,14,21,37,54,9,18,62,44
25013800500,1400000US25013800500,3347,751,1611,398,165,183,126,90,28,35,89,78,28,26,95,78,0,14,30,48,199,119,39,39,109,86,108,106,95,66,97,64,86,52,12,21,67,46,77,110,9,18,54,39,71,71,27,28,0,14,1736,403,142,78,191,168,73,75,39,50,60,55,49,29,7,18,13,19,137,74,139,95,196,148,36,40,43,39,93,77,146,77,10,14,54,58,22,28,129,103,39,29,38,31,20,21,60,47
25013800600,1400000US25013800600,2412,395,1102,215,31,30,101,60,118,61,62,49,124,86,8,13,27,45,67,52,56,72,74,58,86,62,80,78,83,74,53,42,32,28,27,41,0,14,42,90,17,20,11,19,3,6,0,14,0,14,1310,346,91,85,158,122,44,40,112,77,74,62,0,14,41,45,102,79,56,44,67,48,82,50,79,53,143,94,95,60,21,22,0,14,70,46,0,14,23,25,23,26,16,15,13,21,0,14
25013800700,1400000US25013800700,3916,527,2034,363,107,125,115,92,192,180,63,63,88,82,83,69,0,14,149,93,285,229,68,66,62,74,61,72,173,105,112,145,131,75,80,116,90,70,40,37,64,74,30,45,15,24,0,14,26,33,1882,276,128,79,171,83,112,94,196,126,55,65,0,14,27,43,123,85,153,106,84,68,131,81,151,76,112,86,55,54,57,35,36,49,23,31,5,11,25,33,74,63,39,30,39,41,86,88
25013800800,1400000US25013800800,2009,423,934,216,41,43,140,84,46,42,46,37,45,48,17,24,18,27,77,58,15,24,16,26,55,43,99,116,39,43,10,16,62,36,49,38,0,14,10,15,55,68,0,14,70,61,24,28,0,14,1075,250,77,70,72,60,151,110,106,59,0,14,21,26,0,14,49,52,44,36,106,84,95,52,5,10,68,40,20,21,20,22,30,35,62,48,0,14,33,28,61,37,50,42,0,14,5,8
25013800900,1400000US25013800900,4628,656,2338,451,121,101,48,47,277,161,68,53,246,150,110,115,84,84,176,125,58,75,171,166,79,109,134,95,176,194,87,87,121,83,100,69,92,67,21,24,36,58,27,27,64,45,29,45,13,23,2290,426,80,78,78,73,257,131,64,61,224,134,0,14,48,75,8,14,102,90,243,122,123,79,87,67,118,75,145,125,125,77,0,14,80,57,28,42,120,82,179,189,106,64,35,44,40,50
25013801101,1400000US25013801101,1683,233,489,138,123,49,67,68,0,14,0,14,0,14,0,14,18,29,0,14,61,67,15,24,50,50,15,28,31,35,0,14,29,41,19,21,44,43,0,14,0,14,0,14,17,30,0,14,0,14,1194,229,3,6,49,40,43,51,0,14,138,124,47,66,0,14,72,53,149,134,62,39,101,99,39,47,35,40,18,27,103,76,55,61,35,44,49,47,72,51,54,44,39,48,26,40,5,10
25013801102,1400000US25013801102,1302,449,606,201,28,36,67,88,26,29,4,7,0,14,11,17,0,14,8,13,52,48,97,111,136,37,0,14,34,36,3,6,64,54,6,9,17,19,7,11,17,29,13,15,7,12,0,14,9,14,696,270,130,151,0,14,4,7,0,14,0,14,10,14,0,14,19,21,144,42,172,120,33,29,4,7,25,25,39,22,38,43,12,18,4,7,21,18,27,31,5,10,0,14,4,7,5,9
25013801200,1400000US25013801200,2593,574,1430,412,74,75,71,80,110,144,63,75,92,119,0,14,82,93,51,56,31,57,105,79,109,103,88,84,64,72,108,79,100,93,68,76,21,37,0,14,82,84,64,77,29,45,9,17,9,19,1163,275,114,101,110,104,97,94,25,43,0,14,27,44,0,14,48,55,155,120,130,101,138,120,101,91,42,49,5,10,17,25,46,58,26,41,12,20,20,29,0,14,0,14,15,30,35,37
25013801300,1400000US25013801300,5102,669,2811,432,176,124,148,103,268,182,177,104,157,130,69,70,87,89,165,106,209,89,20,29,178,138,141,108,232,164,100,71,147,100,158,125,52,62,21,33,108,99,127,78,71,60,0,19,0,19,2291,447,57,76,141,112,121,104,257,147,69,84,15,26,0,19,139,95,70,65,152,107,133,83,227,97,88,84,68,64,238,130,70,95,26,30,27,33,21,24,256,178,55,71,13,24,48,76
25013801401,1400000US25013801401,3866,570,2024,397,220,117,124,74,136,95,64,58,90,70,96,104,107,64,123,81,337,199,141,125,75,75,166,97,0,14,95,61,28,34,44,51,74,90,18,29,27,30,10,17,48,48,1,3,0,14,1842,310,43,49,210,141,132,69,104,71,95,76,40,22,68,41,80,63,78,71,151,143,138,69,98,62,96,63,152,99,36,37,14,23,82,45,33,39,65,47,59,34,31,30,22,26,15,23
25013801402,1400000US25013801402,2703,416,1258,273,0,14,83,73,139,119,64,37,45,46,18,24,29,37,39,31,90,66,61,55,145,82,87,57,90,54,28,25,84,59,38,30,22,25,29,28,58,36,67,35,37,38,0,14,5,11,1445,249,89,95,67,49,60,37,81,55,125,83,39,38,16,21,96,76,43,28,21,26,104,51,103,54,69,44,67,51,82,56,76,50,31,28,43,37,42,31,84,58,28,19,50,51,29,25
25013801501,1400000US25013801501,5465,845,3032,502,31,46,261,155,236,149,84,82,189,151,125,165,132,117,105,87,260,298,267,184,148,105,66,73,103,87,223,112,82,65,33,58,141,115,148,169,127,64,108,78,114,113,19,25,30,36,2433,510,65,87,107,100,52,65,125,117,13,25,91,95,0,19,123,118,35,65,232,118,129,110,63,68,351,263,216,155,132,105,59,70,258,188,14,21,94,76,41,41,63,74,44,42,126,56
25013801502,1400000US25013801502,3588,591,1711,423,303,146,321,171,105,147,79,70,15,24,29,35,0,14,16,24,135,133,59,38,0,14,51,37,41,41,134,93,36,32,40,34,12,22,66,57,142,108,70,65,33,50,23,25,1,3,1877,316,86,78,203,158,79,82,55,46,13,21,42,54,0,14,117,109,255,160,217,112,156,104,69,55,96,83,46,36,67,54,35,33,39,34,127,82,26,29,66,56,24,32,58,47,1,5
25013801503,1400000US25013801503,3864,699,2018,499,60,41,125,108,204,110,38,36,28,42,52,78,7,16,8,14,55,55,374,245,142,82,103,116,123,100,82,77,201,86,33,37,87,55,63,49,20,22,50,46,46,38,43,46,74,56,1846,289,80,83,71,100,122,80,115,70,39,44,68,59,3,13,54,57,60,41,67,58,224,165,58,44,100,52,177,84,146,84,66,64,86,49,40,43,55,37,36,38,53,43,6,10,120,89
25013801601,1400000US25013801601,4992,852,2590,756,222,206,118,143,46,81,3,6,259,95,203,132,205,178,57,41,133,112,219,211,223,145,153,147,54,71,51,40,143,72,49,50,16,20,143,148,71,68,51,40,45,31,39,39,87,58,2402,250,130,143,122,113,68,77,88,71,187,100,111,65,117,83,96,85,95,104,151,87,167,109,103,65,55,112,90,66,152,133,53,43,26,25,30,29,85,59,94,58,122,78,116,88,144,51
25013801602,1400000US25013801602,4419,390,1912,258,137,98,157,116,29,41,126,96,65,71,76,85,39,21,167,102,36,30,133,73,136,69,113,79,31,37,115,63,168,63,7,11,69,60,8,13,76,52,132,125,21,25,13,20,58,45,2507,286,125,102,52,52,50,54,140,89,0,14,74,64,61,67,241,134,212,142,150,91,155,62,157,105,152,120,211,96,71,48,14,19,126,80,50,38,94,54,107,64,137,98,54,38,74,53
25013801603,1400000US25013801603,3784,428,1742,251,86,62,90,69,116,60,13,20,3,16,25,37,2,14,23,23,133,88,135,89,178,87,132,81,175,74,142,74,51,32,51,36,140,65,42,30,33,31,98,54,45,30,21,20,8,12,2042,283,75,59,175,140,39,46,5,9,44,42,10,18,9,16,93,76,119,64,145,86,133,93,136,75,215,90,120,61,84,61,40,26,106,53,108,91,118,64,126,54,63,37,47,31,32,30
25013801604,1400000US25013801604,3860,840,1694,323,33,38,78,71,117,81,58,52,17,27,1,8,3,9,64,57,152,82,61,59,212,167,86,64,142,94,93,47,107,57,76,59,43,38,34,30,72,40,147,66,58,52,19,21,21,27,2166,632,166,194,247,310,61,74,44,38,72,65,21,23,39,43,46,39,102,74,86,74,172,138,0,14,200,136,142,64,108,56,32,26,81,46,74,40,90,46,191,74,85,56,20,23,87,78
25013801605,1400000US25013801605,4471,658,1937,327,233,107,116,80,187,133,92,61,0,14,0,14,17,28,36,40,214,102,123,63,106,85,92,75,29,31,146,80,146,131,119,61,18,21,81,55,47,43,29,21,42,27,23,21,41,39,2534,510,100,73,198,117,210,183,115,68,109,147,23,31,8,14,73,56,179,92,276,105,105,61,117,81,85,62,181,72,133,99,114,120,85,43,38,27,83,56,120,64,21,22,79,48,82,46
25013801700,1400000US25013801700,7535,767,3634,479,386,252,240,198,288,198,108,89,867,217,239,82,161,81,206,115,253,193,29,28,56,61,63,68,37,32,162,122,115,96,39,58,97,82,9,16,56,75,66,72,12,21,28,34,117,116,3901,477,180,126,180,150,264,204,50,45,584,186,336,122,175,72,218,152,231,176,283,199,223,138,134,146,193,117,237,181,273,137,89,100,8,14,0,19,66,56,86,72,25,34,1,5,65,73
25013801800,1400000US25013801800,3896,678,1848,507,118,92,132,102,289,241,172,126,43,52,102,142,23,22,69,53,132,107,215,192,110,111,143,133,104,104,37,40,100,70,0,14,0,14,14,22,7,11,0,14,38,50,0,14,0,14,2048,390,237,147,26,43,175,138,45,58,78,79,96,58,55,49,76,75,118,80,173,124,155,102,243,160,43,51,50,47,102,82,113,82,13,12,13,22,78,66,2,12,28,45,32,47,97,74
25013801901,1400000US25013801901,3985,980,2206,601,133,160,25,48,316,355,158,138,176,125,98,70,9,19,255,188,73,79,230,159,285,203,41,62,44,65,58,58,98,72,67,56,0,14,3,5,38,58,19,25,13,22,0,14,67,85,1779,461,57,79,45,58,216,208,111,100,28,43,0,14,165,234,78,84,18,37,132,126,129,113,253,135,64,62,111,87,128,96,17,30,24,37,40,47,21,36,129,37,13,20,0,14,0,14
25013801902,1400000US25013801902,3323,565,1313,382,131,114,86,94,168,140,35,40,24,35,0,14,3,5,81,81,80,66,110,90,69,69,120,142,0,14,68,88,56,51,94,90,22,37,8,12,23,44,73,51,26,29,18,23,18,29,2010,397,150,140,184,90,118,139,35,55,23,33,0,14,0,14,97,85,241,151,144,102,39,51,170,119,51,50,94,77,78,59,14,16,99,95,35,31,103,81,163,94,41,34,67,59,64,53
25013802000,1400000US25013802000,2531,405,1308,247,240,131,177,59,10,16,44,57,0,14,48,69,48,60,118,108,39,64,24,38,21,24,133,73,139,101,0,14,40,36,0,14,135,118,0,14,0,14,27,30,0,14,65,61,0,14,1223,279,137,104,0,14,162,103,29,41,12,19,0,14,0,14,141,76,112,84,41,51,114,77,42,47,14,21,85,76,76,63,21,36,19,31,0,14,14,21,17,26,80,57,95,115,12,20
25013802101,1400000US25013802101,6701,1137,3504,748,263,221,224,142,92,104,187,155,23,34,3,33,54,75,161,141,255,204,228,199,144,88,506,362,119,115,395,249,120,113,47,76,129,97,86,87,132,100,83,87,168,129,31,36,54,89,3197,626,424,354,137,203,178,153,36,44,54,93,79,87,92,106,0,19,108,78,228,187,210,151,277,224,69,87,290,182,469,274,120,106,18,29,34,37,119,99,139,110,52,51,64,78,0,19
25013802200,1400000US25013802200,3098,777,1225,299,115,101,64,77,60,58,41,55,7,20,0,14,0,14,56,53,166,143,116,97,55,57,33,31,72,69,40,39,135,161,34,31,20,31,0,14,88,77,42,47,48,66,31,49,2,5,1873,568,135,155,166,207,35,41,67,73,13,21,11,17,21,30,105,81,291,211,90,69,216,145,26,42,194,127,53,53,111,133,39,50,159,111,0,14,33,42,68,57,13,19,14,22,13,19
25013802300,1400000US25013802300,6940,1310,3285,778,514,213,117,105,447,277,233,190,19,30,324,258,30,49,103,95,412,216,138,119,182,121,186,133,71,75,131,122,96,91,33,41,20,32,22,34,148,102,30,33,12,23,0,19,17,28,3655,729,62,88,418,287,295,202,69,68,64,89,99,105,25,42,144,169,365,278,617,344,211,164,242,134,131,151,197,171,193,126,87,94,103,92,94,84,20,32,26,32,87,79,106,87,0,19
25013802400,1400000US25013802400,3765,437,1782,336,141,75,73,54,33,30,57,66,25,41,12,21,32,35,46,55,104,80,243,128,44,34,131,72,51,36,160,81,262,101,60,35,0,14,22,21,34,24,35,25,28,38,130,133,59,57,1983,223,106,58,170,79,86,66,31,27,4,7,19,29,11,18,55,60,143,78,162,87,93,56,53,36,132,77,174,95,107,62,94,65,35,32,32,23,31,27,104,57,149,122,107,97,85,45
25013802500,1400000US25013802500,7152,732,3553,540,129,134,203,120,297,122,300,140,27,29,0,19,0,19,129,113,367,221,278,142,210,91,240,136,199,96,350,150,226,171,143,111,138,86,46,48,94,67,86,55,62,53,23,34,6,17,3599,355,254,170,31,37,53,56,284,164,223,150,12,20,0,19,64,76,363,157,357,150,136,85,244,133,154,138,256,204,411,133,41,46,141,80,67,55,156,97,150,88,129,73,54,55,19,32
25013802601,1400000US25013802601,7528,1215,3896,789,364,196,368,223,244,134,134,104,60,74,23,34,11,20,151,117,686,431,416,290,346,176,113,76,260,149,177,121,249,139,31,42,37,47,20,30,46,49,84,69,44,39,17,27,15,25,3632,657,492,215,229,191,110,105,80,70,172,147,0,19,6,10,66,71,356,191,310,207,251,94,113,114,257,189,177,116,549,308,96,72,62,53,32,38,23,29,116,59,13,22,66,51,56,53
25013802602,1400000US25013802602,1779,179,879,107,29,30,43,36,55,41,34,30,0,14,9,13,0,14,38,40,40,27,159,70,57,29,0,14,91,61,73,53,44,32,23,28,20,16,19,25,32,21,29,19,70,39,5,8,9,10,900,122,35,30,44,42,79,51,5,8,0,14,0,14,0,14,29,24,89,36,101,47,60,43,30,30,25,21,72,50,47,30,5,8,20,21,34,26,34,23,81,33,74,36,24,16,12,13
25013810100,1400000US25013810100,6325,544,3207,438,50,58,58,61,71,68,84,64,0,19,0,19,34,42,169,138,199,170,225,176,314,130,115,126,67,82,228,150,563,286,191,153,144,100,141,102,203,202,64,76,214,213,24,41,49,50,3118,319,236,189,187,150,74,69,84,70,0,19,0,19,66,64,115,74,168,138,151,148,198,112,121,80,56,55,184,112,203,104,118,135,267,129,91,122,114,90,179,134,281,255,73,59,152,90
25013810200,1400000US25013810200,2736,412,1247,226,93,103,0,14,119,94,28,33,12,32,15,24,0,14,28,43,117,82,149,95,7,15,155,56,161,84,60,53,40,40,30,33,45,38,18,32,28,32,126,53,0,14,0,14,16,25,1489,261,89,80,126,82,59,65,32,33,0,14,0,14,0,14,55,58,143,79,174,127,57,64,53,44,88,70,119,91,71,55,40,39,63,60,43,41,109,82,84,51,27,22,57,61,0,14
25013810300,1400000US25013810300,3320,431,1406,218,30,44,0,14,66,62,62,62,0,14,25,40,17,25,25,39,131,91,44,38,101,62,33,35,93,77,151,98,98,71,183,133,137,95,9,14,84,71,72,68,40,52,0,14,5,8,1914,338,29,44,126,93,81,95,88,76,112,102,0,14,0,14,171,210,167,123,106,67,134,73,120,78,95,82,72,46,180,132,98,70,51,52,43,35,54,46,106,66,48,49,0,14,33,30
25013810403,1400000US25013810403,4689,558,2444,329,134,100,198,94,135,100,50,53,36,44,67,75,35,49,169,148,337,141,289,179,131,93,149,147,100,54,89,57,78,47,6,9,126,71,55,58,55,40,60,48,67,56,51,51,27,24,2245,320,75,71,158,96,0,14,51,79,31,32,0,14,32,26,93,86,286,141,123,66,187,112,125,91,245,190,55,44,189,86,83,51,65,50,29,28,76,55,95,59,103,61,16,18,128,76
25013810404,1400000US25013810404,3463,514,1865,398,104,67,64,45,99,62,144,140,65,101,0,14,0,14,92,57,120,66,55,43,114,92,192,81,57,44,170,114,155,66,47,32,8,23,15,22,29,35,159,90,112,92,11,17,53,46,1598,185,90,78,21,30,25,36,34,39,0,14,22,25,13,20,54,59,64,51,35,31,182,75,82,49,124,97,120,56,117,60,13,17,98,63,35,37,99,117,241,74,48,31,53,43,28,23
25013810412,1400000US25013810412,5606,540,2394,358,0,19,143,164,69,93,0,19,51,45,0,19,25,42,69,55,111,68,184,119,259,132,18,33,74,75,201,123,175,81,88,64,244,156,155,78,124,85,157,88,54,36,97,64,96,94,3212,453,0,19,161,105,120,87,270,99,98,125,58,78,155,186,28,35,126,81,171,124,105,91,223,90,134,119,95,62,261,116,156,98,232,129,71,67,289,193,173,80,70,43,131,88,85,53
25013810414,1400000US25013810414,7146,630,3885,445,103,74,176,126,265,189,140,101,22,34,64,55,125,109,183,89,112,71,152,83,197,99,458,289,318,192,434,179,159,99,116,73,129,95,111,80,214,130,197,125,185,87,0,19,25,30,3261,461,150,82,182,158,113,98,144,111,95,94,34,55,29,45,216,185,36,52,170,104,284,173,247,255,95,80,256,122,246,94,118,110,167,93,92,71,229,103,92,85,128,93,15,26,123,108
25013810601,1400000US25013810601,4315,650,1702,383,169,157,52,74,11,19,26,32,0,14,0,14,0,14,36,45,295,177,106,97,58,57,38,45,64,63,28,45,152,107,71,85,266,204,26,41,60,59,74,68,100,60,22,32,48,52,2613,468,167,166,118,123,89,92,81,89,0,14,17,30,0,14,188,138,290,177,148,169,235,139,125,91,99,93,37,45,164,114,152,146,112,143,101,82,66,59,216,107,65,61,42,48,101,58
25013810602,1400000US25013810602,2910,516,1356,269,29,23,11,18,65,71,53,68,10,16,13,22,0,14,70,59,28,27,73,45,29,26,19,22,121,79,73,44,197,127,85,62,65,41,99,96,86,92,62,45,104,61,39,35,25,30,1554,291,58,62,0,14,82,66,37,30,78,92,0,14,28,43,34,31,105,100,54,30,66,53,20,23,86,71,144,92,138,69,47,34,79,97,52,37,148,97,65,46,128,74,73,47,32,29
25013810700,1400000US25013810700,6158,811,3199,430,13,22,110,98,306,138,168,126,138,137,104,115,12,23,18,28,129,109,206,172,242,109,500,304,119,71,15,24,176,99,33,38,146,73,197,166,260,201,176,117,108,112,23,37,0,19,2959,490,96,100,37,44,209,91,113,98,87,129,21,35,141,147,41,37,120,77,212,103,193,141,321,132,271,129,84,67,94,61,23,28,353,202,129,125,167,183,37,47,156,104,54,79,0,19
25013810800,1400000US25013810800,4075,620,1996,397,116,96,121,82,91,67,134,124,3,10,40,53,3,10,48,45,138,77,264,118,108,66,142,142,66,76,176,113,153,96,84,54,49,35,10,16,66,32,43,33,112,63,0,14,29,26,2079,397,119,90,54,41,191,126,93,91,37,58,17,28,0,14,57,45,178,97,194,90,203,125,109,72,115,65,91,60,123,59,37,30,100,83,82,70,21,22,100,79,107,89,11,19,40,26
25013810901,1400000US25013810901,2326,498,1166,259,11,17,16,22,136,102,86,76,116,104,0,14,4,6,9,14,146,85,147,94,164,103,17,20,58,45,50,34,49,52,31,31,30,24,15,18,11,13,25,27,16,25,29,31,0,14,1160,312,87,66,87,76,133,95,20,23,47,54,0,14,16,22,33,31,124,67,100,76,91,66,44,29,47,38,53,37,75,54,0,14,4,6,48,45,19,21,21,20,33,36,35,27,43,63
25013810902,1400000US25013810902,4546,560,1989,331,163,130,26,33,205,95,61,64,89,88,13,15,107,71,78,52,118,101,147,106,95,78,133,89,88,71,201,135,123,107,44,40,43,36,36,48,66,39,62,41,68,40,0,14,23,24,2557,382,171,81,73,42,156,90,132,156,80,82,197,131,107,63,87,74,157,77,116,75,114,69,162,106,146,103,173,110,181,85,68,50,78,48,35,33,59,43,97,43,76,58,12,18,80,61
25013811000,1400000US25013811000,5107,731,2497,426,325,193,53,65,99,75,147,111,28,45,156,106,0,19,114,108,120,78,157,120,141,100,139,86,248,127,95,99,118,73,24,30,60,53,87,85,114,75,91,51,108,90,11,17,62,48,2610,490,92,95,314,225,212,131,78,85,0,19,43,48,0,19,59,88,332,232,136,82,199,106,42,50,253,148,99,76,164,71,43,40,66,57,58,43,34,26,179,143,47,35,95,76,65,45
25013811101,1400000US25013811101,3865,581,2085,378,37,58,178,114,71,87,55,60,0,14,0,14,0,14,273,288,56,69,101,122,58,65,105,85,201,86,125,142,187,142,72,80,237,174,4,9,53,52,80,63,76,57,107,133,9,11,1780,385,135,119,0,14,67,106,107,87,0,14,0,14,68,105,29,52,49,58,77,80,100,74,125,116,226,78,160,123,276,168,0,14,42,46,56,57,26,39,96,64,35,47,69,57,37,37
25013811102,1400000US25013811102,6884,911,3081,521,183,194,100,96,674,295,157,100,17,31,0,19,71,110,49,50,17,27,206,163,81,63,241,207,320,145,308,170,165,87,49,58,61,50,53,53,48,45,93,62,80,59,66,39,42,39,3803,629,248,212,187,132,396,187,83,71,0,19,0,19,202,195,31,36,263,239,284,175,463,262,265,190,264,138,246,156,165,139,26,44,60,59,131,93,31,36,228,141,73,50,16,25,141,115
25013811200,1400000US25013811200,4284,548,2002,344,143,98,159,88,96,103,141,76,0,14,0,14,0,14,134,133,64,61,198,150,43,54,140,136,215,99,171,156,85,54,13,21,105,64,26,38,40,47,124,122,42,43,42,45,21,37,2282,297,18,34,24,46,59,63,33,42,162,120,0,14,91,125,81,92,51,62,117,122,119,103,16,31,151,89,245,131,178,151,133,103,120,74,50,49,103,66,178,115,169,112,32,36,152,123
25013811301,1400000US25013811301,5662,862,2690,479,82,81,134,103,94,87,137,109,273,177,80,64,0,19,47,53,160,115,188,118,120,107,220,188,274,143,30,35,197,141,75,73,94,72,158,132,147,93,132,109,0,19,33,38,15,22,2972,581,69,65,63,76,122,88,57,80,135,139,67,91,85,133,111,128,190,156,94,71,347,179,104,97,398,280,121,103,143,137,105,112,64,58,109,82,90,64,325,153,56,52,64,45,53,51
25013811302,1400000US25013811302,5163,505,2430,367,156,76,90,72,23,39,7,19,25,44,23,58,0,19,43,47,136,107,326,126,160,108,78,66,51,48,111,100,263,112,130,138,320,180,125,78,121,81,90,52,67,55,13,21,72,52,2733,323,81,62,144,81,120,69,0,19,17,29,0,19,7,14,50,53,108,102,311,170,107,72,135,94,134,75,54,58,322,144,210,144,84,70,33,45,140,66,129,102,252,113,145,97,150,88
25013811400,1400000US25013811400,2405,393,1105,203,90,59,33,28,135,58,79,64,14,24,55,52,0,14,31,34,58,39,116,72,68,48,48,41,104,69,47,35,9,17,39,33,55,73,0,14,54,36,22,17,48,54,0,14,0,14,1300,280,152,71,175,122,65,48,54,49,20,32,55,70,1,3,35,35,100,48,101,62,80,57,97,74,48,42,111,59,75,44,35,23,36,28,28,38,0,14,6,7,26,33,0,14,0,14
25013811500,1400000US25013811500,2004,394,893,166,96,67,46,32,141,72,20,21,0,14,6,9,0,14,17,27,64,61,31,31,135,65,41,41,56,86,29,26,73,45,9,19,14,19,18,23,61,67,0,14,36,47,0,14,0,14,1111,290,94,68,131,114,206,121,96,48,47,57,15,22,0,14,13,19,61,44,85,54,76,40,103,57,16,23,18,20,73,46,14,20,14,20,28,24,13,14,0,14,8,13,0,14,0,14
25013811600,1400000US25013811600,3071,630,1643,439,54,63,95,114,318,246,44,57,147,132,39,56,69,66,78,98,108,116,35,63,29,29,80,69,89,83,100,74,89,73,47,54,50,47,28,31,10,20,99,78,0,14,0,14,35,44,1428,404,186,152,31,52,79,78,0,14,39,47,0,14,40,70,14,24,25,40,140,125,132,109,197,140,91,88,55,49,75,54,63,50,29,33,18,32,0,14,65,77,52,52,74,54,23,27
25013811700,1400000US25013811700,1713,377,923,257,83,85,93,78,60,101,23,34,15,20,0,14,0,14,34,33,73,75,14,26,16,21,43,34,19,20,56,76,26,28,8,13,16,18,17,26,107,140,129,69,35,42,21,35,35,43,790,234,48,85,0,14,0,14,0,14,0,14,13,18,0,14,38,41,51,79,114,90,57,67,20,23,61,59,119,149,8,12,44,38,10,17,9,13,123,82,48,42,20,28,0,14,7,11
25013811800,1400000US25013811800,4150,478,2116,401,233,144,105,74,188,100,80,54,20,30,19,30,56,69,37,39,186,144,179,90,146,76,119,62,79,72,253,104,57,64,55,58,109,94,30,30,132,83,0,14,21,24,0,14,12,19,2034,262,158,65,118,71,55,52,64,78,49,65,0,14,97,124,62,71,209,83,106,76,105,57,262,114,141,90,266,165,60,48,41,34,44,40,46,48,51,42,28,18,41,34,17,26,14,20
25013811900,1400000US25013811900,3371,411,1746,282,64,43,68,53,66,43,135,120,32,32,35,42,5,8,76,82,55,37,82,49,61,27,170,95,88,56,27,31,170,79,44,39,111,50,69,46,61,39,97,65,99,69,75,47,56,33,1625,197,90,66,49,45,25,29,20,22,53,46,16,21,4,7,25,27,61,42,50,34,101,49,178,98,76,64,110,72,155,64,57,42,128,63,48,34,70,67,160,81,59,30,55,34,35,33
25013812001,1400000US25013812001,3206,432,1402,291,65,86,51,54,59,51,22,35,38,36,0,14,11,24,59,55,200,141,29,30,109,83,76,60,83,59,87,70,36,35,14,23,145,121,49,41,127,84,49,39,35,32,31,30,27,31,1804,286,82,101,40,37,127,76,139,100,35,34,26,44,22,35,31,34,116,91,108,78,64,46,240,118,51,56,50,51,135,122,38,34,37,36,56,40,44,35,173,98,79,58,45,41,66,68
25013812002,1400000US25013812002,4544,710,2178,560,258,139,90,68,217,174,66,86,18,26,55,62,0,14,54,38,240,131,129,72,81,51,215,145,66,63,140,95,114,71,52,50,23,23,27,24,57,43,97,69,51,34,43,38,85,69,2366,302,89,121,151,90,152,101,18,22,61,69,22,26,0,14,154,92,248,120,250,129,85,71,149,124,207,138,161,75,77,74,31,25,120,57,25,26,138,64,44,31,49,34,78,54,57,63
25013812101,1400000US25013812101,5175,653,2612,453,138,144,22,34,49,41,45,48,112,123,61,66,0,19,65,71,214,199,142,114,186,108,198,98,43,38,57,58,358,97,110,77,144,77,95,83,105,76,133,80,144,80,27,27,164,77,2563,335,120,111,91,92,61,52,45,39,0,19,0,19,25,46,266,169,51,50,193,118,45,41,137,63,125,127,130,113,380,128,109,77,77,62,204,105,127,90,77,52,121,64,23,27,156,96
25013812103,1400000US25013812103,4226,618,1945,251,121,108,34,40,258,166,74,68,40,55,22,45,30,37,86,90,88,91,180,119,104,84,163,93,16,27,55,47,137,97,115,88,17,27,24,38,30,31,82,66,85,64,18,20,166,139,2281,477,171,161,148,132,25,32,0,14,91,123,5,8,0,14,92,139,187,156,164,112,200,119,133,111,7,19,147,125,53,48,64,55,52,52,41,39,103,76,88,70,186,92,79,42,245,158
25013812104,1400000US25013812104,3948,449,1782,294,37,45,62,60,224,93,118,85,78,92,15,25,18,29,64,55,34,36,319,166,130,74,39,41,54,57,84,69,33,32,74,64,21,26,0,14,81,119,57,49,154,108,39,38,47,55,2166,318,52,68,168,71,165,71,4,17,25,50,53,65,16,27,123,116,196,107,155,98,150,97,46,36,72,69,167,98,102,78,39,33,39,34,77,79,152,98,22,25,100,88,84,69,159,106
25013812201,1400000US25013812201,4788,979,2533,546,177,116,270,210,52,76,10,44,0,14,1,2,0,14,0,14,458,294,158,130,105,98,187,97,156,129,125,90,91,59,68,73,180,108,48,40,195,97,81,56,110,86,29,33,32,37,2255,527,85,89,218,225,57,95,48,51,27,60,0,14,36,58,97,88,195,243,251,173,106,79,125,133,54,58,225,156,151,85,121,62,21,27,49,55,61,55,48,40,119,85,84,102,77,59
25013812202,1400000US25013812202,3931,405,1944,278,24,38,62,46,132,85,1,3,81,83,17,28,30,45,38,42,81,63,240,152,199,115,135,81,55,41,166,117,166,129,46,49,109,77,73,55,72,52,114,57,82,51,11,18,10,3,1987,248,107,77,49,46,94,94,51,34,99,126,0,14,0,14,83,81,239,96,87,69,115,63,67,50,88,58,53,62,247,102,46,46,141,119,130,93,87,54,45,40,70,52,41,37,48,35
25013812300,1400000US25013812300,5106,856,2237,461,210,146,114,154,22,35,52,59,33,42,0,19,42,53,164,161,265,206,189,178,276,169,225,160,106,90,64,60,184,135,48,53,67,59,42,49,0,19,88,116,0,19,46,59,0,19,2869,586,265,159,53,47,217,194,32,40,23,38,0,19,23,42,347,252,348,208,248,235,235,175,50,50,133,134,469,299,75,99,88,80,34,39,23,37,41,50,17,31,27,44,51,77,70,59
25013812401,1400000US25013812401,6810,817,3409,515,184,163,98,92,189,118,11,22,68,76,62,83,8,18,261,166,152,110,456,294,118,87,142,86,331,255,191,104,163,94,64,47,152,84,79,56,216,122,265,119,79,44,90,59,30,36,3401,434,149,124,199,155,310,133,101,88,33,44,14,27,0,19,118,96,126,88,177,173,224,123,218,111,322,213,167,91,147,120,113,76,264,98,136,90,89,65,280,96,100,74,91,57,23,34
25013812403,1400000US25013812403,3932,411,1784,225,106,63,210,115,40,33,15,24,5,10,2,5,15,24,31,32,128,80,159,72,177,86,130,80,79,58,133,67,81,57,40,37,120,72,54,39,69,68,58,39,63,41,0,14,69,58,2148,306,51,47,191,99,144,74,46,37,0,14,0,14,50,59,40,37,251,221,156,88,83,47,213,84,198,97,77,59,105,61,44,39,125,64,40,30,35,28,134,54,22,24,48,38,95,55
25013812404,1400000US25013812404,4205,775,1990,479,59,56,99,46,280,242,23,25,122,101,45,68,9,14,36,42,78,52,45,38,204,61,105,60,108,51,126,87,185,93,0,14,122,65,95,74,46,34,121,66,41,31,41,26,0,14,2215,340,163,82,107,64,115,64,148,161,44,51,0,14,62,93,42,40,108,70,171,77,108,55,161,100,68,47,188,82,240,121,58,51,24,23,75,38,82,47,48,43,67,40,81,59,55,48
25013812500,1400000US25013812500,7616,830,3807,656,43,55,469,225,234,195,182,127,182,106,90,101,26,44,54,55,111,95,315,158,146,93,225,123,326,204,332,202,309,154,66,55,190,97,89,60,91,58,86,61,126,64,67,57,48,55,3809,394,298,185,150,107,121,105,219,107,30,56,32,44,26,45,142,97,301,195,235,109,243,124,388,215,276,143,217,102,284,135,121,93,84,70,125,71,83,62,160,84,121,76,11,21,142,94
25013812600,1400000US25013812600,6429,668,3193,399,125,79,308,123,179,97,199,139,0,19,45,50,12,18,69,69,233,171,221,101,287,151,62,59,100,59,232,92,280,144,7,15,187,90,121,87,151,97,123,62,181,96,68,50,3,14,3236,440,122,143,145,104,154,105,74,65,0,19,21,27,13,23,91,65,398,185,262,99,98,71,134,96,159,99,224,114,206,109,23,29,182,85,23,19,211,119,361,156,127,61,77,59,131,92
25013812701,1400000US25013812701,3905,527,1777,266,36,45,79,58,93,70,57,35,66,71,34,38,7,12,79,62,237,98,211,125,119,63,57,36,61,52,57,52,81,46,63,40,177,87,37,29,70,48,65,50,34,28,28,29,29,23,2128,340,9,18,121,69,83,52,71,56,13,27,89,79,82,90,89,76,167,75,175,92,68,44,93,48,92,71,156,82,198,128,99,61,99,52,28,27,93,89,48,33,61,37,11,14,183,71
25013812702,1400000US25013812702,5276,847,2627,547,168,155,155,180,261,201,24,42,51,50,50,49,16,25,210,154,178,92,268,175,209,253,83,71,292,144,170,124,110,78,13,22,43,40,31,38,34,34,128,108,86,104,37,30,10,20,2649,488,86,87,117,141,62,78,143,145,11,17,255,191,45,55,103,126,104,70,323,249,150,129,225,177,115,93,94,73,83,55,96,68,112,106,28,35,143,123,134,106,117,69,29,30,74,39
25013812800,1400000US25013812800,7127,635,3422,438,87,82,122,114,168,120,245,156,121,131,24,39,63,70,144,99,145,110,422,233,262,128,198,145,96,83,90,96,348,131,135,91,210,112,33,41,98,78,175,81,120,69,80,78,36,36,3705,382,149,121,367,202,149,120,57,54,189,120,0,19,27,43,130,91,307,144,118,94,213,160,345,152,212,138,199,141,270,105,75,66,144,79,27,31,221,94,170,94,139,85,79,52,118,81
25013812901,1400000US25013812901,3018,320,1315,179,52,38,36,35,24,26,34,30,25,30,15,24,0,14,42,31,142,103,40,41,64,45,107,56,22,26,140,63,133,82,19,26,48,33,34,22,125,98,137,54,48,31,17,20,11,14,1703,223,110,60,79,55,61,51,35,41,18,25,28,33,14,22,15,16,113,73,60,43,83,43,81,50,104,80,198,65,104,94,19,18,43,32,78,68,195,123,84,44,56,35,35,29,90,72
25013812902,1400000US25013812902,4862,661,2464,388,43,47,96,54,171,93,208,166,34,31,24,24,26,26,98,69,108,69,18,27,67,54,317,152,75,61,304,101,134,62,55,43,117,63,127,51,144,133,109,55,12,15,125,75,52,37,2398,356,32,43,194,91,157,166,61,54,78,70,44,42,14,22,136,89,84,71,13,15,164,99,227,108,84,62,255,96,87,41,85,54,210,141,77,49,70,40,132,65,45,36,44,40,105,77
25013812903,1400000US25013812903,2145,54,904,154,0,14,0,14,0,14,0,14,417,136,206,98,127,54,111,61,16,33,0,14,0,14,0,14,0,14,0,14,4,6,11,17,0,14,0,14,0,14,4,6,5,7,3,6,0,14,1241,150,0,14,0,14,0,14,0,14,450,130,311,120,326,133,133,81,0,14,0,14,0,14,0,14,0,14,0,14,0,14,11,18,0,14,4,6,3,5,3,6,0,14,0,14,0,14
25013813001,1400000US25013813001,2936,258,1539,133,61,25,101,54,71,24,44,18,13,11,5,5,27,29,12,8,60,28,69,26,112,30,80,26,201,83,75,26,73,24,47,23,115,43,66,21,70,27,107,31,82,27,36,22,12,11,1397,162,41,21,57,45,139,99,32,32,3,5,11,8,3,6,22,14,52,17,91,26,103,37,51,23,95,46,64,23,137,42,60,29,127,45,41,20,60,24,87,35,66,21,34,15,21,19
25013813002,1400000US25013813002,3839,280,1936,166,54,23,66,32,132,52,54,28,12,10,2,4,11,8,40,27,107,42,173,44,76,42,143,49,158,58,154,65,175,54,35,14,131,73,69,27,91,25,86,24,67,26,78,40,22,16,1903,174,80,39,73,38,47,23,107,58,38,29,23,25,36,52,70,34,77,34,76,37,63,28,119,50,114,47,180,62,192,63,74,33,53,21,96,40,77,21,140,31,65,37,58,25,45,28
25013813101,1400000US25013813101,5502,269,2657,239,34,37,109,92,213,98,77,76,0,19,20,33,67,57,91,67,132,78,101,99,214,73,311,246,140,84,203,105,164,93,185,93,57,45,60,60,135,75,177,100,112,101,19,24,36,30,2845,270,96,94,111,74,280,108,67,63,66,67,37,45,23,39,115,71,103,68,42,44,311,155,131,61,170,107,327,224,137,84,47,54,219,69,156,79,62,50,175,144,45,38,48,43,77,60
25013813102,1400000US25013813102,3715,268,1909,194,66,39,110,69,116,90,100,59,46,39,17,26,0,14,93,55,146,81,25,23,111,65,109,60,131,70,205,88,93,62,59,51,71,42,80,47,121,72,96,45,75,37,26,24,13,20,1806,206,68,46,92,77,97,55,38,36,33,54,28,32,0,14,23,27,102,57,30,28,82,51,80,36,238,103,143,72,216,72,49,46,64,45,75,86,84,47,81,43,93,48,52,38,38,33
25013813204,1400000US25013813204,3361,466,1727,313,21,35,187,106,125,100,16,23,0,14,17,24,66,74,69,51,64,51,35,30,31,29,170,55,196,144,111,75,83,50,52,48,71,40,49,62,74,42,198,87,36,30,42,35,14,16,1634,226,91,65,71,54,129,79,53,44,0,14,0,14,36,44,17,23,64,56,44,35,86,62,211,127,90,66,117,66,105,53,25,22,64,45,82,74,69,41,126,60,75,41,28,33,51,36
25013813205,1400000US25013813205,7367,825,3494,406,126,93,129,79,162,138,164,110,0,19,20,34,0,19,93,119,332,167,200,120,118,66,215,84,69,61,215,136,521,198,46,56,260,138,168,102,48,41,87,59,379,151,69,49,73,82,3873,552,138,115,206,122,244,181,34,54,27,46,29,48,43,69,47,68,258,177,206,154,165,94,167,81,208,158,318,143,337,134,53,39,228,151,106,61,142,101,377,123,190,106,173,95,177,118
25013813206,1400000US25013813206,4145,891,1913,438,61,38,101,76,107,59,200,176,0,14,14,16,9,17,83,56,137,87,91,75,105,64,41,26,122,64,296,238,174,98,13,20,80,67,83,51,29,31,67,56,30,26,43,35,27,28,2232,514,61,61,62,39,129,77,87,57,129,115,161,188,24,29,15,18,42,37,133,70,124,68,160,77,76,62,325,239,82,62,61,43,129,66,65,48,94,52,65,40,79,74,60,40,69,46
25013813207,1400000US25013813207,4695,463,2646,285,93,80,120,76,126,112,56,66,94,88,0,14,32,39,80,62,126,76,195,95,180,102,170,109,50,48,242,119,214,122,62,69,149,80,144,131,247,189,80,79,110,72,45,45,31,35,2049,313,64,56,138,78,75,68,60,66,30,51,19,34,0,14,125,89,84,68,29,49,117,97,192,102,197,108,74,57,99,90,180,107,185,144,27,37,115,69,99,74,100,62,32,36,8,15
25013813208,1400000US25013813208,3271,513,1597,226,78,52,45,37,41,33,76,77,82,90,43,45,1,2,35,32,105,70,115,70,155,66,140,139,92,52,114,88,87,69,2,7,1,3,71,45,65,41,119,55,66,40,52,43,12,19,1674,371,93,82,52,40,95,97,44,37,63,57,52,83,0,14,23,27,138,74,45,35,78,43,141,106,103,54,109,64,33,34,48,60,56,39,97,49,56,52,90,50,55,47,22,27,181,223
25013813209,1400000US25013813209,5700,491,2765,331,190,114,108,74,152,108,57,47,0,19,84,96,24,38,94,64,189,125,104,67,319,130,97,66,115,88,270,148,46,32,233,87,113,77,69,59,20,32,67,57,119,86,94,59,201,84,2935,309,144,101,83,76,130,89,100,83,0,19,22,36,0,19,80,72,109,76,195,115,323,130,176,91,97,73,124,73,275,133,93,67,132,75,79,60,19,23,162,96,294,154,136,77,162,81
25013813301,1400000US25013813301,6958,596,3136,441,142,107,199,111,278,168,250,156,74,71,27,31,0,19,55,46,129,99,157,103,176,83,262,88,303,210,176,83,181,98,116,82,151,95,118,89,77,54,115,80,98,58,0,19,52,44,3822,376,217,122,324,115,291,148,91,59,140,88,161,95,30,39,104,60,50,47,172,107,209,106,278,115,374,231,117,72,159,82,154,99,208,122,29,34,200,109,321,277,96,65,79,54,18,26
25013813303,1400000US25013813303,4683,400,2322,279,188,147,88,62,294,108,193,130,26,30,8,12,36,41,40,25,55,40,64,47,60,36,170,88,102,54,155,68,150,67,37,31,88,53,0,14,171,95,137,56,109,62,50,31,101,47,2361,242,125,71,116,58,164,94,88,47,13,21,13,19,16,21,39,37,60,53,111,93,84,37,107,51,202,67,139,59,162,64,34,40,57,34,44,35,112,54,125,64,201,112,131,67,218,103
25013813304,1400000US25013813304,4055,524,1995,268,84,68,146,77,183,79,39,34,52,36,17,18,24,25,53,54,30,43,58,44,132,64,172,48,74,50,93,44,200,87,25,23,96,46,141,98,71,39,63,52,110,49,88,60,44,38,2060,311,18,16,158,74,155,77,69,42,18,25,13,17,44,68,32,37,83,75,124,59,77,44,209,69,123,45,75,44,149,84,96,55,118,72,28,25,131,53,149,89,49,33,81,57,61,37
25013813401,1400000US25013813401,5343,628,2659,372,241,163,196,121,33,28,127,70,111,112,25,39,82,88,101,101,354,171,240,162,173,137,47,67,234,160,94,64,105,72,78,56,92,73,33,39,55,42,79,61,48,40,54,48,57,62,2684,391,107,94,188,159,155,97,237,129,14,25,0,19,88,112,47,51,77,64,333,215,76,49,145,115,146,78,116,73,197,92,172,120,86,66,0,19,115,64,67,52,76,68,91,63,151,73
25013813403,1400000US25013813403,4183,480,2218,338,92,88,129,62,114,76,128,83,19,21,48,53,37,52,179,93,144,122,77,60,74,56,117,52,142,75,226,111,169,73,88,58,69,43,62,56,108,61,79,75,51,40,41,51,25,21,1965,315,82,79,45,48,226,187,73,45,28,31,0,14,0,14,58,54,62,51,116,65,96,52,91,78,55,44,225,99,241,84,29,25,55,37,70,53,98,53,36,47,86,50,36,31,157,99
25013813404,1400000US25013813404,6899,642,3433,403,114,87,98,73,312,169,227,131,108,84,27,40,129,110,148,94,80,64,153,99,169,149,91,71,205,104,205,123,210,98,141,116,125,93,105,79,185,108,136,80,186,108,72,46,207,94,3466,413,234,181,149,98,106,68,243,127,179,170,18,26,19,31,47,49,28,33,155,78,220,151,178,96,166,84,193,126,379,121,71,48,177,88,0,19,145,73,233,103,185,74,104,57,237,88
25013813500,1400000US25013813500,4946,18,2538,152,105,69,92,48,138,87,39,38,91,56,0,14,0,14,109,62,65,55,275,112,104,51,120,46,137,63,162,79,226,125,101,75,167,83,62,40,138,120,181,66,134,66,64,36,28,26,2408,152,91,55,76,55,86,74,64,41,102,71,0,14,0,14,59,44,61,42,227,119,65,43,146,64,138,63,150,70,148,86,95,67,183,69,215,151,147,71,163,63,86,46,70,48,36,38
25013813601,1400000US25013813601,8197,756,4020,541,284,145,308,154,216,146,108,84,157,131,54,74,0,19,65,51,250,127,200,154,39,58,395,124,353,157,172,97,384,184,81,80,97,65,116,76,338,130,174,99,50,51,84,52,95,90,4177,508,280,216,180,99,108,79,223,130,55,66,37,46,0,19,77,53,200,111,176,108,417,228,232,100,221,95,129,84,239,101,119,78,250,108,104,67,306,237,254,125,232,120,166,126,172,94
25013813602,1400000US25013813602,6375,760,3284,434,77,53,182,119,348,217,282,120,26,43,49,59,27,40,63,66,80,77,179,112,113,65,273,169,201,96,352,224,140,79,99,68,95,71,138,101,147,75,188,100,121,87,31,35,73,92,3091,431,145,78,140,84,255,130,245,193,118,116,11,23,0,19,24,40,77,76,139,81,408,243,118,68,164,76,217,115,207,83,93,75,167,101,128,75,40,38,120,68,98,70,46,46,131,105
25013813701,1400000US25013813701,3320,353,1670,228,52,33,60,63,114,71,126,84,51,41,0,14,1,11,28,29,66,43,59,53,110,63,223,142,95,69,128,59,130,108,42,36,107,47,11,18,63,38,78,50,80,47,23,26,23,24,1650,214,0,14,58,41,183,98,20,26,0,14,10,17,0,14,71,45,52,32,45,48,118,90,147,64,124,92,142,71,140,66,44,33,37,30,46,31,51,37,257,126,31,29,49,36,25,27
25013813702,1400000US25013813702,4816,353,2379,244,123,76,79,38,108,45,57,55,165,110,28,32,48,50,41,38,87,55,100,75,81,67,260,96,155,111,150,63,167,83,12,16,114,78,70,53,140,90,210,151,103,50,11,14,70,72,2437,252,71,57,90,46,175,110,155,132,30,33,17,27,63,50,78,54,55,65,138,101,89,47,150,74,136,91,321,155,99,55,96,52,130,118,51,32,122,67,121,54,78,45,123,91,49,30
25013813801,1400000US25013813801,4512,263,2312,188,142,71,132,61,116,42,69,40,22,13,35,34,18,15,40,23,112,48,147,57,127,49,164,57,146,61,101,35,103,47,118,88,153,69,131,41,116,33,145,38,86,26,69,39,20,14,2200,191,97,43,123,62,122,85,51,45,13,15,3,4,6,10,76,41,85,34,178,58,147,43,140,59,104,40,132,47,111,35,98,43,193,59,66,38,155,39,143,43,109,51,34,21,14,13
25013813802,1400000US25013813802,3705,18,1929,141,61,46,242,175,112,73,65,53,22,23,31,31,18,17,13,16,75,60,141,76,118,56,213,113,89,44,77,48,111,64,59,36,121,50,56,37,77,42,150,69,58,36,20,22,0,14,1776,143,68,45,40,34,136,58,63,44,46,37,0,14,16,25,19,18,36,31,59,43,120,46,203,105,72,41,92,46,152,61,90,47,98,50,71,41,92,43,195,94,57,52,31,27,20,22
25015820101,1400000US25015820101,6715,446,3101,373,101,87,30,45,78,98,173,116,80,95,89,94,30,53,195,148,47,65,335,231,100,80,129,103,306,175,111,74,235,133,31,35,242,132,61,49,133,65,274,169,143,111,138,78,40,34,3614,384,132,120,221,112,223,107,158,133,128,130,140,156,30,55,175,152,22,37,268,175,141,95,179,125,284,144,200,128,269,131,83,63,164,94,71,56,184,96,115,78,210,111,129,68,88,76
25015820102,1400000US25015820102,3333,444,1273,224,129,98,78,57,52,46,68,55,49,51,14,27,0,14,9,14,83,64,139,84,57,50,101,68,66,56,87,61,46,42,85,68,26,27,47,42,43,30,57,42,15,17,8,14,14,15,2060,315,221,106,56,50,149,68,54,45,68,78,14,28,0,14,84,70,197,160,128,63,115,73,111,69,131,83,114,68,89,69,77,58,151,109,15,18,55,35,70,43,61,47,16,18,84,62
25015820205,1400000US25015820205,7518,578,3540,334,181,85,164,74,201,88,180,94,139,106,0,19,96,75,101,77,122,71,219,87,177,96,280,79,234,117,229,112,398,115,104,80,125,76,71,54,135,76,253,86,86,43,33,27,12,9,3978,383,250,113,254,123,136,67,64,55,85,71,92,78,62,58,21,21,400,236,206,84,289,134,212,91,217,111,340,112,324,116,72,61,134,66,96,52,265,100,254,78,148,90,23,16,34,26
25015820206,1400000US25015820206,3961,607,1876,294,132,78,36,43,99,64,113,79,73,65,7,13,44,51,46,82,161,118,61,46,35,35,79,48,118,117,119,68,110,54,102,59,91,57,78,42,77,53,186,78,86,46,6,12,17,18,2085,434,11,20,173,152,132,89,75,51,1,4,24,41,19,30,91,74,51,48,157,156,74,67,255,162,83,52,118,67,100,51,60,45,76,52,60,43,152,84,167,75,54,43,46,34,106,88
25015820207,1400000US25015820207,5249,634,2487,419,70,73,146,89,241,257,55,53,50,48,22,37,48,56,103,98,94,77,49,65,153,71,198,169,239,160,108,88,149,90,45,44,157,100,96,73,138,68,219,135,49,40,38,43,20,33,2762,313,263,146,116,85,113,65,74,57,0,19,131,109,0,19,276,184,74,55,202,106,14,23,281,211,122,67,104,60,256,120,103,73,46,39,23,37,199,90,153,80,42,42,36,41,134,159
25015820300,1400000US25015820300,7451,756,3995,541,81,66,50,48,72,61,203,157,51,30,343,249,850,507,673,312,327,158,95,82,207,119,221,102,60,55,130,100,63,80,39,48,177,106,41,40,83,50,178,81,21,26,17,24,13,20,3456,652,292,123,79,74,128,120,0,19,42,38,408,271,602,340,392,195,215,126,44,60,157,93,231,164,153,105,93,83,120,94,0,19,107,66,134,65,81,49,56,46,85,60,0,19,37,38
25015820400,1400000US25015820400,13502,224,6236,401,0,21,0,21,0,21,33,36,3483,383,1310,280,772,193,522,153,81,50,1,2,0,21,0,21,0,21,9,11,1,2,0,21,19,27,0,21,0,21,5,7,0,21,0,21,0,21,7266,402,0,21,0,21,0,21,100,65,4190,421,1483,293,1026,218,424,146,6,8,8,14,0,21,0,21,0,21,7,10,0,21,5,7,17,24,0,21,0,21,0,21,0,21,0,21,0,21
25015820500,1400000US25015820500,6272,582,3155,468,49,73,54,68,76,54,176,122,223,89,633,385,53,45,414,261,112,88,105,77,163,99,32,55,125,89,179,89,184,81,33,41,68,61,42,48,14,18,175,88,93,62,143,83,9,16,3117,534,30,60,46,47,0,19,56,49,284,110,395,441,330,270,199,167,168,131,257,119,85,75,43,42,115,80,129,72,130,65,67,75,42,51,79,56,131,135,183,109,110,69,92,64,146,91
25015820600,1400000US25015820600,1727,51,694,153,0,14,0,14,0,14,4,8,311,113,148,79,95,88,124,68,0,14,2,4,6,9,0,14,0,14,4,6,0,14,0,14,0,14,0,14,0,14,0,14,0,14,0,14,0,14,1033,151,0,14,0,14,0,14,0,14,562,131,211,91,145,75,99,65,0,14,0,14,0,14,0,14,8,13,8,13,0,14,0,14,0,14,0,14,0,14,0,14,0,14,0,14,0,14
25015820700,1400000US25015820700,3584,372,1648,215,42,31,140,50,169,69,22,23,29,31,18,28,47,78,145,91,186,95,28,28,67,43,103,48,55,36,85,51,68,40,39,33,67,35,49,37,42,26,122,60,60,34,56,37,9,15,1936,256,68,49,111,74,65,48,36,31,7,11,34,39,121,150,213,136,74,60,96,78,207,99,72,48,74,60,101,49,97,64,63,37,159,72,31,30,67,34,92,54,125,48,0,14,23,34
25015820801,1400000US25015820801,5143,663,2584,508,32,46,86,91,70,62,184,103,54,43,46,53,26,25,212,147,251,189,179,156,174,146,91,77,41,40,148,77,214,240,97,85,103,74,78,58,121,68,128,65,122,70,40,38,87,58,2559,307,96,74,16,23,124,97,78,84,68,82,39,35,64,66,222,194,190,95,100,88,158,90,190,127,140,78,113,69,233,167,41,39,32,39,120,61,90,55,210,100,106,63,61,46,68,51
25015820802,1400000US25015820802,503,15,203,75,0,14,0,14,0,14,0,14,75,57,99,110,21,20,8,11,0,14,0,14,0,14,0,14,0,14,0,14,0,14,0,14,0,14,0,14,0,14,0,14,0,14,0,14,0,14,300,75,0,14,0,14,0,14,0,14,147,72,35,26,50,40,63,46,5,9,0,14,0,14,0,14,0,14,0,14,0,14,0,14,0,14,0,14,0,14,0,14,0,14,0,14,0,14
25015820900,1400000US25015820900,6080,21,3166,176,106,90,227,198,100,79,21,25,128,95,21,34,104,108,82,70,275,110,310,264,123,75,137,89,252,105,171,94,188,102,72,50,282,168,98,67,132,99,114,80,145,76,60,53,18,27,2914,178,65,65,99,75,116,73,97,74,60,69,54,65,25,46,116,98,148,80,199,172,231,139,105,72,242,92,128,85,315,121,189,116,44,40,33,37,147,85,164,98,147,103,69,57,121,69
25015821000,1400000US25015821000,4210,461,1864,240,92,47,60,36,86,53,96,51,15,24,0,14,75,54,56,57,70,54,55,43,59,39,148,72,43,33,175,90,149,69,62,49,111,55,29,29,33,24,141,71,179,77,59,50,71,79,2346,392,61,38,77,42,73,54,89,57,65,60,0,14,0,14,0,14,55,45,114,60,152,57,112,52,133,75,100,57,315,345,181,79,94,50,141,112,147,73,154,66,106,50,97,59,80,78
25015821101,1400000US25015821101,6854,528,3332,369,204,89,47,70,56,51,125,129,138,86,0,19,34,51,86,108,288,250,236,117,272,111,102,73,191,105,112,67,204,131,322,230,193,91,60,40,195,108,206,98,105,52,73,50,83,63,3522,290,129,86,208,117,73,55,71,68,109,108,37,59,0,19,193,149,256,134,223,131,207,112,148,83,180,104,162,95,309,183,118,101,259,93,52,43,76,50,214,94,125,69,191,128,182,124
25015821200,1400000US25015821200,2232,52,204,78,4,6,0,14,0,14,0,14,46,43,82,64,28,36,30,47,0,14,0,14,0,14,4,7,0,14,5,7,0,14,0,14,0,14,0,14,0,14,0,14,0,14,5,7,0,14,2028,89,0,14,0,14,0,14,33,27,952,151,380,98,414,106,208,87,0,14,0,14,17,27,4,6,4,6,0,14,8,6,4,6,0,14,0,14,0,14,4,7,0,14,0,14,0,14
25015821300,1400000US25015821300,4458,394,2030,236,100,82,156,63,68,59,34,39,49,56,15,26,34,57,102,75,96,76,116,61,75,48,97,52,78,45,160,88,87,52,51,31,72,51,78,45,65,42,259,157,106,67,49,37,83,48,2428,231,36,38,160,79,61,51,79,68,154,90,90,77,75,39,57,53,150,73,160,68,78,37,161,105,116,61,77,45,128,54,76,46,86,49,80,49,182,138,128,60,116,44,90,38,88,49
25015821400,1400000US25015821400,5306,21,2506,249,108,91,188,109,195,132,62,65,0,19,171,222,23,38,82,77,170,124,127,76,185,125,108,64,123,56,91,65,247,100,13,23,85,61,86,73,73,71,198,80,82,58,78,63,11,14,2800,250,64,44,80,54,38,44,124,108,0,19,0,19,10,19,196,136,285,145,177,92,178,76,45,45,226,80,264,154,157,81,80,61,120,79,148,104,190,113,128,74,97,58,27,30,166,89
25015821500,1400000US25015821500,3325,28,1564,148,83,98,114,51,81,49,42,30,56,57,16,28,22,36,51,72,0,14,84,61,79,50,177,71,60,39,103,69,62,47,65,48,156,91,35,32,50,30,69,34,42,29,84,56,33,47,1761,151,33,30,51,42,39,34,23,26,100,99,22,34,0,14,128,101,42,41,174,114,100,53,77,57,122,79,111,71,112,44,60,52,104,58,103,51,60,42,109,45,80,57,88,66,23,21
25015821601,1400000US25015821601,3990,510,1692,322,151,99,208,196,67,51,38,41,33,52,0,14,0,14,138,114,112,82,77,51,164,127,57,41,34,39,129,53,117,67,56,50,27,28,30,32,67,48,48,32,114,55,20,24,5,13,2298,333,74,64,36,33,123,85,74,44,0,14,56,95,0,14,112,102,144,91,111,71,179,121,124,64,99,72,213,99,102,58,68,60,21,25,173,112,86,45,182,72,164,90,86,65,71,42
25015821602,1400000US25015821602,3825,479,1884,302,23,32,102,80,129,59,126,76,104,103,21,31,0,14,104,85,90,88,44,37,89,72,108,57,74,43,177,76,110,64,13,23,121,82,37,35,194,153,123,50,53,44,0,14,42,34,1941,289,29,33,81,52,79,54,49,43,32,40,22,35,0,14,72,96,107,105,39,34,125,69,120,55,148,75,179,89,193,78,67,53,117,87,41,40,109,55,168,67,63,39,36,30,65,37
25015821700,1400000US25015821700,4114,411,2054,214,59,50,71,47,118,65,121,80,49,50,11,17,31,39,66,56,129,81,143,140,128,64,72,47,104,60,160,106,158,81,111,71,87,57,58,33,105,55,100,44,72,43,47,36,54,29,2060,347,55,39,67,51,107,63,19,31,0,14,0,14,128,189,36,40,105,52,74,53,93,41,105,55,69,56,97,78,253,95,47,34,74,54,39,32,202,149,173,69,119,58,127,77,71,40
25015821901,1400000US25015821901,3299,326,1296,233,30,35,56,60,79,48,33,44,0,14,66,62,25,40,51,55,103,68,83,48,85,59,46,36,104,40,97,96,88,57,23,33,48,40,35,40,20,22,97,54,52,33,57,43,18,18,2003,217,37,36,77,51,125,69,95,75,290,60,40,51,41,28,50,46,176,111,63,51,72,55,131,57,104,81,142,82,110,61,12,18,50,44,0,14,34,27,133,60,78,43,129,78,14,16
25015821903,1400000US25015821903,4546,574,2189,395,136,125,21,36,281,162,181,177,23,38,0,14,25,32,128,135,262,134,162,113,171,107,272,112,52,52,96,78,89,73,21,36,50,57,21,33,0,14,48,52,93,59,30,41,27,44,2357,405,38,34,97,80,45,46,8,16,234,225,18,31,0,14,184,159,237,117,137,89,336,202,190,120,121,76,116,146,145,83,0,14,51,47,25,40,35,34,86,64,143,111,43,57,68,106
25015821904,1400000US25015821904,3341,569,1503,333,51,57,143,141,58,46,9,13,0,14,0,14,38,60,0,14,101,73,167,62,98,55,244,134,113,58,88,52,93,64,98,72,23,33,77,86,14,20,86,79,0,14,2,8,0,14,1838,330,67,50,107,98,49,52,17,24,0,14,0,14,55,63,207,105,146,75,160,62,115,67,295,196,94,48,22,26,91,55,66,63,46,33,70,46,58,74,51,31,22,30,59,53,41,37
25015822000,1400000US25015822000,2333,98,214,88,4,7,0,14,6,10,0,14,62,58,24,48,0,14,34,35,1,3,14,19,22,26,0,14,25,34,11,17,0,14,2,4,0,14,0,14,4,7,0,14,5,7,0,14,0,14,2119,84,0,14,0,14,0,14,60,64,1038,157,333,85,416,131,146,56,28,34,24,21,19,27,6,11,16,14,5,8,6,10,0,14,5,7,5,7,5,7,0,14,7,10,0,14,0,14
25015822200,1400000US25015822200,5514,574,2463,326,44,66,147,109,101,109,133,82,35,53,0,19,0,19,56,60,40,39,231,108,123,115,32,34,166,126,444,218,106,69,128,84,93,70,39,35,170,72,172,80,145,85,18,27,40,47,3051,384,131,102,148,122,311,189,17,27,49,61,20,32,10,18,26,34,146,107,179,137,55,42,196,127,154,103,281,180,302,134,109,59,106,60,147,91,163,84,347,120,64,60,51,59,39,44
25015822300,1400000US25015822300,5580,539,2588,336,49,66,66,86,172,110,113,77,15,26,123,163,0,19,80,133,219,184,136,78,277,119,248,200,232,128,157,78,75,59,88,69,62,63,40,34,183,97,104,98,94,50,55,49,0,19,2992,382,26,26,164,96,186,90,124,86,27,46,144,155,59,78,45,72,92,68,100,74,263,121,256,125,196,82,285,162,287,211,21,24,96,53,35,40,97,56,214,100,72,51,140,83,63,56
25015822401,1400000US25015822401,5843,574,2860,366,65,55,126,88,321,171,104,83,28,46,0,19,24,35,106,70,62,74,148,99,73,63,189,86,79,59,110,97,394,191,55,65,103,86,180,147,31,35,249,82,193,86,81,63,139,160,2983,374,63,53,138,131,177,81,63,72,5,8,60,74,41,66,170,157,42,47,77,52,163,82,112,76,81,74,282,153,263,138,81,60,127,83,161,111,124,72,217,91,471,189,15,26,50,61
25015822402,1400000US25015822402,4663,469,2374,373,124,72,165,95,18,28,13,23,0,14,38,59,74,83,210,252,74,92,125,82,320,147,140,63,194,94,65,53,80,62,65,58,252,127,26,29,25,33,117,69,169,140,44,41,36,56,2289,420,47,49,74,48,11,18,88,96,0,14,0,14,30,50,381,322,90,67,258,113,151,81,128,138,101,61,94,93,193,94,69,53,156,111,38,45,112,109,173,92,24,30,17,27,54,62
25015822500,1400000US25015822500,6230,36,3399,220,113,75,275,121,260,124,75,62,166,107,0,19,91,97,187,110,230,145,175,101,240,116,135,90,192,92,287,119,109,61,26,30,193,99,87,58,152,80,146,72,181,126,79,56,0,19,2831,217,75,59,220,90,91,74,80,65,17,31,56,55,24,41,113,85,129,91,150,102,113,72,230,96,168,73,227,81,104,55,44,42,270,102,118,77,93,62,356,200,98,64,44,44,11,18
25015822601,1400000US25015822601,2220,286,1082,140,13,15,55,26,73,43,30,29,23,29,7,14,0,14,79,62,40,30,67,34,19,18,123,112,30,24,86,45,56,35,49,33,88,51,56,42,40,28,38,37,32,22,41,38,37,30,1138,199,90,58,45,35,99,69,47,30,11,19,52,56,4,6,35,33,31,24,71,38,32,24,72,29,115,88,76,31,95,44,52,31,59,31,29,31,29,19,23,20,30,23,33,34,8,13
25015822603,1400000US25015822603,1552,161,763,106,21,16,16,9,51,42,21,23,26,18,4,5,41,38,44,35,28,15,27,22,24,11,42,18,56,28,44,18,46,18,56,36,37,17,39,17,44,17,38,14,42,24,13,10,3,4,789,99,43,34,33,17,65,24,30,18,10,8,1,3,12,16,10,9,16,10,34,18,28,14,66,38,38,17,35,17,88,33,29,20,36,12,26,13,54,23,73,31,38,15,15,11,9,8
25015822607,1400000US25015822607,4664,274,2130,162,43,20,139,48,139,46,20,18,52,38,3,6,20,20,65,34,142,45,97,36,115,39,126,45,149,66,146,46,160,49,77,34,116,42,67,34,77,28,243,72,92,34,20,14,22,14,2534,193,88,50,93,38,97,44,184,86,41,41,4,6,17,14,75,47,76,33,103,45,109,35,140,47,190,63,261,108,195,52,86,38,141,52,125,36,157,51,151,47,70,37,93,38,38,27
25015822700,1400000US25015822700,2891,209,1464,166,27,13,39,17,69,46,31,14,23,17,18,13,5,6,65,61,67,39,69,22,54,20,67,24,48,17,99,36,123,44,82,27,92,27,87,36,99,38,133,27,78,19,21,14,68,42,1427,118,40,15,40,19,86,58,37,24,10,11,27,17,0,14,50,23,41,19,37,14,94,24,54,18,60,24,71,22,146,34,42,17,102,45,76,36,95,29,164,36,119,42,22,14,14,8
25017300100,1400000US25017300100,3211,17,1576,87,27,27,80,38,58,38,49,32,32,26,17,18,41,33,59,32,54,37,54,35,70,42,105,50,135,49,119,44,154,68,47,28,145,60,111,66,42,23,114,64,33,20,30,16,0,14,1635,85,47,32,55,39,155,64,74,38,16,18,10,15,0,14,38,30,46,34,52,32,124,47,91,41,85,40,142,64,186,56,67,30,86,34,76,36,67,44,117,61,33,20,36,25,32,31
25017301101,1400000US25017301101,4015,361,1954,172,142,64,105,80,125,47,69,52,41,38,24,27,3,8,54,32,176,110,156,88,110,58,128,60,78,49,143,88,151,65,84,46,127,60,32,35,54,34,91,50,51,31,0,14,10,17,2061,265,103,73,137,102,124,55,85,61,76,53,0,14,33,29,123,78,115,84,94,71,139,72,160,65,35,31,167,79,168,64,29,26,129,69,54,43,57,35,152,63,29,24,9,13,43,33
25017301102,1400000US25017301102,5085,363,2434,250,111,85,180,96,127,78,158,61,4,6,64,58,23,37,95,88,112,74,97,62,222,95,120,68,136,54,91,64,267,132,113,60,90,51,84,52,91,33,143,50,73,40,33,26,0,19,2651,206,98,65,153,116,176,97,19,20,22,26,90,73,33,31,126,76,80,50,143,57,274,110,135,74,109,68,320,116,181,84,55,45,90,46,51,45,151,58,204,59,38,28,68,38,35,31
25017310101,1400000US25017310101,3760,543,1767,278,131,105,120,117,91,91,84,88,62,70,0,14,25,22,35,39,155,93,281,131,260,113,100,87,22,27,32,47,179,93,0,14,67,73,24,18,7,13,36,29,16,18,8,25,32,45,1993,394,54,58,98,81,116,102,98,131,83,64,10,24,71,69,74,79,188,102,162,88,125,79,188,131,96,49,82,53,29,33,58,45,112,108,58,64,19,23,160,115,60,66,52,67,0,14
25017310102,1400000US25017310102,2608,547,1414,324,159,141,29,34,18,28,17,28,5,9,13,23,0,14,54,67,111,136,158,81,112,108,140,119,21,26,32,41,119,79,56,59,109,92,112,97,58,55,8,14,82,77,1,7,0,14,1194,309,68,81,73,55,84,57,0,14,0,14,0,14,0,14,34,58,116,77,148,132,164,95,98,87,16,26,43,57,111,93,11,17,89,83,0,14,39,37,68,57,32,41,0,14,0,14
25017310200,1400000US25017310200,7273,997,3449,590,273,163,222,152,405,264,173,134,139,118,79,84,93,126,133,95,241,184,306,165,232,136,263,156,267,174,97,65,67,49,95,83,108,102,53,47,21,28,79,73,56,49,33,38,14,23,3824,740,317,281,183,122,435,369,142,111,227,175,0,19,15,27,232,119,254,163,240,167,273,154,272,169,291,194,152,101,178,141,27,31,132,95,13,23,145,99,86,61,72,53,57,59,81,52
25017310300,1400000US25017310300,6737,977,3332,612,356,267,164,114,182,145,256,179,104,93,65,82,25,43,7,24,210,121,462,291,333,221,169,100,122,113,172,87,179,142,175,97,123,68,31,40,54,56,25,37,107,91,11,36,0,19,3405,639,213,168,148,133,294,154,166,218,0,19,55,51,93,83,26,43,209,123,210,142,447,306,308,149,204,131,98,75,176,135,64,89,253,108,85,69,113,94,96,66,68,42,31,36,48,51
25017310400,1400000US25017310400,3730,632,1858,364,86,69,207,120,184,105,139,94,95,97,34,35,43,61,71,80,97,102,97,75,150,116,203,164,82,71,41,47,115,88,26,28,28,40,46,53,27,24,16,27,16,33,55,53,0,14,1872,391,132,71,201,152,136,121,107,91,67,68,27,39,15,26,64,57,150,71,64,63,236,85,53,50,155,146,101,55,139,102,24,31,93,61,9,16,13,20,61,62,0,14,13,23,12,15
25017310500,1400000US25017310500,3899,634,2258,496,0,14,0,14,93,61,110,86,85,62,90,106,206,162,524,281,354,196,144,86,81,65,41,43,253,231,54,47,66,47,38,42,18,31,0,14,25,30,47,40,15,22,0,14,14,22,1641,345,102,69,91,61,199,91,23,35,23,30,70,84,114,180,86,94,197,160,122,64,55,53,76,72,36,39,173,88,63,57,0,14,32,27,0,14,48,43,115,86,0,14,0,14,16,24
25017310601,1400000US25017310601,6322,755,2501,476,67,71,167,145,324,126,30,41,98,101,0,19,11,26,79,78,8,20,81,69,309,219,169,108,188,120,164,104,186,101,59,66,62,69,38,47,55,59,57,51,127,97,148,82,74,69,3821,457,164,105,229,119,303,100,68,76,270,155,35,55,25,49,61,55,86,95,470,274,324,130,334,145,56,62,232,77,201,107,64,85,161,95,78,73,93,81,219,100,80,56,108,85,160,90
25017310602,1400000US25017310602,6537,1140,3654,886,157,209,303,265,139,90,147,165,91,91,18,3,1,2,46,43,553,302,103,80,497,383,162,184,290,145,96,78,161,115,123,140,182,165,37,42,187,126,160,91,35,33,162,125,4,13,2883,451,194,176,241,195,45,50,39,42,0,19,13,20,0,19,104,92,323,182,126,91,338,193,233,208,131,93,129,92,283,160,53,51,166,94,106,105,124,99,49,45,69,52,109,105,8,17
25017310700,1400000US25017310700,4246,637,2259,436,11,16,47,52,143,93,30,39,143,75,56,35,114,82,380,202,186,140,259,155,0,14,95,68,46,44,50,52,122,99,19,25,106,72,77,88,39,52,209,145,25,30,58,70,44,47,1987,350,94,56,119,98,86,67,79,79,76,55,38,22,65,48,98,82,94,81,77,72,143,88,176,101,103,66,77,49,67,55,147,88,0,14,185,133,11,17,140,72,59,42,36,57,17,25
25017311100,1400000US25017311100,2534,407,1183,210,113,73,44,36,57,43,73,51,38,33,0,14,0,14,78,45,143,70,93,51,102,41,64,38,66,57,53,36,65,67,66,64,61,34,20,16,9,11,25,18,0,14,13,19,0,14,1351,288,62,46,48,47,45,32,53,39,72,49,9,13,57,72,17,18,128,67,179,116,88,45,194,95,57,41,60,37,157,133,27,22,29,24,16,12,25,27,13,17,0,14,4,6,11,16
25017311200,1400000US25017311200,3198,546,1485,321,0,14,0,14,96,75,46,59,0,14,0,14,37,58,204,203,21,33,147,81,60,60,79,69,87,74,182,101,128,80,42,64,131,183,140,136,21,17,0,14,15,29,11,19,38,47,1713,336,165,87,78,70,94,78,7,27,49,82,0,14,0,14,241,247,171,72,48,57,44,51,180,92,130,94,116,77,83,65,95,74,63,57,30,36,64,54,39,46,11,19,5,18,0,14
25017311300,1400000US25017311300,4875,825,2374,398,197,134,195,140,251,145,33,35,144,91,44,24,43,53,103,81,170,128,222,101,196,139,82,66,73,87,19,33,129,83,11,21,208,127,30,28,61,71,42,40,44,52,77,72,0,14,2501,479,108,106,272,160,100,76,38,32,128,64,169,71,45,63,112,69,153,129,206,112,377,171,38,37,92,68,36,41,190,147,144,82,81,66,49,43,9,16,21,27,83,69,7,17,43,29
25017311400,1400000US25017311400,6245,744,3145,549,192,134,209,132,297,125,36,50,189,195,0,19,0,19,157,116,196,174,365,151,311,152,205,253,279,159,85,59,180,91,111,95,15,29,30,42,37,47,101,76,113,73,24,37,13,26,3100,353,223,105,157,110,146,118,38,49,17,30,22,35,39,51,77,85,432,181,433,246,485,316,215,118,97,71,55,49,88,66,58,66,88,68,89,78,107,76,50,50,59,48,62,59,63,61
25017311500,1400000US25017311500,3343,498,1668,415,245,147,26,25,68,55,13,20,51,46,0,14,9,18,30,52,145,103,157,142,86,64,325,219,118,75,38,51,114,59,64,47,33,49,29,28,55,51,43,38,19,22,0,14,0,14,1675,222,154,57,105,52,117,82,9,15,37,62,10,17,16,26,32,45,207,110,135,94,113,68,117,78,96,85,117,89,174,79,94,70,16,18,29,28,52,44,26,26,10,16,9,15,0,14
25017311600,1400000US25017311600,6736,1064,3259,481,239,177,176,113,178,146,183,83,35,45,42,46,0,19,79,58,335,177,164,139,397,145,214,116,150,97,333,211,143,96,99,88,156,106,53,48,95,64,81,69,49,47,15,24,43,33,3477,755,123,126,271,131,161,96,112,89,14,24,57,84,27,42,302,237,301,266,119,79,416,150,57,56,257,91,384,215,124,111,55,55,134,89,158,111,221,107,67,59,21,24,23,27,73,55
25017311700,1400000US25017311700,5051,885,2565,540,179,136,257,134,159,108,132,85,56,65,0,19,12,19,58,50,112,73,183,109,272,172,104,77,142,96,151,85,223,119,77,95,57,43,66,56,104,64,90,89,86,111,37,43,8,13,2486,416,66,57,131,88,69,64,33,35,82,86,7,12,34,46,119,88,197,118,269,126,306,142,155,99,122,80,218,88,129,76,37,44,159,104,74,63,43,33,160,95,51,54,19,21,6,13
25017311800,1400000US25017311800,3879,655,1992,436,197,165,189,139,173,134,91,64,12,24,0,14,0,14,70,63,86,56,125,89,180,87,128,76,104,125,205,110,134,80,41,59,67,66,17,24,53,31,32,28,39,43,32,22,17,18,1887,335,177,130,66,57,90,47,49,46,79,67,8,14,45,50,63,38,122,79,153,98,239,158,140,80,149,63,59,50,99,64,138,130,71,42,19,31,29,46,55,48,21,22,7,17,9,15
25017311900,1400000US25017311900,2998,423,1606,290,67,34,64,63,65,60,27,37,103,70,35,43,96,93,134,55,76,64,32,48,42,49,215,139,94,76,103,82,171,69,30,27,80,84,56,49,10,16,28,40,49,36,29,36,0,14,1392,244,31,51,92,81,46,34,77,73,22,23,0,14,27,43,48,41,38,53,191,89,91,70,156,159,102,61,60,60,134,96,23,47,75,53,25,31,13,16,26,29,44,45,64,41,7,12
25017312000,1400000US25017312000,2776,599,1442,362,66,68,72,58,65,66,94,81,44,70,46,49,9,15,65,61,33,37,136,114,81,79,130,104,70,63,176,141,12,18,30,47,110,91,52,36,0,14,24,32,26,32,67,62,34,38,1334,307,53,28,10,17,141,115,132,114,0,14,0,14,0,14,40,42,47,56,64,34,17,22,112,110,106,88,64,79,123,100,22,18,167,91,0,14,53,43,30,36,41,39,71,56,41,50
25017312100,1400000US25017312100,3474,626,1760,392,261,142,98,115,117,73,154,92,0,14,54,54,0,14,60,50,82,49,149,80,52,45,162,114,171,124,98,69,149,87,27,30,12,19,38,31,35,31,7,17,13,21,21,17,0,14,1714,387,39,59,93,59,328,194,21,33,96,84,0,14,0,14,15,26,158,124,117,72,149,72,157,106,97,70,64,43,146,93,35,36,14,25,42,50,68,48,45,43,8,14,22,17,0,14
25017312200,1400000US25017312200,5073,624,2510,339,137,104,230,90,154,131,75,55,74,53,0,19,27,36,102,89,73,58,99,60,240,119,161,94,93,71,294,177,131,79,98,71,144,129,8,10,121,68,172,109,59,46,1,5,17,25,2563,438,136,97,85,93,88,98,193,83,62,68,13,22,6,12,131,190,212,85,254,133,202,97,183,85,137,78,103,65,278,168,113,95,79,48,126,87,28,32,77,54,26,41,30,38,1,14
25017312300,1400000US25017312300,5300,805,2540,527,0,19,87,116,166,161,195,151,19,33,0,19,0,19,43,52,176,128,503,236,304,209,19,33,227,147,145,99,301,218,29,36,82,87,80,111,39,48,20,25,28,35,34,55,43,57,2760,457,226,140,323,298,157,140,92,56,0,19,14,26,0,19,217,137,142,153,369,202,168,123,31,57,197,110,193,116,180,111,52,50,145,135,86,62,21,27,33,44,37,35,51,54,26,24
25017312400,1400000US25017312400,2176,338,1078,244,56,68,80,54,187,91,11,18,47,62,0,14,0,14,0,14,44,41,61,46,58,53,137,94,21,24,51,37,27,31,22,24,75,76,106,72,34,26,8,11,21,22,9,16,23,28,1098,163,95,75,49,43,67,47,17,19,0,14,0,14,19,32,70,49,68,60,97,58,129,70,18,20,66,49,54,67,87,74,0,14,29,26,17,20,63,57,35,27,49,47,21,28,48,39
25017312501,1400000US25017312501,5204,567,2429,384,134,51,102,60,80,59,120,68,0,19,39,32,0,19,167,131,300,149,185,81,96,56,65,38,124,53,212,95,243,137,10,16,93,46,47,41,85,48,173,117,78,44,74,67,2,6,2775,444,228,169,206,90,204,139,80,48,0,19,0,19,25,27,116,67,159,91,307,115,122,53,81,59,130,64,201,74,286,157,120,61,83,42,67,56,89,40,101,64,51,37,54,44,65,61
25017312502,1400000US25017312502,4135,401,2041,259,96,46,82,42,113,44,33,34,72,51,13,16,98,112,23,27,144,115,104,60,231,80,173,121,19,24,224,122,104,54,36,33,78,48,55,40,141,92,66,48,56,35,49,30,31,30,2094,233,110,58,146,65,70,42,26,25,27,33,18,23,6,11,9,20,245,154,85,45,170,73,103,56,73,44,121,114,158,71,136,68,60,39,65,49,53,40,204,62,116,70,84,45,9,15
25017313101,1400000US25017313101,7066,674,3353,500,371,274,88,83,138,165,139,128,31,50,108,106,148,158,121,74,263,140,226,120,257,142,111,80,173,91,197,112,317,190,80,62,139,71,162,102,67,57,82,61,38,37,68,51,29,35,3713,344,449,169,285,191,160,108,83,84,230,167,34,48,56,45,123,91,214,129,128,95,154,71,276,169,291,162,173,91,330,167,102,77,104,74,50,48,133,80,76,65,106,59,125,74,31,32
25017313102,1400000US25017313102,5484,675,2384,335,141,93,160,132,135,107,48,48,74,73,0,19,29,41,140,129,86,72,213,135,65,58,261,111,88,65,161,111,110,77,79,64,152,74,83,68,124,76,157,74,56,48,7,11,15,26,3100,469,163,119,270,121,224,156,106,131,71,71,21,39,72,78,95,67,254,171,79,64,182,78,271,125,215,98,155,90,149,82,78,57,255,138,72,55,101,75,122,76,95,66,18,29,32,53
25017314101,1400000US25017314101,7052,762,3636,491,256,170,273,149,364,210,111,108,108,106,0,19,15,24,192,151,198,152,213,125,319,131,174,136,125,115,334,194,168,120,112,121,231,199,38,60,47,53,202,91,38,36,109,104,9,17,3416,410,104,117,275,191,122,102,112,99,0,19,68,71,106,129,331,225,166,98,71,72,237,187,269,122,194,142,75,66,293,149,29,36,200,113,43,41,130,78,221,97,121,81,102,78,147,100
25017314102,1400000US25017314102,6910,691,3026,441,174,167,81,70,211,147,131,109,41,47,17,28,30,36,19,31,266,158,186,119,218,157,234,136,320,218,130,88,231,137,40,46,69,51,107,64,54,46,103,83,62,57,42,40,260,206,3884,430,74,70,140,91,285,154,66,62,159,146,0,19,20,33,146,142,206,111,213,156,370,178,260,163,321,156,199,118,160,93,90,57,234,114,52,42,108,99,291,187,76,66,208,120,206,218
25017314200,1400000US25017314200,5799,834,2750,430,127,86,113,114,120,115,199,112,201,129,0,19,0,19,137,156,84,62,121,101,397,152,155,101,319,148,145,99,77,81,167,144,34,48,40,53,153,100,66,52,25,30,57,55,13,21,3049,477,109,71,130,131,287,123,149,103,210,239,49,78,0,19,109,87,65,54,275,113,152,102,153,136,174,92,273,132,191,166,94,102,152,111,118,101,49,51,133,88,57,47,75,63,45,43
25017314301,1400000US25017314301,9130,808,4478,585,242,127,391,226,348,228,106,91,25,40,110,128,44,55,75,59,105,85,297,189,295,118,360,192,276,144,443,107,348,218,173,99,104,71,157,82,34,39,313,164,27,32,62,68,143,106,4652,485,218,106,182,117,447,272,78,93,58,69,29,33,60,53,143,109,82,55,246,150,467,234,298,162,327,168,309,156,471,182,51,58,130,84,86,65,151,113,372,154,160,90,70,73,217,116
25017314302,1400000US25017314302,3683,394,1848,244,90,60,212,104,122,78,54,50,7,11,0,14,45,43,37,38,76,57,70,48,97,68,133,65,150,68,196,110,116,67,39,50,137,112,85,51,58,36,64,38,9,14,10,17,41,42,1835,259,96,83,133,97,120,69,122,94,15,18,0,14,12,19,48,48,94,62,95,66,120,81,166,107,74,42,168,75,130,87,109,88,74,45,67,49,70,37,40,36,51,45,0,14,31,27
25017315100,1400000US25017315100,5883,750,2689,314,82,44,175,81,118,54,82,58,46,43,44,40,8,13,86,66,173,43,228,137,144,66,178,63,183,71,147,69,313,145,130,78,138,61,40,47,104,59,86,49,55,35,69,49,60,61,3194,519,172,112,169,100,266,126,70,51,33,34,63,62,115,112,159,71,155,143,146,104,199,75,137,51,179,78,180,70,301,155,94,45,178,112,60,40,41,42,89,47,110,63,110,68,168,107
25017315200,1400000US25017315200,8912,1130,4281,620,272,120,278,142,470,227,124,90,56,59,24,37,0,19,330,155,262,168,299,125,204,119,181,108,227,126,369,215,268,98,43,52,158,104,89,79,208,114,89,57,246,173,43,41,41,38,4631,656,392,201,145,99,167,123,114,90,87,123,36,44,20,35,245,225,284,183,139,98,469,186,109,68,214,95,458,143,310,119,212,131,209,95,202,133,70,57,317,115,157,70,172,143,103,70
25017315401,1400000US25017315401,4075,765,1840,267,131,60,61,46,4,9,16,24,28,29,0,14,0,14,67,42,129,76,104,50,159,74,61,52,192,119,108,61,136,56,64,81,121,67,17,26,149,96,86,56,52,66,86,57,69,48,2235,608,31,30,48,50,36,33,21,31,18,28,178,255,0,14,20,27,252,164,135,46,105,76,140,115,53,37,231,108,146,85,143,111,49,35,155,86,77,42,118,54,117,46,90,48,72,53
25017315402,1400000US25017315402,3248,401,1463,177,70,46,26,25,45,42,31,29,37,42,27,31,27,29,21,20,51,35,120,52,38,31,63,40,119,62,121,62,98,49,25,27,207,123,48,39,85,65,104,64,61,38,0,14,39,30,1785,306,36,29,24,26,81,72,142,69,66,69,0,14,34,40,92,89,52,37,114,56,70,40,77,40,82,52,104,56,171,89,40,40,218,115,59,37,114,105,95,62,48,28,29,27,37,26
25017315403,1400000US25017315403,1653,137,805,79,38,26,19,15,18,16,27,20,29,25,15,11,11,12,52,36,13,12,72,41,94,43,24,17,38,29,63,29,61,30,58,38,11,13,21,20,36,26,39,23,48,26,12,12,6,9,848,95,52,28,23,17,35,28,15,13,30,26,0,14,8,11,46,23,44,33,74,35,55,30,27,20,47,30,44,29,80,36,51,31,29,20,29,22,54,29,45,26,28,17,17,10,15,13
25017315500,1400000US25017315500,7502,884,3874,528,174,104,255,130,137,70,80,72,119,144,0,19,90,99,113,117,289,145,186,80,322,154,238,130,196,110,339,164,363,163,157,101,139,96,64,69,70,52,212,181,268,111,34,37,29,36,3628,439,305,126,125,86,142,97,149,112,34,38,0,19,0,19,35,45,168,95,356,168,227,91,142,64,306,145,207,110,343,144,106,76,201,93,40,39,135,81,306,200,159,75,34,34,108,69
25017316101,1400000US25017316101,4548,414,2254,248,100,48,96,80,63,48,123,79,81,49,26,25,9,14,110,63,183,93,96,50,97,43,74,47,126,75,145,58,310,90,74,43,138,91,68,39,61,37,71,40,114,64,51,32,38,29,2294,264,133,78,146,71,97,57,36,34,0,14,20,22,0,14,84,62,165,90,127,61,111,59,49,30,152,80,191,74,246,94,71,45,140,91,42,33,91,78,171,87,109,62,63,43,50,36
25017316102,1400000US25017316102,6512,926,3277,534,38,36,144,120,155,106,131,153,120,123,0,19,47,54,236,169,92,68,355,390,187,75,316,177,195,170,234,109,453,178,28,34,79,60,56,47,121,106,135,81,105,79,37,36,13,21,3235,486,121,83,169,81,241,161,196,121,26,45,89,111,0,19,88,89,327,308,30,37,235,107,292,169,111,70,155,94,358,148,61,50,153,108,65,50,60,51,258,111,66,56,74,59,60,46
25017316201,1400000US25017316201,4575,640,2368,432,45,49,105,82,290,258,131,99,42,39,54,35,90,139,101,60,72,56,28,26,80,64,182,108,170,86,76,48,219,131,71,57,135,64,122,61,3,5,87,61,183,87,62,38,20,22,2207,319,141,174,101,79,117,88,113,62,56,46,37,40,18,28,70,48,93,54,52,41,117,70,233,153,155,81,96,52,122,59,39,36,101,60,51,35,138,91,86,53,171,107,47,37,53,38
25017316202,1400000US25017316202,3699,299,1752,186,93,50,64,43,122,59,59,36,36,42,5,8,29,30,67,58,110,80,117,81,162,64,118,64,159,63,208,89,49,42,54,37,68,54,45,34,43,35,51,31,48,36,35,50,10,17,1947,197,124,60,94,45,80,44,108,57,0,14,22,35,15,24,85,65,83,50,67,44,151,55,165,65,150,61,203,62,117,53,9,14,40,29,61,41,58,39,150,67,74,53,44,49,47,45
25017316300,1400000US25017316300,8669,859,4189,472,275,144,198,124,82,90,78,71,50,64,0,19,13,17,418,354,395,160,202,126,413,126,166,129,266,172,171,122,216,119,150,96,314,140,164,143,271,192,143,94,143,91,48,59,13,21,4480,616,185,127,217,119,100,90,133,117,92,128,0,19,0,19,161,134,505,153,327,152,231,165,126,103,455,256,275,147,421,221,146,88,284,173,182,167,278,185,207,109,44,45,21,33,90,80
25017316400,1400000US25017316400,7131,627,3967,404,181,110,231,133,205,131,57,44,30,46,24,25,75,54,127,56,265,125,520,185,370,159,359,145,201,85,241,137,263,126,107,69,163,100,109,121,150,117,125,81,26,30,42,42,96,84,3164,535,50,60,164,96,147,103,59,58,47,57,0,19,0,19,134,116,197,175,512,267,135,119,294,94,75,44,184,92,366,122,38,41,202,100,84,68,106,69,144,126,10,17,98,83,118,105
25017316500,1400000US25017316500,6869,802,3683,688,121,91,93,81,121,84,219,141,117,126,69,75,0,19,192,93,181,116,240,181,273,146,215,122,269,110,182,133,582,594,41,50,148,99,135,86,65,61,124,71,141,89,89,76,66,62,3186,429,95,74,270,118,142,127,343,117,47,73,0,19,33,50,104,101,144,109,286,127,83,79,272,168,145,97,206,107,186,115,79,82,195,114,119,101,56,41,183,78,91,69,0,19,107,53
25017317101,1400000US25017317101,6315,623,2825,340,181,115,157,79,80,64,168,80,45,52,34,39,0,19,48,42,240,130,120,84,157,92,136,73,172,102,247,169,227,93,78,75,231,143,143,100,54,47,154,94,67,57,86,68,0,19,3490,428,152,82,108,56,193,121,111,90,64,70,0,19,0,19,102,112,339,220,240,120,209,102,123,63,151,87,392,260,198,106,83,62,228,130,156,107,31,37,238,109,212,98,129,114,31,42
25017317102,1400000US25017317102,5287,1115,2404,226,199,86,155,52,183,91,86,56,100,74,16,25,17,27,49,41,109,65,266,198,200,68,175,74,106,48,181,73,107,52,81,47,8,12,55,38,82,47,70,43,87,52,56,53,16,20,2883,995,194,194,337,197,147,73,62,41,100,98,9,16,19,23,19,21,236,215,357,206,175,66,229,78,71,38,133,55,223,166,110,73,94,42,71,44,85,44,66,40,94,61,6,9,46,36
25017317103,1400000US25017317103,4998,467,2579,203,89,65,98,62,138,60,225,103,56,52,73,55,6,9,91,51,88,43,103,45,182,65,179,83,135,60,158,68,231,116,146,65,67,43,74,41,99,50,114,59,81,50,91,33,55,54,2419,404,63,47,151,66,110,54,58,45,23,27,51,76,65,80,107,86,68,40,106,50,199,59,135,66,118,50,245,106,179,56,80,43,151,70,52,30,75,40,85,45,103,55,94,47,101,90
25017317201,1400000US25017317201,2691,197,1392,133,95,48,118,65,66,50,71,42,30,36,0,14,11,18,56,41,28,29,68,35,44,36,62,33,73,42,126,47,88,48,55,37,58,38,29,23,69,37,105,48,43,30,16,18,81,44,1299,133,19,22,22,21,88,51,48,51,57,46,0,14,0,14,33,38,79,49,80,32,65,29,51,27,109,55,130,33,77,47,55,41,70,44,42,29,55,34,78,44,62,39,32,22,47,27
25017317202,1400000US25017317202,4219,997,2247,604,189,159,274,176,96,51,123,146,46,61,30,31,35,37,179,166,37,29,49,31,130,63,114,57,228,140,178,159,120,49,23,25,66,35,62,52,26,23,81,41,81,38,16,17,64,37,1972,463,33,34,194,162,255,168,26,22,58,59,0,14,13,23,11,21,68,54,49,36,336,153,74,30,75,36,276,156,71,38,23,21,51,29,64,39,37,29,73,41,107,50,51,31,27,21
25017317203,1400000US25017317203,3803,386,1724,188,121,60,107,64,142,60,16,24,16,25,54,63,26,21,75,40,58,39,43,32,225,56,60,42,77,41,264,103,119,54,6,10,78,66,31,24,67,33,48,34,21,22,54,35,16,19,2079,255,87,44,72,52,142,63,29,26,21,34,8,13,0,14,202,144,64,40,188,67,202,54,43,32,128,59,213,79,113,46,74,69,65,37,32,25,81,35,87,40,66,36,63,39,99,69
25017317301,1400000US25017317301,3456,885,1708,366,65,41,103,47,73,60,93,48,23,26,5,9,12,16,102,56,91,71,245,175,73,78,132,48,113,59,40,27,108,41,55,38,31,30,138,107,25,30,53,51,60,59,56,40,12,17,1748,559,115,145,213,136,83,32,69,57,44,34,0,14,0,14,79,75,16,19,133,146,168,97,46,34,154,57,33,27,177,150,35,26,15,19,19,22,64,43,69,39,62,28,93,47,61,38
25017317302,1400000US25017317302,5677,652,2846,367,126,130,163,92,141,84,282,229,34,52,2,6,27,34,167,129,161,167,121,83,214,134,215,143,173,79,256,147,140,71,113,120,184,131,0,19,165,102,66,60,38,35,50,50,8,12,2831,468,136,120,113,74,134,97,96,85,117,64,55,85,30,35,67,85,58,52,277,260,78,73,184,85,262,104,199,106,222,107,131,84,193,97,33,33,132,101,131,80,72,59,74,60,37,34
25017318100,1400000US25017318100,6886,616,3630,342,445,200,109,73,257,132,218,114,59,60,0,19,29,33,129,78,158,88,163,85,147,94,276,87,161,85,290,93,348,148,164,86,102,55,119,76,102,86,97,59,72,79,72,76,113,161,3256,398,136,74,90,67,189,75,212,96,190,140,22,37,0,19,94,69,155,99,168,98,162,67,210,88,223,106,233,95,361,148,67,54,147,78,38,36,100,61,81,79,199,132,55,49,124,157
25017318200,1400000US25017318200,4980,452,2614,278,76,46,123,78,328,98,113,58,25,20,45,48,51,45,38,29,123,70,120,61,143,75,249,102,327,149,141,63,172,72,66,35,159,83,48,30,34,27,144,85,62,32,27,26,0,14,2366,271,129,97,139,72,269,129,127,76,75,60,16,20,11,17,33,28,98,39,119,66,174,75,221,85,178,86,150,80,158,48,127,69,62,36,53,42,72,38,100,41,30,27,25,25,0,14
25017318300,1400000US25017318300,8288,771,3925,419,142,87,232,88,225,94,229,91,180,95,12,19,48,57,116,126,125,85,112,68,144,75,283,98,427,268,232,107,366,158,216,100,267,92,127,75,112,71,130,79,84,75,116,79,0,19,4363,481,178,99,359,110,611,350,154,76,61,61,11,19,0,19,75,58,151,80,126,116,261,98,303,105,341,136,384,145,355,166,156,86,252,153,123,76,103,67,153,93,99,96,79,63,28,43
25017318400,1400000US25017318400,4536,474,2211,234,63,39,259,118,169,75,75,42,39,37,48,43,17,20,40,30,104,59,32,26,116,73,247,94,112,63,82,45,273,90,106,58,99,55,41,34,97,71,108,75,63,38,15,18,6,10,2325,321,160,97,188,120,215,113,103,76,63,64,0,14,0,14,36,29,82,45,40,30,145,71,315,110,184,65,83,47,198,55,83,48,73,46,31,29,53,39,105,72,54,61,65,47,49,58
25017320102,1400000US25017320102,5542,506,3043,295,118,68,361,142,231,72,200,95,93,54,20,21,33,29,64,31,137,117,95,53,178,58,195,82,392,126,121,54,212,75,90,48,152,74,176,94,37,25,99,61,19,16,20,16,0,19,2499,313,84,53,139,61,356,156,113,61,61,43,0,19,0,19,50,37,32,25,58,46,189,79,244,111,288,88,177,85,211,60,27,27,108,51,111,74,23,23,74,41,96,57,37,40,21,23
25017320105,1400000US25017320105,2535,269,1380,185,83,42,167,54,156,57,59,39,14,14,1,3,3,5,55,46,22,21,45,26,96,41,77,32,81,37,148,65,88,44,62,54,26,24,17,16,13,15,69,38,78,81,5,8,15,25,1155,128,63,30,67,38,90,43,76,43,14,19,4,8,17,23,13,16,57,41,43,30,78,32,76,34,132,44,102,56,98,42,29,23,18,19,21,19,55,44,27,22,44,29,14,12,17,27
25017320106,1400000US25017320106,6573,799,2951,326,189,98,309,154,222,97,32,38,17,25,50,49,7,15,84,65,83,47,41,39,207,105,192,101,187,76,523,370,275,133,59,49,114,65,74,70,20,27,102,76,136,94,0,19,28,31,3622,575,239,139,204,128,258,129,388,323,135,115,62,75,0,19,27,38,127,74,48,41,271,129,257,114,245,106,413,307,219,107,114,86,100,66,147,114,71,50,121,71,63,69,41,40,72,60
25017320107,1400000US25017320107,4708,499,2482,329,165,101,402,176,307,143,34,34,0,14,0,14,25,38,26,33,34,30,146,86,181,92,328,202,306,142,70,52,174,86,7,14,59,45,90,47,56,50,31,29,22,22,5,10,14,17,2226,267,206,127,207,136,101,62,93,47,17,33,0,14,0,14,110,100,83,52,172,84,341,168,266,107,93,46,96,58,144,78,18,24,41,37,76,57,22,28,64,43,54,32,8,13,14,19
25017321100,1400000US25017321100,6976,910,3343,445,355,152,230,160,87,80,77,62,133,97,17,32,44,67,158,127,194,121,285,168,247,92,234,109,92,88,131,80,294,149,87,63,141,92,62,55,37,41,254,135,127,71,28,31,29,33,3633,587,322,173,216,175,165,84,75,95,0,19,0,19,0,19,139,105,158,117,295,195,127,68,156,94,236,139,285,152,299,184,89,68,171,129,96,84,136,79,277,134,89,56,114,58,188,85
25017321200,1400000US25017321200,7442,1063,3538,422,227,140,256,153,79,89,132,93,154,174,0,19,196,170,206,85,176,124,324,115,360,139,172,115,219,173,176,133,278,174,126,86,148,72,102,79,11,18,87,72,39,38,53,38,17,28,3904,773,364,176,166,89,249,233,149,142,64,61,22,38,0,19,185,175,317,209,443,179,317,159,79,58,254,182,197,116,280,162,100,80,212,119,23,26,153,98,35,37,98,59,106,126,91,96
25017321301,1400000US25017321301,4687,725,2423,486,62,66,72,70,211,167,46,66,135,127,0,14,38,49,83,68,178,91,308,195,189,104,67,72,188,124,138,134,222,126,83,73,147,139,0,14,49,35,148,164,23,22,0,14,36,63,2264,389,224,144,150,91,28,57,18,51,85,121,107,76,11,20,224,150,70,60,317,190,101,102,192,113,155,103,145,102,34,33,63,78,87,61,35,46,15,18,79,83,19,21,41,45,64,66
25017321302,1400000US25017321302,3017,595,1630,431,76,67,54,53,67,60,27,37,17,28,25,40,0,14,125,88,115,76,159,160,28,33,148,84,82,55,256,192,97,70,0,14,61,47,16,23,100,65,109,55,29,28,32,33,7,12,1387,247,40,40,26,21,77,63,55,47,51,50,0,14,20,34,26,32,193,128,47,41,28,33,122,74,8,14,244,126,95,47,61,50,34,31,77,69,27,23,74,61,33,26,23,21,26,23
25017321400,1400000US25017321400,4466,612,2119,282,82,53,133,61,118,110,47,32,55,52,0,14,22,24,25,24,119,53,157,68,200,154,259,111,130,64,122,70,170,79,62,38,74,39,74,42,118,71,44,38,45,56,15,18,48,45,2347,472,251,223,117,66,162,66,7,13,34,44,16,18,11,17,43,37,184,98,221,97,266,141,102,59,130,78,201,76,86,51,64,39,95,54,39,33,57,40,49,34,84,75,36,30,92,60
25017321500,1400000US25017321500,7561,877,3520,521,187,124,195,146,87,86,74,72,84,82,0,19,6,16,169,165,251,136,295,132,637,297,202,129,158,102,214,118,203,140,62,86,172,87,31,36,223,176,96,77,70,62,42,49,62,74,4041,528,419,191,226,107,238,141,84,93,113,120,0,19,27,45,122,117,191,97,475,210,503,245,281,152,144,77,180,108,265,132,81,77,81,111,46,44,172,96,89,62,74,52,71,62,159,111
25017321600,1400000US25017321600,7498,1013,3880,681,260,145,333,125,269,227,90,67,96,88,0,19,30,37,95,70,291,224,445,201,234,140,189,109,257,154,233,101,202,102,203,130,134,76,44,34,70,57,87,59,129,66,134,117,55,49,3618,438,332,136,130,121,267,144,163,130,11,19,12,23,0,19,465,235,159,98,263,124,233,107,253,136,118,75,231,110,239,110,61,62,147,86,57,36,131,124,139,65,171,105,0,19,36,36
25017322100,1400000US25017322100,4856,628,2423,325,107,61,207,103,193,102,122,46,70,56,30,28,22,24,20,23,110,45,184,84,124,55,247,126,200,58,138,59,125,70,69,42,111,48,58,35,21,23,157,53,61,35,25,23,22,23,2433,342,175,83,213,117,212,128,53,41,44,49,11,16,11,18,28,26,84,41,225,113,240,124,128,61,116,57,160,58,164,56,30,24,79,38,82,56,65,40,133,57,97,46,19,22,64,33
25017322200,1400000US25017322200,4533,426,2316,283,208,122,51,52,139,90,69,50,70,66,23,31,0,14,190,133,84,66,135,92,136,69,170,99,183,78,243,154,58,49,80,69,48,44,50,39,64,52,94,51,74,47,62,45,85,53,2217,308,64,71,76,52,94,119,33,37,30,44,0,14,25,37,57,33,81,52,147,97,150,74,193,158,116,60,214,124,123,70,100,79,117,85,47,43,113,75,213,92,112,62,38,29,74,53
25017322300,1400000US25017322300,5907,593,2788,402,261,143,80,55,61,88,213,154,0,19,44,40,39,56,65,72,72,68,268,136,281,118,179,127,133,91,95,69,259,132,171,132,62,49,46,52,40,47,203,146,119,66,97,99,0,19,3119,381,104,79,122,112,31,38,71,59,83,89,0,19,0,19,130,91,97,65,306,139,317,174,183,88,163,121,117,93,226,155,58,62,157,97,47,47,91,74,172,81,401,226,142,82,101,92
25017322400,1400000US25017322400,4781,542,2225,286,71,54,118,121,154,82,87,60,38,57,14,16,6,9,72,67,219,133,90,61,286,130,121,67,86,70,196,118,171,91,86,56,72,50,75,50,23,27,78,45,74,51,52,41,36,32,2556,367,190,138,97,56,154,111,45,43,55,60,0,14,9,14,71,97,77,46,168,125,123,74,235,132,194,128,233,86,176,75,195,101,124,68,35,33,49,40,139,87,56,47,93,80,38,36
25017323101,1400000US25017323101,3687,427,1991,301,84,43,128,117,89,52,116,62,15,23,38,30,0,14,67,42,214,170,86,55,136,119,65,41,151,74,74,61,253,92,72,48,27,29,110,121,91,50,70,43,43,30,27,22,35,30,1696,194,83,50,70,48,127,140,50,32,19,30,26,30,0,14,10,16,75,77,58,39,89,42,89,40,57,35,96,48,272,75,37,30,83,41,107,99,50,39,109,48,77,61,18,21,94,67
25017323102,1400000US25017323102,3478,429,1769,230,147,69,117,62,169,108,56,44,58,43,0,14,11,16,8,13,104,74,116,70,140,73,129,88,29,26,63,37,206,91,87,52,60,35,49,32,34,25,64,40,79,40,32,30,11,17,1709,287,70,51,89,66,127,83,75,105,12,19,0,14,23,37,33,54,34,33,111,58,112,65,190,154,138,59,37,28,159,73,96,68,131,76,18,21,49,36,119,71,70,46,16,29,0,14
25017324101,1400000US25017324101,5677,385,2632,301,190,91,112,67,166,94,55,46,7,11,0,19,27,43,111,70,118,95,101,65,229,115,270,89,336,160,142,88,244,107,55,53,98,64,38,46,23,30,190,123,52,46,29,29,39,33,3045,254,165,70,222,112,205,101,149,149,21,37,23,36,0,19,59,55,154,102,160,79,171,94,220,95,233,103,143,75,180,89,175,110,85,57,85,57,81,70,276,168,105,68,45,41,88,47
25017324102,1400000US25017324102,4603,384,2443,274,168,82,218,81,159,67,75,46,52,45,3,7,50,45,118,68,140,125,59,38,273,87,64,42,131,75,214,111,175,60,87,49,80,60,66,32,70,48,91,57,113,41,29,38,8,13,2160,221,112,65,97,57,95,51,91,48,31,24,34,28,13,14,54,34,162,116,106,49,164,72,57,39,169,69,192,54,186,66,68,40,150,75,53,40,50,33,69,37,109,51,64,54,34,23
25017325101,1400000US25017325101,4195,400,2236,316,45,40,202,110,143,118,187,168,123,124,73,74,0,14,120,109,131,80,151,82,186,113,125,82,85,58,59,50,194,123,72,56,97,49,20,23,155,69,23,26,17,20,28,27,0,14,1959,222,44,33,130,69,115,58,38,30,17,23,11,19,62,75,71,86,118,75,121,73,287,150,113,126,72,42,197,117,120,77,72,38,149,65,57,47,32,26,91,50,0,14,42,45,0,14
25017325102,1400000US25017325102,4450,401,2037,308,99,99,66,49,77,51,117,74,14,23,27,46,24,29,75,76,44,36,267,168,197,151,132,82,116,102,75,56,164,77,58,44,149,70,52,37,145,91,70,77,25,30,19,21,25,31,2413,267,82,61,97,63,164,76,145,126,13,23,21,27,0,14,100,62,96,95,239,131,178,90,95,56,115,83,27,25,374,147,103,90,113,77,70,54,32,29,84,53,67,36,128,124,70,49
25017326101,1400000US25017326101,5126,668,2804,622,95,51,229,173,693,436,66,38,40,35,0,19,99,86,59,147,72,44,98,51,121,55,295,163,122,51,90,54,154,58,134,132,61,34,62,87,125,64,70,44,47,32,37,41,35,31,2322,258,104,55,55,31,227,113,132,72,30,35,20,22,7,12,65,116,109,62,104,45,115,58,255,162,168,68,210,169,125,59,32,27,110,49,156,98,23,26,78,44,76,62,37,34,84,43
25017326102,1400000US25017326102,6264,667,3070,406,85,70,131,95,261,102,143,102,27,43,73,92,46,51,168,89,74,53,143,124,158,88,164,78,217,100,210,104,287,122,176,91,150,78,61,42,72,55,220,124,114,68,52,68,38,36,3194,375,189,153,344,143,212,95,256,121,52,50,18,33,25,39,24,39,71,47,130,153,144,73,270,87,261,118,247,117,225,94,69,54,79,62,92,57,67,51,185,116,173,77,12,19,49,56
25017327101,1400000US25017327101,4050,520,2066,179,107,61,80,48,87,47,154,94,139,87,14,25,0,14,64,46,65,31,123,65,200,137,93,45,66,39,114,55,216,74,23,28,149,83,74,89,45,45,179,65,31,28,26,28,17,27,1984,484,300,273,51,35,183,146,88,50,35,32,13,19,9,17,31,29,95,60,116,65,161,148,67,43,115,52,140,58,107,44,111,62,127,93,0,14,44,36,144,60,29,30,18,30,0,14
25017327102,1400000US25017327102,3881,405,1745,214,83,42,69,44,144,72,51,43,45,59,0,14,0,14,42,38,119,62,117,66,173,65,138,94,100,53,111,56,190,72,34,40,30,25,116,63,93,60,39,30,16,19,19,21,16,26,2136,266,34,27,204,104,82,45,33,28,81,54,0,14,0,14,35,29,208,88,223,105,142,66,158,68,92,51,171,79,109,52,65,56,191,98,116,75,97,54,35,28,27,31,21,27,12,19
25017327103,1400000US25017327103,3732,414,1968,341,84,45,107,55,87,57,43,33,88,61,90,134,9,15,54,39,171,137,95,48,64,40,78,45,185,72,127,91,112,51,67,48,95,51,40,32,143,57,93,44,83,50,45,39,8,2,1764,201,62,38,62,45,46,41,99,47,55,87,1,11,18,22,41,32,73,43,62,40,58,41,100,43,42,35,163,109,104,54,122,108,160,62,95,65,62,40,213,87,40,33,34,31,52,35
25017328100,1400000US25017328100,3408,21,1741,105,101,83,146,64,73,32,84,38,48,32,18,13,6,8,76,30,37,26,85,41,115,52,141,62,115,53,123,48,157,41,46,24,94,33,39,23,116,50,72,42,27,17,14,13,8,9,1667,106,63,40,80,48,134,52,83,36,50,27,9,11,6,8,80,50,70,36,94,64,110,58,101,39,115,43,147,48,121,41,77,26,93,33,48,23,63,27,76,27,35,16,0,14,12,12
25017330101,1400000US25017330101,3546,431,1654,212,98,52,101,47,149,90,87,70,29,25,0,14,54,54,12,14,59,45,50,46,126,67,148,71,98,69,159,73,171,106,42,35,28,25,48,45,30,29,61,37,28,45,23,26,53,56,1892,286,118,64,74,50,137,97,83,72,54,46,30,36,7,12,83,60,102,60,73,49,133,62,72,40,106,51,147,70,181,120,92,55,35,38,0,14,79,44,61,58,124,85,10,16,91,65
25017330102,1400000US25017330102,5286,501,2628,340,144,66,211,82,243,95,110,89,27,34,0,19,0,19,64,62,145,69,93,52,120,52,177,71,138,78,380,206,183,96,2,7,222,212,62,43,71,44,105,73,93,65,15,23,23,22,2658,272,77,49,250,88,156,92,162,100,0,19,61,43,0,19,46,44,77,49,95,49,160,62,159,78,248,134,165,84,155,70,122,184,142,81,112,59,61,51,161,84,78,51,123,70,48,36
25017330201,1400000US25017330201,3086,635,1513,353,81,73,55,27,95,53,32,36,56,46,5,8,73,107,52,37,104,65,193,272,124,62,88,54,50,36,172,178,106,64,54,29,18,27,6,10,42,32,23,26,63,36,11,15,10,11,1573,341,166,146,73,33,71,44,29,31,6,9,14,21,5,8,49,40,42,36,201,212,160,71,46,27,57,36,132,138,150,68,68,52,44,38,30,28,21,19,92,70,56,39,31,23,30,26
25017330202,1400000US25017330202,3847,446,2078,318,87,64,132,86,144,103,124,61,26,39,0,14,25,27,150,83,93,49,98,63,112,65,159,85,139,60,122,94,133,86,45,52,202,177,58,42,105,60,38,30,61,33,17,20,8,13,1769,220,53,47,51,41,92,59,38,41,17,29,0,14,50,52,35,39,120,63,123,67,129,96,202,73,110,54,153,93,133,76,29,26,71,45,46,45,73,58,124,73,62,39,41,33,17,20
25017331101,1400000US25017331101,3272,337,1657,293,88,50,84,40,111,77,76,72,20,27,47,57,0,14,84,49,116,87,68,55,126,52,90,46,46,29,155,60,185,76,45,38,76,62,12,12,30,32,122,55,59,51,9,14,8,13,1615,179,52,36,95,66,154,73,131,73,8,14,7,10,10,16,35,35,39,29,18,20,129,46,105,53,137,71,94,65,114,66,90,54,45,34,97,55,44,34,82,68,82,60,0,14,47,33
25017331102,1400000US25017331102,7252,637,3719,423,161,104,275,153,342,131,40,47,111,118,0,19,53,85,115,110,104,96,165,88,214,98,241,116,201,120,140,88,491,266,206,117,210,115,75,59,101,89,103,93,152,89,93,102,126,79,3533,434,181,125,177,113,159,161,219,115,72,63,0,19,26,40,176,132,98,74,122,64,257,106,241,82,281,136,235,175,379,146,84,84,133,83,36,44,192,124,136,95,114,78,163,128,52,29
25017331200,1400000US25017331200,5637,635,2891,341,153,67,283,164,193,87,103,62,89,101,39,55,25,30,159,94,84,45,121,46,177,72,235,77,258,94,284,154,217,73,41,37,106,47,37,33,82,40,78,44,78,38,39,38,10,18,2746,350,101,50,198,108,192,102,105,84,85,62,0,19,55,82,21,24,107,49,164,70,318,153,157,57,256,92,202,93,243,83,58,40,56,38,125,50,25,29,180,69,74,48,10,15,14,22
25017331300,1400000US25017331300,7175,813,3735,558,290,251,173,114,312,161,247,118,96,69,28,44,41,40,291,124,167,78,230,140,213,120,195,101,140,78,140,95,388,159,141,94,96,57,55,45,149,96,190,88,73,70,43,40,37,39,3440,401,296,261,100,61,146,94,144,99,47,51,98,101,0,19,115,84,173,78,150,108,373,227,168,73,224,123,320,138,298,126,249,137,126,64,52,46,126,70,90,59,63,51,40,44,42,42
25017332100,1400000US25017332100,5851,634,2827,344,191,81,133,81,45,38,54,54,109,83,0,19,62,57,76,58,34,38,225,118,137,61,214,120,185,76,324,144,221,90,81,73,71,56,111,68,79,69,82,59,110,64,72,59,211,209,3024,373,68,49,331,126,236,134,81,73,53,53,61,91,0,19,0,19,83,58,140,95,129,63,194,83,238,98,293,118,129,69,135,71,154,96,56,53,123,94,108,83,279,147,83,75,50,48
25017332201,1400000US25017332201,2240,459,1048,238,52,40,22,19,89,43,27,24,21,28,0,14,26,28,96,44,51,39,74,43,26,21,52,28,51,28,31,28,45,31,24,31,32,25,24,30,51,29,225,211,13,15,9,15,7,10,1192,288,78,47,28,20,52,38,21,19,30,32,0,14,11,12,14,17,52,41,81,45,51,31,44,23,34,28,75,55,60,39,57,53,11,13,10,12,160,177,180,188,64,45,53,65,26,27
25017332202,1400000US25017332202,6841,783,3381,478,129,104,69,56,252,108,37,40,57,55,78,97,58,82,152,85,260,138,210,129,70,65,215,135,281,112,312,168,517,367,38,41,205,178,14,23,80,77,74,54,167,99,59,43,47,39,3460,441,73,63,241,135,114,98,52,52,27,44,39,42,0,19,198,133,304,131,237,102,211,106,219,129,170,81,253,138,252,107,238,246,194,156,49,44,130,74,133,68,181,111,85,61,60,65
25017332300,1400000US25017332300,7031,985,3491,651,236,161,323,305,199,127,63,54,114,76,0,19,83,85,89,81,206,112,254,114,384,323,251,119,221,135,133,83,225,98,0,19,112,71,82,62,82,69,202,106,61,47,99,125,72,55,3540,403,111,120,211,111,227,134,149,84,70,111,32,53,53,59,66,60,259,145,202,118,218,131,252,120,319,319,259,137,202,101,81,61,82,57,104,64,133,84,184,90,168,149,48,49,110,81
25017332401,1400000US25017332401,2502,369,1323,239,98,95,62,30,62,29,41,30,13,25,25,24,33,34,16,17,40,33,50,52,66,62,85,50,94,61,90,59,149,67,66,71,48,35,13,15,34,27,19,17,9,12,25,20,185,160,1179,181,23,20,14,16,68,37,46,30,0,14,8,12,27,34,67,47,35,49,35,40,44,28,62,33,87,56,76,37,115,54,109,120,36,27,5,8,42,21,50,40,44,32,58,59,128,59
25017332402,1400000US25017332402,1809,247,754,126,18,16,0,14,11,18,0,14,12,19,0,14,12,19,52,55,52,59,98,51,47,37,42,36,33,31,35,27,132,68,28,31,41,34,25,24,42,61,22,25,15,17,19,20,18,18,1055,204,56,40,0,14,11,17,0,14,15,24,0,14,42,68,70,63,69,38,82,80,84,106,29,27,32,31,62,66,64,44,0,14,38,29,64,67,30,33,77,42,50,56,35,32,145,112
25017333100,1400000US25017333100,7458,709,3825,524,162,77,144,74,195,106,126,90,75,76,0,19,0,19,97,74,303,174,355,225,296,121,181,141,270,123,284,97,228,103,138,156,148,72,102,97,121,86,172,111,160,93,160,89,108,64,3633,449,147,108,156,108,79,47,153,103,0,19,45,58,0,19,198,151,224,150,164,103,293,110,239,114,274,124,220,110,150,87,132,80,214,105,187,122,49,44,230,101,120,64,171,80,188,104
25017333200,1400000US25017333200,5402,891,2761,582,44,45,107,67,151,103,199,152,135,106,23,37,124,120,266,191,161,139,244,120,82,77,160,61,117,90,272,140,119,78,39,41,160,83,20,30,66,76,181,93,17,28,25,27,49,44,2641,420,67,51,150,112,153,84,42,58,91,72,0,19,17,29,84,109,163,125,131,69,196,113,147,79,284,209,171,155,145,76,118,101,211,78,129,92,44,43,112,83,41,56,23,35,122,77
25017333300,1400000US25017333300,4233,571,1821,290,123,89,61,49,22,29,120,85,56,50,5,9,55,62,59,42,123,60,142,111,177,94,65,52,204,133,181,109,156,72,41,34,79,70,55,35,24,32,33,31,19,22,21,24,0,14,2412,427,135,78,91,79,201,144,60,57,113,105,33,43,41,49,46,42,221,133,260,102,258,85,87,80,160,97,156,108,119,66,10,10,82,58,38,34,94,80,92,62,42,40,14,18,59,54
25017333400,1400000US25017333400,6633,671,3109,416,12,22,121,107,77,60,81,61,112,132,0,19,51,51,191,165,330,180,208,87,277,161,258,149,208,136,140,94,423,200,103,73,119,73,120,96,19,30,60,50,49,39,41,37,109,97,3524,418,266,155,314,135,194,104,160,83,2,23,34,51,81,95,48,49,295,154,244,112,177,106,134,91,153,78,416,221,226,87,119,80,137,130,25,38,25,30,64,52,148,80,106,96,156,79
25017333501,1400000US25017333501,5131,513,2454,342,306,171,158,86,137,112,36,29,118,70,65,103,4,7,6,11,227,149,144,58,237,136,120,59,111,64,95,66,176,93,55,54,47,36,72,60,136,65,107,48,62,49,35,39,0,19,2677,282,82,62,176,84,154,106,198,161,18,21,39,47,27,29,19,25,204,150,134,52,262,121,151,75,159,96,78,66,248,108,44,44,133,103,129,77,95,51,141,101,60,44,97,67,29,34
25017333502,1400000US25017333502,3578,735,1624,361,36,30,82,46,9,17,148,72,8,13,135,169,13,20,135,117,102,68,96,63,115,71,217,117,129,78,85,51,122,69,0,14,38,36,14,19,37,30,28,27,41,32,14,19,20,19,1954,533,200,155,128,124,90,66,73,72,92,101,59,87,12,17,49,42,168,168,53,57,113,50,142,63,126,57,86,49,200,156,3,10,53,41,54,44,38,33,68,35,29,22,11,11,107,33
25017333601,1400000US25017333601,2251,370,1099,209,55,57,0,14,56,27,35,23,0,14,0,14,0,14,74,59,102,59,297,191,118,80,123,59,0,14,43,33,80,67,0,14,62,48,0,14,54,63,0,14,0,14,0,14,0,14,1152,271,30,36,23,38,61,27,8,14,26,37,0,14,26,38,115,84,208,156,95,55,129,78,66,46,85,63,13,21,67,51,7,13,8,13,0,14,39,63,44,70,29,37,34,38,39,60
25017333602,1400000US25017333602,7253,758,3671,410,163,126,144,127,276,144,20,34,121,130,32,50,24,32,324,206,482,208,358,140,156,132,231,134,293,200,272,141,183,101,69,62,187,206,21,34,96,79,129,105,64,50,9,15,17,27,3582,494,180,123,191,141,104,74,56,55,95,76,30,46,245,130,93,66,212,133,236,118,199,122,333,138,168,87,172,93,204,129,60,72,425,337,56,61,27,39,217,134,108,68,66,69,105,122
25017334100,1400000US25017334100,7037,749,3444,591,162,79,277,156,194,145,226,163,63,71,13,21,27,33,181,107,333,180,136,78,177,110,193,74,162,75,408,225,126,69,61,65,186,89,119,70,58,45,97,65,86,56,131,102,28,31,3593,341,153,96,121,62,423,163,143,82,30,36,35,39,17,26,156,114,114,92,147,88,154,78,221,70,207,113,285,125,210,99,74,65,264,102,95,63,110,70,164,85,285,130,77,56,108,75
25017334200,1400000US25017334200,4252,521,1976,274,103,51,115,67,216,125,34,31,53,46,0,14,25,23,9,12,32,25,62,38,236,78,128,63,173,101,170,81,108,63,107,101,109,94,32,26,66,50,84,42,42,29,19,19,53,51,2276,338,165,62,167,66,154,70,119,93,74,85,20,22,0,14,44,44,60,41,102,47,253,76,209,114,95,53,141,74,163,67,20,19,57,44,35,25,103,61,144,64,27,21,56,70,68,36
25017334300,1400000US25017334300,7560,624,3755,401,246,112,357,126,151,89,81,57,168,118,36,57,15,23,60,56,137,130,176,90,296,108,279,111,237,92,176,101,234,94,100,92,249,123,213,139,121,72,131,80,118,62,86,118,88,54,3805,381,209,85,210,114,218,91,258,104,0,19,47,56,0,19,51,50,154,88,189,92,252,86,297,99,208,99,271,90,126,68,195,104,208,80,57,60,148,76,273,158,211,132,40,38,183,94
25017334400,1400000US25017334400,6763,913,3202,621,211,105,260,169,220,172,68,47,0,19,7,15,13,23,120,109,276,102,225,118,142,89,78,64,262,190,182,92,251,134,167,84,119,79,200,95,55,52,173,153,114,64,24,31,35,40,3561,427,249,139,120,88,111,74,87,65,106,105,0,19,31,57,181,204,81,49,307,128,164,80,218,162,209,121,210,117,225,100,190,103,140,90,136,73,221,160,147,94,194,93,127,84,107,112
25017335100,1400000US25017335100,6215,581,3008,391,142,126,139,99,43,50,0,19,32,53,19,33,0,19,125,91,242,107,163,100,286,113,209,108,269,173,322,201,192,120,123,87,82,65,131,130,146,83,89,52,67,52,109,92,78,75,3207,346,141,84,212,125,295,174,37,56,70,65,0,19,0,19,180,130,298,128,177,90,167,86,207,105,325,201,99,91,196,91,106,75,56,53,97,73,84,54,102,76,137,107,152,105,69,62
25017335200,1400000US25017335200,6589,671,3241,500,264,185,264,133,133,104,176,123,0,19,16,22,0,19,101,67,214,135,187,112,257,194,301,91,183,102,227,144,124,73,74,63,149,83,137,79,34,38,159,91,138,134,49,44,54,54,3348,337,219,115,208,104,216,123,41,48,0,19,18,28,12,20,55,48,220,127,338,209,212,85,282,143,138,102,200,100,180,80,130,68,167,74,23,30,95,74,192,107,221,129,63,55,118,61
25017335301,1400000US25017335301,4537,589,2382,386,191,101,134,125,172,78,62,52,63,47,0,14,15,24,100,115,189,154,183,90,149,75,102,50,78,50,309,141,189,93,40,31,54,39,123,80,78,49,39,36,54,33,48,35,10,12,2155,261,123,71,132,88,8,14,46,37,23,30,28,32,0,14,11,17,285,118,196,89,144,61,118,48,162,128,126,62,113,53,91,51,82,39,77,48,91,66,52,34,70,37,67,43,110,50
25017335302,1400000US25017335302,5054,624,2644,489,158,68,71,48,132,89,324,348,60,63,18,26,0,19,74,66,151,81,68,45,175,59,333,122,56,52,144,81,182,102,82,85,165,82,39,40,132,58,78,45,134,121,29,32,39,35,2410,251,155,68,177,86,50,35,34,38,61,61,0,19,13,24,67,58,60,52,168,65,230,72,107,70,94,56,153,72,354,173,90,60,52,44,125,68,84,54,125,58,55,47,84,107,72,51
25017335400,1400000US25017335400,5398,443,2648,270,231,114,135,68,201,88,83,69,43,37,0,19,74,37,94,51,93,59,160,93,221,88,179,55,160,75,117,56,164,74,77,42,164,77,16,20,130,79,163,71,37,27,55,45,51,34,2750,252,118,51,129,53,104,54,51,32,47,49,0,19,30,32,168,125,111,68,290,122,201,65,200,63,88,44,246,85,157,59,154,84,199,100,30,28,100,44,161,75,35,25,75,43,56,37
25017336100,1400000US25017336100,5684,627,2626,544,96,67,226,248,118,77,117,76,23,39,0,19,0,19,18,29,141,91,119,69,158,78,212,160,382,246,249,115,203,136,33,43,106,68,17,27,108,62,70,54,153,143,59,42,18,23,3058,360,125,79,277,149,47,54,93,65,85,104,0,19,72,89,0,19,102,63,190,76,44,43,372,140,98,67,261,227,199,89,175,110,124,75,65,52,104,73,243,149,103,74,160,115,119,103
25017336201,1400000US25017336201,2958,457,1389,280,52,36,64,48,120,62,8,13,37,38,0,14,0,14,50,46,10,17,26,27,59,38,66,44,101,48,145,157,268,161,38,30,56,42,16,25,66,45,76,103,71,66,36,33,24,27,1569,210,39,42,103,63,57,41,110,59,0,14,0,14,0,14,74,39,14,22,41,30,102,59,86,43,118,62,255,130,91,41,9,16,30,34,51,40,51,45,59,97,103,83,67,70,109,102
25017336202,1400000US25017336202,3223,474,1531,270,74,51,85,38,58,45,79,53,13,22,31,46,0,14,0,14,27,31,50,40,185,97,70,38,95,52,157,76,101,60,48,57,29,25,15,21,58,44,73,61,44,36,206,145,33,33,1692,345,174,185,101,55,97,39,39,32,35,38,0,14,16,25,36,35,44,48,36,31,216,122,74,43,62,43,182,63,44,29,106,71,46,33,14,21,44,41,56,49,90,84,53,43,127,70
25017336300,1400000US25017336300,6916,743,3419,555,152,79,238,115,330,157,121,76,20,26,5,14,19,24,47,46,204,113,140,93,378,192,547,258,183,94,217,101,181,81,111,88,123,63,40,47,47,50,67,57,71,46,72,60,106,80,3497,402,253,160,348,128,163,112,104,81,57,44,0,19,44,49,86,63,28,28,73,53,320,148,357,114,302,156,199,99,340,122,82,58,37,35,105,87,59,53,139,62,177,96,141,72,83,55
25017336402,1400000US25017336402,5070,906,2358,470,104,75,52,58,144,68,82,64,233,186,0,19,40,60,110,79,85,66,265,170,157,112,228,122,81,54,233,169,148,76,40,53,26,28,18,27,15,25,184,105,50,51,0,19,63,55,2712,541,102,83,150,110,132,112,290,197,0,19,0,19,0,19,38,54,153,114,102,69,128,83,292,97,65,71,263,134,216,122,24,44,53,47,50,49,114,73,81,66,329,265,90,68,40,40
25017336403,1400000US25017336403,3344,499,1878,270,124,75,53,36,51,58,22,33,0,14,0,14,0,14,29,49,211,114,255,102,256,107,127,65,111,69,121,100,38,38,22,27,72,62,107,106,52,39,10,15,69,69,128,185,20,29,1466,276,67,55,61,59,64,68,43,48,0,14,0,14,0,14,55,44,129,53,308,84,111,51,80,60,38,45,85,65,0,14,26,28,47,39,21,33,69,83,107,80,134,145,21,23,0,14
25017336404,1400000US25017336404,2455,258,1336,205,24,27,56,47,58,43,64,70,139,104,0,14,13,23,0,14,42,43,123,81,142,73,126,84,19,31,87,66,113,81,20,23,117,63,17,23,30,40,131,77,9,15,0,14,6,13,1119,179,62,41,55,44,65,57,0,14,0,14,8,14,0,14,9,17,75,81,95,53,92,54,41,36,136,78,26,28,89,66,0,14,93,61,33,44,92,73,76,46,49,57,0,14,23,30
25017337101,1400000US25017337101,2907,257,1329,129,31,24,67,40,90,48,49,34,19,29,0,14,39,35,7,13,57,35,88,54,134,71,38,33,92,60,42,35,134,75,62,34,51,36,76,57,47,36,67,36,82,36,12,20,45,32,1578,227,55,41,49,42,84,56,36,33,32,38,59,64,0,14,90,50,44,33,116,69,114,64,89,39,38,38,75,57,185,77,44,36,119,63,0,14,47,39,123,61,53,37,68,49,58,60
25017337102,1400000US25017337102,5693,768,2691,391,216,141,157,84,224,195,30,44,0,19,0,19,0,19,64,85,122,88,124,85,292,151,133,83,312,114,92,70,135,95,170,144,85,71,132,88,31,50,137,96,109,71,39,43,87,70,3002,498,345,216,164,97,187,186,108,110,25,41,0,19,0,19,135,112,188,113,174,109,194,101,328,160,193,80,101,81,183,99,28,39,120,85,51,40,44,49,189,93,82,62,75,59,88,57
25017337201,1400000US25017337201,3317,435,1675,337,69,65,206,194,77,55,56,47,0,14,0,14,0,14,0,14,125,73,42,33,172,71,159,89,157,88,110,67,88,83,30,28,62,44,47,34,8,13,105,49,52,38,51,38,59,35,1642,265,22,23,71,42,105,70,53,55,32,45,0,14,27,38,0,14,158,78,41,39,115,74,187,78,170,78,103,71,69,43,45,36,62,43,20,21,64,40,86,37,69,43,41,30,102,63
25017337202,1400000US25017337202,4935,577,2272,302,164,112,293,143,0,14,68,65,22,37,0,14,0,14,128,94,86,69,169,89,207,120,123,64,160,93,83,74,260,115,8,13,71,62,27,32,27,32,114,79,99,74,98,78,65,68,2663,427,249,141,89,74,179,126,0,14,24,41,0,14,16,28,94,99,162,182,119,83,326,124,203,116,78,86,168,96,128,74,72,81,61,50,13,21,84,66,166,106,197,129,95,67,140,134
25017337300,1400000US25017337300,6503,635,3139,395,170,108,152,122,256,181,53,52,43,52,0,19,0,19,79,55,300,173,278,150,271,118,339,187,177,96,127,87,121,75,90,66,176,116,55,58,204,121,37,42,45,40,59,49,107,135,3364,454,124,93,192,89,121,86,188,114,0,19,20,32,0,19,104,94,311,165,321,136,190,104,237,158,280,132,154,73,210,89,131,108,104,94,57,53,123,76,171,146,110,62,89,58,127,117
25017338100,1400000US25017338100,3471,403,1616,173,21,23,21,21,235,90,157,65,20,24,21,30,9,11,12,16,90,49,37,26,110,67,180,98,138,70,112,51,129,64,21,24,63,56,7,11,65,50,105,52,39,27,5,8,19,21,1855,324,144,113,154,111,185,92,83,45,41,50,0,14,5,10,16,19,39,30,82,63,111,65,143,94,178,68,90,39,93,58,66,47,65,55,39,27,39,34,99,48,55,38,109,136,19,21
25017338200,1400000US25017338200,4290,404,1989,195,90,53,184,79,120,60,138,59,26,39,12,19,5,11,70,62,72,54,193,82,100,45,262,137,190,78,122,56,87,48,73,48,45,33,15,15,31,31,72,56,47,40,4,7,31,28,2301,382,130,66,103,51,184,76,64,39,30,35,14,22,25,40,69,99,68,48,171,62,222,116,155,55,248,118,122,64,114,60,72,69,45,40,105,70,87,48,79,44,36,36,60,59,98,57
25017338300,1400000US25017338300,3459,332,1549,201,39,42,174,86,109,55,106,46,7,12,0,14,9,14,30,43,20,23,53,35,16,24,192,32,91,49,179,88,122,55,19,23,65,53,48,47,32,28,94,66,57,43,42,69,45,42,1910,286,112,50,82,52,198,110,74,49,8,13,27,34,0,14,25,32,15,16,23,24,163,56,133,95,79,58,212,104,160,66,43,35,39,33,0,14,23,24,96,46,173,149,50,43,175,74
25017338400,1400000US25017338400,6004,482,2991,308,83,50,249,99,207,116,207,101,40,58,51,61,0,19,55,51,149,139,50,34,130,99,213,69,329,112,264,119,236,116,43,50,39,38,47,45,110,74,192,91,90,64,128,67,79,98,3013,332,141,78,158,75,335,141,131,69,37,49,19,27,50,59,55,45,59,51,125,100,150,66,145,64,341,111,187,104,246,105,105,72,38,40,39,43,147,103,208,80,100,53,64,67,133,84
25017338500,1400000US25017338500,6182,612,2822,321,282,129,283,119,90,63,137,91,164,101,17,27,1,2,0,19,41,29,91,72,358,129,131,47,211,81,215,172,261,100,88,57,119,77,84,57,41,43,71,50,14,17,59,31,64,81,3360,408,257,139,339,192,326,135,322,116,77,62,73,59,0,19,38,44,0,19,68,40,407,144,112,59,176,81,237,80,286,105,37,38,168,87,51,50,46,33,120,66,81,42,117,112,22,26
25017339101,1400000US25017339101,3191,365,1416,314,22,26,46,34,28,33,0,14,6,13,0,14,0,14,29,30,92,90,163,87,158,198,87,54,179,158,96,79,72,73,11,21,108,58,14,17,47,41,159,104,24,24,20,24,55,40,1775,268,78,60,91,56,27,23,15,25,103,95,0,14,0,14,21,24,166,91,209,97,75,43,24,27,42,32,94,74,59,63,72,62,80,51,116,132,46,39,174,95,35,33,93,67,155,75
25017339102,1400000US25017339102,3371,404,1514,218,79,55,115,73,85,87,25,30,20,32,0,14,0,14,19,31,62,44,58,49,83,44,131,90,117,62,77,64,148,55,83,54,56,47,66,55,110,64,44,32,69,44,22,24,45,48,1857,271,93,60,46,39,166,106,26,40,35,41,62,63,0,14,6,11,168,85,76,47,78,39,127,94,168,76,80,46,110,61,79,52,78,56,27,26,80,51,108,65,77,53,94,54,73,29
25017339200,1400000US25017339200,5614,621,2700,407,92,77,60,63,133,83,90,71,32,39,24,41,0,19,74,54,153,127,297,181,224,107,210,123,184,126,365,155,148,94,31,32,74,60,22,28,193,210,77,47,67,46,61,49,89,70,2914,350,111,69,77,60,85,67,101,91,108,102,22,27,35,44,245,152,200,139,133,84,151,83,135,73,343,157,253,118,206,92,31,36,111,81,159,147,107,63,96,72,44,37,71,45,90,74
25017339300,1400000US25017339300,3142,430,1398,288,10,16,116,140,22,24,100,84,75,54,0,14,0,14,89,51,123,71,221,79,51,49,69,67,72,47,109,60,107,66,9,14,37,43,0,14,12,17,106,55,47,41,15,22,8,13,1744,254,43,36,22,24,110,49,19,25,138,96,0,14,56,78,89,76,103,66,111,58,101,47,149,93,142,71,138,65,76,57,22,24,45,34,52,57,83,56,85,57,33,32,54,45,73,40
25017339400,1400000US25017339400,3657,920,1910,494,11,17,34,36,53,45,17,24,35,40,15,18,36,34,127,90,517,283,233,174,94,52,110,68,54,45,78,47,205,207,7,11,54,38,31,25,8,13,114,86,34,54,36,36,7,11,1747,538,32,25,43,32,92,47,13,20,27,32,51,56,109,95,41,34,302,258,165,77,89,51,95,57,51,43,57,46,275,268,5,10,15,18,45,29,0,14,116,94,88,67,13,15,23,25
25017339500,1400000US25017339500,5440,509,2562,336,61,53,94,66,68,53,103,74,486,140,223,86,79,56,135,66,246,76,151,77,120,56,93,65,87,56,81,63,125,57,105,135,33,25,29,25,51,39,96,130,43,41,24,35,29,24,2878,361,35,32,37,41,68,49,24,30,690,165,213,98,97,71,286,185,180,92,180,127,114,53,112,63,86,45,156,68,41,37,21,22,171,202,131,126,44,30,41,30,42,49,63,55,46,34
25017339600,1400000US25017339600,5431,966,2849,637,0,19,69,59,35,40,44,50,0,19,0,19,145,123,350,224,546,331,470,210,142,102,256,180,340,320,0,19,131,94,37,41,131,107,0,19,27,38,113,91,0,19,0,19,13,22,2582,530,34,38,71,47,43,48,80,108,4,9,0,19,48,77,320,237,431,169,339,149,260,144,210,146,47,49,51,52,128,85,86,84,117,109,31,37,15,28,125,111,6,10,112,109,24,28
25017339700,1400000US25017339700,3807,418,1747,279,145,53,12,18,74,67,0,14,41,57,0,14,0,14,83,69,238,113,214,103,233,71,102,114,135,68,125,86,67,75,32,38,47,38,0,14,19,29,101,100,6,14,25,25,48,54,2060,315,36,38,0,14,95,76,20,30,7,12,0,14,31,29,320,141,324,139,259,80,51,32,30,27,171,83,116,78,47,35,21,38,43,38,7,11,144,149,168,69,65,84,21,21,84,78
25017339802,1400000US25017339802,4757,568,1738,316,93,82,15,28,39,51,31,39,102,153,0,14,11,20,0,14,122,68,305,123,90,72,198,95,295,217,96,63,30,36,18,28,93,96,39,40,38,37,57,62,0,14,53,62,13,23,3019,412,252,131,146,118,155,85,140,145,188,130,0,14,12,36,159,176,326,177,369,150,120,86,262,99,116,88,155,123,104,63,44,41,29,34,18,48,104,98,175,116,70,53,62,55,13,21
25017339803,1400000US25017339803,3699,634,1905,317,89,66,0,14,0,14,77,75,0,14,0,14,0,14,179,124,389,162,433,175,430,204,12,20,15,24,73,78,63,49,0,14,32,34,17,28,15,26,0,14,81,62,0,14,0,14,1794,459,24,31,0,14,0,14,33,36,12,19,11,20,0,14,152,94,478,226,413,209,129,55,90,57,40,48,125,64,0,14,121,173,29,32,0,14,11,18,110,61,0,14,0,14,16,24
25017339804,1400000US25017339804,2733,581,1432,350,50,42,90,122,42,34,71,107,84,58,0,14,0,14,39,31,144,78,219,133,46,37,122,75,74,80,68,34,127,95,97,113,5,8,51,65,8,13,50,43,7,11,33,30,5,10,1301,302,86,73,20,22,15,23,8,19,7,11,0,14,13,20,90,89,250,95,39,34,106,153,147,119,95,78,133,62,24,24,71,98,17,20,11,20,8,13,53,31,51,56,6,10,51,65
25017339900,1400000US25017339900,5221,831,2328,402,109,81,143,147,67,58,169,149,21,31,16,26,46,76,225,157,195,108,221,100,199,105,163,79,81,56,104,68,207,140,143,128,17,25,66,56,0,19,29,38,65,65,19,30,23,36,2893,516,144,75,240,268,49,48,30,37,180,159,13,19,78,69,92,63,153,109,423,148,145,69,192,107,232,154,148,90,253,168,31,37,69,78,29,45,100,70,147,110,34,37,52,62,59,52
25017340000,1400000US25017340000,2707,471,1457,341,144,113,64,52,93,83,41,51,12,20,0,14,0,14,117,85,218,128,184,90,105,90,149,86,16,25,25,41,15,26,52,53,77,77,41,44,64,65,13,22,4,6,12,18,11,18,1250,228,12,18,37,38,35,41,47,73,26,41,0,14,0,14,16,26,285,144,247,132,102,50,52,47,47,58,57,42,79,61,0,14,22,29,11,18,23,26,29,29,38,39,11,18,74,57
25017340100,1400000US25017340100,6584,786,3356,502,24,27,135,96,151,101,113,104,120,76,0,19,70,53,22,30,207,173,369,147,225,112,370,164,241,146,312,135,243,176,105,68,90,64,71,65,63,51,206,104,64,58,29,25,126,105,3228,415,99,97,183,111,202,125,48,58,56,59,53,50,36,48,0,19,199,117,243,132,257,105,265,162,333,150,138,71,424,266,25,30,83,57,62,59,56,55,132,90,104,89,41,36,189,111
25017341101,1400000US25017341101,3819,601,2023,416,46,53,192,143,20,23,87,60,0,14,0,14,7,11,112,85,257,183,137,80,205,94,119,84,89,52,75,47,262,196,50,39,48,40,64,51,90,72,57,32,57,36,49,35,0,14,1796,261,58,60,76,53,90,54,29,38,30,33,0,14,0,14,32,34,166,82,167,78,124,39,204,106,85,54,85,57,199,180,71,51,62,41,33,29,89,56,69,37,22,19,24,23,81,50
25017341102,1400000US25017341102,5739,914,3148,737,153,104,66,56,198,277,174,147,0,19,38,43,0,19,364,214,550,428,178,99,220,109,135,94,198,111,361,281,59,59,54,54,0,19,175,144,110,91,76,64,21,20,1,2,17,28,2591,393,132,124,47,38,61,63,77,79,0,19,0,19,146,79,245,150,161,126,235,124,333,163,187,92,75,59,249,300,63,61,49,58,156,78,65,76,78,71,66,70,81,66,65,74,20,35
25017341200,1400000US25017341200,6569,1059,3281,691,34,48,276,147,186,145,47,63,135,116,172,233,0,19,188,162,329,260,255,128,478,263,143,117,203,134,345,265,193,103,17,32,56,60,41,41,106,87,13,23,31,53,12,20,21,33,3288,539,128,86,215,202,282,203,115,95,67,83,0,19,18,33,39,48,205,130,146,69,240,168,304,173,305,215,103,74,190,133,58,55,126,94,98,87,189,120,27,36,172,210,194,153,67,56
25017341301,1400000US25017341301,4305,567,2334,318,49,49,92,65,72,60,17,28,9,17,37,59,0,14,84,71,509,195,540,257,206,113,94,66,206,133,53,54,50,49,88,110,17,27,4,14,6,11,76,95,95,88,0,14,30,32,1971,378,182,160,36,39,34,37,80,94,0,14,0,14,30,34,146,110,338,138,362,226,238,123,80,80,82,78,15,25,65,39,0,14,32,38,83,106,32,36,121,111,15,24,0,14,0,14
25017341302,1400000US25017341302,2598,679,1295,392,24,23,83,47,22,31,49,41,0,14,1,11,0,14,44,42,129,71,222,119,39,32,80,52,29,30,96,71,296,376,18,24,7,11,76,98,1,2,59,29,9,14,0,14,11,17,1303,344,26,35,4,9,55,43,36,34,16,23,0,14,26,38,7,11,213,100,29,27,132,58,70,42,145,70,23,25,256,348,18,27,67,91,11,18,44,30,58,37,27,25,15,17,25,30
25017341400,1400000US25017341400,6908,1025,3232,562,352,152,155,200,57,74,0,19,0,19,27,45,7,15,95,101,287,159,842,315,361,199,188,145,241,133,96,70,87,83,54,52,121,133,15,26,138,109,10,20,48,64,41,55,10,18,3676,557,209,121,269,137,146,85,55,71,24,39,97,107,0,19,29,40,623,334,468,163,191,127,388,237,137,92,114,101,198,104,82,108,5,17,108,104,123,100,187,126,148,118,47,47,28,32
25017341500,1400000US25017341500,5016,746,2589,445,188,98,69,54,112,71,343,197,26,30,13,18,24,24,72,49,358,142,252,91,72,41,179,97,242,125,146,67,121,84,27,25,82,68,10,18,37,57,145,107,37,28,34,38,0,19,2427,376,153,81,149,104,44,39,57,60,54,43,30,34,42,40,105,75,189,81,132,62,228,89,208,143,299,117,106,71,105,78,55,41,71,58,11,18,71,70,130,73,69,73,30,26,89,81
25017341600,1400000US25017341600,6585,868,3174,480,263,205,43,48,230,144,2,3,43,44,16,26,22,36,185,131,283,163,465,211,166,102,81,70,218,121,225,164,258,109,57,47,115,86,78,94,130,87,120,124,56,73,19,31,99,93,3411,665,123,103,50,52,147,169,249,259,39,42,0,19,14,22,168,163,314,157,217,89,321,130,161,94,191,200,327,135,193,79,125,105,81,57,79,61,38,31,141,94,52,61,39,41,342,193
25017341700,1400000US25017341700,6059,896,2770,423,131,106,310,225,141,113,56,65,127,101,60,70,42,63,165,153,134,88,150,83,128,82,257,128,149,102,313,168,162,140,57,50,42,47,20,32,109,73,167,98,30,36,20,29,0,19,3289,676,183,185,256,252,283,147,194,136,10,15,57,64,40,45,21,33,299,187,121,70,399,152,260,127,205,132,390,239,95,58,83,108,38,43,0,19,96,87,64,51,131,98,52,48,12,17
25017341800,1400000US25017341800,6256,819,3414,579,119,113,276,167,367,219,0,19,143,133,240,274,186,202,45,57,239,115,134,106,165,121,174,117,199,169,396,236,219,178,88,90,94,104,112,81,38,45,135,123,0,19,25,33,20,34,2842,453,121,115,133,112,101,97,91,100,86,90,0,19,88,86,106,91,186,117,311,162,202,118,227,123,171,139,276,153,193,156,71,68,134,103,24,38,43,54,24,42,49,65,156,148,49,45
25017341901,1400000US25017341901,1188,150,565,98,28,26,66,40,6,9,19,17,3,5,34,36,4,7,10,13,19,22,69,43,22,18,76,35,13,16,40,22,35,23,17,17,22,18,12,13,22,27,3,5,31,22,0,14,14,15,623,94,25,18,66,40,10,16,0,14,14,16,0,14,0,14,27,22,47,25,68,27,16,14,57,27,44,30,38,27,60,20,13,14,34,25,15,17,19,27,37,27,3,6,15,19,15,19
25017341903,1400000US25017341903,7587,984,4304,788,800,459,131,101,32,59,60,88,52,60,146,192,0,19,314,268,577,213,678,264,383,209,165,168,84,83,244,148,233,219,76,84,96,101,26,33,78,64,82,66,24,31,23,27,0,19,3283,440,64,57,9,20,92,85,12,20,0,19,65,62,52,59,151,128,664,180,677,259,250,148,146,119,304,258,239,157,64,74,20,33,79,64,66,58,89,55,98,70,99,83,26,42,17,27
25017341904,1400000US25017341904,3277,533,1342,284,56,50,35,36,19,40,72,62,6,35,0,14,29,35,148,105,117,90,117,75,81,61,63,54,39,53,132,117,217,117,53,42,43,34,33,39,16,22,21,32,33,52,12,3,0,14,1935,323,80,85,89,85,271,121,64,47,1,7,10,15,9,15,72,100,216,150,71,53,139,63,36,49,166,97,117,83,151,78,85,45,20,23,77,80,0,14,26,31,55,38,69,60,111,90
25017342101,1400000US25017342101,5566,844,3018,550,325,135,375,197,156,119,35,31,21,26,0,19,42,35,61,46,290,156,359,207,360,238,81,61,213,126,260,132,113,87,0,19,73,57,6,11,47,41,119,66,0,19,64,56,18,29,2548,436,183,182,106,82,68,56,70,66,83,96,0,19,26,34,168,112,264,148,396,213,118,65,79,61,189,131,164,99,154,87,50,45,59,44,29,26,29,38,136,118,57,34,39,43,81,60
25017342102,1400000US25017342102,4954,656,2909,552,117,129,327,190,114,77,258,129,187,136,51,54,0,14,21,21,362,199,247,140,115,76,122,77,133,74,151,89,338,202,37,34,85,65,49,79,23,21,59,44,51,40,34,49,28,32,2045,302,12,18,113,91,158,101,55,65,22,35,7,13,17,20,92,63,172,95,115,98,137,65,183,99,79,50,213,98,201,84,52,61,56,63,23,26,124,83,39,36,72,55,29,27,74,58
25017342201,1400000US25017342201,5653,1210,3116,935,185,214,447,215,105,117,70,80,196,160,30,58,0,19,210,145,369,382,208,192,286,205,275,148,97,80,148,127,137,124,5,12,111,112,0,19,26,38,80,90,5,9,111,87,15,37,2537,568,147,152,106,137,62,69,120,130,0,19,31,49,24,36,169,201,363,221,358,261,294,126,60,89,138,91,155,104,168,76,42,50,29,44,10,24,46,60,67,73,38,44,88,54,22,34
25017342202,1400000US25017342202,4258,495,2322,319,163,105,137,96,110,75,50,42,48,63,37,35,18,23,153,82,181,79,153,87,218,99,94,61,153,101,122,88,234,149,86,74,73,62,23,32,83,64,87,52,10,17,46,36,43,51,1936,304,18,34,27,37,67,70,109,68,0,14,45,49,0,14,64,69,243,128,108,75,52,43,121,78,140,94,280,149,97,63,47,47,161,101,68,57,19,22,51,44,43,38,83,59,93,57
25017342301,1400000US25017342301,3652,1078,1831,767,358,350,30,34,192,232,194,126,0,14,0,14,13,19,78,69,202,94,47,56,210,141,162,147,38,46,82,70,27,32,0,14,18,27,0,14,9,15,60,56,68,68,14,22,29,27,1821,404,63,58,226,213,28,45,23,27,105,138,9,17,141,138,13,22,114,74,138,109,155,92,102,76,73,68,48,40,143,98,96,77,84,72,43,41,10,15,86,76,26,36,50,54,45,46
25017342302,1400000US25017342302,3972,599,2204,437,153,89,126,96,158,107,99,66,122,118,0,14,31,37,21,25,199,122,245,173,344,159,165,124,103,95,140,117,104,109,31,35,9,16,14,23,42,32,31,38,19,30,14,23,34,38,1768,304,31,38,38,63,37,34,1,11,38,46,0,14,50,61,36,43,145,106,226,122,116,64,91,76,267,129,211,150,202,156,0,14,13,20,85,53,30,35,34,43,15,23,60,43,42,62
25017342401,1400000US25017342401,3678,760,1734,452,67,66,64,65,147,87,31,49,13,22,0,14,0,14,48,59,201,170,120,91,109,83,57,47,124,100,63,59,251,152,33,40,43,52,67,52,52,49,139,126,4,7,91,70,10,17,1944,399,56,74,150,100,65,73,68,77,0,14,11,19,0,14,19,30,138,96,288,200,125,80,130,104,151,106,126,135,115,61,123,105,35,55,38,33,36,37,127,104,70,53,22,23,51,48
25017342402,1400000US25017342402,4542,900,2680,647,180,105,94,77,188,164,20,24,11,20,0,14,13,23,111,88,323,149,467,282,608,351,168,78,112,120,100,128,70,70,11,16,70,65,28,24,24,26,74,77,0,14,8,13,0,14,1862,531,145,119,53,72,212,192,76,100,11,17,0,14,9,16,142,76,170,92,307,120,272,163,96,60,23,28,12,19,36,49,72,47,42,30,15,25,0,14,56,71,9,18,96,72,8,12
25017342501,1400000US25017342501,4228,587,2210,342,159,130,147,114,144,109,83,68,43,31,0,14,0,14,75,55,128,100,175,109,373,147,156,100,157,94,61,55,191,71,0,14,89,60,31,32,11,18,77,47,52,65,52,45,6,13,2018,317,207,101,75,52,128,88,40,49,51,77,17,30,12,20,112,128,113,70,98,63,218,94,201,126,118,64,99,64,107,82,73,52,40,53,92,72,42,40,55,45,54,46,55,47,11,18
25017342502,1400000US25017342502,3581,1039,1716,563,120,90,0,14,0,14,103,103,0,14,69,95,0,14,40,59,585,334,70,60,41,65,74,77,74,87,157,120,245,187,20,37,31,39,0,14,25,39,55,60,7,13,0,14,0,14,1865,599,120,93,55,70,113,98,44,69,157,183,0,14,35,49,104,71,98,83,156,120,57,89,0,14,323,269,285,250,208,236,7,16,10,15,36,42,0,14,19,20,5,8,11,18,22,35
25017342600,1400000US25017342600,5961,811,3115,435,178,113,258,126,241,122,203,107,93,87,44,22,51,61,82,59,200,107,247,106,213,114,278,135,251,176,274,160,99,83,46,55,75,52,37,35,25,24,160,132,37,55,0,19,23,28,2846,453,146,91,116,110,258,111,220,145,10,18,71,93,12,19,190,103,131,76,315,136,100,111,309,142,69,82,171,111,216,100,0,19,124,89,140,149,44,47,139,63,0,19,12,19,53,46
25017350105,1400000US25017350105,1211,150,646,103,24,14,0,14,19,19,25,19,9,11,0,14,4,8,35,27,112,64,128,38,26,19,42,31,32,19,11,12,27,22,8,9,55,36,4,6,0,14,53,40,13,20,10,10,9,14,565,96,5,9,8,8,9,12,2,5,0,14,0,14,0,14,19,24,114,59,91,35,46,25,16,15,11,11,12,12,32,27,16,14,28,23,18,21,5,9,46,44,10,12,15,14,62,39
25017350106,1400000US25017350106,2073,226,1078,141,44,32,0,14,0,14,0,14,15,16,2,4,0,14,72,41,396,124,206,89,130,66,59,39,38,28,3,12,56,55,8,12,12,16,11,17,8,14,2,3,0,14,0,14,16,17,995,140,14,22,6,9,22,22,0,14,0,14,11,19,8,13,201,99,281,69,204,98,100,50,48,33,1,6,30,27,0,14,19,23,3,9,22,24,8,14,17,17,0,14,0,14,0,14
25017350107,1400000US25017350107,1150,266,638,148,53,41,48,23,40,20,2,10,49,53,0,14,0,14,23,23,113,82,42,44,102,46,56,40,28,29,15,22,0,14,25,35,16,22,0,14,0,14,26,26,0,14,0,14,0,14,512,161,69,59,0,14,28,35,41,48,0,14,12,18,0,14,55,63,66,45,53,19,60,47,5,10,0,14,46,27,23,31,0,14,0,14,20,14,19,24,3,6,0,14,0,14,12,14
25017350108,1400000US25017350108,3767,535,1710,292,232,112,121,105,52,53,74,71,33,42,10,19,0,14,54,50,263,110,122,63,172,106,174,151,73,62,76,68,67,58,0,14,0,14,97,89,15,20,36,31,12,19,0,14,27,29,2057,363,4,18,125,102,58,73,70,79,0,14,0,14,0,14,184,135,318,140,119,65,237,108,87,65,294,165,115,102,164,122,0,14,71,69,22,24,43,52,107,83,27,26,12,21,0,14
25017350109,1400000US25017350109,2472,643,1530,461,29,30,56,90,29,32,11,13,0,14,0,14,16,23,261,163,293,234,237,160,96,72,71,43,70,54,58,52,71,62,0,14,41,35,87,106,60,55,44,42,0,14,0,14,0,14,942,292,14,21,0,14,20,17,12,15,0,14,0,14,1,7,39,35,120,80,85,51,62,55,58,35,73,39,60,55,45,32,12,20,27,25,5,8,39,43,22,18,116,174,85,124,47,121
25017350201,1400000US25017350201,2860,564,1589,402,66,59,0,14,0,14,13,24,0,14,0,14,50,43,92,94,519,248,148,81,172,119,93,77,26,30,118,158,87,73,33,40,0,14,18,27,44,44,44,44,34,30,9,15,23,32,1271,280,122,53,85,34,12,30,0,14,0,14,0,14,0,14,86,106,261,153,262,112,52,42,35,42,0,14,0,14,132,158,0,14,18,26,0,14,72,49,33,46,43,47,20,33,38,60
25017350202,1400000US25017350202,4201,611,2054,381,89,66,103,75,129,197,61,48,55,55,43,66,11,15,5,12,331,133,335,174,215,104,164,83,102,81,86,60,92,94,25,28,89,53,29,45,61,57,19,26,10,15,0,14,0,14,2147,342,110,73,53,47,131,134,16,26,39,51,0,14,17,29,214,117,351,122,199,80,131,88,203,113,68,49,124,86,148,68,63,51,47,40,0,14,69,77,119,65,17,26,10,16,18,27
25017350300,1400000US25017350300,2848,408,1361,210,81,51,71,55,16,24,8,12,18,29,15,24,0,14,11,20,327,103,169,74,183,69,95,55,58,42,121,73,51,49,6,9,42,26,23,25,26,30,23,31,5,9,12,19,0,14,1487,279,73,54,32,33,53,42,0,14,0,14,0,14,0,14,84,66,237,88,248,83,77,47,144,67,211,226,29,44,56,47,9,12,96,57,4,12,37,33,28,27,5,11,12,19,52,48
25017350400,1400000US25017350400,6102,964,2664,448,89,72,21,34,80,95,73,85,6,16,17,22,18,31,112,84,618,203,322,133,348,123,219,120,57,53,296,228,84,75,47,46,32,41,65,74,125,97,17,27,18,27,0,19,0,19,3438,758,213,94,43,45,0,19,0,19,145,203,9,20,0,19,489,322,777,279,521,172,330,90,114,99,267,170,188,200,0,19,92,72,94,72,12,28,20,30,31,38,0,19,42,65,51,77
25017350500,1400000US25017350500,1597,242,760,154,22,28,35,19,16,14,0,14,0,14,7,10,0,14,59,31,131,61,146,61,52,26,46,29,46,32,40,30,61,32,6,9,7,11,2,5,32,29,12,12,7,9,22,18,11,12,837,136,13,13,12,13,51,31,32,18,7,13,0,14,0,14,40,23,208,62,167,55,40,31,53,24,25,17,46,36,34,24,2,5,18,13,14,14,14,10,18,18,23,17,4,6,16,16
25017350600,1400000US25017350600,5144,363,2443,332,34,31,14,15,13,23,21,28,632,159,260,114,242,111,264,158,479,155,139,71,77,46,39,36,65,41,25,27,12,15,13,20,11,15,0,19,20,20,46,44,15,17,3,6,19,28,2701,256,62,45,22,30,34,34,7,14,829,170,370,138,218,93,264,124,281,107,211,82,103,49,53,36,15,21,19,17,15,18,0,19,53,49,43,32,20,22,16,19,51,37,3,6,12,19
25017350701,1400000US25017350701,2948,478,1603,430,49,43,0,14,48,36,0,14,17,24,19,31,104,87,32,48,233,192,294,101,145,74,124,82,277,360,47,36,32,35,5,9,39,41,0,14,26,28,54,43,48,45,10,16,0,14,1345,245,26,23,23,30,55,55,0,14,5,11,12,22,15,23,261,185,210,103,237,89,73,60,94,74,24,23,66,47,65,60,30,28,25,35,18,19,18,26,52,44,26,25,10,16,0,14
25017350702,1400000US25017350702,3238,422,1594,384,69,58,59,61,17,19,13,22,84,111,30,48,8,13,294,294,188,118,61,55,110,69,178,158,25,27,88,69,0,14,15,23,66,63,23,27,73,80,64,42,78,70,21,34,30,32,1644,263,10,16,96,61,44,59,0,14,0,14,32,36,35,41,128,172,173,108,140,87,144,93,119,73,27,28,13,20,107,70,0,14,88,89,52,67,130,95,142,89,82,80,23,27,59,52
25017350800,1400000US25017350800,1990,257,927,137,71,40,17,13,1,6,0,14,0,14,0,14,0,14,94,75,185,79,167,60,77,34,26,22,26,22,71,36,45,21,20,20,16,18,26,19,15,16,51,41,5,7,4,7,10,17,1063,185,69,45,9,14,5,9,0,14,0,14,0,14,11,17,77,34,412,120,168,55,89,45,49,32,5,8,8,10,31,16,0,14,37,19,11,15,54,58,8,10,4,8,0,14,16,17
25017350900,1400000US25017350900,3700,414,1934,272,119,82,19,18,77,65,59,54,21,34,0,14,13,19,138,74,511,125,227,98,189,65,174,90,125,83,36,27,78,53,48,45,25,28,4,8,0,14,27,28,32,28,12,19,0,14,1766,226,20,23,60,34,12,11,0,14,18,28,0,14,36,43,91,60,502,169,225,81,199,107,146,90,88,50,30,29,122,67,29,30,34,30,0,14,38,33,55,37,43,38,18,25,0,14
25017351001,1400000US25017351001,4114,660,1862,339,42,31,0,14,0,14,26,38,0,14,0,14,13,19,245,182,443,157,413,150,147,68,144,84,56,65,55,40,78,72,5,11,47,37,6,9,22,20,93,90,27,31,0,14,0,14,2252,516,97,68,50,53,23,25,0,14,14,30,0,14,3,6,297,180,600,202,531,374,152,78,156,141,36,41,14,18,64,68,36,32,48,61,6,9,29,34,9,15,31,28,39,61,17,27
25017351002,1400000US25017351002,2787,441,1336,338,33,34,63,57,16,24,0,14,0,14,0,14,0,14,57,49,360,307,221,81,194,66,149,86,61,44,41,36,56,43,0,14,6,15,0,14,0,14,25,38,31,32,23,26,0,14,1451,249,138,72,43,41,16,25,16,25,42,50,18,23,0,14,194,157,279,120,195,76,131,65,93,56,83,62,45,44,29,34,0,14,0,14,45,46,1,4,24,34,22,33,20,23,17,30
25017351101,1400000US25017351101,3230,425,1464,229,35,49,19,28,96,61,48,45,0,14,0,14,0,14,56,47,307,143,170,67,124,72,125,72,73,69,61,48,107,73,45,47,64,59,16,18,51,29,34,27,22,21,11,22,0,14,1766,350,40,45,49,43,35,36,0,14,0,14,23,36,0,14,155,142,352,162,250,101,146,71,82,55,19,26,110,67,75,59,20,27,134,70,40,36,27,32,39,28,75,43,29,28,66,65
25017351102,1400000US25017351102,2323,517,1038,215,38,25,24,20,10,15,0,14,0,14,6,11,0,14,62,42,276,186,205,93,52,39,102,81,34,25,44,30,6,10,7,12,43,50,14,18,19,21,75,63,16,21,5,8,0,14,1285,348,47,68,53,70,10,16,9,15,0,14,0,14,0,14,149,88,339,239,191,80,122,80,37,28,19,22,65,38,20,27,7,11,53,50,28,28,0,14,38,53,46,53,38,58,14,12
25017351203,1400000US25017351203,4318,619,2125,484,31,23,28,28,32,36,22,35,0,14,0,14,0,14,164,98,435,199,370,149,500,405,133,62,79,62,54,49,134,95,20,29,41,49,0,14,52,59,26,40,0,14,4,8,0,14,2193,403,87,63,49,48,0,14,37,39,22,36,19,30,0,14,197,107,625,298,362,108,182,82,151,89,89,75,137,100,59,52,86,80,0,14,31,39,17,27,33,54,10,17,0,14,0,14
25017351204,1400000US25017351204,3893,464,1752,292,57,46,8,14,61,57,0,14,66,96,66,65,33,50,70,47,386,169,336,102,179,74,84,47,72,51,84,55,146,78,0,14,20,22,33,30,21,22,5,11,18,27,7,10,0,14,2141,340,24,25,48,38,88,65,0,14,0,14,8,15,34,52,392,242,430,149,385,150,86,45,110,106,105,65,130,84,97,62,32,28,6,11,28,28,2,4,53,40,52,34,21,32,10,15
25017351300,1400000US25017351300,4442,714,2054,530,80,125,73,85,74,119,86,139,0,14,6,10,0,14,304,296,285,142,163,90,147,99,114,114,173,134,105,102,89,80,0,14,81,72,0,14,74,66,76,73,23,29,49,48,52,56,2388,376,46,47,32,51,93,85,66,63,0,14,0,14,0,14,230,140,571,217,310,122,250,132,80,84,128,103,153,116,46,55,26,36,38,46,24,27,62,56,129,69,72,61,0,14,32,39
25017351403,1400000US25017351403,3986,470,2047,263,57,34,85,82,7,13,48,52,14,21,1,6,0,14,80,59,442,169,275,111,224,103,134,114,119,108,55,39,112,74,0,14,44,36,86,78,63,66,73,58,118,95,10,16,0,14,1939,320,78,57,49,48,98,92,0,14,70,81,59,91,16,24,27,39,277,131,157,64,267,151,55,47,107,92,145,85,115,66,34,41,47,39,61,62,81,69,91,79,20,20,17,19,68,102
25017351404,1400000US25017351404,3716,392,2059,287,18,29,83,81,123,82,58,46,38,45,4,8,52,55,213,121,233,101,319,128,274,148,116,61,48,49,103,86,107,68,20,32,77,53,8,13,39,34,26,33,81,72,19,21,0,14,1657,256,92,68,30,44,0,14,26,34,8,15,0,14,129,100,138,100,231,81,162,116,185,75,67,58,150,67,31,45,102,58,15,22,88,80,23,45,32,27,83,49,25,36,30,47,10,15
25017351500,1400000US25017351500,2926,544,1392,304,83,74,61,50,37,61,0,14,0,14,0,14,12,18,57,51,214,95,373,136,129,87,63,71,33,54,102,104,63,54,9,16,70,82,0,14,16,20,21,24,49,44,0,14,0,14,1534,352,86,86,0,14,0,14,0,14,18,27,0,14,0,14,170,139,220,81,195,115,180,106,44,31,129,108,65,62,123,86,34,39,63,60,0,14,62,58,86,68,38,45,9,17,12,21
25017352101,1400000US25017352101,3401,400,1959,295,65,47,28,26,0,14,9,17,112,144,14,23,30,30,131,93,575,168,476,193,213,107,75,53,24,22,110,106,17,22,28,33,5,8,18,30,1,3,10,16,0,14,0,14,18,25,1442,265,46,40,0,14,9,17,30,32,90,36,44,33,28,33,186,93,286,111,226,112,143,78,74,60,104,65,81,75,9,13,0,14,0,14,29,34,18,27,2,3,15,26,0,14,22,30
25017352102,1400000US25017352102,2790,576,1340,469,100,96,11,18,0,14,18,24,10,18,0,14,42,69,121,89,256,146,122,70,167,89,90,82,46,60,69,38,120,62,9,14,29,25,0,14,30,25,30,27,44,28,4,9,22,20,1450,276,39,33,55,51,8,14,4,8,0,14,43,59,6,10,165,108,185,92,179,107,173,97,69,60,37,34,38,24,139,99,38,30,4,10,29,30,39,27,86,36,43,25,20,19,51,37
25017352200,1400000US25017352200,1894,365,792,141,18,23,6,9,9,13,10,15,0,14,0,14,0,14,55,61,144,71,185,70,74,50,26,27,22,21,38,48,20,22,21,34,38,45,26,32,22,20,20,29,40,52,6,10,12,19,1102,370,55,38,24,15,0,14,14,19,0,14,0,14,15,24,253,196,295,176,104,62,36,24,32,23,19,22,14,19,44,46,34,44,44,52,8,12,12,15,62,53,19,27,9,14,9,14
25017352300,1400000US25017352300,4877,679,2575,466,234,153,136,93,31,37,0,14,0,14,48,79,7,12,297,212,458,191,358,144,245,141,278,160,107,90,133,71,8,13,13,24,93,79,0,14,56,40,36,32,11,19,0,14,26,44,2302,372,134,123,43,37,14,23,101,101,21,33,25,32,9,14,45,38,447,171,454,167,218,108,251,136,55,46,137,63,0,14,64,47,76,57,37,38,66,53,51,49,29,34,25,33,0,14
25017352400,1400000US25017352400,1655,265,804,216,53,40,29,23,76,61,55,48,13,16,10,15,37,26,50,36,86,46,44,32,48,41,96,55,49,32,39,24,8,9,0,14,19,17,33,28,15,19,19,19,11,14,0,14,14,20,851,136,39,39,33,28,54,36,6,12,0,14,27,28,10,16,49,27,160,49,83,45,68,72,34,30,76,32,54,46,33,25,8,11,35,31,22,21,45,34,0,14,5,9,10,13,0,14
25017352500,1400000US25017352500,3166,468,1708,412,33,25,26,26,9,14,22,25,6,12,0,14,0,14,257,122,456,184,222,105,73,46,28,24,70,39,67,46,61,60,61,54,130,151,9,15,12,15,38,48,3,5,20,21,105,135,1458,224,24,26,13,17,43,43,21,25,40,61,25,39,23,34,254,137,325,126,197,99,64,50,39,33,34,28,43,35,91,61,5,8,83,70,41,40,33,27,31,23,19,21,10,16,0,14
25017352600,1400000US25017352600,2830,466,1135,194,36,38,60,46,0,14,0,14,0,14,35,55,45,39,71,56,273,98,136,62,131,70,127,82,65,43,0,14,47,48,11,18,14,25,11,17,26,21,27,29,7,13,0,14,13,19,1695,405,93,69,32,48,77,55,62,106,88,71,0,14,26,29,270,192,294,102,161,75,151,84,85,57,33,30,95,111,38,32,2,8,37,39,36,40,38,35,20,24,27,41,18,18,12,16
25017352700,1400000US25017352700,2044,426,1039,239,7,11,29,46,47,51,47,45,0,14,43,54,0,14,58,61,163,115,235,70,69,65,62,48,86,70,46,51,0,14,0,14,60,43,11,18,7,11,34,23,35,26,0,14,0,14,1005,249,79,62,28,45,76,65,0,14,0,14,0,14,0,14,95,71,203,133,169,82,56,52,48,44,80,64,23,30,10,20,44,47,0,14,11,16,43,30,11,14,0,14,12,15,17,20
25017352800,1400000US25017352800,1991,364,1031,258,26,28,49,39,37,56,9,14,0,14,0,14,0,14,43,40,202,72,145,60,103,71,88,46,66,43,57,38,43,40,31,45,34,39,5,9,13,14,21,25,47,42,12,15,0,14,960,153,30,24,27,25,25,26,36,36,0,14,0,14,24,27,115,54,178,73,91,50,49,35,72,28,41,32,7,11,22,15,20,26,97,63,0,14,40,27,24,20,25,22,37,31,0,14
25017352900,1400000US25017352900,3092,387,1500,258,57,49,174,62,88,81,0,14,55,55,0,14,0,14,44,39,218,123,206,76,95,62,75,41,98,53,54,42,40,43,48,33,31,41,81,98,26,40,0,14,67,47,14,16,29,32,1592,212,44,37,63,52,10,15,24,22,11,17,0,14,34,54,66,56,259,91,164,80,81,44,96,47,133,66,76,56,59,34,37,35,36,38,113,117,91,62,101,60,32,33,25,25,37,35
25017353000,1400000US25017353000,3117,413,1450,243,310,24,27,40,0,14,0,14,0,14,0,14,40,51,64,55,171,98,336,161,85,73,183,28,0,14,0,14,60,60,0,14,16,41,0,14,38,35,86,61,6,10,28,24,0,14,1667,263,28,41,0,14,0,14,0,14,0,14,0,14,35,57,182,130,215,110,389,174,256,71,68,52,0,14,40,37,92,64,59,48,22,27,52,40,33,35,69,42,68,46,12,20,47,55
25017353101,1400000US25017353101,3721,369,1933,342,104,116,0,14,0,14,0,14,82,70,59,50,30,29,162,80,377,153,221,86,244,115,139,124,117,101,65,50,41,53,11,19,63,51,0,14,0,14,76,79,19,33,123,30,0,14,1788,263,51,54,172,24,0,14,7,15,64,38,12,19,140,95,301,115,347,136,240,116,81,53,39,38,32,44,17,19,35,45,0,14,82,55,16,25,45,40,9,14,57,40,29,32,12,19
25017353102,1400000US25017353102,5848,154,3060,223,40,28,14,15,0,19,24,36,942,184,461,167,381,113,395,126,374,122,330,154,75,49,0,19,9,10,0,19,0,19,0,19,0,19,10,13,0,19,2,5,3,5,0,19,0,19,2788,242,32,22,11,10,0,19,48,43,1046,216,430,131,443,123,303,176,228,93,83,37,104,51,32,32,0,19,0,19,0,19,0,19,0,19,4,5,0,19,10,11,4,7,0,19,10,15
25017353200,1400000US25017353200,5368,444,3136,396,104,66,29,34,48,36,9,16,39,70,0,19,81,66,900,385,596,153,405,129,213,136,69,50,121,69,64,58,96,59,30,28,67,55,24,27,31,28,69,40,37,29,82,76,22,25,2232,386,40,40,46,44,107,82,69,40,94,95,36,55,20,24,267,173,319,134,189,84,221,84,98,56,41,32,157,94,116,68,36,23,57,67,60,49,46,69,73,75,61,39,55,63,24,27
25017353300,1400000US25017353300,3932,599,2028,316,53,37,117,61,64,38,12,17,0,14,12,19,23,37,167,128,232,130,322,114,155,73,135,64,133,94,137,99,102,81,23,26,130,128,17,19,26,26,67,45,36,27,65,56,0,14,1904,411,36,30,129,139,25,30,20,23,23,28,0,14,9,14,132,102,258,140,198,82,142,100,129,69,188,130,63,39,74,43,48,30,28,26,125,169,11,17,106,61,70,35,64,50,26,31
25017353600,1400000US25017353600,4824,453,2336,306,28,25,7,9,89,63,81,43,263,93,104,59,93,52,312,121,380,139,161,76,124,64,174,91,124,56,55,41,69,59,0,14,10,13,32,32,57,59,62,41,70,44,10,16,31,32,2488,301,63,33,5,7,47,42,34,37,386,125,147,66,184,121,284,143,338,146,215,110,107,58,76,47,66,38,79,54,74,51,60,80,19,18,22,24,93,57,84,45,18,16,59,46,28,25
25017353700,1400000US25017353700,5243,486,2572,299,17,17,22,24,0,19,157,115,715,171,200,89,197,87,155,101,281,134,166,63,94,54,56,46,22,20,141,83,93,79,19,22,9,13,41,38,68,46,53,44,0,19,18,20,48,55,2671,325,102,89,4,11,0,19,9,13,641,126,180,70,168,78,260,148,413,188,174,67,163,75,49,38,34,35,70,52,127,100,0,19,52,41,17,24,47,62,55,43,51,39,19,21,36,27
25017353800,1400000US25017353800,4490,703,2415,556,123,114,171,108,171,180,20,31,0,14,7,14,8,11,88,51,423,279,339,151,97,54,152,112,79,66,77,52,91,64,34,42,45,38,110,95,55,52,203,254,71,55,12,20,39,37,2075,309,40,30,30,29,0,14,29,35,19,32,0,14,12,19,206,115,438,160,336,132,282,212,160,101,93,73,17,28,88,92,30,34,68,66,19,28,33,30,91,72,28,27,33,34,23,31
25017353900,1400000US25017353900,5808,383,2693,255,50,43,37,32,0,19,0,19,471,200,491,162,398,135,417,156,263,84,245,125,135,72,81,60,25,26,0,19,10,15,0,19,0,19,0,19,8,20,32,29,30,43,0,19,0,19,3115,384,39,27,32,23,10,17,16,32,419,161,504,145,571,196,463,181,416,156,289,114,115,83,66,48,24,26,22,33,8,14,9,15,0,19,9,14,81,107,22,25,0,19,0,19,0,19
25017354000,1400000US25017354000,4869,553,2120,316,142,156,11,17,15,24,0,14,162,82,192,82,94,46,221,79,352,142,269,111,101,59,45,39,72,92,47,70,58,56,16,24,21,32,12,20,41,40,114,81,68,53,35,34,32,36,2749,363,121,104,18,28,93,139,20,25,172,90,177,76,175,77,375,170,577,151,248,98,183,121,139,75,0,14,59,46,21,26,67,52,6,14,35,36,41,39,81,51,82,46,40,38,19,29
25017354100,1400000US25017354100,2336,298,1188,184,29,29,15,19,73,69,31,40,106,71,21,29,21,29,55,45,178,77,108,58,44,28,53,43,68,60,61,42,30,32,32,37,2,4,18,22,3,7,59,47,66,55,47,33,68,54,1148,192,31,29,24,26,45,55,21,23,50,44,22,20,15,17,39,37,109,73,75,35,64,52,61,41,99,75,9,16,44,45,24,22,15,23,19,23,7,10,112,67,114,51,69,38,80,45
25017354200,1400000US25017354200,3395,481,1534,231,117,56,184,106,91,52,38,29,7,14,0,14,5,10,50,67,52,40,117,67,73,42,75,43,124,80,61,42,57,46,50,36,76,43,58,45,61,42,62,34,42,27,36,24,98,40,1861,350,176,154,98,72,92,71,42,30,0,14,0,14,0,14,86,70,91,54,73,42,91,58,146,68,71,46,52,35,65,38,36,30,103,64,88,59,266,180,136,80,71,37,18,19,60,41
25017354300,1400000US25017354300,3312,441,1658,299,78,69,101,59,118,75,85,67,10,13,4,11,0,14,69,63,138,88,18,22,181,81,142,72,163,86,51,38,127,75,13,19,36,34,69,57,53,55,164,90,16,14,16,20,6,6,1654,245,73,57,108,62,79,60,17,23,41,46,0,14,5,9,20,25,134,79,104,75,225,114,94,52,159,83,62,39,85,71,16,25,64,47,56,41,24,33,128,68,41,33,63,62,56,43
25017354400,1400000US25017354400,1924,235,947,192,66,36,35,28,74,46,59,58,8,11,0,14,6,9,51,51,31,22,55,32,110,44,24,18,104,49,85,67,40,23,40,38,21,21,30,18,17,15,49,25,22,16,18,15,2,5,977,151,26,23,22,19,30,23,29,24,0,14,0,14,7,10,67,48,96,70,54,31,122,49,61,39,73,40,44,22,69,35,42,28,13,18,25,18,36,19,52,41,71,26,28,18,10,11
25017354500,1400000US25017354500,1909,344,796,136,35,25,39,22,33,22,0,14,0,14,12,2,0,14,26,22,136,63,61,41,13,16,53,25,31,28,85,66,26,22,8,12,52,31,18,19,58,53,19,19,37,21,24,16,30,16,1113,239,33,24,41,21,97,71,95,87,0,14,0,14,15,17,63,33,108,46,99,45,61,30,58,31,86,71,27,24,51,27,6,10,65,58,17,17,26,18,43,25,43,21,40,35,39,23
25017354601,1400000US25017354601,1915,284,906,198,31,30,78,71,87,60,26,43,0,14,22,29,38,48,107,84,178,69,55,45,86,59,14,22,64,40,6,13,15,27,13,21,11,19,43,53,10,16,4,10,5,8,0,14,13,24,1009,142,0,14,14,23,34,37,19,25,1,10,0,14,0,14,240,130,47,44,131,71,69,55,69,61,49,59,69,44,25,30,0,14,11,15,4,8,58,61,41,43,47,34,21,27,60,46
25017354602,1400000US25017354602,4613,784,2388,582,77,70,251,205,278,223,39,56,0,14,12,25,30,48,56,48,159,100,169,109,375,213,205,76,168,94,35,40,64,57,70,47,64,75,98,91,38,39,108,85,69,43,14,23,9,14,2225,350,379,185,144,74,44,42,58,52,81,56,11,18,0,14,9,16,167,86,58,49,447,198,95,78,78,71,193,105,92,53,44,44,51,47,36,33,59,40,56,40,84,51,23,32,16,21
25017354700,1400000US25017354700,2841,367,1460,264,11,16,71,51,84,77,37,30,0,14,15,22,4,6,192,151,168,85,147,72,61,39,114,67,72,42,48,38,84,55,37,31,88,46,58,77,21,24,110,47,16,15,6,10,16,17,1381,219,42,46,55,37,56,34,26,35,25,21,83,132,7,12,26,28,181,90,156,70,93,65,122,58,64,42,54,33,44,26,36,28,65,60,19,29,56,39,35,25,41,26,71,58,24,20
25017354800,1400000US25017354800,2333,356,918,166,12,19,43,35,53,35,32,48,13,20,0,14,0,14,56,52,153,66,118,63,54,35,56,41,39,29,69,41,101,48,24,24,0,14,24,23,8,12,19,18,44,33,0,14,0,14,1415,269,49,36,15,18,76,49,57,37,12,5,17,26,0,14,102,64,309,153,230,125,93,50,21,20,90,49,108,53,36,25,10,11,46,36,26,25,35,22,56,54,21,24,0,14,6,9
25017354901,1400000US25017354901,3235,617,1835,383,113,95,182,174,48,50,0,14,0,14,0,14,0,14,82,51,401,115,469,188,265,119,87,66,25,31,61,60,13,18,17,29,0,14,0,14,0,14,63,67,0,14,9,15,0,14,1400,343,42,38,9,14,19,36,0,14,0,14,0,14,0,14,96,68,422,174,387,192,146,87,97,75,80,42,21,24,9,15,37,46,1,3,0,14,0,14,34,38,0,14,0,14,0,14
25017354902,1400000US25017354902,5366,872,3010,709,194,143,231,146,129,90,162,115,58,55,0,19,16,26,351,232,478,346,137,91,175,154,174,96,154,88,88,71,176,121,41,48,56,54,67,53,124,80,52,53,45,44,102,87,0,19,2356,333,125,97,20,30,112,78,65,58,5,11,33,53,29,44,67,61,197,104,123,86,239,137,153,87,224,134,211,134,130,82,29,37,108,80,39,42,57,51,136,106,155,102,82,72,17,28
25017355000,1400000US25017355000,3479,559,1892,386,37,61,112,68,111,58,33,32,16,24,10,18,73,96,70,62,311,140,243,119,189,97,123,62,58,44,94,71,159,147,39,41,11,17,36,36,30,28,57,38,45,47,26,25,9,14,1587,293,108,75,116,71,64,43,30,33,11,17,0,14,7,11,28,34,199,94,206,93,176,97,185,149,64,52,94,50,58,45,44,35,17,19,38,30,50,51,44,32,29,32,0,14,19,22
25017356100,1400000US25017356100,3551,466,1623,166,115,63,79,55,79,46,34,30,0,14,44,56,0,14,39,34,189,72,215,102,206,84,148,53,43,41,138,58,61,39,18,21,35,27,19,21,25,21,18,22,17,18,68,51,33,24,1928,384,161,145,143,85,0,14,72,55,0,14,14,19,22,26,12,18,112,65,342,134,201,83,241,103,142,69,87,46,29,23,23,23,47,33,25,22,29,27,77,43,51,30,42,27,56,63
25017356300,1400000US25017356300,5629,645,2821,331,137,77,146,104,203,93,96,69,34,52,0,19,0,19,79,64,385,262,379,130,176,103,207,148,248,99,79,65,100,70,185,113,65,54,40,45,94,64,124,75,44,49,0,19,0,19,2808,438,81,65,114,72,80,61,38,42,32,51,18,28,0,19,74,62,435,178,420,248,312,100,127,77,283,109,242,129,157,66,14,24,43,47,41,46,45,51,77,60,41,37,25,36,109,89
25017356400,1400000US25017356400,7615,729,3469,432,208,104,305,129,286,129,149,145,4,8,63,83,0,19,107,74,62,59,181,92,186,139,192,79,459,171,340,110,123,74,22,35,107,73,7,11,182,111,249,107,103,56,70,49,64,64,4146,455,77,54,361,146,416,333,259,103,20,34,15,24,13,22,38,41,102,62,281,125,173,77,286,104,563,230,281,91,243,109,46,42,90,67,81,72,257,156,157,75,169,81,62,52,156,96
25017356500,1400000US25017356500,7214,667,3692,408,197,131,263,104,280,125,126,62,17,21,0,19,0,19,27,31,124,70,252,122,303,121,264,116,234,110,416,180,246,119,25,36,120,82,101,64,121,80,224,113,119,81,125,123,108,72,3522,423,236,114,104,71,278,127,119,92,42,46,0,19,0,19,104,100,228,121,310,172,203,82,216,88,146,65,498,186,169,97,106,106,63,46,76,53,111,80,127,74,153,106,102,69,131,80
25017356601,1400000US25017356601,4103,394,1866,229,73,65,68,44,85,61,74,57,11,17,0,14,0,14,59,58,206,112,181,115,201,96,50,44,89,60,157,75,166,90,54,45,189,134,75,50,43,47,40,40,12,18,23,28,10,18,2237,260,5,8,115,67,185,88,121,78,0,14,0,14,15,23,50,45,99,66,88,56,131,68,143,63,274,118,150,69,154,94,140,113,80,54,104,80,85,60,115,62,105,91,29,28,49,53
25017356602,1400000US25017356602,4530,632,1877,339,105,65,75,51,92,56,74,41,38,43,39,47,35,58,31,31,58,47,127,77,94,48,156,57,235,106,186,74,191,114,10,14,41,33,59,51,31,27,43,34,93,47,35,27,29,27,2653,436,87,69,269,109,226,112,71,37,51,41,0,14,0,14,25,27,55,50,144,78,129,82,257,115,97,50,263,107,260,99,19,21,266,239,37,33,86,61,144,89,87,47,24,21,56,38
25017356701,1400000US25017356701,6450,585,3129,430,141,84,114,78,207,147,41,49,18,29,23,38,0,19,42,47,418,232,458,235,361,133,219,117,117,71,158,88,262,98,80,56,80,57,4,10,56,45,160,118,87,73,83,54,0,19,3321,324,252,97,84,65,102,66,66,49,21,31,0,19,30,38,145,96,409,213,309,116,389,107,239,103,196,116,130,80,196,100,138,83,107,78,55,46,100,59,87,58,154,69,45,40,67,52
25017356703,1400000US25017356703,3251,469,1459,214,104,66,110,58,108,61,53,39,27,31,0,14,0,14,0,14,29,28,105,74,54,45,99,55,65,42,88,56,98,63,76,53,47,39,69,67,10,16,103,66,116,80,43,35,55,47,1792,345,47,41,22,22,68,39,132,90,0,14,0,14,68,104,54,45,37,31,58,44,75,65,122,65,118,58,185,162,77,45,134,81,130,102,45,37,94,51,232,116,59,42,34,27,1,10
25017356704,1400000US25017356704,4007,548,2041,369,78,53,62,42,193,144,136,113,100,80,7,11,30,51,75,75,88,68,62,42,127,75,103,49,183,103,308,175,98,58,10,16,59,33,32,27,75,49,84,37,106,68,13,16,12,15,1966,290,97,57,137,75,129,132,66,55,34,37,26,24,0,14,21,34,82,80,110,60,117,59,160,70,192,128,150,64,93,49,65,55,107,51,14,16,93,49,103,47,49,30,35,27,86,67
25017357100,1400000US25017357100,5134,419,2385,260,140,77,130,88,115,52,133,90,40,44,0,19,18,22,47,48,106,58,132,71,119,62,178,101,140,64,183,85,172,80,87,57,67,45,181,164,65,53,120,93,114,67,67,46,31,25,2749,310,48,45,157,66,183,78,168,91,87,62,0,19,7,12,210,167,48,47,197,120,113,68,165,53,173,98,168,66,186,74,112,114,55,42,75,63,74,51,230,121,118,63,106,82,69,65
25017357200,1400000US25017357200,3167,341,1563,181,53,40,132,67,111,57,118,51,49,38,13,22,13,17,19,21,29,28,30,30,42,37,192,82,87,51,185,61,108,44,29,25,24,24,53,44,51,41,45,29,122,73,22,27,36,31,1604,216,101,66,107,89,66,43,57,34,13,21,10,17,0,14,48,36,63,48,56,40,85,62,162,63,94,43,135,57,113,49,48,32,77,42,44,39,34,33,188,115,33,29,56,40,14,22
25017357300,1400000US25017357300,3278,367,1497,217,107,60,55,37,88,53,133,66,19,29,0,14,0,14,23,23,65,50,168,95,209,80,54,38,85,56,115,52,29,29,68,63,60,44,20,27,31,27,92,70,54,44,22,26,0,14,1781,217,151,75,123,69,88,58,16,21,0,14,19,31,13,21,23,27,81,54,209,94,184,84,106,52,63,56,148,74,124,55,50,37,64,40,92,73,83,53,48,43,58,49,28,26,10,18
25017357400,1400000US25017357400,2426,291,1218,144,61,31,81,35,135,45,56,36,20,17,0,14,9,14,10,11,51,25,50,29,53,40,93,37,109,38,140,58,95,48,46,34,46,21,59,29,5,8,16,19,39,22,27,18,17,16,1208,179,71,33,64,29,60,31,82,36,55,63,0,14,0,14,23,18,49,30,28,25,56,32,118,35,115,35,52,27,133,43,28,19,42,24,0,14,69,44,33,23,71,39,54,55,5,8
25017357500,1400000US25017357500,2374,268,1196,162,89,43,51,29,110,37,91,45,37,34,0,14,5,8,18,17,42,30,51,31,121,56,63,33,79,33,136,61,77,43,18,11,12,11,37,25,87,72,44,27,17,15,11,12,0,14,1178,149,39,23,57,29,77,35,45,27,35,33,7,11,0,14,24,22,21,22,56,31,124,70,106,45,125,58,86,41,81,35,10,11,32,20,40,23,74,60,66,29,40,26,22,17,11,12
25017357600,1400000US25017357600,2883,410,1431,203,49,47,221,67,80,40,92,65,49,54,12,21,40,42,25,37,53,48,60,51,103,52,156,69,75,44,42,30,130,101,39,32,64,47,3,10,19,23,95,57,17,19,0,14,7,11,1452,262,193,143,69,50,38,35,23,26,16,24,20,25,10,15,19,24,21,23,114,64,117,61,222,108,106,63,78,61,105,55,10,16,69,63,12,21,108,80,51,41,18,26,33,33,0,14
25017357700,1400000US25017357700,3993,411,1758,203,82,65,131,57,125,90,57,47,16,25,0,14,12,20,26,26,59,54,116,61,85,48,158,97,188,85,114,45,136,65,17,27,60,36,14,16,110,85,96,62,55,32,82,40,19,23,2235,287,24,25,158,97,144,62,121,67,38,42,21,17,0,14,50,47,60,47,145,69,159,70,241,102,157,66,103,47,161,72,13,15,121,97,64,60,96,81,129,64,56,30,37,38,137,93
25017357800,1400000US25017357800,3920,479,2055,256,53,36,42,43,248,85,272,166,114,89,7,12,21,32,38,29,50,33,36,31,63,35,117,52,270,113,173,82,84,44,19,24,112,50,11,17,19,18,171,63,103,58,7,11,25,27,1865,358,60,38,223,107,265,185,50,41,0,14,17,26,0,14,23,24,42,26,29,25,52,34,180,43,193,67,184,97,100,47,63,49,73,45,29,24,60,37,104,44,60,38,7,11,51,42
25017358100,1400000US25017358100,5281,394,2502,263,98,55,212,90,135,60,237,112,37,37,0,19,0,19,39,30,11,20,55,34,102,42,303,116,154,70,311,109,240,66,67,43,64,38,75,65,76,40,70,41,51,42,101,50,64,48,2779,241,68,43,221,119,276,98,144,62,42,42,23,27,17,25,69,39,9,13,114,54,159,55,285,130,245,91,242,81,228,109,60,49,93,51,44,36,61,44,173,56,105,46,58,54,43,34
25017358300,1400000US25017358300,6131,545,2819,315,94,94,178,117,334,134,93,83,22,27,0,19,17,31,76,62,75,51,70,59,38,40,212,104,390,153,141,85,172,127,167,89,83,105,86,88,90,55,139,82,77,54,127,85,138,82,3312,383,116,99,133,100,319,155,229,100,51,52,96,132,30,36,30,38,81,57,23,37,74,55,346,93,471,154,116,73,259,142,58,44,96,61,65,55,119,89,171,88,30,33,259,126,140,91
25017358400,1400000US25017358400,4919,470,2404,329,48,40,109,50,199,85,208,97,43,30,11,17,8,14,8,14,61,32,56,37,59,36,75,49,248,69,179,68,188,61,83,44,129,50,61,44,70,56,136,88,103,44,97,55,225,227,2515,219,55,39,136,57,172,61,147,54,30,24,20,28,0,14,20,22,63,35,50,35,32,23,157,48,217,101,281,82,189,56,57,47,129,56,48,34,62,35,191,95,136,52,206,101,117,55
25017358500,1400000US25017358500,5753,528,2824,338,224,134,134,58,271,109,184,89,47,37,11,16,53,74,63,47,36,29,71,49,35,30,187,61,265,109,402,144,192,81,79,47,127,45,73,47,60,39,136,63,40,31,71,36,63,46,2929,251,84,48,169,62,211,67,139,73,89,86,10,15,15,18,125,68,19,18,179,113,80,41,236,64,292,124,328,112,176,72,96,60,92,43,82,43,86,41,159,55,92,45,53,44,117,60
25017358600,1400000US25017358600,6459,491,3019,277,172,104,238,84,250,109,135,82,26,42,20,33,0,19,32,38,35,40,34,40,124,85,225,79,350,150,336,103,219,124,61,57,120,96,125,125,159,92,229,171,61,43,44,34,24,26,3440,346,34,39,379,144,358,143,186,102,49,53,17,28,0,19,80,63,94,79,48,46,186,85,211,89,317,116,395,120,241,117,90,72,50,50,56,47,117,78,341,171,74,51,77,53,40,36
25017358700,1400000US25017358700,5752,567,2875,316,194,102,204,104,292,100,94,50,68,47,24,28,0,19,35,32,50,50,74,47,161,92,152,53,356,120,220,66,195,67,49,33,106,53,40,35,170,57,197,151,96,66,33,23,65,38,2877,314,99,56,183,80,334,117,215,80,19,22,0,19,18,22,59,38,50,37,92,67,183,86,243,63,219,68,285,89,135,57,41,31,66,40,70,51,120,60,274,202,114,45,26,22,32,24
25017359100,1400000US25017359100,6941,503,3575,325,120,98,217,75,188,90,166,128,7,12,0,19,21,36,101,69,216,86,225,108,348,146,271,134,266,136,199,85,371,191,53,47,56,54,71,40,55,44,291,80,113,62,105,88,115,83,3366,362,188,110,109,70,183,77,171,117,83,83,0,19,71,112,15,25,225,83,180,109,203,103,320,155,180,81,261,122,303,145,64,53,103,66,82,58,122,76,112,66,124,85,119,95,148,74
25017359301,1400000US25017359301,0,14,0,14,0,14,0,14,0,14,0,14,0,14,0,14,0,14,0,14,0,14,0,14,0,14,0,14,0,14,0,14,0,14,0,14,0,14,0,14,0,14,0,14,0,14,0,14,0,14,0,14,0,14,0,14,0,14,0,14,0,14,0,14,0,14,0,14,0,14,0,14,0,14,0,14,0,14,0,14,0,14,0,14,0,14,0,14,0,14,0,14,0,14,0,14,0,14
25017359302,1400000US25017359302,0,14,0,14,0,14,0,14,0,14,0,14,0,14,0,14,0,14,0,14,0,14,0,14,0,14,0,14,0,14,0,14,0,14,0,14,0,14,0,14,0,14,0,14,0,14,0,14,0,14,0,14,0,14,0,14,0,14,0,14,0,14,0,14,0,14,0,14,0,14,0,14,0,14,0,14,0,14,0,14,0,14,0,14,0,14,0,14,0,14,0,14,0,14,0,14,0,14
25017359303,1400000US25017359303,7786,505,3779,347,146,105,225,116,208,96,95,68,44,46,102,111,0,19,105,83,368,171,278,211,141,81,246,103,466,159,225,121,115,71,157,71,257,117,31,33,214,139,155,86,73,57,60,47,68,68,4007,336,258,103,165,79,365,117,255,117,40,43,45,52,21,33,150,189,53,50,127,72,151,88,348,121,415,150,220,88,303,143,128,77,205,171,205,151,65,51,138,53,71,53,127,108,152,83
25017359400,1400000US25017359400,7178,590,3738,522,340,231,94,76,230,147,79,99,0,19,65,104,0,19,344,178,853,279,370,188,361,138,167,85,180,120,186,117,85,66,69,70,54,55,77,61,70,55,33,36,31,34,10,17,40,41,3440,439,4,7,95,65,117,73,123,85,61,65,0,19,0,19,342,195,718,232,357,139,264,114,161,111,261,156,62,63,143,86,43,54,54,86,88,85,38,39,209,138,176,87,70,53,54,52
25017360300,1400000US25017360300,6948,19,3342,337,239,200,355,202,258,118,93,65,62,63,23,35,89,49,118,140,48,46,47,46,233,146,210,121,226,122,251,130,218,88,101,80,70,51,50,41,67,49,156,81,136,70,183,95,109,61,3606,336,213,105,204,106,183,87,144,103,88,81,4,9,0,19,188,173,137,105,92,86,337,183,309,143,136,69,247,119,222,103,86,80,208,118,104,59,66,53,146,78,177,98,144,82,171,76
25017361100,1400000US25017361100,5298,529,2453,328,96,61,165,83,172,77,135,72,58,54,0,19,17,24,17,23,164,123,68,59,28,29,104,66,191,74,240,125,132,82,159,94,92,65,69,52,101,66,149,89,118,76,53,53,125,101,2845,330,72,51,111,81,256,111,182,97,0,19,20,31,0,19,78,69,91,91,49,40,156,75,63,45,170,78,169,75,241,120,111,87,180,90,105,61,90,61,156,92,162,107,100,69,283,160
25017361200,1400000US25017361200,6344,626,3285,419,121,117,163,130,346,191,228,96,68,50,14,21,67,74,62,44,113,58,122,60,367,129,229,102,188,84,249,97,231,94,48,47,94,55,40,48,101,64,203,107,123,85,82,59,26,32,3059,392,106,77,230,80,198,86,164,71,74,63,48,42,0,19,72,78,25,36,155,77,261,152,134,62,298,99,198,81,229,170,35,41,127,81,56,48,107,66,322,176,46,45,109,65,65,68
25017361300,1400000US25017361300,6581,600,3385,351,141,83,355,146,195,107,147,91,23,36,27,41,34,47,111,80,99,92,88,67,217,104,115,58,278,106,171,98,397,154,108,79,124,113,162,148,128,101,170,92,101,65,98,62,96,92,3196,388,70,58,193,87,179,89,278,151,164,128,94,105,79,87,44,49,42,50,3,11,120,62,212,80,196,101,264,113,201,117,171,142,108,73,30,35,135,118,186,93,212,94,89,59,126,77
25017362100,1400000US25017362100,5239,23,2771,140,98,52,301,199,277,109,116,73,61,41,18,20,39,41,104,93,55,34,60,50,135,65,172,91,162,64,262,92,177,70,79,46,80,47,83,51,77,37,201,64,43,29,98,59,73,51,2468,139,169,126,206,110,144,65,74,39,68,67,9,15,0,19,15,17,57,42,79,46,121,50,192,96,267,71,133,59,154,60,69,43,148,57,37,26,91,48,271,99,40,30,54,34,70,52
25017363103,1400000US25017363103,3138,395,1574,218,26,43,87,51,86,50,67,39,44,38,6,15,0,14,45,49,53,35,43,36,74,46,154,78,180,72,138,53,194,90,12,14,72,45,29,26,57,38,88,45,106,64,3,7,10,16,1564,241,10,19,57,43,96,60,125,69,53,40,0,14,35,48,14,16,21,28,25,29,87,51,99,52,111,44,184,71,153,90,29,27,58,29,49,37,86,48,109,50,70,55,61,51,32,29
25017363104,1400000US25017363104,6422,570,3043,286,115,69,287,174,165,87,183,92,80,85,25,31,0,19,85,57,47,57,99,69,201,97,173,78,272,123,229,107,206,90,202,127,216,96,64,51,64,47,72,51,28,30,75,58,155,128,3379,403,169,58,163,69,190,110,300,134,64,69,17,28,16,26,121,89,161,83,121,61,165,80,290,208,242,110,296,130,298,114,63,53,107,81,37,43,179,101,143,108,108,67,60,53,69,50
25017363105,1400000US25017363105,4210,808,1865,356,33,46,117,107,88,75,268,101,56,45,0,14,12,19,18,26,53,55,57,58,118,91,180,158,133,73,169,62,176,84,18,21,10,17,128,85,89,76,33,38,62,32,27,31,20,27,2345,840,18,23,96,46,298,315,223,188,21,28,0,14,0,14,49,38,230,230,48,54,136,72,177,170,254,192,282,78,80,64,21,25,88,54,42,32,36,25,83,50,97,67,22,25,44,41
25017363106,1400000US25017363106,3126,248,1585,177,79,72,109,81,195,140,52,36,59,56,18,28,0,14,48,39,101,59,86,55,126,78,156,75,69,58,102,57,78,46,60,41,67,46,11,18,41,37,35,35,42,39,0,14,51,35,1541,204,8,14,39,40,111,65,60,49,70,59,26,37,1,13,49,45,62,42,26,26,161,63,145,71,132,60,91,58,99,52,44,33,29,32,0,14,33,34,134,79,75,41,44,33,102,60
25017363201,1400000US25017363201,3448,412,1642,231,60,37,116,76,74,48,87,62,25,26,2,3,9,14,43,34,73,44,84,36,115,42,173,101,44,36,115,88,160,62,95,50,93,39,57,40,86,42,80,41,18,21,33,29,0,14,1806,219,173,67,186,82,42,28,36,33,28,44,0,14,6,12,70,39,38,31,77,39,146,58,145,87,71,41,176,101,139,52,35,25,123,48,93,80,71,44,81,58,40,33,18,21,12,18
25017363202,1400000US25017363202,3811,422,1898,321,96,63,174,168,158,76,93,53,12,18,43,39,0,14,58,46,101,67,29,27,146,76,76,50,197,107,112,75,216,78,45,34,68,38,27,31,63,42,73,39,55,34,22,20,34,34,1913,182,81,58,104,54,114,70,87,49,68,48,0,14,38,46,42,33,60,52,31,33,195,69,141,95,138,62,98,45,217,74,58,39,68,53,96,68,63,32,107,41,34,28,14,16,59,40
25017364101,1400000US25017364101,6054,521,3254,324,0,19,146,97,247,215,102,78,35,45,24,35,45,51,48,36,150,102,122,77,277,212,261,106,115,66,281,159,447,213,73,62,255,184,161,118,75,63,170,111,103,81,67,65,50,49,2800,470,188,211,319,236,89,83,27,34,30,41,15,23,22,34,38,36,124,78,93,65,342,172,234,120,285,202,100,64,191,93,58,56,146,122,17,27,57,54,214,106,119,80,28,33,64,57
25017364102,1400000US25017364102,4658,517,2306,309,116,75,197,132,64,47,117,82,38,41,0,14,0,14,61,60,23,31,249,130,173,86,142,80,119,86,207,137,285,103,92,75,37,51,66,59,100,92,29,36,107,87,84,70,0,14,2352,324,56,46,70,57,50,48,18,29,164,136,0,14,0,14,96,77,97,89,238,117,195,96,152,81,200,106,200,103,213,93,24,30,140,98,22,36,35,42,63,54,98,65,119,99,102,79
25017365100,1400000US25017365100,8094,677,4148,466,380,200,387,177,286,125,210,103,219,146,0,19,63,92,50,61,85,67,145,99,298,87,300,134,198,91,292,126,375,178,182,99,128,75,106,81,121,73,71,58,109,89,69,60,74,71,3946,388,210,90,255,111,234,94,347,167,104,80,13,22,0,19,76,64,119,86,213,102,173,70,353,149,327,103,244,89,426,141,33,42,218,92,49,45,100,74,111,78,98,69,103,74,140,88
25017365201,1400000US25017365201,6313,700,2901,379,265,243,197,93,218,115,137,113,41,49,0,19,34,38,28,25,112,83,261,133,87,62,108,60,231,74,414,189,211,100,83,76,70,54,29,32,72,41,52,38,197,89,36,29,18,23,3412,585,244,150,136,119,278,201,363,277,79,100,0,19,87,86,45,43,177,85,186,85,186,146,175,81,207,129,419,124,218,87,27,32,66,45,53,43,104,58,147,64,72,52,51,41,92,76
25017365202,1400000US25017365202,4863,392,2166,261,95,61,113,68,211,105,146,71,65,50,21,25,0,14,87,69,25,22,50,33,121,64,102,42,137,60,294,109,168,71,64,44,102,50,71,48,22,20,149,66,68,36,37,25,18,20,2697,278,106,59,219,98,261,107,201,95,52,35,0,14,42,33,4,8,38,25,70,40,159,66,138,76,253,99,240,93,198,67,85,42,77,40,26,26,84,41,131,56,107,65,105,62,101,49
25017366100,1400000US25017366100,4797,359,2336,254,90,68,200,87,149,60,72,37,38,31,19,21,0,14,38,46,105,65,70,42,182,90,221,90,163,61,223,95,156,84,83,47,113,57,45,34,92,69,103,45,95,74,59,36,20,24,2461,270,107,62,177,91,170,66,142,55,95,47,46,73,0,14,34,33,72,41,58,39,100,54,276,124,197,60,116,56,208,88,115,67,87,55,51,38,138,66,102,43,80,48,54,37,36,29
25017366201,1400000US25017366201,3797,487,1911,280,121,103,115,53,212,91,103,77,27,36,7,11,0,14,9,15,105,90,16,18,115,45,133,81,182,70,206,99,166,84,50,33,98,44,35,34,47,31,51,30,47,31,14,15,52,37,1886,259,159,100,155,69,181,96,74,54,0,14,15,21,10,17,41,33,39,51,21,17,231,106,156,54,136,57,93,52,235,127,40,31,56,36,33,25,28,23,86,43,42,35,28,23,27,25
25017366202,1400000US25017366202,5356,478,2662,296,133,60,164,58,184,70,167,108,41,37,27,30,43,50,94,65,107,99,84,50,87,57,182,63,150,66,151,54,276,110,86,53,148,71,54,40,72,57,159,75,116,61,58,38,79,41,2694,245,112,58,129,49,159,57,104,58,26,28,26,30,14,23,125,105,105,67,147,60,86,56,135,57,179,59,241,117,214,102,98,59,99,59,116,84,124,56,166,71,127,65,57,40,105,55
25017367100,1400000US25017367100,4642,456,2341,263,103,61,161,62,186,96,95,45,57,42,32,26,10,15,54,35,60,61,62,56,64,48,153,68,161,55,217,95,88,56,77,49,94,50,81,62,70,55,239,101,82,51,83,60,112,93,2301,260,19,18,241,105,129,50,85,48,42,35,0,14,10,16,11,18,35,32,58,42,88,47,245,87,185,59,162,90,191,75,148,98,79,38,73,56,159,65,189,92,57,36,21,24,74,43
25017367200,1400000US25017367200,6937,458,3432,379,207,100,316,171,488,248,145,90,137,64,55,42,30,26,111,71,129,96,0,19,203,102,120,58,175,98,310,124,401,158,48,46,104,52,5,9,107,78,38,42,77,61,74,40,152,98,3505,328,137,110,248,113,308,165,148,92,225,124,109,74,128,66,81,59,12,21,41,63,215,124,229,98,368,183,234,123,235,95,44,43,121,59,44,43,73,64,139,74,116,72,48,39,202,95
25017368101,1400000US25017368101,5536,582,2803,346,223,109,109,80,45,47,2,5,62,67,0,19,14,24,109,150,403,172,268,168,349,158,232,122,85,70,61,55,130,84,143,193,42,44,91,94,29,32,102,76,130,112,132,88,42,45,2733,427,207,131,163,81,114,87,29,42,0,19,2,5,12,20,109,70,291,169,329,125,321,116,95,66,124,110,78,59,117,78,17,27,179,112,20,28,196,150,52,47,105,90,89,79,84,55
25017368102,1400000US25017368102,4804,990,2206,509,31,30,108,68,51,34,75,71,27,30,8,13,11,17,262,220,54,42,168,78,192,71,99,50,99,55,121,66,423,300,56,43,63,40,70,44,86,45,44,31,81,38,70,52,7,11,2598,518,168,72,144,103,47,33,37,35,23,34,19,20,218,284,125,110,156,147,76,41,160,55,172,85,127,67,251,133,154,77,17,24,77,46,70,54,108,52,126,54,118,63,112,85,93,103
25017368200,1400000US25017368200,3758,440,1867,241,113,59,106,68,129,87,11,20,41,53,8,3,28,42,23,30,172,73,109,48,228,99,98,58,43,37,111,55,97,57,46,37,163,70,10,17,80,44,81,46,104,55,58,81,8,15,1891,273,74,52,53,41,89,59,58,55,3,7,10,16,0,14,103,82,99,47,76,39,119,52,146,51,145,62,65,40,192,99,67,43,67,45,66,47,51,40,136,67,136,90,61,55,75,71
25017368300,1400000US25017368300,5742,965,2958,785,173,159,145,162,98,85,30,45,23,40,0,19,146,221,439,345,388,340,190,96,96,94,113,81,311,154,241,150,263,267,0,19,119,109,12,29,51,58,35,42,40,46,20,31,25,33,2784,571,100,114,150,139,100,94,8,13,161,142,0,19,46,68,63,66,258,133,288,143,357,185,85,63,152,139,278,146,200,118,44,46,30,34,76,78,42,49,40,48,227,110,41,46,38,43
25017368400,1400000US25017368400,9513,702,4576,444,203,132,279,139,74,75,101,79,732,159,357,111,370,124,398,192,282,181,311,183,233,128,193,133,159,114,175,123,211,135,46,57,25,42,9,20,101,74,113,69,133,66,30,34,41,38,4937,511,281,224,103,85,53,66,82,87,1110,135,475,102,256,89,282,158,400,168,264,141,402,152,133,93,53,65,137,108,302,287,36,45,89,71,42,57,121,100,127,62,70,50,63,52,56,92
25017368500,1400000US25017368500,3355,373,1858,326,12,18,0,14,25,27,133,127,11,17,10,15,20,31,122,104,348,242,395,140,82,52,63,43,59,41,172,135,62,80,35,40,69,83,33,30,119,77,21,21,32,29,29,28,6,12,1497,298,90,97,0,14,9,14,0,14,15,20,53,59,39,36,104,78,248,99,299,127,61,45,25,25,55,51,47,34,125,93,0,14,65,60,134,154,7,12,35,39,61,49,12,18,13,21
25017368600,1400000US25017368600,5688,693,3183,557,169,137,45,49,133,101,58,88,162,137,77,93,92,98,222,160,360,175,430,168,210,120,189,132,116,131,340,166,157,97,49,56,134,99,56,41,36,41,110,84,12,33,0,19,26,32,2505,328,114,90,347,116,104,98,0,19,0,19,22,33,0,19,191,150,288,134,295,93,203,118,154,78,214,131,139,66,51,50,29,35,21,34,48,55,56,56,58,53,128,89,32,37,11,17
25017368700,1400000US25017368700,2427,480,1354,361,57,77,97,73,64,25,0,14,4,19,0,14,44,57,20,30,183,168,185,117,133,71,128,114,76,56,84,69,21,32,43,42,55,88,106,112,21,24,21,36,12,19,0,14,0,14,1073,211,102,119,28,32,56,31,0,14,0,14,0,14,3,16,35,42,101,84,198,101,79,78,117,52,4,19,60,44,104,63,25,33,13,21,14,22,10,16,72,77,0,14,52,51,0,14
25017368800,1400000US25017368800,5630,588,2752,417,50,37,119,65,151,125,24,35,0,19,0,19,22,34,87,117,279,137,631,261,92,60,244,158,133,99,183,100,141,96,29,47,144,114,45,54,97,77,89,81,26,24,139,81,27,30,2878,377,133,112,107,70,122,70,36,39,0,19,0,19,0,19,293,226,322,119,230,135,133,65,250,147,289,199,44,55,64,49,54,54,138,98,33,34,199,137,77,57,104,70,117,72,133,112
25017368901,1400000US25017368901,6054,852,2625,299,123,92,27,40,121,135,70,68,26,37,59,49,12,20,175,146,182,120,167,81,284,210,117,79,154,83,18,23,77,54,45,50,211,107,77,66,129,68,239,114,136,98,84,70,92,61,3429,813,32,34,124,82,137,124,0,19,64,51,38,61,4,8,794,765,87,99,207,104,131,81,126,77,118,76,70,59,245,112,169,111,147,95,93,67,46,44,307,142,234,115,112,77,144,72
25017368902,1400000US25017368902,3540,544,1799,327,136,103,73,81,49,43,12,20,47,57,38,61,0,14,53,51,238,128,236,110,187,111,219,123,82,23,109,100,116,82,30,28,54,44,0,14,71,65,19,29,0,14,30,30,0,14,1741,319,207,105,52,53,69,80,50,48,42,61,0,14,37,35,120,85,165,76,219,104,181,96,58,49,54,38,123,93,113,83,34,59,18,25,11,16,25,21,36,34,64,42,31,31,32,27
25017369000,1400000US25017369000,3720,55,1980,160,0,14,0,14,0,14,13,20,916,224,423,125,265,97,181,84,42,39,11,16,17,36,4,7,40,40,0,14,25,31,4,6,0,14,15,34,0,14,5,10,15,35,0,14,4,10,1740,165,0,14,0,14,0,14,11,21,797,146,316,103,283,109,132,65,69,60,27,43,21,30,5,7,0,14,0,14,0,14,48,73,0,14,0,14,15,35,0,14,16,36,0,14,0,14
25017369100,1400000US25017369100,5135,570,2492,365,270,176,67,57,70,60,70,53,6,11,5,9,15,26,75,74,192,113,153,91,103,70,328,166,187,110,141,87,132,69,110,72,53,47,37,38,122,81,141,97,101,60,95,70,19,27,2643,297,104,71,162,117,127,85,121,75,8,17,0,19,1,2,59,47,111,58,87,64,282,107,252,105,173,97,305,105,95,60,55,44,15,27,50,58,254,127,225,94,64,60,43,33,50,46
25017370101,1400000US25017370101,6533,635,2760,331,56,53,99,87,136,92,51,52,45,62,50,77,130,135,92,87,167,120,347,186,198,116,311,152,196,134,118,74,56,45,88,62,134,92,107,71,77,60,88,70,127,116,51,45,36,37,3773,464,214,119,118,79,198,154,119,78,23,37,12,20,67,89,63,59,246,124,314,143,244,133,223,125,282,133,251,137,506,284,161,109,191,131,80,70,58,53,180,103,103,70,105,142,15,24
25017370103,1400000US25017370103,3460,598,1657,342,74,48,78,51,44,46,12,17,4,8,41,59,24,35,36,34,120,75,200,90,147,83,153,96,86,70,73,51,218,149,48,53,59,58,9,14,45,47,32,29,83,73,33,42,38,49,1803,320,70,47,28,19,75,66,20,27,108,106,0,14,21,29,14,22,185,91,225,125,86,55,90,62,92,65,228,149,81,55,92,87,65,85,18,21,46,34,82,68,66,54,61,42,50,52
25017370104,1400000US25017370104,4341,724,2062,418,199,155,70,76,62,56,76,82,35,41,0,14,11,20,0,14,183,109,341,118,236,140,217,171,77,85,37,33,106,68,13,20,96,68,37,34,91,59,41,43,67,59,12,21,55,48,2279,385,161,120,105,71,226,205,29,27,0,14,9,16,0,14,28,33,175,117,484,185,267,136,140,109,84,64,58,40,105,50,46,39,81,69,49,36,82,45,22,18,13,19,30,33,85,52
25017370201,1400000US25017370201,4267,497,2000,341,27,26,32,30,92,51,53,52,0,14,13,19,0,14,113,74,246,142,222,79,96,50,90,50,111,52,151,111,168,82,34,27,84,65,61,88,95,112,115,56,149,99,15,18,33,28,2267,291,131,84,113,60,58,38,52,46,29,34,0,14,0,14,124,92,79,51,220,88,115,57,159,55,139,56,166,89,127,84,127,91,123,112,20,22,80,42,204,148,49,32,37,29,115,66
25017370202,1400000US25017370202,3608,289,1692,156,102,51,18,18,53,40,41,40,28,37,0,14,12,19,42,31,91,63,199,64,166,66,104,43,96,47,126,84,109,66,65,49,49,31,72,54,106,49,89,52,66,48,58,52,0,14,1916,216,101,47,100,48,65,41,28,25,6,7,0,14,18,27,46,58,158,77,139,70,167,60,89,41,101,48,68,37,129,64,34,28,89,59,129,124,71,56,109,52,154,80,53,51,62,54
25017370301,1400000US25017370301,4165,518,1962,313,124,140,107,73,19,41,0,14,38,58,0,14,0,14,12,21,161,140,388,158,188,99,199,134,48,66,124,80,194,71,40,63,1,4,70,49,70,58,0,14,77,69,80,106,22,31,2203,359,39,46,185,120,19,40,25,41,46,62,30,49,25,41,13,23,107,91,337,133,292,166,84,75,53,71,177,153,146,120,51,52,113,89,63,65,28,39,130,124,147,130,36,40,57,58
25017370302,1400000US25017370302,2036,528,896,242,13,14,89,54,0,14,94,140,15,21,19,27,0,14,0,14,117,73,46,26,98,92,142,85,16,18,0,14,0,14,60,33,7,11,24,37,30,35,29,26,55,59,25,27,17,16,1140,320,66,35,21,36,194,158,7,12,0,14,0,14,0,14,53,29,61,50,181,120,172,130,47,39,27,32,53,31,43,36,7,11,6,10,0,14,18,17,33,26,30,21,39,36,82,53
25017370401,1400000US25017370401,3644,548,1605,323,74,55,37,38,30,37,0,14,11,16,0,14,0,14,49,48,268,219,277,105,158,68,66,101,79,82,63,51,60,55,56,53,69,96,94,71,33,43,50,34,62,57,43,37,26,34,2039,436,52,43,54,63,13,16,0,14,39,53,0,14,20,32,59,56,254,131,234,106,325,198,93,49,88,72,77,63,164,117,43,36,47,37,104,89,31,36,221,234,63,49,27,29,31,28
25017370402,1400000US25017370402,1409,199,707,132,56,31,0,14,21,23,29,35,33,29,0,14,29,66,39,30,41,32,103,63,90,38,30,27,33,27,18,16,35,28,11,13,20,29,39,59,62,59,12,13,0,14,6,9,0,14,702,112,6,9,13,12,7,12,8,11,6,16,4,7,0,14,27,47,119,62,61,64,91,51,17,19,85,61,70,47,52,43,31,22,0,14,37,39,22,26,27,22,13,14,6,9,0,14
25017370403,1400000US25017370403,2080,263,838,139,79,61,26,48,16,20,9,18,0,14,0,14,0,14,0,14,74,57,96,66,177,113,100,55,25,29,53,40,84,51,0,14,23,29,16,23,8,14,15,23,18,19,8,11,11,16,1242,242,45,53,64,34,8,16,31,52,72,76,0,14,0,14,149,115,165,71,157,64,116,79,74,48,40,30,23,25,127,98,22,32,6,11,0,14,0,14,59,58,34,25,23,25,27,26
25017373100,1400000US25017373100,5183,647,2557,559,115,56,151,97,141,94,113,76,90,74,0,19,0,19,60,62,183,93,191,109,228,90,475,453,145,129,182,71,113,73,32,37,31,38,21,31,46,47,133,111,22,39,22,34,63,49,2626,284,240,81,100,68,58,46,110,76,64,72,22,37,18,30,78,77,308,128,364,178,237,108,71,65,78,50,118,63,178,92,56,55,74,65,44,57,28,40,163,105,68,53,101,78,48,57
25017373200,1400000US25017373200,4999,523,2126,382,36,35,84,56,83,59,89,79,70,76,19,31,0,14,153,124,145,98,191,89,153,81,40,34,105,66,166,103,112,67,122,167,80,60,16,27,99,61,295,148,18,21,25,32,25,43,2873,436,53,40,93,66,149,107,175,121,77,77,51,72,0,14,139,129,263,134,148,75,157,84,257,124,195,104,197,105,180,132,37,38,35,30,71,53,180,133,120,62,181,156,62,47,53,49
25017373300,1400000US25017373300,2979,384,1471,248,53,39,58,53,85,66,137,83,60,66,0,14,12,18,34,33,87,66,75,52,54,45,115,74,136,65,106,66,115,83,23,31,36,36,17,21,57,48,63,35,46,28,62,64,40,61,1508,201,81,54,73,46,115,68,9,13,31,36,0,14,15,24,84,63,27,26,64,53,127,67,78,48,81,40,218,89,92,55,18,18,23,23,65,54,53,41,65,43,33,26,76,51,80,87
25017373400,1400000US25017373400,3496,586,1782,331,88,51,87,64,64,44,139,79,88,65,40,42,0,14,79,42,204,137,100,56,115,58,67,51,113,61,96,51,145,98,3,6,25,23,30,29,35,32,102,133,110,50,21,22,31,29,1714,303,53,34,87,46,48,39,71,49,43,35,133,176,0,14,33,29,67,46,80,41,109,44,68,48,88,51,174,77,112,56,113,120,17,19,37,31,40,37,110,60,89,52,55,32,87,87
25017373500,1400000US25017373500,6309,457,3095,271,78,56,140,67,288,100,179,87,316,125,135,67,37,24,90,48,56,39,126,90,30,28,209,62,205,81,266,87,169,96,118,70,111,52,98,65,112,64,146,64,134,59,39,28,13,15,3214,328,35,26,188,99,405,151,167,67,279,104,130,88,67,59,46,44,71,44,116,102,74,43,192,55,273,117,225,83,230,105,39,31,82,43,77,48,139,56,223,73,98,49,26,24,32,28
25017373600,1400000US25017373600,6063,326,2852,239,57,42,105,39,73,33,86,33,751,212,288,98,256,113,182,97,34,33,103,86,122,56,79,36,106,56,81,40,97,34,59,48,45,32,44,30,46,20,111,42,82,48,18,17,27,22,3211,288,25,18,81,61,163,83,54,28,931,185,215,94,490,139,264,98,67,61,57,38,60,30,158,106,109,41,78,32,78,55,45,23,61,31,33,26,44,23,93,35,35,20,36,29,34,29
25017373700,1400000US25017373700,3812,485,1890,287,8,12,166,78,217,88,93,67,43,36,0,14,7,11,76,56,33,31,80,55,62,45,112,52,176,76,66,35,153,72,67,49,123,73,52,37,100,46,111,44,70,34,31,25,44,38,1922,290,75,44,97,45,93,52,55,36,13,20,29,33,16,23,72,58,115,123,59,50,126,58,126,56,181,68,84,41,98,55,59,50,113,54,114,88,100,46,151,55,54,32,63,33,29,26
25017373800,1400000US25017373800,6367,635,3132,388,241,179,234,126,322,125,144,87,72,53,19,32,5,10,0,19,114,84,175,134,183,90,165,83,186,130,339,162,114,82,25,34,142,98,55,48,130,104,173,70,124,85,95,62,75,48,3235,368,63,56,186,130,221,86,95,71,93,67,25,43,9,11,88,71,251,186,121,91,138,79,261,117,167,91,247,129,87,65,77,60,178,94,29,38,209,130,133,60,211,85,200,98,146,121
25017373901,1400000US25017373901,2964,433,1565,245,17,21,127,78,169,62,79,52,0,14,5,12,43,65,67,91,67,50,67,45,0,14,47,41,131,58,89,54,192,91,59,58,10,21,68,55,143,126,103,63,49,34,6,12,27,23,1399,215,63,54,42,40,123,46,14,25,0,14,52,83,13,21,18,29,64,48,11,20,56,50,51,43,128,29,139,81,134,67,51,43,41,35,54,53,58,39,120,126,84,45,25,28,58,48
25017373902,1400000US25017373902,3670,520,1797,244,35,41,122,85,90,51,90,56,87,59,35,37,0,14,7,12,72,72,12,22,183,166,171,93,67,43,144,58,60,41,38,31,101,65,38,29,36,33,181,76,95,46,70,40,63,49,1873,335,38,38,57,53,109,52,100,60,36,32,0,14,0,14,0,14,47,45,80,82,193,181,90,53,126,81,141,51,52,42,35,30,156,124,5,10,133,66,227,144,66,40,89,52,93,45
25017374000,1400000US25017374000,4577,639,2383,394,45,41,210,79,155,80,35,29,84,65,0,14,8,11,184,203,87,51,39,36,47,40,189,70,191,91,284,168,153,81,58,52,103,57,79,46,46,31,135,61,138,61,40,31,73,45,2194,313,98,62,156,84,140,66,51,48,67,48,8,13,29,28,55,33,24,24,53,56,73,47,202,52,158,92,270,169,103,58,77,47,132,51,33,25,93,42,162,62,121,48,28,23,61,37
25017374100,1400000US25017374100,5301,566,2771,365,139,82,142,86,124,92,37,43,38,53,0,19,65,96,174,118,449,365,171,101,137,67,225,101,201,94,184,104,149,88,79,66,133,101,126,81,55,41,71,60,22,26,20,22,30,37,2530,407,141,101,149,96,194,92,113,70,0,19,62,98,0,19,46,52,8,14,253,102,110,65,204,92,183,92,294,152,155,101,132,76,66,56,21,24,72,52,164,61,83,85,41,42,39,28
25017374200,1400000US25017374200,3958,593,2094,384,158,129,153,61,142,71,177,121,52,39,0,14,0,14,61,49,94,55,72,49,45,33,207,123,144,80,117,74,215,73,39,31,97,73,13,15,96,47,100,39,50,30,33,28,29,26,1864,254,93,58,149,53,63,35,29,25,9,15,0,14,33,33,59,39,58,42,101,53,80,49,206,130,116,43,150,57,166,80,99,61,67,60,57,32,88,76,117,49,86,44,25,24,13,15
25017374300,1400000US25017374300,3904,439,1983,243,78,54,239,104,51,34,185,95,42,50,0,14,0,14,38,46,51,42,19,18,79,40,89,42,194,94,170,88,191,78,58,41,127,125,56,48,42,49,132,58,80,39,49,38,13,16,1921,256,72,39,157,83,141,80,85,59,30,31,28,40,27,40,34,31,40,33,63,52,98,47,154,82,65,53,207,86,168,61,66,52,82,104,24,26,104,54,99,45,129,52,39,33,9,16
25017374400,1400000US25017374400,5821,552,2705,300,95,69,64,72,187,115,259,126,67,59,22,33,15,24,112,80,123,86,56,40,102,83,205,99,131,72,164,84,388,128,127,94,95,60,34,39,70,51,66,51,187,82,38,36,98,55,3116,424,53,51,257,119,420,156,199,84,32,49,32,41,14,24,24,28,37,36,93,116,132,99,211,87,254,107,326,126,158,84,113,61,55,64,76,55,30,34,193,101,158,91,43,38,206,88
25017374500,1400000US25017374500,4650,491,2525,331,142,68,154,63,182,82,141,80,61,61,25,38,63,95,102,65,51,38,135,100,248,82,70,53,205,92,234,133,104,51,96,94,101,60,27,30,85,46,154,77,70,41,29,22,46,28,2125,246,117,82,158,93,162,114,52,35,84,62,0,14,0,14,43,45,71,43,97,95,118,58,164,86,136,60,150,65,199,77,130,104,61,44,10,16,70,46,83,42,124,84,30,23,66,38
25017374600,1400000US25017374600,5311,494,2571,361,100,50,247,106,152,60,112,59,63,64,0,19,0,19,33,29,115,76,230,80,304,251,171,61,249,79,166,72,154,67,58,45,60,39,44,33,69,42,121,62,65,43,26,24,32,30,2740,286,84,53,99,53,253,112,212,101,47,45,18,21,0,19,17,21,193,119,267,141,188,66,223,75,234,82,264,87,97,58,53,40,76,41,62,60,93,62,101,56,80,38,18,21,61,45
25017374700,1400000US25017374700,4407,509,2031,248,196,90,85,53,19,21,38,25,13,21,9,14,13,20,20,23,144,89,174,110,258,136,195,70,126,62,115,51,200,123,82,50,29,28,34,29,49,38,97,67,106,63,0,14,29,27,2376,350,196,79,110,59,121,55,140,111,78,83,0,14,0,14,26,28,110,61,226,122,210,75,106,76,125,63,200,103,249,190,38,31,36,29,55,42,66,46,115,84,66,43,0,14,103,42
25017374800,1400000US25017374800,5273,497,2381,305,81,41,79,51,143,65,95,92,268,93,87,60,79,54,122,85,98,78,208,103,46,41,145,86,101,60,176,71,128,61,39,32,102,53,50,51,85,49,57,35,108,45,15,16,69,48,2892,309,20,23,100,59,163,89,144,75,396,107,181,72,225,94,152,73,96,55,77,47,68,44,184,88,138,71,143,62,91,48,63,47,148,86,45,48,77,54,68,35,63,40,103,50,147,68
25017382100,1400000US25017382100,4826,497,2367,334,142,80,148,71,95,44,124,57,90,47,7,12,67,76,23,26,77,76,137,87,119,75,165,54,169,69,149,52,114,48,55,37,96,48,135,101,107,49,115,51,62,36,125,112,46,38,2459,262,189,125,166,61,200,109,101,55,31,27,7,10,19,24,48,34,41,34,148,93,173,59,186,67,171,68,129,54,170,99,49,31,103,65,52,48,101,59,109,41,85,47,94,121,87,45
25017382200,1400000US25017382200,5290,616,2567,345,145,71,156,99,90,66,113,71,76,61,0,19,32,38,73,68,105,72,130,87,191,89,146,94,96,65,264,121,183,114,137,78,120,91,43,38,155,128,238,168,45,41,14,23,15,24,2723,361,152,120,191,89,141,97,59,44,0,19,30,35,0,19,38,39,166,99,94,54,244,115,134,99,154,101,205,83,310,159,63,60,109,70,133,67,133,98,154,165,66,49,87,52,60,74
25017382300,1400000US25017382300,5920,617,2865,360,185,95,313,235,89,72,189,93,0,19,27,43,17,28,88,82,85,58,89,61,124,78,160,82,240,113,201,99,293,196,80,65,163,100,54,53,98,63,140,107,97,63,102,77,31,38,3055,449,49,51,200,103,297,172,111,78,0,19,17,29,41,49,102,73,91,99,144,81,215,109,148,97,189,104,280,105,219,106,119,75,187,256,84,66,95,65,173,105,127,63,101,77,66,48
25017382400,1400000US25017382400,5171,596,2270,314,85,61,59,70,192,87,118,70,17,25,13,22,30,49,83,83,216,228,65,59,102,75,191,92,171,84,195,82,197,107,57,57,22,25,109,78,83,68,101,81,84,59,39,42,41,45,2901,382,180,63,242,122,114,70,87,66,77,115,0,19,0,19,28,45,211,234,51,46,131,88,227,117,218,97,171,73,207,118,157,104,87,50,107,78,103,106,80,59,92,65,82,75,249,178
25017382500,1400000US25017382500,6071,879,2859,549,219,173,169,120,163,93,80,56,52,79,39,41,21,30,150,159,303,190,245,99,236,132,188,103,207,108,131,103,314,220,79,67,30,44,17,27,21,32,72,57,58,61,65,53,0,19,3212,431,151,96,176,93,189,103,94,90,59,62,41,64,0,19,213,134,280,229,189,114,204,111,256,134,180,57,271,236,160,67,45,47,79,60,77,55,27,33,248,145,80,65,164,94,29,35
25017382601,1400000US25017382601,4677,613,2293,311,291,167,88,55,26,30,74,115,57,91,0,14,0,14,0,14,285,119,383,209,263,152,285,118,29,32,119,91,20,35,68,58,35,44,20,34,129,88,18,30,38,35,13,22,52,67,2384,379,160,132,86,69,65,54,68,58,0,14,0,14,26,30,123,104,371,192,305,139,199,105,199,147,63,51,161,179,115,90,44,34,46,49,0,14,73,62,107,90,33,38,120,109,20,36
25017382602,1400000US25017382602,4918,509,2520,377,151,97,193,90,250,116,37,59,31,51,0,14,0,14,31,37,110,82,86,49,179,81,199,76,136,95,256,115,64,57,22,26,112,73,123,109,108,94,135,76,37,30,103,83,157,195,2398,331,49,41,94,65,183,108,45,49,65,86,0,14,0,14,23,32,46,42,142,72,157,74,143,69,213,95,123,92,66,48,107,80,152,82,99,68,156,85,100,55,158,98,183,176,94,62
25017383101,1400000US25017383101,4044,447,2248,309,40,41,71,62,154,78,89,73,41,42,79,70,36,37,125,66,151,91,293,142,209,170,243,115,185,113,144,73,145,99,11,17,33,38,35,29,63,55,44,32,23,25,26,37,8,13,1796,329,182,146,66,64,175,148,24,27,0,14,11,17,16,27,33,33,246,107,218,110,121,66,93,49,124,88,137,84,73,53,59,51,47,29,17,20,69,46,65,40,8,14,0,14,12,16
25017383102,1400000US25017383102,5300,802,2683,461,367,240,381,163,370,147,177,96,100,112,0,19,60,49,23,26,104,59,206,111,123,83,266,149,141,95,81,42,98,61,27,42,65,55,42,50,0,19,40,35,12,17,0,19,0,19,2617,440,316,194,173,83,284,161,86,66,0,19,61,46,0,19,119,96,89,52,340,177,195,87,248,113,155,120,200,114,81,59,52,36,18,23,9,15,54,35,52,48,31,32,0,19,54,70
25017383200,1400000US25017383200,6677,1091,3454,756,215,202,177,155,490,278,143,189,89,85,38,60,14,24,63,89,213,182,291,169,733,364,244,184,62,62,212,126,222,147,9,16,42,50,50,50,39,46,90,104,9,16,9,17,0,19,3223,611,326,227,237,163,187,138,26,44,40,61,0,19,71,92,0,19,336,212,200,90,460,246,191,145,180,108,80,107,320,221,138,102,89,71,40,51,14,23,74,64,48,44,35,33,131,26
25017383300,1400000US25017383300,3875,615,1804,352,172,113,91,103,28,38,102,93,42,58,6,36,0,14,30,45,136,80,203,118,153,118,82,67,104,94,263,158,124,113,13,32,33,41,15,19,74,52,33,30,55,40,10,9,35,36,2071,357,262,233,57,73,56,52,113,100,19,30,0,14,21,34,0,14,189,103,96,68,174,115,109,84,189,146,184,134,71,75,28,43,24,27,32,44,23,26,120,85,98,75,56,70,150,67
25017383401,1400000US25017383401,2714,725,1276,439,119,98,98,98,41,52,0,14,18,31,71,100,39,44,44,50,189,136,111,90,82,57,83,67,113,165,2,4,168,148,0,14,4,7,3,10,18,22,7,11,0,14,58,59,8,3,1438,357,106,97,126,133,48,55,50,78,35,56,0,14,67,105,44,44,148,118,71,62,173,98,30,26,103,91,79,94,30,44,88,83,92,102,28,52,0,14,32,54,66,53,0,14,22,51
25017383402,1400000US25017383402,3935,696,1998,424,177,108,150,94,147,126,138,114,0,14,0,14,68,73,161,138,84,80,145,110,210,102,253,128,164,194,7,16,96,91,52,56,23,36,8,15,94,74,16,27,0,14,5,9,0,14,1937,488,118,89,202,118,101,83,147,170,80,97,0,14,0,14,46,53,149,113,190,135,316,129,106,88,76,63,62,56,50,60,44,52,57,63,58,74,63,63,18,27,43,35,8,15,3,8
25017383501,1400000US25017383501,3981,499,2026,345,41,44,72,67,153,100,146,79,6,11,0,14,0,14,16,25,232,147,107,89,155,104,208,128,97,102,191,92,36,39,80,66,61,70,120,77,79,81,98,77,63,61,15,19,50,72,1955,334,80,95,140,93,75,68,65,70,98,70,11,17,0,14,62,66,276,148,92,76,96,75,186,85,101,69,118,75,144,104,8,14,107,83,0,14,95,71,90,83,73,58,0,14,38,36
25017383502,1400000US25017383502,3920,458,1666,315,10,15,0,14,11,23,11,22,313,145,148,63,119,72,172,85,62,38,76,46,47,40,36,29,87,69,44,38,105,55,30,37,50,53,109,136,135,104,50,30,40,26,11,15,0,14,2254,271,82,45,131,65,25,29,34,41,395,128,197,77,157,88,163,91,56,31,68,47,181,90,81,65,65,44,109,60,116,66,12,19,147,115,4,7,35,27,23,19,124,122,22,21,27,20
25017383600,1400000US25017383600,6225,736,2980,416,137,97,130,101,149,92,77,94,38,40,17,27,56,61,239,179,192,102,182,110,81,70,164,124,244,131,187,101,286,130,98,110,134,94,33,39,28,41,263,126,9,16,48,48,188,168,3245,466,231,161,49,54,116,109,155,106,2,4,49,57,84,116,87,77,267,155,229,119,295,141,108,90,125,105,129,89,276,121,104,90,68,62,68,61,79,93,154,104,132,94,97,66,341,212
25017383700,1400000US25017383700,5418,566,2819,373,264,102,122,95,72,53,67,66,71,112,18,30,69,78,339,235,226,125,286,138,115,84,169,118,198,86,74,57,275,130,72,62,14,21,42,35,104,71,92,77,46,49,56,78,28,32,2599,418,177,102,172,115,19,24,59,45,0,19,147,167,0,19,137,132,165,97,148,71,205,118,155,69,126,85,309,176,306,130,40,41,74,57,29,33,74,60,50,36,127,86,65,54,15,26
25017383800,1400000US25017383800,5960,1196,2867,668,232,104,298,311,194,93,57,55,0,19,0,19,0,19,59,62,98,71,270,121,395,314,131,75,153,84,105,85,176,103,140,100,149,83,76,63,53,53,181,82,54,33,22,38,24,28,3093,629,318,273,195,112,106,90,24,30,82,71,0,19,7,13,73,70,248,130,164,86,380,278,198,102,115,71,128,107,200,101,93,68,210,85,167,78,85,55,118,66,84,52,61,65,37,37
25017383902,1400000US25017383902,5934,778,2979,442,108,64,155,112,237,124,125,67,95,66,38,46,34,29,11,19,47,36,72,39,230,90,166,94,312,115,204,80,280,155,70,41,148,87,23,26,74,47,323,197,79,44,98,51,50,35,2955,390,138,83,248,153,151,53,77,55,48,39,32,49,27,35,26,29,68,48,197,111,183,78,359,186,98,47,257,116,172,58,108,73,126,78,62,32,78,48,240,140,123,61,104,49,33,29
25017383903,1400000US25017383903,2670,372,1158,168,56,39,82,53,41,28,60,41,44,44,6,9,60,51,24,20,35,29,36,35,67,51,130,60,53,45,95,66,69,36,37,22,51,43,19,21,92,68,33,22,19,15,20,16,29,23,1512,276,96,100,67,51,21,24,222,120,64,62,76,67,0,14,0,14,40,34,66,56,134,63,58,47,39,29,146,62,147,69,31,27,98,60,4,7,39,29,42,24,57,52,28,21,37,41
25017383904,1400000US25017383904,4872,514,2663,399,132,97,127,111,239,230,92,88,48,54,26,32,57,95,72,67,111,77,50,35,132,89,90,56,194,103,187,99,233,150,87,77,204,125,71,81,32,44,286,160,85,69,49,44,59,50,2209,324,84,67,37,35,63,58,41,51,23,37,18,30,0,14,69,113,54,53,96,73,139,71,132,86,177,105,207,107,122,71,145,121,259,180,63,66,84,63,177,108,72,50,22,27,125,73
25017384003,1400000US25017384003,5432,852,2979,562,71,94,155,109,149,131,54,53,22,33,2,4,20,28,369,336,318,193,109,70,413,273,209,136,117,121,69,61,405,246,10,16,82,73,28,28,72,67,110,69,143,114,52,38,0,19,2453,443,20,33,108,77,250,148,0,19,112,107,0,19,0,19,217,165,150,110,403,227,113,119,246,157,63,45,52,52,194,186,0,19,62,58,50,44,117,76,121,69,73,44,102,61,0,19
25017384004,1400000US25017384004,1442,183,707,111,54,32,37,25,30,21,8,32,13,13,31,24,37,42,8,12,67,63,83,62,39,24,41,28,40,27,28,22,10,11,15,13,11,13,4,7,31,21,41,28,39,31,11,11,29,14,735,124,51,33,43,34,32,20,30,23,8,11,28,46,5,9,19,19,62,38,57,36,17,15,106,44,10,10,30,18,25,19,4,6,32,20,48,53,15,14,58,34,39,23,11,11,5,8
25017385101,1400000US25017385101,3181,635,1501,273,35,34,117,83,42,33,17,29,13,22,0,14,0,14,117,82,35,30,304,233,154,86,108,60,42,35,102,67,134,65,0,14,31,34,31,34,100,80,31,28,44,31,27,28,17,16,1680,394,39,34,50,33,239,173,58,45,0,14,0,14,11,18,51,52,157,76,312,232,89,55,166,88,41,41,65,58,161,54,12,20,34,34,0,14,84,55,22,26,57,37,19,22,13,21
25017385102,1400000US25017385102,4626,522,2293,369,60,57,144,80,142,68,29,29,96,99,2,3,17,18,84,55,140,84,209,102,152,97,274,260,74,33,176,69,206,100,40,37,78,43,58,49,58,47,80,92,108,49,39,30,27,26,2333,317,96,76,179,100,58,48,109,54,10,16,51,66,36,34,64,49,152,93,82,59,206,147,186,92,182,73,186,77,111,57,73,48,173,86,37,32,74,37,31,28,127,61,61,86,49,44
25017385201,1400000US25017385201,2906,370,1301,224,93,111,117,87,127,78,3,6,0,14,0,14,0,14,20,21,37,42,5,10,154,89,132,46,21,23,129,72,81,49,34,29,47,36,14,21,38,37,161,115,56,38,0,14,32,41,1605,250,15,18,93,59,91,66,21,21,34,36,13,19,0,14,15,21,48,53,28,35,101,50,78,39,117,60,128,85,102,76,38,31,88,63,73,65,60,41,150,118,82,54,108,98,122,106
25017385203,1400000US25017385203,4742,482,2329,308,116,58,147,101,81,108,13,23,15,30,0,14,0,14,90,94,31,58,255,137,186,98,273,208,273,155,86,69,262,138,59,64,72,79,97,75,97,76,91,56,39,36,0,14,46,40,2413,311,190,84,101,107,22,35,61,56,0,14,0,14,73,97,25,42,90,89,155,89,145,82,274,167,83,61,71,80,301,107,32,51,204,190,88,57,80,58,158,86,139,103,27,31,94,54
25017385204,1400000US25017385204,3418,343,1795,225,172,82,114,58,82,62,94,60,53,58,16,20,72,71,112,74,10,13,159,102,92,49,150,90,127,74,89,67,179,74,33,38,51,51,11,14,26,31,47,39,61,45,27,21,18,18,1623,191,101,51,97,79,91,57,20,23,46,59,18,28,45,49,47,46,105,86,126,64,160,88,84,52,115,52,115,75,156,65,32,39,59,46,36,36,73,52,37,42,36,26,6,10,18,25
25017386100,1400000US25017386100,4427,32,2179,112,276,130,136,63,200,63,116,62,17,27,0,14,0,14,91,51,23,23,45,32,111,59,143,56,130,52,183,64,227,93,94,50,55,42,9,14,126,60,67,41,55,43,32,28,43,38,2248,114,142,58,127,62,193,75,104,54,39,43,0,14,11,19,55,50,57,44,71,45,222,140,185,65,115,47,217,70,156,69,77,58,89,52,88,53,41,39,106,54,75,46,42,33,36,35
25017387100,1400000US25017387100,4569,384,2261,262,78,62,156,73,239,79,108,51,24,37,35,39,29,31,40,37,92,61,56,38,81,45,168,63,302,155,222,73,129,66,48,37,64,41,80,45,102,64,79,48,87,38,40,32,2,5,2308,226,48,35,138,70,225,80,120,56,74,53,10,16,0,14,63,46,47,40,124,67,110,49,147,54,222,88,200,65,148,68,63,53,75,52,100,57,69,42,116,45,85,45,117,82,7,12
25017387201,1400000US25017387201,5912,446,3034,308,133,74,188,97,174,97,33,37,26,36,0,19,50,79,126,83,210,131,89,65,261,182,130,88,273,122,172,91,249,101,60,48,253,151,110,75,155,103,122,79,145,111,61,51,14,22,2878,312,145,77,123,67,175,99,129,53,86,118,24,42,47,54,47,46,112,104,49,47,198,88,290,103,145,94,72,57,308,140,129,67,159,83,79,54,95,105,159,99,132,100,81,54,94,63
25017387202,1400000US25017387202,4613,531,2496,318,105,46,254,135,230,149,136,62,32,42,46,44,0,14,68,44,68,49,111,69,190,159,162,90,210,94,175,58,171,72,86,51,86,56,26,25,89,51,96,47,85,64,62,42,8,12,2117,281,98,69,168,80,82,41,112,97,31,32,0,14,16,18,123,80,54,34,57,37,197,75,98,48,217,99,149,51,114,59,112,58,57,37,10,17,206,173,100,48,64,41,30,30,22,24
25017388100,1400000US25017388100,5496,21,2660,248,45,46,188,88,109,95,162,100,11,18,15,23,0,19,47,35,211,134,217,183,87,72,274,97,166,85,100,76,456,178,11,17,89,74,73,73,115,104,205,114,33,41,46,53,0,19,2836,248,0,19,244,153,222,90,130,111,164,154,132,170,47,66,234,126,86,59,15,26,88,71,219,93,231,116,129,85,277,177,95,73,106,82,82,76,66,62,110,70,54,55,95,85,10,16
25017388200,1400000US25017388200,6976,15,4205,165,172,125,231,136,179,114,94,76,31,52,19,31,0,19,136,89,378,136,359,145,272,95,517,162,236,89,239,101,303,110,96,78,190,86,168,117,187,101,152,64,100,85,3,5,143,189,2771,164,143,122,95,62,125,75,103,93,0,19,12,22,0,19,87,63,134,81,102,63,305,139,140,75,241,128,187,92,230,95,174,102,64,46,144,107,119,71,72,57,87,63,14,23,193,177
25017388300,1400000US25017388300,6259,538,3192,347,107,86,151,117,105,89,97,81,998,226,367,133,133,69,238,126,144,113,95,84,66,78,62,78,179,100,73,70,103,98,55,52,33,41,90,96,41,44,20,34,9,22,12,23,14,22,3067,418,90,83,68,55,86,83,80,70,530,153,256,122,263,137,281,137,90,60,237,128,181,129,159,129,67,54,30,38,169,133,67,59,96,68,28,42,32,51,42,41,173,94,11,23,31,23
25017980000,1400000US25017980000,0,14,0,14,0,14,0,14,0,14,0,14,0,14,0,14,0,14,0,14,0,14,0,14,0,14,0,14,0,14,0,14,0,14,0,14,0,14,0,14,0,14,0,14,0,14,0,14,0,14,0,14,0,14,0,14,0,14,0,14,0,14,0,14,0,14,0,14,0,14,0,14,0,14,0,14,0,14,0,14,0,14,0,14,0,14,0,14,0,14,0,14,0,14,0,14,0,14
25019950100,1400000US25019950100,1662,279,719,159,19,22,10,15,11,19,15,35,3,14,9,13,23,34,23,26,19,29,54,42,64,72,34,28,40,36,23,23,84,42,10,12,20,18,58,38,31,21,74,39,24,16,16,15,55,42,943,209,11,13,13,16,17,19,25,32,26,45,16,31,0,14,7,20,140,84,21,16,21,26,11,12,108,108,102,75,58,36,14,15,40,30,32,24,66,32,83,42,44,28,49,28,39,31
25019950201,1400000US25019950201,4096,773,2426,576,77,48,159,70,177,133,121,96,25,44,0,14,15,25,192,260,135,111,167,89,117,82,159,93,185,81,493,231,49,37,57,59,41,40,25,33,14,20,82,74,23,22,113,55,0,14,1670,347,19,23,94,47,94,59,74,44,3,5,19,9,2,5,0,14,53,57,188,88,153,115,205,127,113,54,191,217,84,65,89,62,13,22,45,34,21,25,98,77,65,55,32,37,15,23
25019950202,1400000US25019950202,3089,587,1722,426,193,138,89,63,130,134,31,40,0,14,0,14,0,14,0,14,58,97,161,193,75,71,315,244,65,60,53,69,165,175,140,121,16,24,34,40,48,48,89,66,23,28,10,17,27,31,1367,353,82,47,24,28,116,76,110,100,0,14,0,14,0,14,47,86,126,97,62,59,113,71,157,163,113,89,29,43,192,183,0,14,52,47,0,14,15,26,85,63,27,32,0,14,17,27
25019950307,1400000US25019950307,1194,638,495,203,0,14,136,87,114,87,4,6,0,14,0,14,0,14,0,14,0,14,0,14,13,19,22,12,5,8,22,31,17,15,9,16,60,72,12,20,12,11,50,31,17,20,2,5,0,14,699,453,114,87,132,88,0,14,0,14,0,14,0,14,0,14,0,14,10,15,0,14,33,18,253,283,0,14,8,13,30,27,0,14,33,37,15,14,21,14,31,26,8,10,3,4,8,11
25019950400,1400000US25019950400,3319,737,1543,371,56,56,110,120,119,115,22,23,0,14,93,100,46,80,191,86,0,14,53,64,190,155,42,47,164,114,109,91,75,58,39,41,67,65,48,54,32,33,42,47,45,56,0,14,0,14,1776,471,99,53,32,34,97,87,52,42,75,94,0,14,30,38,77,78,169,192,66,55,156,122,193,156,55,41,319,218,140,87,41,45,37,31,20,25,57,49,36,31,7,12,0,14,18,25
25019950500,1400000US25019950500,1123,216,645,191,8,16,4,9,0,14,138,82,3,3,2,4,27,39,7,12,25,46,7,11,0,14,78,95,46,37,17,15,64,60,59,38,27,36,5,8,9,14,40,54,18,16,61,51,0,14,478,109,4,7,6,9,0,14,17,18,17,22,1,3,0,14,0,14,0,14,5,9,9,14,17,21,20,18,42,29,45,34,23,25,41,53,15,17,11,13,72,49,65,64,38,34,30,17
25019990000,1400000US25019990000,0,14,0,14,0,14,0,14,0,14,0,14,0,14,0,14,0,14,0,14,0,14,0,14,0,14,0,14,0,14,0,14,0,14,0,14,0,14,0,14,0,14,0,14,0,14,0,14,0,14,0,14,0,14,0,14,0,14,0,14,0,14,0,14,0,14,0,14,0,14,0,14,0,14,0,14,0,14,0,14,0,14,0,14,0,14,0,14,0,14,0,14,0,14,0,14,0,14
25021400100,1400000US25021400100,5412,650,2330,432,47,54,83,86,81,85,0,19,53,49,17,17,37,36,258,220,304,156,232,110,149,115,129,118,85,72,46,60,99,62,124,78,239,154,0,19,52,55,129,79,153,119,13,24,0,19,3082,485,153,121,141,112,179,184,0,19,65,29,81,63,96,78,132,134,404,163,341,179,226,115,240,117,82,74,0,19,291,162,31,37,133,144,24,38,114,93,119,76,78,59,137,126,15,25
25021400201,1400000US25021400201,3230,533,1430,291,107,68,72,37,0,14,8,15,0,14,0,14,0,14,108,149,114,83,234,182,141,64,110,48,85,78,80,64,93,43,20,27,25,28,0,14,47,40,19,27,88,60,22,25,57,68,1800,344,73,57,136,90,31,38,0,14,0,14,0,14,0,14,220,164,142,85,253,160,179,83,154,93,81,59,34,33,64,42,0,14,63,56,3,10,8,13,103,44,49,35,176,256,31,26
25021400202,1400000US25021400202,3458,499,1530,375,47,46,22,24,115,70,45,80,9,17,71,65,231,215,298,142,170,121,31,30,83,57,12,19,96,60,101,55,72,59,8,12,0,14,0,14,24,36,87,50,0,14,8,13,0,14,1928,352,57,38,76,57,81,61,27,37,0,14,199,192,198,148,292,190,130,77,50,39,96,61,38,35,208,155,113,89,25,22,13,20,90,81,43,61,0,14,133,141,17,22,29,61,13,22
25021400300,1400000US25021400300,4628,573,1941,306,176,97,205,138,89,54,24,53,15,18,59,57,16,17,106,77,174,82,64,40,168,73,113,79,110,71,120,78,93,53,85,46,42,39,22,27,85,40,53,32,78,41,18,20,26,33,2687,379,98,83,146,97,195,109,100,71,10,17,4,13,53,83,181,94,378,139,257,113,93,50,317,182,92,55,162,114,120,65,86,50,49,39,41,35,134,82,70,33,94,56,7,12,0,14
25021400401,1400000US25021400401,3939,629,1750,365,55,85,124,95,66,51,24,32,73,90,0,14,0,14,152,105,220,113,146,112,129,112,17,27,105,45,23,38,89,77,27,39,184,195,11,17,40,31,111,77,40,25,44,40,70,89,2189,367,22,31,48,77,26,36,55,56,94,99,10,17,0,14,207,111,225,127,284,169,77,60,125,96,69,46,131,99,104,66,85,142,63,41,31,42,27,29,181,170,14,23,208,113,103,52
25021400402,1400000US25021400402,1982,392,1066,219,46,37,29,22,82,30,46,29,21,26,18,26,17,26,0,14,164,107,42,32,73,56,102,52,146,135,81,50,78,58,23,30,21,22,16,12,18,16,29,22,3,6,9,10,2,5,916,263,58,42,26,21,124,165,30,27,0,14,0,14,0,14,37,30,112,80,29,21,65,43,52,34,72,66,75,36,42,33,12,13,26,35,29,26,44,37,42,23,8,8,26,21,7,10
25021400500,1400000US25021400500,5519,679,2501,547,105,94,58,61,156,108,110,99,0,19,0,19,0,19,322,254,406,274,168,97,264,140,137,90,152,142,34,52,160,106,34,52,60,61,0,19,98,69,32,41,71,55,79,63,55,50,3018,434,47,56,67,54,83,54,33,36,92,98,81,123,40,60,286,183,657,358,289,141,230,166,155,92,166,124,202,126,100,74,0,19,94,67,91,74,42,45,85,65,84,55,28,38,66,62
25021400600,1400000US25021400600,5280,575,2223,379,94,86,100,84,79,46,107,92,45,56,0,19,27,43,19,28,308,229,176,110,201,165,131,86,135,70,101,71,47,50,10,13,177,97,120,75,114,81,63,53,125,117,44,55,0,19,3057,410,76,72,63,51,186,93,60,52,0,19,23,32,5,9,172,165,502,260,369,211,262,145,0,19,199,86,40,44,238,164,93,72,91,76,152,95,145,97,241,281,54,40,11,20,75,55
25021400700,1400000US25021400700,4121,469,1728,236,73,50,108,73,156,95,77,50,17,27,0,14,72,101,107,100,161,88,176,65,55,37,115,63,84,69,106,56,99,64,11,18,90,71,24,26,27,26,40,29,77,59,29,26,24,26,2393,351,87,57,107,73,132,69,32,30,17,27,12,20,11,18,372,234,380,249,162,68,143,64,105,72,146,77,126,68,108,82,53,54,74,50,13,21,140,112,48,35,106,58,9,14,10,16
25021400800,1400000US25021400800,5945,632,2519,369,115,88,205,113,60,60,24,38,22,31,9,20,0,19,140,136,316,140,246,113,257,124,178,86,169,131,86,55,216,160,61,57,73,45,29,32,59,40,104,67,53,45,71,50,26,37,3426,481,200,99,135,88,176,129,51,44,37,52,52,81,0,19,536,362,201,125,366,164,371,123,159,82,183,122,121,65,145,108,60,51,64,53,46,44,51,46,146,84,188,93,50,41,88,64
25021400900,1400000US25021400900,4115,515,2032,347,144,102,142,84,106,73,60,66,0,14,0,14,0,14,231,171,343,181,278,139,130,108,209,129,33,47,73,75,60,49,25,40,19,22,22,29,18,27,22,27,23,36,53,53,41,39,2083,293,22,29,97,77,105,87,24,30,0,14,0,14,0,14,113,74,346,125,208,119,158,108,128,93,136,96,104,72,83,48,35,27,125,99,36,36,48,55,36,35,114,70,46,45,119,100
25021401000,1400000US25021401000,3580,405,1663,258,101,74,100,53,122,81,162,89,0,14,0,14,16,25,48,47,140,70,77,64,175,53,48,40,174,88,96,58,107,48,0,14,28,27,8,12,108,91,78,42,21,20,18,20,36,30,1917,278,131,87,69,45,155,91,33,27,49,49,0,14,11,16,144,116,190,97,139,72,154,68,84,56,285,137,97,66,81,43,17,24,28,27,14,21,77,45,81,42,46,25,26,21,6,11
25021401100,1400000US25021401100,4639,577,2218,341,119,74,204,132,292,126,208,92,59,41,4,8,10,21,31,49,54,45,95,59,90,55,91,60,180,82,161,54,155,104,60,38,41,38,68,70,41,33,87,60,65,41,60,37,43,45,2421,368,211,147,194,99,231,136,117,77,107,71,18,25,10,21,44,59,169,126,156,75,116,70,109,45,233,90,129,42,139,60,61,41,34,26,67,43,41,30,65,36,75,64,58,34,37,29
25021401201,1400000US25021401201,5645,909,3000,668,247,136,125,62,515,356,231,140,17,25,51,63,37,53,116,94,49,43,38,33,324,206,80,46,337,191,209,79,120,83,110,74,53,40,28,25,64,39,65,42,78,37,19,22,87,107,2645,407,154,94,239,90,119,74,182,127,92,87,60,59,14,24,118,69,29,30,64,49,237,159,173,89,220,97,203,65,135,93,58,41,59,49,30,28,76,67,165,54,113,63,78,60,27,24
25021401202,1400000US25021401202,1773,265,722,179,30,31,47,20,14,15,13,15,16,27,13,18,9,19,66,60,53,68,14,17,36,27,40,26,97,62,13,14,21,24,17,27,49,37,19,42,24,23,33,28,27,21,30,21,41,36,1051,174,21,32,59,33,5,9,45,47,118,51,30,37,101,52,51,46,49,47,17,16,34,26,30,22,66,57,25,21,39,37,0,14,48,31,38,34,16,19,51,33,43,28,59,32,106,64
25021402101,1400000US25021402101,3366,388,1632,204,8,12,15,19,52,46,69,43,0,14,23,33,0,14,115,126,83,68,125,71,162,100,99,51,58,50,101,67,196,92,82,52,1,2,96,81,79,67,82,55,124,81,0,14,62,42,1734,233,40,32,78,46,33,40,37,46,3,6,9,14,0,14,57,67,72,61,89,92,75,43,46,28,156,122,103,58,160,96,86,55,72,54,45,44,124,96,269,92,48,31,87,78,45,37
25021402102,1400000US25021402102,4677,497,2282,377,126,75,175,131,210,128,61,53,11,26,113,92,0,14,42,57,81,70,361,169,175,90,136,95,174,122,172,97,108,69,8,13,68,62,14,16,78,66,70,46,55,35,21,25,23,26,2395,332,29,26,162,122,265,113,100,83,39,43,15,20,8,16,181,116,30,31,227,125,218,119,131,79,125,76,226,123,42,36,40,42,171,92,88,61,92,53,80,50,72,59,31,24,23,26
25021402200,1400000US25021402200,2262,334,1029,131,38,24,79,49,36,27,29,31,14,21,0,14,19,29,50,36,61,31,35,17,110,48,85,32,136,76,55,30,83,44,0,14,58,37,15,16,53,37,47,34,21,16,0,14,5,9,1233,288,81,40,35,25,46,46,28,28,44,45,10,15,18,20,49,35,21,20,61,23,72,28,107,41,82,44,92,41,71,42,90,123,140,135,27,19,39,31,82,48,12,13,5,9,21,16
25021402300,1400000US25021402300,4530,384,2369,280,100,61,134,54,159,88,121,70,16,27,0,14,21,33,85,81,122,91,118,58,186,69,108,55,194,86,217,124,209,113,58,46,119,69,80,52,70,48,78,66,72,38,33,25,69,44,2161,238,176,71,79,47,136,68,84,61,39,54,9,15,54,69,45,56,34,32,154,57,149,68,170,69,130,74,87,61,160,73,66,58,82,60,10,15,107,54,67,40,99,53,101,59,123,64
25021402400,1400000US25021402400,6358,604,2964,350,214,120,237,102,64,72,18,23,75,98,35,51,49,46,187,173,216,118,157,81,319,133,169,104,212,113,183,107,148,83,13,23,152,89,57,52,56,51,159,97,129,94,30,35,85,61,3394,344,330,153,226,149,66,57,145,106,24,40,53,58,0,19,165,135,275,98,104,80,308,124,243,123,165,88,181,78,189,89,87,67,195,117,144,103,38,43,93,86,187,91,82,102,94,69
25021402500,1400000US25021402500,4044,366,2039,235,28,28,118,58,100,43,55,47,35,56,32,38,44,42,89,58,95,57,57,29,86,65,241,97,90,53,121,58,130,65,46,30,83,51,122,65,73,52,133,68,54,36,82,54,125,63,2005,269,34,30,70,48,89,56,90,51,13,22,8,12,0,14,0,14,37,35,47,37,11,19,68,45,100,64,289,158,130,66,80,56,98,53,28,26,76,56,57,38,128,66,140,123,412,137
25021403100,1400000US25021403100,7496,640,3503,368,73,72,453,140,319,117,117,79,108,86,0,19,40,59,113,138,85,73,59,47,190,82,375,112,341,112,193,90,323,143,54,60,203,100,81,74,76,54,25,30,124,95,75,50,76,52,3993,442,274,127,358,121,525,155,210,208,62,71,29,47,0,19,191,123,81,75,134,72,265,129,331,102,279,85,234,133,358,156,99,69,43,41,140,109,76,49,80,53,23,29,106,61,95,55
25021403300,1400000US25021403300,4538,481,2362,249,96,46,159,53,214,77,224,124,85,51,3,7,19,22,45,40,26,22,51,30,102,47,116,52,208,80,180,73,189,69,160,100,64,42,15,23,75,41,211,72,36,25,42,34,42,36,2176,289,99,49,136,50,153,76,158,84,48,75,11,17,38,38,63,70,17,19,63,30,74,38,190,70,145,83,240,68,180,98,47,34,135,77,46,44,89,47,116,52,60,36,28,26,40,23
25021403400,1400000US25021403400,7153,797,3533,484,264,192,368,188,342,178,153,93,76,59,40,24,62,55,48,37,104,85,46,46,204,111,235,84,137,75,249,134,283,177,90,63,147,83,104,74,175,110,80,80,80,62,104,61,142,77,3620,448,130,102,362,188,266,103,90,68,180,95,59,47,70,47,54,45,37,44,63,47,288,178,268,82,244,154,202,114,241,88,168,84,218,118,5,10,123,70,80,62,198,82,64,58,210,93
25021403501,1400000US25021403501,2911,530,1304,317,25,33,32,42,132,84,0,14,27,38,0,14,55,77,98,84,36,33,71,55,84,58,47,40,199,155,87,51,40,31,0,14,60,47,0,14,29,44,81,64,24,26,41,43,136,138,1607,303,15,30,117,113,180,119,7,13,16,26,22,39,31,35,18,32,33,32,88,77,141,95,183,121,51,48,80,59,89,56,10,17,25,27,16,24,58,55,143,75,61,45,67,56,156,153
25021403502,1400000US25021403502,4217,548,1924,312,17,22,195,64,142,63,77,54,39,32,11,19,0,14,77,76,8,14,22,28,161,73,150,64,162,64,124,70,223,194,83,56,125,82,62,50,24,29,109,145,57,43,32,36,24,26,2293,292,237,68,222,62,94,73,115,69,17,29,0,14,16,23,15,22,9,14,30,30,191,65,180,71,186,74,148,59,244,176,9,15,122,66,60,46,44,42,115,102,74,58,84,67,81,56
25021404100,1400000US25021404100,4546,528,2211,358,101,52,173,76,271,130,140,100,106,68,26,33,23,33,15,21,79,74,44,35,57,45,194,65,266,138,163,48,87,52,62,44,81,55,78,71,60,41,67,39,55,35,40,27,23,25,2335,265,265,153,85,58,210,72,78,46,15,18,25,39,33,32,63,41,98,74,58,44,84,38,243,55,197,121,205,75,86,45,58,36,87,52,109,82,33,28,126,51,31,22,88,55,58,41
25021404201,1400000US25021404201,3886,302,1796,187,147,65,130,61,136,66,57,43,11,18,15,24,13,20,45,39,25,25,16,17,210,80,98,50,125,63,69,40,242,76,31,26,112,58,34,26,28,25,101,55,35,29,28,25,88,43,2090,218,176,111,177,63,265,73,149,81,39,40,15,23,9,15,43,31,69,70,18,21,142,60,121,49,112,64,134,53,214,68,40,48,20,22,69,47,34,29,76,45,82,38,39,29,47,32
25021404202,1400000US25021404202,5874,472,2534,318,3,9,83,53,181,114,155,76,593,185,181,107,120,56,235,97,18,23,26,23,76,45,66,56,123,63,195,87,191,59,19,22,39,28,24,24,34,29,103,73,35,30,13,16,21,25,3340,368,63,48,116,69,176,121,154,70,712,167,452,137,159,78,109,53,11,18,33,32,77,44,109,65,294,144,103,51,239,77,20,23,77,41,34,22,91,50,111,87,32,25,21,19,147,73
25021404301,1400000US25021404301,5820,707,2902,358,190,87,249,111,283,167,274,200,8,14,11,17,18,27,59,37,17,20,146,72,170,70,196,110,216,90,194,81,264,150,95,49,103,59,92,68,60,32,109,56,69,43,45,31,34,28,2918,431,116,70,172,81,375,149,171,90,41,32,26,32,0,19,102,112,8,12,228,73,127,55,135,56,384,123,252,96,202,72,52,39,90,60,104,62,87,48,124,61,49,30,43,29,30,27
25021404302,1400000US25021404302,3669,485,1689,299,78,64,93,54,173,137,159,81,7,11,23,33,0,14,37,35,5,8,73,72,83,47,176,76,40,31,129,64,191,64,93,51,71,43,6,11,30,27,111,57,53,31,20,21,38,31,1980,255,50,50,197,166,198,131,71,47,16,21,6,11,0,14,41,22,17,18,56,36,99,48,167,100,143,73,137,48,195,69,32,26,116,56,11,20,48,33,79,40,113,56,65,41,123,87
25021404400,1400000US25021404400,6552,477,2076,314,86,51,90,60,140,64,173,61,91,65,0,19,56,56,104,66,72,61,61,40,100,74,81,43,134,49,68,45,184,80,37,33,136,70,74,55,72,59,105,58,84,43,69,37,59,37,4476,315,94,58,179,85,119,61,86,42,1200,172,551,147,342,102,280,92,75,69,33,36,133,76,166,70,122,55,122,47,169,93,100,49,115,58,32,30,109,72,116,50,101,47,126,64,106,72
25021405100,1400000US25021405100,5930,22,2941,218,205,91,144,65,198,89,277,202,41,32,14,22,40,57,164,118,68,46,9,11,180,74,131,65,252,81,200,85,363,129,96,69,61,36,91,60,141,73,129,53,44,33,36,29,57,45,2989,217,145,84,192,93,210,91,169,95,115,90,50,49,46,53,95,112,65,55,32,27,220,78,166,73,241,76,210,95,330,130,93,50,117,71,142,64,25,24,111,54,116,57,25,23,74,39
25021406101,1400000US25021406101,6357,543,3075,450,230,165,256,139,345,162,97,82,32,35,21,33,29,32,74,65,27,28,156,103,171,118,356,144,179,90,350,152,130,66,80,71,87,60,26,23,100,59,43,32,78,46,49,45,159,108,3282,303,209,143,132,98,268,126,201,155,161,150,0,19,9,19,107,82,43,43,146,73,225,179,218,81,236,92,320,126,174,76,42,56,189,83,112,69,62,42,191,125,78,54,149,112,10,13
25021406102,1400000US25021406102,6711,542,3444,395,290,137,425,191,227,94,123,119,19,32,28,33,28,37,69,50,152,79,88,62,302,151,164,95,273,110,208,114,380,154,51,49,156,97,68,58,146,77,123,66,74,51,50,43,0,19,3267,345,195,133,196,108,218,96,269,129,3,5,0,19,0,19,77,58,64,51,189,107,188,81,179,77,368,170,181,101,324,119,88,61,236,103,78,39,114,67,87,52,48,49,34,36,131,108
25021407101,1400000US25021407101,4660,380,2022,223,101,68,61,39,105,61,35,28,48,49,14,25,49,44,142,130,67,73,78,56,157,76,124,83,97,65,101,53,61,45,112,66,142,90,21,25,250,143,150,69,79,61,15,21,13,15,2638,285,129,80,87,43,174,109,113,63,83,67,69,71,10,16,35,36,70,65,112,48,143,71,80,48,188,112,157,85,302,226,76,51,188,91,68,40,133,129,193,92,131,69,56,53,41,31
25021407102,1400000US25021407102,4228,378,2067,271,167,74,75,41,137,77,103,64,0,14,70,98,0,14,56,91,167,97,131,69,178,70,129,73,75,60,70,58,106,66,181,108,49,44,11,16,73,46,165,80,90,51,4,9,30,48,2161,242,137,74,61,54,29,31,123,69,1,3,0,14,22,32,108,72,89,64,73,52,201,75,110,61,177,104,112,67,222,91,0,14,134,88,174,202,86,57,115,53,130,58,22,22,35,26
25021408102,1400000US25021408102,5053,412,2612,272,173,115,104,75,114,62,105,56,80,66,28,41,44,36,151,76,184,93,187,68,153,109,117,69,143,88,214,99,164,57,64,44,109,58,80,40,138,65,121,45,117,138,0,19,22,32,2441,271,186,93,134,95,133,98,102,64,0,19,7,12,10,17,82,47,212,107,225,89,156,70,58,44,216,102,182,72,180,59,107,61,116,65,60,37,88,47,115,58,16,19,23,22,33,29
25021408103,1400000US25021408103,3594,559,1727,239,140,90,131,48,154,81,30,22,10,16,35,54,40,36,53,39,91,121,21,21,87,55,91,50,91,59,41,30,362,208,61,42,77,54,59,48,57,39,80,80,0,14,16,19,0,14,1867,465,81,71,45,43,114,111,129,116,65,44,5,10,0,14,70,48,176,262,86,81,132,63,93,67,156,181,105,53,181,94,131,96,41,29,70,58,99,77,49,38,8,17,21,29,10,16
25021408104,1400000US25021408104,4789,412,2158,212,76,43,154,82,141,65,142,63,17,27,26,39,32,45,52,47,72,47,167,117,177,75,149,63,147,57,214,86,152,63,51,40,112,70,53,47,70,57,56,39,66,47,20,21,12,12,2631,354,195,135,197,101,153,72,90,51,45,50,13,21,16,27,81,76,263,149,64,42,146,78,236,94,75,46,213,72,184,91,77,43,65,42,92,60,92,67,113,81,58,32,73,57,90,75
25021409101,1400000US25021409101,6077,620,3775,353,51,34,259,219,167,90,55,36,33,34,0,19,24,29,190,74,306,80,288,75,355,100,505,243,205,58,303,81,321,103,91,44,199,67,87,46,94,39,132,56,60,40,32,33,18,20,2302,327,189,88,61,79,295,235,105,101,44,48,0,19,58,59,49,35,44,30,106,51,148,63,292,196,62,41,160,83,210,77,41,29,108,67,55,43,91,63,63,31,86,46,8,13,27,26
25021409102,1400000US25021409102,5596,612,2855,340,142,78,357,144,319,107,118,76,94,82,0,19,6,10,58,77,20,32,127,61,177,113,288,94,206,87,168,89,167,91,79,52,156,68,87,66,24,28,117,62,87,61,51,42,7,11,2741,341,188,145,139,69,243,120,164,89,0,19,0,19,15,26,23,28,97,69,77,44,292,152,278,104,224,93,191,72,174,85,59,40,87,51,73,48,117,74,127,67,151,71,15,17,7,11
25021410100,1400000US25021410100,6746,664,3234,329,116,81,194,114,175,108,183,111,89,78,0,19,25,40,77,68,181,110,144,76,103,64,269,103,201,97,281,135,259,104,95,75,142,90,160,111,33,41,208,115,226,257,55,52,18,30,3512,585,109,108,334,204,293,123,82,105,151,147,0,19,0,19,197,155,16,29,343,131,210,117,110,82,199,87,282,150,280,116,92,62,196,135,57,70,147,76,198,96,53,45,53,44,110,60
25021410300,1400000US25021410300,4911,724,2537,545,130,79,65,54,136,67,103,47,382,460,40,31,13,20,52,37,117,62,236,125,84,62,70,48,143,84,266,130,190,62,37,32,181,78,29,26,69,39,90,42,45,30,26,26,33,26,2374,258,109,67,91,48,128,59,120,91,31,30,43,32,12,17,53,36,158,75,204,84,45,32,125,70,157,64,199,111,146,58,74,35,117,59,74,39,99,55,177,86,105,53,63,38,44,29
25021410400,1400000US25021410400,6958,806,3098,386,115,70,126,78,224,142,164,88,0,19,0,19,41,66,80,65,172,82,149,89,211,82,299,183,281,143,180,137,201,100,189,119,170,73,136,74,106,62,83,52,76,55,35,46,60,58,3860,613,211,123,178,122,343,248,359,246,159,174,0,19,0,19,275,169,91,58,145,105,203,90,353,175,149,98,337,138,264,110,141,105,123,70,134,90,121,78,157,86,38,31,18,25,61,58
25021411101,1400000US25021411101,4588,747,2197,392,60,46,386,207,81,45,113,79,76,85,0,14,27,29,40,42,64,47,152,94,116,62,339,201,107,48,157,71,187,84,58,49,48,43,4,8,17,22,45,36,102,58,0,14,18,20,2391,415,135,76,239,192,151,72,105,64,81,56,76,78,11,17,18,23,215,114,51,56,167,66,348,255,76,42,171,85,128,62,67,51,18,23,23,27,64,46,66,57,21,22,26,24,134,145
25021411102,1400000US25021411102,4501,514,2162,267,135,80,229,153,127,62,127,84,50,56,0,14,9,15,151,84,49,36,102,54,91,60,61,48,183,76,198,112,118,68,105,92,123,90,18,18,40,34,62,38,39,32,67,56,78,69,2339,387,81,68,25,29,66,46,76,60,137,116,0,14,5,12,47,36,170,129,154,101,121,63,64,47,159,56,219,103,244,144,56,36,138,111,100,46,41,35,144,59,142,59,102,70,48,39
25021411200,1400000US25021411200,7480,527,3901,344,341,110,186,104,391,120,277,124,117,105,0,19,97,81,77,73,138,72,234,125,134,99,383,138,212,96,360,108,165,84,0,19,93,57,203,141,135,104,107,62,113,62,27,28,111,63,3579,358,119,68,332,148,267,129,134,93,26,41,16,26,0,19,68,58,113,63,326,124,165,98,401,138,236,113,321,128,166,80,154,102,119,68,102,69,152,91,130,73,119,71,55,46,58,50
25021411301,1400000US25021411301,5996,552,2684,320,131,67,71,76,189,93,95,73,136,145,16,25,12,21,137,74,157,91,81,50,191,93,124,77,253,144,248,111,86,60,64,55,145,86,97,70,61,53,181,69,120,69,21,29,68,61,3312,439,124,77,247,103,314,165,283,213,36,34,9,14,41,49,88,68,116,86,135,57,126,73,240,120,283,141,255,90,70,57,200,97,68,49,63,59,124,84,170,83,60,53,135,84,125,64
25021411302,1400000US25021411302,3823,435,2036,284,159,89,103,69,172,83,143,87,50,44,53,66,23,27,0,14,270,119,118,69,163,81,109,54,169,102,84,44,85,50,63,51,68,40,0,14,78,55,59,40,38,30,29,30,0,14,1787,226,103,63,73,39,143,97,83,50,16,34,7,13,5,8,17,16,115,88,126,69,170,91,93,50,114,52,143,60,170,60,13,15,67,51,48,37,69,44,79,45,53,41,40,36,40,44
25021412100,1400000US25021412100,7087,738,3140,299,159,104,302,132,404,197,109,67,48,60,0,19,88,105,59,77,163,100,157,96,79,53,254,72,235,80,287,106,192,110,53,66,130,76,33,36,97,55,61,53,74,58,90,76,66,55,3947,675,201,90,362,148,346,126,258,214,103,122,0,19,0,19,177,94,127,93,147,90,101,61,326,90,198,92,405,221,351,202,96,63,73,45,43,41,131,84,93,59,95,83,79,58,235,157
25021412200,1400000US25021412200,3648,563,1854,397,83,49,91,56,140,73,66,34,52,40,0,14,0,14,26,25,195,160,124,124,106,89,70,42,171,52,40,46,168,74,113,133,10,21,23,23,48,31,131,63,63,42,54,40,80,42,1794,221,23,26,81,48,87,45,159,82,0,14,4,7,33,31,25,23,17,17,15,18,63,40,91,46,124,52,108,52,96,55,123,158,83,52,56,35,82,43,152,56,49,34,65,52,258,95
25021412300,1400000US25021412300,5583,555,2708,309,149,96,192,94,160,77,163,87,110,72,46,44,15,24,131,92,69,61,88,57,54,52,219,86,175,101,215,94,213,72,90,56,96,67,91,60,63,49,44,44,79,61,135,119,111,70,2875,363,205,106,277,134,178,97,58,51,0,19,0,19,0,19,98,64,147,90,170,87,217,91,163,65,122,62,319,140,226,91,38,37,119,61,71,53,42,46,83,101,72,58,194,129,76,55
25021413100,1400000US25021413100,6252,569,3477,428,363,255,73,73,127,113,163,110,113,89,27,31,84,125,104,88,277,154,310,150,217,99,93,69,240,128,222,138,268,144,80,65,90,55,47,46,109,57,167,110,67,57,71,60,165,82,2775,301,131,100,83,78,157,104,87,86,35,53,0,19,0,19,108,89,164,125,241,106,200,111,133,88,57,55,198,111,362,143,94,79,123,77,111,75,143,86,126,63,28,31,67,54,127,71
25021413201,1400000US25021413201,4359,558,1633,316,20,34,16,25,90,106,118,74,16,28,0,14,31,35,68,84,184,121,251,194,143,105,29,37,124,77,42,41,105,80,0,14,28,32,62,63,60,42,40,39,126,63,29,33,51,46,2726,374,169,163,62,107,58,80,135,85,15,29,0,14,18,29,109,116,222,185,195,125,136,83,55,63,175,88,154,120,198,135,82,67,134,96,58,47,82,63,188,81,244,144,68,43,169,78
25021413202,1400000US25021413202,2366,655,1225,405,185,126,71,88,99,102,18,26,0,14,0,14,18,27,0,14,124,121,52,45,147,67,19,23,69,76,122,51,57,34,16,20,62,88,0,14,0,14,52,36,56,29,6,10,52,36,1141,275,64,44,58,86,94,78,15,24,6,15,26,43,0,14,6,9,131,132,39,27,105,31,124,114,45,34,96,47,44,36,11,17,71,85,29,29,65,41,49,31,30,23,20,20,13,16
25021413300,1400000US25021413300,5373,504,2679,292,216,109,125,97,79,49,197,96,117,60,9,17,0,19,29,28,146,91,106,76,273,153,218,117,196,97,119,68,197,76,111,118,124,72,8,13,35,25,114,48,162,70,14,18,84,72,2694,338,94,74,166,90,182,115,51,53,39,34,8,13,8,13,59,79,142,62,214,125,198,84,174,73,145,81,74,49,356,222,101,66,94,53,81,75,64,39,185,64,60,38,68,42,131,58
25021413401,1400000US25021413401,3345,488,1851,364,145,92,104,101,44,47,35,29,24,29,0,14,0,14,106,94,62,46,98,93,183,105,150,100,105,62,134,114,119,73,163,147,74,45,38,34,78,60,75,46,27,25,63,54,24,30,1494,206,45,40,110,87,35,30,79,86,25,29,0,14,0,14,38,47,247,148,121,55,76,41,72,39,62,40,60,37,140,98,30,27,44,39,39,31,48,32,52,38,93,61,37,31,41,41
25021413402,1400000US25021413402,5288,590,2535,394,263,119,150,76,152,131,6,9,0,19,17,26,124,119,63,59,196,87,242,117,178,74,298,103,165,105,243,166,140,58,47,68,65,38,30,29,16,21,83,39,15,25,9,11,33,42,2753,288,300,150,187,77,65,51,48,50,70,64,50,54,49,72,93,74,323,126,315,110,157,77,149,65,68,46,219,170,175,88,51,45,75,49,93,49,97,54,49,36,35,30,42,28,43,33
25021413500,1400000US25021413500,4559,654,2275,513,173,117,127,90,186,144,38,35,8,13,44,75,10,17,31,37,143,106,283,266,244,116,201,115,70,59,181,116,116,70,21,21,107,109,32,28,74,50,95,58,44,30,43,32,4,9,2284,313,74,67,59,46,224,126,79,89,68,53,0,14,65,68,96,49,175,91,263,183,303,99,61,42,155,70,204,93,76,53,13,20,43,28,62,38,27,21,83,74,67,64,33,30,54,43
25021414100,1400000US25021414100,5728,537,2729,331,83,66,190,110,173,75,173,105,54,56,0,19,0,19,23,37,97,64,53,37,225,117,186,84,282,132,53,51,228,127,99,106,155,87,62,44,101,67,172,81,99,72,194,206,27,32,2999,345,130,73,273,98,250,72,56,51,7,9,0,19,15,24,36,31,204,125,143,81,144,88,314,85,207,126,191,100,285,234,28,32,197,109,47,42,140,77,128,84,153,167,14,23,37,40
25021414200,1400000US25021414200,7600,567,3905,394,295,162,473,185,191,95,364,136,49,56,57,58,48,50,15,25,155,104,156,95,170,99,283,122,201,86,326,118,267,105,224,144,146,93,91,75,68,55,64,49,75,41,68,64,119,97,3695,375,238,109,281,207,256,96,173,87,52,73,71,62,13,23,129,82,162,89,179,99,189,108,345,199,307,128,346,122,308,110,34,40,92,54,13,20,191,95,159,67,44,33,41,59,72,53
25021414300,1400000US25021414300,5246,495,2446,283,143,84,267,96,166,78,155,77,19,21,0,19,0,19,108,67,64,34,111,52,189,84,171,61,227,79,128,55,72,39,55,46,92,55,55,34,129,85,90,43,63,39,130,121,12,17,2800,304,206,114,183,81,230,112,108,59,64,53,12,14,38,43,5,9,99,59,96,61,323,136,184,71,211,70,151,52,108,93,20,18,148,67,104,64,46,34,213,103,110,60,75,41,66,38
25021415101,1400000US25021415101,5575,637,2899,434,259,127,109,52,314,123,160,97,84,67,12,20,63,67,24,24,36,33,210,116,159,79,176,72,147,68,290,98,319,328,58,52,85,41,24,27,38,32,121,51,134,57,48,36,29,27,2676,363,101,56,228,112,96,73,127,75,17,27,8,12,15,22,62,43,157,118,193,79,135,61,228,91,189,111,221,73,103,48,87,39,34,34,57,35,58,45,120,75,108,57,40,31,292,226
25021415103,1400000US25021415103,4427,415,2172,284,173,103,87,79,104,68,91,83,0,14,83,119,0,14,89,70,95,110,82,68,223,108,168,92,82,55,131,74,116,93,122,135,172,121,55,43,77,59,107,60,85,53,15,24,15,26,2255,274,169,126,122,74,37,40,37,41,0,14,0,14,0,14,62,71,140,95,241,136,181,93,130,77,80,61,96,66,225,102,56,50,85,97,87,64,111,72,113,69,123,85,75,49,85,47
25021415104,1400000US25021415104,3570,591,1771,261,144,91,54,57,184,104,78,73,0,14,0,14,0,14,49,48,112,88,126,98,133,102,61,63,166,99,111,67,248,152,10,15,56,45,9,12,12,16,103,99,86,56,21,21,8,14,1799,430,110,102,25,35,197,142,159,148,0,14,0,14,0,14,45,46,30,34,188,109,65,55,218,171,309,157,36,32,50,40,15,17,24,29,0,14,5,9,70,42,200,182,21,17,32,27
25021415201,1400000US25021415201,3956,468,2193,337,147,100,211,174,66,58,118,103,92,71,87,89,15,22,13,21,245,153,121,152,97,68,150,95,83,58,152,110,94,70,176,96,161,134,37,58,42,41,49,39,24,20,4,7,9,15,1763,255,23,20,80,52,106,83,33,34,52,59,0,14,0,14,69,58,63,43,26,30,232,159,130,77,120,77,194,109,159,92,98,89,25,30,7,12,187,111,36,41,17,21,27,35,79,51
25021415202,1400000US25021415202,3389,561,1710,338,157,136,82,48,113,56,101,64,144,83,1,6,29,36,0,14,52,41,187,126,66,49,87,53,92,83,102,54,76,64,25,25,58,42,12,20,64,39,80,49,91,54,40,39,51,31,1679,271,197,129,54,50,67,58,41,27,19,32,59,68,8,16,42,34,68,63,227,144,77,49,81,43,43,39,45,35,102,60,63,44,73,64,32,33,26,27,45,44,105,71,46,34,159,81
25021415300,1400000US25021415300,3831,452,1758,242,135,77,88,42,128,70,54,41,69,59,11,18,10,16,25,25,27,26,58,44,122,61,214,119,169,53,107,60,131,65,27,26,89,67,12,17,63,46,49,36,77,52,36,28,57,43,2073,329,69,48,163,84,230,114,46,52,11,18,10,16,11,18,26,30,70,47,45,35,129,60,243,96,163,100,141,66,113,50,72,51,24,22,65,46,96,55,135,89,51,34,56,52,104,39
25021416101,1400000US25021416101,5978,470,2899,302,96,72,289,133,377,102,109,73,52,50,15,26,86,75,58,55,79,66,39,34,198,124,282,113,299,102,189,86,236,125,105,105,40,39,70,63,28,29,39,39,83,56,105,75,25,28,3079,323,110,60,253,114,177,87,209,130,160,109,1,2,16,35,103,140,72,72,47,31,195,119,284,102,218,84,178,76,243,137,65,56,101,140,54,45,64,91,222,116,92,56,135,117,80,58
25021416102,1400000US25021416102,4314,750,1855,368,86,90,71,57,104,83,137,104,228,95,121,85,37,38,130,70,23,24,7,14,171,148,41,36,41,31,66,35,251,180,58,39,40,38,10,19,51,43,53,34,38,35,36,32,55,45,2459,466,29,35,40,36,69,53,50,38,450,135,204,152,171,60,242,150,47,46,124,117,16,26,71,44,0,14,227,164,122,55,0,14,81,39,20,20,63,45,98,57,35,30,69,54,231,93
25021416200,1400000US25021416200,6676,840,2929,487,57,45,268,127,131,64,112,92,124,167,17,26,14,24,25,37,134,88,138,76,143,121,308,273,301,135,352,171,94,77,7,18,100,79,92,96,105,78,176,88,88,48,143,183,0,19,3747,485,163,116,263,128,311,135,244,169,23,35,0,19,0,19,152,140,0,19,146,81,170,94,313,98,299,160,255,126,474,324,135,156,163,128,39,38,142,84,113,72,243,203,81,74,18,31
25021416300,1400000US25021416300,5355,598,2753,382,91,52,191,84,229,94,253,110,132,85,33,36,73,83,61,39,82,57,72,51,174,91,241,148,259,122,170,69,206,60,38,45,94,54,147,96,72,49,48,31,34,28,33,29,20,22,2602,343,163,85,287,107,155,85,116,60,45,59,27,30,0,19,28,31,100,85,124,87,235,83,299,126,176,68,202,59,115,45,78,63,31,31,62,48,54,36,146,79,72,47,56,50,31,31
25021416400,1400000US25021416400,6264,734,2985,458,213,104,271,114,278,174,114,78,22,35,20,34,0,19,84,89,71,88,213,90,214,119,223,128,155,84,274,142,244,107,59,25,128,87,136,74,63,56,110,50,44,43,8,12,41,41,3279,465,201,126,318,148,353,169,250,145,95,93,0,19,57,80,18,26,118,80,150,80,291,130,157,88,197,138,218,105,329,99,38,50,47,46,101,91,145,86,112,73,48,31,36,37,0,19
25021417100,1400000US25021417100,5750,669,2598,277,205,140,20,34,119,52,64,59,0,19,0,19,0,19,190,116,205,125,264,119,228,88,199,127,217,91,123,72,133,95,86,84,154,63,69,66,88,79,73,56,103,74,18,32,40,39,3152,516,241,157,100,75,64,62,99,76,0,19,91,82,85,104,13,21,278,128,294,173,131,99,265,181,142,93,140,74,278,132,30,43,154,85,123,88,68,89,197,158,142,69,90,110,127,80
25021417201,1400000US25021417201,5177,643,2624,416,54,84,96,73,94,103,141,95,134,150,40,32,0,19,91,90,261,126,423,246,77,81,46,68,202,125,138,93,211,93,20,34,102,92,34,47,210,148,74,55,164,111,0,19,12,20,2553,409,42,54,46,59,122,114,82,60,17,30,20,32,148,137,154,118,326,139,179,95,201,103,179,115,136,99,135,83,251,109,0,19,31,51,114,87,107,119,51,54,98,95,49,62,65,60
25021417202,1400000US25021417202,4034,576,2202,343,114,76,141,105,122,82,53,48,27,32,0,14,32,46,98,64,247,153,146,62,228,171,249,134,49,44,123,64,227,159,27,28,67,44,12,20,90,64,51,50,25,27,25,28,49,53,1832,334,37,36,49,41,165,131,16,25,0,14,27,43,14,21,69,72,138,84,188,115,181,103,247,130,81,58,127,61,117,91,61,64,81,48,12,19,31,32,60,57,41,36,34,28,56,71
25021417300,1400000US25021417300,3422,472,1608,335,54,59,19,31,0,14,0,14,23,43,0,14,21,37,23,37,103,83,368,190,42,40,217,148,69,48,134,110,76,53,30,43,74,79,68,55,4,8,109,62,63,49,64,48,47,35,1814,257,27,41,8,14,0,14,0,14,0,14,0,14,0,14,66,109,102,90,222,127,115,99,160,86,116,81,114,63,68,61,4,8,124,82,25,43,29,32,143,77,208,124,115,68,168,109
25021417400,1400000US25021417400,2855,390,1402,256,86,75,86,43,37,37,53,51,22,39,29,45,55,46,12,14,38,31,78,52,54,47,91,52,117,127,101,52,98,67,67,48,78,58,30,30,109,53,43,31,52,33,66,72,0,14,1453,262,39,36,18,21,78,41,180,104,57,63,42,47,15,19,6,12,95,56,46,32,104,67,71,44,62,48,132,62,80,55,9,14,97,52,42,31,86,63,37,32,64,46,39,32,54,41
25021417501,1400000US25021417501,5563,815,2632,376,84,108,163,155,70,69,97,67,143,108,0,19,115,117,96,87,389,185,113,65,261,143,149,91,111,95,204,150,174,117,101,92,43,42,86,69,40,36,140,70,39,40,0,19,14,24,2931,596,75,52,159,150,255,150,119,85,9,16,89,90,0,19,101,81,270,155,102,85,328,131,198,134,223,132,132,102,343,142,46,38,45,52,122,118,147,82,31,37,112,111,0,19,25,28
25021417502,1400000US25021417502,4838,450,2654,336,96,83,113,72,88,60,106,50,146,90,18,35,18,30,64,44,315,99,370,185,199,149,295,107,63,41,215,82,99,72,123,83,54,33,47,39,114,125,44,33,43,36,18,26,6,10,2184,248,21,27,23,29,62,58,9,14,2,5,0,14,61,42,38,35,354,188,274,94,102,71,178,82,83,45,112,69,238,84,158,106,82,53,80,47,49,41,127,65,47,42,26,38,58,77
25021417601,1400000US25021417601,5284,806,2486,465,152,117,50,50,92,79,159,133,62,41,49,42,33,32,160,142,260,172,161,86,110,68,77,61,54,46,326,237,158,93,94,69,82,66,93,116,28,40,104,71,27,24,53,77,102,70,2798,472,35,42,83,85,100,88,46,68,128,61,44,47,40,36,150,114,212,117,355,144,131,96,130,99,99,67,396,192,256,140,92,75,29,35,67,67,79,77,105,98,68,78,110,118,43,33
25021417602,1400000US25021417602,4593,541,2323,355,43,50,85,71,134,115,30,27,0,14,30,49,62,85,108,159,231,146,261,148,246,153,227,133,105,86,52,70,61,59,22,34,134,92,70,71,67,78,89,61,126,83,106,97,34,40,2270,352,96,72,103,72,17,34,9,15,98,115,98,101,12,20,126,144,250,184,361,146,90,66,67,61,69,60,83,72,65,61,74,102,92,70,78,110,76,62,18,29,174,100,146,104,68,90
25021417702,1400000US25021417702,2696,424,1351,293,25,27,171,156,67,50,13,17,39,45,25,33,41,46,23,37,70,51,51,45,131,68,85,42,185,114,81,47,68,49,7,12,75,52,30,25,44,38,40,44,52,37,4,9,24,29,1345,223,72,55,73,51,45,36,32,24,18,30,0,14,11,43,34,53,228,167,65,57,104,88,152,50,90,85,97,44,32,29,26,24,93,51,37,30,35,39,44,40,33,27,0,14,24,29
25021417703,1400000US25021417703,2472,174,1082,182,0,14,8,14,82,71,0,14,0,14,0,14,45,63,9,22,104,58,154,62,143,75,70,66,49,47,67,78,37,49,0,14,58,41,6,14,35,28,55,52,70,71,41,46,49,41,1390,177,85,56,16,25,8,14,0,14,21,31,9,15,0,14,16,39,236,95,151,64,57,43,42,50,54,46,62,51,80,55,6,12,0,14,0,14,50,53,86,61,68,62,113,72,230,95
25021417704,1400000US25021417704,4274,792,2226,544,170,206,68,76,37,62,0,14,93,110,40,47,40,39,170,135,304,165,314,165,355,254,102,91,35,32,34,39,173,104,22,35,32,41,60,43,16,29,69,61,52,38,17,19,23,24,2048,355,172,152,50,51,14,24,0,14,47,54,0,14,52,64,130,90,283,137,201,112,346,302,111,51,48,64,66,71,174,87,91,69,69,69,18,22,8,14,73,39,19,21,49,46,27,32
25021417801,1400000US25021417801,6360,769,3058,404,214,119,191,148,278,168,95,68,0,19,0,19,21,34,0,19,190,117,161,108,169,89,233,140,73,62,222,150,198,164,18,29,149,119,91,76,421,226,101,62,55,46,106,98,72,117,3302,475,148,107,92,63,227,203,112,92,45,40,0,19,0,19,132,144,319,186,179,106,325,138,240,131,190,138,101,79,256,157,141,102,71,91,101,66,201,161,78,58,67,61,217,148,60,74
25021417802,1400000US25021417802,3051,533,1608,371,107,75,61,42,142,85,59,51,150,121,12,18,26,26,155,144,89,55,39,37,24,23,41,37,137,75,103,56,73,53,17,19,139,88,26,24,26,36,65,45,19,30,31,41,67,55,1443,247,83,75,68,46,44,38,90,88,8,12,42,41,61,76,95,82,16,19,75,48,78,49,68,55,94,73,129,68,92,75,40,30,69,64,36,31,50,41,106,77,28,25,45,31,26,27
25021417901,1400000US25021417901,7161,774,3769,598,196,179,11,19,0,19,58,96,14,23,102,132,28,48,266,306,322,204,572,293,174,156,15,23,236,153,206,155,380,302,19,39,196,191,71,78,224,173,259,201,112,99,199,125,109,136,3392,463,105,104,15,25,11,19,0,19,0,19,0,19,40,63,93,114,534,260,353,176,280,223,75,80,191,188,151,127,209,168,137,164,168,111,98,77,113,88,155,119,255,195,124,138,285,239
25021417902,1400000US25021417902,3940,579,2044,437,111,79,14,26,98,70,35,33,94,133,76,68,0,14,116,89,169,162,235,103,36,32,112,55,62,42,186,106,152,86,32,39,177,122,40,47,42,34,74,35,67,63,61,54,55,37,1896,340,24,30,81,40,26,28,54,32,15,23,69,84,8,16,173,122,175,84,231,98,117,88,174,60,85,68,130,92,105,58,62,94,123,61,27,32,43,37,43,36,52,37,6,10,73,49
25021418002,1400000US25021418002,7117,715,3646,529,253,164,334,170,135,119,39,63,70,64,0,19,36,61,60,68,446,321,477,182,606,219,322,192,172,120,154,111,122,105,12,20,165,156,27,33,50,50,47,43,90,56,7,12,22,30,3471,454,157,94,357,191,148,96,15,25,17,23,0,19,84,103,80,58,393,162,223,98,576,192,349,153,154,140,108,90,144,85,29,44,120,84,46,45,68,80,184,109,108,92,57,43,54,38
25021418003,1400000US25021418003,2759,437,1456,289,61,61,28,30,12,17,0,14,0,14,7,12,0,14,112,55,229,111,265,115,272,208,90,56,77,56,49,35,66,57,12,16,44,55,63,62,18,28,12,15,24,35,0,14,15,24,1303,205,31,20,5,9,31,25,10,16,1,5,0,14,11,18,66,45,301,122,346,174,92,46,46,36,58,38,74,59,50,59,17,19,22,23,21,28,21,26,90,74,0,14,10,17,0,14
25021418004,1400000US25021418004,5532,762,2629,479,198,133,117,72,54,57,92,102,21,30,0,19,0,19,63,75,263,138,193,156,229,100,260,230,320,166,111,63,125,66,20,27,151,105,62,54,141,162,129,62,41,47,27,45,12,19,2903,403,135,113,160,130,72,64,72,74,0,19,0,19,13,20,294,175,235,104,415,150,413,150,159,96,189,137,155,78,45,41,21,28,132,56,34,58,172,104,83,47,41,42,26,29,37,35
25021418101,1400000US25021418101,4839,788,2190,372,172,143,169,97,242,179,22,45,22,37,0,14,0,14,125,129,84,63,350,167,104,77,132,69,41,57,99,65,54,51,28,34,139,96,160,158,76,57,97,128,32,39,36,46,6,17,2649,492,161,91,12,20,33,50,7,11,0,14,0,14,31,38,128,148,359,177,329,343,210,79,162,83,240,126,81,68,162,88,114,129,23,27,35,50,146,112,92,71,146,113,76,53,102,89
25021418102,1400000US25021418102,3868,719,2266,625,135,80,110,135,56,61,88,75,8,13,0,14,0,14,125,84,281,144,311,117,170,166,443,403,61,44,103,99,58,54,83,47,53,34,110,76,20,27,15,19,17,16,19,20,0,14,1602,238,39,37,66,62,25,28,100,91,41,46,9,14,0,14,97,77,265,137,207,88,114,73,154,88,57,59,78,51,68,67,36,35,49,39,24,27,43,34,17,25,41,42,17,16,55,49
25021418201,1400000US25021418201,6529,822,3656,564,304,201,138,85,129,84,48,57,49,63,35,56,0,19,461,256,345,176,382,124,267,145,205,94,86,79,212,132,203,115,114,72,130,100,118,103,83,78,147,84,99,67,101,114,0,19,2873,428,99,100,38,41,152,117,94,107,53,51,13,24,0,19,55,56,519,270,224,117,243,116,211,94,139,119,103,75,249,126,179,104,44,47,182,112,106,82,99,68,65,53,0,19,6,9
25021419100,1400000US25021419100,5761,684,2850,382,76,59,276,118,140,68,169,120,54,66,57,61,54,84,159,106,186,158,140,103,120,95,212,112,324,153,218,149,180,104,64,54,80,61,69,65,40,38,102,57,89,73,0,19,41,37,2911,425,61,62,163,97,201,99,119,69,95,133,0,19,23,37,106,131,153,99,105,66,253,133,287,160,224,85,262,151,82,68,248,95,75,56,52,45,36,35,113,74,93,66,72,73,88,86
25021419200,1400000US25021419200,5350,610,2584,418,83,46,114,47,233,80,116,56,161,107,127,117,68,95,15,24,68,50,75,49,128,69,166,58,159,64,249,93,253,136,107,84,85,53,63,63,93,58,76,43,101,52,10,16,34,32,2766,342,70,40,164,70,202,99,74,50,127,98,25,27,0,19,126,65,220,131,116,41,103,59,143,50,246,114,250,91,172,81,98,66,80,45,65,41,72,65,140,60,111,64,83,68,79,34
25021419300,1400000US25021419300,3955,494,1967,284,117,84,110,58,150,96,93,85,68,77,15,21,9,15,25,30,156,76,133,93,196,125,83,63,93,60,165,81,94,49,98,57,57,55,64,45,59,61,104,60,33,27,37,31,8,13,1988,288,111,77,106,58,137,72,80,90,2,5,0,14,24,27,80,54,68,49,191,91,107,59,247,127,116,66,100,51,188,76,109,66,87,57,0,14,63,69,94,57,56,42,22,21,0,14
25021419400,1400000US25021419400,3292,481,1658,353,131,87,60,47,92,92,115,63,0,14,0,14,0,14,2,6,119,67,101,62,91,94,120,51,94,60,95,63,130,67,20,21,94,53,26,24,18,20,281,181,29,27,18,20,22,26,1634,252,19,29,130,58,112,79,23,29,0,14,0,14,59,46,40,39,79,67,100,61,129,77,84,48,151,100,34,32,124,67,23,24,72,58,127,98,93,57,69,43,94,78,51,77,21,26
25021419500,1400000US25021419500,3602,496,1798,314,86,51,57,43,93,52,34,30,115,93,55,56,15,22,63,71,80,68,229,203,110,61,137,68,92,53,64,42,96,80,88,70,76,49,60,51,62,64,58,59,88,68,22,26,18,20,1804,259,112,56,73,46,48,39,21,23,16,28,33,34,0,14,149,111,151,121,145,57,163,78,109,63,68,48,150,77,126,67,35,26,34,35,43,33,45,32,76,66,54,48,85,61,68,43
25021419601,1400000US25021419601,1305,238,611,204,22,31,0,14,18,17,12,16,13,17,0,14,0,14,94,135,121,107,35,36,60,44,42,29,24,23,12,17,24,20,17,18,6,11,68,65,5,9,14,23,18,17,0,14,6,10,694,110,29,33,0,14,10,13,11,18,0,14,0,14,0,14,0,14,104,89,97,49,69,47,7,12,38,31,69,44,70,60,7,11,18,27,42,58,13,21,54,45,34,39,0,14,22,26
25021419602,1400000US25021419602,6306,627,2938,369,301,114,190,111,185,122,142,116,39,54,0,19,0,19,86,85,92,67,19,26,218,103,303,150,141,85,305,122,274,159,59,54,91,66,100,74,74,76,175,86,77,68,13,21,54,51,3368,391,178,90,153,125,201,101,325,159,40,54,17,29,47,48,135,69,64,53,53,44,393,110,268,141,131,81,313,126,216,117,56,56,124,77,12,19,168,92,157,81,127,91,31,35,159,91
25021419700,1400000US25021419700,4662,577,2349,372,126,120,146,67,127,56,92,70,29,33,10,16,44,40,96,82,84,51,319,253,139,61,143,68,181,78,105,52,217,75,75,57,17,18,29,27,21,21,144,59,68,36,84,42,53,31,2313,270,69,47,101,46,201,82,41,48,72,51,24,28,0,14,75,50,82,51,239,201,105,42,175,58,138,50,192,79,172,82,51,39,85,41,42,35,37,29,158,55,69,36,75,53,110,52
25021419800,1400000US25021419800,4666,492,2309,304,206,96,197,126,79,56,28,30,43,46,53,59,27,33,73,45,160,127,331,136,179,96,85,80,115,73,157,85,171,69,54,47,102,60,62,47,25,28,75,52,22,22,40,27,25,46,2357,263,171,109,83,56,121,57,59,48,20,28,26,36,3,6,72,49,153,148,198,91,249,110,69,33,186,108,158,71,183,74,34,29,70,46,61,55,65,44,190,107,51,39,80,50,55,38
25021420101,1400000US25021420101,5375,915,2416,538,62,55,75,53,75,65,158,108,4,10,24,41,0,19,137,114,280,155,128,91,78,60,183,172,60,52,254,220,381,257,67,70,107,84,70,57,107,60,67,53,15,23,53,39,31,27,2959,594,161,87,103,61,66,52,109,80,39,40,120,148,47,48,203,170,203,101,228,124,177,119,50,42,176,98,193,94,332,227,118,120,147,79,36,36,134,64,108,52,19,20,36,34,154,172
25021420102,1400000US25021420102,4088,465,2229,382,74,79,122,81,142,76,63,56,3,11,0,14,36,48,56,77,214,121,323,202,133,85,238,135,119,138,96,76,156,140,7,16,145,94,19,28,43,34,156,68,34,40,13,20,37,54,1859,242,116,106,0,14,89,79,62,84,37,49,0,14,46,57,75,69,135,94,190,101,45,44,150,111,132,90,141,90,157,56,53,50,105,101,77,52,136,63,24,32,24,38,55,40,10,18
25021420201,1400000US25021420201,3282,339,1350,227,33,34,72,55,78,49,23,41,34,44,0,14,45,58,40,49,90,74,138,96,79,73,133,88,125,69,73,67,78,69,79,51,64,53,12,18,19,23,62,48,49,44,24,27,0,14,1932,259,95,69,0,14,38,40,85,53,19,25,0,14,24,34,104,84,133,79,147,77,61,35,65,56,142,93,135,93,188,88,64,54,41,38,59,51,58,50,152,75,71,47,59,45,192,98
25021420202,1400000US25021420202,7183,661,3754,579,234,150,105,90,298,147,85,83,56,94,0,19,37,59,105,107,434,202,313,215,431,238,243,165,149,122,346,151,188,103,24,39,61,59,90,67,134,117,221,129,83,66,22,33,95,80,3429,450,216,138,183,117,347,174,17,30,24,33,0,19,34,47,72,80,189,125,198,157,257,122,297,156,416,173,158,93,178,111,68,67,99,59,147,86,182,164,144,92,25,35,101,86,77,81
25021420301,1400000US25021420301,7050,983,3158,475,0,19,233,146,24,45,333,216,72,94,8,22,56,95,199,130,180,136,339,204,90,72,267,263,91,91,212,179,168,136,130,106,321,141,92,118,82,87,130,84,27,36,50,42,54,76,3892,681,32,64,155,145,470,333,62,79,78,102,87,108,0,19,95,85,200,139,331,174,110,133,332,184,153,121,431,215,165,114,144,140,173,116,40,40,279,153,216,135,195,125,53,53,91,87
25021420302,1400000US25021420302,7900,692,3992,454,181,125,227,140,202,111,56,50,188,135,77,87,185,208,197,127,266,163,228,126,349,187,146,139,92,68,301,157,178,109,175,134,164,110,121,85,165,109,293,173,48,52,65,70,88,79,3908,411,160,123,110,75,165,132,221,137,89,87,33,57,0,19,346,214,147,101,409,221,261,166,159,96,235,139,217,140,239,132,162,115,150,91,51,45,104,77,220,137,189,132,108,102,133,70
25021421100,1400000US25021421100,5494,557,2754,389,178,155,193,136,68,79,54,88,47,68,0,19,0,19,62,56,40,53,175,123,158,85,343,231,256,185,229,185,248,152,21,38,163,130,64,63,157,98,155,81,79,66,64,51,0,19,2740,422,240,177,106,94,259,237,33,50,0,19,81,46,24,40,125,100,146,75,249,139,229,136,150,104,179,109,21,33,170,123,0,19,82,74,71,62,133,74,212,123,127,119,35,39,68,107
25021421200,1400000US25021421200,5886,556,3128,419,207,141,231,149,268,164,93,73,97,79,19,31,19,37,24,39,118,97,277,142,184,134,109,90,452,241,108,79,357,203,10,13,81,71,144,103,44,43,64,73,101,86,76,70,45,36,2758,355,159,117,38,51,163,96,126,75,0,19,0,19,0,19,18,30,107,83,298,133,325,175,218,154,348,156,173,103,179,105,17,19,60,45,85,76,55,47,248,128,57,46,70,62,14,21
25021422100,1400000US25021422100,5543,457,2611,331,196,180,149,87,144,62,75,60,30,36,27,43,31,42,41,50,180,114,145,84,172,89,172,109,206,113,162,84,210,79,31,37,136,90,102,82,35,35,102,70,28,38,164,158,73,63,2932,368,145,91,191,90,145,83,37,41,114,106,9,16,9,15,177,61,126,87,196,112,163,91,170,93,213,108,226,86,214,215,97,66,142,70,56,59,74,71,171,89,100,64,136,89,21,26
25021422201,1400000US25021422201,2487,445,1211,296,110,113,0,14,0,14,0,14,14,23,0,14,0,14,140,98,185,101,197,109,43,47,8,13,34,42,65,55,177,142,17,22,12,14,56,52,0,14,55,49,14,16,55,40,29,39,1276,239,45,40,101,105,23,27,0,14,0,14,0,14,11,22,157,103,177,120,69,46,24,26,98,76,52,78,33,32,121,92,71,46,65,51,24,23,5,9,44,31,37,39,59,35,60,66
25021422202,1400000US25021422202,7316,749,3100,350,160,95,174,97,151,73,35,41,67,60,35,55,0,19,10,17,195,114,244,142,276,125,281,148,274,211,219,125,106,79,153,119,121,83,43,47,224,126,120,106,109,69,67,77,36,40,4216,586,134,79,339,222,395,205,235,140,22,42,5,12,41,59,103,92,327,170,343,264,268,95,203,81,92,69,98,69,266,116,165,118,157,95,110,64,168,130,313,116,164,95,109,85,159,96
25021422301,1400000US25021422301,3528,670,1604,271,131,57,74,57,10,18,24,29,20,37,11,17,38,44,129,66,86,56,57,35,114,73,155,137,62,60,193,147,58,43,28,33,71,43,73,39,38,34,136,97,29,25,34,53,33,30,1924,537,135,90,37,36,114,63,206,204,158,142,0,14,10,17,125,123,95,66,120,80,106,68,17,20,84,69,199,122,164,71,16,25,61,40,41,29,19,19,62,50,76,61,79,44,0,14
25021422303,1400000US25021422303,5009,468,2052,399,99,98,24,34,103,99,31,49,0,19,25,41,9,23,0,19,402,185,102,74,310,161,159,116,6,21,107,91,230,108,119,131,22,37,37,43,79,84,45,46,62,53,0,19,81,74,2957,317,160,108,128,114,26,42,74,89,31,53,20,36,33,49,95,90,279,137,278,116,155,88,103,97,188,151,257,143,325,128,51,80,178,137,66,58,138,117,105,63,101,69,126,99,40,50
25021422304,1400000US25021422304,2098,407,1045,241,50,29,34,24,57,34,26,23,0,14,9,16,0,14,0,14,68,50,35,26,86,36,78,58,25,23,45,36,161,191,33,25,92,54,75,50,43,36,72,38,46,48,5,8,5,8,1053,201,31,24,54,39,10,16,0,14,0,14,0,14,11,17,60,52,93,54,57,28,116,40,20,23,39,25,18,16,186,185,31,24,141,81,23,18,46,31,44,29,53,48,5,7,15,14
25021422401,1400000US25021422401,3476,538,1931,446,136,112,85,54,108,62,27,30,0,14,118,104,14,22,134,114,190,103,157,118,74,59,185,114,71,55,81,62,140,88,57,50,44,47,39,28,157,178,71,41,17,22,10,16,16,35,1545,207,12,19,50,50,38,44,16,28,28,27,0,14,0,14,22,26,111,88,124,105,171,83,34,37,178,100,79,49,197,112,59,52,55,50,55,52,56,54,56,45,36,33,71,62,97,57
25021422402,1400000US25021422402,4067,664,2011,407,70,65,58,47,27,26,36,35,109,62,34,45,8,15,68,74,125,99,262,147,127,74,46,45,25,28,369,311,217,195,74,56,77,60,65,38,78,56,47,46,27,28,32,33,30,52,2056,367,170,75,19,26,36,39,43,41,52,45,10,18,0,14,101,92,79,62,244,75,121,99,131,85,172,74,76,57,68,42,258,289,58,44,42,36,6,11,139,71,164,84,15,24,52,58
25021422501,1400000US25021422501,4126,352,2261,279,62,73,92,90,21,35,61,58,85,58,10,22,0,14,168,104,248,114,147,87,213,115,90,68,72,58,138,75,335,155,23,37,129,85,97,110,123,69,59,75,48,49,40,47,0,14,1865,315,132,101,54,53,96,114,12,24,0,14,0,14,1,3,60,47,192,98,173,107,106,86,252,120,46,50,176,91,103,74,53,50,158,96,24,36,42,41,126,92,18,31,41,48,0,14
25021422502,1400000US25021422502,6228,816,3207,484,196,107,163,107,118,134,58,67,72,107,87,81,0,19,132,151,271,239,256,174,128,85,275,186,298,220,191,120,307,140,70,64,69,73,55,91,275,252,47,49,103,97,36,43,0,19,3021,468,154,102,62,70,88,85,22,40,82,100,16,35,31,39,117,97,236,206,187,115,199,134,101,56,167,104,129,106,328,235,81,75,130,96,62,84,257,299,184,104,235,173,92,93,61,46
25021422600,1400000US25021422600,6964,871,3565,568,177,96,180,122,271,140,250,214,61,100,21,33,15,27,187,137,208,99,335,110,199,124,92,69,206,132,197,99,374,142,59,48,142,85,114,118,80,82,156,76,117,73,98,70,26,31,3399,483,212,162,87,84,77,65,286,130,71,69,0,19,0,19,30,35,114,95,264,88,377,232,156,90,231,140,410,129,184,106,70,73,189,119,94,59,111,78,165,117,100,74,48,48,123,94
25021422700,1400000US25021422700,3811,445,1856,269,82,68,175,101,26,31,14,23,19,30,47,57,0,14,51,39,142,74,213,74,163,72,144,93,51,38,86,47,152,66,105,55,87,58,34,27,52,37,103,47,22,23,21,23,67,69,1955,264,112,71,109,49,161,112,23,26,16,25,12,19,13,21,36,30,149,83,136,63,124,54,50,49,73,57,117,74,165,71,93,59,117,53,59,45,96,44,102,57,100,76,63,64,29,23
25021422800,1400000US25021422800,3852,456,1868,274,85,59,35,40,14,19,24,22,30,39,45,48,33,34,74,71,83,49,84,50,140,70,87,75,100,75,117,67,101,56,73,70,173,68,39,40,228,129,148,76,101,54,31,38,23,24,1984,274,161,79,16,25,36,38,31,41,34,39,9,15,20,20,11,18,69,45,112,85,65,58,97,59,74,55,212,158,209,79,75,56,168,80,111,111,79,60,161,65,59,44,117,73,58,37
25021423101,1400000US25021423101,3785,431,1716,238,133,62,120,86,107,90,40,34,59,49,0,14,0,14,16,26,102,83,33,37,87,52,92,81,130,88,152,79,108,71,94,66,134,85,23,31,94,50,117,72,40,27,17,26,18,27,2069,276,135,80,128,71,113,72,143,78,14,22,0,14,25,29,58,45,54,42,71,58,116,62,84,74,165,78,90,57,187,85,67,64,162,101,17,27,151,66,104,69,48,39,64,50,73,74
25021423102,1400000US25021423102,4642,431,2424,343,247,111,200,167,178,76,136,68,44,65,0,14,0,14,55,50,92,67,126,105,212,108,107,73,117,91,168,66,292,200,53,40,66,48,59,46,60,41,42,43,65,49,14,19,91,60,2218,204,244,148,158,72,105,65,102,62,18,31,16,27,9,15,13,21,62,62,52,35,246,111,151,78,85,45,292,168,138,66,74,64,54,41,119,58,69,51,71,48,77,55,8,14,55,46
25021440101,1400000US25021440101,7012,315,3361,252,174,109,185,105,309,242,21,26,43,51,123,124,102,98,57,69,266,156,179,122,311,132,175,112,173,114,152,88,105,77,48,57,148,120,32,47,186,141,289,172,105,78,102,64,76,76,3651,301,192,110,82,61,153,127,94,75,0,19,0,19,0,19,184,117,142,111,329,166,280,134,204,129,234,146,237,115,315,279,68,60,195,118,175,97,189,164,214,85,171,71,116,80,77,43
25021440102,1400000US25021440102,2931,317,1507,269,102,84,48,47,115,70,121,86,39,40,22,28,0,14,54,63,111,75,79,58,106,80,116,79,58,59,140,78,60,46,42,45,50,44,56,43,23,26,120,77,30,25,6,10,9,15,1424,203,100,84,0,14,79,54,43,41,60,73,0,14,12,21,32,31,60,44,78,51,110,73,94,67,36,33,136,82,139,73,111,76,99,64,0,14,22,25,116,62,23,21,58,63,16,27
25021441202,1400000US25021441202,3100,248,1585,163,79,45,110,55,108,55,68,30,49,22,7,11,9,14,68,36,33,29,56,30,77,48,107,36,110,61,240,79,134,55,46,28,78,32,36,26,50,23,57,30,23,17,40,32,0,14,1515,159,89,45,150,73,97,60,29,19,24,22,4,6,0,14,54,39,53,46,61,32,136,57,98,45,88,38,188,60,63,32,83,42,104,41,40,22,57,28,38,18,35,27,4,6,20,28
25021441203,1400000US25021441203,3591,365,1727,223,21,20,90,47,125,53,58,52,91,61,11,18,27,34,39,39,86,62,124,79,75,41,90,42,118,51,118,85,64,41,97,90,62,37,37,34,109,66,71,45,85,45,71,50,58,40,1864,227,93,67,54,44,93,53,67,64,23,32,45,70,13,19,31,32,49,46,156,81,53,29,88,49,97,55,205,80,91,71,72,39,125,66,29,26,76,59,125,58,102,51,22,22,155,49
25021441204,1400000US25021441204,5606,384,2729,311,101,49,147,85,181,85,98,62,163,151,25,29,73,95,81,60,86,65,75,62,117,69,194,52,143,69,182,76,151,63,173,86,155,66,90,71,169,90,138,64,116,72,37,49,34,29,2877,301,127,79,197,107,87,53,164,73,118,102,52,49,15,24,35,31,9,15,98,53,259,124,178,83,120,55,196,78,228,94,90,71,162,77,124,71,99,62,129,66,144,95,45,31,201,128
25021442101,1400000US25021442101,6000,538,2726,298,62,43,136,70,48,34,126,57,320,127,92,53,75,57,114,65,142,63,163,114,190,71,159,63,159,113,224,85,180,83,105,63,102,64,79,55,67,42,63,39,60,58,37,28,23,25,3274,346,251,176,114,55,208,111,180,142,251,88,149,75,105,43,228,72,93,52,238,118,129,56,166,80,111,66,218,87,183,73,82,54,83,57,96,58,91,51,93,62,97,44,86,66,22,24
25021442103,1400000US25021442103,6797,675,3502,400,167,98,199,104,318,144,281,141,131,106,36,57,0,19,24,40,78,74,100,69,201,123,300,100,274,113,261,112,422,143,97,75,105,69,105,64,87,77,176,146,81,56,59,78,0,19,3295,369,288,148,93,84,265,116,107,81,44,62,0,19,0,19,119,91,270,149,87,65,224,104,231,100,216,104,249,101,370,121,118,103,145,74,117,64,49,39,207,151,34,40,0,19,62,45
25021442104,1400000US25021442104,5661,620,2723,350,94,61,114,78,187,116,68,51,0,19,100,90,77,93,217,149,98,76,273,259,173,66,162,71,161,102,230,96,196,104,47,43,130,70,54,46,81,63,159,99,34,39,31,35,37,43,2938,407,191,96,153,66,237,95,24,36,174,180,20,32,0,19,72,58,55,45,256,278,170,68,268,112,148,92,301,124,210,101,111,78,109,78,19,31,138,112,133,91,41,43,100,91,8,14
25021442105,1400000US25021442105,2235,423,1010,219,47,36,47,36,107,50,0,14,0,14,13,19,36,65,27,53,18,21,82,45,77,32,100,63,45,26,174,143,112,52,3,6,14,14,35,30,8,12,50,36,15,15,0,14,0,14,1225,244,0,14,43,26,70,49,103,70,22,38,16,27,0,14,74,46,66,48,44,33,130,61,48,29,30,18,114,74,224,168,23,22,48,32,59,47,32,22,30,28,21,19,0,14,28,26
25021442201,1400000US25021442201,3816,384,1933,258,68,52,135,75,153,102,124,78,61,81,9,15,10,16,73,59,82,49,89,46,76,37,144,64,174,65,223,77,89,42,34,22,93,47,74,57,78,52,61,39,51,37,23,25,9,14,1883,249,50,33,74,44,80,45,136,84,26,31,93,79,11,17,35,45,123,68,61,38,83,45,215,98,106,46,190,70,147,68,55,43,73,37,39,24,58,41,106,55,68,63,29,26,25,17
25021442203,1400000US25021442203,4035,489,1841,360,120,68,43,34,140,78,120,59,92,60,0,14,32,37,49,70,271,256,102,64,74,49,105,64,99,51,182,92,112,72,12,19,51,39,33,30,48,41,75,41,0,14,33,50,48,40,2194,391,8,13,226,163,84,48,94,74,121,98,0,14,37,39,13,21,122,101,107,79,110,72,100,68,126,57,144,85,167,102,32,29,161,198,107,72,58,57,71,71,74,50,104,72,128,84
25021442204,1400000US25021442204,4610,689,2253,285,117,72,58,51,83,56,145,93,37,39,29,37,81,96,93,98,137,90,147,81,125,65,101,60,173,67,378,260,168,65,0,14,95,58,31,38,109,55,68,57,40,28,23,24,15,18,2357,479,87,68,202,90,244,219,81,59,82,67,15,30,27,34,25,32,54,44,140,69,181,91,109,58,151,79,315,275,217,100,94,69,51,53,49,53,47,47,85,47,28,27,32,28,41,29
25021443103,1400000US25021443103,4086,582,1960,341,68,39,141,112,199,101,45,32,16,26,47,43,16,21,51,52,55,38,210,96,181,136,138,79,130,75,166,100,189,88,37,34,33,29,49,54,16,21,59,49,70,44,14,17,30,30,2126,367,158,90,199,123,68,57,65,59,83,85,0,14,37,50,96,74,141,60,123,74,180,114,140,87,79,58,150,72,178,74,35,32,47,28,8,13,71,46,89,45,34,27,56,57,89,53
25021443104,1400000US25021443104,4778,611,2316,336,149,79,159,66,128,95,103,54,28,37,0,14,13,25,130,92,74,57,252,135,130,70,137,65,114,69,201,110,162,75,128,109,94,61,41,44,98,102,57,38,69,60,49,36,0,14,2462,334,53,46,193,90,132,64,0,14,74,57,0,14,28,43,110,99,208,90,99,52,263,126,154,108,126,71,144,73,111,62,93,99,219,171,117,54,86,48,151,84,57,42,30,37,14,22
25021443105,1400000US25021443105,2240,327,1080,199,118,77,61,51,15,18,12,13,0,14,80,59,15,20,73,59,54,40,89,38,68,36,127,63,25,24,65,41,111,62,25,20,23,21,23,19,25,25,31,28,14,14,26,27,0,14,1160,171,102,43,52,39,54,24,68,32,107,62,0,14,45,44,72,62,57,41,87,33,43,25,41,32,57,34,76,35,65,29,40,34,25,17,7,11,20,19,61,33,50,32,9,14,22,20
25021443106,1400000US25021443106,6306,1037,3190,675,178,128,337,203,423,436,48,46,89,82,80,108,0,19,133,113,192,115,114,77,455,253,59,55,62,49,150,87,282,118,98,94,125,104,192,92,18,27,84,53,31,35,40,38,0,19,3116,475,107,89,230,133,171,91,18,31,34,42,0,19,175,217,29,34,172,99,116,76,555,264,43,42,106,69,284,178,252,122,69,61,161,99,93,78,18,28,161,77,40,37,80,58,202,207
25021456101,1400000US25021456101,4050,648,1917,326,36,29,119,115,132,80,80,78,0,14,0,14,2,5,111,70,54,38,103,102,129,85,130,70,161,103,129,64,148,92,23,25,157,74,75,67,54,52,112,66,88,56,16,14,58,35,2133,385,109,51,106,53,131,73,75,65,5,11,20,24,0,14,119,140,84,50,82,81,91,50,119,64,146,90,162,76,163,103,93,64,127,90,27,27,60,37,121,71,76,42,69,49,148,84
25021456102,1400000US25021456102,4973,607,2185,296,71,51,59,61,142,90,92,64,9,16,0,14,49,57,47,45,109,96,202,124,96,78,247,146,312,141,50,61,202,133,79,65,24,37,24,31,34,46,100,85,157,127,31,37,49,57,2788,411,282,156,117,107,110,85,43,49,42,41,35,44,50,70,98,85,96,73,31,35,241,70,156,134,372,167,162,135,127,105,72,77,72,66,95,71,36,41,264,171,0,14,128,144,159,95
25021456200,1400000US25021456200,4116,545,2086,365,164,122,98,63,128,82,66,69,75,55,0,14,0,14,74,71,183,117,89,66,82,64,101,59,211,152,160,80,180,101,41,36,156,74,85,105,29,27,47,40,74,41,21,23,22,26,2030,290,49,57,73,56,64,51,0,14,0,14,0,14,0,14,86,51,271,132,173,102,112,50,163,99,250,154,137,90,122,69,40,38,77,59,7,11,53,62,203,83,20,28,59,44,71,50
25021456301,1400000US25021456301,2213,464,1102,316,94,53,57,38,61,43,41,51,119,103,0,14,0,14,39,44,15,13,71,53,105,54,80,55,32,28,35,29,68,60,57,43,58,47,12,14,19,17,29,26,17,24,0,14,93,130,1111,213,26,31,44,37,57,50,66,60,0,14,0,14,24,29,32,24,79,57,71,50,91,50,64,45,85,88,71,57,58,36,21,18,52,38,49,42,5,8,97,76,62,79,22,20,35,38
25021456302,1400000US25021456302,5201,653,2295,383,81,112,70,97,246,171,72,64,5,7,36,54,0,19,0,19,200,122,224,109,239,149,33,62,150,108,136,99,46,53,189,158,133,102,79,76,93,92,184,96,0,19,66,53,13,21,2906,362,11,30,0,19,261,179,135,125,0,19,0,19,0,19,85,93,114,93,148,110,297,109,133,132,271,162,209,102,226,171,65,67,167,122,102,79,194,113,194,96,68,59,51,46,175,108
25021456401,1400000US25021456401,2823,370,1266,260,73,56,34,43,82,59,44,36,49,44,0,14,0,14,151,120,11,17,155,77,128,57,25,27,66,41,111,97,73,44,100,63,54,51,19,19,17,20,49,31,15,22,0,14,10,16,1557,211,46,44,165,115,87,64,43,31,44,34,10,19,0,14,79,65,64,46,131,61,113,67,105,65,100,85,67,47,111,56,90,57,31,29,101,62,34,29,25,28,52,45,9,16,50,56
25021456402,1400000US25021456402,5849,610,2694,411,63,56,192,126,155,67,130,91,67,44,16,20,8,16,42,40,162,73,114,86,153,78,198,132,152,94,180,81,273,87,37,36,55,36,96,52,76,41,381,341,111,53,22,21,11,19,3155,293,188,84,170,91,183,104,75,49,105,90,12,19,6,10,130,120,118,77,254,99,113,50,126,77,208,89,187,74,348,112,118,62,136,69,58,41,168,65,237,170,68,43,82,48,65,62
25021457100,1400000US25021457100,4774,27,2431,196,124,70,103,45,216,126,32,32,17,28,25,24,0,14,184,116,100,58,340,150,108,61,151,97,176,109,148,76,95,55,90,66,82,53,38,35,68,44,127,65,179,176,19,16,9,14,2343,195,190,90,71,52,132,51,163,102,7,13,57,64,0,14,94,65,131,72,235,94,175,74,104,70,104,62,214,104,106,67,42,29,119,58,32,27,74,45,127,64,35,27,83,48,48,37
25021457200,1400000US25021457200,6144,660,2996,379,101,62,305,134,239,107,260,96,107,73,36,57,60,58,63,57,63,57,104,92,140,78,261,90,321,152,236,66,127,68,67,46,87,56,51,45,97,65,86,59,156,102,11,19,18,32,3148,427,121,65,232,113,241,141,270,113,56,61,0,19,37,40,95,94,53,40,92,68,148,83,283,95,234,113,282,84,246,134,100,80,64,51,78,51,100,66,119,94,71,69,1,4,225,199
25021980000,1400000US25021980000,0,14,0,14,0,14,0,14,0,14,0,14,0,14,0,14,0,14,0,14,0,14,0,14,0,14,0,14,0,14,0,14,0,14,0,14,0,14,0,14,0,14,0,14,0,14,0,14,0,14,0,14,0,14,0,14,0,14,0,14,0,14,0,14,0,14,0,14,0,14,0,14,0,14,0,14,0,14,0,14,0,14,0,14,0,14,0,14,0,14,0,14,0,14,0,14,0,14
25023500101,1400000US25023500101,3548,405,1681,196,108,83,112,60,79,44,59,48,24,27,0,14,17,24,56,37,15,18,36,33,170,70,62,55,69,41,78,36,168,60,68,38,97,59,50,34,127,62,130,66,90,56,59,46,7,12,1867,279,75,52,48,36,49,33,64,64,25,29,15,23,24,36,43,65,51,40,154,77,81,41,112,72,85,41,182,70,222,114,51,34,129,67,106,53,128,98,90,46,66,41,28,27,39,31
25023500103,1400000US25023500103,3006,659,1476,328,61,56,0,14,0,14,82,104,4,19,8,15,8,18,41,45,64,72,203,164,21,24,63,46,23,29,50,48,299,213,51,41,182,94,30,28,81,48,124,66,27,25,33,37,21,23,1530,363,0,14,21,18,74,72,27,15,0,14,20,26,0,14,12,19,225,207,58,37,68,40,15,24,13,21,271,198,89,47,106,57,58,39,130,73,103,87,100,45,50,34,56,40,34,40
25023500104,1400000US25023500104,3584,416,1620,236,23,27,45,39,20,21,20,25,13,15,64,49,0,14,48,52,72,62,85,74,76,59,110,64,51,37,72,48,170,66,206,101,147,76,23,22,143,93,74,53,68,51,60,50,30,28,1964,265,49,35,43,45,46,38,53,50,29,47,0,14,3,7,114,64,112,70,119,56,83,50,44,42,88,91,75,42,339,106,48,42,181,68,111,69,52,34,172,81,85,56,107,74,11,17
25023501101,1400000US25023501101,3550,453,1665,230,98,72,180,69,215,75,27,24,21,26,23,38,18,27,46,42,13,22,37,24,95,66,145,74,113,49,153,62,69,45,29,36,126,65,20,22,100,114,67,34,51,28,0,14,19,18,1885,278,119,59,93,66,118,62,83,49,40,38,23,32,0,14,19,31,104,108,36,23,117,66,102,62,160,62,54,40,155,67,44,53,108,66,26,20,124,144,128,55,127,74,68,57,37,28
25023501102,1400000US25023501102,8930,774,4361,519,198,109,392,197,398,168,311,139,23,41,0,19,32,49,18,28,90,75,96,71,294,122,358,213,399,154,334,142,229,109,254,170,113,83,73,69,245,134,181,88,184,73,19,9,120,109,4569,426,235,94,194,123,240,132,119,84,172,135,32,55,31,47,95,116,67,78,261,103,258,124,380,192,362,189,354,128,390,139,43,47,271,151,87,62,288,140,200,94,273,134,132,81,85,53
25023501201,1400000US25023501201,4325,593,2207,323,195,75,329,136,148,61,63,33,88,53,20,35,34,29,33,29,55,49,36,39,131,61,136,60,43,34,327,157,89,54,41,43,162,76,16,20,76,65,65,36,40,23,56,33,24,22,2118,323,38,27,172,69,190,139,104,51,27,27,40,36,15,24,87,64,36,26,29,35,133,52,94,53,85,46,286,154,132,57,78,59,108,69,106,65,62,36,74,31,148,55,28,23,46,73
25023501203,1400000US25023501203,2452,261,1199,159,95,65,115,72,147,55,47,40,11,17,0,14,0,14,37,29,56,51,53,32,47,28,97,62,118,44,96,45,48,27,31,24,31,27,60,41,20,21,43,32,37,26,5,7,5,7,1253,170,66,43,84,53,119,71,46,40,9,15,0,14,50,52,74,61,28,28,54,36,57,34,66,37,136,78,104,44,59,36,45,39,84,47,18,22,27,24,42,26,33,30,13,12,39,33
25023501204,1400000US25023501204,5026,563,2191,280,64,55,143,91,154,112,37,34,59,62,43,65,9,17,47,73,59,44,35,43,82,83,151,90,29,38,64,46,154,96,7,11,140,91,8,14,129,109,245,128,156,96,153,91,223,125,2835,399,107,74,17,30,75,53,105,98,0,19,0,19,0,19,31,40,57,67,35,48,103,75,110,73,37,30,112,74,212,106,43,41,128,138,9,15,174,106,237,112,121,85,344,127,778,351
25023502101,1400000US25023502101,6842,1008,3751,570,381,243,264,155,179,136,66,56,45,51,0,19,87,89,90,85,581,265,218,122,342,195,295,127,230,139,206,106,404,236,52,42,23,35,23,30,104,109,98,79,49,42,14,24,0,19,3091,579,173,151,134,129,200,142,148,89,77,110,21,38,254,289,0,19,130,101,373,155,271,183,122,133,344,150,170,91,241,130,24,34,38,36,29,37,142,102,99,90,76,57,25,32,0,19
25023502102,1400000US25023502102,4761,566,2137,391,82,74,117,91,131,102,212,139,46,78,21,34,5,8,95,110,159,134,49,45,148,113,117,85,176,88,169,122,220,105,35,32,32,26,15,23,64,70,145,84,76,57,12,19,11,19,2624,439,180,134,42,42,115,80,74,87,60,51,0,14,0,14,158,129,227,198,23,29,170,108,93,109,195,101,308,130,243,118,77,85,121,102,68,88,119,66,155,72,122,59,24,38,50,47
25023502200,1400000US25023502200,6098,829,2979,564,334,247,51,51,107,94,57,48,33,43,11,24,80,100,112,85,237,172,211,194,219,109,303,143,164,107,92,78,109,69,65,44,292,240,31,41,117,80,108,64,127,69,100,53,19,19,3119,449,94,72,206,146,221,115,13,26,0,19,0,19,0,19,38,50,187,125,154,103,210,99,166,105,162,123,146,77,256,93,177,226,296,159,50,49,155,80,203,94,136,71,118,73,131,85
25023503101,1400000US25023503101,7547,660,4054,565,169,96,322,132,491,227,285,170,264,208,23,38,17,28,157,99,68,63,211,132,203,83,126,78,326,116,372,235,275,109,73,60,97,102,80,54,80,56,185,85,32,36,129,78,69,56,3493,384,163,129,195,91,204,107,131,74,35,43,19,30,43,51,205,131,231,167,216,119,222,91,238,143,165,78,414,205,184,81,156,99,121,70,37,39,117,69,108,73,142,101,114,63,33,37
25023503102,1400000US25023503102,7298,665,3440,395,118,77,165,103,422,145,194,121,104,89,54,64,25,39,223,120,113,111,174,98,142,78,347,109,258,104,338,184,187,85,98,54,104,57,23,28,99,69,117,66,57,39,49,44,29,27,3858,401,265,137,318,134,184,110,249,158,104,102,29,48,25,40,49,72,47,47,125,77,142,75,350,124,277,105,287,135,260,80,104,66,154,68,65,49,178,71,217,104,123,69,112,65,194,100
25023504101,1400000US25023504101,5377,416,2576,245,161,68,143,72,133,75,335,134,32,36,0,19,55,83,92,58,214,131,103,61,208,70,55,43,130,67,171,75,233,88,20,22,139,61,71,34,47,32,91,54,77,47,33,28,33,45,2801,277,189,68,161,77,140,63,52,48,111,97,29,34,38,38,114,65,193,112,136,64,178,62,139,50,221,99,212,75,236,69,38,31,62,39,62,40,74,50,143,65,102,51,82,51,89,33
25023504102,1400000US25023504102,5984,417,3059,320,248,256,306,100,252,93,198,71,88,62,11,18,14,21,144,103,83,56,49,41,213,89,300,109,232,83,242,78,229,65,29,26,21,24,23,25,43,29,199,88,82,48,31,26,22,22,2925,268,319,99,201,89,244,86,152,78,68,48,9,16,0,19,32,33,73,64,75,60,251,93,306,101,205,74,162,64,221,103,47,40,35,28,155,81,61,37,130,51,91,47,56,30,32,40
25023505102,1400000US25023505102,5568,523,2709,275,162,77,216,69,159,88,122,57,56,44,51,60,0,19,41,36,113,104,123,63,134,57,180,71,118,50,351,122,194,80,61,51,125,59,54,52,75,48,192,59,140,66,42,28,0,19,2859,342,118,59,308,100,207,78,106,69,41,39,0,19,34,41,87,75,194,245,131,68,119,50,227,84,119,57,225,98,206,83,52,32,96,57,77,45,138,55,135,55,156,82,52,34,31,24
25023505103,1400000US25023505103,2956,561,1481,345,30,35,46,57,36,41,77,49,27,32,10,21,0,14,105,149,103,87,90,56,44,44,163,237,76,41,99,44,271,163,55,53,54,43,31,30,39,29,50,27,45,30,0,14,30,32,1475,309,160,70,45,44,87,74,53,46,138,143,0,14,31,43,0,14,35,43,58,43,88,43,5,12,82,56,101,49,245,165,32,30,74,66,54,33,37,47,63,36,63,53,0,14,24,24
25023505104,1400000US25023505104,4033,556,1732,210,32,34,159,62,116,71,0,14,0,14,8,12,0,14,74,73,34,35,63,52,157,71,45,41,190,123,166,115,119,66,57,49,190,104,31,29,86,58,57,42,58,36,71,45,19,21,2301,466,134,66,123,61,195,123,110,99,109,113,0,14,110,121,10,19,60,46,35,36,164,70,126,71,125,108,100,61,208,106,88,48,166,76,33,34,77,50,105,61,35,28,55,44,133,155
25023505201,1400000US25023505201,2115,329,1000,187,16,21,62,48,106,88,35,38,0,14,13,24,0,14,16,38,7,11,77,58,55,50,129,87,65,50,46,40,38,37,20,24,21,23,6,10,51,40,103,60,88,66,5,9,41,42,1115,186,56,44,216,107,52,56,32,30,0,14,13,28,0,14,0,14,29,44,23,29,52,38,149,62,35,32,46,38,22,24,22,25,37,36,68,44,26,28,62,40,79,55,43,40,53,40
25023505202,1400000US25023505202,4693,478,1994,248,94,57,82,71,178,98,67,59,55,52,0,14,50,58,50,58,13,23,63,49,94,90,168,62,28,30,140,74,188,76,75,63,111,55,48,39,144,101,111,66,81,57,123,89,31,32,2699,383,128,85,181,166,149,95,40,40,52,54,0,14,0,14,72,68,54,68,81,61,125,91,139,83,65,51,220,72,160,83,229,169,157,58,139,91,32,32,326,223,172,92,84,53,94,71
25023506102,1400000US25023506102,6169,660,3051,440,146,76,109,70,205,120,231,131,35,44,36,55,0,19,244,195,101,89,184,110,193,102,248,137,198,108,122,77,296,128,109,75,134,91,40,40,76,61,152,99,36,34,92,60,64,56,3118,432,189,168,131,86,202,104,120,126,0,19,31,53,29,51,269,265,229,192,197,115,138,96,108,67,241,110,271,143,343,139,60,50,26,32,85,56,66,51,40,44,154,76,37,39,152,75
25023506103,1400000US25023506103,2667,807,1148,270,18,31,196,134,147,69,42,38,0,14,7,14,30,45,0,14,29,37,42,33,74,42,90,60,172,126,11,19,0,14,31,33,58,51,57,56,33,28,51,33,40,29,15,18,5,9,1519,583,128,147,250,278,62,51,83,59,0,14,0,14,0,14,41,62,19,25,31,37,88,52,223,148,88,59,58,50,88,57,50,47,41,36,54,41,48,40,65,39,53,37,49,68,0,14
25023506104,1400000US25023506104,4099,609,1914,287,36,37,109,64,136,133,82,53,37,45,96,86,0,14,38,45,134,86,11,19,166,163,153,89,131,78,98,56,152,86,23,25,183,105,22,25,42,38,92,67,101,89,61,40,11,17,2185,401,109,123,74,56,100,89,112,83,14,23,0,14,0,14,161,96,72,60,39,38,416,254,108,39,90,73,133,62,208,105,23,26,66,50,70,50,63,41,74,49,162,96,30,29,61,99
25023506202,1400000US25023506202,2957,408,1488,237,108,89,117,56,41,33,38,25,14,20,11,18,27,33,73,56,34,26,99,50,66,59,103,41,113,58,115,86,146,66,6,9,47,34,42,29,114,109,42,27,79,53,46,23,7,11,1469,257,25,22,65,37,212,142,28,25,12,14,15,24,0,14,35,30,47,29,62,31,80,50,77,39,105,70,208,116,104,57,24,20,75,36,45,31,60,43,39,27,69,49,55,35,27,23
25023506203,1400000US25023506203,5447,647,3000,475,160,125,211,118,65,73,123,105,125,134,0,19,0,19,95,81,77,68,354,161,122,104,140,88,237,129,325,275,175,108,60,47,133,96,76,62,56,46,193,132,55,35,63,84,155,179,2447,323,146,112,134,104,74,74,88,111,67,78,24,40,0,19,61,69,183,135,114,110,119,106,176,107,33,44,253,132,170,95,85,66,105,72,65,54,57,37,233,145,114,100,92,88,54,71
25023506205,1400000US25023506205,2120,503,1001,270,46,35,0,14,36,39,27,32,9,14,0,14,39,39,52,39,75,61,49,37,49,44,25,30,20,23,79,64,115,57,193,233,64,38,24,24,25,26,16,18,27,23,26,28,5,8,1119,256,22,19,38,26,16,21,0,14,12,15,0,14,8,14,26,27,111,72,48,43,64,44,5,10,43,33,94,52,257,280,68,52,49,35,51,39,27,21,81,65,82,39,5,8,12,13
25023506206,1400000US25023506206,2420,372,1088,215,50,50,10,17,10,18,65,54,12,20,10,18,0,14,23,30,18,22,0,14,73,72,48,36,135,96,55,55,116,68,125,77,77,83,4,10,64,61,83,78,30,37,80,60,0,14,1332,206,22,27,51,37,39,40,0,14,14,21,0,14,16,27,71,65,102,65,0,14,37,35,54,35,87,49,87,43,108,66,10,16,148,98,110,86,124,82,52,37,87,99,39,46,74,68
25023507101,1400000US25023507101,5504,528,2666,393,249,244,110,56,233,75,187,94,55,45,26,26,32,34,57,43,68,49,123,74,156,91,136,62,236,88,192,64,219,98,45,25,78,62,42,40,61,47,93,45,119,63,47,32,102,66,2838,296,149,73,145,64,258,86,70,51,32,40,0,19,11,18,76,77,33,48,234,111,99,49,104,49,301,90,176,69,284,132,52,44,105,59,89,52,92,55,169,67,64,35,65,37,230,109
25023507103,1400000US25023507103,4242,419,2154,273,104,72,86,49,175,82,137,55,75,49,17,22,25,31,0,14,14,21,108,56,20,24,90,39,153,80,183,77,170,63,24,21,194,104,55,40,140,100,146,70,50,45,45,55,143,179,2088,245,33,27,94,67,209,63,77,47,69,61,0,14,25,29,117,111,30,31,98,51,41,31,115,39,147,77,237,78,205,76,20,20,109,51,68,58,102,51,103,55,108,67,47,34,34,34
25023507104,1400000US25023507104,6439,698,3247,464,93,55,290,156,120,120,101,80,60,95,25,42,0,19,98,102,119,112,150,186,228,132,162,82,361,251,76,58,324,117,63,59,148,104,18,28,211,158,272,248,162,104,166,101,0,19,3192,369,146,73,306,162,166,81,99,77,12,23,0,19,0,19,284,207,48,46,49,45,179,104,221,89,110,84,266,105,163,91,139,137,82,69,29,37,124,81,380,269,208,102,48,48,133,114
25023508101,1400000US25023508101,7304,721,3605,485,206,115,182,112,244,146,215,111,0,19,23,40,31,54,118,86,219,120,148,93,224,108,284,156,165,109,235,121,265,121,51,45,177,114,267,360,233,159,79,54,190,96,0,19,49,43,3699,435,137,152,130,96,259,160,98,102,85,107,18,31,38,46,34,38,118,115,212,99,112,69,300,150,206,112,347,157,249,176,177,157,401,435,138,75,188,129,111,98,124,94,155,120,62,44
25023508102,1400000US25023508102,4691,506,2407,278,146,72,117,71,72,50,86,63,78,55,66,75,80,70,130,66,91,69,161,92,137,68,106,73,136,70,206,101,126,63,98,53,151,69,143,63,77,55,76,45,60,40,48,37,16,24,2284,309,98,53,81,50,96,75,92,83,42,46,0,14,53,45,93,61,159,98,112,59,102,58,159,75,149,79,185,68,154,69,77,49,191,100,63,40,51,48,133,76,80,43,69,49,45,38
25023508200,1400000US25023508200,6387,624,3068,376,202,105,136,79,197,96,175,120,28,46,121,94,0,19,213,147,53,58,249,143,187,73,126,76,210,123,60,62,262,111,207,139,94,115,101,126,48,42,151,80,127,102,108,97,13,21,3319,397,213,106,129,78,85,66,157,107,46,52,28,45,43,61,257,156,82,68,253,149,207,85,96,70,331,143,186,105,307,100,187,149,152,141,82,74,156,67,73,61,200,121,27,33,22,35
25023509101,1400000US25023509101,7453,707,3823,476,244,117,261,178,268,115,178,129,147,93,0,19,0,19,66,66,217,99,210,105,195,93,290,139,159,91,162,117,243,193,153,88,317,230,38,44,106,84,163,95,140,73,90,94,176,188,3630,423,228,96,242,122,113,61,90,89,48,56,0,19,0,19,110,91,159,111,156,100,299,110,434,294,158,109,308,143,266,124,137,81,206,215,78,61,222,87,190,157,117,80,27,32,42,45
25023509102,1400000US25023509102,6574,707,3281,421,157,121,69,48,184,114,112,97,109,115,16,26,0,19,115,106,291,131,172,97,127,80,139,120,240,125,348,154,192,137,16,26,79,83,188,201,230,133,176,74,84,55,202,231,35,29,3293,519,35,32,156,114,167,115,293,195,0,19,0,19,0,19,102,94,77,71,152,91,99,63,251,187,205,116,325,163,262,116,33,40,245,246,54,44,256,115,197,100,171,120,121,102,92,71
25023510100,1400000US25023510100,5169,869,2426,505,171,98,118,96,210,133,122,80,19,25,10,15,48,54,100,62,186,138,209,120,175,98,78,65,76,62,267,111,115,63,26,34,82,52,46,33,151,87,137,82,17,20,21,20,42,27,2743,432,187,114,131,95,174,96,173,166,70,68,6,11,0,19,137,106,171,100,211,110,172,103,205,100,107,76,184,85,120,67,95,74,53,36,105,72,120,62,202,94,56,32,54,34,10,14
25023510200,1400000US25023510200,7408,890,3696,499,272,159,167,170,329,268,133,138,116,87,14,22,54,87,38,44,253,179,240,178,210,176,351,177,178,158,320,233,410,198,89,89,133,95,149,104,80,72,35,34,52,62,38,45,35,44,3712,600,351,226,177,133,302,191,204,167,96,98,35,60,32,37,239,160,251,120,226,206,256,157,256,166,58,67,170,110,390,173,38,49,148,110,87,72,137,107,94,95,76,67,46,44,43,48
25023510300,1400000US25023510300,4465,908,2529,652,438,383,145,89,166,106,101,86,61,54,0,14,0,14,184,131,189,127,322,208,121,147,217,109,109,101,79,61,69,54,84,73,54,45,36,39,9,14,83,49,51,63,3,5,8,15,1936,378,137,136,124,92,136,93,10,15,73,59,11,17,39,53,16,20,228,160,177,115,70,63,135,76,143,86,85,66,121,85,37,42,95,83,48,56,161,93,37,40,11,14,32,39,10,32
25023510400,1400000US25023510400,4321,618,2262,416,212,107,231,130,189,127,85,60,71,63,53,50,22,33,83,83,269,116,170,115,130,77,154,85,76,60,117,134,140,108,11,17,114,82,23,33,6,9,102,99,4,9,0,14,0,14,2059,342,214,125,319,100,145,74,111,84,7,13,0,14,41,40,18,29,342,128,167,85,136,78,152,82,29,33,79,52,75,45,34,33,23,31,31,28,0,14,38,30,38,58,5,16,55,46
25023510501,1400000US25023510501,4112,704,1778,327,138,158,148,88,204,108,43,47,0,14,84,67,24,48,17,27,106,81,143,69,112,117,133,76,153,118,60,48,100,75,49,40,6,9,10,16,79,90,70,47,53,31,32,39,14,16,2334,500,165,143,34,39,175,105,126,82,11,17,0,14,38,40,152,124,97,106,135,82,85,50,283,201,131,95,189,65,231,99,111,122,40,34,56,45,45,34,27,23,72,52,55,64,76,59
25023510503,1400000US25023510503,4249,490,1954,252,141,100,191,110,207,128,86,71,8,12,0,14,0,14,68,59,78,84,86,68,120,85,224,114,143,58,64,50,114,74,8,14,93,61,32,36,49,43,21,24,101,94,110,61,10,10,2295,369,184,108,27,26,92,67,127,89,20,25,51,50,27,43,66,60,125,108,169,87,254,149,180,83,64,45,112,58,168,85,0,14,113,145,35,35,89,64,101,83,131,66,66,57,94,55
25023510504,1400000US25023510504,2334,347,1195,224,92,82,51,48,123,61,101,96,8,25,59,57,0,14,0,14,88,93,29,40,88,80,40,46,51,62,130,80,47,46,86,65,54,50,0,14,58,49,10,16,73,58,7,18,0,14,1139,226,4,9,59,55,35,40,73,57,32,38,0,14,0,14,0,14,64,59,99,88,81,91,71,69,66,93,82,56,99,55,5,14,58,59,0,14,0,14,72,62,54,56,97,77,88,75
25023510505,1400000US25023510505,4846,772,2478,489,87,94,119,143,207,185,172,109,15,25,0,14,29,38,143,105,179,109,442,264,103,136,30,36,114,104,17,30,233,156,8,16,215,160,39,51,161,125,56,62,14,24,95,113,0,14,2368,468,212,206,103,120,194,181,23,44,120,93,0,14,41,54,106,104,83,83,154,147,326,162,44,43,62,63,148,102,31,50,109,95,226,138,71,103,70,76,36,44,24,29,185,183,0,14
25023510600,1400000US25023510600,3472,575,1522,213,0,14,44,26,44,43,154,94,33,43,46,53,0,14,124,69,134,99,66,69,35,50,53,40,206,104,87,67,73,57,54,46,59,55,21,21,97,80,49,38,77,63,58,58,8,19,1950,434,187,111,108,60,255,121,23,37,102,96,0,14,0,14,128,95,78,60,20,24,164,63,89,57,222,100,53,56,44,51,100,79,84,59,23,36,129,117,31,35,41,39,17,24,52,46
25023510700,1400000US25023510700,6426,1121,2713,557,135,109,94,98,102,72,65,69,151,148,47,70,36,68,55,62,222,155,272,170,142,106,220,177,104,88,308,140,204,126,31,35,133,109,0,19,10,20,215,100,45,71,54,50,68,74,3713,710,74,87,275,154,429,259,311,220,109,102,525,244,0,19,68,79,141,137,86,73,143,117,319,197,237,161,266,118,84,81,12,27,176,141,48,59,176,122,52,60,62,61,76,81,44,46
25023510800,1400000US25023510800,7904,1035,3502,543,69,93,305,172,335,191,134,125,47,61,175,93,0,19,310,192,108,96,317,144,135,158,174,141,343,184,341,176,259,142,164,121,38,46,79,112,27,37,57,55,4,20,49,80,32,52,4402,726,378,197,387,284,383,187,279,140,290,98,0,19,132,140,176,118,218,109,273,134,147,137,324,144,417,223,223,86,170,120,57,54,128,107,28,45,191,114,147,125,0,19,0,19,54,63
25023510900,1400000US25023510900,2094,472,922,326,11,17,85,85,91,94,18,28,47,60,47,51,100,61,82,96,25,31,73,71,56,67,34,41,32,51,41,48,62,59,27,43,22,30,0,14,22,34,47,52,0,14,0,14,0,14,1172,216,0,14,35,41,17,29,17,21,0,14,19,36,0,14,23,36,20,35,86,88,87,76,76,56,100,63,85,54,55,59,93,81,20,35,28,44,62,60,186,86,104,94,7,17,52,40
25023511000,1400000US25023511000,2974,615,1358,402,111,104,112,74,143,125,93,72,4,7,44,41,20,31,19,30,21,26,106,79,153,142,82,78,38,44,25,29,115,124,43,46,100,80,19,32,36,44,49,42,0,14,13,21,12,20,1616,365,69,84,51,47,204,84,93,77,8,15,0,14,26,30,93,79,104,76,171,88,106,67,156,96,3,12,121,70,78,55,115,128,78,65,0,14,83,68,27,35,8,14,14,22,8,15
25023511100,1400000US25023511100,5555,663,2932,413,165,108,274,117,190,119,155,96,78,61,21,35,63,69,114,73,45,42,261,116,146,123,117,73,276,133,225,135,135,73,100,80,115,86,103,60,114,88,113,68,19,19,92,49,11,14,2623,326,116,82,144,107,136,90,66,63,12,13,0,19,8,12,114,83,120,68,270,103,115,77,99,62,144,90,242,131,270,138,77,72,173,102,121,83,35,28,108,66,55,43,113,65,85,63
25023511200,1400000US25023511200,5331,852,2376,411,118,86,123,67,172,97,17,25,142,117,7,13,38,35,24,27,77,38,198,110,105,81,134,89,160,97,181,109,254,148,77,70,126,83,78,88,94,71,74,45,144,87,4,8,29,26,2955,653,226,150,237,190,227,120,99,62,42,36,34,28,0,19,117,78,200,92,241,177,170,103,181,106,182,95,182,86,121,80,43,39,85,57,40,31,87,72,343,330,35,32,39,40,24,46
25023511301,1400000US25023511301,6185,710,2939,363,114,83,200,90,391,200,60,54,153,106,32,34,37,47,199,111,108,114,157,99,118,66,247,117,199,123,255,143,147,93,56,47,80,66,116,109,75,54,60,50,77,36,26,22,32,29,3246,472,238,213,198,94,352,124,45,42,75,61,41,73,0,19,74,59,151,90,230,115,378,207,117,58,227,101,69,41,305,253,113,73,47,34,130,128,94,73,122,67,75,49,67,52,98,72
25023511302,1400000US25023511302,3795,614,2021,337,135,79,126,102,225,160,121,95,40,42,3,7,62,54,96,96,106,85,89,116,59,63,220,87,66,54,128,97,163,125,5,10,17,24,15,18,95,73,175,115,56,59,12,18,7,11,1774,341,162,142,12,19,21,33,19,30,2,3,1,3,4,8,205,148,149,78,52,72,150,97,208,110,62,51,105,77,124,107,12,17,23,24,32,30,55,53,205,121,127,96,27,24,17,17
25023511400,1400000US25023511400,3834,754,2035,484,25,48,157,103,158,118,116,89,88,58,34,56,26,41,161,89,407,232,174,125,28,46,209,155,109,85,68,55,64,70,41,47,55,57,0,14,30,39,63,52,22,40,0,14,0,14,1799,345,46,51,101,98,210,132,116,80,90,78,0,14,19,29,40,54,78,75,220,139,47,53,144,116,214,97,54,47,147,86,52,56,8,12,78,70,59,61,12,17,51,55,0,14,13,19
25023511500,1400000US25023511500,5254,773,2584,449,346,187,207,111,236,140,171,107,81,54,28,39,0,19,93,68,253,128,70,60,161,87,230,201,165,70,131,74,142,82,32,39,66,57,24,33,98,60,31,35,19,24,0,19,0,19,2670,431,92,97,399,195,259,120,164,84,86,54,26,44,0,19,175,110,201,157,151,69,200,99,219,97,105,72,157,94,141,83,102,83,52,47,31,32,72,47,23,25,0,19,5,10,10,17
25023511601,1400000US25023511601,3904,774,1874,413,223,145,235,136,138,74,115,76,133,113,14,29,55,65,44,35,28,43,95,81,160,81,192,102,83,83,98,75,64,44,53,49,10,17,78,106,22,36,0,14,12,23,0,14,22,26,2030,550,152,192,208,144,193,135,89,56,16,31,16,38,46,47,0,14,127,90,118,91,233,89,129,88,103,88,80,49,84,59,0,14,166,87,17,27,23,27,44,59,64,55,45,53,77,56
25023511602,1400000US25023511602,3749,690,1681,365,117,91,70,107,40,65,35,47,80,79,0,14,24,46,0,14,68,57,166,91,78,55,132,127,134,101,91,54,93,79,95,87,44,40,131,85,87,78,49,39,110,66,37,36,0,14,2068,470,155,137,101,58,123,138,106,124,0,14,37,49,17,29,19,28,212,137,136,62,35,29,120,109,148,126,137,84,119,75,13,21,184,107,46,60,63,53,178,125,46,36,43,48,30,32
25023511701,1400000US25023511701,5199,538,2646,342,112,74,125,79,112,66,68,94,16,21,9,13,14,24,62,40,306,150,191,113,292,116,152,83,157,106,110,70,214,88,45,45,176,104,90,83,75,47,96,54,87,71,75,56,62,36,2553,330,137,100,92,84,81,67,123,78,50,43,87,66,10,17,51,33,75,60,198,111,208,101,67,44,169,95,163,97,237,119,62,49,248,148,38,32,79,72,128,60,55,47,101,63,94,71
25023511702,1400000US25023511702,2806,439,1574,238,118,124,94,53,79,50,63,44,42,45,23,26,0,14,56,39,108,50,86,74,145,71,56,67,134,77,95,66,135,81,31,29,60,42,43,44,57,43,88,50,25,24,29,30,7,15,1232,264,86,82,15,19,117,133,31,33,5,10,16,25,17,25,0,14,42,32,47,42,129,97,132,50,173,88,60,41,98,49,17,18,65,45,21,18,24,23,80,61,41,30,9,13,7,9
25023520100,1400000US25023520100,7183,742,3535,532,389,307,50,58,149,152,242,164,0,19,0,19,0,19,149,117,271,118,232,159,441,288,286,148,248,127,145,93,313,149,105,87,148,80,85,64,47,42,97,61,59,42,21,24,58,54,3648,385,167,100,230,134,353,166,72,67,28,41,0,19,27,46,191,132,177,86,184,141,507,247,202,112,386,145,105,75,246,109,62,72,138,96,92,67,136,111,71,54,63,59,93,59,118,80
25023520201,1400000US25023520201,3653,352,1861,215,134,76,81,61,133,78,77,44,5,9,0,14,34,39,104,93,209,99,163,80,132,57,86,50,97,53,148,69,85,48,56,45,98,77,52,46,72,40,55,37,32,30,8,12,0,14,1792,232,116,77,42,37,122,71,16,19,0,14,31,47,0,14,23,40,204,108,139,78,120,63,102,46,126,81,87,51,198,99,62,47,109,58,77,59,66,50,51,37,44,40,57,40,0,14
25023520202,1400000US25023520202,6217,784,3031,611,164,189,298,192,244,228,47,52,81,98,16,25,0,19,26,39,192,157,195,145,233,151,200,143,299,174,194,142,295,154,81,78,93,60,36,38,50,44,66,52,94,70,68,56,59,60,3186,413,147,92,269,109,156,126,90,106,53,73,15,23,0,19,255,168,175,113,191,147,203,97,232,160,227,162,255,104,251,121,161,117,99,57,48,47,0,19,113,66,126,109,73,60,47,56
25023521101,1400000US25023521101,4582,435,2053,277,114,63,177,102,131,69,52,34,68,48,9,14,12,19,50,37,137,80,29,31,131,57,251,73,72,55,95,50,117,52,142,157,126,61,53,44,71,71,93,55,38,30,62,44,23,22,2529,292,123,83,200,78,137,95,42,49,16,24,56,71,63,74,177,106,82,51,157,83,143,69,254,79,77,57,204,90,223,163,74,43,70,48,105,93,44,31,146,63,63,40,31,27,42,32
25023521102,1400000US25023521102,3499,660,1738,487,16,24,60,55,116,70,278,342,50,60,29,42,0,14,68,51,56,43,60,40,135,71,186,170,123,64,35,27,158,81,61,47,68,56,88,111,0,14,111,51,14,21,14,21,12,17,1761,270,119,87,126,93,97,57,21,25,37,36,12,22,0,14,123,116,56,49,102,64,64,48,262,171,64,44,122,61,102,45,38,31,76,59,113,141,58,42,56,36,37,33,25,26,51,48
25023521201,1400000US25023521201,3261,544,1594,306,110,113,62,55,167,125,34,46,17,27,3,5,0,14,137,115,115,94,140,75,183,115,96,67,100,87,151,63,54,48,7,12,69,53,66,53,26,28,24,32,11,13,12,17,10,16,1667,355,143,120,104,106,48,43,35,46,21,32,38,55,24,38,142,90,204,120,113,52,141,88,104,104,103,67,98,52,45,34,37,40,25,28,83,53,11,23,79,63,19,20,50,37,0,14
25023521202,1400000US25023521202,3953,387,1876,225,143,77,104,64,109,63,56,48,37,33,0,14,18,27,60,52,133,73,80,46,93,48,110,60,154,82,166,80,166,67,64,61,98,75,7,11,131,66,60,36,61,32,12,20,14,16,2077,239,69,64,32,38,141,97,57,53,30,49,119,67,21,36,232,113,110,57,95,53,87,49,118,57,97,55,263,100,107,55,78,58,81,62,75,42,29,27,124,65,23,21,47,39,42,35
25023522101,1400000US25023522101,4694,451,2310,321,158,100,102,69,104,47,88,75,98,73,0,14,0,14,221,154,106,74,149,100,171,87,96,52,164,80,186,116,241,142,57,38,99,51,61,40,97,57,56,33,38,25,18,18,0,14,2384,260,69,52,182,67,99,66,121,78,4,8,0,14,125,112,152,143,67,41,164,81,139,67,168,61,122,57,231,135,137,56,79,57,104,48,103,51,47,35,77,39,117,83,33,22,44,45
25023522102,1400000US25023522102,5966,458,2968,340,159,103,198,144,306,165,74,59,7,14,41,58,33,51,49,51,61,53,93,83,171,92,271,137,163,76,310,94,104,82,96,86,123,74,18,27,198,144,317,119,52,41,82,55,42,41,2998,340,103,69,374,196,60,75,102,77,118,93,121,134,40,49,57,62,59,55,169,142,196,92,176,96,231,108,132,81,168,75,81,80,115,84,89,61,78,61,266,125,72,53,117,72,74,59
25023523100,1400000US25023523100,3354,427,1604,248,130,70,85,63,64,74,80,59,100,91,10,18,9,16,105,68,132,82,132,119,120,68,144,115,41,31,90,58,140,83,17,19,88,58,6,10,11,18,56,42,35,34,9,14,0,14,1750,301,144,119,80,54,139,87,128,75,0,14,65,101,43,41,103,72,42,36,268,144,75,44,88,46,54,42,166,85,102,73,68,74,49,38,14,21,48,41,26,27,35,33,13,16,0,14
25023523201,1400000US25023523201,3136,336,1635,224,103,79,100,57,177,102,162,68,40,33,24,25,24,29,65,53,57,65,17,21,59,38,53,35,100,49,122,54,121,50,20,18,117,62,28,25,63,56,84,63,32,32,58,63,9,11,1501,211,9,15,95,60,91,74,78,58,80,68,0,14,16,19,70,51,59,63,93,59,33,27,128,45,93,49,126,57,138,85,82,57,66,35,10,12,35,26,50,25,73,63,69,49,7,15
25023523203,1400000US25023523203,4332,540,2144,352,9,16,121,85,36,43,105,99,0,14,0,14,14,23,177,130,201,159,113,58,130,92,142,71,141,132,295,224,176,74,84,60,102,79,27,32,72,39,99,81,60,44,30,30,10,16,2188,260,170,96,148,75,29,46,38,46,40,63,0,14,10,20,45,49,136,94,79,48,241,119,115,79,335,229,167,96,105,71,35,47,115,93,41,33,38,33,134,80,77,44,81,47,9,13
25023523204,1400000US25023523204,3634,453,1850,276,69,46,168,102,145,85,63,45,7,12,29,38,0,14,90,115,30,33,113,106,37,31,109,73,206,78,114,82,124,105,10,18,122,117,18,22,59,40,193,107,102,52,35,28,7,11,1784,267,126,72,25,26,56,55,86,51,113,85,20,29,0,14,20,32,161,130,55,44,116,67,132,67,101,58,135,102,83,45,50,34,81,64,34,34,127,64,127,56,86,47,35,27,15,13
25023524101,1400000US25023524101,3535,380,1782,278,84,76,73,57,70,60,52,66,146,104,13,19,87,77,112,99,226,130,0,14,139,72,77,43,19,22,241,162,90,56,65,67,76,56,21,22,47,47,30,25,85,76,21,20,8,12,1753,209,75,45,138,101,79,51,80,67,24,27,0,14,34,37,72,60,167,109,70,43,95,63,48,37,110,87,234,104,83,60,31,31,36,25,24,27,73,48,130,88,21,20,37,27,92,14
25023524102,1400000US25023524102,4173,380,2075,204,124,62,90,69,97,54,60,54,30,30,51,47,51,57,76,63,147,91,267,190,181,79,90,69,65,50,154,103,29,27,77,46,46,30,52,36,90,48,174,59,47,37,49,45,28,26,2098,275,163,124,79,63,101,75,73,55,19,30,23,27,0,14,16,23,247,234,146,78,98,56,94,55,129,86,166,88,82,48,114,69,89,41,37,28,68,49,93,50,116,73,44,43,101,73
25023525101,1400000US25023525101,7060,504,3317,322,188,127,193,115,157,102,109,69,110,79,54,60,44,51,162,116,152,131,356,179,198,105,279,119,90,65,282,185,175,87,60,50,138,86,0,19,108,71,240,145,110,65,42,42,70,65,3743,408,155,158,139,85,133,98,355,195,38,45,66,62,144,111,130,123,452,293,296,115,226,125,194,117,126,73,283,155,211,128,53,55,155,87,50,49,106,80,158,78,106,76,150,123,17,24
25023525104,1400000US25023525104,7149,764,3700,436,283,165,316,135,136,97,122,67,140,73,10,19,42,51,145,131,361,206,100,70,242,98,106,58,152,85,447,144,180,77,67,60,120,115,82,70,171,110,317,146,60,49,76,87,25,29,3449,540,94,63,110,66,136,107,52,63,129,55,199,189,43,50,147,105,124,78,134,68,294,165,237,179,153,95,288,105,219,106,145,111,241,230,86,69,136,84,254,110,114,86,30,35,84,119
25023525204,1400000US25023525204,4247,506,2242,335,219,117,159,71,219,124,228,123,30,30,0,14,30,33,32,35,72,52,69,50,159,92,228,73,232,104,128,76,74,45,0,14,128,92,23,21,58,39,30,42,46,31,64,58,14,18,2005,239,55,43,147,67,133,68,132,81,66,71,16,27,13,20,61,61,107,59,167,108,141,79,140,62,191,118,116,58,167,78,53,41,74,38,23,21,15,17,121,56,50,35,10,19,7,13
25023526100,1400000US25023526100,7748,17,3675,258,135,89,269,201,177,100,115,90,47,59,51,60,104,83,230,154,121,105,177,104,231,121,361,214,274,127,365,209,232,135,89,74,97,88,83,62,148,80,246,127,41,42,35,35,47,44,4073,260,159,82,165,89,569,337,130,118,17,32,0,19,19,31,70,78,191,130,242,102,175,104,352,209,266,136,318,201,243,115,132,118,166,91,112,66,261,114,137,79,218,132,108,73,23,30
25023530100,1400000US25023530100,4395,503,1932,259,33,29,67,55,135,45,73,68,39,60,13,17,20,30,85,70,88,79,115,64,27,25,171,97,64,43,93,56,189,81,173,141,45,43,37,30,82,62,165,100,108,45,67,36,43,26,2463,300,18,22,125,72,47,40,130,71,41,41,49,60,0,14,0,14,260,117,77,55,68,46,139,88,245,128,111,68,314,144,120,57,111,91,46,33,70,39,288,137,108,49,70,42,26,24
25023530200,1400000US25023530200,4337,512,2176,398,26,29,90,111,85,54,19,23,48,45,22,19,0,14,93,94,325,184,193,113,171,121,263,273,153,98,58,43,160,84,38,45,84,54,52,45,100,62,97,62,77,101,11,18,11,18,2161,268,35,39,21,39,108,80,147,75,40,62,0,14,10,17,87,80,263,160,188,112,148,84,72,51,115,92,113,60,206,98,79,56,105,80,17,20,102,72,139,97,29,31,54,39,83,83
25023530300,1400000US25023530300,4063,476,1847,337,29,59,13,20,117,126,38,44,40,64,0,14,41,65,0,14,102,89,247,136,141,142,250,160,110,141,160,100,233,144,64,63,48,60,25,41,17,27,83,63,41,42,0,14,48,45,2216,399,61,65,0,14,71,78,71,84,14,26,57,65,0,14,113,111,293,173,73,64,154,107,112,73,155,123,187,89,217,82,16,26,38,41,0,14,68,58,90,54,71,60,76,58,279,247
25023530400,1400000US25023530400,5761,734,2841,366,207,119,124,90,127,123,39,49,59,70,29,51,37,62,137,89,95,77,66,65,348,165,117,91,164,85,179,87,327,188,30,36,54,53,59,52,110,83,226,86,158,66,105,89,44,45,2920,456,62,58,72,69,311,201,106,103,23,38,0,19,41,63,0,19,116,79,165,95,208,132,181,110,145,78,301,146,121,90,49,50,163,72,68,59,298,160,280,136,131,69,19,31,60,56
25023530500,1400000US25023530500,6116,716,2841,457,85,105,193,93,115,85,135,86,0,19,0,19,123,181,96,75,173,156,46,42,189,91,51,54,211,179,157,89,181,108,252,241,159,82,43,48,155,93,140,74,85,69,89,65,163,79,3275,451,157,136,241,166,47,54,248,193,22,37,0,19,0,19,126,102,193,153,83,71,167,96,208,122,184,100,194,109,151,93,154,80,83,57,230,196,110,80,207,114,174,110,91,77,205,105
25023530600,1400000US25023530600,6593,453,3716,299,201,111,219,83,140,70,70,36,32,42,20,29,21,29,119,78,244,93,317,127,278,88,279,96,293,94,397,119,247,135,113,69,184,85,83,50,68,61,203,81,107,46,42,33,39,34,2877,312,149,73,136,59,156,77,108,56,135,86,0,19,30,37,110,69,93,68,136,64,188,82,164,80,165,82,191,87,302,115,66,53,207,114,43,37,93,60,116,70,177,65,100,59,12,19
25023530700,1400000US25023530700,6456,651,3007,333,0,19,0,19,83,59,131,129,68,66,0,19,40,47,20,33,74,51,126,71,141,92,110,98,69,57,220,136,190,85,88,57,159,77,68,63,300,132,328,163,535,309,231,187,26,29,3449,439,0,19,72,105,56,54,85,55,63,65,0,19,0,19,46,55,176,102,79,72,116,69,59,66,157,89,133,70,94,73,115,69,245,115,167,107,351,165,639,364,429,152,253,171,114,71
25023530801,1400000US25023530801,7002,882,3067,319,240,123,195,147,93,77,248,155,57,53,51,45,0,19,42,49,144,97,127,66,289,150,42,43,104,56,347,159,160,74,37,39,100,57,68,49,154,74,218,111,169,67,75,51,107,87,3935,649,224,151,325,294,274,142,122,92,184,161,32,52,0,19,110,91,199,94,34,33,282,161,208,90,300,125,191,115,262,115,123,80,52,36,103,61,139,54,234,116,224,77,186,117,127,103
25023530802,1400000US25023530802,4506,488,2103,281,143,93,144,100,137,73,31,27,64,47,0,14,18,19,74,79,173,158,112,79,112,84,113,85,94,45,48,35,127,67,110,55,60,36,71,75,188,103,111,64,89,48,52,36,32,25,2403,383,129,80,60,61,41,40,20,22,0,14,0,14,312,351,34,31,110,85,164,90,174,111,216,112,82,43,134,74,218,111,53,50,99,57,29,23,202,95,133,68,104,66,61,39,28,25
25023530902,1400000US25023530902,4712,609,2378,373,101,64,123,72,46,31,40,38,32,36,66,81,0,14,205,211,266,128,128,63,114,58,137,94,69,46,178,91,135,63,134,85,81,52,150,89,73,45,104,48,95,47,17,17,84,58,2334,327,75,50,118,84,145,87,143,78,15,22,11,19,11,19,30,37,166,66,86,58,197,97,54,41,100,52,200,87,271,160,72,46,135,74,73,42,95,36,151,64,54,31,117,99,15,19
25023530903,1400000US25023530903,6706,548,3586,397,283,145,186,105,170,115,231,149,73,69,108,117,40,49,106,92,54,56,376,165,207,94,74,65,108,82,321,162,249,126,117,82,189,85,42,39,124,67,338,230,128,83,49,57,13,20,3120,324,315,131,91,78,123,76,82,70,88,80,0,19,53,60,83,74,162,125,370,172,207,128,154,86,134,90,211,103,291,104,57,53,137,80,90,60,104,69,210,123,129,78,0,19,29,32
25023530904,1400000US25023530904,3306,694,1839,502,96,68,259,173,203,158,31,31,0,14,4,7,0,14,76,58,65,62,75,39,145,76,99,89,116,90,149,182,112,54,65,50,94,91,70,50,59,47,73,52,0,14,48,38,0,14,1467,237,74,72,46,46,52,46,20,32,24,25,0,14,0,14,0,14,92,73,126,69,99,56,93,76,118,75,257,182,130,57,25,26,85,83,54,53,27,22,67,40,51,39,12,19,15,20
25023540101,1400000US25023540101,4543,469,2116,310,17,26,124,73,135,96,60,63,122,91,0,14,12,18,172,105,213,121,88,66,176,92,103,66,59,43,82,59,241,104,107,60,42,31,51,40,72,38,165,90,31,29,15,17,29,24,2427,267,201,110,152,107,207,95,34,36,36,42,23,33,0,14,115,87,77,57,168,85,125,70,74,47,99,57,169,86,220,106,143,85,121,62,27,25,177,94,107,52,43,26,23,18,86,61
25023540102,1400000US25023540102,2787,279,1311,168,63,50,32,31,98,62,46,37,0,14,24,34,3,7,17,21,84,61,84,56,35,38,120,79,87,65,108,58,161,63,24,20,89,47,53,56,32,25,28,23,69,50,34,43,20,29,1476,219,24,23,66,41,116,68,93,55,42,55,0,14,0,14,123,82,90,60,96,51,57,50,26,23,41,45,133,57,198,92,66,48,46,30,24,20,24,19,40,32,97,67,53,46,21,26
25023540103,1400000US25023540103,4614,528,2161,233,139,108,77,54,138,50,64,51,96,53,26,31,21,26,121,103,44,32,76,39,53,34,162,59,153,65,210,112,153,77,178,173,101,56,85,46,73,37,134,45,34,28,11,16,12,18,2453,357,49,41,199,91,216,64,64,43,175,100,20,25,29,47,69,59,106,66,215,160,105,56,159,59,116,51,219,101,141,66,157,178,142,69,77,39,34,28,135,54,4,7,17,21,5,8
25023541100,1400000US25023541100,5837,36,2736,176,139,93,43,38,240,116,92,64,6,10,15,25,0,19,85,72,165,81,273,194,76,58,145,57,190,95,220,106,263,132,100,84,124,72,158,103,93,60,199,103,61,45,19,25,30,34,3101,181,193,136,89,65,171,85,205,125,127,106,43,51,0,19,76,73,96,68,330,196,103,56,191,81,110,76,274,113,326,141,48,46,104,55,29,32,81,56,301,127,88,56,57,75,59,46
25023542101,1400000US25023542101,7391,794,3883,575,165,135,315,193,176,79,178,153,80,87,9,15,39,46,177,109,246,122,350,135,366,299,135,77,220,120,247,114,355,320,63,43,168,92,105,94,132,81,220,86,93,75,28,33,16,25,3508,345,167,108,251,89,265,169,107,64,24,31,45,54,0,19,73,51,103,77,385,263,247,148,203,96,177,88,123,67,299,138,88,62,292,129,70,74,126,70,177,115,94,61,85,63,107,66
25023542102,1400000US25023542102,2597,248,1249,115,68,44,76,48,47,31,34,22,52,34,27,22,21,18,35,29,47,30,107,53,74,44,98,34,79,33,94,51,83,38,12,14,65,49,60,30,65,32,53,27,16,14,26,24,10,23,1348,173,98,50,66,39,61,27,39,25,10,14,16,18,0,14,10,16,60,39,101,49,82,41,64,33,112,57,24,21,113,50,54,37,74,31,39,31,81,36,60,33,64,31,89,96,31,22
25023542200,1400000US25023542200,6362,618,3064,393,87,77,102,86,184,86,128,115,57,49,0,19,0,19,54,48,175,107,123,163,116,100,212,126,232,146,292,146,207,96,123,67,107,68,93,58,68,54,317,159,161,77,125,59,101,82,3298,346,90,90,85,68,101,93,37,47,40,41,0,19,42,73,153,87,141,157,86,73,65,66,231,113,134,82,276,117,248,92,75,47,195,97,133,122,101,58,375,139,240,129,221,108,229,121
25023542301,1400000US25023542301,4051,505,1927,311,64,58,156,108,144,108,60,69,42,58,0,14,25,41,0,14,204,132,145,70,258,246,99,76,84,56,125,77,22,37,115,116,101,82,79,62,45,40,97,68,20,22,29,33,13,20,2124,366,217,87,113,91,136,125,87,71,0,14,98,96,0,14,44,70,164,108,363,111,86,62,113,87,110,98,85,65,158,129,66,75,31,36,76,62,41,36,61,54,44,30,14,24,17,24
25023542302,1400000US25023542302,4104,528,1931,387,63,45,55,50,134,91,145,111,52,83,9,18,28,34,69,81,253,164,198,109,82,52,111,77,92,73,210,111,62,47,32,30,37,57,9,14,69,55,86,76,113,111,10,16,12,18,2173,256,118,92,38,33,18,25,143,88,117,101,0,14,29,47,23,31,330,177,138,78,99,58,69,68,121,116,129,78,173,108,52,42,83,73,136,75,37,36,220,107,31,30,33,43,36,32
25023543100,1400000US25023543100,2935,22,1419,103,65,33,101,48,108,47,16,16,8,12,18,24,4,9,42,46,114,38,67,32,77,31,54,34,125,64,115,67,43,23,32,20,130,55,44,36,27,18,154,71,53,24,16,15,6,8,1516,101,73,46,81,48,139,101,51,36,15,16,18,18,0,14,25,24,68,41,73,25,68,29,116,58,74,59,109,52,108,46,27,26,105,48,40,25,129,98,66,35,81,29,28,32,22,18
25023544100,1400000US25023544100,5867,520,2997,293,102,75,335,136,168,101,72,50,174,132,16,24,0,19,124,72,199,102,139,84,221,163,289,116,129,66,197,114,151,70,76,64,70,86,63,38,78,44,129,61,163,82,53,35,49,53,2870,359,33,27,108,79,329,154,73,72,51,46,12,19,37,34,161,95,156,86,251,186,239,103,171,80,133,94,208,104,188,76,79,64,121,75,56,40,165,75,135,83,112,58,32,35,20,22
25023544200,1400000US25023544200,5845,518,2821,295,105,93,187,101,0,19,121,93,123,110,120,92,45,51,21,37,111,84,41,46,149,92,119,79,258,182,133,74,156,86,254,214,97,76,85,80,107,78,166,104,326,132,48,42,49,46,3024,351,152,100,49,57,117,77,25,33,40,43,0,19,0,19,181,115,147,85,150,117,129,91,154,101,68,64,377,191,179,161,205,96,191,113,16,24,179,119,351,148,234,147,37,35,43,54
25023545100,1400000US25023545100,6808,871,3121,580,40,48,200,169,213,148,17,29,5,9,58,55,11,21,280,150,87,60,84,80,261,80,119,91,166,118,213,132,193,102,187,107,121,76,101,85,306,355,137,96,212,102,96,94,14,21,3687,438,50,53,177,129,85,62,145,149,44,61,52,65,0,19,223,178,134,114,274,184,311,144,105,64,165,123,206,97,267,117,92,74,226,111,291,370,107,84,214,113,262,158,183,170,74,58
25023545200,1400000US25023545200,6587,706,3380,442,169,113,57,71,221,170,84,85,97,96,84,109,28,41,94,111,292,141,240,130,163,117,266,133,62,72,118,109,338,189,195,118,288,175,100,71,57,41,238,165,131,92,29,45,29,33,3207,387,118,89,88,94,246,138,77,92,23,38,0,19,27,41,85,80,256,114,149,112,153,105,200,120,204,131,227,117,361,215,209,106,133,74,70,64,95,71,122,98,147,79,138,133,79,86
25023545300,1400000US25023545300,4076,608,2192,404,228,242,69,90,73,95,22,36,0,14,39,65,0,14,0,14,186,142,108,124,72,83,53,53,175,147,39,44,281,205,88,86,157,119,151,139,83,114,171,128,24,26,99,93,74,97,1884,349,33,38,53,86,18,28,0,14,0,14,0,14,0,14,34,54,133,158,86,113,0,14,308,189,126,124,111,123,153,123,54,49,238,154,133,116,29,36,119,114,79,51,177,131,0,14
25023545400,1400000US25023545400,5831,654,2624,441,138,159,68,66,105,119,34,41,70,75,25,37,134,152,132,103,51,58,114,78,43,52,107,97,91,73,298,183,211,155,130,119,259,183,230,204,29,35,136,74,141,79,33,39,45,54,3207,452,44,70,0,19,105,106,69,82,47,55,52,83,0,19,82,74,132,112,279,165,221,158,51,49,295,247,257,160,318,172,73,59,68,52,295,347,195,96,235,128,159,103,117,128,113,89
25023560100,1400000US25023560100,6634,22,3315,250,72,57,123,84,247,252,119,89,33,40,0,19,0,19,143,72,96,70,194,144,106,66,180,113,197,86,72,63,566,201,67,55,130,86,86,69,125,69,285,115,83,56,121,80,270,256,3319,251,34,38,163,96,99,73,190,112,83,70,0,19,0,19,96,82,102,67,97,75,130,80,208,123,140,73,122,86,517,205,181,128,165,95,62,49,141,92,275,103,296,159,114,69,104,76
25023561100,1400000US25023561100,5310,33,2528,308,59,73,199,122,100,90,100,76,0,19,50,67,68,62,95,76,16,26,164,218,223,114,99,84,96,67,200,114,177,102,86,75,143,83,175,117,48,51,117,68,176,100,55,52,82,78,2782,307,65,62,59,73,158,90,149,104,64,75,0,19,79,126,0,19,0,19,229,201,105,83,58,58,114,103,275,132,254,133,89,70,285,168,49,49,28,36,301,163,255,118,84,57,82,60
25023561400,1400000US25023561400,5918,534,2948,389,101,70,194,126,186,169,122,98,11,17,14,22,81,72,170,121,241,156,172,183,292,143,36,39,67,60,155,89,337,235,40,44,61,57,55,69,35,39,226,135,218,119,94,60,40,51,2970,331,155,100,140,56,111,100,41,46,0,19,49,60,0,19,145,110,160,127,53,51,198,127,208,146,344,204,194,110,111,71,50,49,67,55,101,98,324,170,254,131,36,43,103,66,126,74
25023980200,1400000US25023980200,1481,86,1433,69,0,14,0,14,0,14,0,14,13,18,1,3,24,33,62,41,112,60,176,66,121,53,109,58,134,52,145,51,142,80,59,33,89,51,73,54,53,38,106,49,14,21,0,14,0,14,48,43,0,14,0,14,0,14,0,14,0,14,0,14,0,14,0,14,8,12,5,8,5,10,0,14,0,14,1,2,4,6,0,14,0,14,0,14,0,14,0,14,1,3,0,14,24,37
25023980300,1400000US25023980300,2616,64,1058,139,0,14,0,14,0,14,0,14,366,135,299,101,215,91,156,83,22,23,0,14,0,14,0,14,0,14,0,14,0,14,0,14,0,14,0,14,0,14,0,14,0,14,0,14,0,14,1558,147,0,14,0,14,0,14,0,14,719,165,458,113,206,68,153,63,10,19,12,18,0,14,0,14,0,14,0,14,0,14,0,14,0,14,0,14,0,14,0,14,0,14,0,14,0,14
25023990003,1400000US25023990003,0,14,0,14,0,14,0,14,0,14,0,14,0,14,0,14,0,14,0,14,0,14,0,14,0,14,0,14,0,14,0,14,0,14,0,14,0,14,0,14,0,14,0,14,0,14,0,14,0,14,0,14,0,14,0,14,0,14,0,14,0,14,0,14,0,14,0,14,0,14,0,14,0,14,0,14,0,14,0,14,0,14,0,14,0,14,0,14,0,14,0,14,0,14,0,14,0,14
25025000101,1400000US25025000101,1588,302,874,180,6,12,21,28,29,27,45,59,13,15,7,11,8,13,133,87,198,86,132,89,63,52,11,12,54,46,19,37,44,51,26,22,1,2,34,42,14,24,0,14,9,14,7,11,0,14,714,178,2,6,40,15,29,45,20,33,0,14,0,14,32,37,86,63,176,93,128,86,46,50,44,41,51,22,8,17,0,14,12,18,26,22,0,14,0,14,8,12,6,10,0,14,0,14
25025000102,1400000US25025000102,3428,724,1384,284,0,14,52,79,26,44,31,39,0,14,46,59,11,25,43,42,509,242,116,92,123,67,0,14,66,66,85,77,86,70,34,46,0,14,0,14,32,49,43,48,47,50,0,14,34,59,2044,668,66,58,0,14,82,54,67,72,24,22,78,125,23,35,100,101,507,295,444,463,122,78,80,77,29,35,119,95,55,54,0,14,45,41,0,14,28,42,90,64,57,66,26,41,2,9
25025000201,1400000US25025000201,4407,652,2173,427,112,100,49,57,152,152,83,76,48,76,1,2,20,25,171,105,463,196,294,128,243,138,134,97,26,34,142,73,93,56,0,14,10,18,4,7,56,55,30,40,0,14,10,16,32,48,2234,413,215,131,108,108,57,58,18,28,1,4,0,14,0,14,164,76,526,244,363,125,84,57,224,114,2,3,47,44,87,65,42,39,20,24,151,238,13,17,38,40,16,21,31,30,27,42
25025000202,1400000US25025000202,3668,603,1555,341,114,113,83,67,120,88,0,14,42,44,0,14,21,34,145,101,179,92,263,168,138,86,58,57,78,49,29,26,25,29,9,13,3,24,7,12,53,43,92,61,76,70,12,19,8,17,2113,389,174,127,99,98,121,84,21,30,43,52,14,22,23,35,208,115,292,119,247,98,139,61,162,75,57,48,27,28,64,56,1,6,37,29,0,14,86,82,48,34,34,41,38,37,178,144
25025000301,1400000US25025000301,2711,318,1184,260,32,54,37,40,50,34,34,31,0,14,0,14,0,14,226,189,267,127,208,55,28,31,4,8,110,54,41,37,10,21,0,14,45,42,12,19,6,8,43,30,22,22,0,14,9,22,1527,247,9,15,0,14,0,14,30,33,3,6,0,14,0,14,205,132,476,128,245,130,81,72,21,24,121,107,64,42,5,13,57,33,66,53,10,17,29,26,41,45,12,17,0,14,52,21
25025000302,1400000US25025000302,3210,620,1926,423,0,14,11,18,52,59,56,79,0,14,19,31,29,49,175,88,457,236,429,337,108,87,19,21,22,23,86,71,132,110,42,52,44,30,30,33,31,41,37,46,46,39,64,64,37,46,1284,305,7,12,11,18,44,44,0,14,75,63,6,10,8,11,59,38,314,222,124,66,72,61,49,58,56,46,84,73,100,73,0,14,57,48,21,24,28,31,80,60,33,32,28,24,28,26
25025000401,1400000US25025000401,4716,572,1912,346,0,14,0,14,0,14,0,14,0,14,6,10,5,8,244,142,695,249,357,208,27,33,0,14,33,37,74,81,63,63,0,14,80,80,105,78,28,36,112,83,0,14,32,44,51,57,2804,486,0,14,0,14,0,14,0,14,0,14,15,26,0,14,328,138,833,346,397,190,38,37,127,94,105,73,0,14,98,56,43,60,0,14,60,55,94,70,210,158,78,107,131,165,247,242
25025000402,1400000US25025000402,3669,813,2247,659,61,36,0,14,33,26,18,19,21,23,106,126,228,250,168,105,483,273,296,104,233,157,64,53,78,53,130,91,71,60,64,97,32,33,45,54,11,18,64,67,31,25,10,16,0,14,1422,327,93,65,27,25,18,14,11,17,19,30,94,103,70,75,137,80,239,90,131,76,26,26,69,56,55,50,23,26,111,121,0,14,47,60,11,17,12,19,26,27,129,119,6,9,68,81
25025000502,1400000US25025000502,6159,386,2932,434,30,26,18,31,18,32,20,38,636,157,417,117,341,141,242,117,366,160,250,158,111,74,78,48,42,42,84,51,79,80,10,11,31,29,42,55,31,25,12,17,10,17,58,61,6,12,3227,326,17,21,9,10,0,19,9,17,1004,227,487,181,262,111,310,145,381,112,141,56,62,56,28,26,46,42,120,85,18,21,10,18,20,23,22,23,18,21,60,39,48,38,99,88,56,40
25025000503,1400000US25025000503,1981,360,850,326,22,34,0,14,0,14,0,14,6,12,0,14,0,14,86,52,178,96,194,85,23,25,9,15,24,26,20,24,161,192,42,66,0,14,0,14,20,23,9,15,9,15,9,13,38,56,1131,152,5,8,0,14,0,14,0,14,6,12,0,14,18,24,195,80,314,116,271,112,31,24,56,58,47,44,19,29,55,40,0,14,0,14,16,19,15,17,29,26,27,26,9,15,18,16
25025000505,1400000US25025000505,1758,295,833,194,0,14,0,14,0,14,20,39,0,14,0,14,0,14,87,61,169,113,173,87,63,50,45,40,0,14,18,26,5,15,0,14,44,42,0,14,18,25,50,70,112,92,0,14,29,34,925,222,32,30,0,14,20,40,0,14,0,14,0,14,0,14,102,61,321,156,65,46,83,68,14,22,0,14,5,8,22,35,24,29,0,14,36,41,49,78,63,47,0,14,13,22,76,38
25025000506,1400000US25025000506,2467,402,1193,244,13,19,0,14,24,28,0,14,0,14,4,6,12,16,249,159,314,167,175,106,101,76,77,78,0,14,45,35,41,42,0,14,0,14,32,36,11,18,18,20,28,30,21,24,28,29,1274,332,40,38,0,14,8,13,12,19,0,14,0,14,30,45,238,138,342,162,198,88,66,41,102,84,19,21,29,46,21,23,53,54,10,17,9,15,0,14,43,34,34,26,10,16,10,17
25025000601,1400000US25025000601,3717,453,1825,273,0,14,140,70,48,70,29,37,12,19,0,14,21,22,274,135,399,113,179,81,57,42,134,70,80,84,24,30,164,87,156,97,12,21,0,14,10,16,19,22,35,44,11,25,21,33,1892,285,72,36,0,14,0,14,0,14,10,16,12,21,28,32,223,84,427,162,260,114,93,69,139,51,51,57,51,41,93,75,15,20,47,52,93,128,15,31,21,26,66,72,74,74,102,103
25025000603,1400000US25025000603,1840,477,828,261,8,18,81,58,34,53,35,56,0,14,8,13,0,14,141,131,63,46,61,43,32,36,97,54,59,71,20,32,48,50,0,14,22,34,14,22,14,23,68,51,23,34,0,14,0,14,1012,287,100,80,0,14,0,14,0,14,17,28,0,14,0,14,119,166,139,81,185,100,50,42,17,28,0,14,14,31,78,85,0,14,48,41,30,37,77,104,32,43,38,61,0,14,68,78
25025000604,1400000US25025000604,2304,416,1175,291,0,14,0,14,0,14,0,14,13,11,5,7,49,44,350,206,274,120,139,95,42,64,0,14,0,14,12,19,99,69,12,19,43,36,0,14,0,14,11,17,27,31,75,96,24,38,1129,316,30,50,0,14,0,14,0,14,181,259,25,29,4,7,224,84,248,114,17,20,94,82,19,23,19,22,44,35,29,45,27,45,43,68,0,14,42,66,25,29,0,14,15,22,43,40
25025000701,1400000US25025000701,4314,801,2408,601,28,46,0,14,0,14,0,14,0,14,29,25,56,85,223,112,1210,578,275,130,181,144,107,94,36,40,2,4,65,53,0,14,39,60,21,35,0,14,66,70,70,76,0,14,0,14,1906,478,0,14,0,14,34,24,84,58,0,14,0,14,8,14,320,143,870,406,318,168,8,18,44,70,5,8,39,56,0,14,46,60,19,33,32,48,33,50,1,23,26,42,0,14,19,31
25025000703,1400000US25025000703,1535,238,869,203,0,14,0,14,0,14,0,14,15,22,80,78,86,83,230,104,204,143,87,73,0,14,0,14,24,26,17,25,61,63,38,57,18,26,0,14,0,14,9,13,0,14,0,14,0,14,666,145,0,14,0,14,0,14,0,14,2,3,71,62,45,36,162,57,203,82,130,76,9,16,12,18,7,2,13,20,11,17,0,14,0,14,0,14,0,14,0,14,0,14,0,14,1,4
25025000704,1400000US25025000704,4314,498,2173,469,0,14,110,147,0,14,0,14,74,75,23,37,23,27,129,65,493,155,566,273,279,142,133,137,48,59,36,40,120,100,68,66,0,14,18,22,0,14,28,31,0,14,0,14,25,42,2141,320,0,14,0,14,0,14,0,14,0,14,168,122,69,59,544,226,420,115,311,156,261,132,59,90,0,14,0,14,187,144,0,14,19,29,20,25,0,14,66,84,0,14,17,29,0,14
25025000804,1400000US25025000804,3383,666,1751,359,94,124,0,14,176,145,166,127,40,43,11,20,31,33,125,110,321,138,268,137,116,80,99,50,10,20,65,54,87,49,0,14,0,14,45,29,60,47,14,24,0,14,0,14,23,38,1632,386,8,13,48,55,13,27,14,24,0,14,9,14,32,51,155,76,431,187,154,78,185,169,95,56,58,55,144,87,128,147,10,19,15,29,32,37,0,14,17,27,32,39,15,21,37,41
25025000805,1400000US25025000805,2943,455,1266,267,61,90,0,14,0,14,0,14,153,81,80,58,122,130,123,72,306,118,172,141,79,64,69,93,0,14,11,19,15,25,0,14,0,14,0,14,0,14,34,30,0,14,0,14,41,64,1677,410,66,105,49,78,0,14,0,14,225,189,155,105,122,71,186,108,453,215,264,155,10,16,0,14,0,14,30,46,0,14,10,16,13,21,0,14,30,37,16,23,0,14,0,14,48,75
25025000806,1400000US25025000806,2235,230,1035,168,10,12,7,12,0,14,0,14,166,68,169,104,37,35,66,62,213,89,233,79,81,67,0,14,53,45,0,14,0,14,0,14,0,14,0,14,0,14,0,14,0,14,0,14,0,14,1200,182,140,62,21,31,0,14,0,14,161,103,73,59,48,53,113,75,349,104,218,102,34,21,0,14,20,29,5,8,10,4,0,14,0,14,0,14,8,8,0,14,0,14,0,14,0,14
25025000807,1400000US25025000807,3348,147,1406,260,0,14,0,14,0,14,0,14,794,254,205,108,292,158,94,87,21,31,0,14,0,14,0,14,0,14,0,14,0,14,0,14,0,14,0,14,0,14,0,14,0,14,0,14,0,14,1942,254,0,14,0,14,0,14,0,14,1165,277,266,136,340,186,171,138,0,14,0,14,0,14,0,14,0,14,0,14,0,14,0,14,0,14,0,14,0,14,0,14,0,14,0,14,0,14
25025010103,1400000US25025010103,3880,160,1803,214,0,14,9,13,0,14,50,50,969,165,267,142,138,90,119,73,92,74,43,46,67,58,6,10,0,14,14,8,0,14,1,3,0,14,0,14,0,14,28,15,0,14,0,14,0,14,2077,204,0,14,10,2,0,14,3,8,1154,225,411,152,166,90,112,66,101,63,31,37,48,37,0,14,9,2,4,6,2,5,0,14,0,14,0,14,0,14,26,13,0,14,0,14,0,14
25025010104,1400000US25025010104,4636,274,2094,277,0,14,0,14,13,20,0,14,655,161,240,91,153,97,244,87,287,118,155,115,64,42,12,21,31,34,11,17,76,41,0,14,9,23,35,36,23,35,67,68,19,28,0,14,0,14,2542,279,42,7,0,14,19,30,0,14,644,160,351,109,154,97,234,119,332,131,182,88,50,22,24,33,37,40,66,60,11,17,55,57,36,37,15,19,39,42,77,70,24,31,112,123,38,43
25025010204,1400000US25025010204,3173,313,1261,194,7,12,0,14,8,13,3,6,396,117,183,100,102,51,167,70,153,70,83,39,63,53,0,14,0,14,86,114,0,14,1,4,0,14,0,14,4,9,0,14,1,4,4,9,0,14,1912,279,11,17,0,14,0,14,14,29,726,173,229,92,185,122,229,100,235,100,102,65,94,88,17,22,4,8,6,10,14,19,10,16,0,14,0,14,30,25,1,5,1,4,4,10,0,14
25025010205,1400000US25025010205,3857,536,2031,406,40,44,25,40,53,82,14,22,21,18,82,105,6,9,115,75,411,193,434,251,356,210,51,51,108,83,3,3,56,55,31,42,0,14,31,42,42,44,33,52,0,14,18,28,101,128,1826,381,41,66,0,14,22,35,0,14,51,19,22,24,41,65,94,55,396,163,311,164,390,336,82,90,41,49,22,34,0,14,38,44,53,60,29,48,0,14,63,61,89,140,0,14,41,47
25025010206,1400000US25025010206,2121,682,1018,620,11,18,0,14,66,98,2,4,0,14,65,107,40,32,51,35,292,312,315,337,58,53,35,46,0,14,26,41,28,32,2,5,16,24,11,17,0,14,0,14,0,14,0,14,0,14,1103,247,0,14,0,14,0,14,0,14,42,45,75,87,103,141,240,116,242,86,66,68,143,125,28,43,0,14,39,37,20,23,0,14,94,99,0,14,0,14,0,14,0,14,11,17,0,14
25025010300,1400000US25025010300,5317,182,1942,278,62,89,0,19,0,19,33,40,945,167,350,142,223,119,129,64,55,61,52,29,33,31,0,19,4,6,6,9,4,7,30,48,6,10,4,8,0,19,6,9,0,19,0,19,0,19,3375,247,12,12,0,19,5,7,29,31,1629,254,781,174,444,179,268,175,110,58,31,23,22,17,22,25,6,9,0,19,4,6,0,19,0,19,0,19,0,19,12,17,0,19,0,19,0,19
25025010403,1400000US25025010403,2496,520,1395,454,0,14,32,50,29,46,0,14,151,117,53,63,36,36,134,78,294,153,240,238,69,56,0,14,8,12,62,93,0,14,16,25,0,14,25,42,26,31,96,110,73,61,37,37,14,22,1101,294,26,33,0,14,0,14,0,14,80,74,38,41,69,55,123,72,104,78,101,78,139,91,58,94,5,8,93,120,14,23,35,41,18,31,13,22,12,19,18,21,53,45,26,36,76,78
25025010404,1400000US25025010404,4676,310,1964,256,25,20,0,14,3,11,9,19,1046,248,158,92,186,89,121,57,170,80,105,30,15,39,10,15,13,19,22,41,30,30,0,14,16,22,7,12,5,7,12,18,11,13,0,14,0,14,2712,330,10,3,25,7,0,14,38,37,1119,221,363,148,294,120,456,142,85,50,40,33,79,100,33,34,26,42,11,16,14,16,35,33,24,29,20,22,4,6,9,15,21,17,0,14,6,10
25025010405,1400000US25025010405,6924,478,2783,352,35,59,0,19,0,19,76,91,1085,325,531,145,202,99,218,105,101,58,22,19,41,33,49,36,14,18,78,92,57,40,17,28,66,65,25,19,30,39,23,26,34,34,60,47,19,24,4141,492,88,114,80,104,28,23,73,85,1895,312,653,189,279,108,213,117,74,55,202,122,39,35,33,45,68,90,2,4,48,32,55,79,47,47,18,27,48,52,66,38,37,31,47,34,48,25
25025010408,1400000US25025010408,1330,198,567,125,9,11,40,43,0,14,22,32,8,13,7,12,34,32,86,47,145,39,62,26,21,16,14,13,41,41,40,24,0,14,11,17,15,16,0,14,0,14,8,8,0,14,0,14,4,6,763,155,17,15,0,14,0,14,0,14,7,6,13,10,26,29,109,50,335,157,104,50,41,28,14,14,8,12,54,53,26,31,0,14,0,14,0,14,0,14,5,7,0,14,0,14,4,7
25025010500,1400000US25025010500,3442,427,1482,210,45,69,0,14,0,14,0,14,304,73,68,49,41,55,222,88,228,103,68,41,112,93,0,14,18,28,0,14,22,25,26,30,38,37,36,57,35,45,110,77,25,31,15,24,69,60,1960,437,0,14,0,14,0,14,0,14,320,75,137,74,78,48,132,68,222,102,404,384,41,49,25,38,0,14,12,20,137,113,8,12,13,22,52,55,47,50,37,31,131,74,87,66,77,53
25025010600,1400000US25025010600,3294,409,1417,306,40,49,113,103,26,40,0,14,3,7,0,14,53,71,42,29,108,74,139,97,158,111,48,49,59,70,149,141,93,85,0,14,62,94,0,14,15,18,192,113,55,53,52,41,10,16,1877,272,55,49,4,16,60,56,0,14,39,66,25,25,107,155,155,138,94,90,233,102,13,22,298,171,185,149,65,71,138,106,85,96,0,14,0,14,78,52,100,86,57,46,38,41,48,37
25025010701,1400000US25025010701,2580,256,1107,144,0,14,37,58,51,31,29,32,81,61,56,62,30,38,59,35,177,61,202,77,22,24,21,28,63,79,48,36,78,47,25,29,37,35,22,33,9,15,40,28,10,16,0,14,10,16,1473,231,9,11,0,14,2,8,4,13,225,100,68,35,13,22,81,51,323,141,147,86,131,73,54,38,93,96,12,18,99,44,43,40,67,77,11,16,35,28,10,16,15,19,31,28,0,14
25025010702,1400000US25025010702,2261,395,1034,201,5,8,5,11,6,11,20,20,4,11,17,22,0,14,74,64,206,103,78,54,69,68,17,15,9,15,124,80,33,27,36,33,54,50,10,16,84,62,84,44,44,49,25,22,30,38,1227,264,3,7,0,14,9,15,0,14,36,38,14,23,20,25,21,19,176,91,158,83,69,62,25,27,56,73,64,41,162,102,74,58,40,43,16,18,103,83,91,81,16,18,41,32,33,26
25025010801,1400000US25025010801,2467,340,1151,243,37,29,18,20,0,14,31,47,58,39,38,35,72,84,100,94,141,119,143,78,44,49,72,50,26,24,33,27,75,62,36,53,68,52,43,34,15,18,48,34,28,19,0,14,25,26,1316,202,0,14,11,16,6,10,4,7,125,67,81,45,56,62,89,42,169,68,95,54,16,20,117,47,67,62,82,57,103,53,58,57,50,37,17,19,14,20,44,36,35,27,39,38,38,20
25025010802,1400000US25025010802,2868,401,1426,277,7,12,10,16,0,14,23,29,71,50,34,22,48,51,120,80,272,142,189,143,17,26,88,81,69,45,38,37,170,107,40,35,69,59,7,12,35,27,13,17,45,31,51,29,10,19,1442,203,5,9,11,17,34,39,15,19,0,14,22,26,0,14,163,96,366,144,121,71,84,50,74,49,40,32,57,52,62,39,86,70,82,45,17,20,19,20,37,26,50,33,71,59,26,22
25025020101,1400000US25025020101,3620,593,1847,386,0,14,46,59,88,93,0,14,0,14,0,14,0,14,198,237,188,89,182,98,101,102,97,115,111,92,99,106,149,122,125,127,59,64,52,39,123,192,121,75,24,39,83,100,1,6,1773,367,56,59,0,14,58,74,39,73,0,14,0,14,0,14,58,33,154,84,226,139,147,115,44,34,92,50,51,48,127,99,0,14,115,76,27,41,307,240,94,80,74,104,0,14,104,109
25025020200,1400000US25025020200,3258,354,1561,273,60,67,37,58,0,14,0,14,0,14,4,7,32,45,104,138,386,146,304,118,144,107,44,46,59,56,113,101,18,29,0,14,102,58,50,74,0,14,65,62,19,30,0,14,20,33,1697,272,0,14,35,49,46,53,0,14,0,14,6,10,67,69,206,114,515,240,239,116,120,107,174,110,50,56,54,50,34,41,0,14,66,65,0,14,0,14,45,46,20,32,20,35,0,14
25025020301,1400000US25025020301,2518,518,1467,499,122,75,0,14,28,34,23,29,0,14,0,14,41,64,16,17,503,366,200,131,104,59,135,88,31,29,4,6,39,45,2,4,0,14,33,32,0,14,90,78,49,37,15,17,32,36,1051,140,59,57,11,18,0,14,0,14,20,38,10,19,10,19,48,34,181,78,120,52,190,82,11,22,3,6,33,31,29,28,23,30,17,25,14,21,36,23,35,31,53,42,93,62,55,56
25025020302,1400000US25025020302,1148,107,594,95,47,47,8,12,6,9,0,14,0,14,11,17,0,14,23,24,159,70,78,47,72,43,35,29,43,25,7,9,37,31,0,14,0,14,4,6,41,29,7,15,7,12,0,14,9,9,554,88,14,16,0,14,0,14,20,22,0,14,0,14,31,39,37,29,174,50,54,27,51,28,56,36,21,23,28,27,15,17,5,8,0,14,0,14,5,7,8,14,18,17,17,19,0,14
25025020304,1400000US25025020304,1441,173,621,107,18,25,0,14,12,25,0,14,52,6,0,14,0,14,51,44,121,59,183,93,68,50,63,72,5,10,0,14,48,58,0,14,0,14,0,14,0,14,0,14,0,14,0,14,0,14,820,124,84,63,0,14,0,14,0,14,0,14,0,14,0,14,112,83,126,62,158,79,144,91,15,25,51,23,20,29,37,46,0,14,0,14,14,21,32,46,27,23,0,14,0,14,0,14
25025020305,1400000US25025020305,4290,643,2501,475,90,57,205,170,0,14,29,46,0,14,8,16,7,16,134,103,461,229,298,184,323,152,55,42,54,61,145,89,349,226,33,36,12,22,148,130,114,94,0,14,36,51,0,14,0,14,1789,331,17,27,9,16,0,14,120,150,0,14,0,14,13,21,90,76,342,157,167,96,212,133,154,80,89,77,152,95,93,74,49,57,33,38,0,14,112,125,63,47,59,44,0,14,15,25
25025030100,1400000US25025030100,1749,438,662,176,41,4,0,14,0,14,0,14,0,14,0,14,0,14,4,7,247,130,92,73,87,44,45,55,20,22,6,9,12,19,0,14,0,14,0,14,28,29,2,6,12,18,22,35,44,52,1087,413,0,14,2,8,0,14,0,14,0,14,0,14,0,14,435,378,308,122,58,36,73,27,81,89,12,16,37,31,10,17,0,14,50,50,0,14,2,6,0,14,9,11,10,16,0,14
25025030200,1400000US25025030200,1533,311,555,148,0,14,9,15,0,14,8,12,0,14,0,14,5,10,33,29,193,81,135,103,75,61,0,14,7,11,12,19,17,19,0,14,23,26,0,14,1,9,14,16,15,18,8,14,0,14,978,243,0,14,0,14,0,14,0,14,11,18,38,47,9,10,174,74,356,216,142,106,44,44,15,17,38,55,33,34,47,44,8,12,10,15,0,14,15,18,6,10,16,18,7,11,9,14
25025030301,1400000US25025030301,1466,377,753,210,25,30,21,32,6,10,0,14,0,14,0,14,20,23,5,8,70,51,66,50,15,15,56,46,17,18,21,29,50,36,0,14,20,25,27,33,191,197,23,15,72,47,37,36,11,12,713,191,0,14,0,14,0,14,8,14,0,14,0,14,0,14,0,14,69,47,63,52,29,28,17,24,0,14,37,35,104,48,6,10,5,8,159,176,35,26,93,46,39,23,18,17,31,42
25025030302,1400000US25025030302,2408,279,1189,185,10,20,0,14,0,14,0,14,46,32,43,44,34,34,65,67,179,83,154,70,119,99,45,63,101,66,47,31,152,84,24,26,84,69,7,11,14,45,46,35,9,17,6,9,4,7,1219,187,6,11,35,57,0,14,0,14,273,71,17,37,39,27,70,48,142,69,136,79,275,110,15,20,29,28,16,19,22,20,11,18,14,16,4,8,18,17,81,76,16,24,0,14,0,14
25025030400,1400000US25025030400,3937,505,1627,247,40,36,96,59,48,65,4,7,0,14,0,14,0,14,154,83,307,111,301,166,68,57,24,23,101,70,78,70,100,57,15,20,65,62,0,14,12,17,37,38,64,44,89,68,24,38,2310,490,0,14,0,14,0,14,0,14,0,14,0,14,0,14,342,161,957,455,74,44,327,276,76,51,65,51,39,40,112,72,15,24,15,25,26,27,100,98,92,46,33,39,3,5,34,28
25025030500,1400000US25025030500,2217,338,1227,270,36,24,0,14,0,14,0,14,4,8,6,18,9,21,284,207,215,92,159,59,47,51,54,43,87,60,10,18,43,41,21,25,88,55,9,15,43,45,60,50,0,14,26,40,26,26,990,143,80,53,0,14,8,12,0,14,0,14,0,14,1,2,32,26,211,91,121,49,50,40,17,20,104,62,30,39,50,39,68,67,37,43,26,24,12,17,67,54,53,45,23,27,0,14
25025040100,1400000US25025040100,2717,320,1380,196,108,77,61,51,89,57,9,14,0,14,1,3,0,14,14,17,197,76,137,61,91,42,148,95,52,46,55,41,169,89,7,13,15,23,10,15,77,68,59,48,38,31,20,25,23,24,1337,182,84,55,148,79,23,27,0,14,0,14,0,14,1,3,19,19,204,102,190,73,53,34,133,66,83,45,56,39,86,47,65,38,0,14,18,20,40,29,33,27,22,20,27,32,52,37
25025040200,1400000US25025040200,1670,299,830,225,158,95,117,60,40,28,35,30,37,35,5,7,21,23,0,14,38,31,100,99,55,32,59,43,31,26,19,17,11,12,0,14,14,13,10,10,32,24,22,16,5,7,17,19,4,6,840,170,115,58,37,48,38,44,57,45,8,13,0,14,2,4,34,26,59,42,78,74,62,45,74,38,94,55,19,16,10,11,16,20,17,15,11,14,19,21,26,30,24,18,18,22,22,33
25025040300,1400000US25025040300,4827,578,2233,301,215,131,196,120,130,145,17,27,51,80,11,19,0,14,19,24,76,60,540,193,221,147,197,112,265,88,0,14,99,89,0,14,0,14,25,38,89,94,35,36,47,59,0,14,0,14,2594,407,163,101,177,135,287,107,0,14,32,47,0,14,0,14,15,25,127,76,606,169,231,124,226,122,180,116,172,100,135,123,0,14,36,55,57,53,56,64,28,32,43,38,0,14,23,38
25025040401,1400000US25025040401,2882,438,1406,227,60,55,61,52,74,82,36,41,9,16,0,14,2,4,9,12,111,53,147,81,177,74,99,64,170,80,38,27,52,39,50,57,23,26,74,72,11,18,120,66,39,34,19,31,25,40,1476,291,140,89,0,14,65,65,17,25,3,6,0,14,0,14,10,15,127,63,156,76,214,132,133,80,48,35,87,59,94,68,5,9,126,132,46,40,107,64,25,28,49,41,13,20,11,22
25025040600,1400000US25025040600,4064,456,2012,322,174,88,89,75,36,39,0,14,0,14,5,9,3,6,49,47,453,162,526,135,221,99,98,62,71,48,109,56,16,22,29,32,49,45,11,17,8,15,3,6,15,16,47,34,0,14,2052,359,84,62,89,64,69,49,24,29,5,8,0,14,0,14,158,99,453,164,266,106,273,184,139,58,72,58,71,65,103,55,14,21,42,36,0,14,63,63,67,44,35,33,25,33,0,14
25025040801,1400000US25025040801,3872,540,1608,269,31,36,102,82,129,79,52,65,8,18,131,95,0,14,0,14,35,40,217,149,135,102,150,137,89,82,60,39,34,48,23,37,43,50,66,69,72,79,183,140,22,29,26,35,0,14,2264,420,36,52,78,96,166,124,32,49,0,14,0,14,0,14,46,38,219,157,115,85,181,150,286,132,71,65,138,100,135,96,99,103,42,43,112,88,151,121,265,209,8,14,30,37,54,75
25025050101,1400000US25025050101,4891,875,2171,590,124,91,183,138,247,198,75,92,0,14,93,117,7,10,20,33,187,116,271,125,245,142,200,174,47,52,134,83,96,79,23,26,86,70,0,14,51,38,16,19,34,41,9,15,23,26,2720,437,287,243,132,130,116,83,22,36,0,14,52,81,56,71,123,95,218,110,272,108,80,61,354,210,66,80,305,131,134,68,49,43,56,43,134,90,25,31,127,81,81,94,10,15,21,24
25025050200,1400000US25025050200,5609,889,3108,498,139,113,307,177,245,112,50,46,44,71,57,63,34,44,82,112,274,121,361,130,289,167,406,209,359,167,159,92,157,90,0,19,12,20,40,35,39,32,30,38,22,36,0,19,2,14,2501,553,209,141,158,119,159,98,54,55,29,40,0,19,58,45,64,49,267,182,458,236,153,91,188,98,156,96,56,46,91,60,66,69,171,147,33,49,47,55,46,37,27,34,0,19,11,15
25025050300,1400000US25025050300,3691,475,1805,329,170,84,168,98,0,14,22,36,26,40,0,14,0,14,156,103,156,81,235,99,232,78,61,55,124,85,51,60,79,52,0,14,67,51,47,44,44,47,55,49,14,23,19,21,79,122,1886,309,129,94,37,50,101,105,0,14,40,42,16,25,11,17,123,90,222,95,318,127,247,94,72,50,115,99,72,53,61,56,85,77,79,76,32,38,58,41,53,41,15,18,0,14,0,14
25025050400,1400000US25025050400,2174,517,1026,248,13,15,50,66,4,13,84,71,46,63,0,14,15,17,27,42,111,66,119,70,67,52,79,77,23,26,76,64,28,48,108,131,32,37,35,48,36,57,13,17,5,12,0,14,55,48,1148,348,39,56,64,98,98,120,18,35,12,18,26,41,4,11,49,44,179,70,90,77,98,46,96,43,83,77,62,51,70,16,30,47,35,43,20,30,4,9,15,19,20,25,8,13,28,35
25025050500,1400000US25025050500,1893,236,1189,175,29,39,22,23,46,41,44,32,7,10,4,6,0,14,32,33,187,102,216,91,140,81,133,66,94,61,84,48,36,33,61,68,34,40,0,14,0,14,13,11,7,11,0,14,0,14,704,123,41,42,7,11,14,21,6,11,2,5,11,15,0,14,53,36,143,54,93,59,71,36,38,25,45,29,59,29,81,44,7,10,10,15,0,14,4,8,11,12,8,8,0,14,0,14
25025050600,1400000US25025050600,2508,608,1465,402,81,59,169,115,41,33,8,12,37,49,15,24,0,14,73,44,168,100,208,139,112,67,69,63,208,102,82,65,50,52,80,51,14,20,10,13,29,30,0,14,11,9,0,14,0,14,1043,246,129,107,33,26,46,38,0,14,0,14,19,22,7,11,62,35,194,106,136,80,134,70,32,33,78,57,59,32,17,26,34,30,29,28,7,9,0,14,7,10,20,23,0,14,0,14
25025050700,1400000US25025050700,4180,694,2326,425,110,74,105,79,242,134,96,97,50,60,9,14,49,53,192,104,274,133,238,121,135,78,183,106,237,122,265,223,9,17,19,27,58,70,0,14,8,13,0,14,46,46,0,14,1,2,1854,395,65,79,146,86,90,69,61,68,13,20,52,62,10,17,148,100,152,104,113,87,196,84,231,108,165,114,300,228,40,47,0,14,0,14,8,13,8,19,0,14,0,14,16,28,40,49
25025050901,1400000US25025050901,3869,752,2430,468,40,48,130,134,192,129,31,40,31,40,78,98,25,28,45,35,266,146,359,206,264,141,280,110,143,85,147,107,105,87,108,70,22,39,23,32,72,68,32,41,13,21,0,14,24,31,1439,343,118,74,16,28,29,38,38,43,6,9,6,10,53,72,43,34,181,85,210,125,282,138,100,84,47,58,67,58,60,58,34,41,16,26,48,64,4,6,21,33,0,14,60,43,0,14
25025051000,1400000US25025051000,4928,742,2800,501,122,114,124,92,126,74,0,14,0,14,0,14,52,57,16,17,440,192,437,346,137,86,306,166,93,63,139,106,228,109,29,48,116,101,57,66,215,150,91,79,40,45,20,31,12,20,2128,432,84,94,15,25,98,86,90,129,3,10,0,14,25,43,81,61,310,138,318,190,154,99,142,90,168,136,0,14,73,75,55,59,161,130,25,41,131,87,59,58,115,114,0,14,21,29
25025051101,1400000US25025051101,6224,937,3118,595,402,285,137,121,28,39,189,149,60,78,0,19,0,19,14,22,393,226,337,207,34,39,195,96,226,160,279,211,314,300,196,213,88,72,8,12,57,53,119,120,5,9,23,31,14,11,3106,626,143,128,135,103,178,156,0,19,5,8,0,19,19,24,85,69,220,159,514,189,231,132,289,252,270,249,236,202,245,144,90,78,52,56,31,41,30,33,124,86,27,33,32,40,150,97
25025051200,1400000US25025051200,3328,403,1650,235,44,46,36,39,33,50,59,62,0,14,4,8,0,14,52,58,410,178,352,130,152,73,109,75,102,93,93,68,80,62,0,14,0,14,33,48,16,25,35,29,6,13,34,53,0,14,1678,254,103,68,16,22,43,66,10,27,2,5,0,14,1,3,156,147,437,162,284,95,165,74,136,113,67,72,110,96,0,14,0,14,11,18,0,14,22,26,51,42,28,24,0,14,36,56
25025060101,1400000US25025060101,3628,508,1354,232,14,22,0,14,43,68,28,43,0,14,0,14,31,54,21,34,189,93,157,80,136,69,227,129,77,70,127,78,48,61,28,43,29,33,9,16,43,30,57,41,20,18,8,15,62,49,2274,481,75,67,35,46,106,110,0,14,36,50,0,14,0,14,193,133,519,226,281,123,214,117,153,88,110,84,86,62,99,85,28,28,53,37,11,11,50,49,81,54,44,37,68,57,32,44
25025060200,1400000US25025060200,2246,369,1116,366,18,13,20,15,10,13,11,19,0,14,0,14,0,14,59,34,572,361,46,25,49,31,89,51,42,31,1,3,22,31,20,29,66,63,17,25,4,6,32,37,9,9,0,14,29,41,1130,248,34,29,25,31,50,50,10,16,0,14,0,14,23,25,91,71,371,144,105,80,73,52,56,38,35,42,29,33,24,28,0,14,60,43,27,34,14,15,47,41,1,2,55,49,0,14
25025060301,1400000US25025060301,3698,759,1716,315,39,35,12,19,88,80,0,14,0,14,0,14,0,14,68,44,488,188,248,83,165,86,128,80,36,32,108,109,89,66,30,31,0,14,27,32,37,62,19,32,55,45,29,35,50,71,1982,680,124,151,112,122,37,56,30,45,0,14,0,14,0,14,162,103,732,524,156,87,163,68,91,65,61,35,45,61,7,13,0,14,31,32,49,44,8,13,30,38,17,18,93,69,34,55
25025060400,1400000US25025060400,5695,772,2828,564,148,149,26,42,0,19,27,42,38,63,0,19,0,19,190,212,801,346,465,178,327,217,82,117,52,48,47,54,67,45,122,127,58,61,5,12,21,35,93,68,26,37,157,131,76,84,2867,517,146,175,26,43,73,85,0,19,0,19,0,19,0,19,366,204,854,396,333,125,186,174,110,112,87,74,59,66,121,78,0,19,159,90,27,35,38,42,64,70,23,15,60,48,135,111
25025060501,1400000US25025060501,4393,648,2348,377,236,77,0,14,18,31,0,14,0,14,0,14,0,14,126,110,677,195,385,145,349,177,56,54,203,109,51,82,39,60,18,26,0,14,0,14,12,20,19,29,144,101,15,23,0,14,2045,362,79,72,38,58,0,14,9,18,34,76,0,14,0,14,154,116,341,120,550,202,249,115,112,90,52,66,81,91,178,130,0,14,54,84,0,14,2,6,61,52,14,23,37,57,0,14
25025060601,1400000US25025060601,1846,393,923,266,17,27,10,16,0,14,0,14,0,14,4,7,0,14,52,55,250,128,128,81,336,215,15,25,23,25,23,26,13,21,0,14,11,17,1,3,0,14,0,14,9,14,14,22,17,27,923,238,15,24,0,14,0,14,0,14,0,14,0,14,0,14,73,60,322,176,221,124,76,69,76,85,14,22,35,33,31,49,0,14,0,14,10,16,11,18,0,14,26,22,12,19,1,3
25025060602,1400000US25025060602,453,150,267,126,0,14,7,10,0,14,0,14,0,14,0,14,0,14,43,38,40,29,28,28,23,21,79,92,13,15,0,14,0,14,28,45,0,14,0,14,0,14,6,9,0,14,0,14,0,14,186,99,0,14,0,14,0,14,0,14,0,14,0,14,0,14,97,100,18,13,50,35,6,9,0,14,5,9,0,14,0,14,0,14,5,9,5,8,0,14,0,14,0,14,0,14,0,14
25025060603,1400000US25025060603,2082,233,957,186,40,14,0,14,16,27,0,14,0,14,0,14,0,14,100,89,229,76,208,67,76,100,89,73,44,48,72,61,0,14,13,21,54,50,0,14,0,14,0,14,0,14,0,14,16,25,1125,186,28,4,15,24,15,24,0,14,0,14,0,14,0,14,57,61,388,163,220,101,130,109,22,26,72,79,19,30,78,40,12,18,30,36,0,14,0,14,21,2,0,14,0,14,18,27
25025060604,1400000US25025060604,3252,312,1815,257,134,53,0,14,12,19,0,14,24,54,5,8,0,14,65,50,293,154,270,116,143,117,197,71,187,175,42,45,119,65,126,81,40,41,54,58,37,39,46,73,0,14,21,26,0,14,1437,195,0,14,11,18,0,14,0,14,0,14,0,14,0,14,43,35,249,119,364,129,232,115,78,46,38,35,119,76,105,67,0,14,12,20,69,54,26,34,71,60,8,16,12,22,0,14
25025060700,1400000US25025060700,1721,377,708,254,68,45,25,23,110,51,41,39,59,52,10,16,15,21,4,6,32,32,0,14,25,21,174,188,9,14,8,12,19,22,51,59,25,21,14,20,0,14,0,14,19,21,0,14,0,14,1013,249,58,47,25,29,37,34,56,42,0,14,36,32,0,14,65,85,125,90,41,38,38,33,65,45,75,47,52,41,79,43,13,20,8,14,49,44,125,168,0,14,6,11,0,14,60,40
25025060800,1400000US25025060800,4423,499,2436,472,39,36,71,41,22,33,0,14,21,34,2,5,6,8,392,378,378,196,392,158,358,189,224,191,39,46,189,145,59,56,32,38,36,45,16,31,0,14,148,136,0,14,12,24,0,14,1987,387,24,34,23,43,0,14,5,17,10,16,0,14,0,14,269,229,509,183,440,172,286,151,53,34,0,14,82,77,88,63,57,81,0,14,0,14,16,30,63,99,49,73,13,26,0,14
25025061000,1400000US25025061000,2348,497,1128,364,107,150,13,21,51,69,0,14,0,14,0,14,0,14,129,100,206,135,149,64,199,179,26,30,72,64,47,45,24,27,0,14,25,24,0,14,25,34,17,19,0,14,0,14,38,54,1220,284,24,38,0,14,39,56,39,69,20,28,12,13,22,33,73,48,210,122,182,103,174,125,68,65,80,70,100,67,43,31,13,22,0,14,46,58,19,23,39,32,9,13,0,14,8,13
25025061101,1400000US25025061101,2585,450,1321,333,111,70,34,36,120,93,59,39,30,23,3,5,19,29,85,96,97,79,29,44,123,97,0,14,70,56,193,138,137,85,54,68,75,75,0,14,52,46,0,14,20,33,0,14,10,17,1264,231,61,64,108,99,124,80,34,49,11,19,0,14,0,14,10,17,54,38,154,85,121,64,29,37,101,66,62,44,176,114,16,24,66,57,16,25,18,25,28,37,37,29,38,58,0,14
25025061201,1400000US25025061201,1845,406,1010,251,25,28,9,14,0,14,0,14,11,18,0,14,0,14,80,69,280,182,202,110,67,58,0,14,13,14,0,14,91,86,12,18,101,157,20,18,41,57,30,35,28,33,0,14,0,14,835,242,42,62,7,9,15,16,0,14,0,14,8,13,0,14,55,56,200,87,149,98,40,47,127,180,41,51,22,26,57,88,0,14,28,22,0,14,6,11,30,36,8,13,0,14,0,14
25025061202,1400000US25025061202,0,14,0,14,0,14,0,14,0,14,0,14,0,14,0,14,0,14,0,14,0,14,0,14,0,14,0,14,0,14,0,14,0,14,0,14,0,14,0,14,0,14,0,14,0,14,0,14,0,14,0,14,0,14,0,14,0,14,0,14,0,14,0,14,0,14,0,14,0,14,0,14,0,14,0,14,0,14,0,14,0,14,0,14,0,14,0,14,0,14,0,14,0,14,0,14,0,14
25025061203,1400000US25025061203,2338,327,1132,126,57,28,16,28,9,18,24,36,0,14,0,14,8,13,4,7,159,82,227,94,190,99,68,47,110,86,118,65,28,29,5,13,46,42,8,13,30,42,25,37,0,14,0,14,0,14,1206,291,62,45,36,37,8,16,12,19,0,14,0,14,0,14,20,24,147,69,183,77,305,267,111,52,111,63,70,61,45,43,37,56,31,32,8,12,0,14,20,22,0,14,0,14,0,14
25025061204,1400000US25025061204,864,241,433,222,33,33,0,14,0,14,0,14,0,14,0,14,0,14,5,9,10,12,8,13,48,34,30,24,161,208,66,48,0,14,0,14,15,16,14,17,7,12,36,30,0,14,0,14,0,14,431,76,43,32,0,14,9,14,0,14,0,14,0,14,0,14,13,16,26,18,70,44,42,32,15,16,24,26,40,35,28,25,38,32,20,18,13,15,12,14,30,28,0,14,0,14,8,13
25025070102,1400000US25025070102,3346,383,1562,278,25,28,0,14,60,77,29,38,296,122,103,81,81,86,96,97,148,125,84,84,77,57,22,24,68,67,44,66,67,70,25,28,11,18,50,52,31,30,24,29,70,92,64,77,87,101,1784,305,46,68,55,82,0,14,0,14,511,250,188,79,48,43,44,45,67,69,69,46,94,70,77,72,76,69,40,48,22,25,13,22,34,53,22,40,103,88,99,88,43,38,84,87,49,40
25025070103,1400000US25025070103,656,271,221,67,4,6,11,18,14,16,0,14,18,25,1,3,0,14,9,8,44,25,41,32,35,26,0,14,5,9,0,14,19,32,0,14,0,14,5,12,15,16,0,14,0,14,0,14,0,14,435,226,0,14,24,20,93,115,39,54,0,14,0,14,1,5,39,23,32,20,54,30,42,41,13,15,0,14,84,54,4,7,0,14,4,8,6,13,0,14,0,14,0,14,0,14,0,14
25025070104,1400000US25025070104,2491,378,1457,252,12,20,19,28,15,26,15,23,99,113,12,18,70,96,193,110,52,38,51,41,100,67,89,84,49,51,99,95,120,79,69,54,92,59,76,57,114,91,84,41,27,31,0,14,0,14,1034,211,59,49,38,38,0,14,0,14,15,26,52,85,28,46,13,15,47,37,84,54,23,27,85,64,35,32,135,99,74,50,81,63,100,95,15,24,13,21,127,49,0,14,10,16,0,14
25025070201,1400000US25025070201,3871,243,1442,230,34,43,0,14,0,14,5,19,483,169,255,121,145,77,50,37,57,41,117,63,57,51,0,14,0,14,0,14,32,36,0,14,11,16,7,11,17,18,29,26,28,24,15,26,100,75,2429,260,48,37,0,14,0,14,35,63,901,221,389,175,153,86,70,53,96,48,178,50,0,14,0,14,50,47,28,35,46,50,0,14,92,98,0,14,43,34,18,18,97,85,110,73,75,68
25025070202,1400000US25025070202,3991,548,1675,311,67,49,62,53,18,28,25,40,5,14,51,63,89,142,83,55,160,84,181,140,230,171,78,63,70,57,7,12,225,167,42,43,23,39,50,36,121,86,0,14,46,53,6,10,36,54,2316,419,213,186,82,53,74,54,13,31,5,15,81,87,84,81,207,141,345,139,165,131,202,129,128,91,119,95,76,83,70,57,41,49,120,92,142,85,72,59,42,37,23,30,4,7,8,14
25025070301,1400000US25025070301,2452,630,1241,275,39,47,31,46,58,60,17,28,0,14,0,14,0,14,3,6,123,67,186,92,237,128,58,53,46,48,48,50,60,53,103,152,57,43,32,26,49,54,68,54,18,28,8,16,0,14,1211,483,210,252,41,49,46,37,0,14,1,2,125,192,91,141,3,5,119,54,130,74,147,68,40,34,26,35,23,27,49,36,3,13,76,58,0,14,16,20,0,14,10,17,11,18,44,49
25025070302,1400000US25025070302,1623,273,759,204,40,49,46,37,49,29,10,17,0,14,0,14,0,14,0,14,56,52,13,18,83,71,42,24,114,98,162,99,50,41,0,14,43,37,0,14,9,18,8,13,0,14,20,17,14,23,864,167,15,25,0,14,0,14,0,14,0,14,0,14,13,15,37,33,90,56,48,42,54,51,51,37,51,79,70,62,26,34,111,99,37,42,12,19,43,28,70,60,52,70,43,35,41,39
25025070402,1400000US25025070402,3191,381,1446,239,56,44,26,28,38,39,39,46,0,14,10,16,21,26,237,172,258,105,185,100,180,102,52,46,68,58,27,33,46,42,79,69,0,14,19,23,5,6,79,68,3,8,17,21,1,2,1745,322,43,44,0,14,25,31,18,36,25,37,100,122,26,43,223,143,311,107,112,65,157,92,183,110,77,55,41,37,50,42,0,14,15,19,41,32,5,6,82,81,128,111,0,14,83,86
25025070501,1400000US25025070501,2095,299,1175,207,69,42,75,59,22,34,0,14,0,14,0,14,0,14,107,132,78,53,198,85,53,41,106,88,124,79,74,50,53,37,13,23,35,33,0,14,59,36,32,31,35,29,42,63,0,14,920,201,25,25,30,32,77,65,31,41,9,13,0,14,5,8,34,30,81,61,105,69,136,61,94,68,57,57,74,43,32,32,0,14,38,40,18,20,16,17,0,14,35,27,21,29,2,8
25025070502,1400000US25025070502,3613,764,1817,488,111,94,59,85,0,14,83,106,16,6,0,14,0,14,16,18,81,52,197,111,152,92,35,41,136,73,264,320,67,53,229,194,147,114,56,46,59,45,11,16,54,58,44,39,0,14,1796,397,159,103,0,14,53,78,33,35,0,14,0,14,0,14,56,82,98,69,243,139,187,86,49,42,69,72,2,4,461,290,30,26,136,83,0,14,26,28,46,37,67,81,48,38,33,50
25025070600,1400000US25025070600,2256,394,962,218,24,23,31,39,94,137,0,14,0,14,0,14,0,14,6,10,106,68,104,51,183,86,47,37,97,74,18,25,58,44,0,14,31,29,0,14,10,15,50,56,33,40,55,56,15,17,1294,245,164,104,115,76,46,24,28,22,24,36,0,14,0,14,6,11,179,86,198,88,109,56,48,36,103,56,67,48,100,72,0,14,18,21,0,14,23,33,24,27,16,19,7,11,19,19
25025070700,1400000US25025070700,2632,359,1389,285,64,47,72,35,0,14,17,16,0,14,2,6,0,14,54,81,21,24,245,158,144,90,66,47,143,181,69,49,127,49,0,14,80,86,20,23,87,56,46,51,71,43,19,23,42,52,1243,180,21,26,53,31,23,18,11,22,75,107,0,14,0,14,30,33,148,81,126,73,163,65,59,48,13,24,72,49,56,40,0,14,125,89,0,14,73,97,72,58,62,39,16,24,45,54
25025070801,1400000US25025070801,1159,362,386,127,26,3,0,14,0,14,0,14,0,14,1,3,20,29,31,23,133,104,38,28,27,30,19,24,28,22,0,14,14,16,26,41,5,3,0,14,0,14,10,15,8,11,0,14,0,14,773,364,23,3,0,14,0,14,0,14,21,24,24,20,252,336,106,98,133,72,41,19,24,3,0,14,89,77,0,14,23,34,0,14,0,14,0,14,21,25,0,14,16,23,0,14,0,14
25025070802,1400000US25025070802,2235,289,1081,251,32,37,0,14,49,40,0,14,40,48,0,14,0,14,32,27,104,76,153,84,174,109,31,34,10,15,116,69,82,49,38,32,29,24,120,166,26,54,6,10,18,22,8,14,13,20,1154,205,15,26,32,40,21,24,6,10,51,59,10,17,6,9,100,60,209,123,126,91,80,65,43,35,31,35,39,27,103,52,20,29,76,50,0,14,0,14,29,39,82,84,6,21,69,56
25025070901,1400000US25025070901,1173,318,494,196,0,14,21,22,53,57,12,16,0,14,0,14,0,14,140,98,0,14,71,75,35,30,0,14,11,14,28,26,21,23,0,14,37,57,0,14,39,48,8,12,18,21,0,14,0,14,679,242,14,21,39,45,24,20,3,6,6,10,2,6,22,24,113,52,72,42,22,25,0,14,116,166,94,108,39,43,30,46,0,14,0,14,20,28,0,14,29,30,16,20,18,26,0,14
25025070902,1400000US25025070902,2347,242,1196,150,51,44,18,24,33,28,18,29,0,14,0,14,0,14,71,67,151,79,160,86,165,73,75,43,51,35,60,50,66,43,35,36,52,41,6,11,71,78,80,83,0,14,33,36,0,14,1151,177,56,44,0,14,59,36,29,31,8,12,0,14,0,14,27,20,161,118,168,95,116,95,57,38,35,24,97,118,56,49,24,27,113,90,15,25,0,14,63,78,48,42,19,24,0,14
25025071101,1400000US25025071101,4360,526,2379,357,66,72,263,157,84,65,0,14,0,14,49,75,37,60,171,146,162,103,370,176,112,64,139,87,188,138,144,98,95,103,21,35,79,63,39,42,134,108,169,168,57,85,0,14,0,14,1981,331,107,77,17,31,0,14,0,14,0,14,0,14,9,15,92,69,283,147,232,136,182,66,57,80,193,170,52,64,71,62,109,90,193,141,25,37,153,94,145,125,10,16,15,25,36,43
25025071201,1400000US25025071201,4254,610,2270,397,119,138,75,66,154,97,125,103,0,14,9,14,0,14,53,34,213,79,280,137,169,114,128,67,117,66,296,183,125,87,12,19,59,42,70,68,32,31,43,42,0,14,0,14,191,148,1984,352,21,28,60,62,186,191,19,27,44,48,3,10,12,21,56,46,144,73,286,160,50,38,164,74,114,72,207,125,125,85,36,43,82,57,28,40,88,56,69,57,42,40,0,14,148,161
25025080100,1400000US25025080100,2775,445,1909,335,53,44,100,70,109,113,47,50,79,66,56,149,27,29,40,40,164,70,179,83,253,123,142,59,124,77,89,85,148,71,38,40,55,84,55,74,123,102,5,10,3,6,0,14,20,20,866,217,15,22,50,43,49,67,4,14,2,6,0,14,0,14,82,52,48,45,177,89,62,53,50,39,12,21,68,69,67,52,0,14,39,36,22,32,52,89,29,34,16,30,13,16,9,12
25025080300,1400000US25025080300,2210,407,988,266,62,56,100,76,31,39,84,56,108,112,33,32,9,17,28,25,15,19,118,90,44,44,43,42,116,111,39,45,71,40,8,13,27,36,17,28,3,12,0,14,32,49,0,14,0,14,1222,276,50,46,0,14,39,41,47,43,22,26,44,34,0,14,37,37,179,135,174,141,146,76,126,74,75,44,123,81,75,58,39,34,0,14,26,35,11,14,0,14,2,10,0,14,7,12
25025080401,1400000US25025080401,3112,493,1359,233,153,110,142,76,111,72,59,37,3,5,44,50,28,46,101,59,118,77,41,48,26,24,76,76,159,104,54,70,19,27,21,24,15,18,59,47,60,58,31,38,20,23,10,16,9,15,1753,377,90,71,169,130,127,86,40,49,37,35,6,11,58,48,56,56,42,36,175,99,98,72,130,135,163,87,23,29,141,71,87,106,41,39,32,34,45,39,74,61,29,23,31,38,59,93
25025080500,1400000US25025080500,3336,370,1368,238,38,48,152,69,130,89,58,53,135,163,53,48,58,46,120,96,117,73,31,48,15,22,36,38,59,66,122,93,60,40,38,46,60,43,29,28,14,21,17,23,0,14,18,20,8,15,1968,306,72,63,117,84,121,75,126,96,62,67,25,35,43,51,67,43,29,25,193,95,18,25,190,106,71,52,265,124,268,214,14,23,17,24,51,43,63,49,95,63,10,20,11,17,40,53
25025080601,1400000US25025080601,3890,406,1797,368,0,14,113,106,0,14,65,69,641,188,220,86,134,86,161,159,53,57,163,95,0,14,0,14,72,78,22,30,17,25,0,14,69,55,22,33,29,26,9,14,4,6,3,4,0,14,2093,238,0,14,0,14,35,51,14,21,914,141,385,143,160,84,138,73,118,88,25,23,0,14,36,42,46,68,20,18,32,41,0,14,19,28,16,21,77,73,35,28,9,13,0,14,14,24
25025080801,1400000US25025080801,4411,842,1994,583,0,14,176,252,53,59,73,78,487,150,121,86,193,177,144,97,178,145,16,20,56,56,0,14,105,102,104,107,0,14,128,160,59,67,0,14,17,26,25,21,43,67,0,14,16,23,2417,463,76,80,90,83,127,120,57,61,591,153,235,99,285,164,61,47,103,64,189,171,97,74,124,93,19,31,19,29,150,91,12,13,48,44,8,13,42,67,15,24,40,39,17,26,12,21
25025080900,1400000US25025080900,3288,407,1835,363,2,6,3,8,5,9,2,6,112,164,139,88,161,112,379,211,310,149,173,126,33,31,78,93,35,51,107,19,20,23,48,39,30,28,0,14,29,26,30,29,25,30,114,101,0,14,1453,372,2,5,15,11,4,8,2,5,0,14,160,215,75,45,320,137,371,187,136,91,30,21,30,27,11,15,100,86,54,56,8,12,18,21,0,14,31,39,20,25,53,35,13,21,0,14
25025081001,1400000US25025081001,4859,802,2361,636,63,67,89,73,62,69,108,105,7,15,54,64,91,84,259,174,516,517,163,119,0,14,128,126,27,41,195,137,167,130,22,36,68,59,72,78,82,76,86,104,50,61,23,36,29,46,2498,487,52,75,0,14,187,198,30,49,9,15,0,14,73,75,395,237,325,134,423,210,46,53,108,104,0,14,236,135,65,59,51,69,69,85,37,45,78,73,10,25,8,13,93,73,203,176
25025081101,1400000US25025081101,1643,202,696,100,68,41,0,14,16,23,0,14,0,14,0,14,10,16,23,34,128,46,175,73,120,59,37,34,11,17,0,14,23,30,0,14,20,19,6,9,0,14,22,21,25,10,12,20,0,14,947,175,106,108,24,35,0,14,0,14,0,14,0,14,0,14,25,23,279,117,157,87,159,61,12,19,12,18,0,14,6,18,8,16,11,27,8,19,7,2,42,41,19,20,9,24,63,33
25025081102,1400000US25025081102,2849,665,1660,429,9,23,0,14,0,14,0,14,3,5,32,24,165,113,252,132,458,263,242,165,112,98,66,76,24,28,58,52,47,48,8,2,55,50,0,14,55,41,47,34,20,26,0,14,7,13,1189,364,0,14,0,14,34,40,0,14,12,14,64,58,86,96,145,103,169,104,67,68,207,221,30,36,23,35,63,54,20,25,21,28,25,28,82,61,55,41,43,45,21,37,16,15,6,10
25025081200,1400000US25025081200,3481,520,1633,360,343,197,42,44,338,140,16,22,18,32,0,14,17,25,83,58,99,108,184,100,131,87,40,30,95,79,58,46,40,44,18,23,0,14,16,23,10,16,43,29,21,21,21,34,0,14,1848,251,20,33,37,48,130,105,71,53,22,24,62,62,69,44,50,52,234,132,161,92,116,78,113,80,253,101,61,49,53,51,48,43,127,90,14,18,50,57,59,41,52,57,16,20,30,45
25025081301,1400000US25025081301,2730,828,1181,311,117,83,0,14,83,119,0,14,10,2,10,2,0,14,129,151,52,50,122,158,0,14,197,133,8,18,14,35,84,76,2,39,48,69,29,43,7,19,33,63,63,67,108,98,65,98,1549,726,22,36,0,14,341,366,220,247,0,14,0,14,20,44,8,17,5,9,175,198,159,91,2,6,108,71,100,104,24,35,6,39,92,114,0,14,47,53,8,16,87,75,105,59,20,24
25025081302,1400000US25025081302,2440,385,1376,375,6,11,130,139,51,68,25,35,75,115,17,28,0,14,0,14,345,273,49,71,164,133,16,25,182,158,0,14,116,128,0,14,18,23,0,14,100,105,31,46,6,12,45,65,0,14,1064,324,90,119,33,57,16,25,0,14,0,14,0,14,48,57,11,19,44,66,53,55,45,60,155,164,3,6,157,117,86,73,34,53,4,8,30,35,29,39,108,81,30,38,56,67,32,56
25025081400,1400000US25025081400,3600,447,1839,383,53,50,26,37,37,53,76,60,61,63,183,154,88,60,309,133,176,105,169,157,243,124,27,38,39,39,79,79,26,40,67,46,30,29,32,56,9,15,65,45,16,19,8,13,20,34,1761,311,84,52,12,24,36,51,0,14,44,41,78,59,169,111,172,98,222,105,145,76,125,56,60,42,64,52,39,48,206,109,65,79,22,35,35,32,22,30,107,79,54,55,0,14,0,14
25025081500,1400000US25025081500,2554,464,1116,209,183,75,0,14,11,15,19,33,47,45,16,17,0,14,43,54,67,66,74,47,73,46,123,55,59,47,90,66,68,68,22,21,60,74,32,39,59,45,9,15,22,24,29,34,10,24,1438,372,87,54,47,42,95,68,48,40,74,73,10,16,34,38,160,84,141,82,73,61,81,42,70,52,93,55,48,36,62,60,23,31,10,14,10,15,24,21,30,30,44,36,16,17,158,193
25025081700,1400000US25025081700,3698,465,1643,354,126,93,47,44,71,66,27,26,17,19,10,17,45,37,96,72,231,104,36,36,81,58,109,71,66,78,165,160,0,14,0,14,143,198,38,44,24,25,188,181,34,40,52,55,37,38,2055,342,41,52,139,91,88,49,144,80,10,13,50,37,77,72,25,22,117,73,197,121,172,84,123,91,98,57,101,75,125,86,101,146,84,65,37,44,88,82,106,105,81,58,9,15,42,38
25025081800,1400000US25025081800,3556,696,1845,428,30,54,124,101,159,178,33,33,85,71,36,54,27,43,132,146,110,91,324,142,29,35,218,164,108,92,23,36,80,62,54,43,48,60,10,17,46,45,93,96,24,28,32,50,20,33,1711,349,126,133,36,38,72,65,46,54,62,79,39,31,0,14,165,117,62,59,133,100,124,94,108,92,122,135,59,42,124,98,104,39,60,56,71,84,112,56,0,14,30,30,34,38,22,34
25025081900,1400000US25025081900,3508,834,1748,474,175,181,142,110,104,75,53,69,79,73,0,14,6,12,14,27,103,66,113,78,36,45,110,71,123,98,160,138,108,72,0,14,186,187,10,18,79,61,24,26,42,38,49,69,32,52,1760,492,120,88,45,48,78,65,0,14,47,29,0,14,0,14,80,67,243,180,81,86,99,68,134,76,38,59,134,83,275,278,45,42,82,70,84,76,79,45,34,40,27,27,13,16,22,25
25025082000,1400000US25025082000,3331,657,1607,291,27,44,78,100,109,92,62,70,17,29,36,57,14,24,80,68,234,219,147,100,141,100,156,88,45,57,15,19,32,49,21,25,145,80,30,41,4,24,62,66,115,66,37,58,0,14,1724,424,14,35,76,66,123,81,91,104,56,47,0,14,0,14,116,112,67,83,39,54,195,99,178,109,52,63,136,99,290,170,55,55,32,52,29,36,23,26,70,53,32,32,40,39,10,18
25025082100,1400000US25025082100,4288,1088,1333,562,161,167,179,242,0,14,5,40,0,14,0,14,0,14,54,93,0,14,117,117,149,172,28,72,0,14,35,57,122,129,37,53,240,130,62,73,16,30,39,55,0,14,43,69,46,73,2955,732,203,247,62,86,189,169,296,204,162,74,0,14,5,41,233,223,27,45,218,181,159,166,284,175,135,136,177,81,0,14,216,145,78,95,91,102,189,188,185,128,46,62,0,14,0,14
25025090100,1400000US25025090100,5752,890,2531,523,383,191,87,93,153,124,85,63,78,80,39,49,104,137,59,49,187,141,209,133,131,109,191,138,80,79,214,148,70,47,66,73,47,53,14,33,65,52,224,246,42,45,0,19,3,8,3221,629,80,97,324,155,388,226,283,161,13,21,0,19,63,79,110,83,299,232,234,163,175,102,310,136,201,114,176,102,124,89,8,15,55,74,0,19,89,59,132,74,104,73,15,19,38,38
25025090200,1400000US25025090200,2918,570,1457,352,248,179,113,76,156,80,232,126,17,20,17,21,26,25,9,15,65,42,85,75,84,58,54,53,104,81,21,22,77,61,5,11,47,39,12,39,10,16,66,66,9,21,0,14,0,14,1461,279,199,94,87,54,113,49,27,39,18,16,62,55,0,14,78,55,151,106,52,46,149,55,32,30,103,80,45,36,18,22,0,14,96,80,0,14,60,47,46,51,101,57,24,28,0,14
25025090300,1400000US25025090300,3763,614,1743,460,76,63,215,99,165,107,100,95,44,36,65,92,14,23,13,21,121,114,91,102,78,89,87,73,147,118,69,70,98,80,30,43,40,49,34,54,54,60,101,75,53,41,48,57,0,14,2020,271,123,110,126,82,148,112,82,70,0,14,40,40,26,35,44,38,268,143,118,86,173,101,174,107,127,97,168,97,192,115,5,11,68,67,0,14,13,21,85,53,23,30,9,17,8,15
25025090400,1400000US25025090400,3624,631,1493,412,29,37,151,124,179,108,113,87,21,24,39,41,34,53,57,57,182,115,76,74,64,61,13,20,120,87,76,74,91,77,16,27,106,89,0,14,0,14,19,24,17,21,68,66,22,27,2131,367,25,35,68,70,251,167,61,59,157,103,53,68,18,21,83,66,144,120,58,69,72,66,324,147,96,90,164,108,141,103,36,42,61,76,19,21,40,41,122,96,50,44,88,62,0,14
25025090600,1400000US25025090600,2202,344,1179,199,27,27,24,20,80,45,15,22,33,31,17,24,42,36,15,13,87,49,89,44,125,82,76,40,79,64,90,56,62,37,45,42,56,52,0,14,44,26,62,76,55,30,8,12,48,78,1023,226,23,25,89,47,94,81,12,18,48,50,0,14,7,13,27,28,92,64,107,69,85,20,61,28,48,42,58,32,57,42,27,22,18,29,31,25,52,45,19,21,18,18,0,14,50,58
25025090700,1400000US25025090700,4746,499,2205,346,131,80,75,89,218,86,0,14,0,14,72,98,0,14,102,64,315,161,335,158,252,151,68,63,220,157,118,90,107,70,15,27,29,40,0,14,59,51,56,58,3,20,30,42,0,14,2541,343,43,42,22,36,50,59,97,77,81,103,61,71,34,40,137,106,386,201,332,137,203,93,112,91,107,92,70,64,242,133,10,16,101,91,126,112,25,40,75,83,142,100,58,74,27,46
25025090901,1400000US25025090901,3062,418,1677,261,63,60,22,32,59,53,36,24,161,142,21,30,63,65,203,120,178,97,212,65,41,40,35,49,100,72,88,64,147,106,51,77,53,66,38,42,20,26,58,55,13,20,11,19,4,10,1385,298,31,46,93,60,115,60,0,14,58,59,154,105,33,36,238,163,144,89,96,51,35,23,64,57,68,49,25,33,69,48,46,56,15,23,9,17,0,14,2,4,56,82,0,14,34,41
25025091001,1400000US25025091001,3521,570,1845,323,68,60,103,106,25,26,30,48,46,55,0,14,0,14,80,73,182,88,288,117,159,77,254,146,93,87,72,102,118,58,47,46,40,37,14,20,36,36,100,131,37,30,37,36,16,23,1676,328,48,35,81,109,42,33,119,65,16,14,0,14,0,14,73,59,206,96,253,128,105,45,72,57,67,38,67,38,129,90,30,25,108,73,24,27,17,22,96,98,71,67,33,30,19,24
25025091100,1400000US25025091100,4688,649,2213,343,75,59,60,55,49,50,23,24,71,54,0,14,11,18,78,56,298,125,439,203,246,148,185,109,142,94,82,67,91,61,41,52,13,16,48,41,77,44,108,55,38,32,20,35,18,35,2475,422,70,68,41,51,149,78,57,63,31,35,33,29,35,39,177,91,341,138,246,118,258,165,134,83,183,72,105,61,109,63,92,68,169,141,56,32,8,13,59,43,93,99,29,48,0,14
25025091200,1400000US25025091200,2945,424,1657,314,153,128,225,93,64,60,49,60,98,62,40,51,0,14,24,28,134,76,122,61,193,153,128,129,32,34,18,27,74,69,51,46,114,77,15,32,75,75,17,25,0,14,31,42,0,14,1288,258,8,14,77,65,34,56,0,14,20,14,0,14,0,14,39,44,254,160,186,121,185,131,87,77,47,45,103,75,83,65,5,14,21,28,27,38,63,56,39,32,10,18,0,14,0,14
25025091300,1400000US25025091300,2933,365,1452,226,90,72,63,49,187,87,36,40,58,50,51,45,45,45,75,48,174,92,173,68,99,55,107,72,51,58,27,21,19,26,48,51,41,31,0,14,23,26,58,38,27,27,0,14,0,14,1481,254,105,74,130,102,115,82,30,38,35,38,96,84,69,53,83,65,87,58,58,41,155,77,142,68,19,15,142,77,5,12,24,25,28,30,48,37,22,28,64,40,4,11,6,10,14,20
25025091400,1400000US25025091400,3242,406,1552,270,110,79,109,48,177,103,47,43,2,4,64,132,71,58,52,52,103,61,37,50,29,33,56,52,34,32,94,63,211,172,13,19,59,133,73,124,96,56,93,60,22,32,0,14,0,14,1690,284,10,34,56,57,130,76,79,70,34,46,0,14,0,14,49,63,68,64,143,67,127,79,246,100,137,81,102,55,157,95,33,44,64,49,96,62,34,39,64,42,33,26,1,4,27,28
25025091500,1400000US25025091500,3530,596,1771,360,84,93,56,60,65,61,117,83,43,65,13,20,0,14,81,67,241,114,133,68,121,77,246,156,183,120,13,14,151,89,15,23,52,46,40,34,33,42,82,63,0,14,2,4,0,14,1759,316,84,83,85,73,85,74,42,52,31,27,21,26,0,14,44,36,261,159,275,138,129,83,106,72,118,64,147,114,44,46,51,69,49,36,36,37,7,15,79,66,19,22,35,41,11,18
25025091600,1400000US25025091600,2727,803,1554,530,84,90,117,136,110,82,99,117,69,80,45,58,0,14,12,17,97,78,144,66,29,31,164,147,179,163,50,65,159,106,14,31,48,43,26,41,54,63,10,17,3,5,28,43,13,21,1173,328,6,11,50,53,23,26,19,35,55,66,97,150,46,75,0,14,68,78,82,53,73,65,151,113,142,80,39,39,113,74,37,53,15,20,0,14,25,27,68,71,38,43,19,28,7,20
25025091700,1400000US25025091700,3477,599,1760,535,230,209,146,63,291,111,61,59,56,57,66,68,32,51,174,119,130,113,148,87,73,76,110,75,16,25,0,14,9,13,14,21,42,36,37,38,28,25,7,11,90,108,0,14,0,14,1717,291,51,49,30,34,121,64,130,71,47,46,29,31,59,54,89,70,68,92,110,71,166,63,108,81,137,103,123,77,8,12,59,54,9,13,25,42,18,28,235,144,79,97,16,27,0,14
25025091800,1400000US25025091800,3586,690,1804,404,31,34,192,160,91,84,61,70,69,53,45,59,50,56,22,31,73,71,77,65,231,115,99,90,45,53,211,158,145,106,55,81,32,49,106,146,36,53,51,64,35,53,46,62,1,2,1782,401,134,108,59,53,253,149,2,4,28,33,18,33,25,32,53,52,220,171,94,59,207,88,31,47,141,67,98,76,29,46,13,38,56,68,18,36,120,147,40,48,75,42,27,43,41,59
25025091900,1400000US25025091900,4857,834,2205,590,128,110,191,134,213,151,164,111,61,67,32,50,28,46,75,74,232,123,437,253,82,82,77,79,62,63,163,122,167,96,12,21,54,60,12,19,15,23,0,14,0,14,0,14,0,14,2652,369,236,151,126,87,126,84,105,100,83,62,80,85,30,32,130,95,284,223,303,149,140,106,188,116,118,106,183,117,222,107,0,14,35,50,44,42,14,24,60,41,89,59,38,50,18,29
25025092000,1400000US25025092000,5685,785,2809,307,206,180,198,104,114,84,234,131,114,113,0,19,0,19,62,61,338,175,45,45,211,109,117,90,223,133,340,152,138,104,51,55,21,46,38,47,103,88,49,69,102,107,38,49,67,84,2876,563,149,106,67,79,284,183,61,62,62,47,135,99,13,27,134,129,373,341,71,62,96,64,364,181,273,122,223,106,78,82,23,23,123,96,9,15,32,50,84,86,84,80,138,88,0,19
25025092101,1400000US25025092101,6222,862,3170,663,9,19,69,120,87,92,135,131,25,23,36,65,4,7,38,44,426,187,254,197,238,197,203,147,178,187,269,168,365,169,40,62,178,122,99,80,164,136,211,150,88,94,8,12,46,51,3052,506,38,53,0,19,67,80,137,131,5,8,19,22,17,28,95,80,551,231,106,105,90,74,75,87,229,128,215,99,225,152,111,106,26,33,117,100,285,159,324,249,14,24,258,142,48,49
25025092200,1400000US25025092200,4006,761,2011,450,222,139,48,59,77,65,48,50,7,11,40,40,0,14,55,68,160,95,121,60,214,211,50,52,302,161,140,84,186,112,65,53,102,96,31,54,1,7,102,71,10,15,19,28,11,24,1995,463,70,104,26,37,132,84,46,56,6,9,3,7,29,25,198,182,116,92,118,68,194,113,260,176,120,88,165,88,125,90,16,23,81,81,62,94,47,49,76,70,64,59,21,27,20,24
25025092300,1400000US25025092300,3816,493,1693,325,0,14,97,73,147,86,115,68,119,78,67,60,91,76,35,33,93,77,71,76,137,85,75,81,203,137,127,95,58,53,21,31,80,67,17,24,23,20,60,63,22,30,0,14,35,51,2123,310,175,112,96,65,84,66,91,72,65,52,45,48,24,38,54,49,36,41,257,135,169,84,184,93,144,75,174,124,192,87,95,72,20,32,28,41,11,16,58,52,69,98,17,21,35,37
25025092400,1400000US25025092400,5981,1257,2741,659,147,124,285,215,180,115,236,182,63,78,0,19,176,221,273,215,191,156,272,165,54,87,83,101,99,103,45,73,178,192,41,68,107,101,40,48,45,53,144,119,0,19,0,19,82,91,3240,806,273,255,134,144,275,182,236,198,94,102,0,19,188,189,60,67,42,65,382,228,101,104,335,167,192,131,379,219,20,36,136,109,83,93,82,80,92,92,66,62,22,35,48,70,0,19
25025100100,1400000US25025100100,6142,1069,2691,660,206,193,324,202,366,195,147,84,157,127,32,51,34,42,143,161,176,107,114,101,140,114,103,79,171,131,110,79,213,130,0,19,30,33,32,37,49,77,58,61,64,58,0,19,22,27,3451,635,237,205,221,145,284,137,59,54,73,65,79,82,62,50,186,143,154,111,299,218,212,118,230,103,223,176,253,158,249,136,181,106,53,49,13,22,19,27,117,85,63,50,97,122,87,71
25025100200,1400000US25025100200,3322,598,1436,355,41,57,126,62,130,90,38,38,0,14,32,35,0,14,37,38,189,111,156,126,72,66,228,148,90,63,43,47,84,58,2,7,43,52,0,14,42,44,31,33,52,87,0,14,0,14,1886,362,95,81,136,85,112,78,184,128,45,43,0,14,67,62,31,39,75,67,233,118,52,48,22,34,139,75,67,62,188,77,2,6,111,99,109,82,6,10,128,107,66,48,0,14,18,24
25025100300,1400000US25025100300,3943,677,1776,434,82,80,67,68,182,147,159,104,6,10,0,14,63,56,82,58,137,75,12,19,137,89,98,71,66,61,70,49,185,132,2,8,70,57,32,35,55,42,135,104,63,39,73,111,0,14,2167,326,2,3,96,61,159,113,266,139,39,34,22,30,14,25,95,57,111,82,154,102,102,75,132,84,164,76,140,91,77,52,66,60,67,47,119,79,43,42,158,77,35,33,78,110,28,28
25025100400,1400000US25025100400,4896,846,2368,514,151,136,209,223,147,98,41,53,7,13,50,65,8,18,45,38,153,119,218,127,213,140,157,97,171,107,36,34,173,128,119,94,129,77,30,29,92,70,45,41,152,104,9,17,13,20,2528,548,26,37,0,14,49,59,88,103,27,39,0,14,13,20,51,56,300,165,328,177,105,81,137,76,314,230,239,140,166,134,84,82,141,91,45,28,44,39,191,173,46,35,78,49,56,65
25025100500,1400000US25025100500,8246,1147,4344,797,465,262,304,178,416,176,191,118,106,119,0,19,83,56,80,96,409,242,214,116,421,264,441,249,100,116,294,192,417,180,58,71,0,19,26,30,64,82,81,78,89,128,85,123,0,19,3902,677,194,149,0,19,178,136,163,134,84,61,17,25,13,20,97,97,557,224,351,190,424,201,180,101,155,117,494,199,471,358,38,60,183,142,0,19,25,30,59,61,117,102,29,34,73,68
25025100601,1400000US25025100601,5938,1009,2875,584,271,158,196,149,28,46,139,120,146,164,0,19,0,19,85,73,137,133,295,180,302,204,226,196,224,197,221,146,321,199,0,19,0,19,0,19,182,158,27,35,26,32,0,19,49,72,3063,585,343,309,220,202,43,72,106,91,20,33,0,19,29,44,0,19,265,152,466,197,393,200,41,59,331,183,181,128,187,181,69,99,21,35,16,26,189,164,112,94,0,19,0,19,31,44
25025100603,1400000US25025100603,2375,486,1119,342,39,34,35,35,25,25,28,46,0,14,0,14,0,14,89,143,23,17,168,65,172,84,22,23,85,78,143,146,161,82,17,21,43,31,38,41,6,9,18,18,3,6,4,6,0,14,1256,223,128,59,30,33,88,100,15,22,0,14,0,14,0,14,60,40,105,63,173,75,188,68,58,49,34,32,95,103,106,63,54,46,30,24,10,13,45,38,12,20,12,17,13,14,0,14
25025100700,1400000US25025100700,4470,610,2141,391,93,64,99,65,151,157,79,86,107,114,7,13,0,14,27,31,206,173,327,132,238,123,147,76,56,50,268,127,49,45,20,32,34,36,97,53,0,14,111,64,25,25,0,14,0,14,2329,345,101,75,118,87,99,88,152,102,87,124,0,14,29,37,31,26,253,126,137,65,325,93,126,125,178,95,92,82,94,61,120,73,32,31,71,62,55,46,141,72,26,25,38,35,24,33
25025100800,1400000US25025100800,5738,739,2326,514,226,160,94,133,5,21,119,94,151,138,0,19,0,19,34,39,159,132,273,158,84,77,86,79,108,99,99,78,190,150,50,60,69,79,130,121,0,19,141,98,231,186,42,48,35,54,3412,522,34,56,144,118,267,167,85,125,12,29,11,18,41,39,31,36,161,96,269,174,441,265,172,107,185,159,359,184,289,165,26,43,107,109,207,176,52,45,169,136,123,96,138,112,89,78
25025100900,1400000US25025100900,4925,705,2525,503,128,137,177,133,54,41,207,121,24,36,2,4,0,14,34,29,147,140,254,143,239,115,181,115,126,98,217,132,218,132,77,67,92,57,15,20,66,61,128,81,63,51,13,20,63,64,2400,362,91,77,91,72,139,59,17,26,6,9,0,14,10,16,43,45,210,139,319,138,133,57,178,88,111,59,169,126,175,98,118,60,29,46,62,57,117,116,274,142,83,66,15,21,10,16
25025101001,1400000US25025101001,6809,1139,3462,760,253,206,158,149,229,193,41,66,21,34,51,57,19,35,2,4,505,243,397,260,259,166,209,171,80,87,221,167,417,190,63,77,140,137,29,38,188,115,82,55,57,87,15,29,26,33,3347,582,123,156,184,204,271,169,215,162,11,21,30,50,162,205,47,55,54,64,344,158,301,205,274,197,124,104,160,134,400,145,75,67,101,101,0,19,111,89,144,89,26,33,190,218,0,19
25025101002,1400000US25025101002,6226,900,2813,575,130,105,29,52,176,181,27,26,0,19,112,112,0,19,144,126,272,210,189,158,227,157,79,84,290,245,197,128,168,123,7,42,256,211,79,84,145,135,102,65,80,81,15,15,89,106,3413,906,354,249,296,268,131,129,291,182,81,58,0,19,0,19,55,52,256,259,28,33,237,146,135,96,219,119,154,124,176,117,61,62,218,150,105,77,110,109,212,166,143,110,149,142,2,4
25025101101,1400000US25025101101,4407,798,1852,391,168,119,0,14,120,67,5,9,118,90,35,46,0,14,78,69,72,71,203,148,110,105,290,161,140,118,102,89,148,104,83,82,7,12,15,23,45,51,10,17,50,48,43,53,10,17,2555,588,147,114,133,117,201,139,48,72,44,44,62,60,85,68,113,79,204,128,276,196,111,58,109,120,191,110,134,75,133,88,51,51,75,66,108,109,49,56,80,63,77,72,100,95,24,26
25025101102,1400000US25025101102,5471,1070,2635,692,247,164,154,130,112,86,139,94,21,33,34,40,65,68,159,122,358,179,145,143,209,151,51,53,180,124,227,120,114,86,34,44,139,127,27,30,32,49,81,77,2,3,11,18,94,111,2836,529,189,103,220,140,171,133,93,102,26,30,15,18,14,23,124,96,210,101,299,130,182,128,256,97,25,27,223,108,215,100,19,30,53,53,114,90,59,57,127,85,78,65,57,75,67,52
25025110104,1400000US25025110104,1797,266,1025,202,102,56,85,23,60,46,25,31,8,17,0,14,0,14,22,21,86,49,185,83,0,14,144,91,0,14,97,39,38,35,21,26,2,11,9,14,78,96,40,27,19,20,0,14,4,6,772,150,32,42,8,10,39,43,46,43,10,13,3,6,20,23,11,18,90,95,71,41,68,59,67,43,20,26,46,30,39,29,8,11,44,28,56,80,28,28,31,23,22,23,13,18,0,14
25025110105,1400000US25025110105,2630,610,1163,349,61,66,15,26,0,14,13,22,0,14,0,14,23,37,33,27,155,110,267,211,160,76,124,102,128,94,46,50,29,29,15,23,18,26,47,64,29,30,0,14,0,14,0,14,0,14,1467,373,53,50,42,40,7,12,0,14,8,12,0,14,0,14,161,101,281,120,188,149,68,62,104,97,49,33,89,113,106,139,36,42,82,54,35,33,9,16,119,121,0,14,13,15,17,33
25025110106,1400000US25025110106,1590,556,840,333,30,47,0,14,0,14,0,14,0,14,0,14,0,14,11,19,39,29,69,59,102,62,77,44,99,41,26,26,18,23,49,44,45,35,0,14,11,16,25,25,213,317,5,10,21,25,750,257,10,19,6,12,51,31,41,25,0,14,0,14,0,14,3,5,41,38,89,37,61,65,30,30,0,14,52,28,39,32,27,43,34,30,9,19,27,25,190,232,21,21,5,8,14,24
25025110201,1400000US25025110201,2235,456,1026,207,54,68,42,41,89,49,37,29,0,14,17,21,15,21,32,24,72,45,149,92,69,52,15,16,40,27,130,64,55,35,21,31,81,64,14,19,14,16,35,33,30,31,15,13,0,14,1209,297,46,33,141,172,51,42,38,39,0,14,6,9,0,14,53,40,80,45,44,34,97,83,88,38,66,42,50,31,118,59,7,10,50,37,12,15,19,18,72,44,108,48,41,32,22,24
25025110301,1400000US25025110301,2654,458,1259,230,118,47,105,77,86,48,75,33,15,15,19,22,18,17,11,16,57,37,63,34,182,98,96,49,50,35,49,31,89,44,17,16,10,11,20,14,65,50,96,45,11,14,0,14,7,13,1395,286,120,88,45,59,44,38,43,50,16,21,9,15,0,14,34,37,65,40,105,54,149,45,96,84,67,52,96,58,114,39,11,15,49,46,54,63,98,60,70,39,53,49,34,46,23,21
25025110401,1400000US25025110401,3600,498,1918,298,116,99,114,99,158,112,44,56,30,39,0,14,0,14,101,47,101,62,196,80,205,111,122,67,145,95,39,47,204,96,20,25,58,44,64,40,78,40,67,62,29,24,23,25,4,7,1682,277,100,89,106,80,49,76,65,68,7,12,0,14,33,39,4,7,72,43,165,86,224,109,191,88,98,61,37,39,142,68,36,28,100,53,27,36,36,27,99,46,15,18,40,42,36,32
25025110403,1400000US25025110403,4969,522,2190,283,171,97,84,64,93,57,47,50,81,81,35,50,0,14,25,33,142,76,142,83,290,130,192,138,171,131,166,96,110,88,38,35,133,102,59,58,40,38,77,52,50,50,14,25,30,31,2779,349,176,106,324,163,86,63,42,38,11,24,8,14,11,18,21,23,71,65,297,102,251,120,226,113,135,87,142,72,130,82,161,103,181,98,39,32,67,67,161,88,57,39,68,80,114,68
25025110501,1400000US25025110501,3352,592,1659,255,116,56,112,76,60,43,36,33,12,14,17,18,0,14,58,39,111,49,113,102,211,73,92,62,194,126,128,67,99,44,31,29,124,64,25,29,30,33,51,49,20,29,19,27,0,14,1693,411,50,44,51,40,168,157,99,103,13,23,5,9,0,14,28,24,54,45,248,145,220,109,82,49,137,77,93,52,85,40,44,44,55,37,0,14,60,55,90,77,77,75,21,33,13,21
25025110502,1400000US25025110502,4124,658,2242,595,70,37,222,164,139,93,63,73,47,36,6,10,9,15,62,46,97,73,470,450,93,51,157,97,44,44,206,105,133,66,36,34,105,60,32,32,33,32,132,67,44,31,0,14,42,59,1882,211,183,70,69,64,58,46,13,21,8,9,9,10,0,14,42,45,135,95,141,49,248,110,142,67,152,95,150,70,95,44,97,52,30,27,86,52,55,40,39,35,90,61,20,22,20,22
25025110601,1400000US25025110601,2937,446,1357,249,45,32,24,28,124,107,33,33,0,14,0,14,26,32,8,13,18,21,103,55,39,31,65,45,73,65,49,49,101,48,59,64,88,53,23,22,126,117,122,72,51,40,11,16,169,161,1580,265,130,80,28,24,55,50,25,25,24,31,0,14,0,14,8,12,78,67,59,43,107,58,58,42,79,62,113,76,62,37,59,42,134,117,63,49,70,56,144,69,41,33,43,33,200,105
25025110607,1400000US25025110607,5070,638,2141,413,167,135,50,62,37,49,20,33,0,19,0,19,15,24,16,24,164,103,236,110,342,215,135,92,55,62,236,122,177,122,80,69,36,50,84,63,63,55,131,91,44,42,25,29,28,35,2929,455,267,140,15,25,94,75,150,123,61,64,0,19,78,121,9,19,201,123,213,96,361,200,200,135,229,124,129,108,144,97,51,42,82,67,0,19,107,92,190,108,111,77,92,51,145,66
25025120103,1400000US25025120103,1754,219,885,153,30,28,29,29,46,32,38,28,28,27,0,14,3,5,11,8,66,49,81,41,133,69,67,60,54,30,25,19,46,28,39,26,35,23,18,17,32,25,45,27,40,30,19,20,0,14,869,127,35,31,54,57,86,34,0,14,0,14,0,14,0,14,11,16,69,31,87,41,75,43,50,44,96,40,40,26,46,20,16,15,25,18,21,19,28,22,62,29,60,36,0,14,8,13
25025120104,1400000US25025120104,2414,414,1091,246,66,47,8,13,29,48,0,14,0,14,47,43,0,14,0,14,167,107,185,77,109,61,109,67,82,73,1,3,56,43,28,32,56,39,31,36,26,31,14,25,72,30,5,9,0,14,1323,247,31,39,61,69,95,87,55,52,47,79,0,14,2,4,67,59,108,62,185,81,160,71,31,30,144,78,46,32,27,37,45,36,34,29,16,26,31,32,64,36,30,28,8,13,36,57
25025120105,1400000US25025120105,2354,179,1105,114,64,26,106,53,46,27,35,23,56,53,19,34,10,15,27,26,11,11,92,45,42,29,42,29,67,43,51,35,105,49,65,36,34,29,42,31,36,24,71,27,28,22,42,26,14,13,1249,147,50,56,36,25,49,42,43,36,37,28,35,28,0,14,35,35,21,29,94,48,16,15,75,35,88,28,91,76,124,52,30,46,59,52,38,19,28,16,128,80,62,30,56,32,54,32
25025120201,1400000US25025120201,4256,569,2055,398,170,88,47,51,77,69,18,31,0,14,16,26,0,14,27,31,137,93,577,205,216,140,247,264,124,80,134,98,72,76,35,44,27,43,23,34,0,14,45,54,37,46,26,41,0,14,2201,370,65,55,36,41,46,47,78,72,10,15,10,16,0,14,13,21,371,197,679,216,239,137,123,84,78,59,49,48,104,108,0,14,24,37,46,70,104,102,35,34,43,47,32,41,16,28
25025120301,1400000US25025120301,4873,449,2319,338,129,95,111,95,128,92,61,65,31,43,0,14,0,14,29,31,491,227,337,150,331,155,136,89,64,66,216,96,72,70,0,14,28,35,30,38,69,51,23,30,26,41,0,14,7,9,2554,327,50,62,63,59,49,52,32,49,44,57,0,14,0,14,211,90,450,138,406,197,145,118,59,55,212,126,228,126,120,108,149,95,37,43,0,14,89,97,112,78,10,11,19,21,69,45
25025120400,1400000US25025120400,6931,883,3111,464,232,129,110,97,42,49,79,69,30,55,0,19,26,35,28,27,261,183,530,200,442,190,234,123,170,95,190,111,213,120,76,100,96,78,107,87,15,25,84,72,75,55,51,50,20,31,3820,724,246,127,308,142,46,73,22,34,6,9,24,29,170,233,340,271,244,137,448,224,449,193,329,151,197,106,69,57,193,93,21,27,274,195,15,32,136,103,129,61,93,66,18,28,43,48
25025120500,1400000US25025120500,2427,342,959,168,122,66,62,58,13,21,26,28,42,78,6,8,31,28,43,24,67,36,174,61,104,58,60,40,10,12,73,45,19,25,8,13,10,17,11,13,7,12,32,26,23,21,5,8,11,13,1468,258,48,55,59,50,89,91,9,13,0,14,0,14,0,14,21,16,318,109,272,101,81,53,80,49,40,29,45,36,52,40,14,16,8,15,0,14,37,29,22,27,57,27,0,14,216,207
25025120600,1400000US25025120600,2402,425,1101,234,28,31,168,111,31,60,9,15,0,14,0,14,0,14,10,15,182,79,253,129,79,46,55,43,30,35,11,18,84,61,39,41,76,84,12,14,6,10,28,26,0,14,0,14,0,14,1301,259,35,37,20,31,0,14,24,27,16,26,0,14,0,14,49,42,263,77,199,157,126,63,58,39,155,77,43,32,51,36,95,129,8,14,28,27,6,9,51,52,31,37,0,14,43,42
25025120700,1400000US25025120700,2050,409,888,185,136,88,42,40,3,6,0,14,0,14,0,14,0,14,43,47,41,40,260,103,64,46,62,55,30,25,20,25,43,50,13,21,15,26,0,14,0,14,77,44,22,22,5,8,12,18,1162,316,44,46,27,38,119,160,0,14,0,14,0,14,10,16,19,20,147,89,219,106,86,65,95,58,22,22,21,25,131,110,2,12,10,17,14,21,24,28,50,34,32,30,16,20,74,55
25025130101,1400000US25025130101,5841,694,2682,459,242,149,90,79,372,362,80,92,0,19,0,19,0,19,71,65,194,91,210,116,385,132,140,86,204,96,125,89,77,75,62,92,89,68,84,55,92,66,46,47,63,47,40,44,16,28,3159,450,223,123,83,82,95,72,33,47,108,148,0,19,40,49,61,54,192,81,413,167,304,126,30,36,270,138,265,263,218,116,57,54,149,92,63,41,98,67,149,89,92,66,71,62,145,94
25025130200,1400000US25025130200,4581,579,2115,395,164,147,68,54,185,99,46,39,51,57,0,14,0,14,50,38,108,78,163,82,257,122,159,86,129,96,123,67,284,155,0,14,36,34,11,18,48,27,138,72,87,57,0,14,8,12,2466,273,113,79,211,100,135,67,49,38,0,14,0,14,0,14,78,53,76,47,142,81,215,105,186,82,134,60,174,82,115,65,86,66,157,154,52,36,68,47,212,108,134,60,26,23,103,55
25025130300,1400000US25025130300,4211,447,2089,289,74,42,37,35,105,53,94,83,12,16,0,14,6,9,47,42,62,43,268,145,132,60,133,70,80,45,154,73,251,94,63,40,92,81,16,18,98,69,214,111,42,33,54,42,55,36,2122,252,152,119,84,58,86,54,76,77,82,106,0,14,5,9,31,39,27,24,188,125,181,80,72,42,56,30,127,59,231,84,91,49,154,85,34,30,137,97,107,68,145,75,31,29,25,28
25025130402,1400000US25025130402,5400,885,2492,510,242,124,56,54,172,203,64,46,44,47,0,19,0,19,20,23,276,257,74,60,189,142,142,88,72,53,258,122,106,83,255,251,38,48,15,24,226,125,98,88,61,65,39,35,45,37,2908,497,215,121,160,137,145,177,58,64,7,13,33,44,0,19,60,38,219,135,361,196,91,76,133,78,86,82,344,278,246,117,98,91,100,74,32,35,135,115,212,103,53,53,27,34,93,64
25025130404,1400000US25025130404,2675,343,1401,268,73,65,67,57,77,63,21,23,24,29,11,13,8,15,43,40,186,127,125,98,93,73,9,16,28,29,46,35,161,98,69,60,88,56,99,65,31,22,76,44,53,36,13,20,0,14,1274,173,39,28,55,47,19,21,75,43,11,18,0,14,0,14,16,20,61,65,99,58,80,54,98,58,59,36,99,56,82,49,103,66,37,57,49,39,60,43,52,37,32,27,22,40,126,87
25025130406,1400000US25025130406,5861,1122,2136,489,87,114,104,92,407,242,0,19,85,102,0,19,0,19,216,174,88,92,179,165,67,79,152,125,229,184,15,24,256,221,0,19,64,100,18,29,12,22,45,41,72,82,0,19,40,33,3725,956,414,428,435,276,599,360,0,19,18,31,0,19,0,19,76,94,137,137,524,340,415,346,145,141,127,119,185,182,173,114,98,92,0,19,94,118,30,36,99,85,97,101,33,39,26,33
25025140102,1400000US25025140102,5203,658,2633,434,206,132,74,103,243,165,96,81,91,80,20,33,93,78,78,78,266,99,108,55,162,103,325,135,66,70,305,98,80,73,15,21,133,120,0,19,125,88,45,48,61,66,20,17,21,23,2570,342,77,77,106,83,278,198,246,117,14,15,0,19,25,31,29,36,103,71,199,104,134,89,243,117,120,71,124,80,238,121,11,17,123,79,79,62,55,41,166,89,152,136,28,42,20,27
25025140105,1400000US25025140105,3746,585,1771,372,81,59,147,85,118,153,37,44,77,82,0,14,2,3,97,90,192,141,103,61,175,110,76,57,79,76,164,122,104,94,55,40,14,27,7,11,54,43,100,63,89,57,0,14,0,14,1975,364,95,101,186,152,44,43,82,99,60,50,0,14,0,14,6,10,32,31,130,77,82,40,188,91,199,108,97,71,169,101,102,64,63,48,25,24,91,59,171,84,37,29,0,14,116,87
25025140106,1400000US25025140106,2217,281,881,174,73,71,22,25,102,65,72,52,18,28,11,17,6,9,39,33,50,45,71,66,111,77,54,46,23,27,10,15,37,41,0,14,9,13,20,31,59,46,61,41,9,15,7,12,17,28,1336,211,97,68,74,64,87,68,41,37,42,37,29,44,0,14,24,35,40,40,60,46,138,76,74,46,118,81,63,46,44,50,57,93,29,32,15,25,54,47,152,76,53,42,0,14,45,43
25025140107,1400000US25025140107,3063,514,1466,349,119,81,49,46,164,108,39,40,13,15,11,17,5,10,0,14,100,74,113,63,152,79,85,68,186,118,67,67,25,29,11,18,17,26,0,14,193,141,36,30,31,32,44,46,6,12,1597,284,95,67,150,86,44,40,20,27,6,11,2,5,0,14,17,21,137,65,136,75,60,44,145,96,133,82,116,66,68,46,45,35,27,29,68,54,49,37,101,58,129,81,16,18,33,34
25025140201,1400000US25025140201,2676,755,1387,379,48,51,133,104,168,133,5,9,33,29,0,14,0,14,87,56,48,37,227,110,80,55,110,73,65,71,81,93,88,52,19,26,8,14,5,8,32,24,80,56,68,49,0,14,2,5,1289,408,117,105,131,144,74,53,19,20,0,14,0,14,24,21,19,16,40,25,159,120,117,75,137,127,118,61,85,45,32,34,31,27,33,33,4,6,18,23,67,39,17,23,0,14,47,50
25025140202,1400000US25025140202,5970,597,2929,437,257,111,140,104,99,131,118,134,55,34,31,56,40,63,215,129,256,162,265,104,186,119,348,219,26,43,273,168,102,83,115,94,47,54,5,8,111,63,194,123,15,24,14,22,17,28,3041,385,199,112,253,207,32,48,136,128,18,30,0,19,0,19,122,105,306,199,282,144,283,180,143,104,154,122,137,89,179,89,63,75,133,99,106,91,72,61,87,94,180,122,30,37,126,78
25025140300,1400000US25025140300,6856,1228,2854,617,36,50,75,103,295,280,75,103,71,106,0,19,80,117,14,26,348,310,530,295,194,136,39,67,7,30,215,178,139,90,72,67,86,109,62,87,8,21,218,162,108,84,162,125,20,28,4002,776,208,95,37,45,95,127,109,130,240,226,61,98,0,19,92,92,368,404,168,113,409,213,111,127,243,156,200,154,500,234,0,19,277,178,158,160,132,87,148,129,87,64,195,145,164,107
25025140400,1400000US25025140400,8378,1197,4090,819,194,150,216,145,244,144,133,91,56,89,152,105,0,19,75,76,232,181,125,122,454,209,525,270,194,133,145,105,483,220,123,142,112,80,161,113,272,227,95,80,54,55,24,30,21,38,4288,653,41,66,168,117,255,162,75,101,131,115,43,51,10,17,118,87,533,275,248,247,486,201,99,63,159,104,243,144,242,145,207,122,219,120,58,64,133,104,261,153,204,105,237,142,118,102
25025160102,1400000US25025160102,3652,483,2001,322,164,111,111,80,129,82,125,82,88,55,45,45,24,48,23,36,157,105,204,112,255,125,100,77,162,90,84,67,69,75,8,12,8,12,47,53,0,14,106,141,68,96,0,14,24,38,1651,280,266,103,100,75,80,58,63,49,49,38,9,15,19,31,26,34,102,70,227,124,139,77,174,79,112,83,109,84,80,57,0,14,0,14,0,14,11,17,59,53,26,41,0,14,0,14
25025160103,1400000US25025160103,4838,887,2079,378,130,111,73,68,220,167,58,65,159,123,39,64,0,14,96,74,66,60,148,100,235,166,108,89,149,151,257,127,35,30,22,38,134,92,0,14,27,42,94,59,17,22,0,14,12,23,2759,750,269,111,88,87,235,70,187,143,21,40,65,75,0,14,214,186,76,77,71,57,158,156,192,97,314,223,285,241,87,71,39,50,191,233,67,58,69,64,24,34,14,21,46,53,47,46
25025160200,1400000US25025160200,4703,838,2650,485,181,141,162,95,147,76,66,59,146,73,9,16,9,17,100,75,186,134,168,109,190,94,223,125,370,191,191,94,200,98,48,48,114,104,22,33,0,14,22,36,0,14,24,34,72,65,2053,537,237,157,344,210,178,97,30,39,32,30,32,38,41,40,31,49,192,112,32,54,189,105,145,91,157,94,122,82,85,59,0,14,35,43,20,33,29,37,41,60,5,9,76,64,0,14
25025160300,1400000US25025160300,2331,242,1171,210,20,22,38,37,0,14,54,61,0,14,0,14,0,14,42,38,113,51,202,95,71,45,93,76,11,19,38,39,64,50,60,47,56,57,16,23,34,39,72,38,28,30,30,46,129,130,1160,170,40,31,0,14,29,36,0,14,0,14,0,14,0,14,17,23,127,58,153,77,80,48,51,36,58,51,71,74,54,41,22,26,74,60,48,44,8,14,55,46,161,94,11,16,101,88
25025160400,1400000US25025160400,3614,515,1727,352,102,108,129,117,98,91,74,68,44,68,0,14,17,28,74,82,134,70,155,90,144,101,164,115,160,126,72,55,110,74,44,40,117,109,28,26,0,14,9,15,32,30,0,14,20,31,1887,335,89,88,130,96,141,91,67,66,37,41,0,14,8,14,114,72,263,122,195,101,352,117,42,46,85,76,136,77,87,52,0,14,10,16,16,17,32,38,56,56,9,16,18,30,0,14
25025160501,1400000US25025160501,5576,993,2947,591,218,164,125,126,255,174,60,59,22,38,27,55,0,19,92,110,243,157,478,284,143,124,98,87,251,197,83,77,115,90,152,170,108,112,79,91,120,93,74,63,64,56,41,40,99,98,2629,559,21,34,157,143,249,160,225,159,10,17,0,19,0,19,51,55,355,236,385,158,158,103,0,19,254,168,116,82,160,129,25,28,115,123,51,58,35,37,46,52,60,52,89,63,67,89
25025160502,1400000US25025160502,5352,695,2422,448,219,167,114,96,57,59,145,84,33,34,82,117,53,45,249,143,147,96,320,151,247,111,180,125,111,86,73,57,121,68,68,49,20,31,20,20,70,73,43,33,0,19,33,32,17,18,2930,409,428,247,120,81,267,150,141,83,26,24,19,28,14,22,148,76,205,97,253,90,172,118,129,80,183,96,98,65,295,115,68,68,46,36,0,19,44,50,99,99,48,48,74,69,53,47
25025160601,1400000US25025160601,4901,1106,2530,524,130,86,109,66,16,25,81,97,0,14,0,14,0,14,177,177,253,119,493,336,184,94,245,164,100,87,128,90,193,119,75,120,64,55,39,33,79,111,56,87,50,76,52,73,6,13,2371,712,283,271,55,62,119,91,95,58,42,57,65,70,51,67,12,17,285,134,267,122,167,78,240,278,28,34,186,99,140,79,30,34,69,55,10,15,30,32,84,57,41,46,54,53,18,23
25025160602,1400000US25025160602,4941,760,2586,414,145,102,164,109,86,80,226,139,86,83,0,14,2,7,100,80,195,149,261,136,417,189,220,171,108,89,154,95,156,91,17,26,95,83,14,17,66,51,12,18,26,26,36,45,0,14,2355,499,188,132,77,97,357,167,138,104,42,42,10,16,0,14,79,59,239,122,169,86,213,106,117,129,118,86,198,78,71,48,32,48,100,70,17,21,79,59,42,39,16,20,44,53,9,19
25025170101,1400000US25025170101,3702,463,1800,275,55,52,106,102,142,79,10,26,9,11,25,40,10,17,39,35,120,90,120,65,62,58,285,108,92,77,126,94,133,98,65,56,62,44,114,118,89,66,11,17,27,27,11,27,87,82,1902,264,51,53,87,66,237,156,86,49,47,36,0,14,0,14,32,37,75,51,42,47,142,86,185,69,88,75,107,75,195,100,34,35,98,70,39,49,40,34,52,49,88,78,99,95,78,61
25025170102,1400000US25025170102,5262,1290,2706,898,188,264,147,88,36,40,33,37,5,9,58,74,0,19,23,29,248,124,140,123,466,357,305,243,247,103,195,134,223,139,33,43,56,49,48,50,43,54,119,67,18,28,36,47,39,52,2556,499,83,62,322,222,191,126,95,48,28,42,6,10,13,23,0,19,203,102,286,232,42,49,160,91,266,117,87,72,248,158,96,80,68,59,22,28,79,67,43,35,49,40,134,99,35,36
25025170200,1400000US25025170200,5129,865,2662,569,99,88,83,74,154,114,199,122,104,88,9,15,70,51,35,37,266,262,235,133,146,106,58,67,142,112,29,28,162,92,62,47,240,171,108,125,67,48,84,46,79,49,62,66,169,212,2467,454,243,128,146,106,71,64,56,46,180,178,0,19,35,34,30,31,120,62,101,89,149,94,195,91,165,91,23,24,206,112,84,73,61,38,48,39,62,53,151,70,168,100,23,18,150,96
25025170301,1400000US25025170301,6055,1450,3242,810,209,224,91,97,104,88,254,161,77,123,0,19,28,34,85,84,273,235,357,228,251,264,257,162,286,209,216,136,137,103,48,67,127,128,22,38,78,59,152,130,108,77,64,72,18,30,2813,755,89,103,120,90,133,133,45,60,51,108,0,19,0,19,0,19,322,284,211,137,104,71,167,152,208,146,294,150,107,90,208,159,314,343,81,84,51,47,77,83,128,85,30,43,73,59
25025170302,1400000US25025170302,3540,500,1744,386,93,61,192,185,0,14,27,43,0,14,31,36,20,32,18,28,232,145,289,116,106,87,209,150,120,62,192,208,44,64,26,33,40,49,32,32,25,32,0,14,30,29,7,16,11,21,1796,261,167,100,85,64,0,14,36,46,43,63,20,32,14,22,32,37,334,156,175,95,197,113,163,107,258,154,72,75,38,44,40,46,9,23,0,14,29,36,18,25,56,54,10,22,0,14
25025170400,1400000US25025170400,5147,867,2286,470,51,75,53,53,136,96,121,83,80,82,11,18,8,14,24,45,175,103,151,118,84,76,140,79,190,212,94,76,228,82,86,72,113,87,17,28,208,138,182,117,40,39,80,58,14,19,2861,550,50,51,166,117,176,92,145,166,175,166,0,19,16,22,0,19,156,121,365,249,211,158,135,80,179,150,77,58,277,144,7,12,74,48,132,107,81,72,79,68,102,85,162,88,96,91
25025170502,1400000US25025170502,4314,807,2149,497,53,70,275,136,117,99,175,175,21,28,43,36,0,14,14,21,182,138,96,60,127,80,90,74,208,115,152,118,70,40,14,25,98,73,42,39,17,19,143,88,151,64,17,24,44,41,2165,373,137,157,90,110,187,161,120,77,14,26,12,18,12,16,21,27,158,95,243,125,6,10,155,62,54,49,178,90,114,65,15,24,75,68,25,26,117,81,162,77,80,59,49,33,141,90
25025170503,1400000US25025170503,1361,199,565,148,44,60,32,29,12,19,5,8,0,14,4,6,0,14,15,13,70,58,25,24,44,46,47,31,19,21,23,23,49,40,54,34,44,48,17,20,5,10,25,22,27,32,0,14,4,8,796,114,21,23,0,14,90,90,33,31,0,14,0,14,0,14,25,23,74,54,66,51,37,47,89,54,25,23,80,72,38,48,7,10,20,23,7,12,29,23,62,44,47,35,9,13,37,38
25025170504,1400000US25025170504,3213,468,1817,300,4,8,65,59,16,26,47,39,64,85,0,14,14,18,156,96,380,178,207,116,204,111,135,104,103,77,241,124,79,57,24,29,16,21,30,26,12,20,20,24,0,14,0,14,0,14,1396,318,71,67,86,78,39,63,0,14,24,38,0,14,0,14,174,106,210,80,192,85,129,75,76,54,73,78,141,97,25,29,8,13,32,28,6,10,0,14,62,46,21,24,0,14,27,38
25025170601,1400000US25025170601,5747,927,2864,604,90,102,130,111,136,132,58,72,103,111,48,74,0,19,120,78,129,95,267,118,309,156,216,120,408,269,229,127,61,63,141,107,96,72,64,52,83,52,44,39,34,40,36,39,62,61,2883,513,218,130,302,180,197,172,76,86,46,53,6,11,34,49,36,36,115,79,275,119,204,131,89,80,217,129,176,80,188,118,31,30,136,110,121,109,61,47,156,126,64,58,36,40,99,67
25025170701,1400000US25025170701,2435,424,1245,246,72,59,177,137,34,39,46,59,37,44,0,14,0,14,18,21,143,84,243,98,49,51,110,85,49,58,87,44,58,51,0,14,4,5,0,14,61,37,12,16,12,17,21,34,12,19,1190,250,63,41,99,74,57,67,21,32,0,14,0,14,22,29,39,42,117,73,256,141,51,51,87,54,49,34,59,50,45,49,0,14,41,28,24,28,47,50,32,27,44,34,27,31,10,16
25025170702,1400000US25025170702,7854,1597,4310,1026,310,279,246,243,47,73,102,122,11,43,91,75,235,204,252,201,243,185,487,262,386,230,886,329,25,40,41,73,320,230,55,66,49,82,62,102,114,104,54,59,229,165,21,31,44,69,3544,903,151,163,199,216,407,348,113,113,147,105,174,188,43,68,50,49,207,152,229,162,330,217,170,141,440,368,194,199,100,90,31,40,71,109,2,5,199,133,178,130,69,90,20,30,20,34
25025170800,1400000US25025170800,6253,924,3114,502,173,131,44,58,101,105,279,144,0,19,94,108,39,55,79,77,212,148,120,118,326,140,332,165,144,149,342,224,211,121,83,92,150,109,84,75,101,97,102,69,11,28,74,71,13,21,3139,624,168,107,198,243,235,121,25,41,0,19,0,19,0,19,172,109,281,212,370,177,189,165,146,90,227,128,234,224,94,82,15,23,227,156,52,62,162,162,177,99,51,69,99,102,17,27
25025180101,1400000US25025180101,5398,467,2412,301,72,57,134,114,86,81,141,93,33,56,0,19,0,19,102,90,153,176,64,79,322,112,123,116,277,146,275,149,65,65,20,33,196,101,54,46,14,21,59,55,58,56,77,51,87,70,2986,334,238,154,108,60,136,125,84,101,141,128,17,30,31,39,87,135,85,69,220,124,320,153,148,116,210,157,164,97,187,75,11,19,90,62,224,115,38,41,129,95,174,85,58,48,86,52
25025180200,1400000US25025180200,4531,484,2161,318,122,89,118,62,60,54,216,134,75,64,22,23,9,15,34,44,114,52,155,105,230,106,103,85,112,65,224,101,167,71,77,70,109,65,0,14,54,38,46,49,63,40,37,33,14,20,2370,277,74,54,70,67,174,97,91,52,37,46,80,90,17,19,110,81,92,61,136,78,234,65,59,44,67,48,177,80,198,91,72,45,29,29,26,26,70,44,107,75,234,90,32,25,184,124
25025180301,1400000US25025180301,3097,452,1435,234,37,34,154,80,161,85,75,54,17,26,11,13,0,14,26,26,34,54,35,36,33,37,145,49,149,100,117,69,129,70,39,47,38,37,45,32,35,30,64,48,43,32,26,29,22,21,1662,295,37,33,160,99,114,87,92,62,0,14,0,14,0,14,8,8,63,50,47,40,29,26,200,73,159,91,156,51,123,70,31,29,35,28,31,35,34,35,190,80,54,36,31,31,68,66
25025180400,1400000US25025180400,1883,274,959,194,50,47,90,56,25,28,7,11,17,18,7,13,5,9,11,12,154,112,88,75,84,39,93,64,45,27,13,15,71,37,21,19,50,52,14,13,21,18,39,22,23,30,25,33,6,9,924,137,48,30,28,23,45,32,67,62,0,14,0,14,0,14,9,9,52,28,38,42,145,62,66,42,21,18,83,35,59,29,17,17,69,52,11,12,26,39,72,39,37,34,13,14,18,17
25025180500,1400000US25025180500,3850,419,1494,220,18,25,25,31,48,41,52,49,36,47,0,14,0,14,82,74,119,72,146,70,203,99,14,22,29,22,196,85,133,63,15,23,129,77,35,34,21,22,77,56,116,87,0,14,0,14,2356,329,159,83,185,152,44,41,49,46,0,14,19,26,14,21,30,27,112,71,248,80,153,78,175,166,174,129,236,108,112,62,55,41,82,61,78,49,93,52,197,145,68,74,37,30,36,13
25025980101,1400000US25025980101,29,4,27,4,0,14,0,14,0,14,0,14,0,14,0,14,0,14,0,14,0,14,0,14,0,14,0,14,0,14,0,14,27,4,0,14,0,14,0,14,0,14,0,14,0,14,0,14,0,14,2,3,0,14,0,14,0,14,0,14,2,3,0,14,0,14,0,14,0,14,0,14,0,14,0,14,0,14,0,14,0,14,0,14,0,14,0,14,0,14,0,14,0,14,0,14,0,14
25025980300,1400000US25025980300,202,16,150,32,0,14,0,14,0,14,0,14,0,14,0,14,0,14,0,14,0,14,14,18,1,6,30,54,57,66,0,14,37,45,6,14,0,14,0,14,0,14,0,14,0,14,0,14,5,14,52,27,0,14,0,14,0,14,9,19,0,14,0,14,0,14,0,14,0,14,0,14,12,8,0,14,9,24,12,8,0,14,0,14,0,14,0,14,0,14,0,14,10,21,0,14,0,14
25025980700,1400000US25025980700,3,6,2,4,0,14,0,14,0,14,0,14,0,14,0,14,0,14,0,14,0,14,0,14,0,14,0,14,0,14,0,14,0,14,0,14,0,14,1,2,0,14,0,14,1,3,0,14,0,14,1,3,0,14,0,14,0,14,0,14,0,14,0,14,0,14,0,14,0,14,0,14,0,14,0,14,0,14,0,14,0,14,0,14,0,14,0,14,0,14,0,14,0,14,0,14,1,3
25025980900,1400000US25025980900,51,31,35,28,0,14,0,14,0,14,0,14,0,14,0,14,0,14,0,14,0,14,15,25,10,11,5,8,0,14,0,14,0,14,0,14,0,14,5,7,0,14,0,14,0,14,0,14,0,14,16,19,8,12,0,14,0,14,0,14,0,14,0,14,0,14,0,14,0,14,8,9,0,14,0,14,0,14,0,14,0,14,0,14,0,14,0,14,0,14,0,14,0,14,0,14,0,14
25025981000,1400000US25025981000,26,37,14,20,0,14,0,14,0,14,0,14,0,14,0,14,0,14,0,14,14,20,0,14,0,14,0,14,0,14,0,14,0,14,0,14,0,14,0,14,0,14,0,14,0,14,0,14,0,14,12,17,0,14,0,14,0,14,0,14,0,14,0,14,0,14,0,14,12,17,0,14,0,14,0,14,0,14,0,14,0,14,0,14,0,14,0,14,0,14,0,14,0,14,0,14,0,14
25025981100,1400000US25025981100,94,25,78,10,0,14,0,14,0,14,3,5,0,14,0,14,0,14,7,14,6,15,13,21,14,14,4,7,15,28,5,8,7,13,0,14,4,7,0,14,0,14,0,14,0,14,0,14,0,14,16,24,0,14,0,14,0,14,2,4,0,14,0,14,0,14,0,14,0,14,14,24,0,14,0,14,0,14,0,14,0,14,0,14,0,14,0,14,0,14,0,14,0,14,0,14,0,14
25025981201,1400000US25025981201,0,14,0,14,0,14,0,14,0,14,0,14,0,14,0,14,0,14,0,14,0,14,0,14,0,14,0,14,0,14,0,14,0,14,0,14,0,14,0,14,0,14,0,14,0,14,0,14,0,14,0,14,0,14,0,14,0,14,0,14,0,14,0,14,0,14,0,14,0,14,0,14,0,14,0,14,0,14,0,14,0,14,0,14,0,14,0,14,0,14,0,14,0,14,0,14,0,14
25025981202,1400000US25025981202,29,18,29,18,0,14,0,14,0,14,0,14,0,14,9,23,0,14,11,25,9,14,0,14,0,14,0,14,0,14,0,14,0,14,0,14,0,14,0,14,0,14,0,14,0,14,0,14,0,14,0,14,0,14,0,14,0,14,0,14,0,14,0,14,0,14,0,14,0,14,0,14,0,14,0,14,0,14,0,14,0,14,0,14,0,14,0,14,0,14,0,14,0,14,0,14,0,14
25025981300,1400000US25025981300,50,19,19,14,0,14,0,14,0,14,0,14,0,14,0,14,0,14,0,14,0,14,0,14,0,14,0,14,0,14,5,7,5,7,0,14,0,14,0,14,4,6,5,7,0,14,0,14,0,14,31,18,0,14,0,14,0,14,0,14,0,14,0,14,0,14,0,14,4,6,0,14,0,14,0,14,9,13,0,14,5,8,5,7,0,14,0,14,8,9,0,14,0,14,0,14,0,14
25025981501,1400000US25025981501,0,14,0,14,0,14,0,14,0,14,0,14,0,14,0,14,0,14,0,14,0,14,0,14,0,14,0,14,0,14,0,14,0,14,0,14,0,14,0,14,0,14,0,14,0,14,0,14,0,14,0,14,0,14,0,14,0,14,0,14,0,14,0,14,0,14,0,14,0,14,0,14,0,14,0,14,0,14,0,14,0,14,0,14,0,14,0,14,0,14,0,14,0,14,0,14,0,14
25025981502,1400000US25025981502,0,14,0,14,0,14,0,14,0,14,0,14,0,14,0,14,0,14,0,14,0,14,0,14,0,14,0,14,0,14,0,14,0,14,0,14,0,14,0,14,0,14,0,14,0,14,0,14,0,14,0,14,0,14,0,14,0,14,0,14,0,14,0,14,0,14,0,14,0,14,0,14,0,14,0,14,0,14,0,14,0,14,0,14,0,14,0,14,0,14,0,14,0,14,0,14,0,14
25025981600,1400000US25025981600,0,14,0,14,0,14,0,14,0,14,0,14,0,14,0,14,0,14,0,14,0,14,0,14,0,14,0,14,0,14,0,14,0,14,0,14,0,14,0,14,0,14,0,14,0,14,0,14,0,14,0,14,0,14,0,14,0,14,0,14,0,14,0,14,0,14,0,14,0,14,0,14,0,14,0,14,0,14,0,14,0,14,0,14,0,14,0,14,0,14,0,14,0,14,0,14,0,14
25025981700,1400000US25025981700,0,14,0,14,0,14,0,14,0,14,0,14,0,14,0,14,0,14,0,14,0,14,0,14,0,14,0,14,0,14,0,14,0,14,0,14,0,14,0,14,0,14,0,14,0,14,0,14,0,14,0,14,0,14,0,14,0,14,0,14,0,14,0,14,0,14,0,14,0,14,0,14,0,14,0,14,0,14,0,14,0,14,0,14,0,14,0,14,0,14,0,14,0,14,0,14,0,14
25025981800,1400000US25025981800,20,22,16,19,0,14,0,14,0,14,0,14,0,14,0,14,0,14,0,14,0,14,0,14,0,14,0,14,0,14,0,14,0,14,0,14,0,14,0,14,10,16,0,14,6,8,0,14,0,14,4,5,0,14,0,14,0,14,0,14,0,14,0,14,0,14,0,14,0,14,0,14,0,14,0,14,0,14,0,14,0,14,0,14,0,14,0,14,0,14,0,14,4,5,0,14,0,14
25025981900,1400000US25025981900,0,14,0,14,0,14,0,14,0,14,0,14,0,14,0,14,0,14,0,14,0,14,0,14,0,14,0,14,0,14,0,14,0,14,0,14,0,14,0,14,0,14,0,14,0,14,0,14,0,14,0,14,0,14,0,14,0,14,0,14,0,14,0,14,0,14,0,14,0,14,0,14,0,14,0,14,0,14,0,14,0,14,0,14,0,14,0,14,0,14,0,14,0,14,0,14,0,14
25025990101,1400000US25025990101,0,14,0,14,0,14,0,14,0,14,0,14,0,14,0,14,0,14,0,14,0,14,0,14,0,14,0,14,0,14,0,14,0,14,0,14,0,14,0,14,0,14,0,14,0,14,0,14,0,14,0,14,0,14,0,14,0,14,0,14,0,14,0,14,0,14,0,14,0,14,0,14,0,14,0,14,0,14,0,14,0,14,0,14,0,14,0,14,0,14,0,14,0,14,0,14,0,14
25027700100,1400000US25027700100,6415,17,3170,226,147,92,83,75,153,91,153,150,177,95,104,83,33,40,186,90,129,76,122,84,181,105,70,61,157,112,154,91,233,114,251,125,207,122,59,53,67,58,267,168,116,69,95,76,26,41,3245,229,20,36,182,110,337,188,376,230,27,47,1,3,0,19,143,102,120,86,166,120,298,134,145,80,129,84,231,108,268,208,126,92,145,85,28,34,80,67,252,143,53,54,79,68,39,38
25027701101,1400000US25027701101,4813,511,2408,323,125,111,141,62,138,79,68,83,37,45,33,67,9,16,86,69,133,69,113,79,214,93,3,8,197,89,230,97,133,90,180,166,129,64,70,49,36,33,217,112,38,35,59,56,19,25,2405,341,135,56,135,72,111,73,55,52,43,37,17,27,31,49,328,231,40,35,155,55,124,88,157,84,162,109,93,46,217,165,88,53,117,62,36,34,42,35,159,84,60,42,39,49,61,54
25027701102,1400000US25027701102,3881,542,1785,285,45,59,152,101,161,157,118,108,72,70,5,8,0,14,48,47,111,74,233,141,147,129,59,57,93,87,101,76,65,45,41,39,102,73,34,33,83,70,42,38,45,56,19,23,9,15,2096,361,150,100,124,113,220,204,14,25,50,52,50,71,0,14,20,32,175,101,239,119,154,154,123,71,120,69,126,89,61,53,39,36,64,56,64,58,107,99,74,51,59,53,43,32,20,28
25027702201,1400000US25027702201,1460,303,823,248,63,52,99,144,38,23,23,21,7,8,0,14,5,6,65,46,10,9,43,42,49,19,5,9,26,17,52,19,51,18,31,16,80,46,44,23,28,13,65,26,22,12,17,11,0,14,637,90,17,15,16,14,26,17,28,19,0,14,0,14,13,11,35,25,36,20,54,44,53,29,15,12,22,15,43,19,70,42,28,25,55,23,45,24,19,12,43,15,13,10,0,14,6,8
25027702202,1400000US25027702202,1746,261,891,163,46,39,101,36,44,36,46,56,30,33,0,14,19,21,15,17,19,16,47,40,39,34,83,56,63,43,50,36,33,28,24,26,34,22,44,46,25,18,60,47,37,26,4,6,28,45,855,157,22,35,37,26,65,42,25,29,64,54,0,14,1,3,17,18,52,42,26,25,39,34,37,39,54,35,123,86,38,30,98,55,21,22,11,12,12,11,53,56,28,25,24,35,8,12
25027703100,1400000US25027703100,4780,555,2523,312,120,82,181,65,242,154,53,39,74,45,12,17,20,23,106,76,295,115,96,57,128,70,250,125,97,62,116,56,87,53,110,77,36,29,126,78,47,35,166,79,97,59,52,38,12,15,2257,387,136,107,161,135,228,129,79,50,35,31,0,14,25,23,74,65,111,53,122,65,134,57,196,99,202,96,63,48,106,57,62,36,101,76,79,54,73,34,99,50,26,25,64,33,81,42
25027703200,1400000US25027703200,3607,468,1751,279,103,61,129,109,156,85,51,56,24,26,11,17,48,41,37,32,48,37,168,111,128,105,146,69,107,92,127,80,50,35,94,64,75,41,63,49,43,32,64,39,21,23,29,43,29,27,1856,242,164,116,52,54,91,63,34,42,95,87,0,14,53,82,31,32,165,105,114,78,92,59,186,99,99,64,84,90,125,62,57,37,51,33,68,50,100,50,67,37,32,32,66,50,30,30
25027703300,1400000US25027703300,3624,449,1732,241,35,35,180,97,73,56,74,52,17,20,0,14,28,30,7,12,41,47,64,41,122,91,72,52,198,110,49,35,220,96,131,71,86,52,36,45,64,49,128,62,36,27,15,17,56,61,1892,301,51,45,39,44,116,73,72,71,71,62,26,35,0,14,91,91,192,190,27,25,167,98,67,42,152,94,97,60,122,60,33,27,125,63,91,70,97,55,105,66,73,61,16,20,62,58
25027704201,1400000US25027704201,1895,264,938,95,58,23,22,15,38,23,26,18,28,23,7,7,13,16,29,14,40,24,52,21,57,24,49,24,48,29,61,27,165,80,17,10,47,19,45,20,38,17,74,30,18,10,3,4,3,4,957,189,11,10,33,14,100,92,34,25,25,16,4,6,4,5,77,75,26,16,25,14,49,16,49,24,98,57,91,32,91,55,21,15,61,25,28,11,32,17,64,18,16,16,7,7,11,8
25027704202,1400000US25027704202,1185,108,639,69,13,9,39,18,21,12,6,6,19,16,0,14,3,4,18,12,59,14,23,19,18,11,30,24,36,14,10,10,94,32,11,7,50,29,28,13,53,28,54,21,22,11,8,7,24,19,546,67,10,8,28,14,23,12,11,8,7,8,0,14,1,3,12,11,22,15,21,12,29,14,16,14,17,9,55,15,44,17,35,24,42,16,30,13,33,19,48,15,53,38,7,6,2,4
25027705101,1400000US25027705101,3478,495,1663,272,124,73,11,20,71,58,85,57,0,14,15,31,21,23,68,47,61,48,117,69,156,70,131,84,223,189,94,66,99,57,59,50,134,76,23,26,88,64,37,34,29,30,17,19,0,14,1815,313,120,105,88,68,47,43,96,90,100,48,0,14,38,43,35,41,157,74,123,104,111,97,136,79,46,50,148,76,208,99,70,66,58,40,30,31,60,58,59,40,30,30,35,29,20,26
25027705102,1400000US25027705102,4774,496,2540,587,398,350,59,59,274,218,45,36,66,55,0,14,18,21,42,50,152,120,147,75,103,72,202,228,81,60,161,98,237,121,105,103,168,108,27,30,52,40,105,65,38,35,49,44,11,18,2234,288,19,30,159,94,165,106,127,106,0,14,31,37,0,14,35,40,124,85,297,210,146,114,108,60,156,104,146,94,150,105,20,24,47,61,66,46,51,39,157,106,82,68,112,73,36,34
25027706100,1400000US25027706100,4371,30,2293,159,102,66,120,71,12,17,97,57,12,17,21,21,0,14,166,68,120,66,39,28,229,56,143,68,77,44,146,76,233,104,174,82,99,60,52,31,129,63,146,63,50,29,99,83,27,26,2078,156,101,46,158,81,95,74,91,58,110,92,0,14,12,21,74,60,85,61,85,43,224,89,76,45,97,52,177,88,105,59,86,45,108,47,44,43,69,43,175,75,41,36,59,86,6,9
25027707100,1400000US25027707100,4082,405,2038,307,127,146,120,86,174,103,71,70,18,28,0,14,48,56,98,92,133,112,165,125,70,80,60,49,190,104,133,80,112,71,60,45,81,66,36,29,95,62,134,88,71,40,37,36,5,8,2044,202,30,34,26,35,169,62,108,88,55,53,0,14,0,14,143,125,154,116,217,171,77,60,55,44,151,92,68,46,230,111,20,21,81,58,64,38,49,29,187,113,93,48,6,11,61,32
25027707200,1400000US25027707200,1960,381,796,164,0,14,78,59,32,21,34,31,0,14,0,14,0,14,0,14,56,57,134,88,51,44,3,7,0,14,87,66,122,65,14,19,11,17,10,15,15,17,88,46,41,43,15,23,5,9,1164,325,77,106,60,61,69,39,10,14,50,56,79,126,0,14,0,14,102,60,35,35,49,40,55,44,0,14,77,103,88,96,35,40,95,59,8,12,6,10,96,53,34,37,34,24,105,83
25027707300,1400000US25027707300,4026,519,2097,332,181,154,200,88,67,62,36,40,35,35,6,10,0,14,96,77,137,152,179,116,195,110,114,59,79,46,123,69,157,60,33,32,130,95,69,51,65,43,67,42,37,36,23,20,68,48,1929,325,81,69,78,63,171,82,13,20,5,9,0,14,0,14,72,59,214,147,202,111,103,62,94,58,67,59,178,83,251,104,29,31,58,45,9,13,32,31,76,45,108,108,50,36,38,31
25027707400,1400000US25027707400,4788,490,2347,248,72,63,139,99,40,44,31,39,4,9,70,64,0,14,54,53,97,66,127,78,356,135,89,89,141,93,133,87,271,170,52,47,130,77,174,175,155,87,87,54,55,45,27,32,43,50,2441,345,94,93,140,101,122,83,112,99,77,70,0,14,58,59,25,43,108,66,110,77,129,95,195,123,219,106,129,99,181,91,101,82,297,254,71,57,81,61,71,55,37,42,0,14,84,63
25027707500,1400000US25027707500,6292,499,3654,301,98,87,159,79,260,143,51,55,39,52,0,19,0,19,132,72,243,115,316,122,403,206,301,92,237,127,220,107,236,125,90,66,231,148,114,76,138,78,99,63,132,76,99,51,56,54,2638,352,84,101,97,42,138,84,228,124,49,63,0,19,0,19,95,147,78,97,125,96,285,184,236,101,51,50,141,77,199,113,93,60,64,69,91,54,136,89,90,56,53,43,186,99,119,74
25027708100,1400000US25027708100,8374,19,4341,248,172,107,271,149,320,149,437,200,12,19,0,19,55,65,77,67,209,102,166,83,229,123,189,83,294,136,213,112,228,109,138,85,237,143,96,75,244,98,416,206,246,174,77,82,15,23,4033,249,126,84,232,149,148,86,75,65,67,76,0,19,0,19,66,67,120,81,187,85,334,122,243,146,358,184,297,128,250,107,46,44,403,159,111,68,154,90,516,328,167,86,91,82,42,40
25027709100,1400000US25027709100,4796,547,2505,336,199,108,121,64,156,78,105,52,85,77,7,12,46,54,68,63,125,79,217,143,96,52,208,69,100,70,196,109,131,49,67,49,128,78,10,16,165,148,147,100,50,36,69,64,9,13,2291,319,121,96,93,65,144,84,82,61,38,36,0,14,0,14,32,37,205,115,221,93,107,84,129,46,136,75,193,101,153,63,30,25,97,62,58,39,77,65,180,81,79,45,30,26,86,100
25027709201,1400000US25027709201,7577,877,4168,657,301,150,157,107,237,195,91,81,40,53,98,150,48,64,510,416,352,172,152,94,232,142,214,113,177,146,326,170,348,184,65,62,226,172,81,71,150,90,161,126,82,63,65,86,55,42,3409,424,55,57,107,83,137,135,78,63,27,33,45,72,0,19,125,139,286,248,232,117,121,94,87,78,326,164,348,201,354,188,165,114,114,72,157,84,309,182,114,70,46,51,81,66,95,95
25027709203,1400000US25027709203,3163,391,1312,193,0,14,139,101,36,40,16,26,0,14,0,14,0,14,40,40,113,83,14,22,237,133,41,41,125,122,45,42,48,72,0,14,47,45,35,40,33,53,76,58,119,70,69,56,79,80,1851,389,67,79,0,14,158,112,27,33,62,93,0,14,83,118,27,30,174,115,44,67,148,114,56,48,48,50,108,65,84,55,55,45,26,28,0,14,268,344,150,87,56,45,68,47,142,126
25027709204,1400000US25027709204,4435,852,2385,540,170,103,136,135,146,136,156,137,8,14,0,14,8,13,104,77,184,93,215,159,87,80,186,144,62,46,99,66,118,61,31,28,147,86,182,245,49,41,79,53,196,166,11,18,11,19,2050,405,135,80,44,60,57,54,23,25,1,3,39,48,18,23,15,18,104,57,243,116,216,174,100,59,48,34,167,81,100,59,76,61,331,346,20,26,69,41,130,64,64,44,19,30,31,33
25027709400,1400000US25027709400,4181,946,1834,470,92,80,42,39,135,140,29,50,0,14,0,14,9,15,87,93,66,75,59,65,91,74,204,149,159,102,75,91,352,222,138,109,132,105,13,21,0,14,3,6,80,85,66,64,2,6,2347,647,37,54,291,155,256,160,124,147,130,115,32,55,0,14,57,90,35,57,94,95,155,117,232,150,41,55,267,198,50,62,174,133,116,98,44,52,37,52,0,14,21,37,37,53,117,93
25027709501,1400000US25027709501,2601,495,1492,399,55,33,48,30,186,108,76,83,147,99,15,16,21,16,82,49,44,50,71,31,83,43,69,44,30,22,113,100,164,66,46,28,67,36,30,24,30,33,78,45,9,11,8,12,20,19,1109,136,18,21,88,30,29,21,35,25,14,15,14,15,0,14,7,9,19,15,106,41,95,48,87,39,51,29,87,48,187,71,28,21,68,54,13,14,55,46,37,34,10,12,46,43,15,17
25027709502,1400000US25027709502,6200,687,3027,382,169,130,194,89,229,145,100,57,62,76,8,20,0,19,188,95,252,175,90,60,116,80,118,90,190,127,281,180,238,128,99,61,117,61,21,24,161,97,82,54,163,115,26,32,123,120,3173,486,174,127,27,34,215,139,93,84,25,33,0,19,31,49,67,56,166,121,276,153,141,92,120,74,104,64,272,191,421,140,208,132,131,83,50,50,185,119,187,101,122,121,26,26,132,100
25027709600,1400000US25027709600,2707,490,1345,262,195,163,74,95,0,14,0,14,0,14,42,43,0,14,31,43,141,86,109,85,113,88,128,88,42,45,87,58,121,78,0,14,42,38,71,65,44,35,67,50,34,35,4,9,0,14,1362,295,47,48,183,134,42,32,38,31,72,57,0,14,19,25,36,37,48,50,138,100,122,101,63,51,72,44,151,91,86,65,8,14,10,17,17,23,67,64,91,62,28,27,9,14,15,17
25027709701,1400000US25027709701,5703,806,2837,386,80,76,50,43,183,101,93,62,0,19,117,143,28,41,52,51,277,181,131,147,294,193,178,97,135,88,102,91,262,136,47,64,227,125,86,72,197,117,50,56,34,45,116,98,98,73,2866,568,181,161,186,150,268,193,49,78,14,17,14,23,0,19,123,78,274,232,41,43,310,207,94,79,286,202,180,116,108,97,102,97,187,118,22,37,60,65,63,58,57,57,120,80,127,76
25027709702,1400000US25027709702,2546,288,1176,183,69,50,34,34,69,61,55,50,19,23,41,55,14,18,25,33,75,55,115,63,62,36,80,59,94,74,71,45,27,28,49,47,7,11,9,14,77,78,31,26,87,84,22,24,44,44,1370,196,42,48,93,53,69,39,7,14,13,18,0,14,36,49,44,43,63,52,104,49,36,34,109,64,99,59,65,49,83,45,54,61,82,55,30,36,38,35,108,47,90,49,36,23,69,49
25027710100,1400000US25027710100,3189,469,1542,290,33,37,145,92,54,68,61,56,0,14,25,33,0,14,58,39,288,125,158,96,59,71,74,68,92,77,90,68,85,70,114,121,25,24,11,16,80,83,37,46,0,14,42,25,11,15,1647,306,158,132,45,40,36,49,65,76,38,41,10,21,0,14,60,89,65,52,287,157,64,53,121,88,79,74,154,71,106,79,31,38,36,31,11,23,16,19,75,56,84,89,78,57,28,41
25027710200,1400000US25027710200,6765,900,2951,341,233,240,47,67,119,99,153,98,32,46,36,45,18,32,163,124,380,160,136,102,163,91,311,174,133,111,316,193,131,106,76,54,70,55,49,47,111,93,183,84,23,35,0,19,68,54,3814,820,360,215,308,279,232,123,43,50,75,56,7,18,0,19,247,140,447,380,217,140,121,120,130,92,252,119,365,153,183,91,122,75,57,55,91,106,159,85,134,79,60,49,95,62,109,83
25027710300,1400000US25027710300,3604,599,1708,320,16,27,119,94,113,72,57,54,71,123,31,51,12,23,59,41,30,35,172,119,189,121,209,111,51,39,143,96,90,75,50,40,69,48,20,24,17,19,109,66,45,61,10,15,26,24,1896,343,246,103,70,75,193,83,27,43,53,55,42,52,14,23,33,35,36,32,114,71,155,105,137,109,64,45,73,63,218,82,8,12,58,44,52,40,23,24,104,65,134,76,19,22,23,24
25027710400,1400000US25027710400,2404,528,1201,228,93,70,190,129,86,72,7,10,7,11,0,14,13,19,12,16,68,59,89,51,50,26,65,38,46,35,101,46,173,102,7,12,37,24,49,38,20,15,50,21,14,17,13,12,11,17,1203,384,43,29,27,28,38,23,147,117,11,12,0,14,63,84,33,32,85,70,39,28,142,81,78,43,75,33,122,96,83,50,37,22,33,22,14,14,30,20,40,23,10,10,6,9,47,40
25027710500,1400000US25027710500,3409,485,1271,293,97,133,58,60,74,72,80,120,41,62,28,46,0,14,16,26,191,133,80,74,46,52,131,103,135,132,51,50,38,57,29,34,32,29,32,47,61,42,14,25,10,17,23,22,4,7,2138,317,185,158,42,54,113,104,0,14,95,114,0,14,163,127,224,161,93,81,175,118,230,167,157,133,9,16,76,77,139,107,4,7,104,109,11,14,55,38,87,52,58,41,20,20,98,102
25027710601,1400000US25027710601,2899,405,1445,333,40,43,136,63,78,60,38,31,201,204,1,3,15,25,2,6,37,45,168,119,214,169,8,13,41,46,127,73,65,97,41,44,71,87,101,143,17,29,22,27,22,34,0,14,0,14,1454,292,84,65,113,81,88,83,114,100,26,33,0,14,41,49,70,102,186,105,100,75,90,62,106,89,130,132,71,71,77,98,33,38,14,23,14,22,33,30,38,43,26,30,0,14,0,14
25027710602,1400000US25027710602,4508,933,1671,369,103,114,78,58,56,64,19,30,100,73,0,14,0,14,57,61,54,56,111,68,182,115,32,31,375,263,94,57,144,62,50,42,11,19,31,41,58,65,103,88,0,14,13,20,0,14,2837,658,372,274,83,94,137,113,141,106,66,46,0,14,0,14,185,165,100,78,183,108,223,128,71,64,273,239,127,84,231,115,16,23,183,138,11,18,104,84,85,45,142,106,51,43,53,48
25027710700,1400000US25027710700,1655,315,811,192,0,14,100,78,4,6,75,63,10,13,25,25,7,29,13,22,54,42,118,100,41,44,34,37,62,76,22,21,42,37,5,9,125,72,29,27,3,7,12,13,14,27,12,21,4,6,844,194,30,46,67,80,6,11,56,53,32,32,32,32,0,14,0,14,38,36,51,54,154,76,41,32,6,9,22,28,105,92,32,32,91,90,20,31,11,34,4,6,24,22,11,17,11,12
25027710800,1400000US25027710800,5052,768,2548,654,106,87,39,45,114,64,107,61,251,124,32,27,77,41,100,88,348,215,63,44,104,83,94,56,197,219,252,208,59,54,103,74,234,175,122,78,42,40,47,39,20,26,37,30,0,19,2504,452,81,71,122,71,68,61,97,72,321,94,74,55,157,158,257,209,107,83,265,131,145,69,59,40,21,23,118,69,173,105,90,64,96,72,39,42,71,57,55,43,40,37,16,18,32,31
25027711000,1400000US25027711000,3414,568,1448,274,73,74,125,94,57,42,58,53,99,88,77,79,0,14,36,37,33,41,268,186,75,76,109,81,71,61,88,51,7,12,0,14,122,95,0,14,30,25,85,52,28,25,7,13,0,14,1966,403,191,159,200,129,68,47,129,104,90,68,16,23,41,55,127,95,68,47,263,145,85,77,129,92,8,14,179,105,30,27,28,25,61,55,29,33,73,78,117,74,30,30,0,14,4,10
25027711100,1400000US25027711100,4899,576,2541,366,58,37,235,111,140,65,71,59,99,48,173,159,85,45,56,35,59,49,219,84,222,188,100,60,156,76,132,104,45,30,95,58,52,35,100,58,107,66,75,39,92,72,106,53,64,37,2358,325,31,30,136,69,39,32,32,29,226,98,51,33,81,66,98,76,76,50,230,78,63,58,58,35,155,117,132,146,157,60,131,76,138,71,108,69,33,30,80,49,104,53,47,38,152,62
25027712101,1400000US25027712101,7932,490,4032,399,289,134,299,165,133,75,155,96,29,36,82,138,0,19,17,23,240,128,218,163,465,171,239,103,235,134,168,122,242,106,138,119,364,181,148,122,58,45,240,157,150,90,109,66,14,23,3900,325,239,100,204,87,141,75,161,111,14,22,19,30,20,34,152,148,137,68,322,171,355,115,241,162,360,177,208,160,269,144,134,102,238,110,124,92,108,61,151,81,114,86,100,60,89,73
25027712102,1400000US25027712102,3970,490,2080,227,75,40,140,54,112,63,90,51,44,36,0,14,22,22,86,83,66,44,74,43,143,66,112,56,205,97,104,60,146,61,66,40,179,90,88,53,33,25,138,67,99,55,45,30,13,16,1890,320,37,30,209,79,125,78,101,111,46,39,24,25,13,19,35,34,54,39,88,80,181,69,209,107,77,40,114,56,145,75,48,30,72,37,27,22,50,34,108,40,86,45,28,17,13,15
25027713100,1400000US25027713100,8606,19,4711,283,189,87,285,96,225,116,227,152,113,118,17,20,37,44,256,131,270,90,395,113,421,124,247,123,265,163,438,252,337,164,139,131,174,95,46,49,108,85,201,101,153,132,49,36,119,88,3895,286,103,72,217,205,234,98,170,85,20,28,152,160,32,51,24,40,98,74,202,95,361,166,336,152,206,104,205,95,301,153,82,72,113,67,92,70,250,163,309,163,178,108,97,61,113,90
25027715100,1400000US25027715100,5737,23,2829,171,177,71,217,95,231,70,103,49,56,43,0,19,16,20,60,34,134,83,135,58,221,76,137,60,192,62,258,103,262,115,117,62,125,56,69,60,80,41,128,45,74,44,25,25,12,19,2908,172,193,90,240,118,207,65,69,52,83,56,6,11,41,36,52,35,158,132,141,64,194,69,205,85,207,84,202,77,254,69,55,37,90,43,111,103,84,48,202,85,55,33,19,20,40,33
25027716101,1400000US25027716101,3728,465,1897,350,194,83,88,50,76,58,40,34,122,96,5,8,6,11,22,25,71,44,186,69,67,53,58,51,137,99,64,39,98,57,36,35,57,49,78,51,297,332,110,78,24,22,20,23,41,40,1831,324,163,94,172,151,18,26,55,50,23,29,10,17,0,14,0,14,142,76,110,55,115,60,84,81,109,63,103,57,247,125,101,80,75,48,80,49,24,20,51,30,59,44,47,40,43,45
25027716102,1400000US25027716102,5034,601,2445,340,92,76,147,83,115,70,132,95,168,146,29,47,27,23,71,68,274,145,145,64,247,185,79,59,126,113,208,98,70,55,62,50,123,82,91,86,86,68,106,76,13,17,34,37,0,19,2589,383,92,82,93,51,81,63,246,121,80,80,0,19,80,119,34,55,280,111,163,73,330,175,148,89,181,131,104,72,172,110,104,72,140,81,54,50,64,67,73,55,50,54,20,30,0,19
25027716200,1400000US25027716200,3104,463,1438,243,55,46,0,14,15,26,96,61,50,59,67,66,0,14,30,41,308,151,93,50,54,38,75,50,144,100,98,80,139,60,16,18,30,28,100,76,35,35,8,11,8,13,0,14,17,19,1666,402,55,49,65,48,95,71,66,67,69,87,76,119,8,12,174,121,68,57,121,61,26,28,115,68,130,81,138,118,192,104,26,34,100,77,10,15,7,11,86,80,25,22,0,14,14,17
25027716300,1400000US25027716300,3697,469,1993,393,105,86,45,45,18,25,75,60,58,33,0,14,7,12,153,150,238,90,194,109,127,88,215,179,58,50,236,104,91,58,57,40,124,82,39,30,48,49,50,41,28,24,12,17,15,25,1704,220,106,73,16,27,80,50,76,40,31,46,11,17,21,26,32,30,230,97,160,91,75,58,80,56,137,62,95,50,151,72,25,23,93,65,36,30,76,77,36,27,84,47,9,14,44,36
25027717100,1400000US25027717100,3378,15,1707,163,28,32,78,49,158,88,69,76,6,13,0,14,0,14,28,34,121,66,120,64,77,50,219,82,55,50,96,71,135,78,52,38,17,19,97,65,63,51,116,82,105,59,61,41,6,11,1671,162,18,31,45,44,25,32,32,47,0,14,69,88,28,27,10,18,87,55,116,57,169,97,38,37,111,70,86,56,131,57,69,48,68,41,50,36,84,46,115,59,147,62,71,42,102,93
25027718100,1400000US25027718100,4948,30,2511,106,249,108,169,73,89,61,58,43,15,16,17,19,0,14,13,21,170,107,118,58,159,68,182,79,221,104,107,46,161,62,138,91,154,72,41,28,111,80,169,62,59,40,88,61,23,27,2437,106,82,46,101,52,107,67,37,27,37,31,0,14,0,14,48,36,137,84,141,70,196,88,154,91,171,74,332,116,144,66,32,29,121,56,152,91,148,86,143,56,92,54,27,25,35,29
25027719100,1400000US25027719100,8183,23,4048,301,160,97,130,89,441,211,190,130,24,34,67,61,10,17,51,48,132,105,265,123,247,112,172,97,136,87,398,148,402,179,128,79,147,97,73,53,267,132,295,123,171,96,115,113,27,38,4135,304,166,97,229,102,102,82,107,70,35,43,20,30,22,36,96,75,99,77,195,92,254,98,172,87,315,171,396,135,676,380,109,71,213,79,106,89,177,104,283,107,236,115,94,58,33,31
25027720100,1400000US25027720100,3529,30,1792,123,45,33,155,73,104,71,38,36,22,25,11,15,6,11,103,68,100,75,129,76,75,55,90,53,43,37,195,65,171,76,31,27,92,55,30,22,123,57,123,46,49,29,49,45,8,14,1737,125,129,69,105,71,165,53,43,37,11,15,12,18,0,14,32,29,19,22,127,77,127,74,45,34,141,52,181,80,113,49,40,28,93,44,55,29,99,48,100,48,43,26,36,26,21,21
25027721101,1400000US25027721101,1639,126,819,75,46,20,43,19,61,24,14,11,24,17,3,6,13,11,7,7,44,19,58,20,75,26,24,15,27,15,58,23,71,21,42,27,40,17,27,12,33,13,69,21,33,15,4,5,3,5,820,84,44,21,39,24,30,23,22,12,22,22,23,24,8,8,14,11,17,12,59,20,36,18,40,16,46,19,76,28,54,19,31,15,78,29,15,8,56,20,58,17,28,12,7,6,17,12
25027721103,1400000US25027721103,5787,559,3103,638,85,59,159,81,469,337,364,242,23,28,91,89,40,64,98,104,41,35,148,82,202,94,166,90,93,78,654,354,134,60,12,20,61,50,58,57,53,39,74,47,54,50,9,15,15,24,2684,246,153,74,270,163,178,87,130,71,65,54,58,67,11,19,40,36,77,67,171,69,194,96,91,53,378,251,251,142,188,103,25,23,69,74,59,45,133,75,44,35,31,32,42,55,26,30
25027721104,1400000US25027721104,3566,561,1700,287,70,61,95,77,139,68,43,36,25,26,0,14,0,14,57,50,23,26,155,111,74,59,107,64,95,65,181,83,85,47,137,78,29,24,66,60,73,70,89,55,77,46,36,26,44,45,1866,347,42,44,117,66,94,79,62,42,81,78,50,64,29,26,66,65,66,55,104,70,40,40,172,77,131,68,76,52,201,116,59,41,81,75,52,37,48,39,93,51,72,47,49,44,81,78
25027722100,1400000US25027722100,5572,18,2704,310,112,76,58,79,264,217,46,44,43,47,23,29,0,19,1,4,384,219,312,133,120,88,46,60,73,54,252,146,222,130,124,101,160,158,91,107,120,122,124,84,84,106,45,48,0,19,2868,311,67,76,89,112,171,87,73,70,142,136,0,19,98,93,157,125,206,152,113,108,152,73,123,107,206,118,265,126,118,65,58,46,238,167,43,49,90,94,243,127,97,127,70,71,49,49
25027723100,1400000US25027723100,3657,155,1805,141,70,42,143,94,114,54,132,82,71,43,23,33,13,12,37,29,53,28,70,35,138,75,71,36,117,48,102,44,38,20,84,47,123,47,56,31,94,29,103,36,94,54,50,34,9,8,1852,135,34,21,113,50,59,31,80,30,18,14,29,27,0,14,82,65,74,43,98,41,147,117,99,41,178,71,110,48,159,51,28,17,91,37,73,27,126,48,132,83,57,35,28,19,37,34
25027724100,1400000US25027724100,3859,22,1832,160,78,78,49,43,91,62,92,64,0,14,0,14,0,14,12,19,101,69,70,48,111,69,39,30,64,44,182,126,177,123,34,26,83,62,96,58,118,66,210,106,109,53,76,65,40,31,2027,157,58,39,40,41,56,37,39,38,32,39,0,14,0,14,11,18,110,56,117,66,158,85,43,33,44,38,161,148,154,96,94,79,172,80,123,94,62,42,194,78,96,48,151,91,112,45
25027725100,1400000US25027725100,4760,27,2553,136,142,101,45,46,130,77,139,90,49,31,37,43,67,60,97,70,171,69,170,101,117,77,193,96,76,69,133,83,181,91,83,76,345,283,28,27,68,54,178,68,19,19,36,35,49,40,2207,141,64,56,95,66,147,72,41,32,36,43,34,38,22,35,99,73,106,66,60,45,236,80,79,65,82,53,156,80,257,119,86,61,96,50,100,60,52,38,117,60,35,34,173,185,34,31
25027726100,1400000US25027726100,6347,551,3128,343,176,91,116,92,292,168,44,48,16,24,15,23,52,81,96,65,22,36,141,80,199,111,439,204,92,76,166,100,193,133,38,33,119,67,239,144,108,72,224,79,207,186,108,79,26,35,3219,447,269,174,184,195,151,118,62,91,0,19,0,19,33,36,109,75,36,32,183,110,394,248,229,157,58,54,203,103,253,135,79,62,243,132,117,78,233,110,136,90,166,99,29,34,52,60
25027726200,1400000US25027726200,5661,550,2950,429,43,64,13,20,88,100,121,127,61,75,0,19,50,80,305,228,150,92,131,96,111,110,251,123,183,144,113,110,252,136,78,71,170,165,203,194,71,60,342,228,17,28,100,85,97,150,2711,411,61,67,167,168,92,124,95,91,0,19,0,19,14,23,58,57,101,110,193,149,122,129,99,81,156,149,108,77,237,148,57,55,502,335,18,28,51,46,175,123,224,121,79,65,102,112
25027727100,1400000US25027727100,5002,20,2591,170,123,81,56,35,252,109,83,47,145,78,68,53,67,47,108,53,201,149,121,98,97,56,172,67,121,46,98,62,278,97,48,42,121,98,50,37,94,53,115,58,81,62,28,26,64,43,2411,171,77,62,83,50,137,54,61,43,136,64,71,42,74,44,130,68,65,47,78,59,95,44,188,72,163,77,217,94,135,53,17,23,196,97,65,44,74,45,206,77,62,61,51,28,30,33
25027728100,1400000US25027728100,5577,390,2787,268,220,90,122,105,288,173,65,48,56,59,60,49,9,14,90,71,110,88,87,78,211,103,184,83,186,113,215,120,224,135,36,39,85,73,89,84,68,63,131,62,174,106,32,29,45,53,2790,236,237,94,241,119,133,97,153,98,27,24,0,19,0,19,25,39,91,69,157,75,158,89,181,126,271,132,212,134,186,128,95,63,92,68,136,93,48,49,117,67,89,49,63,46,78,63
25027728200,1400000US25027728200,4057,368,2036,277,185,159,121,69,169,78,74,48,6,10,19,28,0,14,24,23,159,148,119,73,103,51,169,68,105,53,48,34,202,78,11,13,121,54,33,26,83,45,103,45,96,73,40,29,46,47,2021,213,64,44,157,87,147,83,57,36,0,14,58,51,12,17,76,42,43,41,195,98,68,51,145,55,135,45,122,62,117,51,34,30,121,73,104,51,107,66,56,31,103,72,23,20,77,46
25027728300,1400000US25027728300,4852,350,2401,252,130,69,120,65,182,86,168,90,53,49,33,32,0,14,112,87,66,54,88,47,100,63,258,128,120,60,182,62,192,72,73,54,83,42,103,60,93,51,95,47,59,38,49,35,42,28,2451,222,130,66,159,95,116,61,81,42,35,27,42,44,13,16,40,36,39,33,158,75,146,69,139,68,174,76,107,58,240,72,122,68,104,60,51,42,26,24,193,70,112,56,121,58,103,57
25027728400,1400000US25027728400,5578,446,2865,249,228,62,229,81,241,83,105,72,75,57,17,21,0,19,154,93,140,76,235,87,192,90,228,84,132,53,168,77,161,74,135,76,94,62,65,42,72,51,72,43,62,45,28,27,32,28,2713,309,129,68,182,96,237,105,127,66,51,41,21,30,69,91,30,36,174,83,173,59,192,78,225,87,214,62,79,56,195,74,71,44,117,68,50,36,128,89,83,47,115,46,24,28,27,25
25027729100,1400000US25027729100,4918,263,2581,187,57,43,144,87,63,51,31,33,7,12,36,28,27,23,80,57,229,73,279,98,219,72,240,90,193,80,144,57,112,54,131,81,89,46,100,59,40,24,158,74,77,37,55,37,70,55,2337,269,119,73,80,42,209,193,34,27,0,14,7,12,1,4,12,18,128,63,80,43,110,71,245,122,81,67,78,44,204,94,111,59,117,51,73,40,107,48,151,61,92,44,88,50,210,126
25027729200,1400000US25027729200,2864,258,1454,168,69,62,126,72,40,36,97,89,0,14,23,23,0,14,56,57,55,46,69,42,57,42,104,51,117,50,63,46,102,70,36,31,61,62,48,35,128,68,107,75,77,92,8,14,11,16,1410,157,23,21,18,25,102,57,53,31,32,29,0,14,10,15,66,48,136,72,72,48,118,48,63,41,64,40,67,36,61,38,41,34,80,51,70,43,66,55,114,78,97,106,34,42,23,27
25027730100,1400000US25027730100,7100,725,3659,578,212,94,263,97,192,165,158,119,167,100,68,71,46,53,123,96,217,126,388,218,290,142,201,143,398,185,228,119,223,123,74,67,100,72,56,49,71,61,71,55,51,45,21,35,41,30,3441,403,140,92,80,63,216,149,158,106,130,105,85,132,0,19,49,82,90,79,246,119,306,70,114,72,532,224,263,149,200,116,110,89,113,135,23,29,241,109,122,78,99,84,57,55,67,54
25027730200,1400000US25027730200,6839,668,2859,399,107,102,171,110,130,98,102,82,79,69,0,19,58,62,45,48,247,123,181,126,235,126,195,124,258,127,113,87,293,135,71,64,98,80,12,21,119,68,86,85,102,73,59,52,98,71,3980,495,127,88,434,175,109,84,45,50,68,59,10,43,56,59,144,134,386,189,217,132,221,110,327,164,190,91,92,82,547,258,48,51,82,61,20,33,138,89,499,171,132,76,32,40,56,46
25027730300,1400000US25027730300,5283,669,2694,415,146,148,42,57,82,87,140,109,13,42,0,19,42,60,122,91,395,271,328,95,112,94,125,101,156,130,244,96,114,69,139,134,195,89,75,61,88,70,104,56,25,28,5,6,2,6,2589,331,11,31,248,152,152,100,0,19,64,84,20,49,10,52,89,68,149,102,403,229,207,121,70,52,214,150,129,116,190,94,29,54,145,93,38,39,98,61,132,96,41,40,51,66,99,67
25027730401,1400000US25027730401,6309,752,2732,405,211,147,113,92,234,122,50,90,81,77,11,20,18,36,102,83,94,61,277,200,187,103,78,92,137,103,78,67,433,259,129,121,57,67,52,48,83,62,135,115,144,100,22,27,6,10,3577,617,130,117,265,164,235,146,106,106,46,51,165,136,22,29,140,139,253,141,241,125,121,110,275,175,300,146,55,63,145,87,153,137,109,107,97,70,194,149,270,262,114,89,25,38,116,64
25027730402,1400000US25027730402,2053,233,1164,197,130,75,43,35,45,38,59,34,38,31,53,52,9,13,31,35,88,57,133,100,74,44,68,43,82,50,116,55,46,41,8,10,16,15,17,18,0,14,63,32,36,25,9,12,0,14,889,142,78,53,49,40,42,31,53,18,18,19,0,14,25,34,31,27,92,36,19,26,138,61,74,37,62,37,40,32,20,21,0,14,31,20,19,22,47,37,19,18,23,25,0,14,9,12
25027730500,1400000US25027730500,4255,591,1938,348,110,72,131,92,76,66,112,87,57,42,73,74,17,21,116,89,232,114,177,94,99,69,106,75,132,88,226,154,111,80,11,17,27,29,17,20,27,24,42,32,16,24,23,34,0,14,2317,373,243,156,283,163,162,114,58,55,88,86,174,90,35,50,88,74,194,128,189,96,273,89,14,20,75,73,101,68,121,83,29,41,82,70,62,48,4,6,0,14,0,14,19,21,23,26
25027730600,1400000US25027730600,9172,1082,4025,621,91,118,242,200,202,193,111,76,415,157,208,78,116,69,306,119,195,95,286,114,136,91,163,145,129,98,317,290,284,116,104,77,160,78,103,70,61,56,149,113,77,68,105,79,65,53,5147,636,271,217,82,74,178,81,138,112,574,141,201,82,145,80,183,90,325,161,273,124,110,93,235,201,237,114,173,92,334,101,76,66,148,79,116,67,254,156,142,83,135,73,332,183,485,302
25027730700,1400000US25027730700,7617,899,3967,507,229,121,77,66,308,124,158,104,235,205,0,19,20,34,202,129,369,155,155,115,269,110,297,240,334,128,123,89,258,149,159,131,172,108,191,108,189,126,117,82,41,38,45,42,19,16,3650,550,182,124,116,80,309,260,245,197,20,32,15,28,45,66,58,54,130,89,146,96,392,156,150,79,326,150,213,96,169,102,137,102,344,159,156,92,111,78,97,76,51,43,124,62,114,71
25027730801,1400000US25027730801,3795,498,1904,302,29,24,93,55,74,45,110,76,123,72,21,24,12,12,12,14,47,57,78,42,157,88,89,57,120,52,223,99,153,95,91,124,34,26,66,46,112,69,82,42,62,38,13,14,103,87,1891,281,70,53,59,34,116,47,61,44,26,31,0,14,46,69,12,19,104,78,103,57,135,76,117,58,144,90,170,78,136,103,54,46,58,30,88,75,84,38,101,49,118,59,61,60,28,26
25027730802,1400000US25027730802,2247,442,1219,341,85,43,39,33,111,132,39,29,18,18,83,89,15,18,60,43,48,36,51,32,67,57,168,111,66,44,72,36,103,56,51,36,29,22,10,13,16,13,49,24,32,21,0,14,7,10,1028,161,14,15,12,12,72,40,58,32,23,20,20,21,70,73,15,18,81,37,37,25,60,35,120,86,39,25,104,40,91,51,44,33,12,13,10,11,16,14,45,20,44,23,8,9,33,28
25027730901,1400000US25027730901,4173,732,2000,452,117,94,136,120,112,79,98,58,13,20,57,44,32,46,66,67,72,49,154,82,229,258,122,71,103,52,71,45,220,117,22,25,40,26,32,27,87,83,86,55,47,28,49,54,35,32,2173,348,90,88,86,76,120,62,40,37,26,31,27,30,52,60,139,107,186,90,92,52,124,82,199,211,155,82,206,106,72,49,33,31,81,72,66,57,41,33,114,62,19,19,34,35,171,88
25027730902,1400000US25027730902,4149,359,1749,191,69,73,86,38,93,68,48,27,292,101,185,99,49,31,123,75,20,22,74,56,32,33,66,43,74,56,58,48,95,61,12,17,68,48,35,32,83,57,79,40,36,27,43,60,29,28,2400,282,6,11,5,11,65,51,75,75,577,157,220,89,227,89,147,72,70,65,52,37,105,51,99,56,83,63,78,59,96,53,83,63,88,53,70,49,71,43,44,27,36,27,44,61,59,37
25027731001,1400000US25027731001,2838,518,1355,320,186,67,71,52,0,14,26,35,0,14,0,14,0,14,35,38,25,24,266,131,200,145,41,34,99,113,15,24,148,65,47,43,53,34,11,16,43,31,35,24,17,16,31,31,6,8,1483,287,21,31,45,36,22,25,15,24,2,5,1,9,3,14,40,26,291,150,113,56,87,47,81,96,149,125,119,66,148,89,18,18,54,30,35,30,20,26,40,24,75,52,37,26,67,49
25027731002,1400000US25027731002,6416,789,3016,464,146,110,261,131,209,150,66,50,146,137,74,67,0,19,225,173,36,41,273,157,113,93,185,141,367,218,152,105,120,91,28,31,146,112,32,51,59,53,218,128,45,40,104,58,11,21,3400,492,266,170,244,138,244,138,70,66,83,75,90,138,0,19,136,136,100,102,233,124,102,65,146,80,253,141,82,85,206,113,328,236,197,116,152,77,54,64,139,80,151,114,37,38,87,72
25027731101,1400000US25027731101,3893,553,1907,331,138,119,127,82,119,86,15,24,47,50,37,47,33,43,39,37,93,89,211,110,139,120,246,133,136,87,136,77,128,90,29,31,33,31,43,32,15,17,68,54,24,23,7,11,44,35,1986,390,125,97,62,51,203,105,9,15,50,58,25,41,19,28,63,41,165,116,133,78,156,82,135,69,64,49,100,70,97,56,68,75,137,89,29,30,37,29,107,56,46,28,79,86,77,81
25027731102,1400000US25027731102,3610,721,1856,454,44,41,37,40,201,185,203,161,45,50,11,17,0,14,178,78,201,121,123,85,101,78,103,77,65,50,129,81,44,51,155,202,67,55,60,90,41,31,38,34,10,16,0,14,0,14,1754,390,91,86,54,68,0,14,74,64,23,33,40,62,56,64,50,58,196,116,265,144,40,45,226,151,109,65,172,134,10,15,19,21,189,206,31,30,18,20,61,99,21,25,9,14,0,14
25027731202,1400000US25027731202,1644,16,751,114,0,14,0,14,0,14,13,20,462,102,164,76,60,41,52,28,0,14,0,14,0,14,0,14,0,14,0,14,0,14,0,14,0,14,0,14,0,14,0,14,0,14,0,14,0,14,893,115,0,14,0,14,0,14,0,14,593,110,199,74,50,35,44,31,7,14,0,14,0,14,0,14,0,14,0,14,0,14,0,14,0,14,0,14,0,14,0,14,0,14,0,14,0,14
25027731203,1400000US25027731203,6651,992,3416,625,322,168,264,196,103,141,38,33,173,107,217,106,292,241,332,229,312,204,258,204,206,147,65,75,51,73,69,70,124,161,97,98,134,122,42,46,26,25,173,78,51,70,27,31,40,63,3235,578,137,107,65,51,156,181,48,58,99,46,146,127,643,287,226,206,355,213,117,120,109,94,234,161,45,57,15,24,147,166,87,81,167,131,0,19,45,50,334,122,18,34,42,46,0,19
25027731204,1400000US25027731204,2531,479,1122,231,119,61,47,36,20,17,55,44,17,21,0,14,15,18,132,129,86,56,99,58,97,87,13,14,102,64,108,79,93,56,36,35,45,44,19,31,0,14,19,28,0,14,0,14,0,14,1409,361,76,86,77,73,21,19,57,39,0,14,37,43,0,14,244,159,184,97,114,55,48,46,60,49,87,77,143,69,74,45,0,14,90,76,20,28,31,31,0,14,19,30,22,23,5,7
25027731300,1400000US25027731300,5121,683,2594,463,188,91,256,127,166,99,110,87,26,28,82,66,31,36,175,115,237,120,482,250,175,90,96,60,104,69,59,53,98,79,16,21,100,72,0,19,75,72,25,31,20,29,0,19,73,80,2527,381,183,87,165,98,114,58,157,112,58,74,66,67,30,30,107,77,366,142,346,143,158,89,91,55,112,69,89,74,147,94,11,17,50,62,17,23,34,28,53,73,21,26,112,85,40,41
25027731400,1400000US25027731400,4872,617,2512,399,404,181,38,42,155,124,56,61,67,67,0,14,0,14,25,36,460,255,129,118,151,145,146,111,181,122,218,171,126,149,95,70,41,57,11,20,27,43,108,92,0,14,41,39,33,43,2360,435,259,146,196,122,84,77,20,38,47,60,53,54,0,14,110,117,163,125,107,76,235,125,212,110,92,104,222,202,137,108,28,39,212,124,79,72,0,14,23,31,33,44,0,14,48,62
25027731500,1400000US25027731500,5289,796,2554,588,66,65,201,94,147,100,38,47,15,24,52,45,38,49,333,292,250,166,184,129,261,204,143,85,88,60,96,92,152,126,0,19,113,109,51,72,170,149,120,69,22,36,14,21,0,19,2735,521,145,98,339,146,107,74,122,82,56,65,150,161,0,19,125,102,178,141,213,115,214,119,322,162,166,116,130,141,110,58,43,56,0,19,32,35,107,96,96,72,47,53,19,34,14,24
25027731601,1400000US25027731601,3967,716,2191,635,37,57,26,51,7,10,10,16,55,42,89,95,159,192,372,259,272,207,124,112,101,113,163,131,39,61,67,87,176,127,65,59,199,174,68,76,12,10,34,31,18,25,11,20,87,88,1776,471,0,14,0,14,83,104,13,22,121,100,36,39,135,169,211,136,401,230,61,64,30,45,139,108,147,106,86,108,80,58,14,20,73,92,3,5,68,89,39,64,25,46,11,20,0,14
25027731602,1400000US25027731602,3096,211,1905,219,0,14,6,11,0,14,25,33,861,156,385,127,294,90,174,71,62,50,12,18,26,28,6,10,0,14,25,29,4,6,4,6,0,14,4,6,0,14,0,14,12,24,5,7,0,14,1191,184,0,14,0,14,0,14,29,46,549,116,215,86,149,101,75,52,19,23,59,69,7,10,6,10,22,26,0,14,4,6,4,7,0,14,0,14,0,14,47,58,0,14,6,9,0,14
25027731700,1400000US25027731700,4003,690,2176,554,126,165,131,165,30,39,19,28,11,21,21,26,0,14,237,137,547,233,293,172,91,86,88,67,56,51,149,80,169,82,88,92,24,26,27,44,24,46,0,14,14,15,20,23,11,21,1827,289,21,34,17,29,36,45,27,31,65,59,15,26,14,22,371,160,336,189,171,100,159,97,39,46,16,22,172,87,57,69,44,52,0,14,9,14,81,124,99,58,26,18,8,13,44,22
25027731801,1400000US25027731801,3030,436,1760,307,0,14,156,44,125,70,73,77,59,44,45,60,0,14,55,63,170,110,82,67,97,56,195,192,152,98,15,21,63,59,0,14,17,28,0,14,53,46,109,96,270,158,18,20,6,10,1270,254,0,14,0,14,0,14,45,69,0,14,0,14,41,35,62,61,146,104,39,43,34,35,155,85,31,45,77,79,84,45,0,14,93,72,25,27,153,121,167,101,20,37,62,45,36,44
25027731802,1400000US25027731802,4381,597,2087,401,158,105,70,74,83,96,263,179,81,87,0,14,23,26,100,84,139,120,346,187,230,217,160,122,38,54,56,65,50,77,28,44,16,25,33,38,37,46,158,111,0,14,18,28,0,14,2294,392,108,86,202,141,311,146,82,101,32,53,33,55,55,66,200,182,204,113,102,99,263,125,23,29,131,95,63,74,116,83,12,19,86,77,0,14,12,19,108,94,39,33,29,38,83,84
25027731900,1400000US25027731900,6407,902,3260,666,250,170,352,270,313,248,226,244,38,45,40,55,0,19,58,81,367,184,397,222,241,155,214,140,180,116,202,137,43,51,18,25,90,96,78,106,0,19,59,67,33,42,20,24,41,67,3147,511,220,149,429,225,300,204,60,60,0,19,47,85,0,19,175,135,405,254,445,219,220,199,119,90,111,78,107,94,105,90,8,12,85,108,77,92,10,17,93,71,98,85,0,19,33,36
25027732001,1400000US25027732001,3498,518,1551,341,355,120,215,109,191,99,142,137,79,46,11,16,11,21,80,61,139,83,102,93,0,14,66,62,65,60,45,35,0,14,6,15,0,14,0,14,15,23,0,14,12,19,8,14,9,13,1947,304,119,66,139,73,308,159,59,53,48,50,31,36,21,26,107,92,228,138,128,63,219,121,215,102,48,41,102,66,57,57,35,45,38,31,6,13,21,26,0,14,0,14,18,19,0,14
25027732002,1400000US25027732002,4733,633,2373,457,19,23,132,109,89,137,32,34,49,76,0,14,53,61,154,99,274,174,351,124,164,85,120,110,200,138,94,139,167,89,13,21,40,37,20,32,105,68,64,64,57,42,70,74,106,59,2360,329,90,56,208,129,30,33,40,41,2,7,0,14,20,32,174,94,411,155,260,106,51,66,111,68,79,47,40,40,192,89,49,40,49,33,48,45,59,51,86,53,29,29,39,33,293,125
25027732201,1400000US25027732201,3062,423,1624,298,34,33,76,71,77,66,72,83,25,47,6,12,0,14,31,38,199,104,122,81,64,43,203,222,127,87,61,49,105,76,45,56,78,78,58,51,81,85,20,15,45,36,11,17,84,91,1438,280,0,14,22,24,0,14,80,82,7,12,0,14,0,14,101,96,289,145,147,103,34,31,53,55,115,93,99,61,108,69,51,69,11,19,78,60,43,35,82,51,62,48,29,31,27,21
25027732202,1400000US25027732202,3823,701,1805,483,242,142,109,88,0,14,0,14,35,54,83,114,21,51,165,123,105,99,166,100,112,76,63,68,57,63,140,97,282,300,62,45,25,30,26,30,0,14,69,51,22,29,21,26,0,14,2018,301,91,66,129,95,205,206,0,14,0,14,57,68,0,14,54,47,251,132,90,56,200,94,159,124,36,53,127,105,81,51,31,33,86,84,25,28,104,56,166,77,59,54,52,47,15,24
25027732203,1400000US25027732203,3318,405,1635,260,77,55,117,83,61,38,41,55,49,80,0,14,21,35,98,85,249,165,202,97,137,75,15,27,83,52,110,74,40,38,0,14,54,35,41,40,78,39,6,10,5,14,42,29,109,131,1683,252,113,83,41,43,75,44,25,36,0,14,0,14,29,38,112,90,169,78,237,109,206,141,120,67,74,64,105,101,51,52,33,39,44,39,65,43,0,14,20,25,20,29,38,44,106,122
25027732301,1400000US25027732301,4443,829,2223,517,198,161,41,48,167,119,124,78,5,10,28,47,0,14,21,32,355,274,112,96,82,69,261,129,146,124,14,22,264,149,21,26,57,81,83,66,88,54,24,24,93,61,4,9,35,35,2220,463,121,141,113,99,61,76,91,83,27,38,16,31,0,14,0,14,296,188,71,59,284,194,184,98,139,91,157,69,137,118,41,42,157,99,57,49,71,64,105,59,61,46,5,9,26,31
25027732302,1400000US25027732302,4542,584,2078,303,139,97,179,77,216,112,63,72,0,14,0,14,0,14,98,104,114,72,316,133,186,109,127,92,199,124,58,42,53,55,76,65,83,61,44,75,48,44,42,44,13,21,24,25,0,14,2464,361,145,84,164,91,185,129,31,42,116,77,55,53,44,49,38,41,175,106,317,117,205,103,150,77,76,111,95,71,137,79,158,119,110,54,87,49,36,39,33,31,24,25,25,31,58,41
25027732400,1400000US25027732400,7518,1265,4185,956,494,309,104,101,455,202,50,53,74,79,83,103,2,25,228,208,278,134,288,260,365,259,373,241,153,153,309,193,323,180,137,137,290,206,8,17,53,62,86,98,18,25,12,16,2,6,3333,671,358,320,267,193,415,241,46,64,72,64,19,34,41,60,44,65,307,200,418,245,195,182,108,124,127,98,262,160,149,111,81,121,59,61,0,19,47,51,96,94,7,19,67,65,148,106
25027732500,1400000US25027732500,1940,254,1078,176,94,73,59,39,43,49,101,78,11,20,40,31,11,20,12,26,70,54,151,91,166,102,47,42,51,50,80,66,43,36,3,4,27,33,18,19,26,30,0,14,20,22,5,11,0,14,862,153,46,54,36,29,17,21,14,21,11,25,18,28,0,14,57,43,56,44,108,59,91,61,45,45,51,48,62,60,94,60,20,31,26,31,6,9,0,14,53,58,17,21,32,49,2,7
25027732600,1400000US25027732600,5322,612,2502,404,297,188,75,100,208,122,3,6,133,109,7,22,98,91,33,49,155,112,285,101,133,105,124,106,180,124,315,225,247,152,38,61,25,32,68,89,12,23,0,19,38,48,28,41,0,19,2820,468,155,138,177,103,220,133,191,155,0,19,27,43,121,135,104,88,313,117,165,104,151,78,114,88,114,110,280,145,83,82,16,25,137,98,37,43,75,66,53,50,69,76,197,240,21,24
25027732700,1400000US25027732700,3885,600,1802,347,47,73,93,86,55,60,70,85,21,36,28,30,76,98,25,38,261,155,50,67,240,155,60,50,213,154,151,87,77,68,60,93,0,14,94,71,0,14,55,82,83,77,27,32,16,28,2083,389,154,118,29,48,160,137,53,83,101,107,0,14,64,73,13,25,189,152,131,101,135,110,265,162,90,108,20,26,144,90,52,82,74,58,67,69,52,62,63,92,81,85,13,21,133,107
25027732801,1400000US25027732801,5477,905,2889,592,111,111,154,110,58,63,255,155,37,59,90,112,0,19,0,19,275,210,245,114,310,181,387,222,22,34,79,64,246,191,94,53,85,70,178,155,64,52,50,47,90,101,58,92,1,2,2588,413,142,105,0,19,18,30,93,95,20,34,40,67,47,77,159,131,336,149,307,171,370,162,74,61,30,35,187,117,157,126,36,40,95,101,120,99,137,92,82,63,123,107,0,19,15,23
25027732802,1400000US25027732802,4302,419,2302,288,100,57,189,139,183,101,47,45,82,56,19,21,24,25,12,20,249,81,180,108,191,86,187,93,45,33,187,86,201,85,59,44,88,45,84,82,53,35,65,43,21,22,6,10,30,34,2000,258,48,57,78,33,80,75,64,49,99,55,13,20,27,41,42,35,139,79,123,73,214,88,44,44,90,73,142,65,117,49,118,82,60,43,125,95,53,40,112,59,71,51,42,29,99,81
25027732901,1400000US25027732901,8356,890,4300,653,417,226,276,173,107,80,51,69,69,63,20,33,379,404,128,81,386,239,454,259,371,250,367,159,183,92,299,139,260,131,60,48,161,93,56,47,20,24,96,70,101,88,11,17,28,36,4056,514,248,130,162,95,188,125,92,97,13,24,22,35,22,35,294,188,493,241,409,174,214,110,373,180,231,106,364,179,283,158,51,57,134,104,48,42,99,78,175,102,55,69,22,31,64,46
25027732902,1400000US25027732902,2864,43,1184,144,0,14,0,14,0,14,0,14,454,168,329,98,238,91,146,67,17,23,0,14,0,14,0,14,0,14,0,14,0,14,0,14,0,14,0,14,0,14,0,14,0,14,0,14,0,14,1680,143,0,14,0,14,0,14,0,14,836,185,429,116,283,106,125,92,7,14,0,14,0,14,0,14,0,14,0,14,0,14,0,14,0,14,0,14,0,14,0,14,0,14,0,14,0,14
25027733000,1400000US25027733000,4274,725,2223,531,166,122,186,104,210,140,157,107,66,64,13,21,0,14,144,170,197,99,345,209,100,58,59,52,131,89,65,62,68,59,0,14,190,183,14,16,10,15,28,32,39,44,35,30,0,14,2051,340,153,108,125,105,108,76,114,70,32,53,49,60,20,31,170,101,273,113,142,78,150,112,167,98,144,77,0,14,155,98,15,22,72,63,9,14,11,17,51,47,25,24,57,47,9,14
25027733101,1400000US25027733101,2490,510,1331,280,112,62,115,77,38,31,26,23,5,9,0,14,38,37,6,11,137,136,154,60,118,114,97,60,101,52,96,48,118,78,9,10,22,20,13,14,51,36,42,29,31,31,2,5,0,14,1159,254,23,24,28,23,22,19,51,36,16,19,5,9,0,14,69,88,65,35,182,134,47,29,98,52,68,35,128,54,92,92,33,24,17,18,26,33,59,41,74,45,34,30,7,11,15,17
25027733102,1400000US25027733102,2467,451,1261,275,83,58,19,24,99,68,5,8,38,36,0,14,22,43,44,45,53,51,121,98,214,112,97,73,35,28,107,59,66,52,51,68,3,6,30,27,44,43,73,63,34,44,19,30,4,7,1206,222,36,29,108,107,33,34,0,14,0,14,23,35,0,14,37,45,68,55,251,97,112,70,13,18,90,49,86,61,61,50,60,53,75,44,91,64,31,30,4,6,6,9,21,20,0,14
25027735100,1400000US25027735100,6614,643,3456,465,296,120,97,74,403,221,146,156,67,55,27,32,46,49,154,78,123,78,205,101,179,84,251,157,177,120,183,97,115,77,182,142,178,100,147,81,79,76,203,97,65,65,121,113,12,20,3158,326,157,91,179,180,176,93,77,80,85,65,29,36,10,19,83,76,139,97,192,94,193,86,358,263,138,68,149,100,279,145,182,101,210,100,106,65,47,41,243,113,88,70,26,30,12,20
25027735200,1400000US25027735200,4499,646,2496,385,127,83,181,118,102,68,95,83,26,28,41,37,0,14,181,77,104,81,238,120,78,50,117,73,74,53,143,89,257,118,73,43,217,96,54,43,79,47,154,108,84,76,45,45,26,24,2003,336,36,33,89,49,37,37,43,43,122,102,25,33,0,14,31,33,164,79,139,76,85,49,128,65,103,61,78,59,217,108,79,63,114,63,194,200,113,54,59,45,27,24,75,81,45,34
25027736100,1400000US25027736100,2622,258,1272,158,53,50,123,50,116,81,28,27,24,28,0,14,0,14,0,14,66,52,21,19,88,47,94,56,154,101,94,67,53,48,75,48,34,29,10,17,83,44,37,33,49,32,39,32,31,36,1350,204,26,25,73,36,80,63,4,11,40,55,17,27,30,45,0,14,60,34,58,59,158,68,73,45,160,106,73,49,67,42,37,41,61,41,27,24,67,43,60,51,40,39,86,64,53,45
25027736200,1400000US25027736200,3764,410,1834,278,124,87,97,81,131,66,126,109,77,76,6,9,0,14,40,30,95,51,156,82,108,62,91,71,121,71,163,75,114,49,63,43,68,61,20,19,75,48,78,41,33,20,48,47,0,14,1930,238,86,72,22,25,228,112,86,66,0,14,17,23,0,14,43,38,102,57,222,96,144,73,66,42,140,74,211,75,115,47,27,27,52,53,26,20,94,42,77,51,70,51,64,46,38,31
25027736300,1400000US25027736300,2714,272,1313,159,111,66,86,43,53,33,116,75,16,18,21,30,0,14,43,33,57,33,145,57,90,45,17,14,71,38,217,86,40,26,9,9,27,24,26,18,26,19,52,29,15,13,28,25,47,47,1401,158,33,30,39,40,59,33,75,43,65,62,20,22,14,15,35,33,64,36,109,54,96,47,69,37,129,61,196,98,84,44,48,31,52,33,21,15,14,14,72,42,32,25,47,28,28,16
25027736400,1400000US25027736400,3035,295,1346,171,42,34,111,55,88,67,69,46,11,19,0,14,0,14,14,24,37,35,128,68,175,83,49,42,63,52,112,58,82,51,57,48,89,72,28,27,65,47,28,24,37,24,16,20,45,33,1689,278,48,35,131,122,69,48,120,87,21,26,15,25,0,14,34,43,80,52,169,49,58,50,60,38,50,39,157,71,166,70,18,21,55,53,79,69,106,73,134,51,66,58,24,22,29,26
25027736500,1400000US25027736500,4835,395,2343,266,96,97,67,44,232,83,140,77,75,75,0,14,63,94,26,38,49,49,131,123,142,98,164,83,210,123,82,58,188,77,39,41,87,98,91,71,72,63,80,68,129,71,110,70,70,61,2492,277,33,36,53,48,230,89,56,51,33,43,63,98,40,44,56,69,134,107,112,99,94,60,180,87,277,116,101,80,144,73,10,15,159,108,138,70,67,43,154,99,99,67,93,75,166,114
25027737100,1400000US25027737100,5390,561,2939,393,142,117,311,146,130,87,128,114,12,26,81,84,13,21,20,32,314,238,176,93,114,75,85,61,122,83,172,98,294,120,17,28,198,109,28,40,66,62,133,70,200,93,23,29,160,104,2451,365,143,140,121,79,41,40,91,69,51,59,0,19,20,36,75,101,193,160,109,75,142,74,118,71,93,64,196,114,228,96,28,31,184,88,0,19,78,51,285,102,100,62,98,72,57,50
25027737200,1400000US25027737200,1727,322,902,187,33,27,9,11,38,29,51,43,17,24,34,46,9,12,13,14,66,48,88,41,70,54,33,31,41,27,44,32,108,52,32,21,29,21,16,13,66,47,32,22,33,22,29,23,11,11,825,166,40,30,54,35,85,74,17,19,3,5,0,14,1,6,11,12,100,40,49,43,12,12,79,61,24,18,48,44,47,26,9,11,37,23,40,53,75,52,33,20,47,31,8,10,6,9
25027737300,1400000US25027737300,6844,528,3390,309,156,91,247,147,198,122,57,53,34,39,63,83,45,57,105,98,298,139,249,123,169,118,335,144,194,155,159,83,375,176,93,80,153,124,29,33,101,99,103,72,113,58,86,98,28,27,3454,351,227,117,140,127,212,108,244,145,0,19,0,19,11,17,67,72,182,106,178,115,336,141,280,139,110,95,280,162,285,141,88,62,75,59,102,91,118,94,85,58,257,136,46,40,131,60
25027738100,1400000US25027738100,5167,423,2560,295,163,86,216,125,164,88,52,37,80,93,0,19,13,16,95,62,203,113,129,59,234,103,102,66,162,92,230,103,150,72,120,70,71,46,125,135,124,66,33,42,69,40,25,33,0,19,2607,218,108,60,166,69,232,95,95,75,5,10,0,19,45,53,88,65,194,98,143,76,139,59,204,80,282,100,196,88,128,73,70,48,86,55,142,144,56,39,64,45,72,57,68,55,24,20
25027738201,1400000US25027738201,4735,601,2392,330,128,72,153,93,181,81,57,38,155,159,36,35,49,51,66,50,84,62,68,45,231,107,157,74,171,78,244,149,193,87,63,38,69,42,27,28,46,46,78,50,49,41,87,56,0,14,2343,333,121,82,189,83,79,45,72,51,36,41,17,30,10,15,140,173,107,67,137,106,257,104,135,76,145,68,283,192,162,79,70,42,61,53,40,32,24,26,146,74,39,33,73,58,0,14
25027738202,1400000US25027738202,6406,531,3165,388,118,76,181,105,414,260,74,69,70,69,0,19,0,19,22,35,137,135,84,54,281,128,286,135,216,111,275,129,234,119,52,43,200,102,91,70,18,28,65,52,102,62,116,72,129,159,3241,412,149,96,121,82,304,152,121,91,14,22,18,19,28,33,167,161,129,102,105,62,118,70,287,148,356,168,260,120,190,100,153,111,107,82,26,29,138,143,85,65,97,84,242,138,26,40
25027739101,1400000US25027739101,4846,432,2552,291,133,100,176,81,194,75,111,100,61,45,0,14,10,16,74,41,170,76,181,84,127,73,196,74,94,57,223,146,208,99,28,24,112,116,68,47,79,48,130,91,113,64,42,40,22,25,2294,254,125,89,103,63,135,77,55,42,97,102,0,14,13,20,69,61,62,44,171,80,174,75,170,58,95,60,233,87,170,84,158,80,95,65,117,78,55,47,74,57,48,38,20,23,55,36
25027739102,1400000US25027739102,5663,769,2926,414,84,111,147,189,181,106,300,134,49,41,5,8,12,22,83,63,203,94,245,159,258,179,290,195,194,168,194,99,224,125,36,31,159,104,0,19,36,35,77,42,26,30,111,108,12,15,2737,522,38,45,83,83,371,199,307,216,22,22,0,19,53,79,51,49,186,84,247,175,307,210,110,91,187,110,206,120,142,64,43,30,100,56,37,31,33,30,146,100,37,31,31,28,0,19
25027739201,1400000US25027739201,3885,591,1784,305,112,61,70,55,152,77,23,26,49,53,64,96,52,44,119,105,185,199,73,41,205,78,102,68,91,72,107,61,100,80,25,31,57,41,53,54,30,28,8,13,89,77,8,13,10,15,2101,393,136,70,121,61,103,70,105,69,83,86,0,14,69,83,33,31,204,199,139,65,248,97,264,196,107,68,123,85,48,40,44,39,72,55,19,24,10,16,44,44,103,78,19,21,7,13
25027739202,1400000US25027739202,3608,588,1678,261,65,59,67,54,104,94,158,84,34,41,36,45,0,14,30,33,52,44,39,49,205,151,102,69,244,102,153,105,95,70,30,35,86,56,26,23,75,67,55,50,13,17,9,15,0,14,1930,408,99,113,134,102,184,129,110,101,61,77,0,14,0,14,49,44,39,38,192,119,95,61,130,87,232,102,103,92,153,81,51,54,16,24,47,50,14,19,75,65,53,41,46,31,47,36
25027739300,1400000US25027739300,4256,509,2154,332,113,49,158,94,182,103,127,64,20,24,12,15,0,14,96,135,124,59,130,63,123,58,100,61,157,68,118,57,194,147,50,33,104,77,12,17,101,116,97,56,79,43,15,19,42,51,2102,270,250,103,67,54,104,67,46,36,15,24,13,20,0,14,32,28,77,44,169,71,175,66,139,68,65,41,174,98,187,131,23,24,103,54,48,36,55,49,63,40,40,33,71,51,186,123
25027739401,1400000US25027739401,6445,703,3463,434,180,98,309,147,278,120,83,65,61,68,46,67,57,70,176,113,69,69,144,143,314,152,220,124,230,97,186,99,222,204,100,140,189,94,23,37,119,53,157,73,62,55,121,80,117,71,2982,410,132,107,70,59,191,92,70,59,62,71,0,19,19,33,78,93,172,153,129,97,319,109,132,112,208,101,198,100,228,161,75,51,284,123,60,60,108,73,146,107,92,63,87,56,122,78
25027739402,1400000US25027739402,2630,483,1137,179,38,26,71,48,97,54,97,50,24,24,0,14,5,9,32,25,6,9,83,40,94,33,30,22,31,21,141,78,106,51,34,23,24,18,87,109,40,23,47,24,18,17,19,17,13,14,1493,391,46,28,111,68,80,42,110,99,14,15,0,14,10,15,100,132,46,30,63,33,75,38,73,40,100,44,231,189,146,115,22,19,47,30,25,27,56,26,17,20,68,39,31,22,22,25
25027739500,1400000US25027739500,7543,905,3753,544,290,225,227,157,180,81,163,82,83,85,22,27,17,31,130,82,164,217,192,144,234,199,257,110,385,126,243,107,207,93,138,83,177,102,70,58,187,92,184,79,107,61,39,39,57,66,3790,469,124,84,289,199,355,147,101,85,70,78,66,80,54,43,92,93,32,36,94,78,360,233,297,113,202,80,340,151,264,106,138,99,270,107,110,72,19,31,204,73,50,44,87,64,172,146
25027740101,1400000US25027740101,6420,461,3132,279,150,75,229,91,229,121,49,63,56,40,14,25,49,58,78,72,235,142,162,108,122,80,176,84,293,104,163,76,299,133,147,76,167,150,71,60,69,57,231,101,107,121,26,38,10,15,3288,420,138,138,59,65,329,135,186,104,42,47,11,19,18,29,230,204,250,163,154,84,214,114,155,94,286,140,200,107,205,107,145,106,197,127,83,71,124,69,113,71,53,45,60,51,36,35
25027740102,1400000US25027740102,6043,419,2748,229,55,47,87,70,193,78,131,82,106,80,15,29,0,19,123,80,123,87,68,72,209,86,210,95,192,121,272,160,311,113,57,50,128,68,48,49,145,78,113,105,86,58,48,45,28,36,3295,298,230,145,134,84,228,131,225,84,12,20,138,78,0,19,56,57,125,106,0,19,285,85,197,80,305,176,302,126,215,94,148,105,63,54,111,75,60,50,204,93,82,51,81,49,94,54
25027740200,1400000US25027740200,3287,406,1627,270,48,43,91,55,138,134,113,75,67,82,41,36,0,14,4,6,63,58,144,79,80,51,50,35,76,53,242,216,111,64,27,29,36,28,37,31,49,35,72,43,63,59,30,32,45,42,1660,226,121,92,98,78,78,53,68,38,14,16,0,14,0,14,15,17,43,38,57,33,160,92,99,52,55,37,235,164,168,110,35,27,2,3,31,27,36,27,127,68,118,72,76,56,24,25
25027741101,1400000US25027741101,4909,515,2131,168,151,68,119,73,121,78,86,55,30,43,9,14,9,14,38,29,39,33,148,70,181,84,226,210,193,99,171,80,227,79,78,45,45,37,29,27,9,15,107,55,57,35,48,32,10,17,2778,439,339,241,238,157,139,73,133,113,11,16,32,34,10,16,37,30,96,48,192,72,64,50,175,65,295,199,218,96,184,65,11,15,103,68,73,45,57,30,45,32,156,71,86,44,84,69
25027741102,1400000US25027741102,5584,519,2751,297,93,51,165,64,280,103,101,73,32,28,32,33,29,58,76,50,168,108,112,62,164,50,121,60,270,102,301,127,320,91,100,48,122,63,21,20,79,71,92,52,19,18,32,29,22,24,2833,314,162,107,227,101,227,104,250,154,34,35,16,24,0,19,87,52,37,31,136,86,144,54,181,71,302,110,269,122,254,80,37,29,52,31,35,34,114,55,58,38,90,60,58,63,63,46
25027742300,1400000US25027742300,4699,491,2147,245,92,64,89,56,229,136,119,58,21,22,17,23,25,29,114,75,97,66,212,102,149,82,96,68,134,70,172,68,98,69,38,32,40,37,97,66,105,54,63,42,41,27,65,39,34,27,2552,332,208,109,82,69,128,61,126,74,27,29,53,64,16,24,71,51,281,125,190,83,82,46,188,78,144,62,128,51,159,75,172,158,112,73,48,32,36,31,129,63,85,49,32,23,55,31
25027742401,1400000US25027742401,5747,529,2741,245,37,34,292,172,117,61,179,62,36,37,18,21,26,28,112,58,78,47,120,62,90,61,176,54,250,78,246,85,245,83,53,33,97,46,50,28,174,162,199,81,68,56,45,31,33,29,3006,407,99,64,334,164,351,122,194,76,51,53,0,19,0,19,13,18,54,46,140,78,92,57,253,106,249,77,247,75,179,74,35,31,223,188,53,41,99,89,151,52,102,65,48,36,39,32
25027742402,1400000US25027742402,4866,431,2469,234,99,76,226,114,213,80,186,91,62,55,0,14,0,14,25,27,78,78,253,116,264,95,335,105,236,100,181,67,63,38,11,17,16,18,56,38,15,17,74,48,50,50,17,19,9,14,2397,261,221,94,91,46,223,93,159,86,39,59,0,14,0,14,78,70,86,71,242,102,317,115,274,107,145,70,120,61,51,36,18,21,47,42,66,43,24,25,100,68,62,53,19,25,15,17
25027743100,1400000US25027743100,8189,38,3896,273,184,116,168,85,341,174,283,156,100,88,1,3,30,32,14,22,175,85,128,72,290,152,321,106,168,79,275,154,321,127,211,130,140,87,153,120,210,132,218,139,92,70,36,34,37,30,4293,277,199,128,130,82,405,152,191,130,40,52,0,19,47,44,143,112,223,84,125,83,221,106,290,129,423,201,300,120,272,99,31,29,306,153,109,53,164,164,310,150,204,200,51,35,109,86
25027744102,1400000US25027744102,5493,638,2884,428,132,97,177,89,75,53,27,41,214,172,27,43,0,19,147,109,282,121,321,238,218,97,87,55,73,58,289,181,219,108,41,43,90,64,16,26,195,81,132,76,44,37,58,74,20,25,2609,342,146,106,89,71,47,40,78,71,10,18,16,28,74,85,116,95,129,91,219,155,188,90,89,62,43,46,320,149,270,148,42,36,40,47,148,84,60,52,193,90,127,99,118,97,47,38
25027744103,1400000US25027744103,2886,450,1501,261,98,68,60,43,65,75,6,9,20,31,0,14,8,16,104,113,116,59,106,58,123,65,59,56,117,80,46,38,67,59,48,45,69,44,27,29,10,17,164,145,94,50,43,37,51,49,1385,237,126,77,51,42,36,25,22,34,9,16,0,14,0,14,60,43,7,12,118,60,112,71,38,34,74,68,151,96,116,107,51,37,58,35,27,28,38,36,207,151,63,46,21,22,0,14
25027744104,1400000US25027744104,4570,473,2292,275,68,57,70,48,228,118,86,66,81,71,0,14,0,14,98,76,101,51,74,50,170,89,236,103,164,81,125,65,231,72,91,73,22,34,31,27,43,33,142,80,102,71,80,54,49,34,2278,253,122,67,126,96,104,90,51,44,0,14,73,67,48,46,106,72,62,46,157,91,207,104,156,100,76,64,160,89,186,79,52,40,74,62,22,24,27,27,136,84,162,91,95,63,76,87
25027744201,1400000US25027744201,2913,720,1342,376,78,94,88,82,122,102,46,45,55,51,31,47,0,14,36,36,134,116,33,31,79,73,130,120,78,63,45,52,60,38,10,16,87,69,41,35,13,23,161,95,15,23,0,14,0,14,1571,395,80,101,110,99,121,98,60,69,44,54,30,43,0,14,94,87,138,89,25,28,81,83,131,90,28,28,114,81,99,79,69,69,82,67,9,13,142,115,85,65,0,14,10,15,19,23
25027744202,1400000US25027744202,4962,621,2955,670,232,155,96,109,218,211,15,23,159,171,71,58,0,14,213,180,194,160,251,192,216,174,291,173,125,104,114,96,127,90,144,107,42,47,106,66,69,71,72,58,104,81,56,54,40,48,2007,322,54,66,117,99,21,27,107,92,46,75,0,14,0,14,11,18,63,59,141,113,91,98,236,141,82,86,163,119,122,104,43,38,82,50,89,59,111,102,158,136,142,79,44,47,84,63
25027744300,1400000US25027744300,4958,641,2562,456,253,166,326,239,131,95,35,40,38,34,35,41,0,14,121,72,295,188,236,121,233,133,221,126,113,84,116,53,114,42,63,52,125,133,0,14,21,22,44,35,0,14,42,39,0,14,2396,380,155,112,288,90,67,49,0,14,32,33,64,65,45,59,104,103,344,147,214,103,41,43,145,68,121,80,76,50,154,62,0,14,114,115,32,40,41,31,107,111,41,42,174,214,37,61
25027744400,1400000US25027744400,4649,698,2574,543,387,271,194,143,174,98,90,78,67,65,20,22,0,14,61,64,110,82,278,153,163,88,258,108,166,77,47,32,122,59,72,46,31,25,83,89,61,67,77,44,62,46,44,40,7,11,2075,324,107,81,203,114,221,97,27,24,10,15,20,23,0,14,24,20,102,78,172,86,262,123,106,87,72,35,98,57,128,63,36,29,68,52,145,174,13,14,46,31,37,33,54,37,124,84
25027745100,1400000US25027745100,6027,20,2679,353,63,54,58,55,168,112,110,74,30,47,32,33,63,98,69,48,70,54,145,80,280,122,167,132,232,180,207,107,140,92,84,54,146,106,55,39,92,67,230,120,214,152,0,19,24,29,3348,350,157,107,109,78,361,308,327,142,30,39,164,190,78,94,81,67,55,61,194,101,139,105,100,77,374,126,189,98,126,65,73,54,84,77,64,50,99,59,247,117,122,73,107,85,68,51
25027746100,1400000US25027746100,6325,19,3070,236,55,45,217,177,111,91,173,134,30,27,47,47,27,32,128,75,160,135,215,102,132,78,169,121,234,125,304,207,260,113,111,70,139,89,143,83,97,72,148,100,31,36,126,74,13,20,3255,235,139,99,187,75,251,185,311,213,55,54,32,39,43,32,162,140,120,85,154,90,130,71,202,104,212,122,399,211,142,85,118,68,227,117,30,36,103,68,83,62,56,55,56,41,43,40
25027747101,1400000US25027747101,5200,441,2326,275,39,33,101,111,136,103,124,97,0,19,41,67,2,9,146,111,68,55,150,89,54,50,185,120,195,126,294,145,263,149,24,26,157,105,15,24,27,32,171,88,69,52,34,38,31,34,2874,384,107,77,190,98,139,92,66,54,10,16,0,19,29,36,69,53,121,70,229,140,123,94,329,123,183,107,175,92,193,100,54,45,53,48,72,56,97,60,208,117,265,280,129,157,33,53
25027747102,1400000US25027747102,4055,441,2074,265,168,160,101,81,271,133,80,58,59,52,11,16,4,7,15,19,157,76,124,63,141,67,170,107,146,72,104,66,147,61,55,75,43,32,40,25,47,33,95,46,61,38,12,16,23,22,1981,262,217,117,189,122,63,45,27,22,8,14,0,14,25,41,27,39,101,60,182,75,124,66,234,139,85,49,188,68,98,59,95,53,33,36,27,24,121,48,83,45,34,27,7,11,13,15
25027748100,1400000US25027748100,3160,34,1726,86,47,33,83,43,114,51,109,45,34,31,13,21,29,20,63,39,74,33,105,45,66,44,114,77,192,71,220,96,158,66,40,26,37,21,24,20,22,16,51,29,37,24,80,110,14,16,1434,88,20,21,64,44,66,34,56,35,44,32,11,15,12,13,29,31,50,33,95,46,86,48,107,46,144,58,114,56,184,80,45,24,36,19,27,18,43,35,69,30,29,20,88,110,15,16
25027749100,1400000US25027749100,8368,720,4231,547,204,126,285,161,215,209,169,113,150,113,66,75,194,138,114,76,175,86,355,133,330,186,118,81,297,155,220,108,330,194,207,135,219,114,91,56,79,63,213,99,110,72,71,60,19,26,4137,464,284,164,187,141,149,77,107,78,53,44,20,31,21,33,101,60,108,97,318,132,117,86,336,216,179,121,498,197,425,346,108,67,240,136,124,80,79,49,296,116,134,65,130,98,123,107
25027749200,1400000US25027749200,6105,719,3021,424,204,131,203,132,174,110,164,129,41,64,56,71,116,126,12,21,147,94,280,132,352,195,164,104,235,130,134,96,149,106,99,72,72,62,173,128,42,37,124,89,52,42,15,24,13,21,3084,435,88,59,109,80,176,116,97,87,104,103,0,19,0,19,172,166,202,88,296,175,242,167,220,109,186,115,96,68,137,105,198,139,177,93,38,34,119,66,91,59,118,78,36,33,182,110
25027750100,1400000US25027750100,6209,650,2975,436,125,92,175,120,228,159,71,65,58,76,0,19,107,79,147,156,167,119,245,160,357,222,91,68,90,102,219,117,239,148,169,99,54,64,124,93,62,51,97,57,81,52,14,22,55,54,3234,430,140,121,276,134,289,172,76,63,80,122,0,19,52,76,239,195,91,75,131,88,424,183,100,82,125,107,171,99,197,108,152,106,172,87,73,52,146,93,89,50,58,45,77,41,76,44
25027750200,1400000US25027750200,7128,563,3691,331,196,114,212,108,372,156,163,129,38,38,37,40,16,27,138,93,67,58,182,107,231,115,192,101,328,235,487,217,246,107,66,55,145,85,11,19,187,99,227,123,44,42,65,54,41,39,3437,406,62,70,116,99,328,130,120,91,14,27,17,28,32,37,108,86,64,52,135,83,161,89,336,116,408,200,391,143,288,149,47,44,138,81,121,74,137,91,186,127,141,71,48,45,39,39
25027750300,1400000US25027750300,3121,420,1500,201,25,25,80,59,67,64,10,18,21,35,22,37,17,26,78,74,113,101,117,82,84,48,121,75,185,95,35,31,105,65,55,50,109,69,46,42,45,33,89,38,50,31,6,15,20,22,1621,266,65,66,124,86,19,21,126,100,0,14,12,19,0,14,54,54,173,109,86,58,46,32,89,69,173,91,116,81,113,68,67,41,117,61,51,30,20,18,39,28,42,27,30,33,59,38
25027751101,1400000US25027751101,6490,327,2767,269,74,78,45,47,61,72,123,71,107,68,14,24,32,31,46,46,375,260,108,78,252,122,125,78,176,86,270,128,200,108,17,29,167,93,80,57,250,140,171,114,55,48,19,29,0,19,3723,311,289,130,293,157,165,98,198,110,59,56,17,32,0,19,214,275,325,137,103,77,347,138,135,80,277,127,214,100,384,187,95,102,150,82,109,62,178,91,93,66,38,42,40,40,0,19
25027751102,1400000US25027751102,2962,331,1609,183,107,65,123,67,119,73,46,36,0,14,0,14,16,25,41,35,32,34,67,62,100,62,92,56,109,62,111,58,151,80,52,34,84,51,37,29,30,23,92,48,149,88,40,30,11,18,1353,198,49,56,48,48,84,50,25,27,13,19,13,20,11,18,44,57,97,66,27,28,76,61,120,66,43,32,134,65,91,52,18,21,74,39,50,31,65,41,131,91,64,51,34,27,42,39
25027752101,1400000US25027752101,6129,493,2621,233,118,78,110,76,164,92,29,33,36,40,28,47,16,25,87,77,165,93,261,142,81,66,194,82,320,154,222,107,237,164,36,45,100,60,119,73,108,75,75,52,31,32,84,99,0,19,3508,392,152,102,221,173,198,128,319,132,49,53,0,19,41,41,114,116,270,185,229,120,159,100,313,136,262,145,259,149,260,157,58,48,56,53,76,76,132,76,107,68,72,52,89,98,72,80
25027752102,1400000US25027752102,3078,492,1417,194,22,24,49,42,122,64,90,105,7,11,0,14,0,14,0,14,91,48,62,44,72,59,70,47,120,92,109,62,106,64,164,73,125,77,116,94,6,11,20,31,20,31,32,35,14,22,1661,356,14,21,62,36,109,65,173,137,0,14,0,14,9,15,108,79,60,43,65,37,72,52,167,166,65,62,111,69,196,93,47,32,156,124,29,25,63,57,74,53,51,44,15,16,15,25
25027753100,1400000US25027753100,7690,728,3815,399,152,114,213,124,317,126,246,150,109,84,15,27,40,44,65,46,124,74,183,105,326,141,222,111,427,168,235,120,206,101,105,81,160,79,63,59,160,123,261,133,76,67,72,77,38,42,3875,492,139,80,255,159,261,136,130,114,109,95,34,38,23,25,160,140,341,203,178,92,245,156,302,123,422,196,241,114,274,105,62,60,114,75,40,41,64,57,239,124,154,97,60,50,28,33
25027753200,1400000US25027753200,5695,729,2552,358,34,34,166,116,225,138,68,76,0,19,0,19,82,68,42,39,169,106,207,105,231,167,81,75,82,66,209,129,244,99,78,61,166,121,89,114,73,50,122,86,90,57,55,69,39,55,3143,644,135,111,198,188,152,168,158,97,106,146,27,43,65,79,37,48,182,104,260,148,166,111,210,112,80,68,196,106,442,273,54,46,172,125,76,53,37,38,105,64,75,48,114,75,96,58
25027754100,1400000US25027754100,6965,541,3612,424,127,100,163,95,140,106,177,128,15,24,124,126,11,20,78,67,400,207,210,122,217,126,178,104,163,91,160,90,502,236,96,110,115,73,182,133,97,63,85,71,261,125,61,51,50,58,3353,382,200,94,76,63,107,82,66,60,134,119,0,19,34,44,32,36,183,143,138,112,247,108,171,106,154,86,160,80,295,134,55,54,245,125,149,88,165,111,289,130,139,90,120,159,194,120
25027754200,1400000US25027754200,3814,523,1682,264,40,47,119,99,111,90,58,41,0,14,36,54,0,14,119,71,89,54,115,51,107,77,140,113,24,28,144,95,150,95,42,33,56,36,40,37,44,38,175,85,42,33,21,18,10,8,2132,392,147,118,246,248,67,50,81,85,76,78,13,21,14,21,35,39,139,87,116,68,203,109,86,52,145,95,127,81,166,92,71,51,70,45,34,29,95,77,61,43,66,35,36,29,38,25
25027754300,1400000US25027754300,2864,522,1595,374,50,66,158,132,96,56,64,82,29,32,60,67,23,33,129,99,225,122,127,76,108,88,72,66,33,47,82,73,131,92,42,32,12,19,0,14,22,25,54,46,49,48,0,14,29,42,1269,334,99,103,9,14,56,49,0,14,0,14,45,59,0,14,59,56,90,54,267,157,131,159,15,19,118,73,72,59,48,37,15,25,37,47,37,27,27,42,62,42,46,47,26,31,10,16
25027754400,1400000US25027754400,4105,485,2130,292,171,129,130,46,272,115,43,40,44,45,32,44,30,32,89,50,34,33,111,94,230,93,170,108,79,54,146,66,113,67,47,36,66,53,93,56,92,62,19,23,42,38,18,24,59,55,1975,317,166,104,135,94,68,67,29,37,15,23,10,17,50,55,81,73,100,84,171,130,248,110,94,83,46,47,152,68,105,51,124,56,43,37,29,27,75,47,61,58,62,57,49,35,62,41
25027755100,1400000US25027755100,3320,403,1539,239,50,51,34,42,84,66,23,26,32,35,12,23,0,14,70,53,138,91,42,35,127,71,102,64,99,124,183,101,152,70,22,24,69,68,11,17,52,33,120,129,53,38,13,21,51,48,1781,303,110,109,71,58,54,47,89,94,56,60,14,22,8,14,69,65,147,88,64,52,94,81,143,82,46,44,241,112,141,67,84,57,46,38,22,30,43,38,62,36,41,29,125,177,11,13
25027755201,1400000US25027755201,4365,519,2182,287,130,63,254,151,159,85,118,79,7,12,7,12,19,22,42,34,54,46,132,115,132,62,139,69,189,68,181,87,143,60,46,36,148,144,73,42,30,24,79,42,71,50,29,29,0,14,2183,327,71,50,214,169,133,87,62,40,104,73,1,4,18,26,35,33,50,33,147,130,193,77,144,53,123,55,111,55,126,58,37,31,150,115,84,50,93,44,38,29,90,55,18,20,141,93
25027755202,1400000US25027755202,4244,478,2107,268,111,66,139,74,142,83,100,81,239,83,127,84,99,69,94,64,34,41,82,44,107,50,75,50,160,98,37,28,87,65,12,20,124,67,55,77,82,61,34,26,65,47,34,41,68,106,2137,339,62,46,100,74,107,61,40,36,406,142,151,102,90,48,4,10,25,31,140,68,69,45,83,63,168,91,38,36,146,79,15,20,166,127,18,20,66,43,63,48,35,27,44,38,101,123
25027756101,1400000US25027756101,5159,693,2486,347,93,58,174,95,247,196,114,72,90,62,0,19,9,14,35,32,104,65,200,161,120,74,166,79,122,80,218,111,202,80,47,41,152,93,5,10,87,69,92,60,67,55,46,52,96,63,2673,460,164,150,127,135,302,190,29,30,56,48,64,60,0,19,78,66,88,57,230,155,148,140,119,66,213,114,182,98,129,82,94,54,147,86,57,49,28,23,96,59,103,91,74,43,145,74
25027756102,1400000US25027756102,8276,694,3918,379,304,130,220,112,355,150,55,53,101,78,47,48,0,19,67,56,164,129,137,86,317,152,206,102,318,182,305,140,234,97,256,135,113,72,105,62,161,109,279,118,60,45,66,82,48,79,4358,544,237,162,200,117,324,202,370,147,17,28,0,19,44,45,85,67,99,71,248,131,452,217,249,158,291,133,275,142,291,123,216,131,157,121,83,58,182,93,218,129,138,97,33,29,149,117
25027757100,1400000US25027757100,4760,538,2281,324,71,79,121,107,83,64,227,152,64,86,0,14,16,25,247,149,69,86,114,96,56,75,177,92,209,160,144,117,307,148,121,87,93,88,16,25,42,41,63,56,41,38,0,14,0,14,2479,479,80,92,119,115,287,212,137,125,86,110,0,14,5,9,81,84,41,37,184,125,20,23,229,144,169,109,203,152,386,140,36,47,106,84,57,46,24,31,101,63,51,50,43,67,34,41
25027757200,1400000US25027757200,2346,397,1067,215,89,67,64,66,50,39,44,39,0,14,28,33,22,28,95,104,20,18,69,61,4,8,79,60,36,36,130,85,102,63,24,27,6,11,3,6,31,34,97,81,13,16,54,60,7,11,1279,246,95,68,69,52,125,80,80,52,29,33,46,56,17,28,33,42,98,58,151,95,57,56,97,49,58,42,75,60,32,32,15,25,45,45,13,14,43,42,45,32,29,29,3,11,24,27
25027757300,1400000US25027757300,2966,473,1493,292,50,53,69,61,114,70,65,63,115,89,11,16,52,53,61,64,95,67,64,53,111,65,91,84,53,46,134,101,78,56,26,32,200,120,33,51,24,26,13,23,9,15,13,17,12,19,1473,276,100,77,10,16,30,27,80,82,124,112,0,14,75,69,35,47,147,96,93,94,90,74,165,99,115,111,163,117,79,96,49,52,10,15,21,34,42,29,19,21,0,14,20,21,6,11
25027757400,1400000US25027757400,2844,333,1310,202,70,69,91,85,26,32,28,42,46,46,73,88,0,14,73,73,70,72,64,60,77,71,77,65,136,85,50,42,158,94,33,34,31,22,22,25,43,41,82,48,18,15,12,14,30,36,1534,204,53,57,140,85,112,93,67,55,26,39,9,14,16,27,72,70,116,100,158,80,108,82,20,24,149,86,40,42,95,41,0,14,50,34,64,48,41,28,59,42,62,77,49,36,28,19
25027757500,1400000US25027757500,5012,598,2445,373,84,84,235,173,81,65,94,78,32,40,12,19,9,16,75,77,149,98,102,68,157,98,165,93,222,113,132,92,289,293,94,61,140,85,63,53,85,47,131,83,86,69,8,12,0,19,2567,374,185,112,153,119,194,120,48,49,47,37,0,19,52,54,140,107,133,96,184,107,89,73,159,92,146,91,105,59,146,58,0,19,153,85,53,40,94,71,155,64,158,134,94,102,79,45
25027758101,1400000US25027758101,1843,200,931,129,21,20,32,32,49,24,11,16,13,15,0,14,9,14,11,15,40,45,24,21,36,29,69,31,78,44,57,36,97,61,47,35,53,47,40,24,33,22,72,28,49,51,46,24,44,47,912,117,26,20,10,13,66,35,32,31,7,11,0,14,0,14,23,26,18,21,18,18,58,22,31,22,53,41,47,46,115,55,40,31,38,21,45,23,45,34,121,56,70,29,36,24,13,15
25027758103,1400000US25027758103,4541,373,2386,255,89,43,183,79,252,102,107,70,47,46,23,35,0,14,101,86,73,55,148,79,113,73,243,74,123,77,209,117,184,71,87,51,74,48,56,46,88,93,99,57,50,36,22,25,15,23,2155,196,84,66,158,98,91,66,55,39,38,40,0,14,0,14,44,45,63,51,132,73,129,69,134,72,196,125,173,107,298,86,12,19,98,58,49,35,71,47,135,75,151,90,9,15,35,35
25027758104,1400000US25027758104,3576,376,1716,220,31,45,58,36,163,69,142,101,48,56,0,14,0,14,0,14,78,62,100,63,80,54,131,78,58,46,315,127,94,71,98,111,33,31,21,22,44,30,97,110,82,47,13,15,30,30,1860,234,159,97,131,100,72,55,42,40,25,34,0,14,27,38,12,20,197,117,86,50,90,50,159,123,97,59,200,82,198,100,37,33,41,38,51,39,18,20,148,152,23,27,34,30,13,19
25027759100,1400000US25027759100,2166,257,1113,134,68,33,57,27,71,31,14,13,15,15,38,31,0,14,40,36,48,28,48,26,48,27,83,37,35,21,65,35,48,30,17,15,148,118,11,13,110,57,54,39,52,23,30,18,13,19,1053,144,20,22,36,20,48,23,17,16,8,12,10,10,4,8,60,40,31,21,51,30,47,27,52,27,63,33,81,32,77,40,87,61,53,53,49,36,28,16,55,28,80,48,54,75,42,34
25027760100,1400000US25027760100,3460,18,1606,121,63,60,61,48,36,41,88,82,0,14,0,14,2,5,38,45,106,72,69,43,98,46,59,46,94,77,249,120,55,40,118,64,47,37,59,44,61,48,154,66,70,51,44,43,35,25,1854,119,29,45,40,40,115,86,31,33,20,27,52,72,9,14,43,39,17,21,124,56,79,55,75,55,55,35,334,127,169,78,66,47,37,30,54,44,122,56,147,103,58,35,104,78,74,52
25027761100,1400000US25027761100,5009,19,2716,334,100,96,215,236,23,40,196,161,84,64,0,19,32,54,65,97,136,117,153,129,431,274,146,90,182,85,184,145,128,125,120,93,145,130,117,82,46,67,115,101,46,48,25,39,27,39,2293,332,0,19,267,215,120,106,119,93,0,19,43,69,45,64,125,115,141,112,152,138,145,108,51,64,125,95,171,172,123,101,258,173,55,57,16,24,112,85,156,112,39,46,29,51,1,3
25027761200,1400000US25027761200,6632,556,3145,402,95,77,230,172,199,116,91,85,120,114,0,19,3,8,123,88,166,97,238,153,289,128,358,149,239,148,255,136,191,93,68,44,29,29,70,76,48,42,104,62,135,75,63,52,31,34,3487,349,301,175,145,91,241,132,232,136,13,27,0,19,97,128,66,62,190,112,239,133,513,169,187,90,286,119,158,121,132,81,39,37,55,51,30,31,151,83,75,49,83,59,71,57,183,92
25027761300,1400000US25027761300,3594,481,1806,363,141,76,57,46,250,209,36,37,110,124,28,41,27,51,59,41,116,64,181,77,162,81,90,57,120,58,32,32,126,67,0,14,85,59,18,21,41,25,50,48,70,60,0,14,7,12,1788,272,151,96,25,34,78,51,75,51,58,45,1,3,11,18,39,23,165,77,205,90,131,84,102,59,85,55,167,87,78,50,43,33,18,36,78,49,52,30,155,108,16,20,13,16,42,35
25027761401,1400000US25027761401,4351,241,2106,201,125,49,138,117,91,86,169,154,53,44,63,68,24,28,58,59,49,47,37,31,100,65,212,92,98,80,267,138,143,73,81,58,52,33,63,61,57,54,98,54,61,38,47,49,20,20,2245,231,168,96,156,106,178,127,47,36,15,24,0,14,6,10,33,35,220,168,41,35,153,52,151,119,103,60,298,132,172,67,56,54,111,67,0,14,57,40,113,57,107,61,52,41,8,12
25027761402,1400000US25027761402,2576,242,1807,166,114,101,33,29,65,41,39,29,0,14,3,5,0,14,65,37,69,43,118,73,173,67,187,74,168,73,151,42,185,81,92,40,47,28,48,35,79,49,34,28,83,54,16,19,38,39,769,133,6,8,67,52,60,33,8,10,39,29,0,14,0,14,12,16,38,33,2,12,50,38,77,40,17,23,122,48,46,25,18,19,58,34,17,19,6,10,15,15,47,26,48,35,16,15
