geo_id,county_fips,acs_adult_population,acs_adult_moe90,acs_65plus_population,acs_65plus_moe90,acs_65plus_share_adult_pct,acs_moe_status,acs_period,acs_table
0500000US01001,01001,45917,1091,9759,563,21.3,reported,2020-2024,B01001
0500000US01003,01003,194799,3048,53523,1760,27.5,reported,2020-2024,B01001
0500000US01005,01005,19531,649,4955,308,25.4,reported,2020-2024,B01001
0500000US01007,01007,17693,767,3846,387,21.7,reported,2020-2024,B01001
0500000US01009,01009,45785,1060,11067,639,24.2,reported,2020-2024,B01001
0500000US01011,01011,7990,592,1867,298,23.4,reported,2020-2024,B01001
0500000US01013,01013,14518,583,4101,321,28.2,reported,2020-2024,B01001
0500000US01015,01015,91197,1588,21156,822,23.2,reported,2020-2024,B01001
0500000US01017,01017,27043,870,6939,483,25.7,reported,2020-2024,B01001
0500000US01019,01019,20717,698,6220,460,30.0,reported,2020-2024,B01001
0500000US01021,01021,34887,1115,7802,560,22.4,reported,2020-2024,B01001
0500000US01023,01023,9937,479,3016,267,30.4,reported,2020-2024,B01001
0500000US01025,01025,17685,701,4748,396,26.8,reported,2020-2024,B01001
0500000US01027,01027,11218,523,2918,262,26.0,reported,2020-2024,B01001
0500000US01029,01029,12039,629,3103,378,25.8,reported,2020-2024,B01001
0500000US01031,01031,41670,928,9446,482,22.7,reported,2020-2024,B01001
0500000US01033,01033,45654,1321,11853,717,26.0,reported,2020-2024,B01001
0500000US01035,01035,9014,545,2809,289,31.2,reported,2020-2024,B01001
0500000US01037,01037,8505,536,2607,285,30.7,reported,2020-2024,B01001
0500000US01039,01039,29282,781,8355,438,28.5,reported,2020-2024,B01001
0500000US01041,01041,10135,452,2649,231,26.1,reported,2020-2024,B01001
0500000US01043,01043,70253,1434,17234,815,24.5,reported,2020-2024,B01001
0500000US01045,01045,38028,917,8969,516,23.6,reported,2020-2024,B01001
0500000US01047,01047,28153,907,7515,502,26.7,reported,2020-2024,B01001
0500000US01049,01049,54916,1289,12748,665,23.2,reported,2020-2024,B01001
0500000US01051,01051,70213,1423,14803,718,21.1,reported,2020-2024,B01001
0500000US01053,01053,28321,925,6955,502,24.6,reported,2020-2024,B01001
0500000US01055,01055,80523,1440,20340,868,25.3,reported,2020-2024,B01001
0500000US01057,01057,12643,583,3509,305,27.8,reported,2020-2024,B01001
0500000US01059,01059,23914,952,5328,439,22.3,reported,2020-2024,B01001
0500000US01061,01061,20982,730,5452,436,26.0,reported,2020-2024,B01001
0500000US01063,01063,5822,497,1864,242,32.0,reported,2020-2024,B01001
0500000US01065,01065,11245,662,2965,291,26.4,reported,2020-2024,B01001
0500000US01067,01067,14045,593,4202,326,29.9,reported,2020-2024,B01001
0500000US01069,01069,83367,943,20206,567,24.2,reported,2020-2024,B01001
0500000US01071,01071,42018,1002,11082,587,26.4,reported,2020-2024,B01001
0500000US01073,01073,514572,3946,112068,2318,21.8,reported,2020-2024,B01001
0500000US01075,01075,10663,484,3069,300,28.8,reported,2020-2024,B01001
0500000US01077,01077,77246,1552,19645,811,25.4,reported,2020-2024,B01001
0500000US01079,01079,26036,789,6336,459,24.3,reported,2020-2024,B01001
0500000US01081,01081,143197,2397,24021,983,16.8,reported,2020-2024,B01001
0500000US01083,01083,86575,1864,17314,918,20.0,reported,2020-2024,B01001
0500000US01085,01085,7675,383,2023,204,26.4,reported,2020-2024,B01001
0500000US01087,01087,15804,649,3967,292,25.1,reported,2020-2024,B01001
0500000US01089,01089,318000,3212,63754,1754,20.0,reported,2020-2024,B01001
0500000US01091,01091,14697,715,3885,318,26.4,reported,2020-2024,B01001
0500000US01093,01093,23021,759,6251,474,27.2,reported,2020-2024,B01001
0500000US01095,01095,73807,1199,17050,673,23.1,reported,2020-2024,B01001
0500000US01097,01097,316551,,71563,1793,22.6,not available in one or more component cells,2020-2024,B01001
0500000US01099,01099,15287,664,4194,331,27.4,reported,2020-2024,B01001
0500000US01101,01101,172062,2345,36690,1332,21.3,reported,2020-2024,B01001
0500000US01103,01103,95365,1618,22372,947,23.5,reported,2020-2024,B01001
0500000US01105,01105,6322,609,1736,231,27.5,reported,2020-2024,B01001
0500000US01107,01107,15137,,3723,287,24.6,not available in one or more component cells,2020-2024,B01001
0500000US01109,01109,26629,915,5140,316,19.3,reported,2020-2024,B01001
0500000US01111,01111,17811,717,4921,436,27.6,reported,2020-2024,B01001
0500000US01113,01113,44513,1169,8979,556,20.2,reported,2020-2024,B01001
0500000US01115,01115,73226,1488,16832,845,23.0,reported,2020-2024,B01001
0500000US01117,01117,177832,,38766,1225,21.8,not available in one or more component cells,2020-2024,B01001
0500000US01119,01119,9585,,2354,265,24.6,not available in one or more component cells,2020-2024,B01001
0500000US01121,01121,64314,1364,15700,751,24.4,reported,2020-2024,B01001
0500000US01123,01123,32721,876,9534,565,29.1,reported,2020-2024,B01001
0500000US01125,01125,188935,,33117,1227,17.5,not available in one or more component cells,2020-2024,B01001
0500000US01127,01127,49972,1150,12743,660,25.5,reported,2020-2024,B01001
0500000US01129,01129,12114,661,3184,317,26.3,reported,2020-2024,B01001
0500000US01131,01131,7917,,2207,234,27.9,not available in one or more component cells,2020-2024,B01001
0500000US01133,01133,18798,605,5210,379,27.7,reported,2020-2024,B01001
0500000US02013,02013,3003,384,456,84,15.2,reported,2020-2024,B01001
0500000US02016,02016,4754,364,312,92,6.6,reported,2020-2024,B01001
0500000US02020,02020,220979,,37183,1269,16.8,not available in one or more component cells,2020-2024,B01001
0500000US02050,02050,12012,370,1538,140,12.8,reported,2020-2024,B01001
0500000US02060,02060,781,169,170,68,21.8,reported,2020-2024,B01001
0500000US02063,02063,5427,337,951,157,17.5,reported,2020-2024,B01001
0500000US02066,02066,1936,179,679,106,35.1,reported,2020-2024,B01001
0500000US02068,02068,1681,654,241,49,14.3,reported,2020-2024,B01001
0500000US02070,02070,3265,588,569,136,17.4,reported,2020-2024,B01001
0500000US02090,02090,72835,1625,12160,768,16.7,reported,2020-2024,B01001
0500000US02100,02100,1624,203,456,86,28.1,reported,2020-2024,B01001
0500000US02105,02105,1917,195,653,97,34.1,reported,2020-2024,B01001
0500000US02110,02110,25297,839,5084,462,20.1,reported,2020-2024,B01001
0500000US02122,02122,47131,954,12085,520,25.6,reported,2020-2024,B01001
0500000US02130,02130,10990,410,2433,191,22.1,reported,2020-2024,B01001
0500000US02150,02150,9747,727,1777,306,18.2,reported,2020-2024,B01001
0500000US02158,02158,4734,181,558,66,11.8,reported,2020-2024,B01001
0500000US02164,02164,778,198,108,26,13.9,reported,2020-2024,B01001
0500000US02170,02170,84001,1042,15498,570,18.4,reported,2020-2024,B01001
0500000US02180,02180,6540,239,875,78,13.4,reported,2020-2024,B01001
0500000US02185,02185,8028,539,875,178,10.9,reported,2020-2024,B01001
0500000US02188,02188,4664,208,630,54,13.5,reported,2020-2024,B01001
0500000US02195,02195,2776,264,802,105,28.9,reported,2020-2024,B01001
0500000US02198,02198,4509,170,1177,88,26.1,reported,2020-2024,B01001
0500000US02220,02220,6764,304,1479,161,21.9,reported,2020-2024,B01001
0500000US02230,02230,1039,197,227,48,21.8,reported,2020-2024,B01001
0500000US02240,02240,5348,292,1106,128,20.7,reported,2020-2024,B01001
0500000US02275,02275,1677,157,572,84,34.1,reported,2020-2024,B01001
0500000US02282,02282,463,126,141,48,30.5,reported,2020-2024,B01001
0500000US02290,02290,3827,246,899,73,23.5,reported,2020-2024,B01001
0500000US04001,04001,48358,951,11004,530,22.8,reported,2020-2024,B01001
0500000US04003,04003,99676,1627,31164,1059,31.3,reported,2020-2024,B01001
0500000US04005,04005,116274,1842,20960,850,18.0,reported,2020-2024,B01001
0500000US04007,04007,43767,1243,16621,783,38.0,reported,2020-2024,B01001
0500000US04009,04009,29108,827,5687,426,19.5,reported,2020-2024,B01001
0500000US04011,04011,7013,588,1329,230,19.0,reported,2020-2024,B01001
0500000US04012,04012,14175,765,7189,582,50.7,reported,2020-2024,B01001
0500000US04013,04013,3535491,,742814,5602,21.0,not available in one or more component cells,2020-2024,B01001
0500000US04015,04015,184919,2672,71936,1825,38.9,reported,2020-2024,B01001
0500000US04017,04017,81052,1385,21823,835,26.9,reported,2020-2024,B01001
0500000US04019,04019,852768,5092,228992,2932,26.9,reported,2020-2024,B01001
0500000US04021,04021,368097,3510,101036,2228,27.4,reported,2020-2024,B01001
0500000US04023,04023,36320,931,9427,520,26.0,reported,2020-2024,B01001
0500000US04025,04025,207699,2655,83800,1799,40.3,reported,2020-2024,B01001
0500000US04027,04027,159745,2263,43769,1337,27.4,reported,2020-2024,B01001
0500000US05001,05001,12689,602,3324,317,26.2,reported,2020-2024,B01001
0500000US05003,05003,14288,608,3963,331,27.7,reported,2020-2024,B01001
0500000US05005,05005,34898,1010,13140,702,37.7,reported,2020-2024,B01001
0500000US05007,05007,226382,2416,41759,1329,18.4,reported,2020-2024,B01001
0500000US05009,05009,29552,931,8083,551,27.4,reported,2020-2024,B01001
0500000US05011,05011,7703,440,1935,217,25.1,reported,2020-2024,B01001
0500000US05013,05013,3801,329,1118,170,29.4,reported,2020-2024,B01001
0500000US05015,05015,22422,807,6705,487,29.9,reported,2020-2024,B01001
0500000US05017,05017,7648,485,2179,231,28.5,reported,2020-2024,B01001
0500000US05019,05019,16885,646,3470,300,20.6,reported,2020-2024,B01001
0500000US05021,05021,11213,433,3112,268,27.8,reported,2020-2024,B01001
0500000US05023,05023,20413,675,6910,424,33.9,reported,2020-2024,B01001
0500000US05025,05025,5858,364,1580,191,27.0,reported,2020-2024,B01001
0500000US05027,05027,17553,723,3905,342,22.2,reported,2020-2024,B01001
0500000US05029,05029,16296,662,4158,360,25.5,reported,2020-2024,B01001
0500000US05031,05031,84696,1692,15723,908,18.6,reported,2020-2024,B01001
0500000US05033,05033,46503,1222,10954,670,23.6,reported,2020-2024,B01001
0500000US05035,05035,34507,827,7221,437,20.9,reported,2020-2024,B01001
0500000US05037,05037,12618,509,3123,275,24.8,reported,2020-2024,B01001
0500000US05039,05039,4986,398,1590,209,31.9,reported,2020-2024,B01001
0500000US05041,05041,8096,438,2168,214,26.8,reported,2020-2024,B01001
0500000US05043,05043,13303,711,3107,351,23.4,reported,2020-2024,B01001
0500000US05045,05045,98823,1755,17545,728,17.8,reported,2020-2024,B01001
0500000US05047,05047,13455,552,3583,332,26.6,reported,2020-2024,B01001
0500000US05049,05049,9761,472,3200,305,32.8,reported,2020-2024,B01001
0500000US05051,05051,80214,1592,24702,933,30.8,reported,2020-2024,B01001
0500000US05053,05053,14395,587,3369,337,23.4,reported,2020-2024,B01001
0500000US05055,05055,35309,972,7533,520,21.3,reported,2020-2024,B01001
0500000US05057,05057,14575,670,3641,338,25.0,reported,2020-2024,B01001
0500000US05059,05059,26641,866,6653,460,25.0,reported,2020-2024,B01001
0500000US05061,05061,9349,483,2371,253,25.4,reported,2020-2024,B01001
0500000US05063,05063,28892,946,6708,501,23.2,reported,2020-2024,B01001
0500000US05065,05065,11519,470,3523,282,30.6,reported,2020-2024,B01001
0500000US05067,05067,13376,515,2998,266,22.4,reported,2020-2024,B01001
0500000US05069,05069,50896,1124,12051,641,23.7,reported,2020-2024,B01001
0500000US05071,05071,19704,719,4422,355,22.4,reported,2020-2024,B01001
0500000US05073,05073,5016,324,1584,190,31.6,reported,2020-2024,B01001
0500000US05075,05075,12614,415,3077,252,24.4,reported,2020-2024,B01001
0500000US05077,05077,6778,510,1707,220,25.2,reported,2020-2024,B01001
0500000US05079,05079,10912,517,1914,196,17.5,reported,2020-2024,B01001
0500000US05081,05081,9232,480,2521,262,27.3,reported,2020-2024,B01001
0500000US05083,05083,16687,605,4242,302,25.4,reported,2020-2024,B01001
0500000US05085,05085,56685,1237,11028,617,19.5,reported,2020-2024,B01001
0500000US05087,05087,13377,657,3415,364,25.5,reported,2020-2024,B01001
0500000US05089,05089,14031,604,4993,449,35.6,reported,2020-2024,B01001
0500000US05091,05091,32461,999,7246,515,22.3,reported,2020-2024,B01001
0500000US05093,05093,29000,854,6085,426,21.0,reported,2020-2024,B01001
0500000US05095,05095,5037,361,1546,191,30.7,reported,2020-2024,B01001
0500000US05097,05097,6952,363,2331,227,33.5,reported,2020-2024,B01001
0500000US05099,05099,6352,468,1770,228,27.9,reported,2020-2024,B01001
0500000US05101,05101,5780,372,1972,221,34.1,reported,2020-2024,B01001
0500000US05103,05103,17176,653,4719,378,27.5,reported,2020-2024,B01001
0500000US05105,05105,7899,363,2130,214,27.0,reported,2020-2024,B01001
0500000US05107,05107,11396,586,3200,337,28.1,reported,2020-2024,B01001
0500000US05109,05109,7862,364,2123,184,27.0,reported,2020-2024,B01001
0500000US05111,05111,17088,544,4170,338,24.4,reported,2020-2024,B01001
0500000US05113,05113,15001,577,4399,316,29.3,reported,2020-2024,B01001
0500000US05115,05115,49315,1258,10574,647,21.4,reported,2020-2024,B01001
0500000US05117,05117,6404,360,1900,217,29.7,reported,2020-2024,B01001
0500000US05119,05119,306640,3099,66665,1788,21.7,reported,2020-2024,B01001
0500000US05121,05121,14225,541,3641,336,25.6,reported,2020-2024,B01001
0500000US05123,05123,17647,600,4008,325,22.7,reported,2020-2024,B01001
0500000US05125,05125,97836,1793,23444,1043,24.0,reported,2020-2024,B01001
0500000US05127,05127,7598,495,1978,249,26.0,reported,2020-2024,B01001
0500000US05129,05129,6265,343,2008,226,32.1,reported,2020-2024,B01001
0500000US05131,05131,98272,1624,21959,971,22.3,reported,2020-2024,B01001
0500000US05133,05133,11256,656,2459,312,21.8,reported,2020-2024,B01001
0500000US05135,05135,14151,532,4531,346,32.0,reported,2020-2024,B01001
0500000US05137,05137,10097,574,3547,382,35.1,reported,2020-2024,B01001
0500000US05139,05139,28916,894,7288,481,25.2,reported,2020-2024,B01001
0500000US05141,05141,12922,546,4337,331,33.6,reported,2020-2024,B01001
0500000US05143,05143,196461,,31687,1180,16.1,not available in one or more component cells,2020-2024,B01001
0500000US05145,05145,59799,1416,13200,723,22.1,reported,2020-2024,B01001
0500000US05147,05147,4723,,1495,181,31.7,not available in one or more component cells,2020-2024,B01001
0500000US05149,05149,15299,623,3558,311,23.3,reported,2020-2024,B01001
0500000US06001,06001,1323197,,254161,3112,19.2,not available in one or more component cells,2020-2024,B01001
0500000US06003,06003,1295,197,341,76,26.3,reported,2020-2024,B01001
0500000US06005,06005,35039,1112,11423,699,32.6,reported,2020-2024,B01001
0500000US06007,06007,165477,2184,38227,1156,23.1,reported,2020-2024,B01001
0500000US06009,06009,38415,1228,13517,827,35.2,reported,2020-2024,B01001
0500000US06011,06011,16070,757,3410,320,21.2,reported,2020-2024,B01001
0500000US06013,06013,909012,,199270,2706,21.9,not available in one or more component cells,2020-2024,B01001
0500000US06015,06015,21450,818,5552,465,25.9,reported,2020-2024,B01001
0500000US06017,06017,155029,2147,45254,1294,29.2,reported,2020-2024,B01001
0500000US06019,06019,734206,4394,131488,2300,17.9,reported,2020-2024,B01001
0500000US06021,06021,20872,684,4893,379,23.4,reported,2020-2024,B01001
0500000US06023,06023,109240,1784,26660,958,24.4,reported,2020-2024,B01001
0500000US06025,06025,129148,2141,24701,1115,19.1,reported,2020-2024,B01001
0500000US06027,06027,14958,691,4675,393,31.3,reported,2020-2024,B01001
0500000US06029,06029,653585,4324,108560,2247,16.6,reported,2020-2024,B01001
0500000US06031,06031,112172,1769,16584,836,14.8,reported,2020-2024,B01001
0500000US06033,06033,53218,1352,16290,779,30.6,reported,2020-2024,B01001
0500000US06035,06035,24745,711,5012,367,20.3,reported,2020-2024,B01001
0500000US06037,06037,7789527,,1487700,8173,19.1,not available in one or more component cells,2020-2024,B01001
0500000US06039,06039,117268,1893,23148,954,19.7,reported,2020-2024,B01001
0500000US06041,06041,207983,2313,61345,1499,29.5,reported,2020-2024,B01001
0500000US06043,06043,14141,700,5073,480,35.9,reported,2020-2024,B01001
0500000US06045,06045,71347,1471,22154,955,31.1,reported,2020-2024,B01001
0500000US06047,06047,206871,2329,34001,1190,16.4,reported,2020-2024,B01001
0500000US06049,06049,6961,555,2722,407,39.1,reported,2020-2024,B01001
0500000US06051,06051,10819,923,2297,340,21.2,reported,2020-2024,B01001
0500000US06053,06053,325339,2792,65068,1494,20.0,reported,2020-2024,B01001
0500000US06055,06055,108643,2466,28455,1960,26.2,reported,2020-2024,B01001
0500000US06057,06057,85070,1736,30033,1181,35.3,reported,2020-2024,B01001
0500000US06059,06059,2500687,,514824,4592,20.6,not available in one or more component cells,2020-2024,B01001
0500000US06061,06061,327869,2756,85822,1681,26.2,reported,2020-2024,B01001
0500000US06063,06063,16087,821,6114,511,38.0,reported,2020-2024,B01001
0500000US06065,06065,1881231,,382888,4003,20.4,not available in one or more component cells,2020-2024,B01001
0500000US06067,06067,1229481,,243370,3111,19.8,not available in one or more component cells,2020-2024,B01001
0500000US06069,06069,50274,1030,9234,505,18.4,reported,2020-2024,B01001
0500000US06071,06071,1636726,,276984,3406,16.9,not available in one or more component cells,2020-2024,B01001
0500000US06073,06073,2601457,,507734,4334,19.5,not available in one or more component cells,2020-2024,B01001
0500000US06075,06075,716727,4071,146510,2457,20.4,reported,2020-2024,B01001
0500000US06077,06077,588510,4013,107730,2122,18.3,reported,2020-2024,B01001
0500000US06079,06079,232311,2753,62338,1608,26.8,reported,2020-2024,B01001
0500000US06081,06081,597245,,132242,2067,22.1,not available in one or more component cells,2020-2024,B01001
0500000US06083,06083,344302,2992,73710,1565,21.4,reported,2020-2024,B01001
0500000US06085,06085,1511971,,282010,3226,18.7,not available in one or more component cells,2020-2024,B01001
0500000US06087,06087,216213,2476,50275,1335,23.3,reported,2020-2024,B01001
0500000US06089,06089,142288,1955,39009,1171,27.4,reported,2020-2024,B01001
0500000US06091,06091,2349,299,963,152,41.0,reported,2020-2024,B01001
0500000US06093,06093,34776,834,12101,526,34.8,reported,2020-2024,B01001
0500000US06095,06095,353088,,78738,1768,22.3,not available in one or more component cells,2020-2024,B01001
0500000US06097,06097,392643,3199,104389,1945,26.6,reported,2020-2024,B01001
0500000US06099,06099,406611,,76271,1715,18.8,not available in one or more component cells,2020-2024,B01001
0500000US06101,06101,73983,1414,16216,799,21.9,reported,2020-2024,B01001
0500000US06103,06103,49471,1200,13085,742,26.4,reported,2020-2024,B01001
0500000US06105,06105,13133,1040,4795,569,36.5,reported,2020-2024,B01001
0500000US06107,06107,336272,3095,57101,1596,17.0,reported,2020-2024,B01001
0500000US06109,06109,45193,1241,15339,781,33.9,reported,2020-2024,B01001
0500000US06111,06111,654762,4031,145793,2393,22.3,reported,2020-2024,B01001
0500000US06113,06113,176281,2387,29712,938,16.9,reported,2020-2024,B01001
0500000US06115,06115,61543,1353,11060,646,18.0,reported,2020-2024,B01001
0500000US08001,08001,398386,3254,59925,1582,15.0,reported,2020-2024,B01001
0500000US08003,08003,12642,755,2507,300,19.8,reported,2020-2024,B01001
0500000US08005,08005,510782,3338,95133,1862,18.6,reported,2020-2024,B01001
0500000US08007,08007,11579,640,3997,386,34.5,reported,2020-2024,B01001
0500000US08009,08009,2660,164,884,108,33.2,reported,2020-2024,B01001
0500000US08011,08011,4660,327,1048,135,22.5,reported,2020-2024,B01001
0500000US08013,08013,271246,2746,53942,1414,19.9,reported,2020-2024,B01001
0500000US08014,08014,60689,984,11901,545,19.6,reported,2020-2024,B01001
0500000US08015,08015,17374,887,5307,501,30.5,reported,2020-2024,B01001
0500000US08017,08017,1355,147,342,59,25.2,reported,2020-2024,B01001
0500000US08019,08019,7892,491,2102,343,26.6,reported,2020-2024,B01001
0500000US08021,08021,5627,285,1549,149,27.5,reported,2020-2024,B01001
0500000US08023,08023,2936,233,1029,134,35.0,reported,2020-2024,B01001
0500000US08025,08025,4912,347,874,114,17.8,reported,2020-2024,B01001
0500000US08027,08027,4528,405,1738,240,38.4,reported,2020-2024,B01001
0500000US08029,08029,25569,821,8973,542,35.1,reported,2020-2024,B01001
0500000US08031,08031,589362,3794,89711,2023,15.2,reported,2020-2024,B01001
0500000US08033,08033,2092,331,777,205,37.1,reported,2020-2024,B01001
0500000US08035,08035,288852,2584,52473,1315,18.2,reported,2020-2024,B01001
0500000US08037,08037,43867,1716,7871,807,17.9,reported,2020-2024,B01001
0500000US08039,08039,21955,674,5246,337,23.9,reported,2020-2024,B01001
0500000US08041,08041,571272,3664,104287,2063,18.3,reported,2020-2024,B01001
0500000US08043,08043,41698,1046,11371,566,27.3,reported,2020-2024,B01001
0500000US08045,08045,47140,1138,9222,559,19.6,reported,2020-2024,B01001
0500000US08047,08047,4934,572,1315,270,26.7,reported,2020-2024,B01001
0500000US08049,08049,13360,666,3325,364,24.9,reported,2020-2024,B01001
0500000US08051,08051,14627,764,2603,248,17.8,reported,2020-2024,B01001
0500000US08053,08053,819,145,311,81,38.0,reported,2020-2024,B01001
0500000US08055,08055,5884,464,2424,264,41.2,reported,2020-2024,B01001
0500000US08057,08057,1140,188,447,117,39.2,reported,2020-2024,B01001
0500000US08059,08059,472407,3123,103643,1798,21.9,reported,2020-2024,B01001
0500000US08061,08061,1078,128,303,63,28.1,reported,2020-2024,B01001
0500000US08063,08063,5188,293,1394,151,26.9,reported,2020-2024,B01001
0500000US08065,08065,6011,582,1116,293,18.6,reported,2020-2024,B01001
0500000US08067,08067,46464,1059,11728,613,25.2,reported,2020-2024,B01001
0500000US08069,08069,300029,2943,63764,1550,21.3,reported,2020-2024,B01001
0500000US08071,08071,11821,431,3751,251,31.7,reported,2020-2024,B01001
0500000US08073,08073,4586,284,1014,109,22.1,reported,2020-2024,B01001
0500000US08075,08075,17135,651,3992,289,23.3,reported,2020-2024,B01001
0500000US08077,08077,126191,1885,33412,1142,26.5,reported,2020-2024,B01001
0500000US08079,08079,643,107,238,52,37.0,reported,2020-2024,B01001
0500000US08081,08081,10010,501,2194,294,21.9,reported,2020-2024,B01001
0500000US08083,08083,20944,878,6599,453,31.5,reported,2020-2024,B01001
0500000US08085,08085,35032,1024,11400,589,32.5,reported,2020-2024,B01001
0500000US08087,08087,22152,863,4736,380,21.4,reported,2020-2024,B01001
0500000US08089,08089,14089,636,3894,340,27.6,reported,2020-2024,B01001
0500000US08091,08091,4448,347,1820,216,40.9,reported,2020-2024,B01001
0500000US08093,08093,15353,751,4262,413,27.8,reported,2020-2024,B01001
0500000US08095,08095,3351,304,924,142,27.6,reported,2020-2024,B01001
0500000US08097,08097,14501,812,3875,464,26.7,reported,2020-2024,B01001
0500000US08099,08099,8803,450,2241,239,25.5,reported,2020-2024,B01001
0500000US08101,08101,132452,1717,33407,991,25.2,reported,2020-2024,B01001
0500000US08103,08103,4955,378,1143,167,23.1,reported,2020-2024,B01001
0500000US08105,08105,9040,587,2578,274,28.5,reported,2020-2024,B01001
0500000US08107,08107,20772,799,4637,401,22.3,reported,2020-2024,B01001
0500000US08109,08109,5406,426,1754,226,32.4,reported,2020-2024,B01001
0500000US08111,08111,631,135,134,57,21.2,reported,2020-2024,B01001
0500000US08113,08113,6543,421,1481,203,22.6,reported,2020-2024,B01001
0500000US08115,08115,1794,153,557,69,31.0,reported,2020-2024,B01001
0500000US08117,08117,25971,1112,4874,538,18.8,reported,2020-2024,B01001
0500000US08119,08119,20936,839,6224,467,29.7,reported,2020-2024,B01001
0500000US08121,08121,3760,176,1086,108,28.9,reported,2020-2024,B01001
0500000US08123,08123,261124,2556,45353,1246,17.4,reported,2020-2024,B01001
0500000US08125,08125,7203,484,1840,220,25.5,reported,2020-2024,B01001
0500000US09110,09110,780266,4549,176305,2590,22.6,reported,2020-2024,B01001
0500000US09120,09120,256480,2710,52801,1426,20.6,reported,2020-2024,B01001
0500000US09130,09130,146455,1951,39070,1120,26.7,reported,2020-2024,B01001
0500000US09140,09140,362719,3449,87273,1998,24.1,reported,2020-2024,B01001
0500000US09150,09150,78558,1430,19034,803,24.2,reported,2020-2024,B01001
0500000US09160,09160,93041,1544,26115,914,28.1,reported,2020-2024,B01001
0500000US09170,09170,458975,3615,106066,2020,23.1,reported,2020-2024,B01001
0500000US09180,09180,225847,,54676,1409,24.2,not available in one or more component cells,2020-2024,B01001
0500000US09190,09190,490581,3596,109217,2050,22.3,reported,2020-2024,B01001
0500000US10001,10001,144883,2102,34294,1232,23.7,reported,2020-2024,B01001
0500000US10003,10003,455266,3680,98558,2004,21.6,reported,2020-2024,B01001
0500000US10005,10005,209370,,77249,1605,36.9,not available in one or more component cells,2020-2024,B01001
0500000US11001,11001,553980,3895,87159,2181,15.7,reported,2020-2024,B01001
0500000US12001,12001,234712,,43645,1445,18.6,not available in one or more component cells,2020-2024,B01001
0500000US12003,12003,21535,987,4335,486,20.1,reported,2020-2024,B01001
0500000US12005,12005,147011,2079,34078,1204,23.2,reported,2020-2024,B01001
0500000US12007,12007,22170,874,5068,451,22.9,reported,2020-2024,B01001
0500000US12009,12009,518525,4295,155030,2725,29.9,reported,2020-2024,B01001
0500000US12011,12011,1566792,7553,354411,4517,22.6,reported,2020-2024,B01001
0500000US12013,12013,10824,541,2506,272,23.2,reported,2020-2024,B01001
0500000US12015,12015,177416,2683,81528,1956,46.0,reported,2020-2024,B01001
0500000US12017,12017,138536,2300,59271,1612,42.8,reported,2020-2024,B01001
0500000US12019,12019,175585,2668,39006,1500,22.2,reported,2020-2024,B01001
0500000US12021,12021,333375,3812,134721,2836,40.4,reported,2020-2024,B01001
0500000US12023,12023,55882,1502,14552,771,26.0,reported,2020-2024,B01001
0500000US12027,12027,29037,1181,8417,644,29.0,reported,2020-2024,B01001
0500000US12029,12029,14004,687,4081,369,29.1,reported,2020-2024,B01001
0500000US12031,12031,794100,5363,156682,2721,19.7,reported,2020-2024,B01001
0500000US12033,12033,257834,2691,58359,1571,22.6,reported,2020-2024,B01001
0500000US12035,12035,106193,2012,39628,1336,37.3,reported,2020-2024,B01001
0500000US12037,12037,10615,540,3326,305,31.3,reported,2020-2024,B01001
0500000US12039,12039,34067,,8702,608,25.5,not available in one or more component cells,2020-2024,B01001
0500000US12041,12041,15003,635,3851,366,25.7,reported,2020-2024,B01001
0500000US12043,12043,10901,754,3261,329,29.9,reported,2020-2024,B01001
0500000US12045,12045,12849,641,3592,364,28.0,reported,2020-2024,B01001
0500000US12047,12047,10816,599,2681,278,24.8,reported,2020-2024,B01001
0500000US12049,12049,19405,737,4138,379,21.3,reported,2020-2024,B01001
0500000US12051,12051,31810,1246,5853,652,18.4,reported,2020-2024,B01001
0500000US12053,12053,168665,2294,54596,1460,32.4,reported,2020-2024,B01001
0500000US12055,12055,88071,1790,38051,1291,43.2,reported,2020-2024,B01001
0500000US12057,12057,1193557,6079,229164,3393,19.2,reported,2020-2024,B01001
0500000US12059,12059,15522,618,4139,375,26.7,reported,2020-2024,B01001
0500000US12061,12061,141850,2415,58171,1564,41.0,reported,2020-2024,B01001
0500000US12063,12063,39115,961,10078,570,25.8,reported,2020-2024,B01001
0500000US12065,12065,12502,615,3694,345,29.5,reported,2020-2024,B01001
0500000US12067,12067,6747,562,1748,274,25.9,reported,2020-2024,B01001
0500000US12069,12069,334459,3702,109863,2364,32.8,reported,2020-2024,B01001
0500000US12071,12071,677356,4904,236549,3311,34.9,reported,2020-2024,B01001
0500000US12073,12073,242488,2921,44008,1202,18.1,reported,2020-2024,B01001
0500000US12075,12075,36590,1112,11401,639,31.2,reported,2020-2024,B01001
0500000US12077,12077,6181,398,1085,173,17.6,reported,2020-2024,B01001
0500000US12079,12079,14893,748,4143,369,27.8,reported,2020-2024,B01001
0500000US12081,12081,354610,3615,122539,2417,34.6,reported,2020-2024,B01001
0500000US12083,12083,325035,3649,114789,2484,35.3,reported,2020-2024,B01001
0500000US12085,12085,136042,2308,52205,1532,38.4,reported,2020-2024,B01001
0500000US12086,12086,2190277,8363,463896,5142,21.2,reported,2020-2024,B01001
0500000US12087,12087,69029,1487,20247,943,29.3,reported,2020-2024,B01001
0500000US12089,12089,78936,1730,23395,1023,29.6,reported,2020-2024,B01001
0500000US12091,12091,167673,2159,36047,1159,21.5,reported,2020-2024,B01001
0500000US12093,12093,32095,1007,8169,547,25.5,reported,2020-2024,B01001
0500000US12095,12095,1157295,6827,191739,3307,16.6,reported,2020-2024,B01001
0500000US12097,12097,325363,3859,57262,1970,17.6,reported,2020-2024,B01001
0500000US12099,12099,1244690,6652,380989,4402,30.6,reported,2020-2024,B01001
0500000US12101,12101,487666,3901,134207,2448,27.5,reported,2020-2024,B01001
0500000US12103,12103,814900,4908,254248,3215,31.2,reported,2020-2024,B01001
0500000US12105,12105,616747,4582,154193,2743,25.0,reported,2020-2024,B01001
0500000US12107,12107,59210,1445,17887,910,30.2,reported,2020-2024,B01001
0500000US12109,12109,240741,3159,64617,1886,26.8,reported,2020-2024,B01001
0500000US12111,12111,289599,3832,88534,2571,30.6,reported,2020-2024,B01001
0500000US12113,12113,155222,2378,33229,1339,21.4,reported,2020-2024,B01001
0500000US12115,12115,395222,3757,172362,2800,43.6,reported,2020-2024,B01001
0500000US12117,12117,382555,3576,80052,1871,20.9,reported,2020-2024,B01001
0500000US12119,12119,133163,2689,82722,2211,62.1,reported,2020-2024,B01001
0500000US12121,12121,35871,1279,9627,643,26.8,reported,2020-2024,B01001
0500000US12123,12123,17138,814,4568,434,26.7,reported,2020-2024,B01001
0500000US12125,12125,12287,484,2607,253,21.2,reported,2020-2024,B01001
0500000US12127,12127,478798,4108,147134,2628,30.7,reported,2020-2024,B01001
0500000US12129,12129,28073,971,5841,469,20.8,reported,2020-2024,B01001
0500000US12131,12131,65598,1581,16658,805,25.4,reported,2020-2024,B01001
0500000US12133,12133,20419,697,4803,364,23.5,reported,2020-2024,B01001
0500000US13001,13001,13988,735,3431,356,24.5,reported,2020-2024,B01001
0500000US13003,13003,6227,495,1186,191,19.0,reported,2020-2024,B01001
0500000US13005,13005,8316,549,1983,257,23.8,reported,2020-2024,B01001
0500000US13007,13007,2343,288,759,162,32.4,reported,2020-2024,B01001
0500000US13009,13009,35606,1086,7516,540,21.1,reported,2020-2024,B01001
0500000US13011,13011,15147,617,3351,319,22.1,reported,2020-2024,B01001
0500000US13013,13013,67291,1289,11574,690,17.2,reported,2020-2024,B01001
0500000US13015,13015,86831,1580,16520,833,19.0,reported,2020-2024,B01001
0500000US13017,13017,12910,693,3076,308,23.8,reported,2020-2024,B01001
0500000US13019,13019,14060,578,3222,299,22.9,reported,2020-2024,B01001
0500000US13021,13021,118375,1898,25755,994,21.8,reported,2020-2024,B01001
0500000US13023,13023,9909,580,2255,295,22.8,reported,2020-2024,B01001
0500000US13025,13025,14481,814,3180,408,22.0,reported,2020-2024,B01001
0500000US13027,13027,13035,763,3588,379,27.5,reported,2020-2024,B01001
0500000US13029,13029,34202,1161,5272,463,15.4,reported,2020-2024,B01001
0500000US13031,13031,66133,1522,10265,681,15.5,reported,2020-2024,B01001
0500000US13033,13033,18465,861,4331,425,23.5,reported,2020-2024,B01001
0500000US13035,13035,21046,939,4177,414,19.8,reported,2020-2024,B01001
0500000US13037,13037,4658,349,952,132,20.4,reported,2020-2024,B01001
0500000US13039,13039,43256,1231,8739,553,20.2,reported,2020-2024,B01001
0500000US13043,13043,8309,547,2110,262,25.4,reported,2020-2024,B01001
0500000US13045,13045,94956,1875,17703,825,18.6,reported,2020-2024,B01001
0500000US13047,13047,53582,1351,12806,811,23.9,reported,2020-2024,B01001
0500000US13049,13049,10273,739,1831,227,17.8,reported,2020-2024,B01001
0500000US13051,13051,238654,2901,50376,1600,21.1,reported,2020-2024,B01001
0500000US13053,13053,7576,605,397,136,5.2,reported,2020-2024,B01001
0500000US13055,13055,19535,686,4676,365,23.9,reported,2020-2024,B01001
0500000US13057,13057,217029,2706,44502,1572,20.5,reported,2020-2024,B01001
0500000US13059,13059,107924,,16200,800,15.0,not available in one or more component cells,2020-2024,B01001
0500000US13061,13061,2288,299,831,187,36.3,reported,2020-2024,B01001
0500000US13063,13063,218844,2839,32022,1399,14.6,reported,2020-2024,B01001
0500000US13065,13065,5083,545,1206,223,23.7,reported,2020-2024,B01001
0500000US13067,13067,600241,3986,105818,2218,17.6,reported,2020-2024,B01001
0500000US13069,13069,32707,1147,6318,519,19.3,reported,2020-2024,B01001
0500000US13071,13071,34368,1004,7448,498,21.7,reported,2020-2024,B01001
0500000US13073,13073,122078,2132,24555,1189,20.1,reported,2020-2024,B01001
0500000US13075,13075,13074,662,2834,261,21.7,reported,2020-2024,B01001
0500000US13077,13077,117574,1970,23218,1017,19.7,reported,2020-2024,B01001
0500000US13079,13079,9678,683,2470,297,25.5,reported,2020-2024,B01001
0500000US13081,13081,15117,943,3913,449,25.9,reported,2020-2024,B01001
0500000US13083,13083,12944,599,3393,364,26.2,reported,2020-2024,B01001
0500000US13085,13085,24065,836,5900,452,24.5,reported,2020-2024,B01001
0500000US13087,13087,22134,863,4997,440,22.6,reported,2020-2024,B01001
0500000US13089,13089,591309,4233,105276,2324,17.8,reported,2020-2024,B01001
0500000US13091,13091,16098,716,3920,354,24.4,reported,2020-2024,B01001
0500000US13093,13093,9274,629,2444,324,26.4,reported,2020-2024,B01001
0500000US13095,13095,63066,1242,14443,655,22.9,reported,2020-2024,B01001
0500000US13097,13097,110439,1915,18051,891,16.3,reported,2020-2024,B01001
0500000US13099,13099,8017,464,2110,241,26.3,reported,2020-2024,B01001
0500000US13101,13101,2586,305,456,131,17.6,reported,2020-2024,B01001
0500000US13103,13103,50886,1345,8631,596,17.0,reported,2020-2024,B01001
0500000US13105,13105,15469,792,4201,399,27.2,reported,2020-2024,B01001
0500000US13107,13107,17294,666,3776,327,21.8,reported,2020-2024,B01001
0500000US13109,13109,8053,522,1837,213,22.8,reported,2020-2024,B01001
0500000US13111,13111,21753,953,7965,608,36.6,reported,2020-2024,B01001
0500000US13113,13113,94744,1645,24467,998,25.8,reported,2020-2024,B01001
0500000US13115,13115,77087,1481,16744,818,21.7,reported,2020-2024,B01001
0500000US13117,13117,198515,,33956,1201,17.1,not available in one or more component cells,2020-2024,B01001
0500000US13119,13119,18853,698,4634,388,24.6,reported,2020-2024,B01001
0500000US13121,13121,851853,5368,136734,2653,16.1,reported,2020-2024,B01001
0500000US13123,13123,26490,922,8766,603,33.1,reported,2020-2024,B01001
0500000US13125,13125,2273,247,542,99,23.8,reported,2020-2024,B01001
0500000US13127,13127,67663,1625,19398,969,28.7,reported,2020-2024,B01001
0500000US13129,13129,45428,1286,9362,627,20.6,reported,2020-2024,B01001
0500000US13131,13131,19676,804,4949,452,25.2,reported,2020-2024,B01001
0500000US13133,13133,16649,698,6211,410,37.3,reported,2020-2024,B01001
0500000US13135,13135,724706,5196,110790,2476,15.3,reported,2020-2024,B01001
0500000US13137,13137,37365,931,9246,512,24.7,reported,2020-2024,B01001
0500000US13139,13139,162065,2119,34659,1203,21.4,reported,2020-2024,B01001
0500000US13141,13141,7462,622,2180,303,29.2,reported,2020-2024,B01001
0500000US13143,13143,23856,853,4840,395,20.3,reported,2020-2024,B01001
0500000US13145,13145,28342,950,6940,563,24.5,reported,2020-2024,B01001
0500000US13147,13147,21462,779,6095,452,28.4,reported,2020-2024,B01001
0500000US13149,13149,9057,462,2077,260,22.9,reported,2020-2024,B01001
0500000US13151,13151,187343,2483,31217,1414,16.7,reported,2020-2024,B01001
0500000US13153,13153,126324,2277,23261,1105,18.4,reported,2020-2024,B01001
0500000US13155,13155,7178,524,1681,230,23.4,reported,2020-2024,B01001
0500000US13157,13157,63472,1292,12298,635,19.4,reported,2020-2024,B01001
0500000US13159,13159,12210,592,2791,328,22.9,reported,2020-2024,B01001
0500000US13161,13161,11101,663,2342,330,21.1,reported,2020-2024,B01001
0500000US13163,13163,11879,571,2865,289,24.1,reported,2020-2024,B01001
0500000US13165,13165,7215,715,1851,343,25.7,reported,2020-2024,B01001
0500000US13167,13167,7557,439,1867,204,24.7,reported,2020-2024,B01001
0500000US13169,13169,22148,813,5165,462,23.3,reported,2020-2024,B01001
0500000US13171,13171,15571,844,3456,381,22.2,reported,2020-2024,B01001
0500000US13173,13173,7918,558,1553,277,19.6,reported,2020-2024,B01001
0500000US13175,13175,37567,1009,9144,578,24.3,reported,2020-2024,B01001
0500000US13177,13177,25020,1059,4657,469,18.6,reported,2020-2024,B01001
0500000US13179,13179,48664,1085,6828,446,14.0,reported,2020-2024,B01001
0500000US13181,13181,6382,480,2024,263,31.7,reported,2020-2024,B01001
0500000US13183,13183,13302,847,1800,295,13.5,reported,2020-2024,B01001
0500000US13185,13185,90488,1698,15923,802,17.6,reported,2020-2024,B01001
0500000US13187,13187,28650,903,6419,445,22.4,reported,2020-2024,B01001
0500000US13189,13189,16351,895,4118,432,25.2,reported,2020-2024,B01001
0500000US13191,13191,9600,508,3348,316,34.9,reported,2020-2024,B01001
0500000US13193,13193,9729,590,2256,267,23.2,reported,2020-2024,B01001
0500000US13195,13195,24145,949,5794,518,24.0,reported,2020-2024,B01001
0500000US13197,13197,5990,453,1637,222,27.3,reported,2020-2024,B01001
0500000US13199,13199,16542,641,4473,358,27.0,reported,2020-2024,B01001
0500000US13201,13201,4535,355,1318,187,29.1,reported,2020-2024,B01001
0500000US13205,13205,16235,728,3923,357,24.2,reported,2020-2024,B01001
0500000US13207,13207,23397,1041,5677,505,24.3,reported,2020-2024,B01001
0500000US13209,13209,6890,385,1541,157,22.4,reported,2020-2024,B01001
0500000US13211,13211,16417,681,4322,348,26.3,reported,2020-2024,B01001
0500000US13213,13213,31010,915,6104,447,19.7,reported,2020-2024,B01001
0500000US13215,13215,152921,2373,30092,1124,19.7,reported,2020-2024,B01001
0500000US13217,13217,88284,1865,15870,849,18.0,reported,2020-2024,B01001
0500000US13219,13219,32252,1004,7306,518,22.7,reported,2020-2024,B01001
0500000US13221,13221,12177,574,2969,296,24.4,reported,2020-2024,B01001
0500000US13223,13223,133332,2264,20997,1102,15.7,reported,2020-2024,B01001
0500000US13225,13225,22484,931,4779,462,21.3,reported,2020-2024,B01001
0500000US13227,13227,28394,932,8031,526,28.3,reported,2020-2024,B01001
0500000US13229,13229,15220,746,3455,345,22.7,reported,2020-2024,B01001
0500000US13231,13231,15286,535,3149,295,20.6,reported,2020-2024,B01001
0500000US13233,13233,32794,1206,6736,564,20.5,reported,2020-2024,B01001
0500000US13235,13235,8204,603,2308,316,28.1,reported,2020-2024,B01001
0500000US13237,13237,18419,923,5679,469,30.8,reported,2020-2024,B01001
0500000US13239,13239,1947,324,842,201,43.2,reported,2020-2024,B01001
0500000US13241,13241,14500,540,4992,326,34.4,reported,2020-2024,B01001
0500000US13243,13243,4521,517,1374,305,30.4,reported,2020-2024,B01001
0500000US13245,13245,158860,2364,31570,1242,19.9,reported,2020-2024,B01001
0500000US13247,13247,72696,1630,15068,790,20.7,reported,2020-2024,B01001
0500000US13249,13249,3401,328,660,144,19.4,reported,2020-2024,B01001
0500000US13251,13251,11189,621,2928,262,26.2,reported,2020-2024,B01001
0500000US13253,13253,7320,526,2357,274,32.2,reported,2020-2024,B01001
0500000US13255,13255,52760,1340,13161,782,24.9,reported,2020-2024,B01001
0500000US13257,13257,21249,793,5735,477,27.0,reported,2020-2024,B01001
0500000US13259,13259,4277,521,787,122,18.4,reported,2020-2024,B01001
0500000US13261,13261,22550,988,5152,444,22.8,reported,2020-2024,B01001
0500000US13263,13263,4796,347,1573,186,32.8,reported,2020-2024,B01001
0500000US13265,13265,1267,191,459,115,36.2,reported,2020-2024,B01001
0500000US13267,13267,19336,799,3736,404,19.3,reported,2020-2024,B01001
0500000US13269,13269,6248,467,1709,190,27.4,reported,2020-2024,B01001
0500000US13271,13271,9924,762,2242,272,22.6,reported,2020-2024,B01001
0500000US13273,13273,6875,439,1850,219,26.9,reported,2020-2024,B01001
0500000US13275,13275,34981,974,8720,573,24.9,reported,2020-2024,B01001
0500000US13277,13277,31165,1123,6599,507,21.2,reported,2020-2024,B01001
0500000US13279,13279,19980,897,4630,391,23.2,reported,2020-2024,B01001
0500000US13281,13281,11294,505,4769,329,42.2,reported,2020-2024,B01001
0500000US13283,13283,4983,516,1192,253,23.9,reported,2020-2024,B01001
0500000US13285,13285,53107,1330,11174,662,21.0,reported,2020-2024,B01001
0500000US13287,13287,6700,521,1729,244,25.8,reported,2020-2024,B01001
0500000US13289,13289,6336,406,1916,218,30.2,reported,2020-2024,B01001
0500000US13291,13291,22381,803,8987,522,40.2,reported,2020-2024,B01001
0500000US13293,13293,21632,976,5215,450,24.1,reported,2020-2024,B01001
0500000US13295,13295,54206,1327,13502,763,24.9,reported,2020-2024,B01001
0500000US13297,13297,78628,1501,16849,869,21.4,reported,2020-2024,B01001
0500000US13299,13299,27042,1012,6167,532,22.8,reported,2020-2024,B01001
0500000US13301,13301,4119,356,1208,173,29.3,reported,2020-2024,B01001
0500000US13303,13303,15604,608,3627,289,23.2,reported,2020-2024,B01001
0500000US13305,13305,23539,911,4987,484,21.2,reported,2020-2024,B01001
0500000US13307,13307,2042,302,463,127,22.7,reported,2020-2024,B01001
0500000US13309,13309,6181,713,1297,223,21.0,reported,2020-2024,B01001
0500000US13311,13311,23237,811,6695,457,28.8,reported,2020-2024,B01001
0500000US13313,13313,77851,1553,15483,798,19.9,reported,2020-2024,B01001
0500000US13315,13315,7127,374,1749,188,24.5,reported,2020-2024,B01001
0500000US13317,13317,7624,504,2309,242,30.3,reported,2020-2024,B01001
0500000US13319,13319,6832,375,1798,178,26.3,reported,2020-2024,B01001
0500000US13321,13321,15903,667,4169,381,26.2,reported,2020-2024,B01001
0500000US15001,15001,163331,2188,49001,1426,30.0,reported,2020-2024,B01001
0500000US15003,15003,795118,,195878,2388,24.6,not available in one or more component cells,2020-2024,B01001
0500000US15005,15005,67,67,14,34,20.9,reported,2020-2024,B01001
0500000US15007,15007,58095,1151,16530,727,28.5,reported,2020-2024,B01001
0500000US15009,15009,130015,1783,34129,1068,26.3,reported,2020-2024,B01001
0500000US16001,16001,404742,3254,84270,1893,20.8,reported,2020-2024,B01001
0500000US16003,16003,3917,296,1429,159,36.5,reported,2020-2024,B01001
0500000US16005,16005,66985,1232,13708,640,20.5,reported,2020-2024,B01001
0500000US16007,16007,4830,243,1410,145,29.2,reported,2020-2024,B01001
0500000US16009,16009,7907,346,2426,225,30.7,reported,2020-2024,B01001
0500000US16011,16011,35208,870,7538,498,21.4,reported,2020-2024,B01001
0500000US16013,16013,20170,936,5665,505,28.1,reported,2020-2024,B01001
0500000US16015,16015,6999,371,2339,253,33.4,reported,2020-2024,B01001
0500000US16017,16017,41053,1070,13477,691,32.8,reported,2020-2024,B01001
0500000US16019,16019,90920,1519,17950,884,19.7,reported,2020-2024,B01001
0500000US16021,16021,10100,556,3093,353,30.6,reported,2020-2024,B01001
0500000US16023,16023,2024,195,544,95,26.9,reported,2020-2024,B01001
0500000US16025,16025,827,149,217,64,26.2,reported,2020-2024,B01001
0500000US16027,16027,183752,2341,36467,1250,19.8,reported,2020-2024,B01001
0500000US16029,16029,5271,297,1298,144,24.6,reported,2020-2024,B01001
0500000US16031,16031,17604,625,3693,304,21.0,reported,2020-2024,B01001
0500000US16033,16033,607,103,103,36,17.0,reported,2020-2024,B01001
0500000US16035,16035,7671,315,2614,203,34.1,reported,2020-2024,B01001
0500000US16037,16037,3847,395,1634,286,42.5,reported,2020-2024,B01001
0500000US16039,16039,22220,728,4338,394,19.5,reported,2020-2024,B01001
0500000US16041,16041,10463,498,2249,244,21.5,reported,2020-2024,B01001
0500000US16043,16043,10603,422,2547,227,24.0,reported,2020-2024,B01001
0500000US16045,16045,16091,683,4755,396,29.6,reported,2020-2024,B01001
0500000US16047,16047,11727,549,2940,305,25.1,reported,2020-2024,B01001
0500000US16049,16049,13976,525,5124,312,36.7,reported,2020-2024,B01001
0500000US16051,16051,22430,699,3954,332,17.6,reported,2020-2024,B01001
0500000US16053,16053,17712,607,3363,302,19.0,reported,2020-2024,B01001
0500000US16055,16055,141340,2144,36591,1249,25.9,reported,2020-2024,B01001
0500000US16057,16057,33301,901,6078,374,18.3,reported,2020-2024,B01001
0500000US16059,16059,6850,478,2550,283,37.2,reported,2020-2024,B01001
0500000US16061,16061,2874,125,1043,88,36.3,reported,2020-2024,B01001
0500000US16063,16063,3965,203,825,98,20.8,reported,2020-2024,B01001
0500000US16065,16065,43564,1062,2945,236,6.8,reported,2020-2024,B01001
0500000US16067,16067,15943,723,3576,353,22.4,reported,2020-2024,B01001
0500000US16069,16069,33634,923,8998,543,26.8,reported,2020-2024,B01001
0500000US16071,16071,3479,270,949,148,27.3,reported,2020-2024,B01001
0500000US16073,16073,9447,451,2414,243,25.6,reported,2020-2024,B01001
0500000US16075,16075,19945,873,5288,515,26.5,reported,2020-2024,B01001
0500000US16077,16077,5710,474,1381,221,24.2,reported,2020-2024,B01001
0500000US16079,16079,10928,411,3214,245,29.4,reported,2020-2024,B01001
0500000US16081,16081,9650,485,1778,239,18.4,reported,2020-2024,B01001
0500000US16083,16083,69062,1395,15548,796,22.5,reported,2020-2024,B01001
0500000US16085,16085,10063,792,3349,414,33.3,reported,2020-2024,B01001
0500000US16087,16087,8668,450,2964,282,34.2,reported,2020-2024,B01001
0500000US17001,17001,50176,1030,13317,651,26.5,reported,2020-2024,B01001
0500000US17003,17003,3835,240,1215,137,31.7,reported,2020-2024,B01001
0500000US17005,17005,13753,526,3137,249,22.8,reported,2020-2024,B01001
0500000US17007,17007,40580,1127,8916,635,22.0,reported,2020-2024,B01001
0500000US17009,17009,5260,293,1029,121,19.6,reported,2020-2024,B01001
0500000US17011,17011,26067,535,7614,330,29.2,reported,2020-2024,B01001
0500000US17013,17013,3469,240,1101,135,31.7,reported,2020-2024,B01001
0500000US17015,17015,12817,411,3768,236,29.4,reported,2020-2024,B01001
0500000US17017,17017,9665,416,2307,210,23.9,reported,2020-2024,B01001
0500000US17019,17019,168878,2446,28984,1032,17.2,reported,2020-2024,B01001
0500000US17021,17021,27056,705,6797,383,25.1,reported,2020-2024,B01001
0500000US17023,17023,11854,430,3095,255,26.1,reported,2020-2024,B01001
0500000US17025,17025,9941,424,2727,291,27.4,reported,2020-2024,B01001
0500000US17027,17027,28974,693,6955,379,24.0,reported,2020-2024,B01001
0500000US17029,17029,38228,1039,8592,521,22.5,reported,2020-2024,B01001
0500000US17031,17031,4089888,10686,827156,6305,20.2,reported,2020-2024,B01001
0500000US17033,17033,14765,509,3659,262,24.8,reported,2020-2024,B01001
0500000US17035,17035,8017,358,2173,212,27.1,reported,2020-2024,B01001
0500000US17037,17037,78980,1505,14020,625,17.8,reported,2020-2024,B01001
0500000US17039,17039,12093,432,3182,255,26.3,reported,2020-2024,B01001
0500000US17041,17041,14892,455,3679,258,24.7,reported,2020-2024,B01001
0500000US17043,17043,723949,4035,161240,2403,22.3,reported,2020-2024,B01001
0500000US17045,17045,13260,485,4080,337,30.8,reported,2020-2024,B01001
0500000US17047,17047,4737,208,1370,130,28.9,reported,2020-2024,B01001
0500000US17049,17049,26257,624,6501,366,24.8,reported,2020-2024,B01001
0500000US17051,17051,16960,575,4164,297,24.6,reported,2020-2024,B01001
0500000US17053,17053,10276,369,2628,217,25.6,reported,2020-2024,B01001
0500000US17055,17055,29083,653,7835,414,26.9,reported,2020-2024,B01001
0500000US17057,17057,26569,657,7089,406,26.7,reported,2020-2024,B01001
0500000US17059,17059,3833,204,1217,124,31.8,reported,2020-2024,B01001
0500000US17061,17061,9108,309,2434,204,26.7,reported,2020-2024,B01001
0500000US17063,17063,40280,967,8031,505,19.9,reported,2020-2024,B01001
0500000US17065,17065,6185,349,1816,205,29.4,reported,2020-2024,B01001
0500000US17067,17067,13646,377,4256,251,31.2,reported,2020-2024,B01001
0500000US17069,17069,3072,245,1076,150,35.0,reported,2020-2024,B01001
0500000US17071,17071,5048,229,1710,152,33.9,reported,2020-2024,B01001
0500000US17073,17073,38127,826,10591,508,27.8,reported,2020-2024,B01001
0500000US17075,17075,20746,477,5977,296,28.8,reported,2020-2024,B01001
0500000US17077,17077,43070,1021,8778,476,20.4,reported,2020-2024,B01001
0500000US17079,17079,7111,355,1926,205,27.1,reported,2020-2024,B01001
0500000US17081,17081,28410,591,7298,373,25.7,reported,2020-2024,B01001
0500000US17083,17083,17067,623,4391,348,25.7,reported,2020-2024,B01001
0500000US17085,17085,17879,574,6541,390,36.6,reported,2020-2024,B01001
0500000US17087,17087,10893,482,2630,198,24.1,reported,2020-2024,B01001
0500000US17089,17089,393691,3282,80391,1953,20.4,reported,2020-2024,B01001
0500000US17091,17091,82363,1315,19030,783,23.1,reported,2020-2024,B01001
0500000US17093,17093,100437,,15466,835,15.4,not available in one or more component cells,2020-2024,B01001
0500000US17095,17095,39139,903,10907,527,27.9,reported,2020-2024,B01001
0500000US17097,17097,547917,3763,112792,2023,20.6,reported,2020-2024,B01001
0500000US17099,17099,85694,1332,21669,801,25.3,reported,2020-2024,B01001
0500000US17101,17101,12235,498,2779,236,22.7,reported,2020-2024,B01001
0500000US17103,17103,27214,759,7227,469,26.6,reported,2020-2024,B01001
0500000US17105,17105,27763,670,7164,380,25.8,reported,2020-2024,B01001
0500000US17107,17107,22375,657,5409,325,24.2,reported,2020-2024,B01001
0500000US17109,17109,22070,672,5199,328,23.6,reported,2020-2024,B01001
0500000US17111,17111,241502,2371,51512,1408,21.3,reported,2020-2024,B01001
0500000US17113,17113,135165,1846,25004,847,18.5,reported,2020-2024,B01001
0500000US17115,17115,78783,1319,21412,799,27.2,reported,2020-2024,B01001
0500000US17117,17117,35214,788,9566,461,27.2,reported,2020-2024,B01001
0500000US17119,17119,207890,2190,48934,1337,23.5,reported,2020-2024,B01001
0500000US17121,17121,28315,619,7473,373,26.4,reported,2020-2024,B01001
0500000US17123,17123,9269,287,2800,195,30.2,reported,2020-2024,B01001
0500000US17125,17125,10098,324,2939,210,29.1,reported,2020-2024,B01001
0500000US17127,17127,10910,461,3049,251,27.9,reported,2020-2024,B01001
0500000US17129,17129,9452,346,2513,211,26.6,reported,2020-2024,B01001
0500000US17131,17131,12265,389,3389,226,27.6,reported,2020-2024,B01001
0500000US17133,17133,27385,801,6913,476,25.2,reported,2020-2024,B01001
0500000US17135,17135,22321,615,6007,361,26.9,reported,2020-2024,B01001
0500000US17137,17137,26769,835,6897,432,25.8,reported,2020-2024,B01001
0500000US17139,17139,10792,392,2739,224,25.4,reported,2020-2024,B01001
0500000US17141,17141,40065,883,10274,573,25.6,reported,2020-2024,B01001
0500000US17143,17143,136674,1717,32813,1061,24.0,reported,2020-2024,B01001
0500000US17145,17145,16660,577,4185,313,25.1,reported,2020-2024,B01001
0500000US17147,17147,13087,484,3529,282,27.0,reported,2020-2024,B01001
0500000US17149,17149,11116,355,3152,219,28.4,reported,2020-2024,B01001
0500000US17151,17151,3200,269,1084,159,33.9,reported,2020-2024,B01001
0500000US17153,17153,3983,258,1172,130,29.4,reported,2020-2024,B01001
0500000US17155,17155,4498,188,1379,115,30.7,reported,2020-2024,B01001
0500000US17157,17157,23995,639,6393,360,26.6,reported,2020-2024,B01001
0500000US17159,17159,12014,471,3234,261,26.9,reported,2020-2024,B01001
0500000US17161,17161,110666,1583,29061,992,26.3,reported,2020-2024,B01001
0500000US17163,17163,195281,,44007,1271,22.5,not available in one or more component cells,2020-2024,B01001
0500000US17165,17165,18414,601,4996,347,27.1,reported,2020-2024,B01001
0500000US17167,17167,152307,1876,37849,1075,24.9,reported,2020-2024,B01001
0500000US17169,17169,5634,329,1744,195,31.0,reported,2020-2024,B01001
0500000US17171,17171,3907,168,1142,111,29.2,reported,2020-2024,B01001
0500000US17173,17173,16308,493,4905,307,30.1,reported,2020-2024,B01001
0500000US17175,17175,4161,168,1215,100,29.2,reported,2020-2024,B01001
0500000US17177,17177,34472,905,10671,535,31.0,reported,2020-2024,B01001
0500000US17179,17179,101706,1650,25882,1026,25.4,reported,2020-2024,B01001
0500000US17181,17181,13380,478,3899,332,29.1,reported,2020-2024,B01001
0500000US17183,17183,55432,1087,14698,569,26.5,reported,2020-2024,B01001
0500000US17185,17185,8788,371,2509,243,28.6,reported,2020-2024,B01001
0500000US17187,17187,12754,487,3286,276,25.8,reported,2020-2024,B01001
0500000US17189,17189,10791,341,2948,203,27.3,reported,2020-2024,B01001
0500000US17191,17191,12381,404,3510,244,28.3,reported,2020-2024,B01001
0500000US17193,17193,10662,402,3191,277,29.9,reported,2020-2024,B01001
0500000US17195,17195,42882,895,11967,535,27.9,reported,2020-2024,B01001
0500000US17197,17197,535898,3412,102267,1936,19.1,reported,2020-2024,B01001
0500000US17199,17199,52649,1093,13136,658,25.0,reported,2020-2024,B01001
0500000US17201,17201,216761,2234,52518,1428,24.2,reported,2020-2024,B01001
0500000US17203,17203,29151,711,7416,425,25.4,reported,2020-2024,B01001
0500000US18001,18001,24892,679,5921,398,23.8,reported,2020-2024,B01001
0500000US18003,18003,292748,2587,61278,1429,20.9,reported,2020-2024,B01001
0500000US18005,18005,63434,1368,13953,719,22.0,reported,2020-2024,B01001
0500000US18007,18007,6588,278,1512,154,23.0,reported,2020-2024,B01001
0500000US18009,18009,9228,406,2631,249,28.5,reported,2020-2024,B01001
0500000US18011,18011,55652,1297,11194,695,20.1,reported,2020-2024,B01001
0500000US18013,18013,13013,543,4154,352,31.9,reported,2020-2024,B01001
0500000US18015,18015,16065,561,4255,304,26.5,reported,2020-2024,B01001
0500000US18017,18017,28997,877,7085,463,24.4,reported,2020-2024,B01001
0500000US18019,18019,96935,1682,20797,989,21.5,reported,2020-2024,B01001
0500000US18021,18021,20356,668,4986,386,24.5,reported,2020-2024,B01001
0500000US18023,18023,24096,736,5337,373,22.1,reported,2020-2024,B01001
0500000US18025,18025,8326,366,2188,225,26.3,reported,2020-2024,B01001
0500000US18027,18027,23643,679,5384,348,22.8,reported,2020-2024,B01001
0500000US18029,18029,39918,951,9838,568,24.6,reported,2020-2024,B01001
0500000US18031,18031,20214,658,4797,371,23.7,reported,2020-2024,B01001
0500000US18033,18033,33254,797,7630,475,22.9,reported,2020-2024,B01001
0500000US18035,18035,91904,1605,19757,800,21.5,reported,2020-2024,B01001
0500000US18037,18037,33032,970,8184,494,24.8,reported,2020-2024,B01001
0500000US18039,18039,150425,1977,31943,1131,21.2,reported,2020-2024,B01001
0500000US18041,18041,18198,628,4799,384,26.4,reported,2020-2024,B01001
0500000US18043,18043,62787,1254,14283,685,22.7,reported,2020-2024,B01001
0500000US18045,18045,12927,438,3283,263,25.4,reported,2020-2024,B01001
0500000US18047,18047,17956,667,4674,394,26.0,reported,2020-2024,B01001
0500000US18049,18049,15568,592,4167,351,26.8,reported,2020-2024,B01001
0500000US18051,18051,25190,700,6007,411,23.8,reported,2020-2024,B01001
0500000US18053,18053,52159,1127,12770,610,24.5,reported,2020-2024,B01001
0500000US18055,18055,24395,651,6320,380,25.9,reported,2020-2024,B01001
0500000US18057,18057,272320,3119,50673,1610,18.6,reported,2020-2024,B01001
0500000US18059,18059,64532,1427,14541,806,22.5,reported,2020-2024,B01001
0500000US18061,18061,31006,874,7661,491,24.7,reported,2020-2024,B01001
0500000US18063,18063,138368,2203,27586,1178,19.9,reported,2020-2024,B01001
0500000US18065,18065,39066,857,9588,482,24.5,reported,2020-2024,B01001
0500000US18067,18067,64617,1370,16632,809,25.7,reported,2020-2024,B01001
0500000US18069,18069,28835,694,6881,374,23.9,reported,2020-2024,B01001
0500000US18071,18071,34609,1064,7542,528,21.8,reported,2020-2024,B01001
0500000US18073,18073,25584,744,6206,454,24.3,reported,2020-2024,B01001
0500000US18075,18075,15044,436,3700,248,24.6,reported,2020-2024,B01001
0500000US18077,18077,26419,807,6340,476,24.0,reported,2020-2024,B01001
0500000US18079,18079,21185,787,4818,420,22.7,reported,2020-2024,B01001
0500000US18081,18081,125954,2155,26185,1155,20.8,reported,2020-2024,B01001
0500000US18083,18083,28220,831,6877,487,24.4,reported,2020-2024,B01001
0500000US18085,18085,61513,1212,14541,632,23.6,reported,2020-2024,B01001
0500000US18087,18087,27853,721,5945,420,21.3,reported,2020-2024,B01001
0500000US18089,18089,384539,3395,89442,2081,23.3,reported,2020-2024,B01001
0500000US18091,18091,88161,1518,21761,882,24.7,reported,2020-2024,B01001
0500000US18093,18093,35538,911,9247,559,26.0,reported,2020-2024,B01001
0500000US18095,18095,103617,1526,24810,840,23.9,reported,2020-2024,B01001
0500000US18097,18097,731894,4654,128452,2376,17.6,reported,2020-2024,B01001
0500000US18099,18099,34967,815,8786,462,25.1,reported,2020-2024,B01001
0500000US18101,18101,7691,385,2063,228,26.8,reported,2020-2024,B01001
0500000US18103,18103,28282,768,6494,423,23.0,reported,2020-2024,B01001
0500000US18105,18105,118836,2172,20647,833,17.4,reported,2020-2024,B01001
0500000US18107,18107,29503,833,7222,489,24.5,reported,2020-2024,B01001
0500000US18109,18109,56636,1099,13177,662,23.3,reported,2020-2024,B01001
0500000US18111,18111,11032,524,2819,277,25.6,reported,2020-2024,B01001
0500000US18113,18113,35938,866,8120,473,22.6,reported,2020-2024,B01001
0500000US18115,18115,4803,262,1413,155,29.4,reported,2020-2024,B01001
0500000US18117,18117,15236,566,4111,320,27.0,reported,2020-2024,B01001
0500000US18119,18119,17208,544,4602,323,26.7,reported,2020-2024,B01001
0500000US18121,18121,12755,448,3370,283,26.4,reported,2020-2024,B01001
0500000US18123,18123,15296,519,3759,278,24.6,reported,2020-2024,B01001
0500000US18125,18125,9479,394,2614,229,27.6,reported,2020-2024,B01001
0500000US18127,18127,137497,1891,31953,1082,23.2,reported,2020-2024,B01001
0500000US18129,18129,19698,611,5245,366,26.6,reported,2020-2024,B01001
0500000US18131,18131,9695,412,2659,252,27.4,reported,2020-2024,B01001
0500000US18133,18133,30071,793,6468,427,21.5,reported,2020-2024,B01001
0500000US18135,18135,18858,552,5031,326,26.7,reported,2020-2024,B01001
0500000US18137,18137,22233,660,5459,379,24.6,reported,2020-2024,B01001
0500000US18139,18139,12957,481,3258,276,25.1,reported,2020-2024,B01001
0500000US18141,18141,209737,2075,46023,1279,21.9,reported,2020-2024,B01001
0500000US18143,18143,18824,748,4187,422,22.2,reported,2020-2024,B01001
0500000US18145,18145,35096,886,8441,486,24.1,reported,2020-2024,B01001
0500000US18147,18147,15642,496,4116,270,26.3,reported,2020-2024,B01001
0500000US18149,18149,18098,550,4826,316,26.7,reported,2020-2024,B01001
0500000US18151,18151,27896,763,7593,423,27.2,reported,2020-2024,B01001
0500000US18153,18153,16873,524,3937,298,23.3,reported,2020-2024,B01001
0500000US18155,18155,7561,378,1859,228,24.6,reported,2020-2024,B01001
0500000US18157,18157,150719,2290,23223,927,15.4,reported,2020-2024,B01001
0500000US18159,18159,12201,480,3399,287,27.9,reported,2020-2024,B01001
0500000US18161,18161,5542,310,1472,184,26.6,reported,2020-2024,B01001
0500000US18163,18163,141070,1938,32961,1123,23.4,reported,2020-2024,B01001
0500000US18165,18165,12101,473,3091,306,25.5,reported,2020-2024,B01001
0500000US18167,18167,84348,1587,18426,832,21.8,reported,2020-2024,B01001
0500000US18169,18169,24339,675,6731,411,27.7,reported,2020-2024,B01001
0500000US18171,18171,6631,286,1812,178,27.3,reported,2020-2024,B01001
0500000US18173,18173,50226,1140,12197,677,24.3,reported,2020-2024,B01001
0500000US18175,18175,21783,620,5234,363,24.0,reported,2020-2024,B01001
0500000US18177,18177,51380,1090,13101,623,25.5,reported,2020-2024,B01001
0500000US18179,18179,21406,663,5299,374,24.8,reported,2020-2024,B01001
0500000US18181,18181,19012,589,5232,352,27.5,reported,2020-2024,B01001
0500000US18183,18183,26722,773,6642,447,24.9,reported,2020-2024,B01001
0500000US19001,19001,5754,213,1684,129,29.3,reported,2020-2024,B01001
0500000US19003,19003,2816,157,876,99,31.1,reported,2020-2024,B01001
0500000US19005,19005,10644,405,3258,236,30.6,reported,2020-2024,B01001
0500000US19007,19007,9558,379,2882,219,30.2,reported,2020-2024,B01001
0500000US19009,19009,4389,203,1425,135,32.5,reported,2020-2024,B01001
0500000US19011,19011,19843,508,5093,321,25.7,reported,2020-2024,B01001
0500000US19013,19013,102305,1614,23138,768,22.6,reported,2020-2024,B01001
0500000US19015,19015,21056,658,5324,354,25.3,reported,2020-2024,B01001
0500000US19017,19017,19550,520,4980,285,25.5,reported,2020-2024,B01001
0500000US19019,19019,15443,431,3855,247,25.0,reported,2020-2024,B01001
0500000US19021,19021,15234,629,3373,265,22.1,reported,2020-2024,B01001
0500000US19023,19023,11075,314,3306,181,29.9,reported,2020-2024,B01001
0500000US19025,19025,7673,245,2320,145,30.2,reported,2020-2024,B01001
0500000US19027,19027,15574,531,4361,304,28.0,reported,2020-2024,B01001
0500000US19029,19029,10061,381,3061,232,30.4,reported,2020-2024,B01001
0500000US19031,19031,14474,457,3859,262,26.7,reported,2020-2024,B01001
0500000US19033,19033,33771,889,10036,544,29.7,reported,2020-2024,B01001
0500000US19035,19035,9025,398,2885,229,32.0,reported,2020-2024,B01001
0500000US19037,19037,9064,399,2671,230,29.5,reported,2020-2024,B01001
0500000US19039,19039,7192,496,1924,235,26.8,reported,2020-2024,B01001
0500000US19041,19041,12620,546,3686,308,29.2,reported,2020-2024,B01001
0500000US19043,19043,13333,373,4260,237,32.0,reported,2020-2024,B01001
0500000US19045,19045,35686,907,9378,482,26.3,reported,2020-2024,B01001
0500000US19047,19047,12134,587,2928,220,24.1,reported,2020-2024,B01001
0500000US19049,19049,79292,1452,13893,697,17.5,reported,2020-2024,B01001
0500000US19051,19051,6420,286,1661,161,25.9,reported,2020-2024,B01001
0500000US19053,19053,6038,250,1639,127,27.1,reported,2020-2024,B01001
0500000US19055,19055,13474,516,3784,333,28.1,reported,2020-2024,B01001
0500000US19057,19057,29927,822,8180,474,27.3,reported,2020-2024,B01001
0500000US19059,19059,14561,548,5079,326,34.9,reported,2020-2024,B01001
0500000US19061,19061,76713,1233,19152,728,25.0,reported,2020-2024,B01001
0500000US19063,19063,7496,383,2230,208,29.7,reported,2020-2024,B01001
0500000US19065,19065,15165,409,4424,232,29.2,reported,2020-2024,B01001
0500000US19067,19067,11850,445,3526,275,29.8,reported,2020-2024,B01001
0500000US19069,19069,7560,355,2147,204,28.4,reported,2020-2024,B01001
0500000US19071,19071,5123,191,1575,123,30.7,reported,2020-2024,B01001
0500000US19073,19073,6799,328,2119,191,31.2,reported,2020-2024,B01001
0500000US19075,19075,9479,283,2600,185,27.4,reported,2020-2024,B01001
0500000US19077,19077,8419,265,2591,174,30.8,reported,2020-2024,B01001
0500000US19079,19079,11339,444,3157,266,27.8,reported,2020-2024,B01001
0500000US19081,19081,8428,329,2554,189,30.3,reported,2020-2024,B01001
0500000US19083,19083,13482,389,3968,239,29.4,reported,2020-2024,B01001
0500000US19085,19085,11254,326,2946,206,26.2,reported,2020-2024,B01001
0500000US19087,19087,15826,471,4031,278,25.5,reported,2020-2024,B01001
0500000US19089,19089,7004,300,1932,181,27.6,reported,2020-2024,B01001
0500000US19091,19091,7317,295,2075,178,28.4,reported,2020-2024,B01001
0500000US19093,19093,5231,232,1533,126,29.3,reported,2020-2024,B01001
0500000US19095,19095,12656,459,3350,287,26.5,reported,2020-2024,B01001
0500000US19097,19097,15087,462,4304,280,28.5,reported,2020-2024,B01001
0500000US19099,19099,29597,733,7500,428,25.3,reported,2020-2024,B01001
0500000US19101,19101,13013,594,4192,342,32.2,reported,2020-2024,B01001
0500000US19103,19103,126363,2008,20834,830,16.5,reported,2020-2024,B01001
0500000US19105,19105,16684,562,4459,333,26.7,reported,2020-2024,B01001
0500000US19107,19107,7705,253,2233,147,29.0,reported,2020-2024,B01001
0500000US19109,19109,11318,387,3686,241,32.6,reported,2020-2024,B01001
0500000US19111,19111,25904,680,7309,431,28.2,reported,2020-2024,B01001
0500000US19113,19113,178147,2245,39802,1283,22.3,reported,2020-2024,B01001
0500000US19115,19115,8331,311,2146,170,25.8,reported,2020-2024,B01001
0500000US19117,19117,6667,296,1917,173,28.8,reported,2020-2024,B01001
0500000US19119,19119,8737,282,2320,163,26.6,reported,2020-2024,B01001
0500000US19121,19121,12668,494,2995,272,23.6,reported,2020-2024,B01001
0500000US19123,19123,16808,490,4199,293,25.0,reported,2020-2024,B01001
0500000US19125,19125,25873,678,6515,399,25.2,reported,2020-2024,B01001
0500000US19127,19127,29939,854,7301,438,24.4,reported,2020-2024,B01001
0500000US19129,19129,11242,463,2921,254,26.0,reported,2020-2024,B01001
0500000US19131,19131,8053,315,2290,181,28.4,reported,2020-2024,B01001
0500000US19133,19133,6622,255,2084,161,31.5,reported,2020-2024,B01001
0500000US19135,19135,5782,317,1548,173,26.8,reported,2020-2024,B01001
0500000US19137,19137,7907,338,2361,186,29.9,reported,2020-2024,B01001
0500000US19139,19139,32388,908,7691,472,23.7,reported,2020-2024,B01001
0500000US19141,19141,10680,435,2989,237,28.0,reported,2020-2024,B01001
0500000US19143,19143,4717,232,1389,125,29.4,reported,2020-2024,B01001
0500000US19145,19145,12225,438,3664,280,30.0,reported,2020-2024,B01001
0500000US19147,19147,6819,261,1970,159,28.9,reported,2020-2024,B01001
0500000US19149,19149,19304,600,5096,341,26.4,reported,2020-2024,B01001
0500000US19151,19151,5402,225,1682,142,31.1,reported,2020-2024,B01001
0500000US19153,19153,380581,3025,70275,1611,18.5,reported,2020-2024,B01001
0500000US19155,19155,72017,1222,17508,665,24.3,reported,2020-2024,B01001
0500000US19157,19157,14952,508,3967,287,26.5,reported,2020-2024,B01001
0500000US19159,19159,3603,185,1099,115,30.5,reported,2020-2024,B01001
0500000US19161,19161,7584,275,2351,171,31.0,reported,2020-2024,B01001
0500000US19163,19163,134197,1721,30617,980,22.8,reported,2020-2024,B01001
0500000US19165,19165,9079,362,2724,217,30.0,reported,2020-2024,B01001
0500000US19167,19167,26375,730,5866,362,22.2,reported,2020-2024,B01001
0500000US19169,19169,84190,1681,13275,626,15.8,reported,2020-2024,B01001
0500000US19171,19171,12865,373,3537,210,27.5,reported,2020-2024,B01001
0500000US19173,19173,4538,175,1342,97,29.6,reported,2020-2024,B01001
0500000US19175,19175,9296,385,2490,230,26.8,reported,2020-2024,B01001
0500000US19177,19177,5532,220,1707,135,30.9,reported,2020-2024,B01001
0500000US19179,19179,26930,785,6496,388,24.1,reported,2020-2024,B01001
0500000US19181,19181,41117,877,9112,468,22.2,reported,2020-2024,B01001
0500000US19183,19183,17028,489,4538,293,26.7,reported,2020-2024,B01001
0500000US19185,19185,4837,197,1475,123,30.5,reported,2020-2024,B01001
0500000US19187,19187,29001,743,7323,394,25.3,reported,2020-2024,B01001
0500000US19189,19189,8354,370,2341,195,28.0,reported,2020-2024,B01001
0500000US19191,19191,16159,488,4632,278,28.7,reported,2020-2024,B01001
0500000US19193,19193,78856,1455,16864,728,21.4,reported,2020-2024,B01001
0500000US19195,19195,5830,223,1684,133,28.9,reported,2020-2024,B01001
0500000US19197,19197,9462,400,2827,230,29.9,reported,2020-2024,B01001
0500000US20001,20001,9669,380,2619,217,27.1,reported,2020-2024,B01001
0500000US20003,20003,5825,361,1622,206,27.8,reported,2020-2024,B01001
0500000US20005,20005,12671,593,2931,310,23.1,reported,2020-2024,B01001
0500000US20007,20007,3137,214,967,132,30.8,reported,2020-2024,B01001
0500000US20009,20009,19053,679,5209,356,27.3,reported,2020-2024,B01001
0500000US20011,20011,10793,517,2880,282,26.7,reported,2020-2024,B01001
0500000US20013,20013,7010,269,2088,163,29.8,reported,2020-2024,B01001
0500000US20015,20015,51491,1041,11091,560,21.5,reported,2020-2024,B01001
0500000US20017,20017,2038,155,646,95,31.7,reported,2020-2024,B01001
0500000US20019,20019,2629,148,810,76,30.8,reported,2020-2024,B01001
0500000US20021,20021,14795,546,3877,323,26.2,reported,2020-2024,B01001
0500000US20023,20023,2030,127,689,80,33.9,reported,2020-2024,B01001
0500000US20025,20025,1474,137,451,73,30.6,reported,2020-2024,B01001
0500000US20027,20027,6195,304,1946,197,31.4,reported,2020-2024,B01001
0500000US20029,20029,6836,323,1908,180,27.9,reported,2020-2024,B01001
0500000US20031,20031,6525,252,1869,161,28.6,reported,2020-2024,B01001
0500000US20033,20033,1395,149,504,105,36.1,reported,2020-2024,B01001
0500000US20035,20035,26300,730,6518,418,24.8,reported,2020-2024,B01001
0500000US20037,20037,30346,909,6223,408,20.5,reported,2020-2024,B01001
0500000US20039,20039,2158,180,811,120,37.6,reported,2020-2024,B01001
0500000US20041,20041,14162,548,3890,341,27.5,reported,2020-2024,B01001
0500000US20043,20043,5920,277,1513,155,25.6,reported,2020-2024,B01001
0500000US20045,20045,99189,2038,16722,874,16.9,reported,2020-2024,B01001
0500000US20047,20047,2134,148,625,68,29.3,reported,2020-2024,B01001
0500000US20049,20049,1886,114,699,72,37.1,reported,2020-2024,B01001
0500000US20051,20051,23100,759,4616,358,20.0,reported,2020-2024,B01001
0500000US20053,20053,5238,250,1498,136,28.6,reported,2020-2024,B01001
0500000US20055,20055,26705,755,4525,387,16.9,reported,2020-2024,B01001
0500000US20057,20057,23877,814,4045,365,16.9,reported,2020-2024,B01001
0500000US20059,20059,20075,636,4678,386,23.3,reported,2020-2024,B01001
0500000US20061,20061,24442,755,3109,322,12.7,reported,2020-2024,B01001
0500000US20063,20063,2093,141,639,80,30.5,reported,2020-2024,B01001
0500000US20065,20065,1893,142,646,77,34.1,reported,2020-2024,B01001
0500000US20067,20067,5015,603,1038,224,20.7,reported,2020-2024,B01001
0500000US20069,20069,4076,214,960,104,23.6,reported,2020-2024,B01001
0500000US20071,20071,899,94,239,48,26.6,reported,2020-2024,B01001
0500000US20073,20073,4648,201,1560,133,33.6,reported,2020-2024,B01001
0500000US20075,20075,1635,233,291,83,17.8,reported,2020-2024,B01001
0500000US20077,20077,4009,224,1171,124,29.2,reported,2020-2024,B01001
0500000US20079,20079,25822,886,7239,511,28.0,reported,2020-2024,B01001
0500000US20081,20081,2660,221,576,98,21.7,reported,2020-2024,B01001
0500000US20083,20083,1228,118,367,58,29.9,reported,2020-2024,B01001
0500000US20085,20085,10029,378,2630,213,26.2,reported,2020-2024,B01001
0500000US20087,20087,14316,453,3666,272,25.6,reported,2020-2024,B01001
0500000US20089,20089,2298,149,914,107,39.8,reported,2020-2024,B01001
0500000US20091,20091,474880,3405,99005,2063,20.8,reported,2020-2024,B01001
0500000US20093,20093,2765,262,703,131,25.4,reported,2020-2024,B01001
0500000US20095,20095,5545,296,1416,169,25.5,reported,2020-2024,B01001
0500000US20097,20097,1859,120,548,63,29.5,reported,2020-2024,B01001
0500000US20099,20099,15031,551,4033,334,26.8,reported,2020-2024,B01001
0500000US20101,20101,1100,151,375,91,34.1,reported,2020-2024,B01001
0500000US20103,20103,63472,1322,13367,671,21.1,reported,2020-2024,B01001
0500000US20105,20105,2306,142,742,90,32.2,reported,2020-2024,B01001
0500000US20107,20107,7621,335,2227,211,29.2,reported,2020-2024,B01001
0500000US20109,20109,2078,148,582,73,28.0,reported,2020-2024,B01001
0500000US20111,20111,25053,856,5196,382,20.7,reported,2020-2024,B01001
0500000US20113,20113,23671,727,6040,384,25.5,reported,2020-2024,B01001
0500000US20115,20115,9278,310,2784,218,30.0,reported,2020-2024,B01001
0500000US20117,20117,7573,317,2306,197,30.5,reported,2020-2024,B01001
0500000US20119,20119,2889,203,710,109,24.6,reported,2020-2024,B01001
0500000US20121,20121,26710,834,6323,535,23.7,reported,2020-2024,B01001
0500000US20123,20123,4454,297,1320,145,29.6,reported,2020-2024,B01001
0500000US20125,20125,23622,747,6283,441,26.6,reported,2020-2024,B01001
0500000US20127,20127,4237,252,1385,164,32.7,reported,2020-2024,B01001
0500000US20129,20129,1975,216,513,93,26.0,reported,2020-2024,B01001
0500000US20131,20131,7430,284,2055,172,27.7,reported,2020-2024,B01001
0500000US20133,20133,11910,523,3223,326,27.1,reported,2020-2024,B01001
0500000US20135,20135,2129,160,664,86,31.2,reported,2020-2024,B01001
0500000US20137,20137,4282,376,1087,164,25.4,reported,2020-2024,B01001
0500000US20139,20139,12119,373,3288,225,27.1,reported,2020-2024,B01001
0500000US20141,20141,2690,151,924,95,34.3,reported,2020-2024,B01001
0500000US20143,20143,4450,212,1221,118,27.4,reported,2020-2024,B01001
0500000US20145,20145,5251,331,1432,199,27.3,reported,2020-2024,B01001
0500000US20147,20147,3730,196,1230,130,33.0,reported,2020-2024,B01001
0500000US20149,20149,18647,647,4020,308,21.6,reported,2020-2024,B01001
0500000US20151,20151,6874,365,1928,208,28.0,reported,2020-2024,B01001
0500000US20153,20153,1964,150,701,87,35.7,reported,2020-2024,B01001
0500000US20155,20155,48035,1110,12659,696,26.4,reported,2020-2024,B01001
0500000US20157,20157,3506,178,1243,121,35.5,reported,2020-2024,B01001
0500000US20159,20159,7160,354,1777,157,24.8,reported,2020-2024,B01001
0500000US20161,20161,60357,1501,7203,480,11.9,reported,2020-2024,B01001
0500000US20163,20163,3812,199,1151,100,30.2,reported,2020-2024,B01001
0500000US20165,20165,2358,158,732,90,31.0,reported,2020-2024,B01001
0500000US20167,20167,5219,323,1741,207,33.4,reported,2020-2024,B01001
0500000US20169,20169,41483,1251,10096,729,24.3,reported,2020-2024,B01001
0500000US20171,20171,3795,420,1007,209,26.5,reported,2020-2024,B01001
0500000US20173,20173,396625,3348,83777,2021,21.1,reported,2020-2024,B01001
0500000US20175,20175,14973,742,2300,312,15.4,reported,2020-2024,B01001
0500000US20177,20177,136944,1901,34618,1274,25.3,reported,2020-2024,B01001
0500000US20179,20179,1812,134,568,71,31.3,reported,2020-2024,B01001
0500000US20181,20181,4508,375,1239,212,27.5,reported,2020-2024,B01001
0500000US20183,20183,2840,142,1040,88,36.6,reported,2020-2024,B01001
0500000US20185,20185,3010,153,905,95,30.1,reported,2020-2024,B01001
0500000US20187,20187,1595,247,307,93,19.2,reported,2020-2024,B01001
0500000US20189,20189,3676,339,920,180,25.0,reported,2020-2024,B01001
0500000US20191,20191,16970,545,4367,300,25.7,reported,2020-2024,B01001
0500000US20193,20193,5943,402,1468,218,24.7,reported,2020-2024,B01001
0500000US20195,20195,2217,198,776,110,35.0,reported,2020-2024,B01001
0500000US20197,20197,5416,254,1514,190,28.0,reported,2020-2024,B01001
0500000US20199,20199,1091,104,369,64,33.8,reported,2020-2024,B01001
0500000US20201,20201,4193,160,1307,116,31.2,reported,2020-2024,B01001
0500000US20203,20203,1456,205,502,122,34.5,reported,2020-2024,B01001
0500000US20205,20205,6473,301,1964,180,30.3,reported,2020-2024,B01001
0500000US20207,20207,2471,165,804,84,32.5,reported,2020-2024,B01001
0500000US20209,20209,121716,1686,22334,922,18.3,reported,2020-2024,B01001
0500000US21001,21001,15328,593,3755,356,24.5,reported,2020-2024,B01001
0500000US21003,21003,16379,614,3807,333,23.2,reported,2020-2024,B01001
0500000US21005,21005,18719,618,4132,329,22.1,reported,2020-2024,B01001
0500000US21007,21007,6134,286,1665,160,27.1,reported,2020-2024,B01001
0500000US21009,21009,34208,903,8152,502,23.8,reported,2020-2024,B01001
0500000US21011,21011,9580,453,2221,236,23.2,reported,2020-2024,B01001
0500000US21013,21013,18371,741,4453,432,24.2,reported,2020-2024,B01001
0500000US21015,21015,104078,1818,20788,989,20.0,reported,2020-2024,B01001
0500000US21017,21017,15618,591,3951,332,25.3,reported,2020-2024,B01001
0500000US21019,21019,37752,981,9825,637,26.0,reported,2020-2024,B01001
0500000US21021,21021,24474,731,5773,387,23.6,reported,2020-2024,B01001
0500000US21023,21023,6494,320,1533,174,23.6,reported,2020-2024,B01001
0500000US21025,21025,10464,431,2481,222,23.7,reported,2020-2024,B01001
0500000US21027,21027,16113,608,4260,345,26.4,reported,2020-2024,B01001
0500000US21029,21029,66232,1328,14585,771,22.0,reported,2020-2024,B01001
0500000US21031,21031,9526,393,2406,230,25.3,reported,2020-2024,B01001
0500000US21033,21033,9723,545,2704,320,27.8,reported,2020-2024,B01001
0500000US21035,21035,31252,900,6477,393,20.7,reported,2020-2024,B01001
0500000US21037,21037,74204,1168,16377,664,22.1,reported,2020-2024,B01001
0500000US21039,21039,3645,208,958,134,26.3,reported,2020-2024,B01001
0500000US21041,21041,8036,447,1803,204,22.4,reported,2020-2024,B01001
0500000US21043,21043,20400,669,5250,416,25.7,reported,2020-2024,B01001
0500000US21045,21045,12249,482,3314,300,27.1,reported,2020-2024,B01001
0500000US21047,21047,51648,1182,9168,598,17.8,reported,2020-2024,B01001
0500000US21049,21049,28834,848,6777,461,23.5,reported,2020-2024,B01001
0500000US21051,21051,15825,637,3180,348,20.1,reported,2020-2024,B01001
0500000US21053,21053,7228,433,1894,202,26.2,reported,2020-2024,B01001
0500000US21055,21055,6899,347,1891,219,27.4,reported,2020-2024,B01001
0500000US21057,21057,4636,361,1351,166,29.1,reported,2020-2024,B01001
0500000US21059,21059,78267,1503,18320,873,23.4,reported,2020-2024,B01001
0500000US21061,21061,10130,491,2690,293,26.6,reported,2020-2024,B01001
0500000US21063,21063,6062,410,1573,209,25.9,reported,2020-2024,B01001
0500000US21065,21065,11051,497,2749,245,24.9,reported,2020-2024,B01001
0500000US21067,21067,255801,2753,47626,1380,18.6,reported,2020-2024,B01001
0500000US21069,21069,11667,583,2851,283,24.4,reported,2020-2024,B01001
0500000US21071,21071,27495,823,6907,495,25.1,reported,2020-2024,B01001
0500000US21073,21073,40978,1046,9696,555,23.7,reported,2020-2024,B01001
0500000US21075,21075,5009,378,1318,167,26.3,reported,2020-2024,B01001
0500000US21077,21077,6756,309,1390,159,20.6,reported,2020-2024,B01001
0500000US21079,21079,13777,528,3289,301,23.9,reported,2020-2024,B01001
0500000US21081,21081,18683,654,3690,346,19.8,reported,2020-2024,B01001
0500000US21083,21083,27781,908,6753,495,24.3,reported,2020-2024,B01001
0500000US21085,21085,20358,687,4834,392,23.7,reported,2020-2024,B01001
0500000US21087,21087,8964,392,2555,230,28.5,reported,2020-2024,B01001
0500000US21089,21089,27953,744,7823,482,28.0,reported,2020-2024,B01001
0500000US21091,21091,6877,321,1657,194,24.1,reported,2020-2024,B01001
0500000US21093,21093,84307,1502,16922,842,20.1,reported,2020-2024,B01001
0500000US21095,21095,19652,655,5020,401,25.5,reported,2020-2024,B01001
0500000US21097,21097,14664,622,3666,344,25.0,reported,2020-2024,B01001
0500000US21099,21099,14821,557,3449,304,23.3,reported,2020-2024,B01001
0500000US21101,21101,34264,931,8484,532,24.8,reported,2020-2024,B01001
0500000US21103,21103,12134,448,2914,243,24.0,reported,2020-2024,B01001
0500000US21105,21105,3584,319,1120,192,31.2,reported,2020-2024,B01001
0500000US21107,21107,34741,922,8597,501,24.7,reported,2020-2024,B01001
0500000US21109,21109,9975,550,2378,308,23.8,reported,2020-2024,B01001
0500000US21111,21111,608746,4037,134317,2339,22.1,reported,2020-2024,B01001
0500000US21113,21113,41622,1157,8878,601,21.3,reported,2020-2024,B01001
0500000US21115,21115,17368,762,4278,480,24.6,reported,2020-2024,B01001
0500000US21117,21117,131308,1795,26958,949,20.5,reported,2020-2024,B01001
0500000US21119,21119,11089,541,2862,296,25.8,reported,2020-2024,B01001
0500000US21121,21121,22812,810,5203,435,22.8,reported,2020-2024,B01001
0500000US21123,21123,11706,535,2737,284,23.4,reported,2020-2024,B01001
0500000US21125,21125,48718,1157,10779,672,22.1,reported,2020-2024,B01001
0500000US21127,21127,12314,566,3279,360,26.6,reported,2020-2024,B01001
0500000US21129,21129,6009,366,1435,195,23.9,reported,2020-2024,B01001
0500000US21131,21131,7994,599,1918,299,24.0,reported,2020-2024,B01001
0500000US21133,21133,16266,631,4340,335,26.7,reported,2020-2024,B01001
0500000US21135,21135,10023,476,2527,272,25.2,reported,2020-2024,B01001
0500000US21137,21137,18533,669,4537,412,24.5,reported,2020-2024,B01001
0500000US21139,21139,6940,375,1995,218,28.7,reported,2020-2024,B01001
0500000US21141,21141,21197,755,5339,435,25.2,reported,2020-2024,B01001
0500000US21143,21143,7693,366,2193,218,28.5,reported,2020-2024,B01001
0500000US21145,21145,52831,1212,13825,698,26.2,reported,2020-2024,B01001
0500000US21147,21147,13195,576,2737,364,20.7,reported,2020-2024,B01001
0500000US21149,21149,7061,329,1865,201,26.4,reported,2020-2024,B01001
0500000US21151,21151,75624,1402,14190,695,18.8,reported,2020-2024,B01001
0500000US21153,21153,8803,457,2157,240,24.5,reported,2020-2024,B01001
0500000US21155,21155,15049,592,3424,280,22.8,reported,2020-2024,B01001
0500000US21157,21157,25355,802,7165,501,28.3,reported,2020-2024,B01001
0500000US21159,21159,8848,476,1972,287,22.3,reported,2020-2024,B01001
0500000US21161,21161,13166,559,3346,324,25.4,reported,2020-2024,B01001
0500000US21163,21163,23551,771,4708,378,20.0,reported,2020-2024,B01001
0500000US21165,21165,4919,414,1459,227,29.7,reported,2020-2024,B01001
0500000US21167,21167,18011,740,4363,340,24.2,reported,2020-2024,B01001
0500000US21169,21169,7969,408,1990,216,25.0,reported,2020-2024,B01001
0500000US21171,21171,8516,389,2104,221,24.7,reported,2020-2024,B01001
0500000US21173,21173,21802,717,4806,423,22.0,reported,2020-2024,B01001
0500000US21175,21175,11229,428,2484,245,22.1,reported,2020-2024,B01001
0500000US21177,21177,24142,761,6170,442,25.6,reported,2020-2024,B01001
0500000US21179,21179,36634,948,8291,501,22.6,reported,2020-2024,B01001
0500000US21181,21181,5829,419,1299,170,22.3,reported,2020-2024,B01001
0500000US21183,21183,18072,610,4425,333,24.5,reported,2020-2024,B01001
0500000US21185,21185,52122,1027,10096,490,19.4,reported,2020-2024,B01001
0500000US21187,21187,8831,440,2272,273,25.7,reported,2020-2024,B01001
0500000US21189,21189,3205,348,816,163,25.5,reported,2020-2024,B01001
0500000US21191,21191,11296,501,2573,268,22.8,reported,2020-2024,B01001
0500000US21193,21193,21064,807,4948,494,23.5,reported,2020-2024,B01001
0500000US21195,21195,45233,1091,11401,686,25.2,reported,2020-2024,B01001
0500000US21197,21197,9808,445,2113,255,21.5,reported,2020-2024,B01001
0500000US21199,21199,51261,1160,12825,656,25.0,reported,2020-2024,B01001
0500000US21201,21201,1676,218,379,81,22.6,reported,2020-2024,B01001
0500000US21203,21203,12683,471,3116,308,24.6,reported,2020-2024,B01001
0500000US21205,21205,19757,734,3683,378,18.6,reported,2020-2024,B01001
0500000US21207,21207,14009,595,3748,347,26.8,reported,2020-2024,B01001
0500000US21209,21209,45057,951,7978,450,17.7,reported,2020-2024,B01001
0500000US21211,21211,38206,1071,8184,539,21.4,reported,2020-2024,B01001
0500000US21213,21213,15293,673,3219,349,21.0,reported,2020-2024,B01001
0500000US21215,21215,15643,590,3128,340,20.0,reported,2020-2024,B01001
0500000US21217,21217,20314,849,4794,444,23.6,reported,2020-2024,B01001
0500000US21219,21219,9099,410,2118,234,23.3,reported,2020-2024,B01001
0500000US21221,21221,11187,505,3213,309,28.7,reported,2020-2024,B01001
0500000US21223,21223,6738,451,1586,237,23.5,reported,2020-2024,B01001
0500000US21225,21225,10761,454,2631,254,24.4,reported,2020-2024,B01001
0500000US21227,21227,107539,1941,18620,843,17.3,reported,2020-2024,B01001
0500000US21229,21229,9357,477,2367,273,25.3,reported,2020-2024,B01001
0500000US21231,21231,15595,585,4298,363,27.6,reported,2020-2024,B01001
0500000US21233,21233,9758,382,2323,224,23.8,reported,2020-2024,B01001
0500000US21235,21235,27263,798,5784,412,21.2,reported,2020-2024,B01001
0500000US21237,21237,4999,420,1249,191,25.0,reported,2020-2024,B01001
0500000US21239,21239,21350,691,5657,355,26.5,reported,2020-2024,B01001
0500000US22001,22001,42166,1210,9390,604,22.3,reported,2020-2024,B01001
0500000US22003,22003,17271,680,3311,298,19.2,reported,2020-2024,B01001
0500000US22005,22005,95935,1958,16833,960,17.5,reported,2020-2024,B01001
0500000US22007,22007,16296,809,4167,395,25.6,reported,2020-2024,B01001
0500000US22009,22009,29603,931,6906,472,23.3,reported,2020-2024,B01001
0500000US22011,22011,27415,729,5976,402,21.8,reported,2020-2024,B01001
0500000US22013,22013,9778,477,2694,249,27.6,reported,2020-2024,B01001
0500000US22015,22015,97576,1836,20017,1065,20.5,reported,2020-2024,B01001
0500000US22017,22017,175992,2381,43449,1361,24.7,reported,2020-2024,B01001
0500000US22019,22019,155455,2614,33319,1414,21.4,reported,2020-2024,B01001
0500000US22021,22021,7366,527,1757,273,23.9,reported,2020-2024,B01001
0500000US22023,22023,3795,415,977,180,25.7,reported,2020-2024,B01001
0500000US22025,22025,6684,488,1611,217,24.1,reported,2020-2024,B01001
0500000US22027,22027,11207,610,3053,270,27.2,reported,2020-2024,B01001
0500000US22029,22029,13929,699,3496,350,25.1,reported,2020-2024,B01001
0500000US22031,22031,20567,704,5075,390,24.7,reported,2020-2024,B01001
0500000US22033,22033,350248,3904,69097,1975,19.7,reported,2020-2024,B01001
0500000US22035,22035,5740,522,1107,188,19.3,reported,2020-2024,B01001
0500000US22037,22037,15914,681,3889,365,24.4,reported,2020-2024,B01001
0500000US22039,22039,23809,836,5142,422,21.6,reported,2020-2024,B01001
0500000US22041,22041,14595,658,3825,325,26.2,reported,2020-2024,B01001
0500000US22043,22043,17481,642,3478,298,19.9,reported,2020-2024,B01001
0500000US22045,22045,51184,1295,11496,675,22.5,reported,2020-2024,B01001
0500000US22047,22047,23844,836,5227,422,21.9,reported,2020-2024,B01001
0500000US22049,22049,11782,567,3088,309,26.2,reported,2020-2024,B01001
0500000US22051,22051,334289,3190,80126,1827,24.0,reported,2020-2024,B01001
0500000US22053,22053,23908,884,5532,448,23.1,reported,2020-2024,B01001
0500000US22055,22055,188049,2507,36468,1373,19.4,reported,2020-2024,B01001
0500000US22057,22057,74251,1559,15932,728,21.5,reported,2020-2024,B01001
0500000US22059,22059,11368,683,2508,355,22.1,reported,2020-2024,B01001
0500000US22061,22061,38662,1322,6878,486,17.8,reported,2020-2024,B01001
0500000US22063,22063,109895,1994,20491,1097,18.6,reported,2020-2024,B01001
0500000US22065,22065,7076,394,1664,202,23.5,reported,2020-2024,B01001
0500000US22067,22067,18890,800,4928,388,26.1,reported,2020-2024,B01001
0500000US22069,22069,28293,673,6270,307,22.2,reported,2020-2024,B01001
0500000US22071,22071,298650,2829,63917,1506,21.4,reported,2020-2024,B01001
0500000US22073,22073,119542,2013,25119,1113,21.0,reported,2020-2024,B01001
0500000US22075,22075,17187,825,3221,335,18.7,reported,2020-2024,B01001
0500000US22077,22077,15895,819,4527,426,28.5,reported,2020-2024,B01001
0500000US22079,22079,95646,1660,21686,921,22.7,reported,2020-2024,B01001
0500000US22081,22081,5699,417,1483,191,26.0,reported,2020-2024,B01001
0500000US22083,22083,15140,609,3626,316,23.9,reported,2020-2024,B01001
0500000US22085,22085,16889,526,4707,277,27.9,reported,2020-2024,B01001
0500000US22087,22087,32905,929,5928,428,18.0,reported,2020-2024,B01001
0500000US22089,22089,39012,1157,7981,596,20.5,reported,2020-2024,B01001
0500000US22091,22091,8641,720,2327,286,26.9,reported,2020-2024,B01001
0500000US22093,22093,15206,709,3867,370,25.4,reported,2020-2024,B01001
0500000US22095,22095,30944,1064,6388,522,20.6,reported,2020-2024,B01001
0500000US22097,22097,59981,1391,13841,716,23.1,reported,2020-2024,B01001
0500000US22099,22099,39017,1021,8834,529,22.6,reported,2020-2024,B01001
0500000US22101,22101,36131,1114,8771,582,24.3,reported,2020-2024,B01001
0500000US22103,22103,208124,,50238,1479,24.1,not available in one or more component cells,2020-2024,B01001
0500000US22105,22105,103159,2225,21034,1250,20.4,reported,2020-2024,B01001
0500000US22107,22107,3092,261,1106,137,35.8,reported,2020-2024,B01001
0500000US22109,22109,79621,1709,16821,773,21.1,reported,2020-2024,B01001
0500000US22111,22111,16337,751,4650,408,28.5,reported,2020-2024,B01001
0500000US22113,22113,42714,1232,9507,589,22.3,reported,2020-2024,B01001
0500000US22115,22115,35132,698,6594,377,18.8,reported,2020-2024,B01001
0500000US22117,22117,34409,1116,8686,673,25.2,reported,2020-2024,B01001
0500000US22119,22119,27712,807,7411,456,26.7,reported,2020-2024,B01001
0500000US22121,22121,21126,942,4154,425,19.7,reported,2020-2024,B01001
0500000US22123,22123,7332,432,2029,231,27.7,reported,2020-2024,B01001
0500000US22125,22125,12878,727,2328,237,18.1,reported,2020-2024,B01001
0500000US22127,22127,10677,668,2446,286,22.9,reported,2020-2024,B01001
0500000US23001,23001,89835,1507,21459,928,23.9,reported,2020-2024,B01001
0500000US23003,23003,54549,946,17212,597,31.6,reported,2020-2024,B01001
0500000US23005,23005,253121,2497,62956,1487,24.9,reported,2020-2024,B01001
0500000US23007,23007,25212,706,7211,427,28.6,reported,2020-2024,B01001
0500000US23009,23009,47307,1012,15021,605,31.8,reported,2020-2024,B01001
0500000US23011,23011,103069,1598,26806,915,26.0,reported,2020-2024,B01001
0500000US23013,23013,34101,880,11459,562,33.6,reported,2020-2024,B01001
0500000US23015,23015,30154,800,10625,514,35.2,reported,2020-2024,B01001
0500000US23017,23017,48803,973,14181,605,29.1,reported,2020-2024,B01001
0500000US23019,23019,127461,1743,31088,1009,24.4,reported,2020-2024,B01001
0500000US23021,23021,14586,475,4737,302,32.5,reported,2020-2024,B01001
0500000US23023,23023,30707,973,9180,584,29.9,reported,2020-2024,B01001
0500000US23025,23025,41570,880,11723,559,28.2,reported,2020-2024,B01001
0500000US23027,23027,33068,811,10091,496,30.5,reported,2020-2024,B01001
0500000US23029,23029,25522,486,8253,311,32.3,reported,2020-2024,B01001
0500000US23031,23031,178212,2363,48418,1420,27.2,reported,2020-2024,B01001
0500000US24001,24001,55420,1091,14262,569,25.7,reported,2020-2024,B01001
0500000US24003,24003,464285,3572,94886,1936,20.4,reported,2020-2024,B01001
0500000US24005,24005,664812,4396,154369,2475,23.2,reported,2020-2024,B01001
0500000US24009,24009,72517,1425,15402,742,21.2,reported,2020-2024,B01001
0500000US24011,24011,25613,737,5831,390,22.8,reported,2020-2024,B01001
0500000US24013,24013,136686,1843,31453,989,23.0,reported,2020-2024,B01001
0500000US24015,24015,81624,1544,17925,840,22.0,reported,2020-2024,B01001
0500000US24017,24017,129805,1854,23350,972,18.0,reported,2020-2024,B01001
0500000US24019,24019,25889,842,7538,440,29.1,reported,2020-2024,B01001
0500000US24021,24021,220052,2204,43882,1187,19.9,reported,2020-2024,B01001
0500000US24023,24023,23540,673,6925,399,29.4,reported,2020-2024,B01001
0500000US24025,24025,204980,2281,46016,1338,22.4,reported,2020-2024,B01001
0500000US24027,24027,256411,2665,51275,1487,20.0,reported,2020-2024,B01001
0500000US24029,24029,16357,693,5305,378,32.4,reported,2020-2024,B01001
0500000US24031,24031,822810,4561,181139,2642,22.0,reported,2020-2024,B01001
0500000US24033,24033,747627,4730,143116,2599,19.1,reported,2020-2024,B01001
0500000US24035,24035,40899,1031,10720,613,26.2,reported,2020-2024,B01001
0500000US24037,24037,87577,1727,16144,882,18.4,reported,2020-2024,B01001
0500000US24039,24039,20486,893,4419,366,21.6,reported,2020-2024,B01001
0500000US24041,24041,30872,939,11210,591,36.3,reported,2020-2024,B01001
0500000US24043,24043,121839,1700,28153,961,23.1,reported,2020-2024,B01001
0500000US24045,24045,81270,1652,17448,851,21.5,reported,2020-2024,B01001
0500000US24047,24047,44515,1153,15371,767,34.5,reported,2020-2024,B01001
0500000US24510,24510,453625,3527,87602,1891,19.3,reported,2020-2024,B01001
0500000US25001,25001,198964,2661,76755,1785,38.6,reported,2020-2024,B01001
0500000US25003,25003,108768,1683,32417,1004,29.8,reported,2020-2024,B01001
0500000US25005,25005,462781,3490,103468,2060,22.4,reported,2020-2024,B01001
0500000US25007,25007,17420,1226,5538,647,31.8,reported,2020-2024,B01001
0500000US25009,25009,643569,4100,150106,2362,23.3,reported,2020-2024,B01001
0500000US25011,25011,59141,962,17460,606,29.5,reported,2020-2024,B01001
0500000US25013,25013,366054,3103,84523,1737,23.1,reported,2020-2024,B01001
0500000US25015,25015,138986,2147,31438,980,22.6,reported,2020-2024,B01001
0500000US25017,25017,1319500,5678,267007,3296,20.2,reported,2020-2024,B01001
0500000US25019,25019,11508,873,2327,254,20.2,reported,2020-2024,B01001
0500000US25021,25021,580769,3761,129645,2287,22.3,reported,2020-2024,B01001
0500000US25023,25023,424239,3688,105740,2242,24.9,reported,2020-2024,B01001
0500000US25025,25025,659309,4176,104159,2255,15.8,reported,2020-2024,B01001
0500000US25027,25027,688867,4285,147690,2366,21.4,reported,2020-2024,B01001
0500000US26001,26001,9092,236,3843,172,42.3,reported,2020-2024,B01001
0500000US26003,26003,7478,278,2380,159,31.8,reported,2020-2024,B01001
0500000US26005,26005,93244,1350,22378,732,24.0,reported,2020-2024,B01001
0500000US26007,26007,23547,640,7265,394,30.9,reported,2020-2024,B01001
0500000US26009,26009,20046,454,6930,295,34.6,reported,2020-2024,B01001
0500000US26011,26011,12295,275,4104,172,33.4,reported,2020-2024,B01001
0500000US26013,26013,6797,260,1901,152,28.0,reported,2020-2024,B01001
0500000US26015,26015,49656,1030,12372,611,24.9,reported,2020-2024,B01001
0500000US26017,26017,82858,1432,22568,867,27.2,reported,2020-2024,B01001
0500000US26019,26019,15216,378,5261,254,34.6,reported,2020-2024,B01001
0500000US26021,26021,120596,,32703,931,27.1,not available in one or more component cells,2020-2024,B01001
0500000US26023,26023,34655,773,8787,408,25.4,reported,2020-2024,B01001
0500000US26025,26025,103190,1453,24927,811,24.2,reported,2020-2024,B01001
0500000US26027,26027,41123,891,11620,528,28.3,reported,2020-2024,B01001
0500000US26029,26029,21522,460,7067,264,32.8,reported,2020-2024,B01001
0500000US26031,26031,21897,540,7494,360,34.2,reported,2020-2024,B01001
0500000US26033,26033,29896,682,7114,369,23.8,reported,2020-2024,B01001
0500000US26035,26035,25204,582,7988,345,31.7,reported,2020-2024,B01001
0500000US26037,26037,62621,1056,14971,599,23.9,reported,2020-2024,B01001
0500000US26039,26039,11035,411,3645,257,33.0,reported,2020-2024,B01001
0500000US26041,26041,29776,740,9658,449,32.4,reported,2020-2024,B01001
0500000US26043,26043,20773,684,6278,437,30.2,reported,2020-2024,B01001
0500000US26045,26045,86782,1265,21940,765,25.3,reported,2020-2024,B01001
0500000US26047,26047,27937,684,8521,466,30.5,reported,2020-2024,B01001
0500000US26049,26049,313716,2857,75735,1739,24.1,reported,2020-2024,B01001
0500000US26051,26051,20841,446,7019,297,33.7,reported,2020-2024,B01001
0500000US26053,26053,11973,416,4203,271,35.1,reported,2020-2024,B01001
0500000US26055,26055,77477,1391,21109,824,27.2,reported,2020-2024,B01001
0500000US26057,26057,33306,705,7377,354,22.1,reported,2020-2024,B01001
0500000US26059,26059,35828,622,9763,365,27.2,reported,2020-2024,B01001
0500000US26061,26061,30234,774,6775,309,22.4,reported,2020-2024,B01001
0500000US26063,26063,25207,430,8465,292,33.6,reported,2020-2024,B01001
0500000US26065,26065,228154,2624,42210,1176,18.5,reported,2020-2024,B01001
0500000US26067,26067,52665,1189,10522,523,20.0,reported,2020-2024,B01001
0500000US26069,26069,21039,528,7872,361,37.4,reported,2020-2024,B01001
0500000US26071,26071,9623,316,3662,203,38.1,reported,2020-2024,B01001
0500000US26073,26073,53094,1148,9022,390,17.0,reported,2020-2024,B01001
0500000US26075,26075,126596,1668,30511,973,24.1,reported,2020-2024,B01001
0500000US26077,26077,206469,,42340,1201,20.5,not available in one or more component cells,2020-2024,B01001
0500000US26079,26079,14568,401,3961,244,27.2,reported,2020-2024,B01001
0500000US26081,26081,507332,3676,98825,2097,19.5,reported,2020-2024,B01001
0500000US26083,26083,1815,121,779,64,42.9,reported,2020-2024,B01001
0500000US26085,26085,10706,370,3423,176,32.0,reported,2020-2024,B01001
0500000US26087,26087,71170,1194,17916,642,25.2,reported,2020-2024,B01001
0500000US26089,26089,19234,503,7673,330,39.9,reported,2020-2024,B01001
0500000US26091,26091,78198,1180,20023,730,25.6,reported,2020-2024,B01001
0500000US26093,26093,156126,1629,38667,968,24.8,reported,2020-2024,B01001
0500000US26095,26095,5250,282,1418,121,27.0,reported,2020-2024,B01001
0500000US26097,26097,9316,326,3255,174,34.9,reported,2020-2024,B01001
0500000US26099,26099,698204,3946,160868,2315,23.0,reported,2020-2024,B01001
0500000US26101,26101,21132,485,7095,321,33.6,reported,2020-2024,B01001
0500000US26103,26103,55363,1057,13634,560,24.6,reported,2020-2024,B01001
0500000US26105,26105,23493,582,7689,370,32.7,reported,2020-2024,B01001
0500000US26107,26107,33366,717,8399,367,25.2,reported,2020-2024,B01001
0500000US26109,26109,19193,493,6261,321,32.6,reported,2020-2024,B01001
0500000US26111,26111,66212,1146,16923,691,25.6,reported,2020-2024,B01001
0500000US26113,26113,11825,292,3341,190,28.3,reported,2020-2024,B01001
0500000US26115,26115,122983,1824,30930,1069,25.1,reported,2020-2024,B01001
0500000US26117,26117,53679,1111,12113,511,22.6,reported,2020-2024,B01001
0500000US26119,26119,8097,287,3152,192,38.9,reported,2020-2024,B01001
0500000US26121,26121,136443,1659,32488,992,23.8,reported,2020-2024,B01001
0500000US26123,26123,39680,695,10512,409,26.5,reported,2020-2024,B01001
0500000US26125,26125,1020491,4926,235056,2909,23.0,reported,2020-2024,B01001
0500000US26127,26127,21193,424,6047,255,28.5,reported,2020-2024,B01001
0500000US26129,26129,17165,388,5834,245,34.0,reported,2020-2024,B01001
0500000US26131,26131,5181,188,2236,128,43.2,reported,2020-2024,B01001
0500000US26133,26133,18054,350,5119,206,28.4,reported,2020-2024,B01001
0500000US26135,26135,6771,262,2474,176,36.5,reported,2020-2024,B01001
0500000US26137,26137,20256,595,5654,386,27.9,reported,2020-2024,B01001
0500000US26139,26139,231928,2594,50320,1339,21.7,reported,2020-2024,B01001
0500000US26141,26141,11176,315,4450,219,39.8,reported,2020-2024,B01001
0500000US26143,26143,20341,585,8192,430,40.3,reported,2020-2024,B01001
0500000US26145,26145,148401,1734,38429,1094,25.9,reported,2020-2024,B01001
0500000US26147,26147,127743,1629,32649,973,25.6,reported,2020-2024,B01001
0500000US26149,26149,46168,815,11403,485,24.7,reported,2020-2024,B01001
0500000US26151,26151,31990,532,9406,336,29.4,reported,2020-2024,B01001
0500000US26153,26153,6691,278,2352,184,35.2,reported,2020-2024,B01001
0500000US26155,26155,53921,1003,13473,583,25.0,reported,2020-2024,B01001
0500000US26157,26157,42341,735,11619,454,27.4,reported,2020-2024,B01001
0500000US26159,26159,58410,1030,15078,611,25.8,reported,2020-2024,B01001
0500000US26161,26161,302348,2906,58242,1358,19.3,reported,2020-2024,B01001
0500000US26163,26163,1353572,5793,293523,3445,21.7,reported,2020-2024,B01001
0500000US26165,26165,26293,567,7065,328,26.9,reported,2020-2024,B01001
0500000US27001,27001,13546,265,5522,191,40.8,reported,2020-2024,B01001
0500000US27003,27003,282745,2338,57229,1280,20.2,reported,2020-2024,B01001
0500000US27005,27005,27112,537,8051,350,29.7,reported,2020-2024,B01001
0500000US27007,27007,35028,734,8176,386,23.3,reported,2020-2024,B01001
0500000US27009,27009,31066,822,5827,330,18.8,reported,2020-2024,B01001
0500000US27011,27011,4000,167,1378,107,34.5,reported,2020-2024,B01001
0500000US27013,27013,56085,1250,10656,498,19.0,reported,2020-2024,B01001
0500000US27015,27015,20161,509,5730,307,28.4,reported,2020-2024,B01001
0500000US27017,27017,28652,649,6774,339,23.6,reported,2020-2024,B01001
0500000US27019,27019,82282,1333,16007,695,19.5,reported,2020-2024,B01001
0500000US27021,27021,24802,344,8508,228,34.3,reported,2020-2024,B01001
0500000US27023,27023,9363,338,2658,191,28.4,reported,2020-2024,B01001
0500000US27025,27025,45033,857,9910,459,22.0,reported,2020-2024,B01001
0500000US27027,27027,49744,1027,9248,473,18.6,reported,2020-2024,B01001
0500000US27029,27029,6458,159,1830,102,28.3,reported,2020-2024,B01001
0500000US27031,27031,4820,263,1757,163,36.5,reported,2020-2024,B01001
0500000US27033,27033,8574,317,2597,188,30.3,reported,2020-2024,B01001
0500000US27035,27035,53843,888,16563,545,30.8,reported,2020-2024,B01001
0500000US27037,27037,338948,2590,70787,1489,20.9,reported,2020-2024,B01001
0500000US27039,27039,15766,429,3349,225,21.2,reported,2020-2024,B01001
0500000US27041,27041,31093,594,9644,374,31.0,reported,2020-2024,B01001
0500000US27043,27043,10839,287,3303,176,30.5,reported,2020-2024,B01001
0500000US27045,27045,16183,288,4746,190,29.3,reported,2020-2024,B01001
0500000US27047,27047,23959,577,7157,335,29.9,reported,2020-2024,B01001
0500000US27049,27049,37429,756,9872,434,26.4,reported,2020-2024,B01001
0500000US27051,27051,4705,137,1445,86,30.7,reported,2020-2024,B01001
0500000US27053,27053,995248,4810,198051,2529,19.9,reported,2020-2024,B01001
0500000US27055,27055,14661,439,4396,265,30.0,reported,2020-2024,B01001
0500000US27057,27057,17303,377,5859,263,33.9,reported,2020-2024,B01001
0500000US27059,27059,32695,710,7332,389,22.4,reported,2020-2024,B01001
0500000US27061,27061,36150,633,11666,406,32.3,reported,2020-2024,B01001
0500000US27063,27063,7770,233,2323,153,29.9,reported,2020-2024,B01001
0500000US27065,27065,12900,339,3616,211,28.0,reported,2020-2024,B01001
0500000US27067,27067,33272,807,9113,444,27.4,reported,2020-2024,B01001
0500000US27069,27069,3203,150,1072,99,33.5,reported,2020-2024,B01001
0500000US27071,27071,9765,416,3380,254,34.6,reported,2020-2024,B01001
0500000US27073,27073,5230,163,1843,118,35.2,reported,2020-2024,B01001
0500000US27075,27075,8806,339,3037,209,34.5,reported,2020-2024,B01001
0500000US27077,27077,3117,226,1026,134,32.9,reported,2020-2024,B01001
0500000US27079,27079,22430,486,5483,267,24.4,reported,2020-2024,B01001
0500000US27081,27081,4344,140,1395,93,32.1,reported,2020-2024,B01001
0500000US27083,27083,18871,573,4482,270,23.8,reported,2020-2024,B01001
0500000US27085,27085,28734,658,7393,391,25.7,reported,2020-2024,B01001
0500000US27087,27087,3697,81,957,43,25.9,reported,2020-2024,B01001
0500000US27089,27089,6829,141,2051,92,30.0,reported,2020-2024,B01001
0500000US27091,27091,15265,487,4866,334,31.9,reported,2020-2024,B01001
0500000US27093,27093,17946,385,4934,237,27.5,reported,2020-2024,B01001
0500000US27095,27095,20846,486,5036,315,24.2,reported,2020-2024,B01001
0500000US27097,27097,26378,486,7286,311,27.6,reported,2020-2024,B01001
0500000US27099,27099,30059,739,7505,355,25.0,reported,2020-2024,B01001
0500000US27101,27101,6342,188,2152,111,33.9,reported,2020-2024,B01001
0500000US27103,27103,27029,720,6043,361,22.4,reported,2020-2024,B01001
0500000US27105,27105,15658,539,3789,280,24.2,reported,2020-2024,B01001
0500000US27107,27107,4884,143,1379,95,28.2,reported,2020-2024,B01001
0500000US27109,27109,125134,1699,27397,932,21.9,reported,2020-2024,B01001
0500000US27111,27111,47338,735,15374,459,32.5,reported,2020-2024,B01001
0500000US27113,27113,10925,400,2665,214,24.4,reported,2020-2024,B01001
0500000US27115,27115,23983,441,6663,252,27.8,reported,2020-2024,B01001
0500000US27117,27117,6790,227,1908,142,28.1,reported,2020-2024,B01001
0500000US27119,27119,23185,598,5862,325,25.3,reported,2020-2024,B01001
0500000US27121,27121,8979,240,2912,166,32.4,reported,2020-2024,B01001
0500000US27123,27123,417788,2928,85596,1623,20.5,reported,2020-2024,B01001
0500000US27125,27125,2968,106,892,60,30.1,reported,2020-2024,B01001
0500000US27127,27127,11566,276,3421,182,29.6,reported,2020-2024,B01001
0500000US27129,27129,11166,243,3229,149,28.9,reported,2020-2024,B01001
0500000US27131,27131,53361,1044,11304,543,21.2,reported,2020-2024,B01001
0500000US27133,27133,7272,280,1966,162,27.0,reported,2020-2024,B01001
0500000US27135,27135,11659,313,2930,185,25.1,reported,2020-2024,B01001
0500000US27137,27137,162993,1698,42751,920,26.2,reported,2020-2024,B01001
0500000US27139,27139,114606,,19615,807,17.1,not available in one or more component cells,2020-2024,B01001
0500000US27141,27141,74652,1406,12400,631,16.6,reported,2020-2024,B01001
0500000US27143,27143,11615,273,2922,156,25.2,reported,2020-2024,B01001
0500000US27145,27145,122854,1684,25871,804,21.1,reported,2020-2024,B01001
0500000US27147,27147,28344,774,7187,430,25.4,reported,2020-2024,B01001
0500000US27149,27149,7565,282,1640,134,21.7,reported,2020-2024,B01001
0500000US27151,27151,7551,280,2288,161,30.3,reported,2020-2024,B01001
0500000US27153,27153,19274,407,5790,219,30.0,reported,2020-2024,B01001
0500000US27155,27155,2541,133,825,81,32.5,reported,2020-2024,B01001
0500000US27157,27157,16859,394,5033,238,29.9,reported,2020-2024,B01001
0500000US27159,27159,10534,354,2881,200,27.3,reported,2020-2024,B01001
0500000US27161,27161,14589,484,3614,255,24.8,reported,2020-2024,B01001
0500000US27163,27163,210044,2139,45973,1142,21.9,reported,2020-2024,B01001
0500000US27165,27165,8257,,2265,177,27.4,not available in one or more component cells,2020-2024,B01001
0500000US27167,27167,4923,213,1271,124,25.8,reported,2020-2024,B01001
0500000US27169,27169,41010,1052,9325,470,22.7,reported,2020-2024,B01001
0500000US27171,27171,107964,1616,20391,709,18.9,reported,2020-2024,B01001
0500000US27173,27173,7298,206,2035,112,27.9,reported,2020-2024,B01001
0500000US28001,28001,22911,850,6340,421,27.7,reported,2020-2024,B01001
0500000US28003,28003,26628,950,6505,474,24.4,reported,2020-2024,B01001
0500000US28005,28005,10023,626,3302,361,32.9,reported,2020-2024,B01001
0500000US28007,28007,13109,700,3412,305,26.0,reported,2020-2024,B01001
0500000US28009,28009,5991,432,1593,192,26.6,reported,2020-2024,B01001
0500000US28011,28011,22261,760,5056,395,22.7,reported,2020-2024,B01001
0500000US28013,28013,10063,430,2688,230,26.7,reported,2020-2024,B01001
0500000US28015,28015,8011,612,2421,303,30.2,reported,2020-2024,B01001
0500000US28017,28017,12718,562,3153,316,24.8,reported,2020-2024,B01001
0500000US28019,28019,6381,387,1883,223,29.5,reported,2020-2024,B01001
0500000US28021,28021,6713,495,1668,239,24.8,reported,2020-2024,B01001
0500000US28023,28023,11981,548,3416,292,28.5,reported,2020-2024,B01001
0500000US28025,28025,14238,703,3634,313,25.5,reported,2020-2024,B01001
0500000US28027,28027,14999,566,3385,314,22.6,reported,2020-2024,B01001
0500000US28029,28029,21602,820,5315,452,24.6,reported,2020-2024,B01001
0500000US28031,28031,13738,794,3199,351,23.3,reported,2020-2024,B01001
0500000US28033,28033,143411,2164,25739,1041,17.9,reported,2020-2024,B01001
0500000US28035,28035,60499,1388,10751,676,17.8,reported,2020-2024,B01001
0500000US28037,28037,5858,416,1641,212,28.0,reported,2020-2024,B01001
0500000US28039,28039,18471,728,3745,390,20.3,reported,2020-2024,B01001
0500000US28041,28041,11043,622,2061,250,18.7,reported,2020-2024,B01001
0500000US28043,28043,16084,808,3989,399,24.8,reported,2020-2024,B01001
0500000US28045,28045,37292,1189,10413,639,27.9,reported,2020-2024,B01001
0500000US28047,28047,161102,2093,35050,1139,21.8,reported,2020-2024,B01001
0500000US28049,28049,167240,2206,35702,1289,21.3,reported,2020-2024,B01001
0500000US28051,28051,12232,471,2715,235,22.2,reported,2020-2024,B01001
0500000US28053,28053,5533,385,1398,165,25.3,reported,2020-2024,B01001
0500000US28055,28055,874,141,227,69,26.0,reported,2020-2024,B01001
0500000US28057,28057,18924,750,4199,395,22.2,reported,2020-2024,B01001
0500000US28059,28059,112052,,25067,1064,22.4,not available in one or more component cells,2020-2024,B01001
0500000US28061,28061,12381,,3438,353,27.8,not available in one or more component cells,2020-2024,B01001
0500000US28063,28063,5613,524,1427,253,25.4,reported,2020-2024,B01001
0500000US28065,28065,8913,,2732,333,30.7,not available in one or more component cells,2020-2024,B01001
0500000US28067,28067,49787,1414,11851,703,23.8,reported,2020-2024,B01001
0500000US28069,28069,7119,547,1926,247,27.1,reported,2020-2024,B01001
0500000US28071,28071,47790,1599,7981,555,16.7,reported,2020-2024,B01001
0500000US28073,28073,49738,1292,10062,659,20.2,reported,2020-2024,B01001
0500000US28075,28075,54795,1195,13341,665,24.3,reported,2020-2024,B01001
0500000US28077,28077,8912,546,2305,304,25.9,reported,2020-2024,B01001
0500000US28079,28079,16333,868,3872,406,23.7,reported,2020-2024,B01001
0500000US28081,28081,62306,1284,13130,694,21.1,reported,2020-2024,B01001
0500000US28083,28083,19735,802,4103,364,20.8,reported,2020-2024,B01001
0500000US28085,28085,26832,919,6200,532,23.1,reported,2020-2024,B01001
0500000US28087,28087,44093,1093,10029,597,22.7,reported,2020-2024,B01001
0500000US28089,28089,84534,1638,17042,856,20.2,reported,2020-2024,B01001
0500000US28091,28091,18527,824,4557,441,24.6,reported,2020-2024,B01001
0500000US28093,28093,26923,868,6469,492,24.0,reported,2020-2024,B01001
0500000US28095,28095,26196,882,6893,463,26.3,reported,2020-2024,B01001
0500000US28097,28097,7440,545,2163,246,29.1,reported,2020-2024,B01001
0500000US28099,28099,20978,901,4893,449,23.3,reported,2020-2024,B01001
0500000US28101,28101,16018,739,3638,337,22.7,reported,2020-2024,B01001
0500000US28103,28103,7506,595,1823,245,24.3,reported,2020-2024,B01001
0500000US28105,28105,42713,1556,6323,515,14.8,reported,2020-2024,B01001
0500000US28107,28107,24714,869,5726,492,23.2,reported,2020-2024,B01001
0500000US28109,28109,44311,1207,11246,666,25.4,reported,2020-2024,B01001
0500000US28111,28111,8942,595,2234,276,25.0,reported,2020-2024,B01001
0500000US28113,28113,29502,1013,7100,518,24.1,reported,2020-2024,B01001
0500000US28115,28115,23313,917,4893,455,21.0,reported,2020-2024,B01001
0500000US28117,28117,19593,781,4396,409,22.4,reported,2020-2024,B01001
0500000US28119,28119,4440,235,1061,128,23.9,reported,2020-2024,B01001
0500000US28121,28121,123267,2148,26606,1171,21.6,reported,2020-2024,B01001
0500000US28123,28123,19915,908,4395,372,22.1,reported,2020-2024,B01001
0500000US28125,28125,2970,300,708,113,23.8,reported,2020-2024,B01001
0500000US28127,28127,19745,756,4917,427,24.9,reported,2020-2024,B01001
0500000US28129,28129,10900,603,2956,331,27.1,reported,2020-2024,B01001
0500000US28131,28131,14887,877,3285,378,22.1,reported,2020-2024,B01001
0500000US28133,28133,19137,609,3746,311,19.6,reported,2020-2024,B01001
0500000US28135,28135,9355,,2135,232,22.8,not available in one or more component cells,2020-2024,B01001
0500000US28137,28137,22013,869,4744,445,21.6,reported,2020-2024,B01001
0500000US28139,28139,16443,701,3737,364,22.7,reported,2020-2024,B01001
0500000US28141,28141,14647,582,3949,375,27.0,reported,2020-2024,B01001
0500000US28143,28143,6849,598,1392,254,20.3,reported,2020-2024,B01001
0500000US28145,28145,21083,871,4662,409,22.1,reported,2020-2024,B01001
0500000US28147,28147,10717,695,3039,397,28.4,reported,2020-2024,B01001
0500000US28149,28149,32905,975,8155,553,24.8,reported,2020-2024,B01001
0500000US28151,28151,31804,917,7621,517,24.0,reported,2020-2024,B01001
0500000US28153,28153,14802,861,3551,357,24.0,reported,2020-2024,B01001
0500000US28155,28155,7532,407,1810,199,24.0,reported,2020-2024,B01001
0500000US28157,28157,6522,603,1605,246,24.6,reported,2020-2024,B01001
0500000US28159,28159,13648,660,3801,321,27.9,reported,2020-2024,B01001
0500000US28161,28161,9703,552,2724,253,28.1,reported,2020-2024,B01001
0500000US28163,28163,19151,,3780,344,19.7,not available in one or more component cells,2020-2024,B01001
0500000US29001,29001,20561,771,3893,300,18.9,reported,2020-2024,B01001
0500000US29003,29003,14013,510,3802,316,27.1,reported,2020-2024,B01001
0500000US29005,29005,4104,165,1307,94,31.8,reported,2020-2024,B01001
0500000US29007,29007,18980,652,4675,306,24.6,reported,2020-2024,B01001
0500000US29009,29009,27037,818,7702,487,28.5,reported,2020-2024,B01001
0500000US29011,29011,8951,433,2501,242,27.9,reported,2020-2024,B01001
0500000US29013,29013,12497,426,3131,228,25.1,reported,2020-2024,B01001
0500000US29015,29015,16665,590,6322,396,37.9,reported,2020-2024,B01001
0500000US29017,29017,8263,444,2232,276,27.0,reported,2020-2024,B01001
0500000US29019,29019,150153,2217,25346,1002,16.9,reported,2020-2024,B01001
0500000US29021,29021,64924,1227,14577,645,22.5,reported,2020-2024,B01001
0500000US29023,29023,32240,965,8184,555,25.4,reported,2020-2024,B01001
0500000US29025,29025,6827,219,1808,127,26.5,reported,2020-2024,B01001
0500000US29027,29027,35483,944,8018,509,22.6,reported,2020-2024,B01001
0500000US29029,29029,36178,881,12960,597,35.8,reported,2020-2024,B01001
0500000US29031,29031,65078,1463,14766,758,22.7,reported,2020-2024,B01001
0500000US29033,29033,6569,266,1879,154,28.6,reported,2020-2024,B01001
0500000US29035,29035,4011,343,1092,153,27.2,reported,2020-2024,B01001
0500000US29037,29037,84785,1459,19908,827,23.5,reported,2020-2024,B01001
0500000US29039,29039,11105,561,3380,349,30.4,reported,2020-2024,B01001
0500000US29041,29041,5672,212,1840,149,32.4,reported,2020-2024,B01001
0500000US29043,29043,69597,1379,15557,756,22.4,reported,2020-2024,B01001
0500000US29045,29045,5080,262,1451,173,28.6,reported,2020-2024,B01001
0500000US29047,29047,197377,2213,39430,1235,20.0,reported,2020-2024,B01001
0500000US29049,29049,16451,552,4049,291,24.6,reported,2020-2024,B01001
0500000US29051,29051,60021,1228,13890,673,23.1,reported,2020-2024,B01001
0500000US29053,29053,13074,419,3334,245,25.5,reported,2020-2024,B01001
0500000US29055,29055,17735,576,4857,335,27.4,reported,2020-2024,B01001
0500000US29057,29057,6052,237,1883,154,31.1,reported,2020-2024,B01001
0500000US29059,29059,13408,713,3693,387,27.5,reported,2020-2024,B01001
0500000US29061,29061,6376,246,1838,146,28.8,reported,2020-2024,B01001
0500000US29063,29063,8724,338,2125,204,24.4,reported,2020-2024,B01001
0500000US29065,29065,11260,467,3233,282,28.7,reported,2020-2024,B01001
0500000US29067,29067,9197,461,2977,287,32.4,reported,2020-2024,B01001
0500000US29069,29069,20342,603,5151,340,25.3,reported,2020-2024,B01001
0500000US29071,29071,82257,1477,20343,841,24.7,reported,2020-2024,B01001
0500000US29073,29073,11763,389,3448,259,29.3,reported,2020-2024,B01001
0500000US29075,29075,4632,206,1167,122,25.2,reported,2020-2024,B01001
0500000US29077,29077,240250,2561,52036,1392,21.7,reported,2020-2024,B01001
0500000US29079,29079,7254,310,2198,194,30.3,reported,2020-2024,B01001
0500000US29081,29081,6199,292,1865,169,30.1,reported,2020-2024,B01001
0500000US29083,29083,17352,597,5009,375,28.9,reported,2020-2024,B01001
0500000US29085,29085,7097,399,2777,283,39.1,reported,2020-2024,B01001
0500000US29087,29087,3358,127,1089,88,32.4,reported,2020-2024,B01001
0500000US29089,29089,7992,356,2042,169,25.6,reported,2020-2024,B01001
0500000US29091,29091,30642,812,8046,496,26.3,reported,2020-2024,B01001
0500000US29093,29093,7463,272,2103,177,28.2,reported,2020-2024,B01001
0500000US29095,29095,552217,3624,114304,2047,20.7,reported,2020-2024,B01001
0500000US29097,29097,93715,1482,20051,823,21.4,reported,2020-2024,B01001
0500000US29099,29099,177825,2272,38261,1216,21.5,reported,2020-2024,B01001
0500000US29101,29101,42624,1012,7196,463,16.9,reported,2020-2024,B01001
0500000US29103,29103,2824,172,808,94,28.6,reported,2020-2024,B01001
0500000US29105,29105,27437,813,6652,445,24.2,reported,2020-2024,B01001
0500000US29107,29107,25508,740,6393,411,25.1,reported,2020-2024,B01001
0500000US29109,29109,28784,839,6996,460,24.3,reported,2020-2024,B01001
0500000US29111,29111,7816,366,1912,178,24.5,reported,2020-2024,B01001
0500000US29113,29113,47247,1180,9348,623,19.8,reported,2020-2024,B01001
0500000US29115,29115,9088,336,2580,195,28.4,reported,2020-2024,B01001
0500000US29117,29117,11257,394,2882,250,25.6,reported,2020-2024,B01001
0500000US29119,29119,17664,612,3687,311,20.9,reported,2020-2024,B01001
0500000US29121,29121,11663,417,3378,247,29.0,reported,2020-2024,B01001
0500000US29123,29123,9763,420,2489,242,25.5,reported,2020-2024,B01001
0500000US29125,29125,6713,349,1862,200,27.7,reported,2020-2024,B01001
0500000US29127,29127,21623,664,5406,388,25.0,reported,2020-2024,B01001
0500000US29129,29129,2628,153,777,84,29.6,reported,2020-2024,B01001
0500000US29131,29131,19400,633,5072,378,26.1,reported,2020-2024,B01001
0500000US29133,29133,9214,469,2244,234,24.4,reported,2020-2024,B01001
0500000US29135,29135,11385,406,2550,216,22.4,reported,2020-2024,B01001
0500000US29137,29137,6818,307,2180,214,32.0,reported,2020-2024,B01001
0500000US29139,29139,8922,302,2339,190,26.2,reported,2020-2024,B01001
0500000US29141,29141,16759,595,5211,370,31.1,reported,2020-2024,B01001
0500000US29143,29143,12007,402,3125,248,26.0,reported,2020-2024,B01001
0500000US29145,29145,45762,988,11328,594,24.8,reported,2020-2024,B01001
0500000US29147,29147,17244,554,3701,252,21.5,reported,2020-2024,B01001
0500000US29149,29149,6665,376,1993,256,29.9,reported,2020-2024,B01001
0500000US29151,29151,10359,370,2449,228,23.6,reported,2020-2024,B01001
0500000US29153,29153,7186,359,2603,225,36.2,reported,2020-2024,B01001
0500000US29155,29155,11049,472,2729,221,24.7,reported,2020-2024,B01001
0500000US29157,29157,14701,475,3731,279,25.4,reported,2020-2024,B01001
0500000US29159,29159,32510,787,7516,416,23.1,reported,2020-2024,B01001
0500000US29161,29161,35657,994,7713,485,21.6,reported,2020-2024,B01001
0500000US29163,29163,13734,483,3377,269,24.6,reported,2020-2024,B01001
0500000US29165,29165,84888,1450,17756,765,20.9,reported,2020-2024,B01001
0500000US29167,29167,24849,733,5931,428,23.9,reported,2020-2024,B01001
0500000US29169,29169,42110,1384,5201,468,12.4,reported,2020-2024,B01001
0500000US29171,29171,3593,277,1162,135,32.3,reported,2020-2024,B01001
0500000US29173,29173,8222,355,2415,222,29.4,reported,2020-2024,B01001
0500000US29175,29175,18973,597,4316,320,22.7,reported,2020-2024,B01001
0500000US29177,29177,17874,560,4468,330,25.0,reported,2020-2024,B01001
0500000US29179,29179,4869,232,1424,145,29.2,reported,2020-2024,B01001
0500000US29181,29181,8123,327,2134,193,26.3,reported,2020-2024,B01001
0500000US29183,29183,321155,2727,70408,1534,21.9,reported,2020-2024,B01001
0500000US29185,29185,7549,333,2457,222,32.5,reported,2020-2024,B01001
0500000US29186,29186,14598,615,3985,375,27.3,reported,2020-2024,B01001
0500000US29187,29187,52988,1127,11539,602,21.8,reported,2020-2024,B01001
0500000US29189,29189,776665,4715,190319,2728,24.5,reported,2020-2024,B01001
0500000US29195,29195,18129,680,3997,290,22.0,reported,2020-2024,B01001
0500000US29197,29197,2927,152,775,76,26.5,reported,2020-2024,B01001
0500000US29199,29199,3287,214,907,124,27.6,reported,2020-2024,B01001
0500000US29201,29201,28835,777,7099,464,24.6,reported,2020-2024,B01001
0500000US29203,29203,5550,326,1616,191,29.1,reported,2020-2024,B01001
0500000US29205,29205,4552,218,1332,130,29.3,reported,2020-2024,B01001
0500000US29207,29207,22181,637,5879,386,26.5,reported,2020-2024,B01001
0500000US29209,29209,26688,741,10255,531,38.4,reported,2020-2024,B01001
0500000US29211,29211,4548,228,1218,125,26.8,reported,2020-2024,B01001
0500000US29213,29213,44730,1018,12868,643,28.8,reported,2020-2024,B01001
0500000US29215,29215,19597,649,5417,408,27.6,reported,2020-2024,B01001
0500000US29217,29217,14993,566,4048,333,27.0,reported,2020-2024,B01001
0500000US29219,29219,28582,880,6777,478,23.7,reported,2020-2024,B01001
0500000US29221,29221,17944,630,4208,368,23.5,reported,2020-2024,B01001
0500000US29223,29223,8730,423,2731,281,31.3,reported,2020-2024,B01001
0500000US29225,29225,29366,796,6388,449,21.8,reported,2020-2024,B01001
0500000US29227,29227,1516,118,510,66,33.6,reported,2020-2024,B01001
0500000US29229,29229,14065,586,3739,371,26.6,reported,2020-2024,B01001
0500000US29510,29510,235642,,44707,1451,19.0,not available in one or more component cells,2020-2024,B01001
0500000US30001,30001,8014,430,2314,227,28.9,reported,2020-2024,B01001
0500000US30003,30003,8850,412,1814,172,20.5,reported,2020-2024,B01001
0500000US30005,30005,4933,244,1163,124,23.6,reported,2020-2024,B01001
0500000US30007,30007,6142,461,1782,257,29.0,reported,2020-2024,B01001
0500000US30009,30009,9209,632,3118,461,33.9,reported,2020-2024,B01001
0500000US30011,30011,1077,114,407,64,37.8,reported,2020-2024,B01001
0500000US30013,30013,65744,1156,16614,660,25.3,reported,2020-2024,B01001
0500000US30015,30015,4588,252,1381,132,30.1,reported,2020-2024,B01001
0500000US30017,30017,9592,357,2482,200,25.9,reported,2020-2024,B01001
0500000US30019,30019,1227,129,473,80,38.5,reported,2020-2024,B01001
0500000US30021,30021,6942,454,1868,259,26.9,reported,2020-2024,B01001
0500000US30023,30023,8442,458,2528,254,29.9,reported,2020-2024,B01001
0500000US30025,30025,2107,208,614,113,29.1,reported,2020-2024,B01001
0500000US30027,30027,9231,419,2931,231,31.8,reported,2020-2024,B01001
0500000US30029,30029,86747,1499,23352,847,26.9,reported,2020-2024,B01001
0500000US30031,30031,100769,1692,16865,795,16.7,reported,2020-2024,B01001
0500000US30033,30033,822,85,289,52,35.2,reported,2020-2024,B01001
0500000US30035,30035,9503,407,1802,174,19.0,reported,2020-2024,B01001
0500000US30037,30037,735,95,259,42,35.2,reported,2020-2024,B01001
0500000US30039,30039,2953,241,1082,119,36.6,reported,2020-2024,B01001
0500000US30041,30041,11592,459,2632,260,22.7,reported,2020-2024,B01001
0500000US30043,30043,10219,424,2961,246,29.0,reported,2020-2024,B01001
0500000US30045,30045,1605,134,539,68,33.6,reported,2020-2024,B01001
0500000US30047,30047,25394,618,7894,363,31.1,reported,2020-2024,B01001
0500000US30049,30049,57898,1282,14843,716,25.6,reported,2020-2024,B01001
0500000US30051,30051,1421,154,421,67,29.6,reported,2020-2024,B01001
0500000US30053,30053,17352,668,6382,427,36.8,reported,2020-2024,B01001
0500000US30055,30055,1359,143,508,96,37.4,reported,2020-2024,B01001
0500000US30057,30057,7719,391,2839,266,36.8,reported,2020-2024,B01001
0500000US30059,30059,1761,197,697,119,39.6,reported,2020-2024,B01001
0500000US30061,30061,3931,239,1394,168,35.5,reported,2020-2024,B01001
0500000US30063,30063,98735,1657,20683,835,20.9,reported,2020-2024,B01001
0500000US30065,30065,4154,295,1494,168,36.0,reported,2020-2024,B01001
0500000US30067,30067,14720,590,4360,322,29.6,reported,2020-2024,B01001
0500000US30069,30069,381,75,126,36,33.1,reported,2020-2024,B01001
0500000US30071,30071,3234,298,1013,145,31.3,reported,2020-2024,B01001
0500000US30073,30073,4601,223,1319,122,28.7,reported,2020-2024,B01001
0500000US30075,30075,1451,139,545,83,37.6,reported,2020-2024,B01001
0500000US30077,30077,6118,358,1472,189,24.1,reported,2020-2024,B01001
0500000US30079,30079,1038,148,527,116,50.8,reported,2020-2024,B01001
0500000US30081,30081,38024,1058,12622,722,33.2,reported,2020-2024,B01001
0500000US30083,30083,8433,398,1963,191,23.3,reported,2020-2024,B01001
0500000US30085,30085,7061,286,1286,120,18.2,reported,2020-2024,B01001
0500000US30087,30087,5857,319,1433,152,24.5,reported,2020-2024,B01001
0500000US30089,30089,11020,503,4384,370,39.8,reported,2020-2024,B01001
0500000US30091,30091,2867,187,833,102,29.1,reported,2020-2024,B01001
0500000US30093,30093,28558,933,6972,510,24.4,reported,2020-2024,B01001
0500000US30095,30095,7257,285,2314,189,31.9,reported,2020-2024,B01001
0500000US30097,30097,2974,217,959,133,32.2,reported,2020-2024,B01001
0500000US30099,30099,4766,219,1466,137,30.8,reported,2020-2024,B01001
0500000US30101,30101,3995,247,912,119,22.8,reported,2020-2024,B01001
0500000US30103,30103,604,89,167,38,27.6,reported,2020-2024,B01001
0500000US30105,30105,5840,296,1843,195,31.6,reported,2020-2024,B01001
0500000US30107,30107,1611,187,596,100,37.0,reported,2020-2024,B01001
0500000US30109,30109,837,122,244,61,29.2,reported,2020-2024,B01001
0500000US30111,30111,130154,1973,30892,1137,23.7,reported,2020-2024,B01001
0500000US31001,31001,23550,724,5843,348,24.8,reported,2020-2024,B01001
0500000US31003,31003,4741,174,1558,115,32.9,reported,2020-2024,B01001
0500000US31005,31005,347,56,110,31,31.7,reported,2020-2024,B01001
0500000US31007,31007,590,85,206,48,34.9,reported,2020-2024,B01001
0500000US31009,31009,340,60,146,32,42.9,reported,2020-2024,B01001
0500000US31011,31011,4043,177,1276,103,31.6,reported,2020-2024,B01001
0500000US31013,31013,8017,519,2227,250,27.8,reported,2020-2024,B01001
0500000US31015,31015,1348,110,539,67,40.0,reported,2020-2024,B01001
0500000US31017,31017,2293,169,789,103,34.4,reported,2020-2024,B01001
0500000US31019,31019,39087,902,8394,462,21.5,reported,2020-2024,B01001
0500000US31021,31021,5228,200,1650,128,31.6,reported,2020-2024,B01001
0500000US31023,31023,6406,303,1757,153,27.4,reported,2020-2024,B01001
0500000US31025,31025,20927,552,5095,293,24.3,reported,2020-2024,B01001
0500000US31027,31027,6193,219,1857,141,30.0,reported,2020-2024,B01001
0500000US31029,31029,2772,218,908,120,32.8,reported,2020-2024,B01001
0500000US31031,31031,4209,280,1230,159,29.2,reported,2020-2024,B01001
0500000US31033,31033,7453,365,2096,203,28.1,reported,2020-2024,B01001
0500000US31035,31035,4598,157,1236,83,26.9,reported,2020-2024,B01001
0500000US31037,31037,7387,635,1469,229,19.9,reported,2020-2024,B01001
0500000US31039,31039,6724,307,1931,165,28.7,reported,2020-2024,B01001
0500000US31041,31041,7959,268,2372,174,29.8,reported,2020-2024,B01001
0500000US31043,31043,15057,685,2742,253,18.2,reported,2020-2024,B01001
0500000US31045,31045,6655,470,1607,210,24.1,reported,2020-2024,B01001
0500000US31047,31047,17479,646,4003,340,22.9,reported,2020-2024,B01001
0500000US31049,31049,1509,114,519,65,34.4,reported,2020-2024,B01001
0500000US31051,31051,4143,188,1226,104,29.6,reported,2020-2024,B01001
0500000US31053,31053,27946,866,7147,453,25.6,reported,2020-2024,B01001
0500000US31055,31055,441051,2921,83264,1508,18.9,reported,2020-2024,B01001
0500000US31057,31057,1384,131,427,66,30.9,reported,2020-2024,B01001
0500000US31059,31059,4447,178,1320,109,29.7,reported,2020-2024,B01001
0500000US31061,31061,2270,108,800,75,35.2,reported,2020-2024,B01001
0500000US31063,31063,2041,124,675,69,33.1,reported,2020-2024,B01001
0500000US31065,31065,3577,150,1187,91,33.2,reported,2020-2024,B01001
0500000US31067,31067,16741,562,4776,301,28.5,reported,2020-2024,B01001
0500000US31069,31069,1401,131,522,75,37.3,reported,2020-2024,B01001
0500000US31071,31071,1367,122,505,80,36.9,reported,2020-2024,B01001
0500000US31073,31073,1617,139,487,78,30.1,reported,2020-2024,B01001
0500000US31075,31075,478,63,136,35,28.5,reported,2020-2024,B01001
0500000US31077,31077,1693,94,571,58,33.7,reported,2020-2024,B01001
0500000US31079,31079,45382,1042,9789,621,21.6,reported,2020-2024,B01001
0500000US31081,31081,7182,308,1976,180,27.5,reported,2020-2024,B01001
0500000US31083,31083,2224,137,813,82,36.6,reported,2020-2024,B01001
0500000US31085,31085,662,78,215,40,32.5,reported,2020-2024,B01001
0500000US31087,31087,1965,105,678,70,34.5,reported,2020-2024,B01001
0500000US31089,31089,7499,293,2312,174,30.8,reported,2020-2024,B01001
0500000US31091,31091,524,72,138,39,26.3,reported,2020-2024,B01001
0500000US31093,31093,4886,215,1481,135,30.3,reported,2020-2024,B01001
0500000US31095,31095,5535,281,1779,170,32.1,reported,2020-2024,B01001
0500000US31097,31097,4224,248,983,104,23.3,reported,2020-2024,B01001
0500000US31099,31099,5050,237,1379,162,27.3,reported,2020-2024,B01001
0500000US31101,31101,6527,330,2294,209,35.1,reported,2020-2024,B01001
0500000US31103,31103,620,78,208,40,33.5,reported,2020-2024,B01001
0500000US31105,31105,2613,204,914,122,35.0,reported,2020-2024,B01001
0500000US31107,31107,6350,205,2159,130,34.0,reported,2020-2024,B01001
0500000US31109,31109,253417,2468,49919,1268,19.7,reported,2020-2024,B01001
0500000US31111,31111,26064,815,7126,481,27.3,reported,2020-2024,B01001
0500000US31113,31113,557,66,183,42,32.9,reported,2020-2024,B01001
0500000US31115,31115,448,64,140,29,31.2,reported,2020-2024,B01001
0500000US31117,31117,375,66,101,30,26.9,reported,2020-2024,B01001
0500000US31119,31119,26552,719,6185,392,23.3,reported,2020-2024,B01001
0500000US31121,31121,5982,272,1684,165,28.2,reported,2020-2024,B01001
0500000US31123,31123,3517,213,1003,109,28.5,reported,2020-2024,B01001
0500000US31125,31125,2532,138,712,80,28.1,reported,2020-2024,B01001
0500000US31127,31127,5477,320,1420,175,25.9,reported,2020-2024,B01001
0500000US31129,31129,3336,198,1198,119,35.9,reported,2020-2024,B01001
0500000US31131,31131,12339,477,3347,245,27.1,reported,2020-2024,B01001
0500000US31133,31133,1909,118,718,78,37.6,reported,2020-2024,B01001
0500000US31135,31135,2135,132,673,75,31.5,reported,2020-2024,B01001
0500000US31137,31137,6822,317,1910,185,28.0,reported,2020-2024,B01001
0500000US31139,31139,5476,223,1456,131,26.6,reported,2020-2024,B01001
0500000US31141,31141,25495,802,6353,460,24.9,reported,2020-2024,B01001
0500000US31143,31143,4060,170,1211,111,29.8,reported,2020-2024,B01001
0500000US31145,31145,8190,478,2220,269,27.1,reported,2020-2024,B01001
0500000US31147,31147,6071,274,1895,175,31.2,reported,2020-2024,B01001
0500000US31149,31149,1056,94,381,52,36.1,reported,2020-2024,B01001
0500000US31151,31151,10820,531,2262,230,20.9,reported,2020-2024,B01001
0500000US31153,31153,145441,1667,25339,848,17.4,reported,2020-2024,B01001
0500000US31155,31155,17340,482,4265,280,24.6,reported,2020-2024,B01001
0500000US31157,31157,27185,760,7493,407,27.6,reported,2020-2024,B01001
0500000US31159,31159,13530,432,3214,233,23.8,reported,2020-2024,B01001
0500000US31161,31161,3944,205,1390,135,35.2,reported,2020-2024,B01001
0500000US31163,31163,2337,133,827,79,35.4,reported,2020-2024,B01001
0500000US31165,31165,926,110,322,51,34.8,reported,2020-2024,B01001
0500000US31167,31167,4346,228,1193,137,27.5,reported,2020-2024,B01001
0500000US31169,31169,3790,140,1240,93,32.7,reported,2020-2024,B01001
0500000US31171,31171,501,68,220,45,43.9,reported,2020-2024,B01001
0500000US31173,31173,4354,155,834,72,19.2,reported,2020-2024,B01001
0500000US31175,31175,3172,182,1050,111,33.1,reported,2020-2024,B01001
0500000US31177,31177,16042,530,4047,308,25.2,reported,2020-2024,B01001
0500000US31179,31179,7843,471,1650,211,21.0,reported,2020-2024,B01001
0500000US31181,31181,2618,120,771,70,29.4,reported,2020-2024,B01001
0500000US31183,31183,686,79,248,45,36.2,reported,2020-2024,B01001
0500000US31185,31185,10962,441,2884,232,26.3,reported,2020-2024,B01001
0500000US32001,32001,19942,880,5205,495,26.1,reported,2020-2024,B01001
0500000US32003,32003,1812327,,370419,4003,20.4,not available in one or more component cells,2020-2024,B01001
0500000US32005,32005,42246,1093,16251,708,38.5,reported,2020-2024,B01001
0500000US32007,32007,39761,1079,7101,534,17.9,reported,2020-2024,B01001
0500000US32009,32009,896,211,255,84,28.5,reported,2020-2024,B01001
0500000US32011,32011,1275,265,347,145,27.2,reported,2020-2024,B01001
0500000US32013,32013,12727,659,2859,335,22.5,reported,2020-2024,B01001
0500000US32015,32015,4179,510,849,223,20.3,reported,2020-2024,B01001
0500000US32017,32017,3522,475,1131,259,32.1,reported,2020-2024,B01001
0500000US32019,32019,49257,1191,13713,729,27.8,reported,2020-2024,B01001
0500000US32021,32021,3601,450,1186,261,32.9,reported,2020-2024,B01001
0500000US32023,32023,45328,1428,16791,905,37.0,reported,2020-2024,B01001
0500000US32027,32027,5460,468,1125,224,20.6,reported,2020-2024,B01001
0500000US32029,32029,3584,413,1376,262,38.4,reported,2020-2024,B01001
0500000US32031,32031,394266,,88010,1709,22.3,not available in one or more component cells,2020-2024,B01001
0500000US32033,32033,7031,522,1785,279,25.4,reported,2020-2024,B01001
0500000US32510,32510,46751,1051,12383,598,26.5,reported,2020-2024,B01001
0500000US33001,33001,53470,1223,15492,752,29.0,reported,2020-2024,B01001
0500000US33003,33003,44173,1133,16002,781,36.2,reported,2020-2024,B01001
0500000US33005,33005,63537,1258,17298,752,27.2,reported,2020-2024,B01001
0500000US33007,33007,26257,633,8152,405,31.0,reported,2020-2024,B01001
0500000US33009,33009,77706,1380,21144,780,27.2,reported,2020-2024,B01001
0500000US33011,33011,342682,2946,73818,1651,21.5,reported,2020-2024,B01001
0500000US33013,33013,127310,1814,31061,1021,24.4,reported,2020-2024,B01001
0500000US33015,33015,260119,2615,65026,1496,25.0,reported,2020-2024,B01001
0500000US33017,33017,109176,1860,22652,954,20.7,reported,2020-2024,B01001
0500000US33019,33019,35958,1000,10288,592,28.6,reported,2020-2024,B01001
0500000US34001,34001,218875,,54842,1467,25.1,not available in one or more component cells,2020-2024,B01001
0500000US34003,34003,761123,4575,175043,2831,23.0,reported,2020-2024,B01001
0500000US34005,34005,371679,2987,85705,1743,23.1,reported,2020-2024,B01001
0500000US34007,34007,407562,3262,87194,1879,21.4,reported,2020-2024,B01001
0500000US34009,34009,78667,1529,28008,806,35.6,reported,2020-2024,B01001
0500000US34011,34011,115902,1799,24216,1007,20.9,reported,2020-2024,B01001
0500000US34013,34013,659361,4507,122640,2529,18.6,reported,2020-2024,B01001
0500000US34015,34015,241716,2467,51867,1325,21.5,reported,2020-2024,B01001
0500000US34017,34017,576329,3886,90793,2069,15.8,reported,2020-2024,B01001
0500000US34019,34019,105276,1550,27098,944,25.7,reported,2020-2024,B01001
0500000US34021,34021,301036,3062,61557,1704,20.4,reported,2020-2024,B01001
0500000US34023,34023,684210,4248,140558,2512,20.5,reported,2020-2024,B01001
0500000US34025,34025,510607,3659,123370,2204,24.2,reported,2020-2024,B01001
0500000US34027,34027,408317,3169,93627,1928,22.9,reported,2020-2024,B01001
0500000US34029,34029,490996,3753,148007,2390,30.1,reported,2020-2024,B01001
0500000US34031,34031,397871,3248,82632,2006,20.8,reported,2020-2024,B01001
0500000US34033,34033,50961,995,12459,585,24.4,reported,2020-2024,B01001
0500000US34035,34035,275802,2404,59537,1444,21.6,reported,2020-2024,B01001
0500000US34037,34037,117388,,27656,901,23.6,not available in one or more component cells,2020-2024,B01001
0500000US34039,34039,443030,3565,87277,2117,19.7,reported,2020-2024,B01001
0500000US34041,34041,89456,1588,21672,885,24.2,reported,2020-2024,B01001
0500000US35001,35001,537181,4145,123220,2428,22.9,reported,2020-2024,B01001
0500000US35003,35003,3513,471,1780,301,50.7,reported,2020-2024,B01001
0500000US35005,35005,48418,1192,10569,622,21.8,reported,2020-2024,B01001
0500000US35006,35006,20612,1115,4881,497,23.7,reported,2020-2024,B01001
0500000US35007,35007,10162,499,3549,290,34.9,reported,2020-2024,B01001
0500000US35009,35009,35001,931,6185,472,17.7,reported,2020-2024,B01001
0500000US35011,35011,1274,247,419,112,32.9,reported,2020-2024,B01001
0500000US35013,35013,172351,2612,38231,1390,22.2,reported,2020-2024,B01001
0500000US35015,35015,45346,1459,9034,646,19.9,reported,2020-2024,B01001
0500000US35017,35017,22801,937,8419,542,36.9,reported,2020-2024,B01001
0500000US35019,35019,3405,365,754,176,22.1,reported,2020-2024,B01001
0500000US35021,35021,553,111,197,48,35.6,reported,2020-2024,B01001
0500000US35023,35023,3179,259,943,124,29.7,reported,2020-2024,B01001
0500000US35025,35025,51979,1365,8378,589,16.1,reported,2020-2024,B01001
0500000US35027,35027,16855,847,6327,543,37.5,reported,2020-2024,B01001
0500000US35028,35028,15157,658,3573,349,23.6,reported,2020-2024,B01001
0500000US35029,35029,19000,927,5330,530,28.1,reported,2020-2024,B01001
0500000US35031,35031,51355,905,9712,461,18.9,reported,2020-2024,B01001
0500000US35033,35033,3439,444,1411,248,41.0,reported,2020-2024,B01001
0500000US35035,35035,53762,1255,12077,636,22.5,reported,2020-2024,B01001
0500000US35037,35037,6883,572,2260,267,32.8,reported,2020-2024,B01001
0500000US35039,35039,31054,917,8742,593,28.2,reported,2020-2024,B01001
0500000US35041,35041,14183,833,2840,353,20.0,reported,2020-2024,B01001
0500000US35043,35043,120213,1816,30805,1092,25.6,reported,2020-2024,B01001
0500000US35045,35045,90777,1600,20461,826,22.5,reported,2020-2024,B01001
0500000US35047,35047,22322,924,6868,576,30.8,reported,2020-2024,B01001
0500000US35049,35049,131028,1857,43785,1192,33.4,reported,2020-2024,B01001
0500000US35051,35051,9705,740,4465,468,46.0,reported,2020-2024,B01001
0500000US35053,35053,12317,1125,3410,528,27.7,reported,2020-2024,B01001
0500000US35055,35055,29143,1205,10539,718,36.2,reported,2020-2024,B01001
0500000US35057,35057,12356,761,3488,380,28.2,reported,2020-2024,B01001
0500000US35059,35059,3157,337,916,133,29.0,reported,2020-2024,B01001
0500000US35061,35061,60624,1539,14696,851,24.2,reported,2020-2024,B01001
0500000US36001,36001,259873,2641,57602,1515,22.2,reported,2020-2024,B01001
0500000US36003,36003,37917,645,9456,326,24.9,reported,2020-2024,B01001
0500000US36005,36005,1063287,6277,203214,3678,19.1,reported,2020-2024,B01001
0500000US36007,36007,159688,2117,40036,1197,25.1,reported,2020-2024,B01001
0500000US36009,36009,59500,918,15843,520,26.6,reported,2020-2024,B01001
0500000US36011,36011,60586,998,16029,602,26.5,reported,2020-2024,B01001
0500000US36013,36013,99741,1467,26917,876,27.0,reported,2020-2024,B01001
0500000US36015,36015,64978,1213,16693,729,25.7,reported,2020-2024,B01001
0500000US36017,36017,36752,764,10347,472,28.2,reported,2020-2024,B01001
0500000US36019,36019,64328,1255,14913,626,23.2,reported,2020-2024,B01001
0500000US36021,36021,51376,1092,16023,680,31.2,reported,2020-2024,B01001
0500000US36023,36023,37699,1006,7929,397,21.0,reported,2020-2024,B01001
0500000US36025,36025,37413,781,11747,458,31.4,reported,2020-2024,B01001
0500000US36027,36027,243404,2345,57052,1400,23.4,reported,2020-2024,B01001
0500000US36029,36029,759191,4568,183350,2628,24.2,reported,2020-2024,B01001
0500000US36031,36031,31270,751,9757,469,31.2,reported,2020-2024,B01001
0500000US36033,36033,37394,864,9120,447,24.4,reported,2020-2024,B01001
0500000US36035,36035,41996,950,10934,549,26.0,reported,2020-2024,B01001
0500000US36037,36037,45987,1028,11717,659,25.5,reported,2020-2024,B01001
0500000US36039,36039,39738,984,11442,585,28.8,reported,2020-2024,B01001
0500000US36041,36041,4474,213,1718,148,38.4,reported,2020-2024,B01001
0500000US36043,36043,47574,1021,13318,596,28.0,reported,2020-2024,B01001
0500000US36045,36045,87387,1338,17381,651,19.9,reported,2020-2024,B01001
0500000US36047,36047,2047106,7535,406596,4371,19.9,reported,2020-2024,B01001
0500000US36049,36049,20588,473,5466,284,26.5,reported,2020-2024,B01001
0500000US36051,36051,50532,1084,12384,528,24.5,reported,2020-2024,B01001
0500000US36053,36053,55064,959,13683,513,24.8,reported,2020-2024,B01001
0500000US36055,36055,600578,3753,141504,2227,23.6,reported,2020-2024,B01001
0500000US36057,36057,38074,870,9626,513,25.3,reported,2020-2024,B01001
0500000US36059,36059,1090863,5315,259500,3198,23.8,reported,2020-2024,B01001
0500000US36061,36061,1403297,8226,295693,5052,21.1,reported,2020-2024,B01001
0500000US36063,36063,168871,,43688,1175,25.9,not available in one or more component cells,2020-2024,B01001
0500000US36065,36065,180101,1988,45430,1207,25.2,reported,2020-2024,B01001
0500000US36067,36067,372575,2800,87986,1573,23.6,reported,2020-2024,B01001
0500000US36069,36069,90957,1364,24963,831,27.4,reported,2020-2024,B01001
0500000US36071,36071,302429,,59535,1477,19.7,not available in one or more component cells,2020-2024,B01001
0500000US36073,36073,32175,823,7867,442,24.5,reported,2020-2024,B01001
0500000US36075,36075,93677,1407,21183,726,22.6,reported,2020-2024,B01001
0500000US36077,36077,51157,1087,12911,523,25.2,reported,2020-2024,B01001
0500000US36079,36079,79074,1352,18910,757,23.9,reported,2020-2024,B01001
0500000US36081,36081,1869377,7538,413538,4591,22.1,reported,2020-2024,B01001
0500000US36083,36083,129770,1742,29330,1019,22.6,reported,2020-2024,B01001
0500000US36085,36085,388167,3387,85255,1974,22.0,reported,2020-2024,B01001
0500000US36087,36087,240254,2450,53669,1378,22.3,reported,2020-2024,B01001
0500000US36089,36089,85913,1387,20152,765,23.5,reported,2020-2024,B01001
0500000US36091,36091,192761,2170,47584,1277,24.7,reported,2020-2024,B01001
0500000US36093,36093,125956,1777,28630,1018,22.7,reported,2020-2024,B01001
0500000US36095,36095,24867,602,7181,417,28.9,reported,2020-2024,B01001
0500000US36097,36097,14263,469,4045,307,28.4,reported,2020-2024,B01001
0500000US36099,36099,26238,690,7104,367,27.1,reported,2020-2024,B01001
0500000US36101,36101,72668,1030,19262,625,26.5,reported,2020-2024,B01001
0500000US36103,36103,1212247,5710,274038,3358,22.6,reported,2020-2024,B01001
0500000US36105,36105,62624,1377,15349,733,24.5,reported,2020-2024,B01001
0500000US36107,36107,38136,907,10439,555,27.4,reported,2020-2024,B01001
0500000US36109,36109,89792,1847,16994,767,18.9,reported,2020-2024,B01001
0500000US36111,36111,151387,2147,38843,1267,25.7,reported,2020-2024,B01001
0500000US36113,36113,54053,1062,15928,682,29.5,reported,2020-2024,B01001
0500000US36115,36115,49362,1041,13108,608,26.6,reported,2020-2024,B01001
0500000US36117,36117,71846,1326,18932,752,26.4,reported,2020-2024,B01001
0500000US36119,36119,787207,4530,181529,2769,23.1,reported,2020-2024,B01001
0500000US36121,36121,32414,729,8112,405,25.0,reported,2020-2024,B01001
0500000US36123,36123,19081,542,5543,328,29.0,reported,2020-2024,B01001
0500000US37001,37001,137684,1920,30353,1026,22.0,reported,2020-2024,B01001
0500000US37003,37003,29268,957,7721,552,26.4,reported,2020-2024,B01001
0500000US37005,37005,9342,488,3435,311,36.8,reported,2020-2024,B01001
0500000US37007,37007,17863,673,4395,386,24.6,reported,2020-2024,B01001
0500000US37009,37009,22403,753,7343,481,32.8,reported,2020-2024,B01001
0500000US37011,37011,15126,647,4180,342,27.6,reported,2020-2024,B01001
0500000US37013,37013,35984,956,11412,603,31.7,reported,2020-2024,B01001
0500000US37015,37015,14382,678,4340,403,30.2,reported,2020-2024,B01001
0500000US37017,37017,23472,918,6935,535,29.5,reported,2020-2024,B01001
0500000US37019,37019,131147,2007,51604,1357,39.3,reported,2020-2024,B01001
0500000US37021,37021,225435,3108,58291,1749,25.9,reported,2020-2024,B01001
0500000US37023,37023,71627,1520,19031,863,26.6,reported,2020-2024,B01001
0500000US37025,37025,176700,2373,32038,1224,18.1,reported,2020-2024,B01001
0500000US37027,37027,64636,1530,17272,841,26.7,reported,2020-2024,B01001
0500000US37029,37029,8399,556,1799,244,21.4,reported,2020-2024,B01001
0500000US37031,37031,57497,1117,18665,674,32.5,reported,2020-2024,B01001
0500000US37033,37033,18294,757,5168,412,28.2,reported,2020-2024,B01001
0500000US37035,37035,128179,1976,30611,1184,23.9,reported,2020-2024,B01001
0500000US37037,37037,64635,1569,20191,889,31.2,reported,2020-2024,B01001
0500000US37039,37039,24846,780,9303,506,37.4,reported,2020-2024,B01001
0500000US37041,37041,11184,776,3606,371,32.2,reported,2020-2024,B01001
0500000US37043,37043,9745,598,3806,333,39.1,reported,2020-2024,B01001
0500000US37045,37045,78463,1394,18996,784,24.2,reported,2020-2024,B01001
0500000US37047,37047,39806,982,10376,543,26.1,reported,2020-2024,B01001
0500000US37049,37049,80793,1455,21446,868,26.5,reported,2020-2024,B01001
0500000US37051,37051,253517,2108,44031,1063,17.4,reported,2020-2024,B01001
0500000US37053,37053,23897,771,5489,413,23.0,reported,2020-2024,B01001
0500000US37055,37055,31104,981,9563,604,30.7,reported,2020-2024,B01001
0500000US37057,37057,135478,2024,32898,1195,24.3,reported,2020-2024,B01001
0500000US37059,37059,34915,966,9775,623,28.0,reported,2020-2024,B01001
0500000US37061,37061,37627,938,9815,547,26.1,reported,2020-2024,B01001
0500000US37063,37063,265750,2923,48164,1539,18.1,reported,2020-2024,B01001
0500000US37065,37065,37584,1073,10191,617,27.1,reported,2020-2024,B01001
0500000US37067,37067,301634,2998,66134,1655,21.9,reported,2020-2024,B01001
0500000US37069,37069,58192,1297,12988,699,22.3,reported,2020-2024,B01001
0500000US37071,37071,182185,2015,38767,1097,21.3,reported,2020-2024,B01001
0500000US37073,37073,8382,524,2357,258,28.1,reported,2020-2024,B01001
0500000US37075,37075,6528,418,2062,257,31.6,reported,2020-2024,B01001
0500000US37077,37077,48284,1253,10771,673,22.3,reported,2020-2024,B01001
0500000US37079,37079,16624,693,3544,305,21.3,reported,2020-2024,B01001
0500000US37081,37081,427367,3613,87184,1975,20.4,reported,2020-2024,B01001
0500000US37083,37083,37562,945,10515,582,28.0,reported,2020-2024,B01001
0500000US37085,37085,103756,1571,19073,815,18.4,reported,2020-2024,B01001
0500000US37087,37087,51637,1211,16106,811,31.2,reported,2020-2024,B01001
0500000US37089,37089,96341,1718,31376,1034,32.6,reported,2020-2024,B01001
0500000US37091,37091,16071,554,4533,302,28.2,reported,2020-2024,B01001
0500000US37093,37093,39340,842,6285,416,16.0,reported,2020-2024,B01001
0500000US37095,37095,3766,451,902,211,24.0,reported,2020-2024,B01001
0500000US37097,37097,152795,2076,32939,1181,21.6,reported,2020-2024,B01001
0500000US37099,37099,36607,1257,8847,571,24.2,reported,2020-2024,B01001
0500000US37101,37101,175927,2417,32148,1216,18.3,reported,2020-2024,B01001
0500000US37103,37103,7578,401,2248,219,29.7,reported,2020-2024,B01001
0500000US37105,37105,50229,1259,11283,685,22.5,reported,2020-2024,B01001
0500000US37107,37107,42526,1133,11781,671,27.7,reported,2020-2024,B01001
0500000US37109,37109,73585,1556,18062,807,24.5,reported,2020-2024,B01001
0500000US37111,37111,36125,1029,9401,605,26.0,reported,2020-2024,B01001
0500000US37113,37113,31218,1107,11079,664,35.5,reported,2020-2024,B01001
0500000US37115,37115,18094,683,5079,391,28.1,reported,2020-2024,B01001
0500000US37117,37117,17245,746,5532,425,32.1,reported,2020-2024,B01001
0500000US37119,37119,890948,4838,137905,2415,15.5,reported,2020-2024,B01001
0500000US37121,37121,12355,526,3891,337,31.5,reported,2020-2024,B01001
0500000US37123,37123,20699,828,5787,405,28.0,reported,2020-2024,B01001
0500000US37125,37125,82073,1592,25231,1013,30.7,reported,2020-2024,B01001
0500000US37127,37127,75006,1450,18623,870,24.8,reported,2020-2024,B01001
0500000US37129,37129,193107,2752,44810,1522,23.2,reported,2020-2024,B01001
0500000US37131,37131,13933,497,5013,356,36.0,reported,2020-2024,B01001
0500000US37133,37133,156392,2355,21189,1005,13.5,reported,2020-2024,B01001
0500000US37135,37135,121443,1919,24097,957,19.8,reported,2020-2024,B01001
0500000US37137,37137,10635,445,3786,272,35.6,reported,2020-2024,B01001
0500000US37139,37139,32097,1024,7612,513,23.7,reported,2020-2024,B01001
0500000US37141,37141,50840,1241,11932,668,23.5,reported,2020-2024,B01001
0500000US37143,37143,10803,537,3834,341,35.5,reported,2020-2024,B01001
0500000US37145,37145,31383,1165,8418,642,26.8,reported,2020-2024,B01001
0500000US37147,37147,139949,2403,25702,1250,18.4,reported,2020-2024,B01001
0500000US37149,37149,16844,606,6487,404,38.5,reported,2020-2024,B01001
0500000US37151,37151,113810,1951,26888,1104,23.6,reported,2020-2024,B01001
0500000US37153,37153,32401,1124,7670,542,23.7,reported,2020-2024,B01001
0500000US37155,37155,86714,1080,18753,578,21.6,reported,2020-2024,B01001
0500000US37157,37157,73420,1538,19476,848,26.5,reported,2020-2024,B01001
0500000US37159,37159,116647,1902,26593,1065,22.8,reported,2020-2024,B01001
0500000US37161,37161,51869,1256,14458,747,27.9,reported,2020-2024,B01001
0500000US37163,37163,44886,1048,10793,595,24.0,reported,2020-2024,B01001
0500000US37165,37165,25786,626,6178,349,24.0,reported,2020-2024,B01001
0500000US37167,37167,50649,1071,12378,608,24.4,reported,2020-2024,B01001
0500000US37169,37169,36741,1127,10441,680,28.4,reported,2020-2024,B01001
0500000US37171,37171,56383,1197,14747,639,26.2,reported,2020-2024,B01001
0500000US37173,37173,11097,570,2789,323,25.1,reported,2020-2024,B01001
0500000US37175,37175,28418,954,10426,630,36.7,reported,2020-2024,B01001
0500000US37177,37177,2870,357,1055,207,36.8,reported,2020-2024,B01001
0500000US37179,37179,186726,2190,33972,1161,18.2,reported,2020-2024,B01001
0500000US37181,37181,32162,987,8163,542,25.4,reported,2020-2024,B01001
0500000US37183,37183,907474,5272,151920,2666,16.7,reported,2020-2024,B01001
0500000US37185,37185,15474,585,5212,355,33.7,reported,2020-2024,B01001
0500000US37187,37187,8748,629,3030,322,34.6,reported,2020-2024,B01001
0500000US37189,37189,48447,1430,9435,610,19.5,reported,2020-2024,B01001
0500000US37191,37191,90638,1566,20262,888,22.4,reported,2020-2024,B01001
0500000US37193,37193,52776,1269,15110,745,28.6,reported,2020-2024,B01001
0500000US37195,37195,61230,1256,15296,772,25.0,reported,2020-2024,B01001
0500000US37197,37197,29813,891,7877,513,26.4,reported,2020-2024,B01001
0500000US37199,37199,15418,629,5085,407,33.0,reported,2020-2024,B01001
0500000US38001,38001,1660,142,574,80,34.6,reported,2020-2024,B01001
0500000US38003,38003,8647,383,2517,216,29.1,reported,2020-2024,B01001
0500000US38005,38005,3861,183,922,89,23.9,reported,2020-2024,B01001
0500000US38007,38007,836,105,275,67,32.9,reported,2020-2024,B01001
0500000US38009,38009,4966,234,1638,143,33.0,reported,2020-2024,B01001
0500000US38011,38011,2187,149,712,84,32.6,reported,2020-2024,B01001
0500000US38013,38013,1573,120,453,66,28.8,reported,2020-2024,B01001
0500000US38015,38015,77236,1519,18028,862,23.3,reported,2020-2024,B01001
0500000US38017,38017,150500,,25154,993,16.7,not available in one or more component cells,2020-2024,B01001
0500000US38019,38019,2836,186,1013,117,35.7,reported,2020-2024,B01001
0500000US38021,38021,3810,204,980,100,25.7,reported,2020-2024,B01001
0500000US38023,38023,1748,167,556,98,31.8,reported,2020-2024,B01001
0500000US38025,38025,2987,176,786,95,26.3,reported,2020-2024,B01001
0500000US38027,38027,1825,153,589,90,32.3,reported,2020-2024,B01001
0500000US38029,38029,2596,152,965,95,37.2,reported,2020-2024,B01001
0500000US38031,38031,2627,177,810,108,30.8,reported,2020-2024,B01001
0500000US38033,38033,1282,123,479,86,37.4,reported,2020-2024,B01001
0500000US38035,38035,57480,1299,10391,608,18.1,reported,2020-2024,B01001
0500000US38037,38037,1759,110,674,69,38.3,reported,2020-2024,B01001
0500000US38039,38039,1782,125,666,86,37.4,reported,2020-2024,B01001
0500000US38041,38041,1982,141,655,86,33.0,reported,2020-2024,B01001
0500000US38043,38043,1853,155,655,92,35.3,reported,2020-2024,B01001
0500000US38045,38045,3174,147,1102,90,34.7,reported,2020-2024,B01001
0500000US38047,38047,1439,108,527,67,36.6,reported,2020-2024,B01001
0500000US38049,38049,3947,169,1153,102,29.2,reported,2020-2024,B01001
0500000US38051,38051,2033,134,781,71,38.4,reported,2020-2024,B01001
0500000US38053,38053,9871,593,1336,161,13.5,reported,2020-2024,B01001
0500000US38055,38055,7754,278,2581,196,33.3,reported,2020-2024,B01001
0500000US38057,38057,6388,356,1876,196,29.4,reported,2020-2024,B01001
0500000US38059,38059,26054,988,5847,482,22.4,reported,2020-2024,B01001
0500000US38061,38061,6747,343,1285,135,19.0,reported,2020-2024,B01001
0500000US38063,38063,2391,137,853,90,35.7,reported,2020-2024,B01001
0500000US38065,38065,1363,122,501,71,36.8,reported,2020-2024,B01001
0500000US38067,38067,5309,197,1744,125,32.8,reported,2020-2024,B01001
0500000US38069,38069,3108,237,1038,121,33.4,reported,2020-2024,B01001
0500000US38071,38071,8875,527,2588,300,29.2,reported,2020-2024,B01001
0500000US38073,38073,4426,201,1246,115,28.2,reported,2020-2024,B01001
0500000US38075,38075,1815,136,485,68,26.7,reported,2020-2024,B01001
0500000US38077,38077,12989,472,3356,218,25.8,reported,2020-2024,B01001
0500000US38079,38079,8081,323,1572,153,19.5,reported,2020-2024,B01001
0500000US38081,38081,3028,116,908,67,30.0,reported,2020-2024,B01001
0500000US38083,38083,1084,87,417,52,38.5,reported,2020-2024,B01001
0500000US38085,38085,2467,140,360,59,14.6,reported,2020-2024,B01001
0500000US38087,38087,644,80,220,39,34.2,reported,2020-2024,B01001
0500000US38089,38089,24101,855,4661,387,19.3,reported,2020-2024,B01001
0500000US38091,38091,1411,116,541,79,38.3,reported,2020-2024,B01001
0500000US38093,38093,17218,604,4402,369,25.6,reported,2020-2024,B01001
0500000US38095,38095,1562,176,479,90,30.7,reported,2020-2024,B01001
0500000US38097,38097,6149,226,1617,127,26.3,reported,2020-2024,B01001
0500000US38099,38099,7961,328,2276,170,28.6,reported,2020-2024,B01001
0500000US38101,38101,52357,1228,9636,606,18.4,reported,2020-2024,B01001
0500000US38103,38103,2980,191,1040,107,34.9,reported,2020-2024,B01001
0500000US38105,38105,27621,1278,3934,507,14.2,reported,2020-2024,B01001
0500000US39001,39001,20971,708,5229,406,24.9,reported,2020-2024,B01001
0500000US39003,39003,77512,1237,19375,696,25.0,reported,2020-2024,B01001
0500000US39005,39005,40496,977,10587,580,26.1,reported,2020-2024,B01001
0500000US39007,39007,75937,1332,19694,749,25.9,reported,2020-2024,B01001
0500000US39009,39009,52585,1306,9302,579,17.7,reported,2020-2024,B01001
0500000US39011,39011,35099,785,9071,478,25.8,reported,2020-2024,B01001
0500000US39013,39013,53212,1057,14378,624,27.0,reported,2020-2024,B01001
0500000US39015,39015,33862,887,8392,493,24.8,reported,2020-2024,B01001
0500000US39017,39017,301104,3236,62338,1574,20.7,reported,2020-2024,B01001
0500000US39019,39019,21209,704,5954,430,28.1,reported,2020-2024,B01001
0500000US39021,39021,30242,805,7495,513,24.8,reported,2020-2024,B01001
0500000US39023,39023,104639,1425,27405,876,26.2,reported,2020-2024,B01001
0500000US39025,39025,164459,2114,38826,1186,23.6,reported,2020-2024,B01001
0500000US39027,39027,32482,820,7803,467,24.0,reported,2020-2024,B01001
0500000US39029,39029,80375,1476,22107,920,27.5,reported,2020-2024,B01001
0500000US39031,39031,27996,765,7378,449,26.4,reported,2020-2024,B01001
0500000US39033,39033,32641,801,8862,484,27.1,reported,2020-2024,B01001
0500000US39035,39035,990778,4963,242818,3012,24.5,reported,2020-2024,B01001
0500000US39037,39037,39394,829,10564,538,26.8,reported,2020-2024,B01001
0500000US39039,39039,29717,870,7741,488,26.0,reported,2020-2024,B01001
0500000US39041,39041,170570,2146,34165,1120,20.0,reported,2020-2024,B01001
0500000US39043,39043,60089,1354,17683,785,29.4,reported,2020-2024,B01001
0500000US39045,39045,124477,1679,27165,945,21.8,reported,2020-2024,B01001
0500000US39047,39047,22115,688,5170,385,23.4,reported,2020-2024,B01001
0500000US39049,39049,1022938,5210,173679,2758,17.0,reported,2020-2024,B01001
0500000US39051,39051,32490,779,8209,438,25.3,reported,2020-2024,B01001
0500000US39053,39053,22211,743,5790,435,26.1,reported,2020-2024,B01001
0500000US39055,39055,74296,1380,21289,885,28.7,reported,2020-2024,B01001
0500000US39057,39057,134798,1817,31551,1030,23.4,reported,2020-2024,B01001
0500000US39059,39059,29768,793,7664,466,25.7,reported,2020-2024,B01001
0500000US39061,39061,639895,4331,137755,2429,21.5,reported,2020-2024,B01001
0500000US39063,39063,58563,1259,13960,738,23.8,reported,2020-2024,B01001
0500000US39065,39065,23508,639,4919,329,20.9,reported,2020-2024,B01001
0500000US39067,39067,11305,426,3264,261,28.9,reported,2020-2024,B01001
0500000US39069,39069,21135,601,5492,337,26.0,reported,2020-2024,B01001
0500000US39071,39071,33116,876,8333,519,25.2,reported,2020-2024,B01001
0500000US39073,39073,21838,674,5617,398,25.7,reported,2020-2024,B01001
0500000US39075,39075,30975,766,6429,454,20.8,reported,2020-2024,B01001
0500000US39077,39077,44536,1024,10808,572,24.3,reported,2020-2024,B01001
0500000US39079,39079,24883,791,5857,433,23.5,reported,2020-2024,B01001
0500000US39081,39081,51991,1034,14513,623,27.9,reported,2020-2024,B01001
0500000US39083,39083,48756,1187,12126,620,24.9,reported,2020-2024,B01001
0500000US39085,39085,187416,2228,50308,1371,26.8,reported,2020-2024,B01001
0500000US39087,39087,44553,1026,10854,604,24.4,reported,2020-2024,B01001
0500000US39089,39089,140332,1876,31778,1017,22.6,reported,2020-2024,B01001
0500000US39091,39091,35613,922,8932,534,25.1,reported,2020-2024,B01001
0500000US39093,39093,248798,,62902,1515,25.3,not available in one or more component cells,2020-2024,B01001
0500000US39095,39095,330509,2667,75209,1555,22.8,reported,2020-2024,B01001
0500000US39097,39097,35563,897,7324,452,20.6,reported,2020-2024,B01001
0500000US39099,39099,180571,2117,50896,1357,28.2,reported,2020-2024,B01001
0500000US39101,39101,51156,1125,12140,636,23.7,reported,2020-2024,B01001
0500000US39103,39103,144444,1782,36355,1064,25.2,reported,2020-2024,B01001
0500000US39105,39105,17387,600,4639,325,26.7,reported,2020-2024,B01001
0500000US39107,39107,31674,866,8142,511,25.7,reported,2020-2024,B01001
0500000US39109,39109,85053,1546,21382,864,25.1,reported,2020-2024,B01001
0500000US39111,39111,10538,418,3138,273,29.8,reported,2020-2024,B01001
0500000US39113,39113,417262,3383,99611,1932,23.9,reported,2020-2024,B01001
0500000US39115,39115,10800,438,3074,262,28.5,reported,2020-2024,B01001
0500000US39117,39117,27712,832,6840,502,24.7,reported,2020-2024,B01001
0500000US39119,39119,66822,1295,16071,737,24.1,reported,2020-2024,B01001
0500000US39121,39121,11570,,4243,493,36.7,not available in one or more component cells,2020-2024,B01001
0500000US39123,39123,32979,868,11070,543,33.6,reported,2020-2024,B01001
0500000US39125,39125,14354,455,3625,263,25.3,reported,2020-2024,B01001
0500000US39127,39127,27208,741,6517,414,24.0,reported,2020-2024,B01001
0500000US39129,39129,47161,1120,9860,511,20.9,reported,2020-2024,B01001
0500000US39131,39131,20700,749,5155,456,24.9,reported,2020-2024,B01001
0500000US39133,39133,132490,2183,29702,1131,22.4,reported,2020-2024,B01001
0500000US39135,39135,31722,732,8298,431,26.2,reported,2020-2024,B01001
0500000US39137,39137,25561,613,6492,352,25.4,reported,2020-2024,B01001
0500000US39139,39139,97873,1711,25199,957,25.7,reported,2020-2024,B01001
0500000US39141,39141,60394,1265,13697,722,22.7,reported,2020-2024,B01001
0500000US39143,39143,46100,1059,11904,590,25.8,reported,2020-2024,B01001
0500000US39145,39145,56892,1187,13671,702,24.0,reported,2020-2024,B01001
0500000US39147,39147,43042,921,10538,528,24.5,reported,2020-2024,B01001
0500000US39149,39149,36205,913,8689,499,24.0,reported,2020-2024,B01001
0500000US39151,39151,293188,2524,76627,1616,26.1,reported,2020-2024,B01001
0500000US39153,39153,426570,3241,104607,1957,24.5,reported,2020-2024,B01001
0500000US39155,39155,159566,2072,44931,1329,28.2,reported,2020-2024,B01001
0500000US39157,39157,70931,1278,18645,702,26.3,reported,2020-2024,B01001
0500000US39159,39159,51076,1101,8889,577,17.4,reported,2020-2024,B01001
0500000US39161,39161,22195,606,5760,358,26.0,reported,2020-2024,B01001
0500000US39163,39163,10005,494,2477,295,24.8,reported,2020-2024,B01001
0500000US39165,39165,190537,2417,39428,1305,20.7,reported,2020-2024,B01001
0500000US39167,39167,47272,1003,13114,590,27.7,reported,2020-2024,B01001
0500000US39169,39169,88652,1377,22186,802,25.0,reported,2020-2024,B01001
0500000US39171,39171,28635,725,7368,448,25.7,reported,2020-2024,B01001
0500000US39173,39173,105345,1698,22040,802,20.9,reported,2020-2024,B01001
0500000US39175,39175,16754,522,4493,303,26.8,reported,2020-2024,B01001
0500000US40001,40001,14458,403,3090,213,21.4,reported,2020-2024,B01001
0500000US40003,40003,4651,214,1169,118,25.1,reported,2020-2024,B01001
0500000US40005,40005,11318,338,2714,187,24.0,reported,2020-2024,B01001
0500000US40007,40007,3791,237,1007,123,26.6,reported,2020-2024,B01001
0500000US40009,40009,17023,778,3348,335,19.7,reported,2020-2024,B01001
0500000US40011,40011,6462,273,1684,154,26.1,reported,2020-2024,B01001
0500000US40013,40013,36840,791,8348,526,22.7,reported,2020-2024,B01001
0500000US40015,40015,20364,448,4161,202,20.4,reported,2020-2024,B01001
0500000US40017,40017,125641,1778,23080,1096,18.4,reported,2020-2024,B01001
0500000US40019,40019,36434,705,8300,448,22.8,reported,2020-2024,B01001
0500000US40021,40021,37783,812,8527,471,22.6,reported,2020-2024,B01001
0500000US40023,40023,10795,349,2992,233,27.7,reported,2020-2024,B01001
0500000US40025,40025,1762,238,604,113,34.3,reported,2020-2024,B01001
0500000US40027,40027,238772,,44737,1693,18.7,not available in one or more component cells,2020-2024,B01001
0500000US40029,40029,4036,150,1102,93,27.3,reported,2020-2024,B01001
0500000US40031,40031,92796,1299,16812,757,18.1,reported,2020-2024,B01001
0500000US40033,40033,4232,208,1096,104,25.9,reported,2020-2024,B01001
0500000US40035,40035,11049,368,2721,210,24.6,reported,2020-2024,B01001
0500000US40037,40037,55871,834,13489,571,24.1,reported,2020-2024,B01001
0500000US40039,40039,21209,785,4114,362,19.4,reported,2020-2024,B01001
0500000US40041,40041,33109,685,10601,487,32.0,reported,2020-2024,B01001
0500000US40043,40043,3168,123,853,72,26.9,reported,2020-2024,B01001
0500000US40045,40045,2869,153,856,100,29.8,reported,2020-2024,B01001
0500000US40047,40047,46041,1164,10406,687,22.6,reported,2020-2024,B01001
0500000US40049,40049,19373,455,4670,297,24.1,reported,2020-2024,B01001
0500000US40051,40051,43462,771,9605,469,22.1,reported,2020-2024,B01001
0500000US40053,40053,3152,172,939,106,29.8,reported,2020-2024,B01001
0500000US40055,40055,4395,298,937,127,21.3,reported,2020-2024,B01001
0500000US40057,40057,1819,161,516,67,28.4,reported,2020-2024,B01001
0500000US40059,40059,2440,226,641,124,26.3,reported,2020-2024,B01001
0500000US40061,40061,8933,245,2351,156,26.3,reported,2020-2024,B01001
0500000US40063,40063,10517,356,2534,218,24.1,reported,2020-2024,B01001
0500000US40065,40065,18528,584,3854,298,20.8,reported,2020-2024,B01001
0500000US40067,40067,4033,148,1126,91,27.9,reported,2020-2024,B01001
0500000US40069,40069,7874,280,1921,147,24.4,reported,2020-2024,B01001
0500000US40071,40071,32803,713,8448,449,25.8,reported,2020-2024,B01001
0500000US40073,40073,11310,455,2649,262,23.4,reported,2020-2024,B01001
0500000US40075,40075,6362,274,1704,156,26.8,reported,2020-2024,B01001
0500000US40077,40077,7430,249,2105,155,28.3,reported,2020-2024,B01001
0500000US40079,40079,37100,644,8798,409,23.7,reported,2020-2024,B01001
0500000US40081,40081,26191,554,6633,351,25.3,reported,2020-2024,B01001
0500000US40083,40083,40517,1062,9087,616,22.4,reported,2020-2024,B01001
0500000US40085,40085,7787,266,1858,160,23.9,reported,2020-2024,B01001
0500000US40087,40087,33916,813,7054,461,20.8,reported,2020-2024,B01001
0500000US40089,40089,22722,489,5509,305,24.2,reported,2020-2024,B01001
0500000US40091,40091,15531,468,4950,290,31.9,reported,2020-2024,B01001
0500000US40093,40093,5695,254,1623,139,28.5,reported,2020-2024,B01001
0500000US40095,40095,12118,454,3556,287,29.3,reported,2020-2024,B01001
0500000US40097,40097,30433,659,7524,461,24.7,reported,2020-2024,B01001
0500000US40099,40099,10630,442,2840,266,26.7,reported,2020-2024,B01001
0500000US40101,40101,50249,871,11446,493,22.8,reported,2020-2024,B01001
0500000US40103,40103,8431,354,2360,238,28.0,reported,2020-2024,B01001
0500000US40105,40105,7264,253,1881,159,25.9,reported,2020-2024,B01001
0500000US40107,40107,8737,295,2054,146,23.5,reported,2020-2024,B01001
0500000US40109,40109,601885,3925,116513,2507,19.4,reported,2020-2024,B01001
0500000US40111,40111,28204,597,6818,356,24.2,reported,2020-2024,B01001
0500000US40113,40113,36380,721,9834,443,27.0,reported,2020-2024,B01001
0500000US40115,40115,22681,332,5500,219,24.2,reported,2020-2024,B01001
0500000US40117,40117,12130,342,3174,220,26.2,reported,2020-2024,B01001
0500000US40119,40119,67678,1568,10913,621,16.1,reported,2020-2024,B01001
0500000US40121,40121,33672,654,8775,420,26.1,reported,2020-2024,B01001
0500000US40123,40123,28685,613,6504,382,22.7,reported,2020-2024,B01001
0500000US40125,40125,56484,866,12239,505,21.7,reported,2020-2024,B01001
0500000US40127,40127,8476,278,2448,193,28.9,reported,2020-2024,B01001
0500000US40129,40129,2544,123,751,81,29.5,reported,2020-2024,B01001
0500000US40131,40131,75723,966,17000,616,22.5,reported,2020-2024,B01001
0500000US40133,40133,17780,384,4325,235,24.3,reported,2020-2024,B01001
0500000US40135,40135,30324,587,7429,364,24.5,reported,2020-2024,B01001
0500000US40137,40137,33639,733,9042,484,26.9,reported,2020-2024,B01001
0500000US40139,40139,14791,701,2533,264,17.1,reported,2020-2024,B01001
0500000US40141,40141,5265,251,1401,131,26.6,reported,2020-2024,B01001
0500000US40143,40143,510235,2722,102966,1740,20.2,reported,2020-2024,B01001
0500000US40145,40145,66149,967,14797,610,22.4,reported,2020-2024,B01001
0500000US40147,40147,40506,877,10803,610,26.7,reported,2020-2024,B01001
0500000US40149,40149,8201,334,2132,242,26.0,reported,2020-2024,B01001
0500000US40151,40151,6806,430,1501,203,22.1,reported,2020-2024,B01001
0500000US40153,40153,15289,683,3364,310,22.0,reported,2020-2024,B01001
0500000US41001,41001,13512,574,4732,372,35.0,reported,2020-2024,B01001
0500000US41003,41003,81153,1420,17318,715,21.3,reported,2020-2024,B01001
0500000US41005,41005,335725,3190,84323,1954,25.1,reported,2020-2024,B01001
0500000US41007,41007,33974,1014,10371,544,30.5,reported,2020-2024,B01001
0500000US41009,41009,42626,1111,10754,653,25.2,reported,2020-2024,B01001
0500000US41011,41011,53436,1285,18230,854,34.1,reported,2020-2024,B01001
0500000US41013,41013,21156,859,6638,495,31.4,reported,2020-2024,B01001
0500000US41015,41015,20091,905,8570,623,42.7,reported,2020-2024,B01001
0500000US41017,41017,167265,2362,43870,1431,26.2,reported,2020-2024,B01001
0500000US41019,41019,90683,1519,29694,976,32.7,reported,2020-2024,B01001
0500000US41021,41021,1596,179,639,115,40.0,reported,2020-2024,B01001
0500000US41023,41023,5966,294,2331,218,39.1,reported,2020-2024,B01001
0500000US41025,41025,6110,383,1978,219,32.4,reported,2020-2024,B01001
0500000US41027,41027,18693,752,4322,375,23.1,reported,2020-2024,B01001
0500000US41029,41029,177453,2380,52340,1536,29.5,reported,2020-2024,B01001
0500000US41031,41031,19484,607,5016,337,25.7,reported,2020-2024,B01001
0500000US41033,41033,71209,1499,23999,974,33.7,reported,2020-2024,B01001
0500000US41035,41035,55031,1206,15695,700,28.5,reported,2020-2024,B01001
0500000US41037,41037,6786,405,2086,248,30.7,reported,2020-2024,B01001
0500000US41039,41039,317123,3054,80093,1700,25.3,reported,2020-2024,B01001
0500000US41041,41041,43061,1055,16227,749,37.7,reported,2020-2024,B01001
0500000US41043,41043,101982,1667,25495,941,25.0,reported,2020-2024,B01001
0500000US41045,41045,23863,642,5472,344,22.9,reported,2020-2024,B01001
0500000US41047,41047,267048,2842,58378,1583,21.9,reported,2020-2024,B01001
0500000US41049,41049,8960,489,2035,255,22.7,reported,2020-2024,B01001
0500000US41051,41051,660342,,118224,2341,17.9,not available in one or more component cells,2020-2024,B01001
0500000US41053,41053,70277,1435,17062,784,24.3,reported,2020-2024,B01001
0500000US41055,41055,1548,144,411,59,26.6,reported,2020-2024,B01001
0500000US41057,41057,22516,771,7693,486,34.2,reported,2020-2024,B01001
0500000US41059,41059,60289,1214,13092,717,21.7,reported,2020-2024,B01001
0500000US41061,41061,20553,620,5584,332,27.2,reported,2020-2024,B01001
0500000US41063,41063,6036,305,2219,212,36.8,reported,2020-2024,B01001
0500000US41065,41065,20870,718,5685,391,27.2,reported,2020-2024,B01001
0500000US41067,41067,473722,,89208,1971,18.8,not available in one or more component cells,2020-2024,B01001
0500000US41069,41069,1310,141,578,89,44.1,reported,2020-2024,B01001
0500000US41071,41071,85822,1512,20490,880,23.9,reported,2020-2024,B01001
0500000US42001,42001,85477,1282,23130,796,27.1,reported,2020-2024,B01001
0500000US42003,42003,1007949,4658,249886,2765,24.8,reported,2020-2024,B01001
0500000US42005,42005,52395,842,15521,555,29.6,reported,2020-2024,B01001
0500000US42007,42007,134098,1724,37625,1057,28.1,reported,2020-2024,B01001
0500000US42009,42009,38279,711,11391,458,29.8,reported,2020-2024,B01001
0500000US42011,42011,337875,2880,78100,1685,23.1,reported,2020-2024,B01001
0500000US42013,42013,96861,1394,26068,836,26.9,reported,2020-2024,B01001
0500000US42015,42015,46610,760,13413,481,28.8,reported,2020-2024,B01001
0500000US42017,42017,518471,3770,132986,2318,25.6,reported,2020-2024,B01001
0500000US42019,42019,159274,1867,40695,1100,25.6,reported,2020-2024,B01001
0500000US42021,42021,106277,1368,31490,890,29.6,reported,2020-2024,B01001
0500000US42023,42023,3679,214,1304,121,35.4,reported,2020-2024,B01001
0500000US42025,42025,53007,1169,14795,694,27.9,reported,2020-2024,B01001
0500000US42027,42027,135341,,25272,880,18.7,not available in one or more component cells,2020-2024,B01001
0500000US42029,42029,427396,2935,97116,1741,22.7,reported,2020-2024,B01001
0500000US42031,42031,30121,560,7658,284,25.4,reported,2020-2024,B01001
0500000US42033,42033,64298,1068,17132,639,26.6,reported,2020-2024,B01001
0500000US42035,42035,30178,689,7565,370,25.1,reported,2020-2024,B01001
0500000US42037,42037,53879,1082,13294,512,24.7,reported,2020-2024,B01001
0500000US42039,42039,65712,964,18783,564,28.6,reported,2020-2024,B01001
0500000US42041,42041,213397,2387,50986,1415,23.9,reported,2020-2024,B01001
0500000US42043,42043,224875,2562,52221,1523,23.2,reported,2020-2024,B01001
0500000US42045,42045,451639,,100966,1976,22.4,not available in one or more component cells,2020-2024,B01001
0500000US42047,42047,24721,684,7366,423,29.8,reported,2020-2024,B01001
0500000US42049,42049,213363,2129,53079,1318,24.9,reported,2020-2024,B01001
0500000US42051,42051,101776,1505,28557,960,28.1,reported,2020-2024,B01001
0500000US42053,42053,6467,273,1676,108,25.9,reported,2020-2024,B01001
0500000US42055,42055,122823,1912,31775,1059,25.9,reported,2020-2024,B01001
0500000US42057,42057,11666,257,3315,174,28.4,reported,2020-2024,B01001
0500000US42059,42059,28244,660,7193,395,25.5,reported,2020-2024,B01001
0500000US42061,42061,35911,614,9659,355,26.9,reported,2020-2024,B01001
0500000US42063,42063,68096,1228,17076,605,25.1,reported,2020-2024,B01001
0500000US42065,42065,34499,529,9757,344,28.3,reported,2020-2024,B01001
0500000US42067,42067,18218,447,4956,275,27.2,reported,2020-2024,B01001
0500000US42069,42069,171933,2011,44410,1188,25.8,reported,2020-2024,B01001
0500000US42071,42071,428981,3279,109434,1995,25.5,reported,2020-2024,B01001
0500000US42073,42073,68024,1135,19902,732,29.3,reported,2020-2024,B01001
0500000US42075,42075,111694,1732,29525,1012,26.4,reported,2020-2024,B01001
0500000US42077,42077,294294,2928,67008,1543,22.8,reported,2020-2024,B01001
0500000US42079,42079,261218,2327,65922,1454,25.2,reported,2020-2024,B01001
0500000US42081,42081,90193,1322,23375,748,25.9,reported,2020-2024,B01001
0500000US42083,42083,32180,654,8390,401,26.1,reported,2020-2024,B01001
0500000US42085,42085,88565,1339,25271,810,28.5,reported,2020-2024,B01001
0500000US42087,42087,35613,853,10130,518,28.4,reported,2020-2024,B01001
0500000US42089,42089,135474,2055,32781,1262,24.2,reported,2020-2024,B01001
0500000US42091,42091,682880,3946,163106,2262,23.9,reported,2020-2024,B01001
0500000US42093,42093,14461,493,3941,300,27.3,reported,2020-2024,B01001
0500000US42095,42095,257569,2530,64743,1532,25.1,reported,2020-2024,B01001
0500000US42097,42097,72741,1178,20204,710,27.8,reported,2020-2024,B01001
0500000US42099,42099,36540,689,9476,428,25.9,reported,2020-2024,B01001
0500000US42101,42101,1244907,6529,232118,3681,18.6,reported,2020-2024,B01001
0500000US42103,42103,50188,1188,14732,731,29.4,reported,2020-2024,B01001
0500000US42105,42105,12951,267,4196,171,32.4,reported,2020-2024,B01001
0500000US42107,42107,115001,1460,30226,915,26.3,reported,2020-2024,B01001
0500000US42109,42109,31554,675,8160,433,25.9,reported,2020-2024,B01001
0500000US42111,42111,59572,972,17404,585,29.2,reported,2020-2024,B01001
0500000US42113,42113,5273,227,1852,114,35.1,reported,2020-2024,B01001
0500000US42115,42115,31025,507,9623,331,31.0,reported,2020-2024,B01001
0500000US42117,42117,32907,589,9615,390,29.2,reported,2020-2024,B01001
0500000US42119,42119,35086,834,8439,527,24.1,reported,2020-2024,B01001
0500000US42121,42121,40332,721,12346,477,30.6,reported,2020-2024,B01001
0500000US42123,42123,30473,589,9384,340,30.8,reported,2020-2024,B01001
0500000US42125,42125,168972,1904,46167,1264,27.3,reported,2020-2024,B01001
0500000US42127,42127,42854,912,13107,567,30.6,reported,2020-2024,B01001
0500000US42129,42129,288350,2527,85642,1626,29.7,reported,2020-2024,B01001
0500000US42131,42131,20992,448,5955,273,28.4,reported,2020-2024,B01001
0500000US42133,42133,361630,3061,87113,1834,24.1,reported,2020-2024,B01001
0500000US44001,44001,41517,1089,10674,592,25.7,reported,2020-2024,B01001
0500000US44003,44003,140537,2165,35017,1270,24.9,reported,2020-2024,B01001
0500000US44005,44005,71106,1470,21606,922,30.4,reported,2020-2024,B01001
0500000US44007,44007,530914,4031,108512,2090,20.4,reported,2020-2024,B01001
0500000US44009,44009,110302,1934,30422,998,27.6,reported,2020-2024,B01001
0500000US45001,45001,19623,714,5598,425,28.5,reported,2020-2024,B01001
0500000US45003,45003,136781,2134,36156,1280,26.4,reported,2020-2024,B01001
0500000US45005,45005,6265,446,1719,225,27.4,reported,2020-2024,B01001
0500000US45007,45007,162924,2339,38805,1316,23.8,reported,2020-2024,B01001
0500000US45009,45009,10660,,3117,331,29.2,not available in one or more component cells,2020-2024,B01001
0500000US45011,45011,15651,614,3927,356,25.1,reported,2020-2024,B01001
0500000US45013,45013,161218,2468,55433,1664,34.4,reported,2020-2024,B01001
0500000US45015,45015,188513,2433,36615,1361,19.4,reported,2020-2024,B01001
0500000US45017,45017,11543,699,3462,334,30.0,reported,2020-2024,B01001
0500000US45019,45019,338379,3253,75028,1833,22.2,reported,2020-2024,B01001
0500000US45021,45021,43773,987,9931,513,22.7,reported,2020-2024,B01001
0500000US45023,45023,24999,787,6189,418,24.8,reported,2020-2024,B01001
0500000US45025,45025,34075,921,8332,499,24.5,reported,2020-2024,B01001
0500000US45027,45027,25344,763,7727,473,30.5,reported,2020-2024,B01001
0500000US45029,45029,29991,970,7929,528,26.4,reported,2020-2024,B01001
0500000US45031,45031,48664,1113,12424,668,25.5,reported,2020-2024,B01001
0500000US45033,45033,20814,671,5010,366,24.1,reported,2020-2024,B01001
0500000US45035,45035,126948,2180,25407,1126,20.0,reported,2020-2024,B01001
0500000US45037,45037,22919,884,5421,411,23.7,reported,2020-2024,B01001
0500000US45039,45039,16859,688,4941,428,29.3,reported,2020-2024,B01001
0500000US45041,45041,104829,1792,24807,911,23.7,reported,2020-2024,B01001
0500000US45043,45043,53817,1351,19903,879,37.0,reported,2020-2024,B01001
0500000US45045,45045,422724,3592,91684,2097,21.7,reported,2020-2024,B01001
0500000US45047,45047,53936,1272,13460,670,25.0,reported,2020-2024,B01001
0500000US45049,45049,14343,592,3589,318,25.0,reported,2020-2024,B01001
0500000US45051,45051,318052,3353,100979,2003,31.7,reported,2020-2024,B01001
0500000US45053,45053,26283,1173,7427,552,28.3,reported,2020-2024,B01001
0500000US45055,45055,52454,1180,12924,712,24.6,reported,2020-2024,B01001
0500000US45057,45057,81952,1895,22735,1068,27.7,reported,2020-2024,B01001
0500000US45059,45059,53686,1160,13156,673,24.5,reported,2020-2024,B01001
0500000US45061,45061,13144,598,3355,296,25.5,reported,2020-2024,B01001
0500000US45063,45063,234854,,52089,1383,22.2,not available in one or more component cells,2020-2024,B01001
0500000US45065,45065,8768,517,3852,321,43.9,reported,2020-2024,B01001
0500000US45067,45067,22331,926,6203,476,27.8,reported,2020-2024,B01001
0500000US45069,45069,20804,685,4959,378,23.8,reported,2020-2024,B01001
0500000US45071,45071,30204,942,7853,552,26.0,reported,2020-2024,B01001
0500000US45073,45073,65095,1466,20015,905,30.7,reported,2020-2024,B01001
0500000US45075,45075,65403,1422,17415,774,26.6,reported,2020-2024,B01001
0500000US45077,45077,109608,2013,23326,957,21.3,reported,2020-2024,B01001
0500000US45079,45079,331148,3550,59468,1679,18.0,reported,2020-2024,B01001
0500000US45081,45081,14935,607,3940,327,26.4,reported,2020-2024,B01001
0500000US45083,45083,266567,2868,56675,1555,21.3,reported,2020-2024,B01001
0500000US45085,45085,79902,1615,18606,902,23.3,reported,2020-2024,B01001
0500000US45087,45087,21295,702,5810,409,27.3,reported,2020-2024,B01001
0500000US45089,45089,24400,775,6867,466,28.1,reported,2020-2024,B01001
0500000US45091,45091,224327,,45133,1363,20.1,not available in one or more component cells,2020-2024,B01001
0500000US46003,46003,1968,125,520,64,26.4,reported,2020-2024,B01001
0500000US46005,46005,13912,648,3561,295,25.6,reported,2020-2024,B01001
0500000US46007,46007,2171,226,512,97,23.6,reported,2020-2024,B01001
0500000US46009,46009,5737,252,1514,125,26.4,reported,2020-2024,B01001
0500000US46011,46011,27898,870,4736,361,17.0,reported,2020-2024,B01001
0500000US46013,46013,28929,933,6731,474,23.3,reported,2020-2024,B01001
0500000US46015,46015,4000,242,1110,124,27.8,reported,2020-2024,B01001
0500000US46017,46017,1100,131,166,54,15.1,reported,2020-2024,B01001
0500000US46019,46019,8029,419,2149,244,26.8,reported,2020-2024,B01001
0500000US46021,46021,1262,124,429,76,34.0,reported,2020-2024,B01001
0500000US46023,46023,6430,253,1759,148,27.4,reported,2020-2024,B01001
0500000US46025,46025,2766,184,921,92,33.3,reported,2020-2024,B01001
0500000US46027,46027,12574,677,1856,225,14.8,reported,2020-2024,B01001
0500000US46029,46029,22155,726,5625,442,25.4,reported,2020-2024,B01001
0500000US46031,46031,2461,112,501,53,20.4,reported,2020-2024,B01001
0500000US46033,46033,7667,456,2997,315,39.1,reported,2020-2024,B01001
0500000US46035,46035,15244,672,4156,392,27.3,reported,2020-2024,B01001
0500000US46037,46037,4220,215,1449,129,34.3,reported,2020-2024,B01001
0500000US46039,46039,3280,166,956,102,29.1,reported,2020-2024,B01001
0500000US46041,46041,3209,,518,64,16.1,not available in one or more component cells,2020-2024,B01001
0500000US46043,46043,2106,155,693,82,32.9,reported,2020-2024,B01001
0500000US46045,46045,3092,186,928,108,30.0,reported,2020-2024,B01001
0500000US46047,46047,6080,401,2382,257,39.2,reported,2020-2024,B01001
0500000US46049,46049,1595,182,512,119,32.1,reported,2020-2024,B01001
0500000US46051,46051,5886,370,1767,222,30.0,reported,2020-2024,B01001
0500000US46053,46053,3037,148,1068,91,35.2,reported,2020-2024,B01001
0500000US46055,46055,1372,162,501,102,36.5,reported,2020-2024,B01001
0500000US46057,46057,4262,178,911,98,21.4,reported,2020-2024,B01001
0500000US46059,46059,2346,162,759,90,32.4,reported,2020-2024,B01001
0500000US46061,46061,2476,133,566,91,22.9,reported,2020-2024,B01001
0500000US46063,46063,880,100,238,46,27.0,reported,2020-2024,B01001
0500000US46065,46065,13352,647,3188,331,23.9,reported,2020-2024,B01001
0500000US46067,46067,5447,220,1613,136,29.6,reported,2020-2024,B01001
0500000US46069,46069,977,120,337,65,34.5,reported,2020-2024,B01001
0500000US46071,46071,1879,202,348,75,18.5,reported,2020-2024,B01001
0500000US46073,46073,1368,123,545,76,39.8,reported,2020-2024,B01001
0500000US46075,46075,685,110,245,77,35.8,reported,2020-2024,B01001
0500000US46077,46077,3927,155,1211,98,30.8,reported,2020-2024,B01001
0500000US46079,46079,8826,451,2666,268,30.2,reported,2020-2024,B01001
0500000US46081,46081,22798,826,6813,469,29.9,reported,2020-2024,B01001
0500000US46083,46083,51947,1219,10366,603,20.0,reported,2020-2024,B01001
0500000US46085,46085,2681,199,682,86,25.4,reported,2020-2024,B01001
0500000US46087,46087,4114,181,1082,117,26.3,reported,2020-2024,B01001
0500000US46089,46089,1732,215,711,116,41.1,reported,2020-2024,B01001
0500000US46091,46091,3287,267,1009,123,30.7,reported,2020-2024,B01001
0500000US46093,46093,24070,2889,5104,439,21.2,reported,2020-2024,B01001
0500000US46095,46095,1386,159,319,72,23.0,reported,2020-2024,B01001
0500000US46097,46097,1796,136,596,81,33.2,reported,2020-2024,B01001
0500000US46099,46099,151682,,28306,954,18.7,not available in one or more component cells,2020-2024,B01001
0500000US46101,46101,4715,228,1293,132,27.4,reported,2020-2024,B01001
0500000US46102,46102,8714,660,1013,238,11.6,reported,2020-2024,B01001
0500000US46103,46103,88537,1656,22870,995,25.8,reported,2020-2024,B01001
0500000US46105,46105,2330,160,806,94,34.6,reported,2020-2024,B01001
0500000US46107,46107,1901,147,734,80,38.6,reported,2020-2024,B01001
0500000US46109,46109,7334,230,2137,134,29.1,reported,2020-2024,B01001
0500000US46111,46111,1766,135,482,73,27.3,reported,2020-2024,B01001
0500000US46115,46115,4906,249,1522,138,31.0,reported,2020-2024,B01001
0500000US46117,46117,2376,228,735,141,30.9,reported,2020-2024,B01001
0500000US46119,46119,1190,107,353,51,29.7,reported,2020-2024,B01001
0500000US46121,46121,5661,333,726,114,12.8,reported,2020-2024,B01001
0500000US46123,46123,4312,307,1380,168,32.0,reported,2020-2024,B01001
0500000US46125,46125,6634,204,1804,119,27.2,reported,2020-2024,B01001
0500000US46127,46127,12973,534,3328,289,25.7,reported,2020-2024,B01001
0500000US46129,46129,4021,295,1212,135,30.1,reported,2020-2024,B01001
0500000US46135,46135,18440,685,5005,437,27.1,reported,2020-2024,B01001
0500000US46137,46137,1777,139,279,58,15.7,reported,2020-2024,B01001
0500000US47001,47001,62281,1291,15978,748,25.7,reported,2020-2024,B01001
0500000US47003,47003,39000,1225,7757,556,19.9,reported,2020-2024,B01001
0500000US47005,47005,12781,546,3874,327,30.3,reported,2020-2024,B01001
0500000US47007,47007,12736,624,3132,312,24.6,reported,2020-2024,B01001
0500000US47009,47009,111687,1783,29172,1076,26.1,reported,2020-2024,B01001
0500000US47011,47011,86771,1600,19245,887,22.2,reported,2020-2024,B01001
0500000US47013,47013,31694,868,8388,593,26.5,reported,2020-2024,B01001
0500000US47015,47015,11446,507,2625,268,22.9,reported,2020-2024,B01001
0500000US47017,47017,22316,690,5778,374,25.9,reported,2020-2024,B01001
0500000US47019,47019,46692,1099,12902,722,27.6,reported,2020-2024,B01001
0500000US47021,47021,32866,906,6682,485,20.3,reported,2020-2024,B01001
0500000US47023,47023,13798,669,3234,338,23.4,reported,2020-2024,B01001
0500000US47025,47025,26381,826,6502,497,24.6,reported,2020-2024,B01001
0500000US47027,47027,6227,445,1914,227,30.7,reported,2020-2024,B01001
0500000US47029,47029,29313,908,8101,534,27.6,reported,2020-2024,B01001
0500000US47031,47031,45284,1080,10591,613,23.4,reported,2020-2024,B01001
0500000US47033,47033,10683,447,2695,218,25.2,reported,2020-2024,B01001
0500000US47035,47035,52931,1234,20603,859,38.9,reported,2020-2024,B01001
0500000US47037,47037,566997,4131,92450,2068,16.3,reported,2020-2024,B01001
0500000US47039,47039,9244,404,2756,269,29.8,reported,2020-2024,B01001
0500000US47041,47041,16402,691,3933,337,24.0,reported,2020-2024,B01001
0500000US47043,47043,43360,1113,9415,597,21.7,reported,2020-2024,B01001
0500000US47045,47045,27841,1036,6473,597,23.2,reported,2020-2024,B01001
0500000US47047,47047,35504,856,9938,536,28.0,reported,2020-2024,B01001
0500000US47049,47049,15374,697,4498,419,29.3,reported,2020-2024,B01001
0500000US47051,47051,35360,962,9181,576,26.0,reported,2020-2024,B01001
0500000US47053,47053,38497,977,8920,546,23.2,reported,2020-2024,B01001
0500000US47055,47055,24302,831,6463,438,26.6,reported,2020-2024,B01001
0500000US47057,47057,19699,681,5462,435,27.7,reported,2020-2024,B01001
0500000US47059,47059,58037,1315,15838,820,27.3,reported,2020-2024,B01001
0500000US47061,47061,10842,413,2862,235,26.4,reported,2020-2024,B01001
0500000US47063,47063,49963,1444,11750,761,23.5,reported,2020-2024,B01001
0500000US47065,47065,296881,,69086,1724,23.3,not available in one or more component cells,2020-2024,B01001
0500000US47067,47067,5402,332,1541,228,28.5,reported,2020-2024,B01001
0500000US47069,47069,20520,741,4751,373,23.2,reported,2020-2024,B01001
0500000US47071,47071,21762,768,6395,440,29.4,reported,2020-2024,B01001
0500000US47073,47073,46851,1118,12630,693,27.0,reported,2020-2024,B01001
0500000US47075,47075,13640,560,3665,336,26.9,reported,2020-2024,B01001
0500000US47077,47077,21621,829,5124,397,23.7,reported,2020-2024,B01001
0500000US47079,47079,25973,825,7766,535,29.9,reported,2020-2024,B01001
0500000US47081,47081,20078,724,4527,382,22.5,reported,2020-2024,B01001
0500000US47083,47083,6618,334,1681,171,25.4,reported,2020-2024,B01001
0500000US47085,47085,15152,646,3990,394,26.3,reported,2020-2024,B01001
0500000US47087,47087,9829,460,2802,297,28.5,reported,2020-2024,B01001
0500000US47089,47089,45931,1187,11764,705,25.6,reported,2020-2024,B01001
0500000US47091,47091,15163,627,4273,412,28.2,reported,2020-2024,B01001
0500000US47093,47093,390630,3377,80392,1636,20.6,reported,2020-2024,B01001
0500000US47095,47095,5601,338,1079,132,19.3,reported,2020-2024,B01001
0500000US47097,47097,19413,663,4131,321,21.3,reported,2020-2024,B01001
0500000US47099,47099,34026,829,8061,480,23.7,reported,2020-2024,B01001
0500000US47101,47101,10246,638,2671,392,26.1,reported,2020-2024,B01001
0500000US47103,47103,27944,879,7217,509,25.8,reported,2020-2024,B01001
0500000US47105,47105,47459,1227,16123,863,34.0,reported,2020-2024,B01001
0500000US47107,47107,43257,1067,11139,658,25.8,reported,2020-2024,B01001
0500000US47109,47109,20370,674,5410,358,26.6,reported,2020-2024,B01001
0500000US47111,47111,19657,729,4039,406,20.5,reported,2020-2024,B01001
0500000US47113,47113,77008,1426,17764,773,23.1,reported,2020-2024,B01001
0500000US47115,47115,23319,755,6119,443,26.2,reported,2020-2024,B01001
0500000US47117,47117,27607,969,6090,484,22.1,reported,2020-2024,B01001
0500000US47119,47119,83057,1640,18447,863,22.2,reported,2020-2024,B01001
0500000US47121,47121,10639,512,2808,297,26.4,reported,2020-2024,B01001
0500000US47123,47123,37903,997,10627,585,28.0,reported,2020-2024,B01001
0500000US47125,47125,171468,2376,23428,966,13.7,reported,2020-2024,B01001
0500000US47127,47127,5367,410,1477,210,27.5,reported,2020-2024,B01001
0500000US47129,47129,17330,628,4018,375,23.2,reported,2020-2024,B01001
0500000US47131,47131,23807,681,6419,383,27.0,reported,2020-2024,B01001
0500000US47133,47133,18307,631,4735,370,25.9,reported,2020-2024,B01001
0500000US47135,47135,6754,434,1907,227,28.2,reported,2020-2024,B01001
0500000US47137,47137,4201,303,1421,172,33.8,reported,2020-2024,B01001
0500000US47139,47139,14542,566,3764,338,25.9,reported,2020-2024,B01001
0500000US47141,47141,65334,1430,13623,687,20.9,reported,2020-2024,B01001
0500000US47143,47143,26796,968,6731,521,25.1,reported,2020-2024,B01001
0500000US47145,47145,44867,1094,12864,668,28.7,reported,2020-2024,B01001
0500000US47147,47147,57361,1309,11252,639,19.6,reported,2020-2024,B01001
0500000US47149,47149,271543,2890,40298,1345,14.8,reported,2020-2024,B01001
0500000US47151,47151,16926,577,3821,308,22.6,reported,2020-2024,B01001
0500000US47153,47153,13463,610,3662,358,27.2,reported,2020-2024,B01001
0500000US47155,47155,78895,1589,20290,864,25.7,reported,2020-2024,B01001
0500000US47157,47157,685371,,136050,2233,19.9,not available in one or more component cells,2020-2024,B01001
0500000US47159,47159,15823,534,3399,292,21.5,reported,2020-2024,B01001
0500000US47161,47161,11105,486,2933,283,26.4,reported,2020-2024,B01001
0500000US47163,47163,130014,1924,35721,1172,27.5,reported,2020-2024,B01001
0500000US47165,47165,157207,2150,34031,1199,21.6,reported,2020-2024,B01001
0500000US47167,47167,47063,1164,9617,605,20.4,reported,2020-2024,B01001
0500000US47169,47169,9969,593,1475,268,14.8,reported,2020-2024,B01001
0500000US47171,47171,14587,701,4216,444,28.9,reported,2020-2024,B01001
0500000US47173,47173,16079,611,3849,366,23.9,reported,2020-2024,B01001
0500000US47175,47175,5134,314,1545,186,30.1,reported,2020-2024,B01001
0500000US47177,47177,32348,952,7552,481,23.3,reported,2020-2024,B01001
0500000US47179,47179,110815,1904,25751,975,23.2,reported,2020-2024,B01001
0500000US47181,47181,13503,578,3190,313,23.6,reported,2020-2024,B01001
0500000US47183,47183,26730,830,6051,426,22.6,reported,2020-2024,B01001
0500000US47185,47185,22064,836,5979,548,27.1,reported,2020-2024,B01001
0500000US47187,47187,193148,2576,38404,1263,19.9,reported,2020-2024,B01001
0500000US47189,47189,121627,1955,25250,1016,20.8,reported,2020-2024,B01001
0500000US48001,48001,47244,1319,8865,525,18.8,reported,2020-2024,B01001
0500000US48003,48003,12853,766,1806,238,14.1,reported,2020-2024,B01001
0500000US48005,48005,65205,1411,14722,718,22.6,reported,2020-2024,B01001
0500000US48007,48007,20742,1047,7054,517,34.0,reported,2020-2024,B01001
0500000US48009,48009,6902,308,1932,202,28.0,reported,2020-2024,B01001
0500000US48011,48011,1471,154,459,85,31.2,reported,2020-2024,B01001
0500000US48013,48013,37467,1100,7768,577,20.7,reported,2020-2024,B01001
0500000US48015,48015,23868,843,6556,464,27.5,reported,2020-2024,B01001
0500000US48017,48017,5057,561,1361,299,26.9,reported,2020-2024,B01001
0500000US48019,48019,18370,850,6554,512,35.7,reported,2020-2024,B01001
0500000US48021,48021,78901,1710,16402,901,20.8,reported,2020-2024,B01001
0500000US48023,48023,2729,240,950,143,34.8,reported,2020-2024,B01001
0500000US48025,48025,24870,1080,3950,383,15.9,reported,2020-2024,B01001
0500000US48027,48027,280649,2872,46147,1377,16.4,reported,2020-2024,B01001
0500000US48029,48029,1557299,7236,266184,3612,17.1,reported,2020-2024,B01001
0500000US48031,48031,10264,531,3285,316,32.0,reported,2020-2024,B01001
0500000US48033,48033,462,95,123,36,26.6,reported,2020-2024,B01001
0500000US48035,48035,14805,497,4785,318,32.3,reported,2020-2024,B01001
0500000US48037,48037,70213,1386,16165,808,23.0,reported,2020-2024,B01001
0500000US48039,48039,291185,2950,50224,1529,17.2,reported,2020-2024,B01001
0500000US48041,48041,193526,2666,24712,935,12.8,reported,2020-2024,B01001
0500000US48043,48043,7915,696,2515,331,31.8,reported,2020-2024,B01001
0500000US48045,48045,1031,126,320,64,31.0,reported,2020-2024,B01001
0500000US48047,48047,5491,578,1497,289,27.3,reported,2020-2024,B01001
0500000US48049,48049,30528,812,8062,493,26.4,reported,2020-2024,B01001
0500000US48051,48051,14719,715,4170,346,28.3,reported,2020-2024,B01001
0500000US48053,48053,41877,1010,12426,589,29.7,reported,2020-2024,B01001
0500000US48055,48055,37397,1099,7446,564,19.9,reported,2020-2024,B01001
0500000US48057,48057,15361,954,3815,447,24.8,reported,2020-2024,B01001
0500000US48059,48059,11139,553,2985,300,26.8,reported,2020-2024,B01001
0500000US48061,48061,303964,2918,60919,1680,20.0,reported,2020-2024,B01001
0500000US48063,48063,9439,590,2401,284,25.4,reported,2020-2024,B01001
0500000US48065,48065,4453,294,1196,175,26.9,reported,2020-2024,B01001
0500000US48067,48067,22155,743,6432,417,29.0,reported,2020-2024,B01001
0500000US48069,48069,5209,417,1376,227,26.4,reported,2020-2024,B01001
0500000US48071,48071,37372,1414,6491,629,17.4,reported,2020-2024,B01001
0500000US48073,48073,38835,1017,9527,583,24.5,reported,2020-2024,B01001
0500000US48075,48075,5379,543,1154,226,21.5,reported,2020-2024,B01001
0500000US48077,48077,8457,343,2455,202,29.0,reported,2020-2024,B01001
0500000US48079,48079,1836,175,368,66,20.0,reported,2020-2024,B01001
0500000US48081,48081,2640,215,906,114,34.3,reported,2020-2024,B01001
0500000US48083,48083,6222,471,2053,264,33.0,reported,2020-2024,B01001
0500000US48085,48085,875753,4898,134714,2608,15.4,reported,2020-2024,B01001
0500000US48087,48087,1867,215,628,128,33.6,reported,2020-2024,B01001
0500000US48089,48089,16107,822,4910,441,30.5,reported,2020-2024,B01001
0500000US48091,48091,143183,2181,34386,1229,24.0,reported,2020-2024,B01001
0500000US48093,48093,10764,484,3338,285,31.0,reported,2020-2024,B01001
0500000US48095,48095,2938,308,659,99,22.4,reported,2020-2024,B01001
0500000US48097,48097,33059,980,8136,535,24.6,reported,2020-2024,B01001
0500000US48099,48099,65690,1340,9621,569,14.6,reported,2020-2024,B01001
0500000US48101,48101,1118,186,317,85,28.4,reported,2020-2024,B01001
0500000US48103,48103,3247,404,719,197,22.1,reported,2020-2024,B01001
0500000US48105,48105,2076,410,537,169,25.9,reported,2020-2024,B01001
0500000US48107,48107,3754,216,967,101,25.8,reported,2020-2024,B01001
0500000US48109,48109,1603,333,641,217,40.0,reported,2020-2024,B01001
0500000US48111,48111,4907,640,815,197,16.6,reported,2020-2024,B01001
0500000US48113,48113,1962638,7848,309055,3871,15.7,reported,2020-2024,B01001
0500000US48115,48115,9189,557,1687,223,18.4,reported,2020-2024,B01001
0500000US48117,48117,12666,643,2435,292,19.2,reported,2020-2024,B01001
0500000US48119,48119,4130,312,1110,161,26.9,reported,2020-2024,B01001
0500000US48121,48121,750600,4637,113125,2142,15.1,reported,2020-2024,B01001
0500000US48123,48123,15545,652,4060,336,26.1,reported,2020-2024,B01001
0500000US48125,48125,1376,141,467,72,33.9,reported,2020-2024,B01001
0500000US48127,48127,6202,635,1358,238,21.9,reported,2020-2024,B01001
0500000US48129,48129,2684,246,818,119,30.5,reported,2020-2024,B01001
0500000US48131,48131,7288,709,1656,273,22.7,reported,2020-2024,B01001
0500000US48133,48133,14206,602,3950,336,27.8,reported,2020-2024,B01001
0500000US48135,48135,114636,2167,16258,876,14.2,reported,2020-2024,B01001
0500000US48137,48137,994,279,238,90,23.9,reported,2020-2024,B01001
0500000US48139,48139,156990,2040,27788,1098,17.7,reported,2020-2024,B01001
0500000US48141,48141,643939,4405,114171,2328,17.7,reported,2020-2024,B01001
0500000US48143,48143,34721,977,6497,434,18.7,reported,2020-2024,B01001
0500000US48145,48145,13664,741,3341,298,24.5,reported,2020-2024,B01001
0500000US48147,48147,29458,824,6767,420,23.0,reported,2020-2024,B01001
0500000US48149,48149,19990,721,6734,402,33.7,reported,2020-2024,B01001
0500000US48151,48151,2826,197,761,97,26.9,reported,2020-2024,B01001
0500000US48153,48153,3890,314,995,141,25.6,reported,2020-2024,B01001
0500000US48155,48155,841,143,316,80,37.6,reported,2020-2024,B01001
0500000US48157,48157,655649,5246,112289,2653,17.1,reported,2020-2024,B01001
0500000US48159,48159,8258,534,2375,283,28.8,reported,2020-2024,B01001
0500000US48161,48161,15518,635,4037,348,26.0,reported,2020-2024,B01001
0500000US48163,48163,13996,959,2302,366,16.4,reported,2020-2024,B01001
0500000US48165,48165,14271,852,2151,386,15.1,reported,2020-2024,B01001
0500000US48167,48167,274306,2846,56604,1504,20.6,reported,2020-2024,B01001
0500000US48169,48169,4302,464,763,172,17.7,reported,2020-2024,B01001
0500000US48171,48171,22174,921,8301,582,37.4,reported,2020-2024,B01001
0500000US48173,48173,817,143,159,52,19.5,reported,2020-2024,B01001
0500000US48175,48175,5729,422,1752,221,30.6,reported,2020-2024,B01001
0500000US48177,48177,14795,739,3596,340,24.3,reported,2020-2024,B01001
0500000US48179,48179,15832,608,3508,282,22.2,reported,2020-2024,B01001
0500000US48181,48181,108886,1833,25876,1082,23.8,reported,2020-2024,B01001
0500000US48183,48183,93203,1657,20175,921,21.6,reported,2020-2024,B01001
0500000US48185,48185,24313,1032,5825,504,24.0,reported,2020-2024,B01001
0500000US48187,48187,139409,1935,27204,1080,19.5,reported,2020-2024,B01001
0500000US48189,48189,23685,794,4575,389,19.3,reported,2020-2024,B01001
0500000US48191,48191,2221,199,688,111,31.0,reported,2020-2024,B01001
0500000US48193,48193,6517,387,2095,237,32.1,reported,2020-2024,B01001
0500000US48195,48195,3665,315,722,117,19.7,reported,2020-2024,B01001
0500000US48197,48197,2755,268,759,118,27.5,reported,2020-2024,B01001
0500000US48199,48199,43379,1251,10209,688,23.5,reported,2020-2024,B01001
0500000US48201,48201,3585232,,567148,5710,15.8,not available in one or more component cells,2020-2024,B01001
0500000US48203,48203,53311,1427,12284,716,23.0,reported,2020-2024,B01001
0500000US48205,48205,4055,439,832,175,20.5,reported,2020-2024,B01001
0500000US48207,48207,4440,299,1230,137,27.7,reported,2020-2024,B01001
0500000US48209,48209,208418,3010,32662,1290,15.7,reported,2020-2024,B01001
0500000US48211,48211,2571,254,744,152,28.9,reported,2020-2024,B01001
0500000US48213,48213,66698,1336,19136,791,28.7,reported,2020-2024,B01001
0500000US48215,48215,615732,4092,104535,2227,17.0,reported,2020-2024,B01001
0500000US48217,48217,28690,676,7620,383,26.6,reported,2020-2024,B01001
0500000US48219,48219,15676,508,3284,253,20.9,reported,2020-2024,B01001
0500000US48221,48221,52427,1202,16840,759,32.1,reported,2020-2024,B01001
0500000US48223,48223,28612,697,7074,386,24.7,reported,2020-2024,B01001
0500000US48225,48225,17572,710,4898,332,27.9,reported,2020-2024,B01001
0500000US48227,48227,24993,722,4322,330,17.3,reported,2020-2024,B01001
0500000US48229,48229,2802,382,370,89,13.2,reported,2020-2024,B01001
0500000US48231,48231,82299,1511,16897,760,20.5,reported,2020-2024,B01001
0500000US48233,48233,15153,696,3624,335,23.9,reported,2020-2024,B01001
0500000US48235,48235,1079,162,309,65,28.6,reported,2020-2024,B01001
0500000US48237,48237,6880,453,1497,168,21.8,reported,2020-2024,B01001
0500000US48239,48239,11425,734,2994,352,26.2,reported,2020-2024,B01001
0500000US48241,48241,25110,882,6914,531,27.5,reported,2020-2024,B01001
0500000US48243,48243,1529,285,632,185,41.3,reported,2020-2024,B01001
0500000US48245,48245,191398,2361,39263,1258,20.5,reported,2020-2024,B01001
0500000US48247,48247,3200,407,453,122,14.2,reported,2020-2024,B01001
0500000US48249,48249,28241,967,6319,506,22.4,reported,2020-2024,B01001
0500000US48251,48251,145338,2086,27436,1112,18.9,reported,2020-2024,B01001
0500000US48253,48253,16866,713,3255,324,19.3,reported,2020-2024,B01001
0500000US48255,48255,12060,750,2268,224,18.8,reported,2020-2024,B01001
0500000US48257,48257,122955,2085,18404,931,15.0,reported,2020-2024,B01001
0500000US48259,48259,37715,1257,9889,610,26.2,reported,2020-2024,B01001
0500000US48261,48261,125,83,57,46,45.6,reported,2020-2024,B01001
0500000US48263,48263,645,119,274,80,42.5,reported,2020-2024,B01001
0500000US48265,48265,43814,1145,15544,772,35.5,reported,2020-2024,B01001
0500000US48267,48267,3643,359,1371,209,37.6,reported,2020-2024,B01001
0500000US48269,48269,180,85,65,40,36.1,reported,2020-2024,B01001
0500000US48271,48271,2927,484,836,232,28.6,reported,2020-2024,B01001
0500000US48273,48273,23216,958,4052,336,17.5,reported,2020-2024,B01001
0500000US48275,48275,2448,178,619,76,25.3,reported,2020-2024,B01001
0500000US48277,48277,38475,1086,9900,596,25.7,reported,2020-2024,B01001
0500000US48279,48279,9339,407,2197,228,23.5,reported,2020-2024,B01001
0500000US48281,48281,17886,678,4763,372,26.6,reported,2020-2024,B01001
0500000US48283,48283,5338,595,1097,193,20.6,reported,2020-2024,B01001
0500000US48285,48285,15726,590,4950,331,31.5,reported,2020-2024,B01001
0500000US48287,48287,14147,815,3578,403,25.3,reported,2020-2024,B01001
0500000US48289,48289,12564,649,3999,373,31.8,reported,2020-2024,B01001
0500000US48291,48291,72434,1604,11905,768,16.4,reported,2020-2024,B01001
0500000US48293,48293,17296,615,4657,354,26.9,reported,2020-2024,B01001
0500000US48295,48295,2018,165,542,83,26.9,reported,2020-2024,B01001
0500000US48297,48297,9366,585,2376,272,25.4,reported,2020-2024,B01001
0500000US48299,48299,18960,758,8299,517,43.8,reported,2020-2024,B01001
0500000US48301,48301,33,87,27,48,81.8,reported,2020-2024,B01001
0500000US48303,48303,243912,2772,42314,1237,17.3,reported,2020-2024,B01001
0500000US48305,48305,4153,240,915,114,22.0,reported,2020-2024,B01001
0500000US48307,48307,5867,462,1778,215,30.3,reported,2020-2024,B01001
0500000US48309,48309,202331,2624,40771,1326,20.2,reported,2020-2024,B01001
0500000US48311,48311,421,118,121,53,28.7,reported,2020-2024,B01001
0500000US48313,48313,10611,826,2109,270,19.9,reported,2020-2024,B01001
0500000US48315,48315,8088,517,2618,285,32.4,reported,2020-2024,B01001
0500000US48317,48317,3660,309,570,127,15.6,reported,2020-2024,B01001
0500000US48319,48319,3197,378,1392,257,43.5,reported,2020-2024,B01001
0500000US48321,48321,27045,1096,6607,498,24.4,reported,2020-2024,B01001
0500000US48323,48323,40184,1175,6975,540,17.4,reported,2020-2024,B01001
0500000US48325,48325,41577,1125,9493,610,22.8,reported,2020-2024,B01001
0500000US48327,48327,1538,262,653,151,42.5,reported,2020-2024,B01001
0500000US48329,48329,123874,2268,18782,981,15.2,reported,2020-2024,B01001
0500000US48331,48331,19789,824,5588,422,28.2,reported,2020-2024,B01001
0500000US48333,48333,3581,264,1168,149,32.6,reported,2020-2024,B01001
0500000US48335,48335,7171,556,1317,184,18.4,reported,2020-2024,B01001
0500000US48337,48337,16258,575,4593,318,28.3,reported,2020-2024,B01001
0500000US48339,48339,507403,4357,94057,2280,18.5,reported,2020-2024,B01001
0500000US48341,48341,14735,727,2394,306,16.2,reported,2020-2024,B01001
0500000US48343,48343,9299,510,2643,274,28.4,reported,2020-2024,B01001
0500000US48345,48345,1036,150,350,75,33.8,reported,2020-2024,B01001
0500000US48347,48347,49980,1315,10242,569,20.5,reported,2020-2024,B01001
0500000US48349,48349,40120,996,9125,568,22.7,reported,2020-2024,B01001
0500000US48351,48351,9770,526,2839,321,29.1,reported,2020-2024,B01001
0500000US48353,48353,10787,493,2823,262,26.2,reported,2020-2024,B01001
0500000US48355,48355,269370,2824,56776,1568,21.1,reported,2020-2024,B01001
0500000US48357,48357,6829,521,1144,193,16.8,reported,2020-2024,B01001
0500000US48359,48359,1382,141,264,57,19.1,reported,2020-2024,B01001
0500000US48361,48361,63671,1402,13769,704,21.6,reported,2020-2024,B01001
0500000US48363,48363,22486,691,6008,387,26.7,reported,2020-2024,B01001
0500000US48365,48365,17482,714,4613,352,26.4,reported,2020-2024,B01001
0500000US48367,48367,124438,1901,26355,1006,21.2,reported,2020-2024,B01001
0500000US48369,48369,7040,443,1522,241,21.6,reported,2020-2024,B01001
0500000US48371,48371,11331,772,2043,298,18.0,reported,2020-2024,B01001
0500000US48373,48373,42073,1172,10101,582,24.0,reported,2020-2024,B01001
0500000US48375,48375,85009,1526,16611,813,19.5,reported,2020-2024,B01001
0500000US48377,48377,4409,584,1157,302,26.2,reported,2020-2024,B01001
0500000US48379,48379,10319,543,3150,335,30.5,reported,2020-2024,B01001
0500000US48381,48381,111257,1836,23213,976,20.9,reported,2020-2024,B01001
0500000US48383,48383,2147,254,332,113,15.5,reported,2020-2024,B01001
0500000US48385,48385,2126,359,1062,236,50.0,reported,2020-2024,B01001
0500000US48387,48387,9253,497,3000,269,32.4,reported,2020-2024,B01001
0500000US48389,48389,9388,627,1595,244,17.0,reported,2020-2024,B01001
0500000US48391,48391,5250,358,1511,168,28.8,reported,2020-2024,B01001
0500000US48393,48393,606,99,148,44,24.4,reported,2020-2024,B01001
0500000US48395,48395,13053,663,3576,341,27.4,reported,2020-2024,B01001
0500000US48397,48397,90862,1736,15613,837,17.2,reported,2020-2024,B01001
0500000US48399,48399,7557,414,2113,215,28.0,reported,2020-2024,B01001
0500000US48401,48401,40912,982,9225,539,22.5,reported,2020-2024,B01001
0500000US48403,48403,8239,544,3061,336,37.2,reported,2020-2024,B01001
0500000US48405,48405,6301,470,2111,269,33.5,reported,2020-2024,B01001
0500000US48407,48407,22321,958,6130,562,27.5,reported,2020-2024,B01001
0500000US48409,48409,52145,1184,10837,618,20.8,reported,2020-2024,B01001
0500000US48411,48411,4606,320,1283,147,27.9,reported,2020-2024,B01001
0500000US48413,48413,1833,223,545,121,29.7,reported,2020-2024,B01001
0500000US48415,48415,12334,778,2564,370,20.8,reported,2020-2024,B01001
0500000US48417,48417,2519,201,638,99,25.3,reported,2020-2024,B01001
0500000US48419,48419,17875,770,4457,370,24.9,reported,2020-2024,B01001
0500000US48421,48421,1896,226,422,86,22.3,reported,2020-2024,B01001
0500000US48423,48423,183255,,42158,1373,23.0,not available in one or more component cells,2020-2024,B01001
0500000US48425,48425,7609,544,1946,243,25.6,reported,2020-2024,B01001
0500000US48427,48427,44595,1125,7519,558,16.9,reported,2020-2024,B01001
0500000US48429,48429,7410,552,1904,249,25.7,reported,2020-2024,B01001
0500000US48431,48431,959,155,230,80,24.0,reported,2020-2024,B01001
0500000US48433,48433,919,142,343,79,37.3,reported,2020-2024,B01001
0500000US48435,48435,2508,356,631,142,25.2,reported,2020-2024,B01001
0500000US48437,48437,5277,462,1127,166,21.4,reported,2020-2024,B01001
0500000US48439,48439,1617373,6815,266889,3461,16.5,reported,2020-2024,B01001
0500000US48441,48441,110197,1847,21812,897,19.8,reported,2020-2024,B01001
0500000US48443,48443,691,162,317,107,45.9,reported,2020-2024,B01001
0500000US48445,48445,8412,613,1882,312,22.4,reported,2020-2024,B01001
0500000US48447,48447,1292,137,434,64,33.6,reported,2020-2024,B01001
0500000US48449,48449,22526,695,4763,364,21.1,reported,2020-2024,B01001
0500000US48451,48451,91181,1669,20295,877,22.3,reported,2020-2024,B01001
0500000US48453,48453,1061877,5861,146405,2723,13.8,reported,2020-2024,B01001
0500000US48455,48455,11327,577,3815,334,33.7,reported,2020-2024,B01001
0500000US48457,48457,16353,677,4538,360,27.8,reported,2020-2024,B01001
0500000US48459,48459,32429,996,7863,533,24.2,reported,2020-2024,B01001
0500000US48461,48461,2440,286,611,134,25.0,reported,2020-2024,B01001
0500000US48463,48463,18286,921,4098,426,22.4,reported,2020-2024,B01001
0500000US48465,48465,34453,930,6647,462,19.3,reported,2020-2024,B01001
0500000US48467,48467,48263,1250,12751,743,26.4,reported,2020-2024,B01001
0500000US48469,48469,68489,1348,15625,719,22.8,reported,2020-2024,B01001
0500000US48471,48471,68547,1864,11123,835,16.2,reported,2020-2024,B01001
0500000US48473,48473,46942,1775,7143,513,15.2,reported,2020-2024,B01001
0500000US48475,48475,7889,520,1510,196,19.1,reported,2020-2024,B01001
0500000US48477,48477,28890,1121,8464,595,29.3,reported,2020-2024,B01001
0500000US48479,48479,185105,2293,27741,1093,15.0,reported,2020-2024,B01001
0500000US48481,48481,31172,1030,7589,531,24.3,reported,2020-2024,B01001
0500000US48483,48483,3685,257,1005,115,27.3,reported,2020-2024,B01001
0500000US48485,48485,100351,1437,20006,785,19.9,reported,2020-2024,B01001
0500000US48487,48487,9908,667,2499,338,25.2,reported,2020-2024,B01001
0500000US48489,48489,15383,656,2967,305,19.3,reported,2020-2024,B01001
0500000US48491,48491,510742,3893,86908,1913,17.0,reported,2020-2024,B01001
0500000US48493,48493,40386,950,9039,515,22.4,reported,2020-2024,B01001
0500000US48495,48495,5274,420,933,156,17.7,reported,2020-2024,B01001
0500000US48497,48497,56600,1166,11658,642,20.6,reported,2020-2024,B01001
0500000US48499,48499,38209,1162,12954,753,33.9,reported,2020-2024,B01001
0500000US48501,48501,5089,652,971,246,19.1,reported,2020-2024,B01001
0500000US48503,48503,13883,679,3827,356,27.6,reported,2020-2024,B01001
0500000US48505,48505,9462,554,1950,282,20.6,reported,2020-2024,B01001
0500000US48507,48507,6655,679,1477,291,22.2,reported,2020-2024,B01001
0500000US49001,49001,5132,402,1110,164,21.6,reported,2020-2024,B01001
0500000US49003,49003,42594,896,7965,426,18.7,reported,2020-2024,B01001
0500000US49005,49005,99176,1526,13997,624,14.1,reported,2020-2024,B01001
0500000US49007,49007,15339,544,3979,325,25.9,reported,2020-2024,B01001
0500000US49009,49009,618,79,165,32,26.7,reported,2020-2024,B01001
0500000US49011,49011,259139,2435,40908,1218,15.8,reported,2020-2024,B01001
0500000US49013,49013,13684,354,2633,168,19.2,reported,2020-2024,B01001
0500000US49015,49015,7241,303,1870,184,25.8,reported,2020-2024,B01001
0500000US49017,49017,4096,300,1170,151,28.6,reported,2020-2024,B01001
0500000US49019,49019,7870,613,1958,283,24.9,reported,2020-2024,B01001
0500000US49021,49021,45363,1163,8595,545,18.9,reported,2020-2024,B01001
0500000US49023,49023,8371,415,1562,211,18.7,reported,2020-2024,B01001
0500000US49025,49025,6473,524,2018,267,31.2,reported,2020-2024,B01001
0500000US49027,49027,9215,396,2281,200,24.8,reported,2020-2024,B01001
0500000US49029,49029,8561,379,1582,206,18.5,reported,2020-2024,B01001
0500000US49031,49031,1367,168,507,102,37.1,reported,2020-2024,B01001
0500000US49033,49033,1871,173,555,103,29.7,reported,2020-2024,B01001
0500000US49035,49035,894192,,142165,2417,15.9,not available in one or more component cells,2020-2024,B01001
0500000US49037,49037,10368,394,2349,223,22.7,reported,2020-2024,B01001
0500000US49039,49039,22594,646,4345,280,19.2,reported,2020-2024,B01001
0500000US49041,49041,15941,444,3746,265,23.5,reported,2020-2024,B01001
0500000US49043,49043,33024,825,6568,438,19.9,reported,2020-2024,B01001
0500000US49045,49045,54765,1049,7276,449,13.3,reported,2020-2024,B01001
0500000US49047,49047,25507,758,4425,382,17.3,reported,2020-2024,B01001
0500000US49049,49049,482412,,55686,1267,11.5,not available in one or more component cells,2020-2024,B01001
0500000US49051,49051,26083,804,4969,390,19.1,reported,2020-2024,B01001
0500000US49053,49053,148410,2281,43803,1424,29.5,reported,2020-2024,B01001
0500000US49055,49055,2037,204,660,119,32.4,reported,2020-2024,B01001
0500000US49057,49057,197899,2027,33469,1074,16.9,reported,2020-2024,B01001
0500000US50001,50001,31633,645,8500,349,26.9,reported,2020-2024,B01001
0500000US50003,50003,30316,842,9088,506,30.0,reported,2020-2024,B01001
0500000US50005,50005,24866,622,7037,385,28.3,reported,2020-2024,B01001
0500000US50007,50007,140605,2117,28714,1084,20.4,reported,2020-2024,B01001
0500000US50009,50009,4983,182,1651,121,33.1,reported,2020-2024,B01001
0500000US50011,50011,39681,916,8981,479,22.6,reported,2020-2024,B01001
0500000US50013,50013,6193,236,1755,128,28.3,reported,2020-2024,B01001
0500000US50015,50015,20972,669,4893,404,23.3,reported,2020-2024,B01001
0500000US50017,50017,24463,614,7015,363,28.7,reported,2020-2024,B01001
0500000US50019,50019,22260,497,6605,302,29.7,reported,2020-2024,B01001
0500000US50021,50021,49917,995,14933,645,29.9,reported,2020-2024,B01001
0500000US50023,50023,49233,1020,12965,618,26.3,reported,2020-2024,B01001
0500000US50025,50025,38194,846,11747,510,30.8,reported,2020-2024,B01001
0500000US50027,50027,47804,1064,14795,647,30.9,reported,2020-2024,B01001
0500000US51001,51001,26506,881,8570,585,32.3,reported,2020-2024,B01001
0500000US51003,51003,92481,1566,23469,982,25.4,reported,2020-2024,B01001
0500000US51005,51005,12116,488,3905,320,32.2,reported,2020-2024,B01001
0500000US51007,51007,10746,728,2986,403,27.8,reported,2020-2024,B01001
0500000US51009,51009,25189,754,6859,402,27.2,reported,2020-2024,B01001
0500000US51011,51011,12949,564,3509,309,27.1,reported,2020-2024,B01001
0500000US51013,51013,193653,1938,28123,950,14.5,reported,2020-2024,B01001
0500000US51015,51015,63693,1353,17626,882,27.7,reported,2020-2024,B01001
0500000US51017,51017,3390,393,1117,230,32.9,reported,2020-2024,B01001
0500000US51019,51019,65151,1294,18820,740,28.9,reported,2020-2024,B01001
0500000US51021,51021,5345,369,1546,175,28.9,reported,2020-2024,B01001
0500000US51023,51023,27680,785,8272,507,29.9,reported,2020-2024,B01001
0500000US51025,51025,13418,583,3539,301,26.4,reported,2020-2024,B01001
0500000US51027,51027,16163,666,4633,408,28.7,reported,2020-2024,B01001
0500000US51029,51029,13959,588,3536,325,25.3,reported,2020-2024,B01001
0500000US51031,51031,44594,1193,11771,673,26.4,reported,2020-2024,B01001
0500000US51033,51033,24823,943,5354,420,21.6,reported,2020-2024,B01001
0500000US51035,51035,24031,815,7626,523,31.7,reported,2020-2024,B01001
0500000US51036,51036,5686,206,1782,123,31.3,reported,2020-2024,B01001
0500000US51037,51037,8968,438,2596,241,28.9,reported,2020-2024,B01001
0500000US51041,51041,288329,2756,60831,1534,21.1,reported,2020-2024,B01001
0500000US51043,51043,12234,552,3503,348,28.6,reported,2020-2024,B01001
0500000US51045,51045,3734,484,915,229,24.5,reported,2020-2024,B01001
0500000US51047,51047,40712,1199,9050,625,22.2,reported,2020-2024,B01001
0500000US51049,51049,7899,548,2312,315,29.3,reported,2020-2024,B01001
0500000US51051,51051,11106,470,3377,320,30.4,reported,2020-2024,B01001
0500000US51053,51053,22559,829,5415,429,24.0,reported,2020-2024,B01001
0500000US51057,51057,8723,582,2576,294,29.5,reported,2020-2024,B01001
0500000US51059,51059,885527,4210,171935,2372,19.4,reported,2020-2024,B01001
0500000US51061,51061,57219,1182,12803,627,22.4,reported,2020-2024,B01001
0500000US51063,51063,12684,610,3808,355,30.0,reported,2020-2024,B01001
0500000US51065,51065,22634,908,6097,488,26.9,reported,2020-2024,B01001
0500000US51067,51067,44929,1146,13565,742,30.2,reported,2020-2024,B01001
0500000US51069,51069,73484,1442,17831,815,24.3,reported,2020-2024,B01001
0500000US51071,51071,13283,547,3582,322,27.0,reported,2020-2024,B01001
0500000US51073,51073,31650,1063,8267,587,26.1,reported,2020-2024,B01001
0500000US51075,51075,22138,866,6635,539,30.0,reported,2020-2024,B01001
0500000US51077,51077,12807,505,3975,300,31.0,reported,2020-2024,B01001
0500000US51079,51079,16305,731,4127,383,25.3,reported,2020-2024,B01001
0500000US51081,51081,9555,577,1838,218,19.2,reported,2020-2024,B01001
0500000US51083,51083,26789,807,8626,517,32.2,reported,2020-2024,B01001
0500000US51085,51085,88518,1459,21672,868,24.5,reported,2020-2024,B01001
0500000US51087,51087,262190,2552,56918,1501,21.7,reported,2020-2024,B01001
0500000US51089,51089,40357,1131,12433,640,30.8,reported,2020-2024,B01001
0500000US51091,51091,1962,220,798,144,40.7,reported,2020-2024,B01001
0500000US51093,51093,31472,828,8027,447,25.5,reported,2020-2024,B01001
0500000US51095,51095,65180,1520,21862,907,33.5,reported,2020-2024,B01001
0500000US51097,51097,5531,394,1594,216,28.8,reported,2020-2024,B01001
0500000US51099,51099,21087,720,3987,342,18.9,reported,2020-2024,B01001
0500000US51101,51101,14369,618,3129,341,21.8,reported,2020-2024,B01001
0500000US51103,51103,9348,581,4364,338,46.7,reported,2020-2024,B01001
0500000US51105,51105,17904,669,5064,394,28.3,reported,2020-2024,B01001
0500000US51107,51107,317827,2843,46894,1340,14.8,reported,2020-2024,B01001
0500000US51109,51109,31987,959,8404,504,26.3,reported,2020-2024,B01001
0500000US51111,51111,9666,480,2793,272,28.9,reported,2020-2024,B01001
0500000US51113,51113,11238,522,3259,293,29.0,reported,2020-2024,B01001
0500000US51115,51115,7311,526,2845,353,38.9,reported,2020-2024,B01001
0500000US51117,51117,24913,736,8216,456,33.0,reported,2020-2024,B01001
0500000US51119,51119,9107,517,3704,353,40.7,reported,2020-2024,B01001
0500000US51121,51121,83986,1753,13958,730,16.6,reported,2020-2024,B01001
0500000US51125,51125,12168,580,4359,348,35.8,reported,2020-2024,B01001
0500000US51127,51127,20218,856,4636,442,22.9,reported,2020-2024,B01001
0500000US51131,51131,9849,488,3542,272,36.0,reported,2020-2024,B01001
0500000US51133,51133,10503,669,4636,389,44.1,reported,2020-2024,B01001
0500000US51135,51135,12594,591,2931,284,23.3,reported,2020-2024,B01001
0500000US51137,51137,29631,997,7701,557,26.0,reported,2020-2024,B01001
0500000US51139,51139,19066,732,5286,492,27.7,reported,2020-2024,B01001
0500000US51141,51141,14465,608,4835,380,33.4,reported,2020-2024,B01001
0500000US51143,51143,49138,1038,14673,659,29.9,reported,2020-2024,B01001
0500000US51145,51145,25785,904,6257,500,24.3,reported,2020-2024,B01001
0500000US51147,51147,18647,915,3765,392,20.2,reported,2020-2024,B01001
0500000US51149,51149,34727,1113,5697,453,16.4,reported,2020-2024,B01001
0500000US51153,51153,359738,3122,55278,1339,15.4,reported,2020-2024,B01001
0500000US51155,51155,27685,802,7709,474,27.8,reported,2020-2024,B01001
0500000US51157,51157,6153,494,2068,257,33.6,reported,2020-2024,B01001
0500000US51159,51159,7482,574,1895,260,25.3,reported,2020-2024,B01001
0500000US51161,51161,77995,1585,21468,907,27.5,reported,2020-2024,B01001
0500000US51163,51163,18692,702,6183,467,33.1,reported,2020-2024,B01001
0500000US51165,51165,66674,1284,17185,744,25.8,reported,2020-2024,B01001
0500000US51167,51167,20721,732,6033,467,29.1,reported,2020-2024,B01001
0500000US51169,51169,17645,577,5431,372,30.8,reported,2020-2024,B01001
0500000US51171,51171,35431,920,10081,545,28.5,reported,2020-2024,B01001
0500000US51173,51173,23755,687,6762,456,28.5,reported,2020-2024,B01001
0500000US51175,51175,14618,531,3959,342,27.1,reported,2020-2024,B01001
0500000US51177,51177,110859,1628,22222,877,20.0,reported,2020-2024,B01001
0500000US51179,51179,120703,1692,18648,819,15.4,reported,2020-2024,B01001
0500000US51181,51181,5434,360,1671,175,30.8,reported,2020-2024,B01001
0500000US51183,51183,9071,509,2065,211,22.8,reported,2020-2024,B01001
0500000US51185,51185,31709,874,9411,540,29.7,reported,2020-2024,B01001
0500000US51187,51187,32561,963,7161,488,22.0,reported,2020-2024,B01001
0500000US51191,51191,44515,1050,13343,668,30.0,reported,2020-2024,B01001
0500000US51193,51193,15465,793,5017,417,32.4,reported,2020-2024,B01001
0500000US51195,51195,28682,818,7046,454,24.6,reported,2020-2024,B01001
0500000US51197,51197,22725,789,6272,484,27.6,reported,2020-2024,B01001
0500000US51199,51199,54638,1291,12640,667,23.1,reported,2020-2024,B01001
0500000US51510,51510,128503,1633,20348,854,15.8,reported,2020-2024,B01001
0500000US51520,51520,13544,692,3986,392,29.4,reported,2020-2024,B01001
0500000US51530,51530,5141,459,1240,187,24.1,reported,2020-2024,B01001
0500000US51540,51540,37957,1124,6118,482,16.1,reported,2020-2024,B01001
0500000US51550,51550,191558,2305,36797,1205,19.2,reported,2020-2024,B01001
0500000US51570,51570,13844,646,3364,305,24.3,reported,2020-2024,B01001
0500000US51580,51580,4371,386,1125,159,25.7,reported,2020-2024,B01001
0500000US51590,51590,32688,860,8914,491,27.3,reported,2020-2024,B01001
0500000US51595,51595,4014,433,1008,188,25.1,reported,2020-2024,B01001
0500000US51600,51600,18816,707,3518,327,18.7,reported,2020-2024,B01001
0500000US51610,51610,11186,557,2265,285,20.2,reported,2020-2024,B01001
0500000US51620,51620,6019,494,1534,200,25.5,reported,2020-2024,B01001
0500000US51630,51630,22754,982,3300,322,14.5,reported,2020-2024,B01001
0500000US51640,51640,5057,496,1418,239,28.0,reported,2020-2024,B01001
0500000US51650,51650,107946,1762,22962,906,21.3,reported,2020-2024,B01001
0500000US51660,51660,42503,1204,5411,487,12.7,reported,2020-2024,B01001
0500000US51670,51670,17129,872,3464,399,20.2,reported,2020-2024,B01001
0500000US51678,51678,6977,721,1273,255,18.2,reported,2020-2024,B01001
0500000US51680,51680,64109,1473,11391,567,17.8,reported,2020-2024,B01001
0500000US51683,51683,31419,989,4540,449,14.4,reported,2020-2024,B01001
0500000US51685,51685,12918,869,1744,339,13.5,reported,2020-2024,B01001
0500000US51690,51690,9998,590,2285,251,22.9,reported,2020-2024,B01001
0500000US51700,51700,141434,1771,25916,968,18.3,reported,2020-2024,B01001
0500000US51710,51710,186060,2004,30440,973,16.4,reported,2020-2024,B01001
0500000US51720,51720,2855,375,761,194,26.7,reported,2020-2024,B01001
0500000US51730,51730,25535,885,5634,441,22.1,reported,2020-2024,B01001
0500000US51735,51735,9733,523,2474,266,25.4,reported,2020-2024,B01001
0500000US51740,51740,74798,1373,15037,683,20.1,reported,2020-2024,B01001
0500000US51750,51750,14640,667,1601,209,10.9,reported,2020-2024,B01001
0500000US51760,51760,189163,1975,32244,1101,17.0,reported,2020-2024,B01001
0500000US51770,51770,76101,1521,17466,804,23.0,reported,2020-2024,B01001
0500000US51775,51775,20629,804,5016,443,24.3,reported,2020-2024,B01001
0500000US51790,51790,20931,712,5524,403,26.4,reported,2020-2024,B01001
0500000US51800,51800,75486,1202,15100,639,20.0,reported,2020-2024,B01001
0500000US51810,51810,356490,2945,72515,1644,20.3,reported,2020-2024,B01001
0500000US51820,51820,17734,787,4081,369,23.0,reported,2020-2024,B01001
0500000US51830,51830,14134,821,2764,336,19.6,reported,2020-2024,B01001
0500000US51840,51840,21627,903,4671,397,21.6,reported,2020-2024,B01001
0500000US53001,53001,13577,508,2529,252,18.6,reported,2020-2024,B01001
0500000US53003,53003,18067,615,5661,389,31.3,reported,2020-2024,B01001
0500000US53005,53005,157326,2032,33796,1210,21.5,reported,2020-2024,B01001
0500000US53007,53007,62063,1265,16769,755,27.0,reported,2020-2024,B01001
0500000US53009,53009,65286,1307,25067,917,38.4,reported,2020-2024,B01001
0500000US53011,53011,399487,,86076,1829,21.5,not available in one or more component cells,2020-2024,B01001
0500000US53013,53013,3291,254,1177,142,35.8,reported,2020-2024,B01001
0500000US53015,53015,87129,1476,22230,868,25.5,reported,2020-2024,B01001
0500000US53017,53017,33519,858,8180,536,24.4,reported,2020-2024,B01001
0500000US53019,53019,6159,327,2263,210,36.7,reported,2020-2024,B01001
0500000US53021,53021,68337,1446,10257,622,15.0,reported,2020-2024,B01001
0500000US53023,53023,1913,233,613,133,32.0,reported,2020-2024,B01001
0500000US53025,53025,73001,1449,14822,736,20.3,reported,2020-2024,B01001
0500000US53027,53027,61836,1327,17980,853,29.1,reported,2020-2024,B01001
0500000US53029,53029,71787,1433,23259,882,32.4,reported,2020-2024,B01001
0500000US53031,53031,29830,894,13673,616,45.8,reported,2020-2024,B01001
0500000US53033,53033,1841577,,320899,3425,17.4,not available in one or more component cells,2020-2024,B01001
0500000US53035,53035,223175,,54611,1383,24.5,not available in one or more component cells,2020-2024,B01001
0500000US53037,53037,39300,1085,8040,507,20.5,reported,2020-2024,B01001
0500000US53039,53039,19161,722,5878,422,30.7,reported,2020-2024,B01001
0500000US53041,53041,66731,1294,18211,787,27.3,reported,2020-2024,B01001
0500000US53043,53043,8984,304,3012,191,33.5,reported,2020-2024,B01001
0500000US53045,53045,54709,1273,16468,823,30.1,reported,2020-2024,B01001
0500000US53047,53047,34038,1031,10074,618,29.6,reported,2020-2024,B01001
0500000US53049,53049,20392,719,7921,482,38.8,reported,2020-2024,B01001
0500000US53051,53051,11335,464,3841,288,33.9,reported,2020-2024,B01001
0500000US53053,53053,716281,,137536,2366,19.2,not available in one or more component cells,2020-2024,B01001
0500000US53055,53055,16155,336,6656,227,41.2,reported,2020-2024,B01001
0500000US53057,53057,103896,1369,29691,791,28.6,reported,2020-2024,B01001
0500000US53059,53059,10321,382,3024,242,29.3,reported,2020-2024,B01001
0500000US53061,53061,657574,,124763,2063,19.0,not available in one or more component cells,2020-2024,B01001
0500000US53063,53063,430771,,95527,1767,22.2,not available in one or more component cells,2020-2024,B01001
0500000US53065,53065,37901,887,12178,559,32.1,reported,2020-2024,B01001
0500000US53067,53067,236687,,56072,1477,23.7,not available in one or more component cells,2020-2024,B01001
0500000US53069,53069,3841,332,1590,207,41.4,reported,2020-2024,B01001
0500000US53071,53071,49374,1137,12409,632,25.1,reported,2020-2024,B01001
0500000US53073,53073,187760,2481,43568,1260,23.2,reported,2020-2024,B01001
0500000US53075,53075,39564,1120,5597,347,14.1,reported,2020-2024,B01001
0500000US53077,53077,182754,2174,37267,1271,20.4,reported,2020-2024,B01001
0500000US54001,54001,12352,573,3256,342,26.4,reported,2020-2024,B01001
0500000US54003,54003,99604,1728,19771,922,19.8,reported,2020-2024,B01001
0500000US54005,54005,16709,638,4656,388,27.9,reported,2020-2024,B01001
0500000US54007,54007,9963,441,3043,290,30.5,reported,2020-2024,B01001
0500000US54009,54009,18064,654,5493,421,30.4,reported,2020-2024,B01001
0500000US54011,54011,74454,1478,18550,889,24.9,reported,2020-2024,B01001
0500000US54013,54013,4901,367,1597,213,32.6,reported,2020-2024,B01001
0500000US54015,54015,6127,454,1758,234,28.7,reported,2020-2024,B01001
0500000US54017,54017,6575,424,1668,218,25.4,reported,2020-2024,B01001
0500000US54019,54019,31344,862,8871,511,28.3,reported,2020-2024,B01001
0500000US54021,54021,6205,359,1328,174,21.4,reported,2020-2024,B01001
0500000US54023,54023,8827,448,2772,266,31.4,reported,2020-2024,B01001
0500000US54025,54025,26141,845,7926,531,30.3,reported,2020-2024,B01001
0500000US54027,54027,19237,788,5711,485,29.7,reported,2020-2024,B01001
0500000US54029,54029,23210,741,7001,466,30.2,reported,2020-2024,B01001
0500000US54031,54031,11420,519,3303,318,28.9,reported,2020-2024,B01001
0500000US54033,54033,51215,1000,13222,627,25.8,reported,2020-2024,B01001
0500000US54035,54035,21763,801,5887,465,27.1,reported,2020-2024,B01001
0500000US54037,54037,46748,1046,10262,573,22.0,reported,2020-2024,B01001
0500000US54039,54039,141612,2036,39054,1250,27.6,reported,2020-2024,B01001
0500000US54041,54041,13104,494,3528,308,26.9,reported,2020-2024,B01001
0500000US54043,54043,15414,689,4180,405,27.1,reported,2020-2024,B01001
0500000US54045,54045,24890,859,7046,540,28.3,reported,2020-2024,B01001
0500000US54047,54047,14677,718,3921,424,26.7,reported,2020-2024,B01001
0500000US54049,54049,44804,953,11236,553,25.1,reported,2020-2024,B01001
0500000US54051,54051,24195,790,7095,490,29.3,reported,2020-2024,B01001
0500000US54053,54053,19899,815,5698,486,28.6,reported,2020-2024,B01001
0500000US54055,54055,46359,1196,13393,743,28.9,reported,2020-2024,B01001
0500000US54057,54057,21448,790,6071,501,28.3,reported,2020-2024,B01001
0500000US54059,54059,17420,709,4929,455,28.3,reported,2020-2024,B01001
0500000US54061,54061,89898,1629,14370,739,16.0,reported,2020-2024,B01001
0500000US54063,54063,9758,602,3110,355,31.9,reported,2020-2024,B01001
0500000US54065,54065,14462,539,4386,312,30.3,reported,2020-2024,B01001
0500000US54067,54067,19155,854,5809,492,30.3,reported,2020-2024,B01001
0500000US54069,54069,33522,820,9473,500,28.3,reported,2020-2024,B01001
0500000US54071,54071,4907,326,1802,209,36.7,reported,2020-2024,B01001
0500000US54073,54073,6052,316,1429,154,23.6,reported,2020-2024,B01001
0500000US54075,54075,6409,323,2108,205,32.9,reported,2020-2024,B01001
0500000US54077,54077,28056,689,6986,417,24.9,reported,2020-2024,B01001
0500000US54079,54079,44882,1122,11255,724,25.1,reported,2020-2024,B01001
0500000US54081,54081,57803,1496,16208,884,28.0,reported,2020-2024,B01001
0500000US54083,54083,22516,777,6291,462,27.9,reported,2020-2024,B01001
0500000US54085,54085,6640,348,1905,207,28.7,reported,2020-2024,B01001
0500000US54087,54087,11023,474,3253,269,29.5,reported,2020-2024,B01001
0500000US54089,54089,9891,593,3182,398,32.2,reported,2020-2024,B01001
0500000US54091,54091,13111,647,3517,424,26.8,reported,2020-2024,B01001
0500000US54093,54093,5706,276,1876,157,32.9,reported,2020-2024,B01001
0500000US54095,54095,6503,310,1955,203,30.1,reported,2020-2024,B01001
0500000US54097,54097,18915,695,5172,456,27.3,reported,2020-2024,B01001
0500000US54099,54099,30381,943,8485,579,27.9,reported,2020-2024,B01001
0500000US54101,54101,6506,334,2045,211,31.4,reported,2020-2024,B01001
0500000US54103,54103,11090,431,3219,292,29.0,reported,2020-2024,B01001
0500000US54105,54105,3983,315,1167,173,29.3,reported,2020-2024,B01001
0500000US54107,54107,66027,1312,18026,773,27.3,reported,2020-2024,B01001
0500000US54109,54109,16497,847,4837,547,29.3,reported,2020-2024,B01001
0500000US55001,55001,18276,441,6803,323,37.2,reported,2020-2024,B01001
0500000US55003,55003,12749,386,3452,201,27.1,reported,2020-2024,B01001
0500000US55005,55005,36929,689,11028,451,29.9,reported,2020-2024,B01001
0500000US55007,55007,13868,250,5185,176,37.4,reported,2020-2024,B01001
0500000US55009,55009,208632,2328,44324,1559,21.2,reported,2020-2024,B01001
0500000US55011,55011,10725,241,3218,148,30.0,reported,2020-2024,B01001
0500000US55013,55013,14267,279,5460,190,38.3,reported,2020-2024,B01001
0500000US55015,55015,41182,935,9104,577,22.1,reported,2020-2024,B01001
0500000US55017,55017,52508,1014,13188,692,25.1,reported,2020-2024,B01001
0500000US55019,55019,24434,339,5984,220,24.5,reported,2020-2024,B01001
0500000US55021,55021,46300,767,11422,472,24.7,reported,2020-2024,B01001
0500000US55023,55023,12965,343,4032,224,31.1,reported,2020-2024,B01001
0500000US55025,55025,459882,3670,86269,1840,18.8,reported,2020-2024,B01001
0500000US55027,55027,71507,1052,16859,579,23.6,reported,2020-2024,B01001
0500000US55029,55029,25643,641,9871,454,38.5,reported,2020-2024,B01001
0500000US55031,55031,35758,757,9145,453,25.6,reported,2020-2024,B01001
0500000US55033,55033,36751,804,7723,386,21.0,reported,2020-2024,B01001
0500000US55035,55035,85909,1671,18178,930,21.2,reported,2020-2024,B01001
0500000US55037,55037,3925,192,1361,133,34.7,reported,2020-2024,B01001
0500000US55039,55039,82138,1292,20614,757,25.1,reported,2020-2024,B01001
0500000US55041,55041,7565,196,2376,129,31.4,reported,2020-2024,B01001
0500000US55043,55043,40828,761,9591,389,23.5,reported,2020-2024,B01001
0500000US55045,55045,29063,565,7634,364,26.3,reported,2020-2024,B01001
0500000US55047,55047,15088,361,4527,224,30.0,reported,2020-2024,B01001
0500000US55049,55049,18715,427,4889,251,26.1,reported,2020-2024,B01001
0500000US55051,55051,5247,174,2051,130,39.1,reported,2020-2024,B01001
0500000US55053,55053,16563,383,4292,238,25.9,reported,2020-2024,B01001
0500000US55055,55055,69032,1257,15933,721,23.1,reported,2020-2024,B01001
0500000US55057,55057,21538,459,5822,292,27.0,reported,2020-2024,B01001
0500000US55059,55059,131844,1786,26664,1108,20.2,reported,2020-2024,B01001
0500000US55061,55061,16356,395,4582,254,28.0,reported,2020-2024,B01001
0500000US55063,55063,97158,1715,21784,897,22.4,reported,2020-2024,B01001
0500000US55065,55065,12661,267,3450,167,27.2,reported,2020-2024,B01001
0500000US55067,55067,15758,527,4990,321,31.7,reported,2020-2024,B01001
0500000US55069,55069,23361,572,6721,385,28.8,reported,2020-2024,B01001
0500000US55071,55071,64914,1048,18118,699,27.9,reported,2020-2024,B01001
0500000US55073,55073,107273,1423,26553,879,24.8,reported,2020-2024,B01001
0500000US55075,55075,34114,729,10636,481,31.2,reported,2020-2024,B01001
0500000US55077,55077,12786,285,4183,207,32.7,reported,2020-2024,B01001
0500000US55078,55078,2963,200,713,101,24.1,reported,2020-2024,B01001
0500000US55079,55079,706890,4120,136581,2387,19.3,reported,2020-2024,B01001
0500000US55081,55081,34484,762,8320,439,24.1,reported,2020-2024,B01001
0500000US55083,55083,31800,580,8975,363,28.2,reported,2020-2024,B01001
0500000US55085,55085,31791,730,10800,490,34.0,reported,2020-2024,B01001
0500000US55087,55087,148569,,31983,1106,21.5,not available in one or more component cells,2020-2024,B01001
0500000US55089,55089,73511,1420,20105,989,27.3,reported,2020-2024,B01001
0500000US55091,55091,5771,167,1822,119,31.6,reported,2020-2024,B01001
0500000US55093,55093,33940,748,7137,378,21.0,reported,2020-2024,B01001
0500000US55095,55095,36497,604,10305,365,28.2,reported,2020-2024,B01001
0500000US55097,55097,57538,1095,12990,574,22.6,reported,2020-2024,B01001
0500000US55099,55099,11628,254,4015,185,34.5,reported,2020-2024,B01001
0500000US55101,55101,152631,1980,35802,1204,23.5,reported,2020-2024,B01001
0500000US55103,55103,13553,340,4294,203,31.7,reported,2020-2024,B01001
0500000US55105,55105,127547,1691,29268,1053,22.9,reported,2020-2024,B01001
0500000US55107,55107,11345,280,3691,192,32.5,reported,2020-2024,B01001
0500000US55109,55109,73194,1195,15362,720,21.0,reported,2020-2024,B01001
0500000US55111,55111,51257,903,13140,574,25.6,reported,2020-2024,B01001
0500000US55113,55113,15269,425,5271,271,34.5,reported,2020-2024,B01001
0500000US55115,55115,32352,615,9152,388,28.3,reported,2020-2024,B01001
0500000US55117,55117,92595,1438,23125,856,25.0,reported,2020-2024,B01001
0500000US55119,55119,15406,355,4276,222,27.8,reported,2020-2024,B01001
0500000US55121,55121,22618,407,5758,246,25.5,reported,2020-2024,B01001
0500000US55123,55123,22968,444,6598,286,28.7,reported,2020-2024,B01001
0500000US55125,55125,19820,508,7513,319,37.9,reported,2020-2024,B01001
0500000US55127,55127,85047,1336,21095,762,24.8,reported,2020-2024,B01001
0500000US55129,55129,13819,262,4734,178,34.3,reported,2020-2024,B01001
0500000US55131,55131,108954,1683,27367,1036,25.1,reported,2020-2024,B01001
0500000US55133,55133,325464,,84338,1918,25.9,not available in one or more component cells,2020-2024,B01001
0500000US55135,55135,41200,818,10967,511,26.6,reported,2020-2024,B01001
0500000US55137,55137,20459,394,6512,264,31.8,reported,2020-2024,B01001
0500000US55139,55139,137075,1690,29894,992,21.8,reported,2020-2024,B01001
0500000US55141,55141,58159,1074,16124,702,27.7,reported,2020-2024,B01001
0500000US56001,56001,32362,940,5169,450,16.0,reported,2020-2024,B01001
0500000US56003,56003,8926,379,2571,234,28.8,reported,2020-2024,B01001
0500000US56005,56005,34634,1184,6154,587,17.8,reported,2020-2024,B01001
0500000US56007,56007,11219,537,2768,275,24.7,reported,2020-2024,B01001
0500000US56009,56009,10464,568,2535,302,24.2,reported,2020-2024,B01001
0500000US56011,56011,5622,379,1705,195,30.3,reported,2020-2024,B01001
0500000US56013,56013,29861,674,7903,414,26.5,reported,2020-2024,B01001
0500000US56015,56015,10132,453,3018,278,29.8,reported,2020-2024,B01001
0500000US56017,56017,3578,313,1211,164,33.8,reported,2020-2024,B01001
0500000US56019,56019,7010,494,2392,279,34.1,reported,2020-2024,B01001
0500000US56021,56021,78416,1491,17525,817,22.3,reported,2020-2024,B01001
0500000US56023,56023,15326,594,3919,343,25.6,reported,2020-2024,B01001
0500000US56025,56025,61098,1246,13598,703,22.3,reported,2020-2024,B01001
0500000US56027,56027,2120,241,781,135,36.8,reported,2020-2024,B01001
0500000US56029,56029,24150,927,7740,594,32.0,reported,2020-2024,B01001
0500000US56031,56031,6870,450,2333,267,34.0,reported,2020-2024,B01001
0500000US56033,56033,25216,824,7180,492,28.5,reported,2020-2024,B01001
0500000US56035,56035,6972,486,2136,294,30.6,reported,2020-2024,B01001
0500000US56037,56037,31165,890,6131,478,19.7,reported,2020-2024,B01001
0500000US56039,56039,19400,852,4193,488,21.6,reported,2020-2024,B01001
0500000US56041,56041,15015,614,3520,374,23.4,reported,2020-2024,B01001
0500000US56043,56043,6088,356,1870,188,30.7,reported,2020-2024,B01001
0500000US56045,56045,5486,664,1510,185,27.5,reported,2020-2024,B01001
0500000US72001,72001,14895,,4098,376,27.5,not available in one or more component cells,2020-2024,B01001
0500000US72003,72003,32103,,8758,609,27.3,not available in one or more component cells,2020-2024,B01001
0500000US72005,72005,45293,,13296,689,29.4,not available in one or more component cells,2020-2024,B01001
0500000US72007,72007,19863,,5428,468,27.3,not available in one or more component cells,2020-2024,B01001
0500000US72009,72009,20767,,6151,480,29.6,not available in one or more component cells,2020-2024,B01001
0500000US72011,72011,21306,,5876,459,27.6,not available in one or more component cells,2020-2024,B01001
0500000US72013,72013,72755,,20827,941,28.6,not available in one or more component cells,2020-2024,B01001
0500000US72015,72015,12575,,3451,353,27.4,not available in one or more component cells,2020-2024,B01001
0500000US72017,72017,18785,,4828,492,25.7,not available in one or more component cells,2020-2024,B01001
0500000US72019,72019,23430,,5629,467,24.0,not available in one or more component cells,2020-2024,B01001
0500000US72021,72021,154277,,44566,1199,28.9,not available in one or more component cells,2020-2024,B01001
0500000US72023,72023,39849,,11648,666,29.2,not available in one or more component cells,2020-2024,B01001
0500000US72025,72025,105640,,28241,1114,26.7,not available in one or more component cells,2020-2024,B01001
0500000US72027,72027,27642,,7521,551,27.2,not available in one or more component cells,2020-2024,B01001
0500000US72029,72029,34596,,8112,561,23.4,not available in one or more component cells,2020-2024,B01001
0500000US72031,72031,128639,,37658,1235,29.3,not available in one or more component cells,2020-2024,B01001
0500000US72033,72033,18713,,5460,412,29.2,not available in one or more component cells,2020-2024,B01001
0500000US72035,72035,34628,,9766,550,28.2,not available in one or more component cells,2020-2024,B01001
0500000US72037,72037,9369,,2902,325,31.0,not available in one or more component cells,2020-2024,B01001
0500000US72039,72039,14000,,4116,415,29.4,not available in one or more component cells,2020-2024,B01001
0500000US72041,72041,32955,,8324,527,25.3,not available in one or more component cells,2020-2024,B01001
0500000US72043,72043,28429,,7224,495,25.4,not available in one or more component cells,2020-2024,B01001
0500000US72045,72045,15554,,4027,422,25.9,not available in one or more component cells,2020-2024,B01001
0500000US72047,72047,28261,,7209,570,25.5,not available in one or more component cells,2020-2024,B01001
0500000US72049,72049,1175,186,318,97,27.1,reported,2020-2024,B01001
0500000US72051,72051,29429,,6947,550,23.6,not available in one or more component cells,2020-2024,B01001
0500000US72053,72053,26235,,7498,536,28.6,not available in one or more component cells,2020-2024,B01001
0500000US72054,72054,9552,,2462,309,25.8,not available in one or more component cells,2020-2024,B01001
0500000US72055,72055,10661,,3449,267,32.4,not available in one or more component cells,2020-2024,B01001
0500000US72057,72057,29403,,7417,516,25.2,not available in one or more component cells,2020-2024,B01001
0500000US72059,72059,14212,,4060,359,28.6,not available in one or more component cells,2020-2024,B01001
0500000US72061,72061,77017,,23132,957,30.0,not available in one or more component cells,2020-2024,B01001
0500000US72063,72063,33545,,7158,528,21.3,not available in one or more component cells,2020-2024,B01001
0500000US72065,72065,32422,,8916,727,27.5,not available in one or more component cells,2020-2024,B01001
0500000US72067,72067,13351,,4662,368,34.9,not available in one or more component cells,2020-2024,B01001
0500000US72069,72069,42272,,13055,816,30.9,not available in one or more component cells,2020-2024,B01001
0500000US72071,72071,36281,,9615,680,26.5,not available in one or more component cells,2020-2024,B01001
0500000US72073,72073,11853,,2941,377,24.8,not available in one or more component cells,2020-2024,B01001
0500000US72075,72075,37910,,9586,589,25.3,not available in one or more component cells,2020-2024,B01001
0500000US72077,72077,30296,,6685,576,22.1,not available in one or more component cells,2020-2024,B01001
0500000US72079,72079,19573,,6287,605,32.1,not available in one or more component cells,2020-2024,B01001
0500000US72081,72081,23438,,6583,470,28.1,not available in one or more component cells,2020-2024,B01001
0500000US72083,72083,7186,,2077,228,28.9,not available in one or more component cells,2020-2024,B01001
0500000US72085,72085,29181,,7423,629,25.4,not available in one or more component cells,2020-2024,B01001
0500000US72087,72087,18942,,5219,411,27.6,not available in one or more component cells,2020-2024,B01001
0500000US72089,72089,14768,,4310,391,29.2,not available in one or more component cells,2020-2024,B01001
0500000US72091,72091,32526,,9740,640,29.9,not available in one or more component cells,2020-2024,B01001
0500000US72093,72093,4183,365,1303,194,31.1,reported,2020-2024,B01001
0500000US72095,72095,8767,,2747,374,31.3,not available in one or more component cells,2020-2024,B01001
0500000US72097,72097,59880,,18889,821,31.5,not available in one or more component cells,2020-2024,B01001
0500000US72099,72099,31130,,7801,602,25.1,not available in one or more component cells,2020-2024,B01001
0500000US72101,72101,23520,,5502,452,23.4,not available in one or more component cells,2020-2024,B01001
0500000US72103,72103,18760,,4631,534,24.7,not available in one or more component cells,2020-2024,B01001
0500000US72105,72105,24347,,6779,598,27.8,not available in one or more component cells,2020-2024,B01001
0500000US72107,72107,17446,,4285,331,24.6,not available in one or more component cells,2020-2024,B01001
0500000US72109,72109,13214,,4141,410,31.3,not available in one or more component cells,2020-2024,B01001
0500000US72111,72111,16073,,3962,414,24.7,not available in one or more component cells,2020-2024,B01001
0500000US72113,72113,110025,,33445,1030,30.4,not available in one or more component cells,2020-2024,B01001
0500000US72115,72115,19614,,5391,564,27.5,not available in one or more component cells,2020-2024,B01001
0500000US72117,72117,13263,,4297,413,32.4,not available in one or more component cells,2020-2024,B01001
0500000US72119,72119,38861,,10441,638,26.9,not available in one or more component cells,2020-2024,B01001
0500000US72121,72121,18705,,5736,479,30.7,not available in one or more component cells,2020-2024,B01001
0500000US72123,72123,20719,,5646,439,27.3,not available in one or more component cells,2020-2024,B01001
0500000US72125,72125,26202,,8716,615,33.3,not available in one or more component cells,2020-2024,B01001
0500000US72127,72127,284773,,85589,1846,30.1,not available in one or more component cells,2020-2024,B01001
0500000US72129,72129,31542,,8309,591,26.3,not available in one or more component cells,2020-2024,B01001
0500000US72131,72131,32769,,10237,735,31.2,not available in one or more component cells,2020-2024,B01001
0500000US72133,72133,16368,,3580,326,21.9,not available in one or more component cells,2020-2024,B01001
0500000US72135,72135,55367,,11445,632,20.7,not available in one or more component cells,2020-2024,B01001
0500000US72137,72137,61277,,16259,710,26.5,not available in one or more component cells,2020-2024,B01001
0500000US72139,72139,56461,,14803,809,26.2,not available in one or more component cells,2020-2024,B01001
0500000US72141,72141,23121,,7020,455,30.4,not available in one or more component cells,2020-2024,B01001
0500000US72143,72143,28790,,7323,592,25.4,not available in one or more component cells,2020-2024,B01001
0500000US72145,72145,45180,,12488,703,27.6,not available in one or more component cells,2020-2024,B01001
0500000US72147,72147,6715,802,2028,405,30.2,reported,2020-2024,B01001
0500000US72149,72149,17618,,4693,460,26.6,not available in one or more component cells,2020-2024,B01001
0500000US72151,72151,24870,,7464,491,30.0,not available in one or more component cells,2020-2024,B01001
0500000US72153,72153,27808,,8480,465,30.5,not available in one or more component cells,2020-2024,B01001
