county_fips,county_name,polygon_group,point_order,longitude,latitude
37001,Alamance County,37001-1-1,1,-79.541728,35.899851
37001,Alamance County,37001-1-1,2,-79.542428,35.843303
37001,Alamance County,37001-1-1,3,-79.392517,35.843805
37001,Alamance County,37001-1-1,4,-79.350051,35.843908
37001,Alamance County,37001-1-1,5,-79.237316,35.844247
37001,Alamance County,37001-1-1,6,-79.250393,35.856978
37001,Alamance County,37001-1-1,7,-79.249538,35.876810
37001,Alamance County,37001-1-1,8,-79.257629,35.903039
37001,Alamance County,37001-1-1,9,-79.268243,35.909182
37001,Alamance County,37001-1-1,10,-79.264027,35.914114
37001,Alamance County,37001-1-1,11,-79.263608,35.969378
37001,Alamance County,37001-1-1,12,-79.264541,35.973745
37001,Alamance County,37001-1-1,13,-79.261807,36.039873
37001,Alamance County,37001-1-1,14,-79.261641,36.045345
37001,Alamance County,37001-1-1,15,-79.262143,36.061681
37001,Alamance County,37001-1-1,16,-79.260871,36.074906
37001,Alamance County,37001-1-1,17,-79.260179,36.081087
37001,Alamance County,37001-1-1,18,-79.260375,36.094073
37001,Alamance County,37001-1-1,19,-79.260370,36.094296
37001,Alamance County,37001-1-1,20,-79.260101,36.107860
37001,Alamance County,37001-1-1,21,-79.259859,36.120068
37001,Alamance County,37001-1-1,22,-79.259120,36.157402
37001,Alamance County,37001-1-1,23,-79.258384,36.194368
37001,Alamance County,37001-1-1,24,-79.257952,36.243445
37001,Alamance County,37001-1-1,25,-79.345200,36.245431
37001,Alamance County,37001-1-1,26,-79.376211,36.246131
37001,Alamance County,37001-1-1,27,-79.432187,36.247406
37001,Alamance County,37001-1-1,28,-79.531865,36.249673
37001,Alamance County,37001-1-1,29,-79.532410,36.241463
37001,Alamance County,37001-1-1,30,-79.535104,36.182412
37001,Alamance County,37001-1-1,31,-79.538273,36.105925
37001,Alamance County,37001-1-1,32,-79.539163,36.081152
37001,Alamance County,37001-1-1,33,-79.539278,36.063039
37001,Alamance County,37001-1-1,34,-79.539686,36.011151
37001,Alamance County,37001-1-1,35,-79.539887,35.993971
37001,Alamance County,37001-1-1,36,-79.540657,35.951937
37001,Alamance County,37001-1-1,37,-79.541728,35.899851
37003,Alexander County,37003-1-1,1,-81.337773,35.856948
37003,Alexander County,37003-1-1,2,-81.343993,35.824163
37003,Alexander County,37003-1-1,3,-81.334272,35.796281
37003,Alexander County,37003-1-1,4,-81.315913,35.796857
37003,Alexander County,37003-1-1,5,-81.304399,35.802548
37003,Alexander County,37003-1-1,6,-81.299539,35.798338
37003,Alexander County,37003-1-1,7,-81.268760,35.804455
37003,Alexander County,37003-1-1,8,-81.253457,35.809332
37003,Alexander County,37003-1-1,9,-81.251279,35.814722
37003,Alexander County,37003-1-1,10,-81.232541,35.812455
37003,Alexander County,37003-1-1,11,-81.228100,35.810388
37003,Alexander County,37003-1-1,12,-81.205137,35.822800
37003,Alexander County,37003-1-1,13,-81.190407,35.822385
37003,Alexander County,37003-1-1,14,-81.149609,35.828958
37003,Alexander County,37003-1-1,15,-81.142327,35.827167
37003,Alexander County,37003-1-1,16,-81.128613,35.789803
37003,Alexander County,37003-1-1,17,-81.109507,35.776594
37003,Alexander County,37003-1-1,18,-81.078943,35.802775
37003,Alexander County,37003-1-1,19,-81.041339,35.857855
37003,Alexander County,37003-1-1,20,-81.029900,35.889968
37003,Alexander County,37003-1-1,21,-81.029848,35.890124
37003,Alexander County,37003-1-1,22,-81.005541,35.958287
37003,Alexander County,37003-1-1,23,-81.005327,35.962342
37003,Alexander County,37003-1-1,24,-81.003400,35.996737
37003,Alexander County,37003-1-1,25,-81.028833,36.045652
37003,Alexander County,37003-1-1,26,-81.057543,36.031572
37003,Alexander County,37003-1-1,27,-81.098132,36.028177
37003,Alexander County,37003-1-1,28,-81.108480,36.037140
37003,Alexander County,37003-1-1,29,-81.145832,36.033760
37003,Alexander County,37003-1-1,30,-81.170813,36.025469
37003,Alexander County,37003-1-1,31,-81.184933,36.035003
37003,Alexander County,37003-1-1,32,-81.268451,36.024983
37003,Alexander County,37003-1-1,33,-81.301418,36.004291
37003,Alexander County,37003-1-1,34,-81.328324,35.996583
37003,Alexander County,37003-1-1,35,-81.342878,35.923285
37003,Alexander County,37003-1-1,36,-81.339909,35.909195
37003,Alexander County,37003-1-1,37,-81.333373,35.878892
37003,Alexander County,37003-1-1,38,-81.337773,35.856948
37005,Alleghany County,37005-1-1,1,-81.353259,36.574723
37005,Alleghany County,37005-1-1,2,-81.353150,36.546077
37005,Alleghany County,37005-1-1,3,-81.326742,36.512552
37005,Alleghany County,37005-1-1,4,-81.324082,36.499691
37005,Alleghany County,37005-1-1,5,-81.272081,36.446848
37005,Alleghany County,37005-1-1,6,-81.266578,36.415248
37005,Alleghany County,37005-1-1,7,-81.244244,36.385105
37005,Alleghany County,37005-1-1,8,-81.253552,36.366622
37005,Alleghany County,37005-1-1,9,-81.238045,36.370415
37005,Alleghany County,37005-1-1,10,-81.189256,36.399351
37005,Alleghany County,37005-1-1,11,-81.162956,36.432515
37005,Alleghany County,37005-1-1,12,-81.138242,36.412479
37005,Alleghany County,37005-1-1,13,-81.128398,36.425899
37005,Alleghany County,37005-1-1,14,-81.099022,36.439358
37005,Alleghany County,37005-1-1,15,-81.077794,36.417806
37005,Alleghany County,37005-1-1,16,-81.044272,36.411063
37005,Alleghany County,37005-1-1,17,-81.043865,36.398336
37005,Alleghany County,37005-1-1,18,-81.026688,36.373195
37005,Alleghany County,37005-1-1,19,-80.981310,36.376492
37005,Alleghany County,37005-1-1,20,-80.984196,36.387855
37005,Alleghany County,37005-1-1,21,-80.967153,36.402020
37005,Alleghany County,37005-1-1,22,-80.947182,36.419074
37005,Alleghany County,37005-1-1,23,-80.961589,36.436891
37005,Alleghany County,37005-1-1,24,-80.973643,36.453474
37005,Alleghany County,37005-1-1,25,-80.926890,36.501258
37005,Alleghany County,37005-1-1,26,-80.901665,36.561748
37005,Alleghany County,37005-1-1,27,-80.901726,36.561751
37005,Alleghany County,37005-1-1,28,-80.944338,36.563058
37005,Alleghany County,37005-1-1,29,-80.945988,36.563196
37005,Alleghany County,37005-1-1,30,-81.003802,36.563629
37005,Alleghany County,37005-1-1,31,-81.011402,36.564429
37005,Alleghany County,37005-1-1,32,-81.058844,36.566976
37005,Alleghany County,37005-1-1,33,-81.061866,36.567020
37005,Alleghany County,37005-1-1,34,-81.069085,36.567124
37005,Alleghany County,37005-1-1,35,-81.083206,36.567328
37005,Alleghany County,37005-1-1,36,-81.085202,36.567419
37005,Alleghany County,37005-1-1,37,-81.103399,36.568250
37005,Alleghany County,37005-1-1,38,-81.124809,36.569227
37005,Alleghany County,37005-1-1,39,-81.141810,36.569527
37005,Alleghany County,37005-1-1,40,-81.153581,36.570127
37005,Alleghany County,37005-1-1,41,-81.153605,36.570128
37005,Alleghany County,37005-1-1,42,-81.171212,36.571026
37005,Alleghany County,37005-1-1,43,-81.176712,36.571926
37005,Alleghany County,37005-1-1,44,-81.249816,36.573225
37005,Alleghany County,37005-1-1,45,-81.262303,36.573924
37005,Alleghany County,37005-1-1,46,-81.307511,36.575024
37005,Alleghany County,37005-1-1,47,-81.323581,36.574918
37005,Alleghany County,37005-1-1,48,-81.353259,36.574723
37007,Anson County,37007-1-1,1,-80.310201,34.906453
37007,Anson County,37007-1-1,2,-80.320807,34.814081
37007,Anson County,37007-1-1,3,-80.304690,34.813868
37007,Anson County,37007-1-1,4,-80.293594,34.813721
37007,Anson County,37007-1-1,5,-80.283627,34.813589
37007,Anson County,37007-1-1,6,-80.233960,34.812931
37007,Anson County,37007-1-1,7,-80.229705,34.812843
37007,Anson County,37007-1-1,8,-80.159252,34.811390
37007,Anson County,37007-1-1,9,-80.148677,34.811172
37007,Anson County,37007-1-1,10,-80.131169,34.810811
37007,Anson County,37007-1-1,11,-80.098994,34.810147
37007,Anson County,37007-1-1,12,-80.098022,34.810147
37007,Anson County,37007-1-1,13,-80.077223,34.809716
37007,Anson County,37007-1-1,14,-80.072912,34.809736
37007,Anson County,37007-1-1,15,-80.042764,34.809097
37007,Anson County,37007-1-1,16,-80.027464,34.808726
37007,Anson County,37007-1-1,17,-80.000541,34.808141
37007,Anson County,37007-1-1,18,-79.994026,34.807999
37007,Anson County,37007-1-1,19,-79.928010,34.806564
37007,Anson County,37007-1-1,20,-79.927618,34.806555
37007,Anson County,37007-1-1,21,-79.927416,34.806551
37007,Anson County,37007-1-1,22,-79.913755,34.818922
37007,Anson County,37007-1-1,23,-79.899748,34.858451
37007,Anson County,37007-1-1,24,-79.890856,34.861844
37007,Anson County,37007-1-1,25,-79.863019,34.882479
37007,Anson County,37007-1-1,26,-79.849266,34.900657
37007,Anson County,37007-1-1,27,-79.851271,34.915359
37007,Anson County,37007-1-1,28,-79.872668,34.952838
37007,Anson County,37007-1-1,29,-79.864386,34.972726
37007,Anson County,37007-1-1,30,-79.867138,34.982260
37007,Anson County,37007-1-1,31,-79.899290,35.003674
37007,Anson County,37007-1-1,32,-79.892751,35.024399
37007,Anson County,37007-1-1,33,-79.877197,35.035310
37007,Anson County,37007-1-1,34,-79.883596,35.051722
37007,Anson County,37007-1-1,35,-79.908983,35.066963
37007,Anson County,37007-1-1,36,-79.912936,35.097127
37007,Anson County,37007-1-1,37,-79.929473,35.118404
37007,Anson County,37007-1-1,38,-79.946122,35.118593
37007,Anson County,37007-1-1,39,-79.975778,35.102972
37007,Anson County,37007-1-1,40,-79.986581,35.088808
37007,Anson County,37007-1-1,41,-80.022915,35.090044
37007,Anson County,37007-1-1,42,-80.068150,35.112041
37007,Anson County,37007-1-1,43,-80.075365,35.143081
37007,Anson County,37007-1-1,44,-80.107444,35.173664
37007,Anson County,37007-1-1,45,-80.113670,35.194170
37007,Anson County,37007-1-1,46,-80.129052,35.187581
37007,Anson County,37007-1-1,47,-80.136233,35.167486
37007,Anson County,37007-1-1,48,-80.157837,35.172788
37007,Anson County,37007-1-1,49,-80.160879,35.148700
37007,Anson County,37007-1-1,50,-80.178534,35.149964
37007,Anson County,37007-1-1,51,-80.194920,35.165381
37007,Anson County,37007-1-1,52,-80.225002,35.156241
37007,Anson County,37007-1-1,53,-80.242100,35.181573
37007,Anson County,37007-1-1,54,-80.253109,35.210851
37007,Anson County,37007-1-1,55,-80.263550,35.208557
37007,Anson County,37007-1-1,56,-80.276829,35.195722
37007,Anson County,37007-1-1,57,-80.297285,35.018699
37007,Anson County,37007-1-1,58,-80.302359,34.974598
37007,Anson County,37007-1-1,59,-80.309379,34.913550
37007,Anson County,37007-1-1,60,-80.310201,34.906453
37009,Ashe County,37009-1-1,1,-81.739648,36.406686
37009,Ashe County,37009-1-1,2,-81.739648,36.401599
37009,Ashe County,37009-1-1,3,-81.737952,36.397190
37009,Ashe County,37009-1-1,4,-81.733877,36.394570
37009,Ashe County,37009-1-1,5,-81.731509,36.392103
37009,Ashe County,37009-1-1,6,-81.730491,36.390407
37009,Ashe County,37009-1-1,7,-81.728138,36.391012
37009,Ashe County,37009-1-1,8,-81.648459,36.354277
37009,Ashe County,37009-1-1,9,-81.638186,36.349606
37009,Ashe County,37009-1-1,10,-81.594620,36.306918
37009,Ashe County,37009-1-1,11,-81.566349,36.272202
37009,Ashe County,37009-1-1,12,-81.552237,36.276387
37009,Ashe County,37009-1-1,13,-81.521685,36.255329
37009,Ashe County,37009-1-1,14,-81.502700,36.250231
37009,Ashe County,37009-1-1,15,-81.492785,36.244801
37009,Ashe County,37009-1-1,16,-81.482039,36.240767
37009,Ashe County,37009-1-1,17,-81.477516,36.240250
37009,Ashe County,37009-1-1,18,-81.475227,36.253119
37009,Ashe County,37009-1-1,19,-81.429724,36.266662
37009,Ashe County,37009-1-1,20,-81.415853,36.292230
37009,Ashe County,37009-1-1,21,-81.378643,36.277913
37009,Ashe County,37009-1-1,22,-81.366667,36.285884
37009,Ashe County,37009-1-1,23,-81.361574,36.313403
37009,Ashe County,37009-1-1,24,-81.354301,36.355608
37009,Ashe County,37009-1-1,25,-81.323639,36.376822
37009,Ashe County,37009-1-1,26,-81.266018,36.361106
37009,Ashe County,37009-1-1,27,-81.253552,36.366622
37009,Ashe County,37009-1-1,28,-81.244244,36.385105
37009,Ashe County,37009-1-1,29,-81.266578,36.415248
37009,Ashe County,37009-1-1,30,-81.272081,36.446848
37009,Ashe County,37009-1-1,31,-81.324082,36.499691
37009,Ashe County,37009-1-1,32,-81.326742,36.512552
37009,Ashe County,37009-1-1,33,-81.353150,36.546077
37009,Ashe County,37009-1-1,34,-81.353259,36.574723
37009,Ashe County,37009-1-1,35,-81.353322,36.574723
37009,Ashe County,37009-1-1,36,-81.374824,36.574673
37009,Ashe County,37009-1-1,37,-81.442228,36.576822
37009,Ashe County,37009-1-1,38,-81.476430,36.580421
37009,Ashe County,37009-1-1,39,-81.489387,36.579026
37009,Ashe County,37009-1-1,40,-81.496661,36.579579
37009,Ashe County,37009-1-1,41,-81.499831,36.579820
37009,Ashe County,37009-1-1,42,-81.521032,36.580520
37009,Ashe County,37009-1-1,43,-81.600934,36.587019
37009,Ashe County,37009-1-1,44,-81.617893,36.587262
37009,Ashe County,37009-1-1,45,-81.677535,36.588117
37009,Ashe County,37009-1-1,46,-81.680137,36.585518
37009,Ashe County,37009-1-1,47,-81.679036,36.578918
37009,Ashe County,37009-1-1,48,-81.677236,36.574406
37009,Ashe County,37009-1-1,49,-81.677036,36.570718
37009,Ashe County,37009-1-1,50,-81.679936,36.568618
37009,Ashe County,37009-1-1,51,-81.686436,36.567918
37009,Ashe County,37009-1-1,52,-81.690236,36.568718
37009,Ashe County,37009-1-1,53,-81.692506,36.565748
37009,Ashe County,37009-1-1,54,-81.692167,36.562695
37009,Ashe County,37009-1-1,55,-81.690132,36.559643
37009,Ashe County,37009-1-1,56,-81.689115,36.555912
37009,Ashe County,37009-1-1,57,-81.690030,36.552154
37009,Ashe County,37009-1-1,58,-81.693844,36.549083
37009,Ashe County,37009-1-1,59,-81.697539,36.544359
37009,Ashe County,37009-1-1,60,-81.699962,36.539714
37009,Ashe County,37009-1-1,61,-81.699962,36.536829
37009,Ashe County,37009-1-1,62,-81.707963,36.536209
37009,Ashe County,37009-1-1,63,-81.708262,36.532113
37009,Ashe County,37009-1-1,64,-81.707573,36.526101
37009,Ashe County,37009-1-1,65,-81.702543,36.520317
37009,Ashe County,37009-1-1,66,-81.700553,36.515190
37009,Ashe County,37009-1-1,67,-81.700093,36.514158
37009,Ashe County,37009-1-1,68,-81.699601,36.512883
37009,Ashe County,37009-1-1,69,-81.699446,36.511504
37009,Ashe County,37009-1-1,70,-81.697744,36.508448
37009,Ashe County,37009-1-1,71,-81.697829,36.507544
37009,Ashe County,37009-1-1,72,-81.697290,36.504887
37009,Ashe County,37009-1-1,73,-81.697970,36.504063
37009,Ashe County,37009-1-1,74,-81.699923,36.500865
37009,Ashe County,37009-1-1,75,-81.700238,36.500475
37009,Ashe County,37009-1-1,76,-81.699928,36.498018
37009,Ashe County,37009-1-1,77,-81.698265,36.497221
37009,Ashe County,37009-1-1,78,-81.697261,36.496141
37009,Ashe County,37009-1-1,79,-81.696835,36.493393
37009,Ashe County,37009-1-1,80,-81.695907,36.491580
37009,Ashe County,37009-1-1,81,-81.697287,36.484738
37009,Ashe County,37009-1-1,82,-81.696281,36.475499
37009,Ashe County,37009-1-1,83,-81.694829,36.474463
37009,Ashe County,37009-1-1,84,-81.694533,36.473283
37009,Ashe County,37009-1-1,85,-81.695311,36.467912
37009,Ashe County,37009-1-1,86,-81.697975,36.464741
37009,Ashe County,37009-1-1,87,-81.699223,36.463959
37009,Ashe County,37009-1-1,88,-81.701076,36.464212
37009,Ashe County,37009-1-1,89,-81.708247,36.462217
37009,Ashe County,37009-1-1,90,-81.714890,36.457220
37009,Ashe County,37009-1-1,91,-81.715082,36.453365
37009,Ashe County,37009-1-1,92,-81.714277,36.450978
37009,Ashe County,37009-1-1,93,-81.714212,36.447045
37009,Ashe County,37009-1-1,94,-81.715229,36.444332
37009,Ashe County,37009-1-1,95,-81.715569,36.441280
37009,Ashe County,37009-1-1,96,-81.715229,36.438567
37009,Ashe County,37009-1-1,97,-81.715229,36.436532
37009,Ashe County,37009-1-1,98,-81.716925,36.433140
37009,Ashe County,37009-1-1,99,-81.717939,36.428762
37009,Ashe County,37009-1-1,100,-81.720734,36.422537
37009,Ashe County,37009-1-1,101,-81.729924,36.415422
37009,Ashe County,37009-1-1,102,-81.734312,36.413342
37009,Ashe County,37009-1-1,103,-81.738292,36.410756
37009,Ashe County,37009-1-1,104,-81.739648,36.406686
37011,Avery County,37011-1-1,1,-82.080143,36.105720
37011,Avery County,37011-1-1,2,-82.080945,36.105761
37011,Avery County,37011-1-1,3,-82.071934,36.069874
37011,Avery County,37011-1-1,4,-82.058271,36.045043
37011,Avery County,37011-1-1,5,-82.039175,36.007774
37011,Avery County,37011-1-1,6,-82.059134,35.988346
37011,Avery County,37011-1-1,7,-82.034104,35.942057
37011,Avery County,37011-1-1,8,-81.981954,35.911361
37011,Avery County,37011-1-1,9,-81.954602,35.926649
37011,Avery County,37011-1-1,10,-81.962987,35.941783
37011,Avery County,37011-1-1,11,-81.943188,35.960050
37011,Avery County,37011-1-1,12,-81.900927,35.998938
37011,Avery County,37011-1-1,13,-81.881386,35.992932
37011,Avery County,37011-1-1,14,-81.873038,35.977548
37011,Avery County,37011-1-1,15,-81.844536,35.974976
37011,Avery County,37011-1-1,16,-81.807162,35.961955
37011,Avery County,37011-1-1,17,-81.735673,36.067584
37011,Avery County,37011-1-1,18,-81.758517,36.077164
37011,Avery County,37011-1-1,19,-81.774121,36.098648
37011,Avery County,37011-1-1,20,-81.810516,36.111511
37011,Avery County,37011-1-1,21,-81.812551,36.114837
37011,Avery County,37011-1-1,22,-81.818042,36.133104
37011,Avery County,37011-1-1,23,-81.829377,36.169011
37011,Avery County,37011-1-1,24,-81.843450,36.179481
37011,Avery County,37011-1-1,25,-81.857147,36.193675
37011,Avery County,37011-1-1,26,-81.885383,36.189451
37011,Avery County,37011-1-1,27,-81.888324,36.196607
37011,Avery County,37011-1-1,28,-81.901353,36.205680
37011,Avery County,37011-1-1,29,-81.909008,36.216392
37011,Avery County,37011-1-1,30,-81.911238,36.229502
37011,Avery County,37011-1-1,31,-81.907742,36.238638
37011,Avery County,37011-1-1,32,-81.898548,36.245365
37011,Avery County,37011-1-1,33,-81.903959,36.251149
37011,Avery County,37011-1-1,34,-81.897097,36.261796
37011,Avery County,37011-1-1,35,-81.899769,36.280422
37011,Avery County,37011-1-1,36,-81.918111,36.287113
37011,Avery County,37011-1-1,37,-81.932994,36.264881
37011,Avery County,37011-1-1,38,-81.933020,36.264843
37011,Avery County,37011-1-1,39,-81.938897,36.256067
37011,Avery County,37011-1-1,40,-81.960101,36.228131
37011,Avery County,37011-1-1,41,-81.975723,36.205144
37011,Avery County,37011-1-1,42,-81.989701,36.184576
37011,Avery County,37011-1-1,43,-82.026640,36.130222
37011,Avery County,37011-1-1,44,-82.026340,36.129222
37011,Avery County,37011-1-1,45,-82.028740,36.124322
37011,Avery County,37011-1-1,46,-82.033141,36.120422
37011,Avery County,37011-1-1,47,-82.037941,36.121122
37011,Avery County,37011-1-1,48,-82.043941,36.125421
37011,Avery County,37011-1-1,49,-82.054142,36.126821
37011,Avery County,37011-1-1,50,-82.056042,36.123921
37011,Avery County,37011-1-1,51,-82.056042,36.120721
37011,Avery County,37011-1-1,52,-82.061342,36.113121
37011,Avery County,37011-1-1,53,-82.067142,36.112020
37011,Avery County,37011-1-1,54,-82.079743,36.106520
37011,Avery County,37011-1-1,55,-82.080143,36.105720
37013,Beaufort County,37013-1-1,1,-77.185706,35.719715
37013,Beaufort County,37013-1-1,2,-77.195772,35.699779
37013,Beaufort County,37013-1-1,3,-77.169849,35.684339
37013,Beaufort County,37013-1-1,4,-77.167093,35.672622
37013,Beaufort County,37013-1-1,5,-77.180683,35.664536
37013,Beaufort County,37013-1-1,6,-77.172766,35.639100
37013,Beaufort County,37013-1-1,7,-77.142390,35.617880
37013,Beaufort County,37013-1-1,8,-77.140792,35.605155
37013,Beaufort County,37013-1-1,9,-77.150757,35.602750
37013,Beaufort County,37013-1-1,10,-77.109897,35.583123
37013,Beaufort County,37013-1-1,11,-77.110453,35.569630
37013,Beaufort County,37013-1-1,12,-77.087435,35.564119
37013,Beaufort County,37013-1-1,13,-77.084643,35.552601
37013,Beaufort County,37013-1-1,14,-77.100803,35.551455
37013,Beaufort County,37013-1-1,15,-77.113178,35.549738
37013,Beaufort County,37013-1-1,16,-77.127396,35.553763
37013,Beaufort County,37013-1-1,17,-77.176178,35.518812
37013,Beaufort County,37013-1-1,18,-77.182168,35.449295
37013,Beaufort County,37013-1-1,19,-77.191230,35.435026
37013,Beaufort County,37013-1-1,20,-77.189115,35.418362
37013,Beaufort County,37013-1-1,21,-77.099485,35.372769
37013,Beaufort County,37013-1-1,22,-76.958786,35.300937
37013,Beaufort County,37013-1-1,23,-76.935714,35.283677
37013,Beaufort County,37013-1-1,24,-76.895919,35.253889
37013,Beaufort County,37013-1-1,25,-76.845276,35.216080
37013,Beaufort County,37013-1-1,26,-76.774146,35.222756
37013,Beaufort County,37013-1-1,27,-76.632561,35.235324
37013,Beaufort County,37013-1-1,28,-76.612186,35.279320
37013,Beaufort County,37013-1-1,29,-76.618860,35.300143
37013,Beaufort County,37013-1-1,30,-76.617496,35.328893
37013,Beaufort County,37013-1-1,31,-76.608497,35.336529
37013,Beaufort County,37013-1-1,32,-76.618005,35.341468
37013,Beaufort County,37013-1-1,33,-76.664027,35.345696
37013,Beaufort County,37013-1-1,34,-76.819951,35.405868
37013,Beaufort County,37013-1-1,35,-76.891938,35.433649
37013,Beaufort County,37013-1-1,36,-76.966661,35.437810
37013,Beaufort County,37013-1-1,37,-76.991527,35.467061
37013,Beaufort County,37013-1-1,38,-77.028961,35.488920
37013,Beaufort County,37013-1-1,39,-77.028676,35.495566
37013,Beaufort County,37013-1-1,40,-77.027943,35.512675
37013,Beaufort County,37013-1-1,41,-77.022539,35.513685
37013,Beaufort County,37013-1-1,42,-77.011676,35.515714
37013,Beaufort County,37013-1-1,43,-76.976723,35.488003
37013,Beaufort County,37013-1-1,44,-76.956553,35.480571
37013,Beaufort County,37013-1-1,45,-76.909948,35.463398
37013,Beaufort County,37013-1-1,46,-76.830897,35.447949
37013,Beaufort County,37013-1-1,47,-76.823896,35.445112
37013,Beaufort County,37013-1-1,48,-76.759234,35.418906
37013,Beaufort County,37013-1-1,49,-76.710083,35.427155
37013,Beaufort County,37013-1-1,50,-76.606041,35.387113
37013,Beaufort County,37013-1-1,51,-76.580187,35.387113
37013,Beaufort County,37013-1-1,52,-76.601472,35.460838
37013,Beaufort County,37013-1-1,53,-76.634468,35.510332
37013,Beaufort County,37013-1-1,54,-76.630356,35.513738
37013,Beaufort County,37013-1-1,55,-76.614800,35.526623
37013,Beaufort County,37013-1-1,56,-76.600441,35.538516
37013,Beaufort County,37013-1-1,57,-76.556790,35.528892
37013,Beaufort County,37013-1-1,58,-76.483580,35.538172
37013,Beaufort County,37013-1-1,59,-76.471207,35.557420
37013,Beaufort County,37013-1-1,60,-76.467763,35.555818
37013,Beaufort County,37013-1-1,61,-76.492147,35.572908
37013,Beaufort County,37013-1-1,62,-76.501356,35.571612
37013,Beaufort County,37013-1-1,63,-76.519287,35.584839
37013,Beaufort County,37013-1-1,64,-76.539011,35.582937
37013,Beaufort County,37013-1-1,65,-76.534313,35.595594
37013,Beaufort County,37013-1-1,66,-76.551061,35.596632
37013,Beaufort County,37013-1-1,67,-76.578306,35.612037
37013,Beaufort County,37013-1-1,68,-76.606119,35.646733
37013,Beaufort County,37013-1-1,69,-76.601982,35.670055
37013,Beaufort County,37013-1-1,70,-76.637513,35.705215
37013,Beaufort County,37013-1-1,71,-76.763301,35.705523
37013,Beaufort County,37013-1-1,72,-76.829536,35.705632
37013,Beaufort County,37013-1-1,73,-76.844620,35.705719
37013,Beaufort County,37013-1-1,74,-76.847264,35.719982
37013,Beaufort County,37013-1-1,75,-76.985842,35.658848
37013,Beaufort County,37013-1-1,76,-77.008490,35.668863
37013,Beaufort County,37013-1-1,77,-77.034646,35.678952
37013,Beaufort County,37013-1-1,78,-77.163840,35.739473
37013,Beaufort County,37013-1-1,79,-77.174000,35.732831
37013,Beaufort County,37013-1-1,80,-77.173530,35.727888
37013,Beaufort County,37013-1-1,81,-77.173481,35.716038
37013,Beaufort County,37013-1-1,82,-77.185706,35.719715
37015,Bertie County,37015-1-1,1,-77.327569,36.071361
37015,Bertie County,37015-1-1,2,-77.320792,36.056479
37015,Bertie County,37015-1-1,3,-77.274470,36.033697
37015,Bertie County,37015-1-1,4,-77.230515,36.015577
37015,Bertie County,37015-1-1,5,-77.215841,36.014589
37015,Bertie County,37015-1-1,6,-77.205817,36.005323
37015,Bertie County,37015-1-1,7,-77.213328,35.992533
37015,Bertie County,37015-1-1,8,-77.196664,35.992917
37015,Bertie County,37015-1-1,9,-77.190268,35.973678
37015,Bertie County,37015-1-1,10,-77.195138,35.951717
37015,Bertie County,37015-1-1,11,-77.186393,35.931092
37015,Bertie County,37015-1-1,12,-77.170359,35.929737
37015,Bertie County,37015-1-1,13,-77.162831,35.937666
37015,Bertie County,37015-1-1,14,-77.140777,35.934022
37015,Bertie County,37015-1-1,15,-77.132110,35.940706
37015,Bertie County,37015-1-1,16,-77.119874,35.926151
37015,Bertie County,37015-1-1,17,-77.101172,35.932578
37015,Bertie County,37015-1-1,18,-77.094005,35.924790
37015,Bertie County,37015-1-1,19,-77.080455,35.937628
37015,Bertie County,37015-1-1,20,-77.071484,35.934704
37015,Bertie County,37015-1-1,21,-77.055842,35.944404
37015,Bertie County,37015-1-1,22,-77.042882,35.942278
37015,Bertie County,37015-1-1,23,-77.039292,35.931440
37015,Bertie County,37015-1-1,24,-77.027544,35.929683
37015,Bertie County,37015-1-1,25,-77.027254,35.917787
37015,Bertie County,37015-1-1,26,-77.022161,35.891082
37015,Bertie County,37015-1-1,27,-77.023365,35.890078
37015,Bertie County,37015-1-1,28,-77.025315,35.890653
37015,Bertie County,37015-1-1,29,-77.028127,35.892938
37015,Bertie County,37015-1-1,30,-77.029301,35.893117
37015,Bertie County,37015-1-1,31,-77.032142,35.892619
37015,Bertie County,37015-1-1,32,-77.034534,35.891186
37015,Bertie County,37015-1-1,33,-77.037659,35.890308
37015,Bertie County,37015-1-1,34,-77.037485,35.889378
37015,Bertie County,37015-1-1,35,-77.036527,35.886771
37015,Bertie County,37015-1-1,36,-77.035655,35.885478
37015,Bertie County,37015-1-1,37,-77.034385,35.884402
37015,Bertie County,37015-1-1,38,-77.031676,35.882727
37015,Bertie County,37015-1-1,39,-77.030952,35.881787
37015,Bertie County,37015-1-1,40,-77.031293,35.880705
37015,Bertie County,37015-1-1,41,-77.042282,35.875159
37015,Bertie County,37015-1-1,42,-77.044395,35.875538
37015,Bertie County,37015-1-1,43,-77.045460,35.874759
37015,Bertie County,37015-1-1,44,-77.045099,35.873442
37015,Bertie County,37015-1-1,45,-77.041056,35.870114
37015,Bertie County,37015-1-1,46,-77.040402,35.867928
37015,Bertie County,37015-1-1,47,-77.040962,35.865890
37015,Bertie County,37015-1-1,48,-77.044087,35.863525
37015,Bertie County,37015-1-1,49,-77.044648,35.862076
37015,Bertie County,37015-1-1,50,-77.044259,35.861676
37015,Bertie County,37015-1-1,51,-77.034571,35.857374
37015,Bertie County,37015-1-1,52,-77.014964,35.862655
37015,Bertie County,37015-1-1,53,-77.008071,35.860584
37015,Bertie County,37015-1-1,54,-76.991693,35.865088
37015,Bertie County,37015-1-1,55,-76.987969,35.875839
37015,Bertie County,37015-1-1,56,-76.961880,35.882380
37015,Bertie County,37015-1-1,57,-76.939040,35.901510
37015,Bertie County,37015-1-1,58,-76.917981,35.895362
37015,Bertie County,37015-1-1,59,-76.902067,35.868218
37015,Bertie County,37015-1-1,60,-76.894022,35.861937
37015,Bertie County,37015-1-1,61,-76.903494,35.837436
37015,Bertie County,37015-1-1,62,-76.897909,35.814639
37015,Bertie County,37015-1-1,63,-76.882571,35.811866
37015,Bertie County,37015-1-1,64,-76.858760,35.826197
37015,Bertie County,37015-1-1,65,-76.831660,35.855949
37015,Bertie County,37015-1-1,66,-76.834825,35.882910
37015,Bertie County,37015-1-1,67,-76.818813,35.886687
37015,Bertie County,37015-1-1,68,-76.802961,35.881668
37015,Bertie County,37015-1-1,69,-76.780985,35.863871
37015,Bertie County,37015-1-1,70,-76.760598,35.864887
37015,Bertie County,37015-1-1,71,-76.758595,35.865370
37015,Bertie County,37015-1-1,72,-76.745411,35.870829
37015,Bertie County,37015-1-1,73,-76.731543,35.887575
37015,Bertie County,37015-1-1,74,-76.719989,35.917259
37015,Bertie County,37015-1-1,75,-76.706785,35.923163
37015,Bertie County,37015-1-1,76,-76.701374,35.923020
37015,Bertie County,37015-1-1,77,-76.691913,35.944754
37015,Bertie County,37015-1-1,78,-76.697558,35.951937
37015,Bertie County,37015-1-1,79,-76.700190,35.964573
37015,Bertie County,37015-1-1,80,-76.695452,35.973524
37015,Bertie County,37015-1-1,81,-76.684922,35.983001
37015,Bertie County,37015-1-1,82,-76.679657,35.991951
37015,Bertie County,37015-1-1,83,-76.683869,36.000375
37015,Bertie County,37015-1-1,84,-76.693201,36.016167
37015,Bertie County,37015-1-1,85,-76.722996,36.066585
37015,Bertie County,37015-1-1,86,-76.752100,36.147328
37015,Bertie County,37015-1-1,87,-76.744436,36.212725
37015,Bertie County,37015-1-1,88,-76.720198,36.243805
37015,Bertie County,37015-1-1,89,-76.900162,36.243003
37015,Bertie County,37015-1-1,90,-76.928226,36.240132
37015,Bertie County,37015-1-1,91,-76.943953,36.241372
37015,Bertie County,37015-1-1,92,-76.971399,36.238130
37015,Bertie County,37015-1-1,93,-76.986159,36.242074
37015,Bertie County,37015-1-1,94,-77.042120,36.239852
37015,Bertie County,37015-1-1,95,-77.158994,36.242332
37015,Bertie County,37015-1-1,96,-77.183144,36.242825
37015,Bertie County,37015-1-1,97,-77.208468,36.246578
37015,Bertie County,37015-1-1,98,-77.228958,36.214403
37015,Bertie County,37015-1-1,99,-77.254916,36.218474
37015,Bertie County,37015-1-1,100,-77.298250,36.207708
37015,Bertie County,37015-1-1,101,-77.299717,36.181409
37015,Bertie County,37015-1-1,102,-77.291519,36.168342
37015,Bertie County,37015-1-1,103,-77.264469,36.159331
37015,Bertie County,37015-1-1,104,-77.264550,36.139054
37015,Bertie County,37015-1-1,105,-77.252166,36.136003
37015,Bertie County,37015-1-1,106,-77.249485,36.113764
37015,Bertie County,37015-1-1,107,-77.230275,36.104999
37015,Bertie County,37015-1-1,108,-77.313225,36.089167
37015,Bertie County,37015-1-1,109,-77.327569,36.071361
37017,Bladen County,37017-1-1,1,-78.894441,34.836824
37017,Bladen County,37017-1-1,2,-78.901998,34.835268
37017,Bladen County,37017-1-1,3,-78.883567,34.812441
37017,Bladen County,37017-1-1,4,-78.869397,34.773775
37017,Bladen County,37017-1-1,5,-78.854381,34.735743
37017,Bladen County,37017-1-1,6,-78.821420,34.709330
37017,Bladen County,37017-1-1,7,-78.805719,34.688993
37017,Bladen County,37017-1-1,8,-78.822111,34.644797
37017,Bladen County,37017-1-1,9,-78.819095,34.643645
37017,Bladen County,37017-1-1,10,-78.834434,34.621583
37017,Bladen County,37017-1-1,11,-78.831786,34.611921
37017,Bladen County,37017-1-1,12,-78.843524,34.578591
37017,Bladen County,37017-1-1,13,-78.854862,34.573848
37017,Bladen County,37017-1-1,14,-78.861670,34.563579
37017,Bladen County,37017-1-1,15,-78.856646,34.524141
37017,Bladen County,37017-1-1,16,-78.846369,34.500170
37017,Bladen County,37017-1-1,17,-78.863414,34.498034
37017,Bladen County,37017-1-1,18,-78.868961,34.484778
37017,Bladen County,37017-1-1,19,-78.830353,34.462578
37017,Bladen County,37017-1-1,20,-78.739056,34.466076
37017,Bladen County,37017-1-1,21,-78.667588,34.469645
37017,Bladen County,37017-1-1,22,-78.658563,34.453588
37017,Bladen County,37017-1-1,23,-78.648373,34.460869
37017,Bladen County,37017-1-1,24,-78.603770,34.441134
37017,Bladen County,37017-1-1,25,-78.594012,34.431443
37017,Bladen County,37017-1-1,26,-78.528172,34.410891
37017,Bladen County,37017-1-1,27,-78.445320,34.377400
37017,Bladen County,37017-1-1,28,-78.420732,34.378090
37017,Bladen County,37017-1-1,29,-78.396915,34.370747
37017,Bladen County,37017-1-1,30,-78.344587,34.369226
37017,Bladen County,37017-1-1,31,-78.335084,34.367622
37017,Bladen County,37017-1-1,32,-78.256085,34.399469
37017,Bladen County,37017-1-1,33,-78.204835,34.441915
37017,Bladen County,37017-1-1,34,-78.176501,34.465356
37017,Bladen County,37017-1-1,35,-78.200272,34.474984
37017,Bladen County,37017-1-1,36,-78.212107,34.488394
37017,Bladen County,37017-1-1,37,-78.235621,34.492529
37017,Bladen County,37017-1-1,38,-78.255468,34.508614
37017,Bladen County,37017-1-1,39,-78.254598,34.520408
37017,Bladen County,37017-1-1,40,-78.272364,34.537360
37017,Bladen County,37017-1-1,41,-78.254441,34.553595
37017,Bladen County,37017-1-1,42,-78.251728,34.562021
37017,Bladen County,37017-1-1,43,-78.265935,34.583588
37017,Bladen County,37017-1-1,44,-78.304989,34.602438
37017,Bladen County,37017-1-1,45,-78.313990,34.633133
37017,Bladen County,37017-1-1,46,-78.312737,34.643605
37017,Bladen County,37017-1-1,47,-78.324562,34.649709
37017,Bladen County,37017-1-1,48,-78.323538,34.665662
37017,Bladen County,37017-1-1,49,-78.338689,34.674882
37017,Bladen County,37017-1-1,50,-78.346721,34.690187
37017,Bladen County,37017-1-1,51,-78.369118,34.696740
37017,Bladen County,37017-1-1,52,-78.368979,34.704411
37017,Bladen County,37017-1-1,53,-78.391911,34.729577
37017,Bladen County,37017-1-1,54,-78.390748,34.749463
37017,Bladen County,37017-1-1,55,-78.398784,34.750104
37017,Bladen County,37017-1-1,56,-78.409710,34.765038
37017,Bladen County,37017-1-1,57,-78.420386,34.765876
37017,Bladen County,37017-1-1,58,-78.436940,34.784169
37017,Bladen County,37017-1-1,59,-78.449756,34.813507
37017,Bladen County,37017-1-1,60,-78.469462,34.830355
37017,Bladen County,37017-1-1,61,-78.493451,34.842997
37017,Bladen County,37017-1-1,62,-78.494705,34.856182
37017,Bladen County,37017-1-1,63,-78.516123,34.845919
37017,Bladen County,37017-1-1,64,-78.557418,34.851105
37017,Bladen County,37017-1-1,65,-78.826331,34.850693
37017,Bladen County,37017-1-1,66,-78.854955,34.845020
37017,Bladen County,37017-1-1,67,-78.894441,34.836824
37019,Brunswick County,37019-1-1,1,-78.650364,33.944338
37019,Brunswick County,37019-1-1,2,-78.650334,33.944314
37019,Brunswick County,37019-1-1,3,-78.629614,33.926973
37019,Brunswick County,37019-1-1,4,-78.629557,33.926926
37019,Brunswick County,37019-1-1,5,-78.621369,33.920073
37019,Brunswick County,37019-1-1,6,-78.615932,33.915523
37019,Brunswick County,37019-1-1,7,-78.586884,33.890524
37019,Brunswick County,37019-1-1,8,-78.580378,33.884925
37019,Brunswick County,37019-1-1,9,-78.574091,33.879519
37019,Brunswick County,37019-1-1,10,-78.558853,33.866414
37019,Brunswick County,37019-1-1,11,-78.547203,33.856396
37019,Brunswick County,37019-1-1,12,-78.542422,33.852284
37019,Brunswick County,37019-1-1,13,-78.506614,33.867460
37019,Brunswick County,37019-1-1,14,-78.476810,33.875787
37019,Brunswick County,37019-1-1,15,-78.454691,33.882028
37019,Brunswick County,37019-1-1,16,-78.454152,33.882180
37019,Brunswick County,37019-1-1,17,-78.437320,33.886930
37019,Brunswick County,37019-1-1,18,-78.436135,33.887264
37019,Brunswick County,37019-1-1,19,-78.397814,33.897026
37019,Brunswick County,37019-1-1,20,-78.382920,33.902655
37019,Brunswick County,37019-1-1,21,-78.381419,33.903223
37019,Brunswick County,37019-1-1,22,-78.379764,33.903848
37019,Brunswick County,37019-1-1,23,-78.371177,33.902307
37019,Brunswick County,37019-1-1,24,-78.327282,33.908428
37019,Brunswick County,37019-1-1,25,-78.265555,33.913841
37019,Brunswick County,37019-1-1,26,-78.248436,33.914590
37019,Brunswick County,37019-1-1,27,-78.240942,33.916167
37019,Brunswick County,37019-1-1,28,-78.237513,33.915314
37019,Brunswick County,37019-1-1,29,-78.229341,33.913281
37019,Brunswick County,37019-1-1,30,-78.223401,33.913395
37019,Brunswick County,37019-1-1,31,-78.196404,33.913913
37019,Brunswick County,37019-1-1,32,-78.177720,33.914272
37019,Brunswick County,37019-1-1,33,-78.161138,33.913420
37019,Brunswick County,37019-1-1,34,-78.136952,33.912178
37019,Brunswick County,37019-1-1,35,-78.114980,33.908925
37019,Brunswick County,37019-1-1,36,-78.095429,33.906031
37019,Brunswick County,37019-1-1,37,-78.074713,33.902235
37019,Brunswick County,37019-1-1,38,-78.074582,33.902202
37019,Brunswick County,37019-1-1,39,-78.018689,33.888289
37019,Brunswick County,37019-1-1,40,-78.016829,33.883674
37019,Brunswick County,37019-1-1,41,-78.006765,33.858704
37019,Brunswick County,37019-1-1,42,-77.970606,33.844517
37019,Brunswick County,37019-1-1,43,-77.960172,33.853315
37019,Brunswick County,37019-1-1,44,-77.956881,33.877790
37019,Brunswick County,37019-1-1,45,-77.946568,33.912261
37019,Brunswick County,37019-1-1,46,-77.937764,33.931314
37019,Brunswick County,37019-1-1,47,-77.945937,33.962189
37019,Brunswick County,37019-1-1,48,-77.948102,33.969927
37019,Brunswick County,37019-1-1,49,-77.940669,33.983951
37019,Brunswick County,37019-1-1,50,-77.933953,34.017108
37019,Brunswick County,37019-1-1,51,-77.930956,34.050324
37019,Brunswick County,37019-1-1,52,-77.931103,34.058884
37019,Brunswick County,37019-1-1,53,-77.934398,34.085351
37019,Brunswick County,37019-1-1,54,-77.936921,34.122845
37019,Brunswick County,37019-1-1,55,-77.940026,34.128880
37019,Brunswick County,37019-1-1,56,-77.953502,34.153547
37019,Brunswick County,37019-1-1,57,-77.958557,34.176666
37019,Brunswick County,37019-1-1,58,-77.956690,34.191996
37019,Brunswick County,37019-1-1,59,-77.961304,34.204869
37019,Brunswick County,37019-1-1,60,-77.959039,34.218616
37019,Brunswick County,37019-1-1,61,-77.957373,34.229503
37019,Brunswick County,37019-1-1,62,-77.967797,34.252127
37019,Brunswick County,37019-1-1,63,-77.987712,34.260069
37019,Brunswick County,37019-1-1,64,-77.987512,34.268269
37019,Brunswick County,37019-1-1,65,-78.017113,34.292769
37019,Brunswick County,37019-1-1,66,-78.007217,34.321368
37019,Brunswick County,37019-1-1,67,-78.027457,34.319656
37019,Brunswick County,37019-1-1,68,-78.029922,34.331768
37019,Brunswick County,37019-1-1,69,-78.078547,34.340233
37019,Brunswick County,37019-1-1,70,-78.092806,34.352382
37019,Brunswick County,37019-1-1,71,-78.137302,34.371711
37019,Brunswick County,37019-1-1,72,-78.162350,34.357007
37019,Brunswick County,37019-1-1,73,-78.172140,34.342059
37019,Brunswick County,37019-1-1,74,-78.240666,34.237349
37019,Brunswick County,37019-1-1,75,-78.254622,34.216305
37019,Brunswick County,37019-1-1,76,-78.374998,34.203672
37019,Brunswick County,37019-1-1,77,-78.372074,34.199059
37019,Brunswick County,37019-1-1,78,-78.366793,34.188774
37019,Brunswick County,37019-1-1,79,-78.391551,34.173939
37019,Brunswick County,37019-1-1,80,-78.421545,34.140003
37019,Brunswick County,37019-1-1,81,-78.485980,34.158819
37019,Brunswick County,37019-1-1,82,-78.507474,34.169239
37019,Brunswick County,37019-1-1,83,-78.524602,34.154106
37019,Brunswick County,37019-1-1,84,-78.545218,34.145747
37019,Brunswick County,37019-1-1,85,-78.539263,34.127462
37019,Brunswick County,37019-1-1,86,-78.554147,34.117578
37019,Brunswick County,37019-1-1,87,-78.548050,34.095293
37019,Brunswick County,37019-1-1,88,-78.558542,34.093752
37019,Brunswick County,37019-1-1,89,-78.561034,34.059163
37019,Brunswick County,37019-1-1,90,-78.582360,34.048538
37019,Brunswick County,37019-1-1,91,-78.584470,34.031266
37019,Brunswick County,37019-1-1,92,-78.603531,34.026976
37019,Brunswick County,37019-1-1,93,-78.640207,34.010764
37019,Brunswick County,37019-1-1,94,-78.626780,33.980910
37019,Brunswick County,37019-1-1,95,-78.630287,33.972293
37019,Brunswick County,37019-1-1,96,-78.648351,33.965540
37019,Brunswick County,37019-1-1,97,-78.642306,33.958479
37019,Brunswick County,37019-1-1,98,-78.650364,33.944338
37021,Buncombe County,37021-1-1,1,-82.883909,35.678235
37021,Buncombe County,37021-1-1,2,-82.888009,35.672722
37021,Buncombe County,37021-1-1,3,-82.877053,35.666508
37021,Buncombe County,37021-1-1,4,-82.864383,35.634651
37021,Buncombe County,37021-1-1,5,-82.853561,35.636820
37021,Buncombe County,37021-1-1,6,-82.846399,35.614417
37021,Buncombe County,37021-1-1,7,-82.813146,35.627931
37021,Buncombe County,37021-1-1,8,-82.797124,35.596146
37021,Buncombe County,37021-1-1,9,-82.784267,35.591377
37021,Buncombe County,37021-1-1,10,-82.765921,35.567580
37021,Buncombe County,37021-1-1,11,-82.777524,35.555619
37021,Buncombe County,37021-1-1,12,-82.765863,35.540695
37021,Buncombe County,37021-1-1,13,-82.765948,35.539001
37021,Buncombe County,37021-1-1,14,-82.766519,35.537913
37021,Buncombe County,37021-1-1,15,-82.780017,35.525926
37021,Buncombe County,37021-1-1,16,-82.779491,35.516894
37021,Buncombe County,37021-1-1,17,-82.799493,35.471227
37021,Buncombe County,37021-1-1,18,-82.781691,35.439542
37021,Buncombe County,37021-1-1,19,-82.745139,35.422967
37021,Buncombe County,37021-1-1,20,-82.730462,35.434180
37021,Buncombe County,37021-1-1,21,-82.705652,35.452635
37021,Buncombe County,37021-1-1,22,-82.672658,35.459426
37021,Buncombe County,37021-1-1,23,-82.659463,35.452799
37021,Buncombe County,37021-1-1,24,-82.621399,35.435884
37021,Buncombe County,37021-1-1,25,-82.599094,35.437086
37021,Buncombe County,37021-1-1,26,-82.570608,35.431045
37021,Buncombe County,37021-1-1,27,-82.558100,35.444074
37021,Buncombe County,37021-1-1,28,-82.548825,35.444305
37021,Buncombe County,37021-1-1,29,-82.544387,35.423547
37021,Buncombe County,37021-1-1,30,-82.533228,35.416450
37021,Buncombe County,37021-1-1,31,-82.534910,35.444413
37021,Buncombe County,37021-1-1,32,-82.494922,35.444903
37021,Buncombe County,37021-1-1,33,-82.480656,35.445065
37021,Buncombe County,37021-1-1,34,-82.476526,35.445112
37021,Buncombe County,37021-1-1,35,-82.456127,35.449650
37021,Buncombe County,37021-1-1,36,-82.425080,35.470305
37021,Buncombe County,37021-1-1,37,-82.363133,35.460960
37021,Buncombe County,37021-1-1,38,-82.371853,35.480009
37021,Buncombe County,37021-1-1,39,-82.337881,35.498494
37021,Buncombe County,37021-1-1,40,-82.325383,35.496748
37021,Buncombe County,37021-1-1,41,-82.265795,35.467818
37021,Buncombe County,37021-1-1,42,-82.251437,35.460685
37021,Buncombe County,37021-1-1,43,-82.224336,35.498269
37021,Buncombe County,37021-1-1,44,-82.233203,35.519402
37021,Buncombe County,37021-1-1,45,-82.178984,35.526601
37021,Buncombe County,37021-1-1,46,-82.169049,35.527811
37021,Buncombe County,37021-1-1,47,-82.219981,35.553141
37021,Buncombe County,37021-1-1,48,-82.251251,35.559943
37021,Buncombe County,37021-1-1,49,-82.286044,35.587273
37021,Buncombe County,37021-1-1,50,-82.264524,35.617482
37021,Buncombe County,37021-1-1,51,-82.269608,35.621326
37021,Buncombe County,37021-1-1,52,-82.286277,35.650502
37021,Buncombe County,37021-1-1,53,-82.280364,35.667701
37021,Buncombe County,37021-1-1,54,-82.285159,35.677471
37021,Buncombe County,37021-1-1,55,-82.294907,35.683856
37021,Buncombe County,37021-1-1,56,-82.275399,35.704438
37021,Buncombe County,37021-1-1,57,-82.279563,35.717808
37021,Buncombe County,37021-1-1,58,-82.284733,35.725526
37021,Buncombe County,37021-1-1,59,-82.313065,35.733603
37021,Buncombe County,37021-1-1,60,-82.335054,35.749396
37021,Buncombe County,37021-1-1,61,-82.346191,35.786179
37021,Buncombe County,37021-1-1,62,-82.338295,35.801717
37021,Buncombe County,37021-1-1,63,-82.368675,35.820090
37021,Buncombe County,37021-1-1,64,-82.382045,35.823965
37021,Buncombe County,37021-1-1,65,-82.408602,35.818178
37021,Buncombe County,37021-1-1,66,-82.435335,35.808590
37021,Buncombe County,37021-1-1,67,-82.463828,35.809616
37021,Buncombe County,37021-1-1,68,-82.476099,35.798319
37021,Buncombe County,37021-1-1,69,-82.512213,35.803321
37021,Buncombe County,37021-1-1,70,-82.528205,35.797660
37021,Buncombe County,37021-1-1,71,-82.538663,35.791630
37021,Buncombe County,37021-1-1,72,-82.544880,35.789529
37021,Buncombe County,37021-1-1,73,-82.579913,35.774785
37021,Buncombe County,37021-1-1,74,-82.615259,35.759826
37021,Buncombe County,37021-1-1,75,-82.666198,35.738348
37021,Buncombe County,37021-1-1,76,-82.669244,35.726090
37021,Buncombe County,37021-1-1,77,-82.712347,35.732889
37021,Buncombe County,37021-1-1,78,-82.713764,35.717824
37021,Buncombe County,37021-1-1,79,-82.730975,35.722403
37021,Buncombe County,37021-1-1,80,-82.754039,35.703521
37021,Buncombe County,37021-1-1,81,-82.794782,35.695805
37021,Buncombe County,37021-1-1,82,-82.807056,35.685874
37021,Buncombe County,37021-1-1,83,-82.846884,35.701392
37021,Buncombe County,37021-1-1,84,-82.854080,35.699452
37021,Buncombe County,37021-1-1,85,-82.883909,35.678235
37023,Burke County,37023-1-1,1,-81.972775,35.821311
37023,Burke County,37023-1-1,2,-81.986885,35.807066
37023,Burke County,37023-1-1,3,-81.924408,35.761800
37023,Burke County,37023-1-1,4,-81.891451,35.735962
37023,Burke County,37023-1-1,5,-81.869388,35.719624
37023,Burke County,37023-1-1,6,-81.861444,35.694035
37023,Burke County,37023-1-1,7,-81.849801,35.656488
37023,Burke County,37023-1-1,8,-81.829492,35.592119
37023,Burke County,37023-1-1,9,-81.824122,35.574983
37023,Burke County,37023-1-1,10,-81.798783,35.579968
37023,Burke County,37023-1-1,11,-81.794058,35.593239
37023,Burke County,37023-1-1,12,-81.772182,35.592623
37023,Burke County,37023-1-1,13,-81.753407,35.613588
37023,Burke County,37023-1-1,14,-81.721701,35.606308
37023,Burke County,37023-1-1,15,-81.705653,35.581214
37023,Burke County,37023-1-1,16,-81.691989,35.580041
37023,Burke County,37023-1-1,17,-81.690949,35.584546
37023,Burke County,37023-1-1,18,-81.674224,35.568804
37023,Burke County,37023-1-1,19,-81.648967,35.561610
37023,Burke County,37023-1-1,20,-81.607193,35.566831
37023,Burke County,37023-1-1,21,-81.566780,35.558448
37023,Burke County,37023-1-1,22,-81.545299,35.564721
37023,Burke County,37023-1-1,23,-81.537599,35.564228
37023,Burke County,37023-1-1,24,-81.535403,35.568137
37023,Burke County,37023-1-1,25,-81.506809,35.607956
37023,Burke County,37023-1-1,26,-81.476143,35.636780
37023,Burke County,37023-1-1,27,-81.445388,35.665785
37023,Burke County,37023-1-1,28,-81.432898,35.677847
37023,Burke County,37023-1-1,29,-81.402028,35.717881
37023,Burke County,37023-1-1,30,-81.394132,35.728295
37023,Burke County,37023-1-1,31,-81.364827,35.766421
37023,Burke County,37023-1-1,32,-81.363796,35.767802
37023,Burke County,37023-1-1,33,-81.377112,35.757633
37023,Burke County,37023-1-1,34,-81.399218,35.758560
37023,Burke County,37023-1-1,35,-81.430740,35.772606
37023,Burke County,37023-1-1,36,-81.446050,35.785245
37023,Burke County,37023-1-1,37,-81.455394,35.784895
37023,Burke County,37023-1-1,38,-81.490267,35.780547
37023,Burke County,37023-1-1,39,-81.502677,35.780704
37023,Burke County,37023-1-1,40,-81.524621,35.780025
37023,Burke County,37023-1-1,41,-81.541318,35.779081
37023,Burke County,37023-1-1,42,-81.547033,35.777207
37023,Burke County,37023-1-1,43,-81.555994,35.777538
37023,Burke County,37023-1-1,44,-81.581811,35.804730
37023,Burke County,37023-1-1,45,-81.600809,35.825096
37023,Burke County,37023-1-1,46,-81.630065,35.830377
37023,Burke County,37023-1-1,47,-81.632109,35.835739
37023,Burke County,37023-1-1,48,-81.639217,35.848346
37023,Burke County,37023-1-1,49,-81.709749,35.875003
37023,Burke County,37023-1-1,50,-81.728676,35.890956
37023,Burke County,37023-1-1,51,-81.758733,35.928466
37023,Burke County,37023-1-1,52,-81.776077,35.927014
37023,Burke County,37023-1-1,53,-81.777668,35.947439
37023,Burke County,37023-1-1,54,-81.809076,35.958787
37023,Burke County,37023-1-1,55,-81.807162,35.961955
37023,Burke County,37023-1-1,56,-81.844536,35.974976
37023,Burke County,37023-1-1,57,-81.873038,35.977548
37023,Burke County,37023-1-1,58,-81.881386,35.992932
37023,Burke County,37023-1-1,59,-81.900927,35.998938
37023,Burke County,37023-1-1,60,-81.943188,35.960050
37023,Burke County,37023-1-1,61,-81.914891,35.916438
37023,Burke County,37023-1-1,62,-81.906652,35.883376
37023,Burke County,37023-1-1,63,-81.924985,35.843070
37023,Burke County,37023-1-1,64,-81.939707,35.837712
37023,Burke County,37023-1-1,65,-81.957877,35.819315
37023,Burke County,37023-1-1,66,-81.972775,35.821311
37025,Cabarrus County,37025-1-1,1,-80.784167,35.506017
37025,Cabarrus County,37025-1-1,2,-80.787091,35.494916
37025,Cabarrus County,37025-1-1,3,-80.764909,35.440968
37025,Cabarrus County,37025-1-1,4,-80.759885,35.430309
37025,Cabarrus County,37025-1-1,5,-80.756739,35.423657
37025,Cabarrus County,37025-1-1,6,-80.752365,35.414471
37025,Cabarrus County,37025-1-1,7,-80.763549,35.412099
37025,Cabarrus County,37025-1-1,8,-80.764295,35.400203
37025,Cabarrus County,37025-1-1,9,-80.755309,35.394823
37025,Cabarrus County,37025-1-1,10,-80.748131,35.385094
37025,Cabarrus County,37025-1-1,11,-80.744410,35.380667
37025,Cabarrus County,37025-1-1,12,-80.719672,35.362792
37025,Cabarrus County,37025-1-1,13,-80.708878,35.355350
37025,Cabarrus County,37025-1-1,14,-80.693772,35.346794
37025,Cabarrus County,37025-1-1,15,-80.693654,35.346734
37025,Cabarrus County,37025-1-1,16,-80.689562,35.335665
37025,Cabarrus County,37025-1-1,17,-80.683017,35.315647
37025,Cabarrus County,37025-1-1,18,-80.678117,35.301195
37025,Cabarrus County,37025-1-1,19,-80.672489,35.284568
37025,Cabarrus County,37025-1-1,20,-80.666095,35.267747
37025,Cabarrus County,37025-1-1,21,-80.651447,35.260427
37025,Cabarrus County,37025-1-1,22,-80.627934,35.248669
37025,Cabarrus County,37025-1-1,23,-80.599733,35.234105
37025,Cabarrus County,37025-1-1,24,-80.599535,35.234007
37025,Cabarrus County,37025-1-1,25,-80.550349,35.208412
37025,Cabarrus County,37025-1-1,26,-80.528015,35.196961
37025,Cabarrus County,37025-1-1,27,-80.504985,35.184998
37025,Cabarrus County,37025-1-1,28,-80.506171,35.192447
37025,Cabarrus County,37025-1-1,29,-80.468253,35.240881
37025,Cabarrus County,37025-1-1,30,-80.459682,35.253948
37025,Cabarrus County,37025-1-1,31,-80.433391,35.293912
37025,Cabarrus County,37025-1-1,32,-80.405362,35.336881
37025,Cabarrus County,37025-1-1,33,-80.373778,35.384751
37025,Cabarrus County,37025-1-1,34,-80.324710,35.458797
37025,Cabarrus County,37025-1-1,35,-80.295421,35.502920
37025,Cabarrus County,37025-1-1,36,-80.314343,35.502888
37025,Cabarrus County,37025-1-1,37,-80.437079,35.502178
37025,Cabarrus County,37025-1-1,38,-80.544503,35.502888
37025,Cabarrus County,37025-1-1,39,-80.562410,35.503141
37025,Cabarrus County,37025-1-1,40,-80.570602,35.503318
37025,Cabarrus County,37025-1-1,41,-80.609201,35.504748
37025,Cabarrus County,37025-1-1,42,-80.618518,35.504991
37025,Cabarrus County,37025-1-1,43,-80.646066,35.505547
37025,Cabarrus County,37025-1-1,44,-80.674414,35.506465
37025,Cabarrus County,37025-1-1,45,-80.696089,35.505805
37025,Cabarrus County,37025-1-1,46,-80.737249,35.505801
37025,Cabarrus County,37025-1-1,47,-80.784167,35.506017
37027,Caldwell County,37027-1-1,1,-81.779932,36.114014
37027,Caldwell County,37027-1-1,2,-81.810516,36.111511
37027,Caldwell County,37027-1-1,3,-81.774121,36.098648
37027,Caldwell County,37027-1-1,4,-81.758517,36.077164
37027,Caldwell County,37027-1-1,5,-81.735673,36.067584
37027,Caldwell County,37027-1-1,6,-81.807162,35.961955
37027,Caldwell County,37027-1-1,7,-81.809076,35.958787
37027,Caldwell County,37027-1-1,8,-81.777668,35.947439
37027,Caldwell County,37027-1-1,9,-81.776077,35.927014
37027,Caldwell County,37027-1-1,10,-81.758733,35.928466
37027,Caldwell County,37027-1-1,11,-81.728676,35.890956
37027,Caldwell County,37027-1-1,12,-81.709749,35.875003
37027,Caldwell County,37027-1-1,13,-81.639217,35.848346
37027,Caldwell County,37027-1-1,14,-81.632109,35.835739
37027,Caldwell County,37027-1-1,15,-81.630065,35.830377
37027,Caldwell County,37027-1-1,16,-81.600809,35.825096
37027,Caldwell County,37027-1-1,17,-81.581811,35.804730
37027,Caldwell County,37027-1-1,18,-81.555994,35.777538
37027,Caldwell County,37027-1-1,19,-81.547033,35.777207
37027,Caldwell County,37027-1-1,20,-81.541318,35.779081
37027,Caldwell County,37027-1-1,21,-81.524621,35.780025
37027,Caldwell County,37027-1-1,22,-81.502677,35.780704
37027,Caldwell County,37027-1-1,23,-81.490267,35.780547
37027,Caldwell County,37027-1-1,24,-81.455394,35.784895
37027,Caldwell County,37027-1-1,25,-81.446050,35.785245
37027,Caldwell County,37027-1-1,26,-81.430740,35.772606
37027,Caldwell County,37027-1-1,27,-81.399218,35.758560
37027,Caldwell County,37027-1-1,28,-81.377112,35.757633
37027,Caldwell County,37027-1-1,29,-81.363796,35.767802
37027,Caldwell County,37027-1-1,30,-81.352587,35.771243
37027,Caldwell County,37027-1-1,31,-81.355682,35.779721
37027,Caldwell County,37027-1-1,32,-81.347191,35.792985
37027,Caldwell County,37027-1-1,33,-81.334272,35.796281
37027,Caldwell County,37027-1-1,34,-81.343993,35.824163
37027,Caldwell County,37027-1-1,35,-81.337773,35.856948
37027,Caldwell County,37027-1-1,36,-81.333373,35.878892
37027,Caldwell County,37027-1-1,37,-81.339909,35.909195
37027,Caldwell County,37027-1-1,38,-81.342878,35.923285
37027,Caldwell County,37027-1-1,39,-81.328324,35.996583
37027,Caldwell County,37027-1-1,40,-81.343523,36.022805
37027,Caldwell County,37027-1-1,41,-81.380556,36.042097
37027,Caldwell County,37027-1-1,42,-81.396487,36.040885
37027,Caldwell County,37027-1-1,43,-81.399101,36.064250
37027,Caldwell County,37027-1-1,44,-81.406780,36.068539
37027,Caldwell County,37027-1-1,45,-81.424141,36.077801
37027,Caldwell County,37027-1-1,46,-81.444964,36.072513
37027,Caldwell County,37027-1-1,47,-81.458782,36.091382
37027,Caldwell County,37027-1-1,48,-81.508413,36.096977
37027,Caldwell County,37027-1-1,49,-81.545488,36.117475
37027,Caldwell County,37027-1-1,50,-81.631152,36.118195
37027,Caldwell County,37027-1-1,51,-81.674833,36.122619
37027,Caldwell County,37027-1-1,52,-81.779932,36.114014
37029,Camden County,37029-1-1,1,-76.491483,36.550732
37029,Camden County,37029-1-1,2,-76.541536,36.550313
37029,Camden County,37029-1-1,3,-76.491336,36.510677
37029,Camden County,37029-1-1,4,-76.437286,36.467846
37029,Camden County,37029-1-1,5,-76.394749,36.454549
37029,Camden County,37029-1-1,6,-76.347610,36.428178
37029,Camden County,37029-1-1,7,-76.342604,36.421630
37029,Camden County,37029-1-1,8,-76.322324,36.427533
37029,Camden County,37029-1-1,9,-76.323065,36.417242
37029,Camden County,37029-1-1,10,-76.291542,36.386629
37029,Camden County,37029-1-1,11,-76.258891,36.384274
37029,Camden County,37029-1-1,12,-76.254704,36.362827
37029,Camden County,37029-1-1,13,-76.238244,36.371588
37029,Camden County,37029-1-1,14,-76.225115,36.346430
37029,Camden County,37029-1-1,15,-76.214178,36.341599
37029,Camden County,37029-1-1,16,-76.213635,36.326859
37029,Camden County,37029-1-1,17,-76.192207,36.328140
37029,Camden County,37029-1-1,18,-76.181198,36.321039
37029,Camden County,37029-1-1,19,-76.198369,36.317805
37029,Camden County,37029-1-1,20,-76.208976,36.305007
37029,Camden County,37029-1-1,21,-76.217054,36.301201
37029,Camden County,37029-1-1,22,-76.217240,36.298959
37029,Camden County,37029-1-1,23,-76.201927,36.295546
37029,Camden County,37029-1-1,24,-76.197736,36.291435
37029,Camden County,37029-1-1,25,-76.185951,36.292903
37029,Camden County,37029-1-1,26,-76.184702,36.298166
37029,Camden County,37029-1-1,27,-76.161384,36.291028
37029,Camden County,37029-1-1,28,-76.132005,36.287773
37029,Camden County,37029-1-1,29,-76.081480,36.237935
37029,Camden County,37029-1-1,30,-76.054308,36.229162
37029,Camden County,37029-1-1,31,-76.043838,36.210126
37029,Camden County,37029-1-1,32,-76.029086,36.202036
37029,Camden County,37029-1-1,33,-76.018936,36.188318
37029,Camden County,37029-1-1,34,-76.016984,36.186367
37029,Camden County,37029-1-1,35,-75.995191,36.178072
37029,Camden County,37029-1-1,36,-75.939047,36.165518
37029,Camden County,37029-1-1,37,-75.924654,36.163591
37029,Camden County,37029-1-1,38,-75.920028,36.164853
37029,Camden County,37029-1-1,39,-75.904999,36.164188
37029,Camden County,37029-1-1,40,-75.917188,36.172631
37029,Camden County,37029-1-1,41,-75.936436,36.180880
37029,Camden County,37029-1-1,42,-75.956027,36.198065
37029,Camden County,37029-1-1,43,-75.945372,36.222468
37029,Camden County,37029-1-1,44,-75.957058,36.247903
37029,Camden County,37029-1-1,45,-75.964620,36.254433
37029,Camden County,37029-1-1,46,-75.959382,36.255651
37029,Camden County,37029-1-1,47,-75.948426,36.285268
37029,Camden County,37029-1-1,48,-75.964851,36.288443
37029,Camden County,37029-1-1,49,-75.971076,36.308359
37029,Camden County,37029-1-1,50,-75.994539,36.308794
37029,Camden County,37029-1-1,51,-76.007914,36.328648
37029,Camden County,37029-1-1,52,-76.020578,36.333379
37029,Camden County,37029-1-1,53,-76.016707,36.344324
37029,Camden County,37029-1-1,54,-76.030798,36.338501
37029,Camden County,37029-1-1,55,-76.036413,36.355174
37029,Camden County,37029-1-1,56,-76.053563,36.360162
37029,Camden County,37029-1-1,57,-76.064227,36.347308
37029,Camden County,37029-1-1,58,-76.078284,36.347064
37029,Camden County,37029-1-1,59,-76.114069,36.357498
37029,Camden County,37029-1-1,60,-76.117731,36.363431
37029,Camden County,37029-1-1,61,-76.121810,36.371088
37029,Camden County,37029-1-1,62,-76.148037,36.394618
37029,Camden County,37029-1-1,63,-76.158532,36.425333
37029,Camden County,37029-1-1,64,-76.313303,36.550551
37029,Camden County,37029-1-1,65,-76.376693,36.550718
37029,Camden County,37029-1-1,66,-76.465268,36.550951
37029,Camden County,37029-1-1,67,-76.491483,36.550732
37031,Carteret County,37031-1-1,1,-77.167769,34.791000
37031,Carteret County,37031-1-1,2,-77.165986,34.785032
37031,Carteret County,37031-1-1,3,-77.150761,34.771396
37031,Carteret County,37031-1-1,4,-77.157773,34.765949
37031,Carteret County,37031-1-1,5,-77.134854,34.764158
37031,Carteret County,37031-1-1,6,-77.122652,34.735258
37031,Carteret County,37031-1-1,7,-77.109153,34.717874
37031,Carteret County,37031-1-1,8,-77.105994,34.710106
37031,Carteret County,37031-1-1,9,-77.113529,34.680541
37031,Carteret County,37031-1-1,10,-77.100828,34.673429
37031,Carteret County,37031-1-1,11,-77.096246,34.671778
37031,Carteret County,37031-1-1,12,-77.112331,34.647661
37031,Carteret County,37031-1-1,13,-77.108376,34.643006
37031,Carteret County,37031-1-1,14,-77.094322,34.645019
37031,Carteret County,37031-1-1,15,-77.033884,34.660473
37031,Carteret County,37031-1-1,16,-77.031105,34.661184
37031,Carteret County,37031-1-1,17,-76.990262,34.669623
37031,Carteret County,37031-1-1,18,-76.909472,34.682315
37031,Carteret County,37031-1-1,19,-76.906257,34.682820
37031,Carteret County,37031-1-1,20,-76.817453,34.693722
37031,Carteret County,37031-1-1,21,-76.781844,34.696108
37031,Carteret County,37031-1-1,22,-76.770044,34.696899
37031,Carteret County,37031-1-1,23,-76.726969,34.696690
37031,Carteret County,37031-1-1,24,-76.693751,34.692509
37031,Carteret County,37031-1-1,25,-76.676312,34.693151
37031,Carteret County,37031-1-1,26,-76.674720,34.692262
37031,Carteret County,37031-1-1,27,-76.662645,34.685524
37031,Carteret County,37031-1-1,28,-76.642939,34.677618
37031,Carteret County,37031-1-1,29,-76.618719,34.672550
37031,Carteret County,37031-1-1,30,-76.579467,34.660174
37031,Carteret County,37031-1-1,31,-76.549343,34.645585
37031,Carteret County,37031-1-1,32,-76.550423,34.630789
37031,Carteret County,37031-1-1,33,-76.553806,34.628252
37031,Carteret County,37031-1-1,34,-76.555196,34.615993
37031,Carteret County,37031-1-1,35,-76.535946,34.588577
37031,Carteret County,37031-1-1,36,-76.524199,34.615416
37031,Carteret County,37031-1-1,37,-76.494068,34.661970
37031,Carteret County,37031-1-1,38,-76.450454,34.714450
37031,Carteret County,37031-1-1,39,-76.386804,34.784579
37031,Carteret County,37031-1-1,40,-76.331833,34.833188
37031,Carteret County,37031-1-1,41,-76.310210,34.852309
37031,Carteret County,37031-1-1,42,-76.233088,34.905477
37031,Carteret County,37031-1-1,43,-76.154483,34.974873
37031,Carteret County,37031-1-1,44,-76.139084,34.988468
37031,Carteret County,37031-1-1,45,-76.069017,35.040300
37031,Carteret County,37031-1-1,46,-76.037697,35.056348
37031,Carteret County,37031-1-1,47,-76.038648,35.065045
37031,Carteret County,37031-1-1,48,-76.043621,35.070017
37031,Carteret County,37031-1-1,49,-76.064933,35.077121
37031,Carteret County,37031-1-1,50,-76.069906,35.075701
37031,Carteret County,37031-1-1,51,-76.093349,35.048705
37031,Carteret County,37031-1-1,52,-76.111820,35.034497
37031,Carteret County,37031-1-1,53,-76.160127,34.991163
37031,Carteret County,37031-1-1,54,-76.194936,34.962747
37031,Carteret County,37031-1-1,55,-76.233672,34.925926
37031,Carteret County,37031-1-1,56,-76.273986,34.897298
37031,Carteret County,37031-1-1,57,-76.322808,34.861160
37031,Carteret County,37031-1-1,58,-76.341279,34.842689
37031,Carteret County,37031-1-1,59,-76.362591,34.824219
37031,Carteret County,37031-1-1,60,-76.373247,34.817115
37031,Carteret County,37031-1-1,61,-76.383827,34.807906
37031,Carteret County,37031-1-1,62,-76.402559,34.791357
37031,Carteret County,37031-1-1,63,-76.413300,34.778994
37031,Carteret County,37031-1-1,64,-76.432317,34.765119
37031,Carteret County,37031-1-1,65,-76.439732,34.758480
37031,Carteret County,37031-1-1,66,-76.443776,34.746431
37031,Carteret County,37031-1-1,67,-76.523303,34.652271
37031,Carteret County,37031-1-1,68,-76.651675,34.699523
37031,Carteret County,37031-1-1,69,-76.665050,34.704446
37031,Carteret County,37031-1-1,70,-76.667037,34.705177
37031,Carteret County,37031-1-1,71,-76.673537,34.707570
37031,Carteret County,37031-1-1,72,-76.673619,34.714910
37031,Carteret County,37031-1-1,73,-76.659212,34.714695
37031,Carteret County,37031-1-1,74,-76.616567,34.714059
37031,Carteret County,37031-1-1,75,-76.617736,34.734421
37031,Carteret County,37031-1-1,76,-76.620606,34.784389
37031,Carteret County,37031-1-1,77,-76.610340,34.786397
37031,Carteret County,37031-1-1,78,-76.604796,34.787482
37031,Carteret County,37031-1-1,79,-76.582421,34.767757
37031,Carteret County,37031-1-1,80,-76.585199,34.717541
37031,Carteret County,37031-1-1,81,-76.586236,34.698805
37031,Carteret County,37031-1-1,82,-76.524712,34.681964
37031,Carteret County,37031-1-1,83,-76.519521,34.707108
37031,Carteret County,37031-1-1,84,-76.515349,34.715181
37031,Carteret County,37031-1-1,85,-76.512686,34.720333
37031,Carteret County,37031-1-1,86,-76.499848,34.729345
37031,Carteret County,37031-1-1,87,-76.498426,34.732054
37031,Carteret County,37031-1-1,88,-76.501925,34.742688
37031,Carteret County,37031-1-1,89,-76.491713,34.750217
37031,Carteret County,37031-1-1,90,-76.485353,34.754905
37031,Carteret County,37031-1-1,91,-76.472529,34.770685
37031,Carteret County,37031-1-1,92,-76.463016,34.785076
37031,Carteret County,37031-1-1,93,-76.449464,34.814833
37031,Carteret County,37031-1-1,94,-76.436867,34.818736
37031,Carteret County,37031-1-1,95,-76.429376,34.830231
37031,Carteret County,37031-1-1,96,-76.424032,34.832588
37031,Carteret County,37031-1-1,97,-76.418565,34.826735
37031,Carteret County,37031-1-1,98,-76.415238,34.827711
37031,Carteret County,37031-1-1,99,-76.412148,34.832198
37031,Carteret County,37031-1-1,100,-76.411609,34.841268
37031,Carteret County,37031-1-1,101,-76.410009,34.861457
37031,Carteret County,37031-1-1,102,-76.403375,34.864399
37031,Carteret County,37031-1-1,103,-76.398575,34.866527
37031,Carteret County,37031-1-1,104,-76.393134,34.857556
37031,Carteret County,37031-1-1,105,-76.386479,34.855411
37031,Carteret County,37031-1-1,106,-76.382200,34.856971
37031,Carteret County,37031-1-1,107,-76.379641,34.862580
37031,Carteret County,37031-1-1,108,-76.377154,34.867553
37031,Carteret County,37031-1-1,109,-76.368274,34.872881
37031,Carteret County,37031-1-1,110,-76.347673,34.872171
37031,Carteret County,37031-1-1,111,-76.333820,34.882116
37031,Carteret County,37031-1-1,112,-76.319967,34.897745
37031,Carteret County,37031-1-1,113,-76.311442,34.910177
37031,Carteret County,37031-1-1,114,-76.305792,34.915681
37031,Carteret County,37031-1-1,115,-76.284092,34.936817
37031,Carteret County,37031-1-1,116,-76.277698,34.940014
37031,Carteret County,37031-1-1,117,-76.274856,34.953867
37031,Carteret County,37031-1-1,118,-76.275567,34.960971
37031,Carteret County,37031-1-1,119,-76.290691,34.969059
37031,Carteret County,37031-1-1,120,-76.296524,34.976245
37031,Carteret County,37031-1-1,121,-76.296188,34.986690
37031,Carteret County,37031-1-1,122,-76.293851,34.991948
37031,Carteret County,37031-1-1,123,-76.290930,34.994285
37031,Carteret County,37031-1-1,124,-76.288709,34.997201
37031,Carteret County,37031-1-1,125,-76.288354,35.005726
37031,Carteret County,37031-1-1,126,-76.293682,35.009633
37031,Carteret County,37031-1-1,127,-76.318546,35.020645
37031,Carteret County,37031-1-1,128,-76.352290,35.033077
37031,Carteret County,37031-1-1,129,-76.364367,35.034853
37031,Carteret County,37031-1-1,130,-76.364367,35.031301
37031,Carteret County,37031-1-1,131,-76.360815,35.025973
37031,Carteret County,37031-1-1,132,-76.350159,35.016737
37031,Carteret County,37031-1-1,133,-76.329557,34.986901
37031,Carteret County,37031-1-1,134,-76.326361,34.976245
37031,Carteret County,37031-1-1,135,-76.332044,34.970917
37031,Carteret County,37031-1-1,136,-76.395625,34.975179
37031,Carteret County,37031-1-1,137,-76.398466,34.976600
37031,Carteret County,37031-1-1,138,-76.406281,34.987256
37031,Carteret County,37031-1-1,139,-76.425461,35.001464
37031,Carteret County,37031-1-1,140,-76.431855,35.030945
37031,Carteret County,37031-1-1,141,-76.432565,35.049061
37031,Carteret County,37031-1-1,142,-76.435762,35.057941
37031,Carteret County,37031-1-1,143,-76.463468,35.076411
37031,Carteret County,37031-1-1,144,-76.468796,35.075345
37031,Carteret County,37031-1-1,145,-76.474521,35.070116
37031,Carteret County,37031-1-1,146,-76.480141,35.052130
37031,Carteret County,37031-1-1,147,-76.490258,35.034144
37031,Carteret County,37031-1-1,148,-76.491382,35.017283
37031,Carteret County,37031-1-1,149,-76.495879,35.011662
37031,Carteret County,37031-1-1,150,-76.502623,35.007166
37031,Carteret County,37031-1-1,151,-76.539719,35.000421
37031,Carteret County,37031-1-1,152,-76.566697,34.998173
37031,Carteret County,37031-1-1,153,-76.588055,34.991428
37031,Carteret County,37031-1-1,154,-76.635072,34.989116
37031,Carteret County,37031-1-1,155,-76.683743,34.962949
37031,Carteret County,37031-1-1,156,-76.652571,34.937595
37031,Carteret County,37031-1-1,157,-76.662462,34.912257
37031,Carteret County,37031-1-1,158,-76.684350,34.897972
37031,Carteret County,37031-1-1,159,-76.691850,34.871067
37031,Carteret County,37031-1-1,160,-76.756740,34.846882
37031,Carteret County,37031-1-1,161,-76.760032,34.847050
37031,Carteret County,37031-1-1,162,-76.766430,34.848795
37031,Carteret County,37031-1-1,163,-76.771766,34.846677
37031,Carteret County,37031-1-1,164,-76.883052,34.844896
37031,Carteret County,37031-1-1,165,-76.882312,34.840714
37031,Carteret County,37031-1-1,166,-76.882306,34.836685
37031,Carteret County,37031-1-1,167,-76.938835,34.827190
37031,Carteret County,37031-1-1,168,-76.954773,34.824508
37031,Carteret County,37031-1-1,169,-76.954438,34.809066
37031,Carteret County,37031-1-1,170,-77.078263,34.811322
37031,Carteret County,37031-1-1,171,-77.090731,34.799316
37031,Carteret County,37031-1-1,172,-77.123181,34.792829
37031,Carteret County,37031-1-1,173,-77.131679,34.798138
37031,Carteret County,37031-1-1,174,-77.167769,34.791000
37033,Caswell County,37033-1-1,1,-79.527196,36.324501
37033,Caswell County,37033-1-1,2,-79.531865,36.249673
37033,Caswell County,37033-1-1,3,-79.432187,36.247406
37033,Caswell County,37033-1-1,4,-79.376211,36.246131
37033,Caswell County,37033-1-1,5,-79.345200,36.245431
37033,Caswell County,37033-1-1,6,-79.257952,36.243445
37033,Caswell County,37033-1-1,7,-79.153997,36.241875
37033,Caswell County,37033-1-1,8,-79.152946,36.262071
37033,Caswell County,37033-1-1,9,-79.146026,36.394768
37033,Caswell County,37033-1-1,10,-79.141920,36.469718
37033,Caswell County,37033-1-1,11,-79.138331,36.541738
37033,Caswell County,37033-1-1,12,-79.146773,36.541718
37033,Caswell County,37033-1-1,13,-79.208686,36.541571
37033,Caswell County,37033-1-1,14,-79.209480,36.541594
37033,Caswell County,37033-1-1,15,-79.218454,36.541493
37033,Caswell County,37033-1-1,16,-79.249740,36.541139
37033,Caswell County,37033-1-1,17,-79.342816,36.541177
37033,Caswell County,37033-1-1,18,-79.343117,36.541177
37033,Caswell County,37033-1-1,19,-79.445687,36.541218
37033,Caswell County,37033-1-1,20,-79.445961,36.541195
37033,Caswell County,37033-1-1,21,-79.456902,36.541118
37033,Caswell County,37033-1-1,22,-79.470032,36.541025
37033,Caswell County,37033-1-1,23,-79.510647,36.540738
37033,Caswell County,37033-1-1,24,-79.513647,36.540758
37033,Caswell County,37033-1-1,25,-79.514161,36.532536
37033,Caswell County,37033-1-1,26,-79.519392,36.449185
37033,Caswell County,37033-1-1,27,-79.522531,36.399088
37033,Caswell County,37033-1-1,28,-79.527196,36.324501
37035,Catawba County,37035-1-1,1,-81.506809,35.607956
37035,Catawba County,37035-1-1,2,-81.535403,35.568137
37035,Catawba County,37035-1-1,3,-81.342526,35.561458
37035,Catawba County,37035-1-1,4,-81.333745,35.561109
37035,Catawba County,37035-1-1,5,-81.292534,35.559276
37035,Catawba County,37035-1-1,6,-81.200068,35.555452
37035,Catawba County,37035-1-1,7,-81.184381,35.555071
37035,Catawba County,37035-1-1,8,-81.082918,35.551415
37035,Catawba County,37035-1-1,9,-81.058488,35.550507
37035,Catawba County,37035-1-1,10,-81.015562,35.548639
37035,Catawba County,37035-1-1,11,-80.960025,35.547020
37035,Catawba County,37035-1-1,12,-80.959909,35.547956
37035,Catawba County,37035-1-1,13,-80.951961,35.580476
37035,Catawba County,37035-1-1,14,-80.933638,35.590933
37035,Catawba County,37035-1-1,15,-80.943524,35.604931
37035,Catawba County,37035-1-1,16,-80.925213,35.620258
37035,Catawba County,37035-1-1,17,-80.928566,35.623929
37035,Catawba County,37035-1-1,18,-80.951241,35.641413
37035,Catawba County,37035-1-1,19,-80.966305,35.670313
37035,Catawba County,37035-1-1,20,-81.003189,35.709166
37035,Catawba County,37035-1-1,21,-81.009836,35.711378
37035,Catawba County,37035-1-1,22,-81.017733,35.712728
37035,Catawba County,37035-1-1,23,-81.038462,35.707549
37035,Catawba County,37035-1-1,24,-81.061751,35.710876
37035,Catawba County,37035-1-1,25,-81.065574,35.718338
37035,Catawba County,37035-1-1,26,-81.067092,35.736800
37035,Catawba County,37035-1-1,27,-81.074714,35.743087
37035,Catawba County,37035-1-1,28,-81.090265,35.766643
37035,Catawba County,37035-1-1,29,-81.109507,35.776594
37035,Catawba County,37035-1-1,30,-81.128613,35.789803
37035,Catawba County,37035-1-1,31,-81.142327,35.827167
37035,Catawba County,37035-1-1,32,-81.149609,35.828958
37035,Catawba County,37035-1-1,33,-81.190407,35.822385
37035,Catawba County,37035-1-1,34,-81.205137,35.822800
37035,Catawba County,37035-1-1,35,-81.228100,35.810388
37035,Catawba County,37035-1-1,36,-81.232541,35.812455
37035,Catawba County,37035-1-1,37,-81.251279,35.814722
37035,Catawba County,37035-1-1,38,-81.253457,35.809332
37035,Catawba County,37035-1-1,39,-81.268760,35.804455
37035,Catawba County,37035-1-1,40,-81.299539,35.798338
37035,Catawba County,37035-1-1,41,-81.304399,35.802548
37035,Catawba County,37035-1-1,42,-81.315913,35.796857
37035,Catawba County,37035-1-1,43,-81.334272,35.796281
37035,Catawba County,37035-1-1,44,-81.347191,35.792985
37035,Catawba County,37035-1-1,45,-81.355682,35.779721
37035,Catawba County,37035-1-1,46,-81.352587,35.771243
37035,Catawba County,37035-1-1,47,-81.363796,35.767802
37035,Catawba County,37035-1-1,48,-81.364827,35.766421
37035,Catawba County,37035-1-1,49,-81.394132,35.728295
37035,Catawba County,37035-1-1,50,-81.402028,35.717881
37035,Catawba County,37035-1-1,51,-81.432898,35.677847
37035,Catawba County,37035-1-1,52,-81.445388,35.665785
37035,Catawba County,37035-1-1,53,-81.476143,35.636780
37035,Catawba County,37035-1-1,54,-81.506809,35.607956
37037,Chatham County,37037-1-1,1,-79.551423,35.631484
37037,Chatham County,37037-1-1,2,-79.555804,35.515039
37037,Chatham County,37037-1-1,3,-79.391516,35.517434
37037,Chatham County,37037-1-1,4,-79.350073,35.518002
37037,Chatham County,37037-1-1,5,-79.348357,35.519850
37037,Chatham County,37037-1-1,6,-79.312086,35.530460
37037,Chatham County,37037-1-1,7,-79.322723,35.544526
37037,Chatham County,37037-1-1,8,-79.285175,35.555148
37037,Chatham County,37037-1-1,9,-79.291759,35.543349
37037,Chatham County,37037-1-1,10,-79.275541,35.531779
37037,Chatham County,37037-1-1,11,-79.262705,35.535728
37037,Chatham County,37037-1-1,12,-79.245199,35.552961
37037,Chatham County,37037-1-1,13,-79.244663,35.569116
37037,Chatham County,37037-1-1,14,-79.218740,35.565675
37037,Chatham County,37037-1-1,15,-79.225634,35.551745
37037,Chatham County,37037-1-1,16,-79.199886,35.558558
37037,Chatham County,37037-1-1,17,-79.201864,35.574140
37037,Chatham County,37037-1-1,18,-79.194195,35.578398
37037,Chatham County,37037-1-1,19,-79.157532,35.603984
37037,Chatham County,37037-1-1,20,-79.148496,35.618749
37037,Chatham County,37037-1-1,21,-79.118771,35.628323
37037,Chatham County,37037-1-1,22,-79.094160,35.619683
37037,Chatham County,37037-1-1,23,-79.052490,35.596075
37037,Chatham County,37037-1-1,24,-79.045615,35.568383
37037,Chatham County,37037-1-1,25,-79.024001,35.548377
37037,Chatham County,37037-1-1,26,-78.995638,35.542119
37037,Chatham County,37037-1-1,27,-78.969640,35.521669
37037,Chatham County,37037-1-1,28,-78.916067,35.584102
37037,Chatham County,37037-1-1,29,-78.995048,35.610166
37037,Chatham County,37037-1-1,30,-78.983059,35.644453
37037,Chatham County,37037-1-1,31,-78.950188,35.732118
37037,Chatham County,37037-1-1,32,-78.946923,35.741562
37037,Chatham County,37037-1-1,33,-78.936271,35.771898
37037,Chatham County,37037-1-1,34,-78.930891,35.794377
37037,Chatham County,37037-1-1,35,-78.926609,35.801528
37037,Chatham County,37037-1-1,36,-78.918583,35.819769
37037,Chatham County,37037-1-1,37,-78.909416,35.843001
37037,Chatham County,37037-1-1,38,-78.908812,35.847536
37037,Chatham County,37037-1-1,39,-78.906071,35.868096
37037,Chatham County,37037-1-1,40,-78.914761,35.867705
37037,Chatham County,37037-1-1,41,-78.943730,35.866432
37037,Chatham County,37037-1-1,42,-78.978246,35.864905
37037,Chatham County,37037-1-1,43,-79.016305,35.863210
37037,Chatham County,37037-1-1,44,-79.026622,35.862762
37037,Chatham County,37037-1-1,45,-79.081938,35.860780
37037,Chatham County,37037-1-1,46,-79.116912,35.863926
37037,Chatham County,37037-1-1,47,-79.121541,35.863986
37037,Chatham County,37037-1-1,48,-79.131834,35.865309
37037,Chatham County,37037-1-1,49,-79.158733,35.867861
37037,Chatham County,37037-1-1,50,-79.221534,35.875467
37037,Chatham County,37037-1-1,51,-79.249538,35.876810
37037,Chatham County,37037-1-1,52,-79.250393,35.856978
37037,Chatham County,37037-1-1,53,-79.237316,35.844247
37037,Chatham County,37037-1-1,54,-79.350051,35.843908
37037,Chatham County,37037-1-1,55,-79.392517,35.843805
37037,Chatham County,37037-1-1,56,-79.542428,35.843303
37037,Chatham County,37037-1-1,57,-79.543094,35.823342
37037,Chatham County,37037-1-1,58,-79.544301,35.782927
37037,Chatham County,37037-1-1,59,-79.545541,35.742601
37037,Chatham County,37037-1-1,60,-79.546687,35.708997
37037,Chatham County,37037-1-1,61,-79.551423,35.631484
37039,Cherokee County,37039-1-1,1,-84.317475,35.021964
37039,Cherokee County,37039-1-1,2,-84.321869,34.988408
37039,Cherokee County,37039-1-1,3,-84.261406,34.988124
37039,Cherokee County,37039-1-1,4,-84.181195,34.987747
37039,Cherokee County,37039-1-1,5,-84.129555,34.987504
37039,Cherokee County,37039-1-1,6,-84.129452,34.987504
37039,Cherokee County,37039-1-1,7,-84.096735,34.987444
37039,Cherokee County,37039-1-1,8,-84.091155,34.987433
37039,Cherokee County,37039-1-1,9,-84.029954,34.987321
37039,Cherokee County,37039-1-1,10,-84.021357,34.987430
37039,Cherokee County,37039-1-1,11,-84.005259,34.987440
37039,Cherokee County,37039-1-1,12,-84.004595,34.994132
37039,Cherokee County,37039-1-1,13,-83.979847,35.005867
37039,Cherokee County,37039-1-1,14,-83.956450,35.026515
37039,Cherokee County,37039-1-1,15,-83.964019,35.048077
37039,Cherokee County,37039-1-1,16,-83.932371,35.069395
37039,Cherokee County,37039-1-1,17,-83.926865,35.067050
37039,Cherokee County,37039-1-1,18,-83.907483,35.078483
37039,Cherokee County,37039-1-1,19,-83.863651,35.120421
37039,Cherokee County,37039-1-1,20,-83.862751,35.132447
37039,Cherokee County,37039-1-1,21,-83.840733,35.143841
37039,Cherokee County,37039-1-1,22,-83.820598,35.139187
37039,Cherokee County,37039-1-1,23,-83.749772,35.161177
37039,Cherokee County,37039-1-1,24,-83.738129,35.155950
37039,Cherokee County,37039-1-1,25,-83.731535,35.178579
37039,Cherokee County,37039-1-1,26,-83.711338,35.195659
37039,Cherokee County,37039-1-1,27,-83.728359,35.199892
37039,Cherokee County,37039-1-1,28,-83.696783,35.225385
37039,Cherokee County,37039-1-1,29,-83.690212,35.237942
37039,Cherokee County,37039-1-1,30,-83.702652,35.248462
37039,Cherokee County,37039-1-1,31,-83.708352,35.257299
37039,Cherokee County,37039-1-1,32,-83.734314,35.244989
37039,Cherokee County,37039-1-1,33,-83.773547,35.245743
37039,Cherokee County,37039-1-1,34,-83.795159,35.257463
37039,Cherokee County,37039-1-1,35,-83.822766,35.250288
37039,Cherokee County,37039-1-1,36,-83.831429,35.256117
37039,Cherokee County,37039-1-1,37,-83.874227,35.243784
37039,Cherokee County,37039-1-1,38,-83.879696,35.238481
37039,Cherokee County,37039-1-1,39,-83.934446,35.222988
37039,Cherokee County,37039-1-1,40,-83.967132,35.217860
37039,Cherokee County,37039-1-1,41,-84.002932,35.235001
37039,Cherokee County,37039-1-1,42,-84.009757,35.273241
37039,Cherokee County,37039-1-1,43,-84.029085,35.292188
37039,Cherokee County,37039-1-1,44,-84.036011,35.288683
37039,Cherokee County,37039-1-1,45,-84.042711,35.278383
37039,Cherokee County,37039-1-1,46,-84.052612,35.269982
37039,Cherokee County,37039-1-1,47,-84.055712,35.268182
37039,Cherokee County,37039-1-1,48,-84.063712,35.266682
37039,Cherokee County,37039-1-1,49,-84.070612,35.263782
37039,Cherokee County,37039-1-1,50,-84.074713,35.263182
37039,Cherokee County,37039-1-1,51,-84.081117,35.261146
37039,Cherokee County,37039-1-1,52,-84.082813,35.258882
37039,Cherokee County,37039-1-1,53,-84.082913,35.257082
37039,Cherokee County,37039-1-1,54,-84.092213,35.249981
37039,Cherokee County,37039-1-1,55,-84.097508,35.247382
37039,Cherokee County,37039-1-1,56,-84.102270,35.248115
37039,Cherokee County,37039-1-1,57,-84.103135,35.248781
37039,Cherokee County,37039-1-1,58,-84.108449,35.250330
37039,Cherokee County,37039-1-1,59,-84.113314,35.248981
37039,Cherokee County,37039-1-1,60,-84.114414,35.249081
37039,Cherokee County,37039-1-1,61,-84.115048,35.249765
37039,Cherokee County,37039-1-1,62,-84.115279,35.250438
37039,Cherokee County,37039-1-1,63,-84.121150,35.250644
37039,Cherokee County,37039-1-1,64,-84.124915,35.249830
37039,Cherokee County,37039-1-1,65,-84.125615,35.249381
37039,Cherokee County,37039-1-1,66,-84.126815,35.246481
37039,Cherokee County,37039-1-1,67,-84.127315,35.244414
37039,Cherokee County,37039-1-1,68,-84.128890,35.243679
37039,Cherokee County,37039-1-1,69,-84.130570,35.243364
37039,Cherokee County,37039-1-1,70,-84.133299,35.243679
37039,Cherokee County,37039-1-1,71,-84.136415,35.244780
37039,Cherokee County,37039-1-1,72,-84.139715,35.246180
37039,Cherokee County,37039-1-1,73,-84.143124,35.246879
37039,Cherokee County,37039-1-1,74,-84.155316,35.246480
37039,Cherokee County,37039-1-1,75,-84.158916,35.245880
37039,Cherokee County,37039-1-1,76,-84.160416,35.243880
37039,Cherokee County,37039-1-1,77,-84.161316,35.243480
37039,Cherokee County,37039-1-1,78,-84.168616,35.245780
37039,Cherokee County,37039-1-1,79,-84.170416,35.245779
37039,Cherokee County,37039-1-1,80,-84.177016,35.242379
37039,Cherokee County,37039-1-1,81,-84.178516,35.240679
37039,Cherokee County,37039-1-1,82,-84.188417,35.239979
37039,Cherokee County,37039-1-1,83,-84.192217,35.243079
37039,Cherokee County,37039-1-1,84,-84.199117,35.243679
37039,Cherokee County,37039-1-1,85,-84.200117,35.244679
37039,Cherokee County,37039-1-1,86,-84.201717,35.247779
37039,Cherokee County,37039-1-1,87,-84.202879,35.255772
37039,Cherokee County,37039-1-1,88,-84.205317,35.258279
37039,Cherokee County,37039-1-1,89,-84.205517,35.259679
37039,Cherokee County,37039-1-1,90,-84.211818,35.266078
37039,Cherokee County,37039-1-1,91,-84.216318,35.267978
37039,Cherokee County,37039-1-1,92,-84.223718,35.269078
37039,Cherokee County,37039-1-1,93,-84.227818,35.267878
37039,Cherokee County,37039-1-1,94,-84.231818,35.264778
37039,Cherokee County,37039-1-1,95,-84.240219,35.255178
37039,Cherokee County,37039-1-1,96,-84.243019,35.253178
37039,Cherokee County,37039-1-1,97,-84.252819,35.249477
37039,Cherokee County,37039-1-1,98,-84.257719,35.246177
37039,Cherokee County,37039-1-1,99,-84.260319,35.241877
37039,Cherokee County,37039-1-1,100,-84.275420,35.234777
37039,Cherokee County,37039-1-1,101,-84.282520,35.227877
37039,Cherokee County,37039-1-1,102,-84.283220,35.226577
37039,Cherokee County,37039-1-1,103,-84.287982,35.224468
37039,Cherokee County,37039-1-1,104,-84.289621,35.224677
37039,Cherokee County,37039-1-1,105,-84.290240,35.225572
37039,Cherokee County,37039-1-1,106,-84.292320,35.206689
37039,Cherokee County,37039-1-1,107,-84.292321,35.206677
37039,Cherokee County,37039-1-1,108,-84.295238,35.182442
37039,Cherokee County,37039-1-1,109,-84.297844,35.168346
37039,Cherokee County,37039-1-1,110,-84.298006,35.167468
37039,Cherokee County,37039-1-1,111,-84.304809,35.121702
37039,Cherokee County,37039-1-1,112,-84.304846,35.121414
37039,Cherokee County,37039-1-1,113,-84.308437,35.093173
37039,Cherokee County,37039-1-1,114,-84.308569,35.092782
37039,Cherokee County,37039-1-1,115,-84.308576,35.092761
37039,Cherokee County,37039-1-1,116,-84.310022,35.078883
37039,Cherokee County,37039-1-1,117,-84.317475,35.021964
37041,Chowan County,37041-1-1,1,-76.719401,36.199441
37041,Chowan County,37041-1-1,2,-76.721445,36.147838
37041,Chowan County,37041-1-1,3,-76.701545,36.101707
37041,Chowan County,37041-1-1,4,-76.681255,36.054671
37041,Chowan County,37041-1-1,5,-76.676484,36.043612
37041,Chowan County,37041-1-1,6,-76.653332,36.035124
37041,Chowan County,37041-1-1,7,-76.631745,36.038283
37041,Chowan County,37041-1-1,8,-76.615423,36.037757
37041,Chowan County,37041-1-1,9,-76.614435,36.037353
37041,Chowan County,37041-1-1,10,-76.603840,36.033018
37041,Chowan County,37041-1-1,11,-76.589625,36.015644
37041,Chowan County,37041-1-1,12,-76.580674,36.007220
37041,Chowan County,37041-1-1,13,-76.575936,36.006167
37041,Chowan County,37041-1-1,14,-76.563300,36.009852
37041,Chowan County,37041-1-1,15,-76.547505,36.009852
37041,Chowan County,37041-1-1,16,-76.514335,36.005640
37041,Chowan County,37041-1-1,17,-76.491959,36.018013
37041,Chowan County,37041-1-1,18,-76.459316,36.024331
37041,Chowan County,37041-1-1,19,-76.458789,36.028016
37041,Chowan County,37041-1-1,20,-76.451418,36.039073
37041,Chowan County,37041-1-1,21,-76.442994,36.042758
37041,Chowan County,37041-1-1,22,-76.420881,36.060660
37041,Chowan County,37041-1-1,23,-76.412984,36.072243
37041,Chowan County,37041-1-1,24,-76.411860,36.075335
37041,Chowan County,37041-1-1,25,-76.445591,36.075903
37041,Chowan County,37041-1-1,26,-76.478789,36.093554
37041,Chowan County,37041-1-1,27,-76.491230,36.084892
37041,Chowan County,37041-1-1,28,-76.517532,36.097401
37041,Chowan County,37041-1-1,29,-76.544185,36.096398
37041,Chowan County,37041-1-1,30,-76.570850,36.107880
37041,Chowan County,37041-1-1,31,-76.590107,36.238862
37041,Chowan County,37041-1-1,32,-76.587079,36.248920
37041,Chowan County,37041-1-1,33,-76.572613,36.258073
37041,Chowan County,37041-1-1,34,-76.567586,36.277393
37041,Chowan County,37041-1-1,35,-76.568748,36.309269
37041,Chowan County,37041-1-1,36,-76.559646,36.351056
37041,Chowan County,37041-1-1,37,-76.570756,36.334295
37041,Chowan County,37041-1-1,38,-76.613072,36.323966
37041,Chowan County,37041-1-1,39,-76.640402,36.328828
37041,Chowan County,37041-1-1,40,-76.650375,36.311569
37041,Chowan County,37041-1-1,41,-76.669975,36.315214
37041,Chowan County,37041-1-1,42,-76.688440,36.299048
37041,Chowan County,37041-1-1,43,-76.696571,36.296138
37041,Chowan County,37041-1-1,44,-76.694813,36.285023
37041,Chowan County,37041-1-1,45,-76.691640,36.277317
37041,Chowan County,37041-1-1,46,-76.675462,36.266882
37041,Chowan County,37041-1-1,47,-76.719401,36.199441
37043,Clay County,37043-1-1,1,-84.004595,34.994132
37043,Clay County,37043-1-1,2,-84.005259,34.987440
37043,Clay County,37043-1-1,3,-83.963270,34.987468
37043,Clay County,37043-1-1,4,-83.936646,34.987485
37043,Clay County,37043-1-1,5,-83.936427,34.987485
37043,Clay County,37043-1-1,6,-83.922421,34.987459
37043,Clay County,37043-1-1,7,-83.831097,34.987289
37043,Clay County,37043-1-1,8,-83.800140,34.987442
37043,Clay County,37043-1-1,9,-83.790893,34.987488
37043,Clay County,37043-1-1,10,-83.790863,34.987488
37043,Clay County,37043-1-1,11,-83.749893,34.987691
37043,Clay County,37043-1-1,12,-83.619985,34.986592
37043,Clay County,37043-1-1,13,-83.620185,34.992091
37043,Clay County,37043-1-1,14,-83.549381,34.992492
37043,Clay County,37043-1-1,15,-83.482952,34.993483
37043,Clay County,37043-1-1,16,-83.510597,35.005157
37043,Clay County,37043-1-1,17,-83.520764,34.996612
37043,Clay County,37043-1-1,18,-83.521326,35.018280
37043,Clay County,37043-1-1,19,-83.543474,35.038746
37043,Clay County,37043-1-1,20,-83.557359,35.038636
37043,Clay County,37043-1-1,21,-83.562232,35.059424
37043,Clay County,37043-1-1,22,-83.581847,35.078075
37043,Clay County,37043-1-1,23,-83.587521,35.092332
37043,Clay County,37043-1-1,24,-83.612623,35.102752
37043,Clay County,37043-1-1,25,-83.620060,35.126277
37043,Clay County,37043-1-1,26,-83.634273,35.121232
37043,Clay County,37043-1-1,27,-83.657073,35.140139
37043,Clay County,37043-1-1,28,-83.645148,35.145280
37043,Clay County,37043-1-1,29,-83.659004,35.159891
37043,Clay County,37043-1-1,30,-83.716915,35.154189
37043,Clay County,37043-1-1,31,-83.726359,35.145485
37043,Clay County,37043-1-1,32,-83.738129,35.155950
37043,Clay County,37043-1-1,33,-83.749772,35.161177
37043,Clay County,37043-1-1,34,-83.820598,35.139187
37043,Clay County,37043-1-1,35,-83.840733,35.143841
37043,Clay County,37043-1-1,36,-83.862751,35.132447
37043,Clay County,37043-1-1,37,-83.863651,35.120421
37043,Clay County,37043-1-1,38,-83.907483,35.078483
37043,Clay County,37043-1-1,39,-83.926865,35.067050
37043,Clay County,37043-1-1,40,-83.932371,35.069395
37043,Clay County,37043-1-1,41,-83.964019,35.048077
37043,Clay County,37043-1-1,42,-83.956450,35.026515
37043,Clay County,37043-1-1,43,-83.979847,35.005867
37043,Clay County,37043-1-1,44,-84.004595,34.994132
37045,Cleveland County,37045-1-1,1,-81.768109,35.180388
37045,Cleveland County,37045-1-1,2,-81.763413,35.180249
37045,Cleveland County,37045-1-1,3,-81.738492,35.179511
37045,Cleveland County,37045-1-1,4,-81.716259,35.178852
37045,Cleveland County,37045-1-1,5,-81.680801,35.177331
37045,Cleveland County,37045-1-1,6,-81.675510,35.177104
37045,Cleveland County,37045-1-1,7,-81.646707,35.175869
37045,Cleveland County,37045-1-1,8,-81.614877,35.174504
37045,Cleveland County,37045-1-1,9,-81.609549,35.174275
37045,Cleveland County,37045-1-1,10,-81.609005,35.174252
37045,Cleveland County,37045-1-1,11,-81.581681,35.173080
37045,Cleveland County,37045-1-1,12,-81.545150,35.171744
37045,Cleveland County,37045-1-1,13,-81.516871,35.170709
37045,Cleveland County,37045-1-1,14,-81.494265,35.169882
37045,Cleveland County,37045-1-1,15,-81.493401,35.169951
37045,Cleveland County,37045-1-1,16,-81.461408,35.168657
37045,Cleveland County,37045-1-1,17,-81.452398,35.168293
37045,Cleveland County,37045-1-1,18,-81.450331,35.168211
37045,Cleveland County,37045-1-1,19,-81.445627,35.168024
37045,Cleveland County,37045-1-1,20,-81.442743,35.167910
37045,Cleveland County,37045-1-1,21,-81.366691,35.164893
37045,Cleveland County,37045-1-1,22,-81.366600,35.164889
37045,Cleveland County,37045-1-1,23,-81.328039,35.163405
37045,Cleveland County,37045-1-1,24,-81.323668,35.189605
37045,Cleveland County,37045-1-1,25,-81.323883,35.208351
37045,Cleveland County,37045-1-1,26,-81.324146,35.231112
37045,Cleveland County,37045-1-1,27,-81.324147,35.231275
37045,Cleveland County,37045-1-1,28,-81.321729,35.260449
37045,Cleveland County,37045-1-1,29,-81.326212,35.262829
37045,Cleveland County,37045-1-1,30,-81.336263,35.268127
37045,Cleveland County,37045-1-1,31,-81.348996,35.274937
37045,Cleveland County,37045-1-1,32,-81.355661,35.280528
37045,Cleveland County,37045-1-1,33,-81.355128,35.294384
37045,Cleveland County,37045-1-1,34,-81.366121,35.313413
37045,Cleveland County,37045-1-1,35,-81.356682,35.330604
37045,Cleveland County,37045-1-1,36,-81.372054,35.339698
37045,Cleveland County,37045-1-1,37,-81.388134,35.348401
37045,Cleveland County,37045-1-1,38,-81.398924,35.353138
37045,Cleveland County,37045-1-1,39,-81.411094,35.367357
37045,Cleveland County,37045-1-1,40,-81.455600,35.419811
37045,Cleveland County,37045-1-1,41,-81.458803,35.423681
37045,Cleveland County,37045-1-1,42,-81.475464,35.460167
37045,Cleveland County,37045-1-1,43,-81.513004,35.523317
37045,Cleveland County,37045-1-1,44,-81.509455,35.536266
37045,Cleveland County,37045-1-1,45,-81.515421,35.558297
37045,Cleveland County,37045-1-1,46,-81.537599,35.564228
37045,Cleveland County,37045-1-1,47,-81.545299,35.564721
37045,Cleveland County,37045-1-1,48,-81.566780,35.558448
37045,Cleveland County,37045-1-1,49,-81.607193,35.566831
37045,Cleveland County,37045-1-1,50,-81.648967,35.561610
37045,Cleveland County,37045-1-1,51,-81.674224,35.568804
37045,Cleveland County,37045-1-1,52,-81.690949,35.584546
37045,Cleveland County,37045-1-1,53,-81.691989,35.580041
37045,Cleveland County,37045-1-1,54,-81.695730,35.485909
37045,Cleveland County,37045-1-1,55,-81.700971,35.400656
37045,Cleveland County,37045-1-1,56,-81.701537,35.386744
37045,Cleveland County,37045-1-1,57,-81.702853,35.357304
37045,Cleveland County,37045-1-1,58,-81.728506,35.295556
37045,Cleveland County,37045-1-1,59,-81.735212,35.279450
37045,Cleveland County,37045-1-1,60,-81.740895,35.265679
37045,Cleveland County,37045-1-1,61,-81.758536,35.224864
37045,Cleveland County,37045-1-1,62,-81.759849,35.221180
37045,Cleveland County,37045-1-1,63,-81.768109,35.180388
37047,Columbus County,37047-1-1,1,-79.071244,34.299303
37047,Columbus County,37047-1-1,2,-79.071169,34.299240
37047,Columbus County,37047-1-1,3,-78.995760,34.235954
37047,Columbus County,37047-1-1,4,-78.973818,34.217539
37047,Columbus County,37047-1-1,5,-78.963692,34.209041
37047,Columbus County,37047-1-1,6,-78.915075,34.168240
37047,Columbus County,37047-1-1,7,-78.909881,34.163881
37047,Columbus County,37047-1-1,8,-78.874747,34.134395
37047,Columbus County,37047-1-1,9,-78.872917,34.132845
37047,Columbus County,37047-1-1,10,-78.855385,34.117996
37047,Columbus County,37047-1-1,11,-78.827374,34.094272
37047,Columbus County,37047-1-1,12,-78.811710,34.081006
37047,Columbus County,37047-1-1,13,-78.797865,34.069280
37047,Columbus County,37047-1-1,14,-78.769483,34.045242
37047,Columbus County,37047-1-1,15,-78.763563,34.040228
37047,Columbus County,37047-1-1,16,-78.739920,34.020204
37047,Columbus County,37047-1-1,17,-78.712206,33.996732
37047,Columbus County,37047-1-1,18,-78.710141,33.994688
37047,Columbus County,37047-1-1,19,-78.702771,33.989268
37047,Columbus County,37047-1-1,20,-78.662530,33.954520
37047,Columbus County,37047-1-1,21,-78.651629,33.945397
37047,Columbus County,37047-1-1,22,-78.650364,33.944338
37047,Columbus County,37047-1-1,23,-78.642306,33.958479
37047,Columbus County,37047-1-1,24,-78.648351,33.965540
37047,Columbus County,37047-1-1,25,-78.630287,33.972293
37047,Columbus County,37047-1-1,26,-78.626780,33.980910
37047,Columbus County,37047-1-1,27,-78.640207,34.010764
37047,Columbus County,37047-1-1,28,-78.603531,34.026976
37047,Columbus County,37047-1-1,29,-78.584470,34.031266
37047,Columbus County,37047-1-1,30,-78.582360,34.048538
37047,Columbus County,37047-1-1,31,-78.561034,34.059163
37047,Columbus County,37047-1-1,32,-78.558542,34.093752
37047,Columbus County,37047-1-1,33,-78.548050,34.095293
37047,Columbus County,37047-1-1,34,-78.554147,34.117578
37047,Columbus County,37047-1-1,35,-78.539263,34.127462
37047,Columbus County,37047-1-1,36,-78.545218,34.145747
37047,Columbus County,37047-1-1,37,-78.524602,34.154106
37047,Columbus County,37047-1-1,38,-78.507474,34.169239
37047,Columbus County,37047-1-1,39,-78.485980,34.158819
37047,Columbus County,37047-1-1,40,-78.421545,34.140003
37047,Columbus County,37047-1-1,41,-78.391551,34.173939
37047,Columbus County,37047-1-1,42,-78.366793,34.188774
37047,Columbus County,37047-1-1,43,-78.372074,34.199059
37047,Columbus County,37047-1-1,44,-78.374998,34.203672
37047,Columbus County,37047-1-1,45,-78.254622,34.216305
37047,Columbus County,37047-1-1,46,-78.240666,34.237349
37047,Columbus County,37047-1-1,47,-78.172140,34.342059
37047,Columbus County,37047-1-1,48,-78.162350,34.357007
37047,Columbus County,37047-1-1,49,-78.202532,34.353306
37047,Columbus County,37047-1-1,50,-78.209971,34.368040
37047,Columbus County,37047-1-1,51,-78.235682,34.374713
37047,Columbus County,37047-1-1,52,-78.256085,34.399469
37047,Columbus County,37047-1-1,53,-78.335084,34.367622
37047,Columbus County,37047-1-1,54,-78.344587,34.369226
37047,Columbus County,37047-1-1,55,-78.396915,34.370747
37047,Columbus County,37047-1-1,56,-78.420732,34.378090
37047,Columbus County,37047-1-1,57,-78.445320,34.377400
37047,Columbus County,37047-1-1,58,-78.528172,34.410891
37047,Columbus County,37047-1-1,59,-78.594012,34.431443
37047,Columbus County,37047-1-1,60,-78.603770,34.441134
37047,Columbus County,37047-1-1,61,-78.648373,34.460869
37047,Columbus County,37047-1-1,62,-78.658563,34.453588
37047,Columbus County,37047-1-1,63,-78.667588,34.469645
37047,Columbus County,37047-1-1,64,-78.739056,34.466076
37047,Columbus County,37047-1-1,65,-78.830353,34.462578
37047,Columbus County,37047-1-1,66,-78.868961,34.484778
37047,Columbus County,37047-1-1,67,-78.895838,34.462116
37047,Columbus County,37047-1-1,68,-78.918348,34.451898
37047,Columbus County,37047-1-1,69,-78.947179,34.449241
37047,Columbus County,37047-1-1,70,-78.959907,34.442846
37047,Columbus County,37047-1-1,71,-78.971187,34.427470
37047,Columbus County,37047-1-1,72,-78.968015,34.397610
37047,Columbus County,37047-1-1,73,-78.998444,34.391098
37047,Columbus County,37047-1-1,74,-79.011611,34.380887
37047,Columbus County,37047-1-1,75,-79.000779,34.364655
37047,Columbus County,37047-1-1,76,-79.010893,34.352156
37047,Columbus County,37047-1-1,77,-79.025190,34.351984
37047,Columbus County,37047-1-1,78,-79.034323,34.338545
37047,Columbus County,37047-1-1,79,-79.034400,34.322571
37047,Columbus County,37047-1-1,80,-79.069701,34.305385
37047,Columbus County,37047-1-1,81,-79.071244,34.299303
37049,Craven County,37049-1-1,1,-77.473692,35.228985
37049,Craven County,37049-1-1,2,-77.451745,35.218717
37049,Craven County,37049-1-1,3,-77.329244,35.149829
37049,Craven County,37049-1-1,4,-77.281162,35.126513
37049,Craven County,37049-1-1,5,-77.209028,35.091470
37049,Craven County,37049-1-1,6,-77.188040,35.080860
37049,Craven County,37049-1-1,7,-77.188744,35.066038
37049,Craven County,37049-1-1,8,-77.148345,35.054675
37049,Craven County,37049-1-1,9,-77.122787,35.072951
37049,Craven County,37049-1-1,10,-77.116065,35.074107
37049,Craven County,37049-1-1,11,-77.098833,35.027096
37049,Craven County,37049-1-1,12,-77.103101,35.017070
37049,Craven County,37049-1-1,13,-77.106894,34.893249
37049,Craven County,37049-1-1,14,-77.108851,34.830780
37049,Craven County,37049-1-1,15,-77.047249,34.836416
37049,Craven County,37049-1-1,16,-77.078263,34.811322
37049,Craven County,37049-1-1,17,-76.954438,34.809066
37049,Craven County,37049-1-1,18,-76.954773,34.824508
37049,Craven County,37049-1-1,19,-76.938835,34.827190
37049,Craven County,37049-1-1,20,-76.882306,34.836685
37049,Craven County,37049-1-1,21,-76.882312,34.840714
37049,Craven County,37049-1-1,22,-76.883052,34.844896
37049,Craven County,37049-1-1,23,-76.771766,34.846677
37049,Craven County,37049-1-1,24,-76.766430,34.848795
37049,Craven County,37049-1-1,25,-76.760032,34.847050
37049,Craven County,37049-1-1,26,-76.756740,34.846882
37049,Craven County,37049-1-1,27,-76.691850,34.871067
37049,Craven County,37049-1-1,28,-76.684350,34.897972
37049,Craven County,37049-1-1,29,-76.662462,34.912257
37049,Craven County,37049-1-1,30,-76.652571,34.937595
37049,Craven County,37049-1-1,31,-76.683743,34.962949
37049,Craven County,37049-1-1,32,-76.762931,34.920374
37049,Craven County,37049-1-1,33,-76.847793,34.944493
37049,Craven County,37049-1-1,34,-76.887694,34.955834
37049,Craven County,37049-1-1,35,-76.893540,34.957495
37049,Craven County,37049-1-1,36,-76.910748,34.967227
37049,Craven County,37049-1-1,37,-76.977404,35.004926
37049,Craven County,37049-1-1,38,-76.979742,35.012590
37049,Craven County,37049-1-1,39,-76.979953,35.013281
37049,Craven County,37049-1-1,40,-76.989778,35.045484
37049,Craven County,37049-1-1,41,-76.985424,35.055062
37049,Craven County,37049-1-1,42,-76.982904,35.060607
37049,Craven County,37049-1-1,43,-76.958465,35.047647
37049,Craven County,37049-1-1,44,-76.936149,35.061910
37049,Craven County,37049-1-1,45,-76.938575,35.089725
37049,Craven County,37049-1-1,46,-76.931113,35.117198
37049,Craven County,37049-1-1,47,-76.978541,35.138735
37049,Craven County,37049-1-1,48,-76.987537,35.154267
37049,Craven County,37049-1-1,49,-76.970302,35.163657
37049,Craven County,37049-1-1,50,-76.962930,35.197857
37049,Craven County,37049-1-1,51,-76.932590,35.230286
37049,Craven County,37049-1-1,52,-76.906081,35.235945
37049,Craven County,37049-1-1,53,-76.895919,35.253889
37049,Craven County,37049-1-1,54,-76.935714,35.283677
37049,Craven County,37049-1-1,55,-76.958786,35.300937
37049,Craven County,37049-1-1,56,-77.099485,35.372769
37049,Craven County,37049-1-1,57,-77.189115,35.418362
37049,Craven County,37049-1-1,58,-77.203319,35.398284
37049,Craven County,37049-1-1,59,-77.227127,35.399845
37049,Craven County,37049-1-1,60,-77.247896,35.354415
37049,Craven County,37049-1-1,61,-77.266062,35.353640
37049,Craven County,37049-1-1,62,-77.269292,35.369153
37049,Craven County,37049-1-1,63,-77.294340,35.379137
37049,Craven County,37049-1-1,64,-77.326887,35.349725
37049,Craven County,37049-1-1,65,-77.348953,35.329725
37049,Craven County,37049-1-1,66,-77.352550,35.327736
37049,Craven County,37049-1-1,67,-77.382577,35.334348
37049,Craven County,37049-1-1,68,-77.391026,35.339533
37049,Craven County,37049-1-1,69,-77.393934,35.342630
37049,Craven County,37049-1-1,70,-77.410923,35.337799
37049,Craven County,37049-1-1,71,-77.410498,35.331868
37049,Craven County,37049-1-1,72,-77.431319,35.329781
37049,Craven County,37049-1-1,73,-77.431091,35.313008
37049,Craven County,37049-1-1,74,-77.449136,35.301839
37049,Craven County,37049-1-1,75,-77.426172,35.262375
37049,Craven County,37049-1-1,76,-77.433512,35.249634
37049,Craven County,37049-1-1,77,-77.473692,35.228985
37051,Cumberland County,37051-1-1,1,-79.112921,35.125651
37051,Cumberland County,37051-1-1,2,-79.101162,35.114332
37051,Cumberland County,37051-1-1,3,-79.089398,35.070442
37051,Cumberland County,37051-1-1,4,-79.090023,35.053822
37051,Cumberland County,37051-1-1,5,-79.091627,35.047303
37051,Cumberland County,37051-1-1,6,-79.083186,35.032660
37051,Cumberland County,37051-1-1,7,-79.061892,35.008926
37051,Cumberland County,37051-1-1,8,-79.059360,35.003002
37051,Cumberland County,37051-1-1,9,-79.056831,34.999824
37051,Cumberland County,37051-1-1,10,-79.049699,34.991954
37051,Cumberland County,37051-1-1,11,-79.048155,34.981366
37051,Cumberland County,37051-1-1,12,-79.034775,34.963119
37051,Cumberland County,37051-1-1,13,-79.037302,34.953839
37051,Cumberland County,37051-1-1,14,-79.038747,34.952715
37051,Cumberland County,37051-1-1,15,-78.998536,34.933799
37051,Cumberland County,37051-1-1,16,-78.976713,34.923542
37051,Cumberland County,37051-1-1,17,-78.957196,34.914364
37051,Cumberland County,37051-1-1,18,-78.954476,34.911975
37051,Cumberland County,37051-1-1,19,-78.940844,34.903368
37051,Cumberland County,37051-1-1,20,-78.926610,34.886698
37051,Cumberland County,37051-1-1,21,-78.926848,34.863609
37051,Cumberland County,37051-1-1,22,-78.901998,34.835268
37051,Cumberland County,37051-1-1,23,-78.894441,34.836824
37051,Cumberland County,37051-1-1,24,-78.854955,34.845020
37051,Cumberland County,37051-1-1,25,-78.826331,34.850693
37051,Cumberland County,37051-1-1,26,-78.557418,34.851105
37051,Cumberland County,37051-1-1,27,-78.516123,34.845919
37051,Cumberland County,37051-1-1,28,-78.494705,34.856182
37051,Cumberland County,37051-1-1,29,-78.513107,34.869088
37051,Cumberland County,37051-1-1,30,-78.513994,34.881568
37051,Cumberland County,37051-1-1,31,-78.534951,34.895184
37051,Cumberland County,37051-1-1,32,-78.543356,34.913448
37051,Cumberland County,37051-1-1,33,-78.557797,34.915380
37051,Cumberland County,37051-1-1,34,-78.572832,34.937515
37051,Cumberland County,37051-1-1,35,-78.627002,34.971482
37051,Cumberland County,37051-1-1,36,-78.641049,34.988801
37051,Cumberland County,37051-1-1,37,-78.646117,34.999233
37051,Cumberland County,37051-1-1,38,-78.652924,35.021080
37051,Cumberland County,37051-1-1,39,-78.649647,35.026477
37051,Cumberland County,37051-1-1,40,-78.659330,35.042831
37051,Cumberland County,37051-1-1,41,-78.662955,35.077962
37051,Cumberland County,37051-1-1,42,-78.672292,35.085281
37051,Cumberland County,37051-1-1,43,-78.653809,35.111416
37051,Cumberland County,37051-1-1,44,-78.639009,35.116994
37051,Cumberland County,37051-1-1,45,-78.652539,35.121014
37051,Cumberland County,37051-1-1,46,-78.634742,35.140119
37051,Cumberland County,37051-1-1,47,-78.639735,35.155639
37051,Cumberland County,37051-1-1,48,-78.630358,35.174043
37051,Cumberland County,37051-1-1,49,-78.646765,35.197429
37051,Cumberland County,37051-1-1,50,-78.618227,35.231133
37051,Cumberland County,37051-1-1,51,-78.617114,35.245718
37051,Cumberland County,37051-1-1,52,-78.630443,35.247412
37051,Cumberland County,37051-1-1,53,-78.643685,35.249142
37051,Cumberland County,37051-1-1,54,-78.702740,35.256815
37051,Cumberland County,37051-1-1,55,-78.703102,35.256850
37051,Cumberland County,37051-1-1,56,-78.725564,35.266900
37051,Cumberland County,37051-1-1,57,-78.736493,35.261663
37051,Cumberland County,37051-1-1,58,-78.793447,35.265976
37051,Cumberland County,37051-1-1,59,-78.876057,35.241536
37051,Cumberland County,37051-1-1,60,-78.878390,35.231602
37051,Cumberland County,37051-1-1,61,-78.925175,35.223838
37051,Cumberland County,37051-1-1,62,-78.935534,35.218734
37051,Cumberland County,37051-1-1,63,-78.938523,35.218996
37051,Cumberland County,37051-1-1,64,-78.941581,35.219300
37051,Cumberland County,37051-1-1,65,-78.997687,35.214093
37051,Cumberland County,37051-1-1,66,-79.046124,35.203457
37051,Cumberland County,37051-1-1,67,-79.095808,35.192068
37051,Cumberland County,37051-1-1,68,-79.098261,35.187729
37051,Cumberland County,37051-1-1,69,-79.097551,35.174233
37051,Cumberland County,37051-1-1,70,-79.112921,35.125651
37053,Currituck County,37053-1-1,1,-76.313215,36.550551
37053,Currituck County,37053-1-1,2,-76.313303,36.550551
37053,Currituck County,37053-1-1,3,-76.158532,36.425333
37053,Currituck County,37053-1-1,4,-76.148037,36.394618
37053,Currituck County,37053-1-1,5,-76.121810,36.371088
37053,Currituck County,37053-1-1,6,-76.117731,36.363431
37053,Currituck County,37053-1-1,7,-76.114069,36.357498
37053,Currituck County,37053-1-1,8,-76.078284,36.347064
37053,Currituck County,37053-1-1,9,-76.064227,36.347308
37053,Currituck County,37053-1-1,10,-76.053563,36.360162
37053,Currituck County,37053-1-1,11,-76.036413,36.355174
37053,Currituck County,37053-1-1,12,-76.030798,36.338501
37053,Currituck County,37053-1-1,13,-76.016707,36.344324
37053,Currituck County,37053-1-1,14,-76.020578,36.333379
37053,Currituck County,37053-1-1,15,-76.007914,36.328648
37053,Currituck County,37053-1-1,16,-75.994539,36.308794
37053,Currituck County,37053-1-1,17,-75.971076,36.308359
37053,Currituck County,37053-1-1,18,-75.964851,36.288443
37053,Currituck County,37053-1-1,19,-75.948426,36.285268
37053,Currituck County,37053-1-1,20,-75.959382,36.255651
37053,Currituck County,37053-1-1,21,-75.949840,36.257870
37053,Currituck County,37053-1-1,22,-75.922344,36.244122
37053,Currituck County,37053-1-1,23,-75.910658,36.212157
37053,Currituck County,37053-1-1,24,-75.882987,36.186807
37053,Currituck County,37053-1-1,25,-75.863914,36.159226
37053,Currituck County,37053-1-1,26,-75.866323,36.141410
37053,Currituck County,37053-1-1,27,-75.867792,36.127262
37053,Currituck County,37053-1-1,28,-75.847785,36.101990
37053,Currituck County,37053-1-1,29,-75.836084,36.092616
37053,Currituck County,37053-1-1,30,-75.799779,36.072640
37053,Currituck County,37053-1-1,31,-75.793974,36.071710
37053,Currituck County,37053-1-1,32,-75.792162,36.079896
37053,Currituck County,37053-1-1,33,-75.791637,36.082267
37053,Currituck County,37053-1-1,34,-75.800378,36.112728
37053,Currituck County,37053-1-1,35,-75.813444,36.136871
37053,Currituck County,37053-1-1,36,-75.822531,36.145957
37053,Currituck County,37053-1-1,37,-75.823915,36.158332
37053,Currituck County,37053-1-1,38,-75.839924,36.177110
37053,Currituck County,37053-1-1,39,-75.841149,36.192867
37053,Currituck County,37053-1-1,40,-75.841222,36.193812
37053,Currituck County,37053-1-1,41,-75.838367,36.200129
37053,Currituck County,37053-1-1,42,-75.848838,36.216570
37053,Currituck County,37053-1-1,43,-75.858703,36.222628
37053,Currituck County,37053-1-1,44,-75.864154,36.235522
37053,Currituck County,37053-1-1,45,-75.867356,36.252483
37053,Currituck County,37053-1-1,46,-75.861818,36.266415
37053,Currituck County,37053-1-1,47,-75.860520,36.280607
37053,Currituck County,37053-1-1,48,-75.864933,36.284674
37053,Currituck County,37053-1-1,49,-75.872721,36.282770
37053,Currituck County,37053-1-1,50,-75.882154,36.284674
37053,Currituck County,37053-1-1,51,-75.888211,36.293414
37053,Currituck County,37053-1-1,52,-75.895285,36.319615
37053,Currituck County,37053-1-1,53,-75.915331,36.352335
37053,Currituck County,37053-1-1,54,-75.917758,36.353593
37053,Currituck County,37053-1-1,55,-75.923331,36.361863
37053,Currituck County,37053-1-1,56,-75.923511,36.367796
37053,Currituck County,37053-1-1,57,-75.916949,36.383167
37053,Currituck County,37053-1-1,58,-75.916409,36.389010
37053,Currituck County,37053-1-1,59,-75.923601,36.425788
37053,Currituck County,37053-1-1,60,-75.928369,36.428588
37053,Currituck County,37053-1-1,61,-75.932694,36.427627
37053,Currituck County,37053-1-1,62,-75.936446,36.423079
37053,Currituck County,37053-1-1,63,-75.940676,36.418850
37053,Currituck County,37053-1-1,64,-75.953078,36.417926
37053,Currituck County,37053-1-1,65,-75.962285,36.417240
37053,Currituck County,37053-1-1,66,-75.980050,36.435464
37053,Currituck County,37053-1-1,67,-75.989869,36.436808
37053,Currituck County,37053-1-1,68,-76.003912,36.441864
37053,Currituck County,37053-1-1,69,-76.012337,36.447462
37053,Currituck County,37053-1-1,70,-76.020216,36.458620
37053,Currituck County,37053-1-1,71,-76.031949,36.482496
37053,Currituck County,37053-1-1,72,-76.040311,36.504624
37053,Currituck County,37053-1-1,73,-76.042556,36.510565
37053,Currituck County,37053-1-1,74,-76.026394,36.516486
37053,Currituck County,37053-1-1,75,-76.022475,36.527090
37053,Currituck County,37053-1-1,76,-76.018672,36.527242
37053,Currituck County,37053-1-1,77,-75.996208,36.528138
37053,Currituck County,37053-1-1,78,-75.986226,36.525655
37053,Currituck County,37053-1-1,79,-75.980540,36.512780
37053,Currituck County,37053-1-1,80,-75.989791,36.493943
37053,Currituck County,37053-1-1,81,-75.975293,36.485535
37053,Currituck County,37053-1-1,82,-75.972545,36.494671
37053,Currituck County,37053-1-1,83,-75.960069,36.495025
37053,Currituck County,37053-1-1,84,-75.935473,36.490601
37053,Currituck County,37053-1-1,85,-75.927333,36.482815
37053,Currituck County,37053-1-1,86,-75.924127,36.482124
37053,Currituck County,37053-1-1,87,-75.917283,36.485809
37053,Currituck County,37053-1-1,88,-75.913071,36.486336
37053,Currituck County,37053-1-1,89,-75.907279,36.485809
37053,Currituck County,37053-1-1,90,-75.901497,36.482918
37053,Currituck County,37053-1-1,91,-75.899908,36.482124
37053,Currituck County,37053-1-1,92,-75.891484,36.460537
37053,Currituck County,37053-1-1,93,-75.888325,36.441583
37053,Currituck County,37053-1-1,94,-75.880428,36.435792
37053,Currituck County,37053-1-1,95,-75.864106,36.430527
37053,Currituck County,37053-1-1,96,-75.851470,36.415785
37053,Currituck County,37053-1-1,97,-75.852523,36.384721
37053,Currituck County,37053-1-1,98,-75.851470,36.379456
37053,Currituck County,37053-1-1,99,-75.847258,36.372085
37053,Currituck County,37053-1-1,100,-75.843046,36.371032
37053,Currituck County,37053-1-1,101,-75.836201,36.363135
37053,Currituck County,37053-1-1,102,-75.831595,36.346418
37053,Currituck County,37053-1-1,103,-75.831858,36.339047
37053,Currituck County,37053-1-1,104,-75.841335,36.328517
37053,Currituck County,37053-1-1,105,-75.845284,36.305614
37053,Currituck County,37053-1-1,106,-75.837913,36.294558
37053,Currituck County,37053-1-1,107,-75.833964,36.292188
37053,Currituck County,37053-1-1,108,-75.822907,36.291662
37053,Currituck County,37053-1-1,109,-75.814483,36.285344
37053,Currituck County,37053-1-1,110,-75.808165,36.259545
37053,Currituck County,37053-1-1,111,-75.811851,36.247699
37053,Currituck County,37053-1-1,112,-75.811588,36.244014
37053,Currituck County,37053-1-1,113,-75.803690,36.235853
37053,Currituck County,37053-1-1,114,-75.798528,36.230800
37053,Currituck County,37053-1-1,115,-75.794361,36.227327
37053,Currituck County,37053-1-1,116,-75.773329,36.231529
37053,Currituck County,37053-1-1,117,-75.796410,36.290351
37053,Currituck County,37053-1-1,118,-75.802315,36.308132
37053,Currituck County,37053-1-1,119,-75.816789,36.351720
37053,Currituck County,37053-1-1,120,-75.818735,36.357579
37053,Currituck County,37053-1-1,121,-75.835712,36.420606
37053,Currituck County,37053-1-1,122,-75.857972,36.500170
37053,Currituck County,37053-1-1,123,-75.868300,36.550394
37053,Currituck County,37053-1-1,124,-75.880247,36.550736
37053,Currituck County,37053-1-1,125,-75.880644,36.550754
37053,Currituck County,37053-1-1,126,-75.885945,36.550754
37053,Currituck County,37053-1-1,127,-75.886545,36.550754
37053,Currituck County,37053-1-1,128,-75.891945,36.550754
37053,Currituck County,37053-1-1,129,-75.893245,36.550654
37053,Currituck County,37053-1-1,130,-75.894145,36.550754
37053,Currituck County,37053-1-1,131,-75.903445,36.550654
37053,Currituck County,37053-1-1,132,-75.904745,36.550654
37053,Currituck County,37053-1-1,133,-75.906880,36.550654
37053,Currituck County,37053-1-1,134,-75.909046,36.550654
37053,Currituck County,37053-1-1,135,-75.911446,36.550654
37053,Currituck County,37053-1-1,136,-75.922046,36.550654
37053,Currituck County,37053-1-1,137,-75.952847,36.550553
37053,Currituck County,37053-1-1,138,-75.953447,36.550553
37053,Currituck County,37053-1-1,139,-75.955748,36.550553
37053,Currituck County,37053-1-1,140,-75.957648,36.550553
37053,Currituck County,37053-1-1,141,-76.026721,36.550553
37053,Currituck County,37053-1-1,142,-76.026750,36.550553
37053,Currituck County,37053-1-1,143,-76.034751,36.550653
37053,Currituck County,37053-1-1,144,-76.122352,36.550621
37053,Currituck County,37053-1-1,145,-76.192787,36.550595
37053,Currituck County,37053-1-1,146,-76.193122,36.550595
37053,Currituck County,37053-1-1,147,-76.313215,36.550551
37055,Dare County,37055-1-1,1,-76.013021,35.670065
37055,Dare County,37055-1-1,2,-76.014001,35.668865
37055,Dare County,37055-1-1,3,-75.901342,35.668952
37055,Dare County,37055-1-1,4,-75.891953,35.643328
37055,Dare County,37055-1-1,5,-75.876703,35.625177
37055,Dare County,37055-1-1,6,-75.879820,35.606856
37055,Dare County,37055-1-1,7,-75.870567,35.584830
37055,Dare County,37055-1-1,8,-75.851767,35.578773
37055,Dare County,37055-1-1,9,-75.837154,35.570904
37055,Dare County,37055-1-1,10,-75.788129,35.576427
37055,Dare County,37055-1-1,11,-75.780068,35.583273
37055,Dare County,37055-1-1,12,-75.781084,35.597743
37055,Dare County,37055-1-1,13,-75.737384,35.624736
37055,Dare County,37055-1-1,14,-75.741223,35.647231
37055,Dare County,37055-1-1,15,-75.768146,35.661761
37055,Dare County,37055-1-1,16,-75.763109,35.682534
37055,Dare County,37055-1-1,17,-75.730969,35.682262
37055,Dare County,37055-1-1,18,-75.719140,35.694264
37055,Dare County,37055-1-1,19,-75.718964,35.707474
37055,Dare County,37055-1-1,20,-75.738939,35.751052
37055,Dare County,37055-1-1,21,-75.740533,35.773674
37055,Dare County,37055-1-1,22,-75.733502,35.808815
37055,Dare County,37055-1-1,23,-75.733619,35.826101
37055,Dare County,37055-1-1,24,-75.748801,35.846743
37055,Dare County,37055-1-1,25,-75.758524,35.886514
37055,Dare County,37055-1-1,26,-75.778813,35.918241
37055,Dare County,37055-1-1,27,-75.782498,35.928244
37055,Dare County,37055-1-1,28,-75.800926,35.944566
37055,Dare County,37055-1-1,29,-75.807703,35.957283
37055,Dare County,37055-1-1,30,-75.849890,35.976156
37055,Dare County,37055-1-1,31,-75.860420,35.978262
37055,Dare County,37055-1-1,32,-75.879374,35.978789
37055,Dare County,37055-1-1,33,-75.899382,35.977209
37055,Dare County,37055-1-1,34,-75.938343,35.965100
37055,Dare County,37055-1-1,35,-75.947293,35.959835
37055,Dare County,37055-1-1,36,-75.946767,35.955623
37055,Dare County,37055-1-1,37,-75.943608,35.952464
37055,Dare County,37055-1-1,38,-75.937816,35.950884
37055,Dare County,37055-1-1,39,-75.926760,35.940354
37055,Dare County,37055-1-1,40,-75.927286,35.931930
37055,Dare County,37055-1-1,41,-75.929919,35.928771
37055,Dare County,37055-1-1,42,-75.934131,35.928244
37055,Dare County,37055-1-1,43,-75.947820,35.920347
37055,Dare County,37055-1-1,44,-75.962562,35.901393
37055,Dare County,37055-1-1,45,-75.966247,35.899287
37055,Dare County,37055-1-1,46,-75.977830,35.897181
37055,Dare County,37055-1-1,47,-75.987148,35.836967
37055,Dare County,37055-1-1,48,-75.986900,35.768194
37055,Dare County,37055-1-1,49,-76.013021,35.670065
37055,Dare County,37055-2-1,1,-75.726807,35.935844
37055,Dare County,37055-2-1,2,-75.727251,35.933620
37055,Dare County,37055-2-1,3,-75.723782,35.925569
37055,Dare County,37055-2-1,4,-75.702165,35.915428
37055,Dare County,37055-2-1,5,-75.696871,35.909556
37055,Dare County,37055-2-1,6,-75.697672,35.901639
37055,Dare County,37055-2-1,7,-75.681415,35.883980
37055,Dare County,37055-2-1,8,-75.675898,35.882979
37055,Dare County,37055-2-1,9,-75.672830,35.882423
37055,Dare County,37055-2-1,10,-75.663356,35.869835
37055,Dare County,37055-2-1,11,-75.660598,35.862541
37055,Dare County,37055-2-1,12,-75.660086,35.838610
37055,Dare County,37055-2-1,13,-75.675054,35.830204
37055,Dare County,37055-2-1,14,-75.667891,35.823540
37055,Dare County,37055-2-1,15,-75.638980,35.818639
37055,Dare County,37055-2-1,16,-75.624235,35.809387
37055,Dare County,37055-2-1,17,-75.620454,35.809253
37055,Dare County,37055-2-1,18,-75.614361,35.815659
37055,Dare County,37055-2-1,19,-75.619772,35.847606
37055,Dare County,37055-2-1,20,-75.616833,35.856331
37055,Dare County,37055-2-1,21,-75.636545,35.885603
37055,Dare County,37055-2-1,22,-75.643078,35.892966
37055,Dare County,37055-2-1,23,-75.653478,35.904686
37055,Dare County,37055-2-1,24,-75.662019,35.906522
37055,Dare County,37055-2-1,25,-75.662938,35.916166
37055,Dare County,37055-2-1,26,-75.659540,35.919564
37055,Dare County,37055-2-1,27,-75.675245,35.929024
37055,Dare County,37055-2-1,28,-75.686358,35.932973
37055,Dare County,37055-2-1,29,-75.691150,35.936932
37055,Dare County,37055-2-1,30,-75.705323,35.939403
37055,Dare County,37055-2-1,31,-75.718266,35.939714
37055,Dare County,37055-2-1,32,-75.726807,35.935844
37055,Dare County,37055-3-1,1,-75.753765,35.199612
37055,Dare County,37055-3-1,2,-75.749406,35.185206
37055,Dare County,37055-3-1,3,-75.728897,35.190334
37055,Dare County,37055-3-1,4,-75.672673,35.208471
37055,Dare County,37055-3-1,5,-75.635493,35.220260
37055,Dare County,37055-3-1,6,-75.610101,35.227514
37055,Dare County,37055-3-1,7,-75.580176,35.231142
37055,Dare County,37055-3-1,8,-75.560225,35.232048
37055,Dare County,37055-3-1,9,-75.544809,35.228421
37055,Dare County,37055-3-1,10,-75.533627,35.225825
37055,Dare County,37055-3-1,11,-75.532803,35.226682
37055,Dare County,37055-3-1,12,-75.525920,35.233839
37055,Dare County,37055-3-1,13,-75.518301,35.261506
37055,Dare County,37055-3-1,14,-75.502188,35.320012
37055,Dare County,37055-3-1,15,-75.486771,35.391652
37055,Dare County,37055-3-1,16,-75.471355,35.479615
37055,Dare County,37055-3-1,17,-75.462491,35.553556
37055,Dare County,37055-3-1,18,-75.462424,35.554321
37055,Dare County,37055-3-1,19,-75.460061,35.581314
37055,Dare County,37055-3-1,20,-75.458659,35.596597
37055,Dare County,37055-3-1,21,-75.479128,35.678634
37055,Dare County,37055-3-1,22,-75.496086,35.728515
37055,Dare County,37055-3-1,23,-75.502427,35.742913
37055,Dare County,37055-3-1,24,-75.519010,35.769087
37055,Dare County,37055-3-1,25,-75.523446,35.773568
37055,Dare County,37055-3-1,26,-75.528912,35.771447
37055,Dare County,37055-3-1,27,-75.517504,35.735956
37055,Dare County,37055-3-1,28,-75.517364,35.734823
37055,Dare County,37055-3-1,29,-75.515745,35.721671
37055,Dare County,37055-3-1,30,-75.507385,35.680564
37055,Dare County,37055-3-1,31,-75.506844,35.679676
37055,Dare County,37055-3-1,32,-75.504847,35.676402
37055,Dare County,37055-3-1,33,-75.498675,35.666281
37055,Dare County,37055-3-1,34,-75.489426,35.642699
37055,Dare County,37055-3-1,35,-75.483883,35.621210
37055,Dare County,37055-3-1,36,-75.478610,35.599318
37055,Dare County,37055-3-1,37,-75.478610,35.565794
37055,Dare County,37055-3-1,38,-75.478610,35.553069
37055,Dare County,37055-3-1,39,-75.482237,35.538560
37055,Dare County,37055-3-1,40,-75.487528,35.525889
37055,Dare County,37055-3-1,41,-75.489618,35.508471
37055,Dare County,37055-3-1,42,-75.488585,35.497752
37055,Dare County,37055-3-1,43,-75.487678,35.485056
37055,Dare County,37055-3-1,44,-75.489370,35.477867
37055,Dare County,37055-3-1,45,-75.494933,35.454224
37055,Dare County,37055-3-1,46,-75.500374,35.424298
37055,Dare County,37055-3-1,47,-75.506722,35.387118
37055,Dare County,37055-3-1,48,-75.511707,35.367179
37055,Dare County,37055-3-1,49,-75.520971,35.330123
37055,Dare County,37055-3-1,50,-75.523952,35.318198
37055,Dare County,37055-3-1,51,-75.529393,35.288272
37055,Dare County,37055-3-1,52,-75.534696,35.275394
37055,Dare County,37055-3-1,53,-75.535741,35.272856
37055,Dare County,37055-3-1,54,-75.561033,35.266008
37055,Dare County,37055-3-1,55,-75.581935,35.263917
37055,Dare County,37055-3-1,56,-75.585419,35.266356
37055,Dare County,37055-3-1,57,-75.596915,35.269491
37055,Dare County,37055-3-1,58,-75.597960,35.266704
37055,Dare County,37055-3-1,59,-75.598312,35.261067
37055,Dare County,37055-3-1,60,-75.599005,35.256253
37055,Dare County,37055-3-1,61,-75.615378,35.248938
37055,Dare County,37055-3-1,62,-75.630358,35.238487
37055,Dare County,37055-3-1,63,-75.640934,35.233862
37055,Dare County,37055-3-1,64,-75.664512,35.227514
37055,Dare County,37055-3-1,65,-75.675394,35.228421
37055,Dare County,37055-3-1,66,-75.681916,35.232913
37055,Dare County,37055-3-1,67,-75.684006,35.232913
37055,Dare County,37055-3-1,68,-75.687490,35.231171
37055,Dare County,37055-3-1,69,-75.694437,35.222980
37055,Dare County,37055-3-1,70,-75.698972,35.221166
37055,Dare County,37055-3-1,71,-75.708947,35.213912
37055,Dare County,37055-3-1,72,-75.718015,35.209377
37055,Dare County,37055-3-1,73,-75.734171,35.204347
37055,Dare County,37055-3-1,74,-75.745220,35.203030
37055,Dare County,37055-3-1,75,-75.753765,35.199612
37055,Dare County,37055-4-1,1,-75.794361,36.227327
37055,Dare County,37055-4-1,2,-75.793286,36.226432
37055,Dare County,37055-4-1,3,-75.786221,36.210384
37055,Dare County,37055-4-1,4,-75.776840,36.189393
37055,Dare County,37055-4-1,5,-75.758930,36.152215
37055,Dare County,37055-4-1,6,-75.755518,36.140163
37055,Dare County,37055-4-1,7,-75.754239,36.129831
37055,Dare County,37055-4-1,8,-75.750250,36.121076
37055,Dare County,37055-4-1,9,-75.743722,36.092677
37055,Dare County,37055-4-1,10,-75.739720,36.075270
37055,Dare County,37055-4-1,11,-75.739457,36.066846
37055,Dare County,37055-4-1,12,-75.741563,36.055526
37055,Dare County,37055-4-1,13,-75.740510,36.046839
37055,Dare County,37055-4-1,14,-75.737088,36.040784
37055,Dare County,37055-4-1,15,-75.726821,36.040521
37055,Dare County,37055-4-1,16,-75.725451,36.039494
37055,Dare County,37055-4-1,17,-75.722609,36.037362
37055,Dare County,37055-4-1,18,-75.722082,36.032360
37055,Dare County,37055-4-1,19,-75.726558,36.021040
37055,Dare County,37055-4-1,20,-75.727084,36.010510
37055,Dare County,37055-4-1,21,-75.723662,36.003139
37055,Dare County,37055-4-1,22,-75.684756,35.995129
37055,Dare County,37055-4-1,23,-75.678909,35.993925
37055,Dare County,37055-4-1,24,-75.671801,35.985238
37055,Dare County,37055-4-1,25,-75.671233,35.984102
37055,Dare County,37055-4-1,26,-75.668379,35.978394
37055,Dare County,37055-4-1,27,-75.667070,35.971381
37055,Dare County,37055-4-1,28,-75.660224,35.969611
37055,Dare County,37055-4-1,29,-75.647205,35.954325
37055,Dare County,37055-4-1,30,-75.636545,35.936028
37055,Dare County,37055-4-1,31,-75.629722,35.924634
37055,Dare County,37055-4-1,32,-75.623325,35.909093
37055,Dare County,37055-4-1,33,-75.622909,35.892321
37055,Dare County,37055-4-1,34,-75.601250,35.867302
37055,Dare County,37055-4-1,35,-75.588878,35.844926
37055,Dare County,37055-4-1,36,-75.575991,35.823089
37055,Dare County,37055-4-1,37,-75.569336,35.814840
37055,Dare County,37055-4-1,38,-75.563061,35.799265
37055,Dare County,37055-4-1,39,-75.552017,35.795030
37055,Dare County,37055-4-1,40,-75.548329,35.785348
37055,Dare County,37055-4-1,41,-75.543259,35.779691
37055,Dare County,37055-4-1,42,-75.536428,35.780118
37055,Dare County,37055-4-1,43,-75.533012,35.787377
37055,Dare County,37055-4-1,44,-75.538739,35.797396
37055,Dare County,37055-4-1,45,-75.552299,35.822173
37055,Dare County,37055-4-1,46,-75.569794,35.863301
37055,Dare County,37055-4-1,47,-75.644117,35.994898
37055,Dare County,37055-4-1,48,-75.658537,36.020430
37055,Dare County,37055-4-1,49,-75.666715,36.032645
37055,Dare County,37055-4-1,50,-75.683977,36.058431
37055,Dare County,37055-4-1,51,-75.696742,36.077497
37055,Dare County,37055-4-1,52,-75.710581,36.100710
37055,Dare County,37055-4-1,53,-75.718310,36.113674
37055,Dare County,37055-4-1,54,-75.738431,36.154282
37055,Dare County,37055-4-1,55,-75.759637,36.204705
37055,Dare County,37055-4-1,56,-75.772510,36.229440
37055,Dare County,37055-4-1,57,-75.773329,36.231529
37055,Dare County,37055-4-1,58,-75.794361,36.227327
37057,Davidson County,37057-1-1,1,-80.478391,35.843329
37057,Davidson County,37057-1-1,2,-80.487419,35.833601
37057,Davidson County,37057-1-1,3,-80.472337,35.825543
37057,Davidson County,37057-1-1,4,-80.464449,35.804983
37057,Davidson County,37057-1-1,5,-80.476702,35.789093
37057,Davidson County,37057-1-1,6,-80.450658,35.765757
37057,Davidson County,37057-1-1,7,-80.458923,35.742758
37057,Davidson County,37057-1-1,8,-80.454580,35.735193
37057,Davidson County,37057-1-1,9,-80.422899,35.725869
37057,Davidson County,37057-1-1,10,-80.394589,35.724792
37057,Davidson County,37057-1-1,11,-80.391414,35.722319
37057,Davidson County,37057-1-1,12,-80.389581,35.719755
37057,Davidson County,37057-1-1,13,-80.335177,35.720789
37057,Davidson County,37057-1-1,14,-80.325887,35.711941
37057,Davidson County,37057-1-1,15,-80.333317,35.683563
37057,Davidson County,37057-1-1,16,-80.307258,35.665678
37057,Davidson County,37057-1-1,17,-80.288293,35.635337
37057,Davidson County,37057-1-1,18,-80.250211,35.619453
37057,Davidson County,37057-1-1,19,-80.239097,35.609796
37057,Davidson County,37057-1-1,20,-80.231728,35.596532
37057,Davidson County,37057-1-1,21,-80.208860,35.581334
37057,Davidson County,37057-1-1,22,-80.210397,35.555466
37057,Davidson County,37057-1-1,23,-80.183852,35.515777
37057,Davidson County,37057-1-1,24,-80.183264,35.504141
37057,Davidson County,37057-1-1,25,-80.182559,35.504151
37057,Davidson County,37057-1-1,26,-80.066842,35.505661
37057,Davidson County,37057-1-1,27,-80.064072,35.579754
37057,Davidson County,37057-1-1,28,-80.060360,35.669402
37057,Davidson County,37057-1-1,29,-80.058681,35.704184
37057,Davidson County,37057-1-1,30,-80.055889,35.758810
37057,Davidson County,37057-1-1,31,-80.053361,35.802998
37057,Davidson County,37057-1-1,32,-80.052547,35.816906
37057,Davidson County,37057-1-1,33,-80.049549,35.867481
37057,Davidson County,37057-1-1,34,-80.047284,35.911836
37057,Davidson County,37057-1-1,35,-80.046869,35.920693
37057,Davidson County,37057-1-1,36,-80.046050,35.945457
37057,Davidson County,37057-1-1,37,-80.044942,35.972674
37057,Davidson County,37057-1-1,38,-80.043238,36.010758
37057,Davidson County,37057-1-1,39,-80.060366,36.013482
37057,Davidson County,37057-1-1,40,-80.100985,36.019516
37057,Davidson County,37057-1-1,41,-80.124907,36.023086
37057,Davidson County,37057-1-1,42,-80.149407,36.026768
37057,Davidson County,37057-1-1,43,-80.162032,36.026759
37057,Davidson County,37057-1-1,44,-80.199178,36.026805
37057,Davidson County,37057-1-1,45,-80.213730,36.026808
37057,Davidson County,37057-1-1,46,-80.217499,35.996696
37057,Davidson County,37057-1-1,47,-80.266851,35.996639
37057,Davidson County,37057-1-1,48,-80.269101,35.996636
37057,Davidson County,37057-1-1,49,-80.303983,35.996601
37057,Davidson County,37057-1-1,50,-80.330331,35.996544
37057,Davidson County,37057-1-1,51,-80.331021,35.990769
37057,Davidson County,37057-1-1,52,-80.348214,35.989644
37057,Davidson County,37057-1-1,53,-80.394307,35.972762
37057,Davidson County,37057-1-1,54,-80.377751,35.961845
37057,Davidson County,37057-1-1,55,-80.368387,35.928398
37057,Davidson County,37057-1-1,56,-80.375074,35.912366
37057,Davidson County,37057-1-1,57,-80.366269,35.896725
37057,Davidson County,37057-1-1,58,-80.370009,35.885747
37057,Davidson County,37057-1-1,59,-80.407859,35.891481
37057,Davidson County,37057-1-1,60,-80.415863,35.883575
37057,Davidson County,37057-1-1,61,-80.391592,35.869845
37057,Davidson County,37057-1-1,62,-80.389501,35.843969
37057,Davidson County,37057-1-1,63,-80.423320,35.851964
37057,Davidson County,37057-1-1,64,-80.429257,35.829947
37057,Davidson County,37057-1-1,65,-80.446992,35.836528
37057,Davidson County,37057-1-1,66,-80.462556,35.826964
37057,Davidson County,37057-1-1,67,-80.470034,35.837210
37057,Davidson County,37057-1-1,68,-80.478391,35.843329
37059,Davie County,37059-1-1,1,-80.707629,35.855593
37059,Davie County,37059-1-1,2,-80.707824,35.852961
37059,Davie County,37059-1-1,3,-80.691794,35.863497
37059,Davie County,37059-1-1,4,-80.664395,35.844784
37059,Davie County,37059-1-1,5,-80.632024,35.845714
37059,Davie County,37059-1-1,6,-80.627025,35.838435
37059,Davie County,37059-1-1,7,-80.609171,35.823083
37059,Davie County,37059-1-1,8,-80.593153,35.820622
37059,Davie County,37059-1-1,9,-80.590438,35.817146
37059,Davie County,37059-1-1,10,-80.580517,35.820088
37059,Davie County,37059-1-1,11,-80.569644,35.815729
37059,Davie County,37059-1-1,12,-80.554624,35.800279
37059,Davie County,37059-1-1,13,-80.546671,35.798218
37059,Davie County,37059-1-1,14,-80.542972,35.792254
37059,Davie County,37059-1-1,15,-80.533448,35.791028
37059,Davie County,37059-1-1,16,-80.534128,35.786260
37059,Davie County,37059-1-1,17,-80.522517,35.784752
37059,Davie County,37059-1-1,18,-80.508338,35.774470
37059,Davie County,37059-1-1,19,-80.506660,35.777701
37059,Davie County,37059-1-1,20,-80.478299,35.774771
37059,Davie County,37059-1-1,21,-80.458923,35.742758
37059,Davie County,37059-1-1,22,-80.450658,35.765757
37059,Davie County,37059-1-1,23,-80.476702,35.789093
37059,Davie County,37059-1-1,24,-80.464449,35.804983
37059,Davie County,37059-1-1,25,-80.472337,35.825543
37059,Davie County,37059-1-1,26,-80.487419,35.833601
37059,Davie County,37059-1-1,27,-80.478391,35.843329
37059,Davie County,37059-1-1,28,-80.470034,35.837210
37059,Davie County,37059-1-1,29,-80.462556,35.826964
37059,Davie County,37059-1-1,30,-80.446992,35.836528
37059,Davie County,37059-1-1,31,-80.429257,35.829947
37059,Davie County,37059-1-1,32,-80.423320,35.851964
37059,Davie County,37059-1-1,33,-80.389501,35.843969
37059,Davie County,37059-1-1,34,-80.391592,35.869845
37059,Davie County,37059-1-1,35,-80.415863,35.883575
37059,Davie County,37059-1-1,36,-80.407859,35.891481
37059,Davie County,37059-1-1,37,-80.370009,35.885747
37059,Davie County,37059-1-1,38,-80.366269,35.896725
37059,Davie County,37059-1-1,39,-80.375074,35.912366
37059,Davie County,37059-1-1,40,-80.368387,35.928398
37059,Davie County,37059-1-1,41,-80.377751,35.961845
37059,Davie County,37059-1-1,42,-80.394307,35.972762
37059,Davie County,37059-1-1,43,-80.400178,35.974717
37059,Davie County,37059-1-1,44,-80.422106,35.988586
37059,Davie County,37059-1-1,45,-80.418378,36.016286
37059,Davie County,37059-1-1,46,-80.418483,36.016425
37059,Davie County,37059-1-1,47,-80.425562,36.021120
37059,Davie County,37059-1-1,48,-80.441892,36.030643
37059,Davie County,37059-1-1,49,-80.453148,36.043865
37059,Davie County,37059-1-1,50,-80.463592,36.062541
37059,Davie County,37059-1-1,51,-80.496283,36.046545
37059,Davie County,37059-1-1,52,-80.598372,36.047743
37059,Davie County,37059-1-1,53,-80.680372,36.050728
37059,Davie County,37059-1-1,54,-80.693197,36.051260
37059,Davie County,37059-1-1,55,-80.699777,35.962172
37059,Davie County,37059-1-1,56,-80.707629,35.855593
37061,Duplin County,37061-1-1,1,-78.185149,34.785363
37061,Duplin County,37061-1-1,2,-78.198642,34.741637
37061,Duplin County,37061-1-1,3,-78.150553,34.721964
37061,Duplin County,37061-1-1,4,-78.135220,34.710214
37061,Duplin County,37061-1-1,5,-78.114007,34.721795
37061,Duplin County,37061-1-1,6,-78.102002,34.725605
37061,Duplin County,37061-1-1,7,-78.043193,34.726563
37061,Duplin County,37061-1-1,8,-78.012681,34.732630
37061,Duplin County,37061-1-1,9,-77.989272,34.716931
37061,Duplin County,37061-1-1,10,-77.951731,34.715059
37061,Duplin County,37061-1-1,11,-77.945430,34.718988
37061,Duplin County,37061-1-1,12,-77.938901,34.723184
37061,Duplin County,37061-1-1,13,-77.921538,34.719746
37061,Duplin County,37061-1-1,14,-77.680127,34.720595
37061,Duplin County,37061-1-1,15,-77.679438,34.760087
37061,Duplin County,37061-1-1,16,-77.677050,34.799625
37061,Duplin County,37061-1-1,17,-77.666060,34.839651
37061,Duplin County,37061-1-1,18,-77.651070,34.923526
37061,Duplin County,37061-1-1,19,-77.651093,34.923679
37061,Duplin County,37061-1-1,20,-77.653352,34.940535
37061,Duplin County,37061-1-1,21,-77.680081,34.971141
37061,Duplin County,37061-1-1,22,-77.674805,34.973900
37061,Duplin County,37061-1-1,23,-77.731026,35.008138
37061,Duplin County,37061-1-1,24,-77.746037,35.022340
37061,Duplin County,37061-1-1,25,-77.746601,35.036109
37061,Duplin County,37061-1-1,26,-77.747226,35.051377
37061,Duplin County,37061-1-1,27,-77.749089,35.055965
37061,Duplin County,37061-1-1,28,-77.748040,35.071256
37061,Duplin County,37061-1-1,29,-77.749572,35.108610
37061,Duplin County,37061-1-1,30,-77.769177,35.145576
37061,Duplin County,37061-1-1,31,-77.834249,35.177846
37061,Duplin County,37061-1-1,32,-77.893030,35.156289
37061,Duplin County,37061-1-1,33,-77.891689,35.146618
37061,Duplin County,37061-1-1,34,-77.897101,35.148378
37061,Duplin County,37061-1-1,35,-77.925430,35.172783
37061,Duplin County,37061-1-1,36,-77.970598,35.166115
37061,Duplin County,37061-1-1,37,-77.980652,35.178364
37061,Duplin County,37061-1-1,38,-77.983992,35.183569
37061,Duplin County,37061-1-1,39,-78.017662,35.191352
37061,Duplin County,37061-1-1,40,-78.021001,35.193918
37061,Duplin County,37061-1-1,41,-78.052113,35.188416
37061,Duplin County,37061-1-1,42,-78.068616,35.179784
37061,Duplin County,37061-1-1,43,-78.084645,35.176366
37061,Duplin County,37061-1-1,44,-78.144499,35.186509
37061,Duplin County,37061-1-1,45,-78.163420,35.189716
37061,Duplin County,37061-1-1,46,-78.163013,35.137266
37061,Duplin County,37061-1-1,47,-78.171845,35.093528
37061,Duplin County,37061-1-1,48,-78.159833,35.079809
37061,Duplin County,37061-1-1,49,-78.158173,35.056442
37061,Duplin County,37061-1-1,50,-78.149842,34.939737
37061,Duplin County,37061-1-1,51,-78.147166,34.902391
37061,Duplin County,37061-1-1,52,-78.180226,34.801315
37061,Duplin County,37061-1-1,53,-78.185149,34.785363
37063,Durham County,37063-1-1,1,-79.009535,35.902206
37063,Durham County,37063-1-1,2,-79.016305,35.863210
37063,Durham County,37063-1-1,3,-78.978246,35.864905
37063,Durham County,37063-1-1,4,-78.943730,35.866432
37063,Durham County,37063-1-1,5,-78.914761,35.867705
37063,Durham County,37063-1-1,6,-78.906071,35.868096
37063,Durham County,37063-1-1,7,-78.890486,35.867874
37063,Durham County,37063-1-1,8,-78.870298,35.867560
37063,Durham County,37063-1-1,9,-78.864844,35.867499
37063,Durham County,37063-1-1,10,-78.849668,35.867279
37063,Durham County,37063-1-1,11,-78.831675,35.867005
37063,Durham County,37063-1-1,12,-78.828350,35.870876
37063,Durham County,37063-1-1,13,-78.824485,35.880198
37063,Durham County,37063-1-1,14,-78.819393,35.892570
37063,Durham County,37063-1-1,15,-78.813854,35.905826
37063,Durham County,37063-1-1,16,-78.808364,35.919064
37063,Durham County,37063-1-1,17,-78.806756,35.922925
37063,Durham County,37063-1-1,18,-78.801972,35.926972
37063,Durham County,37063-1-1,19,-78.759140,35.918401
37063,Durham County,37063-1-1,20,-78.758210,35.921558
37063,Durham County,37063-1-1,21,-78.749456,35.933286
37063,Durham County,37063-1-1,22,-78.742147,35.933910
37063,Durham County,37063-1-1,23,-78.717014,35.961265
37063,Durham County,37063-1-1,24,-78.713411,35.968949
37063,Durham County,37063-1-1,25,-78.711579,35.974444
37063,Durham County,37063-1-1,26,-78.699847,36.011427
37063,Durham County,37063-1-1,27,-78.719951,36.029590
37063,Durham County,37063-1-1,28,-78.753611,36.031384
37063,Durham County,37063-1-1,29,-78.754026,36.047812
37063,Durham County,37063-1-1,30,-78.754284,36.056338
37063,Durham County,37063-1-1,31,-78.751273,36.070834
37063,Durham County,37063-1-1,32,-78.766401,36.071223
37063,Durham County,37063-1-1,33,-78.777001,36.071491
37063,Durham County,37063-1-1,34,-78.807484,36.087295
37063,Durham County,37063-1-1,35,-78.804901,36.091977
37063,Durham County,37063-1-1,36,-78.804680,36.094965
37063,Durham County,37063-1-1,37,-78.803963,36.133312
37063,Durham County,37063-1-1,38,-78.803086,36.178983
37063,Durham County,37063-1-1,39,-78.802335,36.235794
37063,Durham County,37063-1-1,40,-78.932939,36.238976
37063,Durham County,37063-1-1,41,-78.950597,36.239320
37063,Durham County,37063-1-1,42,-78.967447,36.143223
37063,Durham County,37063-1-1,43,-78.971445,36.120614
37063,Durham County,37063-1-1,44,-78.972766,36.112608
37063,Durham County,37063-1-1,45,-78.982633,36.056544
37063,Durham County,37063-1-1,46,-78.985885,36.037996
37063,Durham County,37063-1-1,47,-78.987354,36.029355
37063,Durham County,37063-1-1,48,-78.988504,36.022774
37063,Durham County,37063-1-1,49,-78.990693,36.010234
37063,Durham County,37063-1-1,50,-78.996137,35.979032
37063,Durham County,37063-1-1,51,-79.000737,35.952697
37063,Durham County,37063-1-1,52,-79.001238,35.949802
37063,Durham County,37063-1-1,53,-79.004389,35.931500
37063,Durham County,37063-1-1,54,-79.006887,35.917197
37063,Durham County,37063-1-1,55,-79.009500,35.902401
37063,Durham County,37063-1-1,56,-79.009535,35.902206
37065,Edgecombe County,37065-1-1,1,-77.818604,35.886402
37065,Edgecombe County,37065-1-1,2,-77.828444,35.867208
37065,Edgecombe County,37065-1-1,3,-77.751339,35.827794
37065,Edgecombe County,37065-1-1,4,-77.738230,35.783964
37065,Edgecombe County,37065-1-1,5,-77.719285,35.731198
37065,Edgecombe County,37065-1-1,6,-77.674837,35.689104
37065,Edgecombe County,37065-1-1,7,-77.665131,35.674935
37065,Edgecombe County,37065-1-1,8,-77.545536,35.746076
37065,Edgecombe County,37065-1-1,9,-77.516738,35.761089
37065,Edgecombe County,37065-1-1,10,-77.472286,35.801095
37065,Edgecombe County,37065-1-1,11,-77.446088,35.808728
37065,Edgecombe County,37065-1-1,12,-77.425489,35.805371
37065,Edgecombe County,37065-1-1,13,-77.409614,35.826404
37065,Edgecombe County,37065-1-1,14,-77.390154,35.833062
37065,Edgecombe County,37065-1-1,15,-77.350369,35.819228
37065,Edgecombe County,37065-1-1,16,-77.349855,35.854879
37065,Edgecombe County,37065-1-1,17,-77.342418,35.905262
37065,Edgecombe County,37065-1-1,18,-77.402614,36.004966
37065,Edgecombe County,37065-1-1,19,-77.421138,36.003609
37065,Edgecombe County,37065-1-1,20,-77.439301,36.021212
37065,Edgecombe County,37065-1-1,21,-77.474851,36.037775
37065,Edgecombe County,37065-1-1,22,-77.517646,36.036775
37065,Edgecombe County,37065-1-1,23,-77.540136,36.060828
37065,Edgecombe County,37065-1-1,24,-77.528072,36.073426
37065,Edgecombe County,37065-1-1,25,-77.530775,36.072876
37065,Edgecombe County,37065-1-1,26,-77.531490,36.076188
37065,Edgecombe County,37065-1-1,27,-77.535724,36.078021
37065,Edgecombe County,37065-1-1,28,-77.533585,36.084881
37065,Edgecombe County,37065-1-1,29,-77.533610,36.091183
37065,Edgecombe County,37065-1-1,30,-77.596545,36.100961
37065,Edgecombe County,37065-1-1,31,-77.605600,36.110410
37065,Edgecombe County,37065-1-1,32,-77.630148,36.115565
37065,Edgecombe County,37065-1-1,33,-77.631628,36.126667
37065,Edgecombe County,37065-1-1,34,-77.644676,36.138187
37065,Edgecombe County,37065-1-1,35,-77.670295,36.137288
37065,Edgecombe County,37065-1-1,36,-77.678990,36.154493
37065,Edgecombe County,37065-1-1,37,-77.697956,36.153150
37065,Edgecombe County,37065-1-1,38,-77.707719,36.113684
37065,Edgecombe County,37065-1-1,39,-77.732998,36.074763
37065,Edgecombe County,37065-1-1,40,-77.767681,36.014495
37065,Edgecombe County,37065-1-1,41,-77.774097,35.998740
37065,Edgecombe County,37065-1-1,42,-77.777751,35.984635
37065,Edgecombe County,37065-1-1,43,-77.789654,35.955886
37065,Edgecombe County,37065-1-1,44,-77.794520,35.944175
37065,Edgecombe County,37065-1-1,45,-77.797878,35.936208
37065,Edgecombe County,37065-1-1,46,-77.798795,35.933925
37065,Edgecombe County,37065-1-1,47,-77.818604,35.886402
37067,Forsyth County,37067-1-1,1,-80.516682,36.084048
37067,Forsyth County,37067-1-1,2,-80.508545,36.057954
37067,Forsyth County,37067-1-1,3,-80.496283,36.046545
37067,Forsyth County,37067-1-1,4,-80.463592,36.062541
37067,Forsyth County,37067-1-1,5,-80.453148,36.043865
37067,Forsyth County,37067-1-1,6,-80.441892,36.030643
37067,Forsyth County,37067-1-1,7,-80.425562,36.021120
37067,Forsyth County,37067-1-1,8,-80.418483,36.016425
37067,Forsyth County,37067-1-1,9,-80.418378,36.016286
37067,Forsyth County,37067-1-1,10,-80.422106,35.988586
37067,Forsyth County,37067-1-1,11,-80.400178,35.974717
37067,Forsyth County,37067-1-1,12,-80.394307,35.972762
37067,Forsyth County,37067-1-1,13,-80.348214,35.989644
37067,Forsyth County,37067-1-1,14,-80.331021,35.990769
37067,Forsyth County,37067-1-1,15,-80.330331,35.996544
37067,Forsyth County,37067-1-1,16,-80.303983,35.996601
37067,Forsyth County,37067-1-1,17,-80.269101,35.996636
37067,Forsyth County,37067-1-1,18,-80.266851,35.996639
37067,Forsyth County,37067-1-1,19,-80.217499,35.996696
37067,Forsyth County,37067-1-1,20,-80.213730,36.026808
37067,Forsyth County,37067-1-1,21,-80.199178,36.026805
37067,Forsyth County,37067-1-1,22,-80.162032,36.026759
37067,Forsyth County,37067-1-1,23,-80.149407,36.026768
37067,Forsyth County,37067-1-1,24,-80.124907,36.023086
37067,Forsyth County,37067-1-1,25,-80.100985,36.019516
37067,Forsyth County,37067-1-1,26,-80.060366,36.013482
37067,Forsyth County,37067-1-1,27,-80.043238,36.010758
37067,Forsyth County,37067-1-1,28,-80.043053,36.017251
37067,Forsyth County,37067-1-1,29,-80.042833,36.023954
37067,Forsyth County,37067-1-1,30,-80.042187,36.043573
37067,Forsyth County,37067-1-1,31,-80.040689,36.089939
37067,Forsyth County,37067-1-1,32,-80.040220,36.105268
37067,Forsyth County,37067-1-1,33,-80.040217,36.105419
37067,Forsyth County,37067-1-1,34,-80.038715,36.149651
37067,Forsyth County,37067-1-1,35,-80.037036,36.173467
37067,Forsyth County,37067-1-1,36,-80.037670,36.179593
37067,Forsyth County,37067-1-1,37,-80.036908,36.204509
37067,Forsyth County,37067-1-1,38,-80.035984,36.228712
37067,Forsyth County,37067-1-1,39,-80.035119,36.257184
37067,Forsyth County,37067-1-1,40,-80.130093,36.258336
37067,Forsyth County,37067-1-1,41,-80.145349,36.258517
37067,Forsyth County,37067-1-1,42,-80.146965,36.258536
37067,Forsyth County,37067-1-1,43,-80.188706,36.259037
37067,Forsyth County,37067-1-1,44,-80.212709,36.259316
37067,Forsyth County,37067-1-1,45,-80.235592,36.259565
37067,Forsyth County,37067-1-1,46,-80.261891,36.259842
37067,Forsyth County,37067-1-1,47,-80.310456,36.260339
37067,Forsyth County,37067-1-1,48,-80.316810,36.260390
37067,Forsyth County,37067-1-1,49,-80.365661,36.260960
37067,Forsyth County,37067-1-1,50,-80.405597,36.261270
37067,Forsyth County,37067-1-1,51,-80.434788,36.261382
37067,Forsyth County,37067-1-1,52,-80.451925,36.261515
37067,Forsyth County,37067-1-1,53,-80.452656,36.241651
37067,Forsyth County,37067-1-1,54,-80.437419,36.229824
37067,Forsyth County,37067-1-1,55,-80.432257,36.216175
37067,Forsyth County,37067-1-1,56,-80.445483,36.210412
37067,Forsyth County,37067-1-1,57,-80.436881,36.168465
37067,Forsyth County,37067-1-1,58,-80.445273,36.133005
37067,Forsyth County,37067-1-1,59,-80.464891,36.117566
37067,Forsyth County,37067-1-1,60,-80.507291,36.107840
37067,Forsyth County,37067-1-1,61,-80.508143,36.103391
37067,Forsyth County,37067-1-1,62,-80.516682,36.084048
37069,Franklin County,37069-1-1,1,-78.544817,36.080673
37069,Franklin County,37069-1-1,2,-78.546414,36.021826
37069,Franklin County,37069-1-1,3,-78.518106,36.011624
37069,Franklin County,37069-1-1,4,-78.493542,36.002668
37069,Franklin County,37069-1-1,5,-78.487167,36.000080
37069,Franklin County,37069-1-1,6,-78.469482,35.992739
37069,Franklin County,37069-1-1,7,-78.426864,35.975012
37069,Franklin County,37069-1-1,8,-78.419140,35.965959
37069,Franklin County,37069-1-1,9,-78.418732,35.965490
37069,Franklin County,37069-1-1,10,-78.412203,35.957832
37069,Franklin County,37069-1-1,11,-78.394331,35.936876
37069,Franklin County,37069-1-1,12,-78.354268,35.931196
37069,Franklin County,37069-1-1,13,-78.350974,35.910124
37069,Franklin County,37069-1-1,14,-78.332199,35.899369
37069,Franklin County,37069-1-1,15,-78.307207,35.896588
37069,Franklin County,37069-1-1,16,-78.275126,35.859198
37069,Franklin County,37069-1-1,17,-78.269417,35.844442
37069,Franklin County,37069-1-1,18,-78.260925,35.834730
37069,Franklin County,37069-1-1,19,-78.253766,35.827365
37069,Franklin County,37069-1-1,20,-78.255973,35.818120
37069,Franklin County,37069-1-1,21,-78.197522,35.913902
37069,Franklin County,37069-1-1,22,-78.184197,35.935489
37069,Franklin County,37069-1-1,23,-78.182182,35.938758
37069,Franklin County,37069-1-1,24,-78.131228,36.016798
37069,Franklin County,37069-1-1,25,-78.078131,36.095924
37069,Franklin County,37069-1-1,26,-78.006551,36.202633
37069,Franklin County,37069-1-1,27,-78.014472,36.207217
37069,Franklin County,37069-1-1,28,-78.071267,36.216380
37069,Franklin County,37069-1-1,29,-78.103078,36.209046
37069,Franklin County,37069-1-1,30,-78.124641,36.225648
37069,Franklin County,37069-1-1,31,-78.132739,36.246281
37069,Franklin County,37069-1-1,32,-78.156983,36.244416
37069,Franklin County,37069-1-1,33,-78.172627,36.255326
37069,Franklin County,37069-1-1,34,-78.194280,36.246839
37069,Franklin County,37069-1-1,35,-78.224880,36.256553
37069,Franklin County,37069-1-1,36,-78.306965,36.266191
37069,Franklin County,37069-1-1,37,-78.309838,36.263106
37069,Franklin County,37069-1-1,38,-78.338135,36.234448
37069,Franklin County,37069-1-1,39,-78.356708,36.234719
37069,Franklin County,37069-1-1,40,-78.378140,36.235065
37069,Franklin County,37069-1-1,41,-78.412095,36.169597
37069,Franklin County,37069-1-1,42,-78.425079,36.163650
37069,Franklin County,37069-1-1,43,-78.449707,36.169088
37069,Franklin County,37069-1-1,44,-78.485740,36.175353
37069,Franklin County,37069-1-1,45,-78.492795,36.183944
37069,Franklin County,37069-1-1,46,-78.496614,36.175199
37069,Franklin County,37069-1-1,47,-78.542635,36.085118
37069,Franklin County,37069-1-1,48,-78.544817,36.080673
37071,Gaston County,37071-1-1,1,-81.455600,35.419811
37071,Gaston County,37071-1-1,2,-81.411094,35.367357
37071,Gaston County,37071-1-1,3,-81.398924,35.353138
37071,Gaston County,37071-1-1,4,-81.388134,35.348401
37071,Gaston County,37071-1-1,5,-81.372054,35.339698
37071,Gaston County,37071-1-1,6,-81.356682,35.330604
37071,Gaston County,37071-1-1,7,-81.366121,35.313413
37071,Gaston County,37071-1-1,8,-81.355128,35.294384
37071,Gaston County,37071-1-1,9,-81.355661,35.280528
37071,Gaston County,37071-1-1,10,-81.348996,35.274937
37071,Gaston County,37071-1-1,11,-81.336263,35.268127
37071,Gaston County,37071-1-1,12,-81.326212,35.262829
37071,Gaston County,37071-1-1,13,-81.321729,35.260449
37071,Gaston County,37071-1-1,14,-81.324147,35.231275
37071,Gaston County,37071-1-1,15,-81.324146,35.231112
37071,Gaston County,37071-1-1,16,-81.323883,35.208351
37071,Gaston County,37071-1-1,17,-81.323668,35.189605
37071,Gaston County,37071-1-1,18,-81.328039,35.163405
37071,Gaston County,37071-1-1,19,-81.290672,35.161967
37071,Gaston County,37071-1-1,20,-81.266531,35.161038
37071,Gaston County,37071-1-1,21,-81.241686,35.160081
37071,Gaston County,37071-1-1,22,-81.239358,35.159974
37071,Gaston County,37071-1-1,23,-81.209815,35.158643
37071,Gaston County,37071-1-1,24,-81.180559,35.157325
37071,Gaston County,37071-1-1,25,-81.138207,35.155417
37071,Gaston County,37071-1-1,26,-81.129808,35.155039
37071,Gaston County,37071-1-1,27,-81.110840,35.154185
37071,Gaston County,37071-1-1,28,-81.109295,35.154115
37071,Gaston County,37071-1-1,29,-81.093028,35.153065
37071,Gaston County,37071-1-1,30,-81.092784,35.153049
37071,Gaston County,37071-1-1,31,-81.077253,35.152047
37071,Gaston County,37071-1-1,32,-81.056762,35.150725
37071,Gaston County,37071-1-1,33,-81.043625,35.149877
37071,Gaston County,37071-1-1,34,-81.042870,35.149248
37071,Gaston County,37071-1-1,35,-81.031371,35.148443
37071,Gaston County,37071-1-1,36,-81.017112,35.154318
37071,Gaston County,37071-1-1,37,-81.009510,35.153126
37071,Gaston County,37071-1-1,38,-81.007188,35.164653
37071,Gaston County,37071-1-1,39,-81.003015,35.174106
37071,Gaston County,37071-1-1,40,-81.006295,35.210285
37071,Gaston County,37071-1-1,41,-81.007275,35.211732
37071,Gaston County,37071-1-1,42,-81.013943,35.225777
37071,Gaston County,37071-1-1,43,-81.008234,35.248473
37071,Gaston County,37071-1-1,44,-81.013825,35.257685
37071,Gaston County,37071-1-1,45,-81.014896,35.269790
37071,Gaston County,37071-1-1,46,-81.011030,35.278244
37071,Gaston County,37071-1-1,47,-81.008727,35.281752
37071,Gaston County,37071-1-1,48,-81.004204,35.296714
37071,Gaston County,37071-1-1,49,-81.004070,35.297291
37071,Gaston County,37071-1-1,50,-81.003854,35.297929
37071,Gaston County,37071-1-1,51,-81.001161,35.304928
37071,Gaston County,37071-1-1,52,-80.983622,35.324811
37071,Gaston County,37071-1-1,53,-80.984894,35.340059
37071,Gaston County,37071-1-1,54,-80.972670,35.350257
37071,Gaston County,37071-1-1,55,-80.962141,35.347046
37071,Gaston County,37071-1-1,56,-80.939086,35.353673
37071,Gaston County,37071-1-1,57,-80.923042,35.359917
37071,Gaston County,37071-1-1,58,-80.962896,35.375107
37071,Gaston County,37071-1-1,59,-80.973270,35.364190
37071,Gaston County,37071-1-1,60,-80.986891,35.378146
37071,Gaston County,37071-1-1,61,-80.954860,35.400078
37071,Gaston County,37071-1-1,62,-81.011385,35.403599
37071,Gaston County,37071-1-1,63,-81.030675,35.404402
37071,Gaston County,37071-1-1,64,-81.054614,35.405248
37071,Gaston County,37071-1-1,65,-81.070224,35.405795
37071,Gaston County,37071-1-1,66,-81.122555,35.407631
37071,Gaston County,37071-1-1,67,-81.122804,35.407639
37071,Gaston County,37071-1-1,68,-81.162383,35.409030
37071,Gaston County,37071-1-1,69,-81.202970,35.410454
37071,Gaston County,37071-1-1,70,-81.233543,35.410905
37071,Gaston County,37071-1-1,71,-81.240916,35.411909
37071,Gaston County,37071-1-1,72,-81.318610,35.414961
37071,Gaston County,37071-1-1,73,-81.343502,35.415888
37071,Gaston County,37071-1-1,74,-81.409853,35.418220
37071,Gaston County,37071-1-1,75,-81.455600,35.419811
37073,Gates County,37073-1-1,1,-76.950606,36.470790
37073,Gates County,37073-1-1,2,-76.946546,36.431058
37073,Gates County,37073-1-1,3,-76.945388,36.412377
37073,Gates County,37073-1-1,4,-76.905747,36.390058
37073,Gates County,37073-1-1,5,-76.896113,36.390444
37073,Gates County,37073-1-1,6,-76.821442,36.364127
37073,Gates County,37073-1-1,7,-76.795409,36.359717
37073,Gates County,37073-1-1,8,-76.775747,36.360463
37073,Gates County,37073-1-1,9,-76.760200,36.351672
37073,Gates County,37073-1-1,10,-76.735329,36.324061
37073,Gates County,37073-1-1,11,-76.696571,36.296138
37073,Gates County,37073-1-1,12,-76.688440,36.299048
37073,Gates County,37073-1-1,13,-76.669975,36.315214
37073,Gates County,37073-1-1,14,-76.650375,36.311569
37073,Gates County,37073-1-1,15,-76.640402,36.328828
37073,Gates County,37073-1-1,16,-76.613072,36.323966
37073,Gates County,37073-1-1,17,-76.570756,36.334295
37073,Gates County,37073-1-1,18,-76.559646,36.351056
37073,Gates County,37073-1-1,19,-76.556881,36.355204
37073,Gates County,37073-1-1,20,-76.453711,36.378092
37073,Gates County,37073-1-1,21,-76.491405,36.468648
37073,Gates County,37073-1-1,22,-76.491336,36.510677
37073,Gates County,37073-1-1,23,-76.541536,36.550313
37073,Gates County,37073-1-1,24,-76.541687,36.550312
37073,Gates County,37073-1-1,25,-76.575496,36.550744
37073,Gates County,37073-1-1,26,-76.632873,36.550829
37073,Gates County,37073-1-1,27,-76.715151,36.550951
37073,Gates County,37073-1-1,28,-76.738329,36.550985
37073,Gates County,37073-1-1,29,-76.749678,36.550381
37073,Gates County,37073-1-1,30,-76.755289,36.550430
37073,Gates County,37073-1-1,31,-76.781296,36.550659
37073,Gates County,37073-1-1,32,-76.781399,36.550659
37073,Gates County,37073-1-1,33,-76.807078,36.550606
37073,Gates County,37073-1-1,34,-76.915897,36.552093
37073,Gates County,37073-1-1,35,-76.916989,36.550742
37073,Gates County,37073-1-1,36,-76.917318,36.546046
37073,Gates County,37073-1-1,37,-76.916060,36.543837
37073,Gates County,37073-1-1,38,-76.914002,36.542661
37073,Gates County,37073-1-1,39,-76.916383,36.538725
37073,Gates County,37073-1-1,40,-76.921464,36.538449
37073,Gates County,37073-1-1,41,-76.920072,36.534125
37073,Gates County,37073-1-1,42,-76.920889,36.531875
37073,Gates County,37073-1-1,43,-76.923916,36.532318
37073,Gates County,37073-1-1,44,-76.924991,36.530744
37073,Gates County,37073-1-1,45,-76.922154,36.528787
37073,Gates County,37073-1-1,46,-76.917183,36.530917
37073,Gates County,37073-1-1,47,-76.914287,36.528181
37073,Gates County,37073-1-1,48,-76.910283,36.526889
37073,Gates County,37073-1-1,49,-76.905063,36.522567
37073,Gates County,37073-1-1,50,-76.903135,36.519096
37073,Gates County,37073-1-1,51,-76.919357,36.505403
37073,Gates County,37073-1-1,52,-76.933375,36.472623
37073,Gates County,37073-1-1,53,-76.950606,36.470790
37075,Graham County,37075-1-1,1,-84.038081,35.348363
37075,Graham County,37075-1-1,2,-84.038058,35.348316
37075,Graham County,37075-1-1,3,-84.032430,35.336845
37075,Graham County,37075-1-1,4,-84.031272,35.336438
37075,Graham County,37075-1-1,5,-84.029377,35.333197
37075,Graham County,37075-1-1,6,-84.030409,35.330483
37075,Graham County,37075-1-1,7,-84.032209,35.328583
37075,Graham County,37075-1-1,8,-84.032450,35.326530
37075,Graham County,37075-1-1,9,-84.032479,35.325318
37075,Graham County,37075-1-1,10,-84.035510,35.317783
37075,Graham County,37075-1-1,11,-84.035710,35.312883
37075,Graham County,37075-1-1,12,-84.035010,35.311983
37075,Graham County,37075-1-1,13,-84.028710,35.310383
37075,Graham County,37075-1-1,14,-84.026510,35.309283
37075,Graham County,37075-1-1,15,-84.021410,35.301383
37075,Graham County,37075-1-1,16,-84.023510,35.295783
37075,Graham County,37075-1-1,17,-84.027910,35.292783
37075,Graham County,37075-1-1,18,-84.029085,35.292188
37075,Graham County,37075-1-1,19,-84.009757,35.273241
37075,Graham County,37075-1-1,20,-84.002932,35.235001
37075,Graham County,37075-1-1,21,-83.967132,35.217860
37075,Graham County,37075-1-1,22,-83.934446,35.222988
37075,Graham County,37075-1-1,23,-83.879696,35.238481
37075,Graham County,37075-1-1,24,-83.874227,35.243784
37075,Graham County,37075-1-1,25,-83.831429,35.256117
37075,Graham County,37075-1-1,26,-83.822766,35.250288
37075,Graham County,37075-1-1,27,-83.795159,35.257463
37075,Graham County,37075-1-1,28,-83.773547,35.245743
37075,Graham County,37075-1-1,29,-83.734314,35.244989
37075,Graham County,37075-1-1,30,-83.708352,35.257299
37075,Graham County,37075-1-1,31,-83.702652,35.248462
37075,Graham County,37075-1-1,32,-83.688494,35.269118
37075,Graham County,37075-1-1,33,-83.684581,35.273274
37075,Graham County,37075-1-1,34,-83.680264,35.279387
37075,Graham County,37075-1-1,35,-83.695611,35.299614
37075,Graham County,37075-1-1,36,-83.684740,35.324074
37075,Graham County,37075-1-1,37,-83.660507,35.335626
37075,Graham County,37075-1-1,38,-83.620475,35.345491
37075,Graham County,37075-1-1,39,-83.593092,35.376986
37075,Graham County,37075-1-1,40,-83.582558,35.410489
37075,Graham County,37075-1-1,41,-83.585756,35.434832
37075,Graham County,37075-1-1,42,-83.610814,35.427045
37075,Graham County,37075-1-1,43,-83.618694,35.436113
37075,Graham County,37075-1-1,44,-83.643447,35.443196
37075,Graham County,37075-1-1,45,-83.645014,35.432029
37075,Graham County,37075-1-1,46,-83.657890,35.432261
37075,Graham County,37075-1-1,47,-83.731873,35.447195
37075,Graham County,37075-1-1,48,-83.757233,35.441703
37075,Graham County,37075-1-1,49,-83.774475,35.443475
37075,Graham County,37075-1-1,50,-83.803636,35.455093
37075,Graham County,37075-1-1,51,-83.806711,35.444824
37075,Graham County,37075-1-1,52,-83.844907,35.453121
37075,Graham County,37075-1-1,53,-83.864579,35.448312
37075,Graham County,37075-1-1,54,-83.873794,35.460413
37075,Graham County,37075-1-1,55,-83.914077,35.465054
37075,Graham County,37075-1-1,56,-83.927698,35.450647
37075,Graham County,37075-1-1,57,-83.939419,35.448600
37075,Graham County,37075-1-1,58,-83.952882,35.460635
37075,Graham County,37075-1-1,59,-83.955416,35.463456
37075,Graham County,37075-1-1,60,-83.957821,35.464211
37075,Graham County,37075-1-1,61,-83.961053,35.464143
37075,Graham County,37075-1-1,62,-83.961056,35.463754
37075,Graham County,37075-1-1,63,-83.961056,35.463738
37075,Graham County,37075-1-1,64,-83.961054,35.462838
37075,Graham County,37075-1-1,65,-83.961400,35.459496
37075,Graham County,37075-1-1,66,-83.965229,35.455399
37075,Graham County,37075-1-1,67,-83.966656,35.454941
37075,Graham County,37075-1-1,68,-83.969845,35.455443
37075,Graham County,37075-1-1,69,-83.971439,35.455145
37075,Graham County,37075-1-1,70,-83.973171,35.452582
37075,Graham County,37075-1-1,71,-83.973057,35.448921
37075,Graham County,37075-1-1,72,-83.978286,35.447820
37075,Graham County,37075-1-1,73,-83.983233,35.442350
37075,Graham County,37075-1-1,74,-83.992568,35.438065
37075,Graham County,37075-1-1,75,-83.996619,35.433761
37075,Graham County,37075-1-1,76,-83.998154,35.430786
37075,Graham County,37075-1-1,77,-83.999242,35.426140
37075,Graham County,37075-1-1,78,-83.999906,35.425201
37075,Graham County,37075-1-1,79,-84.002250,35.422548
37075,Graham County,37075-1-1,80,-84.005306,35.420883
37075,Graham County,37075-1-1,81,-84.011706,35.415383
37075,Graham County,37075-1-1,82,-84.014707,35.411983
37075,Graham County,37075-1-1,83,-84.017607,35.411183
37075,Graham County,37075-1-1,84,-84.020633,35.409843
37075,Graham County,37075-1-1,85,-84.021782,35.407418
37075,Graham County,37075-1-1,86,-84.021507,35.404183
37075,Graham County,37075-1-1,87,-84.018807,35.399783
37075,Graham County,37075-1-1,88,-84.018107,35.399083
37075,Graham County,37075-1-1,89,-84.015207,35.398483
37075,Graham County,37075-1-1,90,-84.014107,35.397783
37075,Graham County,37075-1-1,91,-84.008207,35.390383
37075,Graham County,37075-1-1,92,-84.008207,35.389683
37075,Graham County,37075-1-1,93,-84.010607,35.386183
37075,Graham County,37075-1-1,94,-84.011207,35.384383
37075,Graham County,37075-1-1,95,-84.009807,35.382683
37075,Graham County,37075-1-1,96,-84.009506,35.381921
37075,Graham County,37075-1-1,97,-84.008307,35.378883
37075,Graham County,37075-1-1,98,-84.007586,35.371661
37075,Graham County,37075-1-1,99,-84.007658,35.371596
37075,Graham County,37075-1-1,100,-84.015121,35.364868
37075,Graham County,37075-1-1,101,-84.019193,35.359569
37075,Graham County,37075-1-1,102,-84.020188,35.357503
37075,Graham County,37075-1-1,103,-84.023456,35.354217
37075,Graham County,37075-1-1,104,-84.024756,35.353896
37075,Graham County,37075-1-1,105,-84.035343,35.350833
37075,Graham County,37075-1-1,106,-84.037494,35.349850
37075,Graham County,37075-1-1,107,-84.038081,35.348363
37077,Granville County,37077-1-1,1,-78.804901,36.091977
37077,Granville County,37077-1-1,2,-78.807484,36.087295
37077,Granville County,37077-1-1,3,-78.777001,36.071491
37077,Granville County,37077-1-1,4,-78.766401,36.071223
37077,Granville County,37077-1-1,5,-78.751273,36.070834
37077,Granville County,37077-1-1,6,-78.715609,36.076112
37077,Granville County,37077-1-1,7,-78.693398,36.075317
37077,Granville County,37077-1-1,8,-78.683224,36.074484
37077,Granville County,37077-1-1,9,-78.669561,36.068916
37077,Granville County,37077-1-1,10,-78.603612,36.042388
37077,Granville County,37077-1-1,11,-78.553827,36.024348
37077,Granville County,37077-1-1,12,-78.546414,36.021826
37077,Granville County,37077-1-1,13,-78.544817,36.080673
37077,Granville County,37077-1-1,14,-78.542635,36.085118
37077,Granville County,37077-1-1,15,-78.496614,36.175199
37077,Granville County,37077-1-1,16,-78.508331,36.182956
37077,Granville County,37077-1-1,17,-78.508942,36.240592
37077,Granville County,37077-1-1,18,-78.509210,36.265694
37077,Granville County,37077-1-1,19,-78.509738,36.315245
37077,Granville County,37077-1-1,20,-78.510384,36.376016
37077,Granville County,37077-1-1,21,-78.510429,36.380311
37077,Granville County,37077-1-1,22,-78.510501,36.387033
37077,Granville County,37077-1-1,23,-78.511224,36.454808
37077,Granville County,37077-1-1,24,-78.497783,36.514477
37077,Granville County,37077-1-1,25,-78.472907,36.521232
37077,Granville County,37077-1-1,26,-78.456967,36.542474
37077,Granville County,37077-1-1,27,-78.456970,36.542474
37077,Granville County,37077-1-1,28,-78.470792,36.542316
37077,Granville County,37077-1-1,29,-78.471022,36.542307
37077,Granville County,37077-1-1,30,-78.509965,36.541065
37077,Granville County,37077-1-1,31,-78.529722,36.540981
37077,Granville County,37077-1-1,32,-78.533013,36.541004
37077,Granville County,37077-1-1,33,-78.605304,36.541092
37077,Granville County,37077-1-1,34,-78.625959,36.541419
37077,Granville County,37077-1-1,35,-78.663317,36.542011
37077,Granville County,37077-1-1,36,-78.670051,36.542035
37077,Granville County,37077-1-1,37,-78.734122,36.541902
37077,Granville County,37077-1-1,38,-78.758392,36.541852
37077,Granville County,37077-1-1,39,-78.765430,36.541727
37077,Granville County,37077-1-1,40,-78.777580,36.541721
37077,Granville County,37077-1-1,41,-78.796271,36.541713
37077,Granville County,37077-1-1,42,-78.794845,36.526439
37077,Granville County,37077-1-1,43,-78.799546,36.352579
37077,Granville County,37077-1-1,44,-78.799955,36.333613
37077,Granville County,37077-1-1,45,-78.802335,36.235794
37077,Granville County,37077-1-1,46,-78.803086,36.178983
37077,Granville County,37077-1-1,47,-78.803963,36.133312
37077,Granville County,37077-1-1,48,-78.804680,36.094965
37077,Granville County,37077-1-1,49,-78.804901,36.091977
37079,Greene County,37079-1-1,1,-77.825344,35.477506
37079,Greene County,37079-1-1,2,-77.826744,35.424090
37079,Greene County,37079-1-1,3,-77.815663,35.414288
37079,Greene County,37079-1-1,4,-77.805536,35.407504
37079,Greene County,37079-1-1,5,-77.799958,35.382814
37079,Greene County,37079-1-1,6,-77.806248,35.368754
37079,Greene County,37079-1-1,7,-77.777669,35.367664
37079,Greene County,37079-1-1,8,-77.741176,35.371966
37079,Greene County,37079-1-1,9,-77.701904,35.376582
37079,Greene County,37079-1-1,10,-77.679281,35.347515
37079,Greene County,37079-1-1,11,-77.660842,35.352814
37079,Greene County,37079-1-1,12,-77.638245,35.354249
37079,Greene County,37079-1-1,13,-77.606957,35.379497
37079,Greene County,37079-1-1,14,-77.589323,35.373763
37079,Greene County,37079-1-1,15,-77.540785,35.395929
37079,Greene County,37079-1-1,16,-77.534173,35.398104
37079,Greene County,37079-1-1,17,-77.528338,35.414336
37079,Greene County,37079-1-1,18,-77.509899,35.421517
37079,Greene County,37079-1-1,19,-77.481966,35.414451
37079,Greene County,37079-1-1,20,-77.475515,35.426655
37079,Greene County,37079-1-1,21,-77.476743,35.445412
37079,Greene County,37079-1-1,22,-77.492659,35.461467
37079,Greene County,37079-1-1,23,-77.500895,35.489197
37079,Greene County,37079-1-1,24,-77.511587,35.497035
37079,Greene County,37079-1-1,25,-77.503408,35.517975
37079,Greene County,37079-1-1,26,-77.529652,35.527916
37079,Greene County,37079-1-1,27,-77.545365,35.533030
37079,Greene County,37079-1-1,28,-77.557617,35.531865
37079,Greene County,37079-1-1,29,-77.570833,35.548842
37079,Greene County,37079-1-1,30,-77.598597,35.566112
37079,Greene County,37079-1-1,31,-77.610181,35.567511
37079,Greene County,37079-1-1,32,-77.650165,35.607029
37079,Greene County,37079-1-1,33,-77.681622,35.630762
37079,Greene County,37079-1-1,34,-77.688912,35.649447
37079,Greene County,37079-1-1,35,-77.700692,35.652295
37079,Greene County,37079-1-1,36,-77.801777,35.586205
37079,Greene County,37079-1-1,37,-77.806230,35.583474
37079,Greene County,37079-1-1,38,-77.822511,35.585383
37079,Greene County,37079-1-1,39,-77.825344,35.477506
37081,Guilford County,37081-1-1,1,-80.046050,35.945457
37081,Guilford County,37081-1-1,2,-80.046869,35.920693
37081,Guilford County,37081-1-1,3,-80.041582,35.920470
37081,Guilford County,37081-1-1,4,-79.999199,35.918746
37081,Guilford County,37081-1-1,5,-79.975134,35.917796
37081,Guilford County,37081-1-1,6,-79.962302,35.917265
37081,Guilford County,37081-1-1,7,-79.957259,35.917062
37081,Guilford County,37081-1-1,8,-79.934277,35.916304
37081,Guilford County,37081-1-1,9,-79.854633,35.912946
37081,Guilford County,37081-1-1,10,-79.809371,35.910976
37081,Guilford County,37081-1-1,11,-79.793324,35.910198
37081,Guilford County,37081-1-1,12,-79.704135,35.906425
37081,Guilford County,37081-1-1,13,-79.670774,35.905087
37081,Guilford County,37081-1-1,14,-79.661321,35.904709
37081,Guilford County,37081-1-1,15,-79.541728,35.899851
37081,Guilford County,37081-1-1,16,-79.540657,35.951937
37081,Guilford County,37081-1-1,17,-79.539887,35.993971
37081,Guilford County,37081-1-1,18,-79.539686,36.011151
37081,Guilford County,37081-1-1,19,-79.539278,36.063039
37081,Guilford County,37081-1-1,20,-79.539163,36.081152
37081,Guilford County,37081-1-1,21,-79.538273,36.105925
37081,Guilford County,37081-1-1,22,-79.535104,36.182412
37081,Guilford County,37081-1-1,23,-79.532410,36.241463
37081,Guilford County,37081-1-1,24,-79.666953,36.245118
37081,Guilford County,37081-1-1,25,-79.782448,36.248636
37081,Guilford County,37081-1-1,26,-79.838744,36.250570
37081,Guilford County,37081-1-1,27,-79.867407,36.251783
37081,Guilford County,37081-1-1,28,-79.881038,36.252408
37081,Guilford County,37081-1-1,29,-79.923090,36.253916
37081,Guilford County,37081-1-1,30,-80.035119,36.257184
37081,Guilford County,37081-1-1,31,-80.035984,36.228712
37081,Guilford County,37081-1-1,32,-80.036908,36.204509
37081,Guilford County,37081-1-1,33,-80.037670,36.179593
37081,Guilford County,37081-1-1,34,-80.037036,36.173467
37081,Guilford County,37081-1-1,35,-80.038715,36.149651
37081,Guilford County,37081-1-1,36,-80.040217,36.105419
37081,Guilford County,37081-1-1,37,-80.040220,36.105268
37081,Guilford County,37081-1-1,38,-80.040689,36.089939
37081,Guilford County,37081-1-1,39,-80.042187,36.043573
37081,Guilford County,37081-1-1,40,-80.042833,36.023954
37081,Guilford County,37081-1-1,41,-80.043053,36.017251
37081,Guilford County,37081-1-1,42,-80.043238,36.010758
37081,Guilford County,37081-1-1,43,-80.044942,35.972674
37081,Guilford County,37081-1-1,44,-80.046050,35.945457
37083,Halifax County,37083-1-1,1,-78.006551,36.202633
37083,Halifax County,37083-1-1,2,-77.977663,36.175259
37083,Halifax County,37083-1-1,3,-77.968089,36.194504
37083,Halifax County,37083-1-1,4,-77.950735,36.180658
37083,Halifax County,37083-1-1,5,-77.944004,36.192592
37083,Halifax County,37083-1-1,6,-77.924067,36.188973
37083,Halifax County,37083-1-1,7,-77.923032,36.166897
37083,Halifax County,37083-1-1,8,-77.901139,36.162894
37083,Halifax County,37083-1-1,9,-77.891739,36.149847
37083,Halifax County,37083-1-1,10,-77.887876,36.143966
37083,Halifax County,37083-1-1,11,-77.860523,36.148837
37083,Halifax County,37083-1-1,12,-77.786401,36.142953
37083,Halifax County,37083-1-1,13,-77.753854,36.151210
37083,Halifax County,37083-1-1,14,-77.752800,36.157232
37083,Halifax County,37083-1-1,15,-77.737184,36.153748
37083,Halifax County,37083-1-1,16,-77.721332,36.133795
37083,Halifax County,37083-1-1,17,-77.697956,36.153150
37083,Halifax County,37083-1-1,18,-77.678990,36.154493
37083,Halifax County,37083-1-1,19,-77.670295,36.137288
37083,Halifax County,37083-1-1,20,-77.644676,36.138187
37083,Halifax County,37083-1-1,21,-77.631628,36.126667
37083,Halifax County,37083-1-1,22,-77.630148,36.115565
37083,Halifax County,37083-1-1,23,-77.605600,36.110410
37083,Halifax County,37083-1-1,24,-77.596545,36.100961
37083,Halifax County,37083-1-1,25,-77.533610,36.091183
37083,Halifax County,37083-1-1,26,-77.533585,36.084881
37083,Halifax County,37083-1-1,27,-77.535724,36.078021
37083,Halifax County,37083-1-1,28,-77.531490,36.076188
37083,Halifax County,37083-1-1,29,-77.530775,36.072876
37083,Halifax County,37083-1-1,30,-77.528072,36.073426
37083,Halifax County,37083-1-1,31,-77.540136,36.060828
37083,Halifax County,37083-1-1,32,-77.517646,36.036775
37083,Halifax County,37083-1-1,33,-77.474851,36.037775
37083,Halifax County,37083-1-1,34,-77.439301,36.021212
37083,Halifax County,37083-1-1,35,-77.421138,36.003609
37083,Halifax County,37083-1-1,36,-77.402614,36.004966
37083,Halifax County,37083-1-1,37,-77.339809,36.066184
37083,Halifax County,37083-1-1,38,-77.327569,36.071361
37083,Halifax County,37083-1-1,39,-77.313225,36.089167
37083,Halifax County,37083-1-1,40,-77.230275,36.104999
37083,Halifax County,37083-1-1,41,-77.249485,36.113764
37083,Halifax County,37083-1-1,42,-77.252166,36.136003
37083,Halifax County,37083-1-1,43,-77.264550,36.139054
37083,Halifax County,37083-1-1,44,-77.264469,36.159331
37083,Halifax County,37083-1-1,45,-77.291519,36.168342
37083,Halifax County,37083-1-1,46,-77.300414,36.164937
37083,Halifax County,37083-1-1,47,-77.328370,36.191907
37083,Halifax County,37083-1-1,48,-77.350971,36.191532
37083,Halifax County,37083-1-1,49,-77.383633,36.208976
37083,Halifax County,37083-1-1,50,-77.380559,36.249265
37083,Halifax County,37083-1-1,51,-77.409684,36.263800
37083,Halifax County,37083-1-1,52,-77.414418,36.293472
37083,Halifax County,37083-1-1,53,-77.441663,36.324353
37083,Halifax County,37083-1-1,54,-77.470753,36.320130
37083,Halifax County,37083-1-1,55,-77.495096,36.308381
37083,Halifax County,37083-1-1,56,-77.556296,36.305208
37083,Halifax County,37083-1-1,57,-77.570777,36.313537
37083,Halifax County,37083-1-1,58,-77.584134,36.340422
37083,Halifax County,37083-1-1,59,-77.547012,36.373914
37083,Halifax County,37083-1-1,60,-77.550113,36.413362
37083,Halifax County,37083-1-1,61,-77.625213,36.445189
37083,Halifax County,37083-1-1,62,-77.641829,36.477961
37083,Halifax County,37083-1-1,63,-77.645744,36.480673
37083,Halifax County,37083-1-1,64,-77.649835,36.481443
37083,Halifax County,37083-1-1,65,-77.677420,36.478895
37083,Halifax County,37083-1-1,66,-77.726493,36.487490
37083,Halifax County,37083-1-1,67,-77.751090,36.478813
37083,Halifax County,37083-1-1,68,-77.770089,36.480547
37083,Halifax County,37083-1-1,69,-77.809345,36.498339
37083,Halifax County,37083-1-1,70,-77.892790,36.511972
37083,Halifax County,37083-1-1,71,-77.899524,36.504259
37083,Halifax County,37083-1-1,72,-77.909245,36.473937
37083,Halifax County,37083-1-1,73,-77.911795,36.442807
37083,Halifax County,37083-1-1,74,-77.919208,36.431530
37083,Halifax County,37083-1-1,75,-77.912064,36.424769
37083,Halifax County,37083-1-1,76,-77.912028,36.382272
37083,Halifax County,37083-1-1,77,-77.942406,36.298526
37083,Halifax County,37083-1-1,78,-78.006551,36.202633
37085,Harnett County,37085-1-1,1,-79.196097,35.294795
37085,Harnett County,37085-1-1,2,-79.223021,35.268133
37085,Harnett County,37085-1-1,3,-79.193750,35.250230
37085,Harnett County,37085-1-1,4,-79.165108,35.240925
37085,Harnett County,37085-1-1,5,-79.153881,35.229226
37085,Harnett County,37085-1-1,6,-79.154164,35.220386
37085,Harnett County,37085-1-1,7,-79.151636,35.213999
37085,Harnett County,37085-1-1,8,-79.095808,35.192068
37085,Harnett County,37085-1-1,9,-79.046124,35.203457
37085,Harnett County,37085-1-1,10,-78.997687,35.214093
37085,Harnett County,37085-1-1,11,-78.941581,35.219300
37085,Harnett County,37085-1-1,12,-78.938523,35.218996
37085,Harnett County,37085-1-1,13,-78.935534,35.218734
37085,Harnett County,37085-1-1,14,-78.925175,35.223838
37085,Harnett County,37085-1-1,15,-78.878390,35.231602
37085,Harnett County,37085-1-1,16,-78.876057,35.241536
37085,Harnett County,37085-1-1,17,-78.793447,35.265976
37085,Harnett County,37085-1-1,18,-78.736493,35.261663
37085,Harnett County,37085-1-1,19,-78.725564,35.266900
37085,Harnett County,37085-1-1,20,-78.703102,35.256850
37085,Harnett County,37085-1-1,21,-78.702740,35.256815
37085,Harnett County,37085-1-1,22,-78.643685,35.249142
37085,Harnett County,37085-1-1,23,-78.630443,35.247412
37085,Harnett County,37085-1-1,24,-78.617114,35.245718
37085,Harnett County,37085-1-1,25,-78.584639,35.273312
37085,Harnett County,37085-1-1,26,-78.581876,35.298125
37085,Harnett County,37085-1-1,27,-78.572491,35.297787
37085,Harnett County,37085-1-1,28,-78.570366,35.302049
37085,Harnett County,37085-1-1,29,-78.538349,35.316410
37085,Harnett County,37085-1-1,30,-78.529851,35.334935
37085,Harnett County,37085-1-1,31,-78.562832,35.363960
37085,Harnett County,37085-1-1,32,-78.567564,35.367813
37085,Harnett County,37085-1-1,33,-78.575401,35.389130
37085,Harnett County,37085-1-1,34,-78.595094,35.401948
37085,Harnett County,37085-1-1,35,-78.609946,35.427192
37085,Harnett County,37085-1-1,36,-78.607183,35.432118
37085,Harnett County,37085-1-1,37,-78.614601,35.441952
37085,Harnett County,37085-1-1,38,-78.649591,35.471434
37085,Harnett County,37085-1-1,39,-78.653433,35.483953
37085,Harnett County,37085-1-1,40,-78.660555,35.496245
37085,Harnett County,37085-1-1,41,-78.686885,35.501851
37085,Harnett County,37085-1-1,42,-78.689661,35.515931
37085,Harnett County,37085-1-1,43,-78.708902,35.519458
37085,Harnett County,37085-1-1,44,-78.744552,35.530565
37085,Harnett County,37085-1-1,45,-78.776452,35.540476
37085,Harnett County,37085-1-1,46,-78.778867,35.541238
37085,Harnett County,37085-1-1,47,-78.812140,35.551576
37085,Harnett County,37085-1-1,48,-78.823627,35.555154
37085,Harnett County,37085-1-1,49,-78.849533,35.563248
37085,Harnett County,37085-1-1,50,-78.854583,35.564831
37085,Harnett County,37085-1-1,51,-78.916067,35.584102
37085,Harnett County,37085-1-1,52,-78.969640,35.521669
37085,Harnett County,37085-1-1,53,-78.969816,35.521498
37085,Harnett County,37085-1-1,54,-79.052729,35.438531
37085,Harnett County,37085-1-1,55,-79.076874,35.414329
37085,Harnett County,37085-1-1,56,-79.088932,35.402235
37085,Harnett County,37085-1-1,57,-79.108798,35.382298
37085,Harnett County,37085-1-1,58,-79.183556,35.307161
37085,Harnett County,37085-1-1,59,-79.196097,35.294795
37087,Haywood County,37087-1-1,1,-83.256111,35.703961
37087,Haywood County,37087-1-1,2,-83.255126,35.701493
37087,Haywood County,37087-1-1,3,-83.255610,35.696061
37087,Haywood County,37087-1-1,4,-83.214907,35.692112
37087,Haywood County,37087-1-1,5,-83.207665,35.681599
37087,Haywood County,37087-1-1,6,-83.181977,35.671327
37087,Haywood County,37087-1-1,7,-83.202323,35.650252
37087,Haywood County,37087-1-1,8,-83.175871,35.627500
37087,Haywood County,37087-1-1,9,-83.175980,35.612450
37087,Haywood County,37087-1-1,10,-83.185519,35.598271
37087,Haywood County,37087-1-1,11,-83.182109,35.584537
37087,Haywood County,37087-1-1,12,-83.166964,35.578690
37087,Haywood County,37087-1-1,13,-83.156565,35.552089
37087,Haywood County,37087-1-1,14,-83.173983,35.521681
37087,Haywood County,37087-1-1,15,-83.180288,35.518963
37087,Haywood County,37087-1-1,16,-83.186322,35.514368
37087,Haywood County,37087-1-1,17,-83.163476,35.508950
37087,Haywood County,37087-1-1,18,-83.161390,35.496494
37087,Haywood County,37087-1-1,19,-83.138200,35.490788
37087,Haywood County,37087-1-1,20,-83.137700,35.464369
37087,Haywood County,37087-1-1,21,-83.122086,35.465465
37087,Haywood County,37087-1-1,22,-83.109149,35.464116
37087,Haywood County,37087-1-1,23,-83.079540,35.447647
37087,Haywood County,37087-1-1,24,-83.078569,35.434039
37087,Haywood County,37087-1-1,25,-83.053691,35.424236
37087,Haywood County,37087-1-1,26,-83.043724,35.394395
37087,Haywood County,37087-1-1,27,-83.027923,35.383143
37087,Haywood County,37087-1-1,28,-83.000582,35.374728
37087,Haywood County,37087-1-1,29,-82.990358,35.367616
37087,Haywood County,37087-1-1,30,-82.964690,35.332920
37087,Haywood County,37087-1-1,31,-82.964725,35.315289
37087,Haywood County,37087-1-1,32,-82.927321,35.302802
37087,Haywood County,37087-1-1,33,-82.920881,35.292037
37087,Haywood County,37087-1-1,34,-82.883306,35.308807
37087,Haywood County,37087-1-1,35,-82.876429,35.314581
37087,Haywood County,37087-1-1,36,-82.831628,35.318590
37087,Haywood County,37087-1-1,37,-82.805116,35.347966
37087,Haywood County,37087-1-1,38,-82.790776,35.373403
37087,Haywood County,37087-1-1,39,-82.774539,35.393308
37087,Haywood County,37087-1-1,40,-82.745620,35.407345
37087,Haywood County,37087-1-1,41,-82.745139,35.422967
37087,Haywood County,37087-1-1,42,-82.781691,35.439542
37087,Haywood County,37087-1-1,43,-82.799493,35.471227
37087,Haywood County,37087-1-1,44,-82.779491,35.516894
37087,Haywood County,37087-1-1,45,-82.780017,35.525926
37087,Haywood County,37087-1-1,46,-82.766519,35.537913
37087,Haywood County,37087-1-1,47,-82.765948,35.539001
37087,Haywood County,37087-1-1,48,-82.765863,35.540695
37087,Haywood County,37087-1-1,49,-82.777524,35.555619
37087,Haywood County,37087-1-1,50,-82.765921,35.567580
37087,Haywood County,37087-1-1,51,-82.784267,35.591377
37087,Haywood County,37087-1-1,52,-82.797124,35.596146
37087,Haywood County,37087-1-1,53,-82.813146,35.627931
37087,Haywood County,37087-1-1,54,-82.846399,35.614417
37087,Haywood County,37087-1-1,55,-82.853561,35.636820
37087,Haywood County,37087-1-1,56,-82.864383,35.634651
37087,Haywood County,37087-1-1,57,-82.877053,35.666508
37087,Haywood County,37087-1-1,58,-82.888009,35.672722
37087,Haywood County,37087-1-1,59,-82.883909,35.678235
37087,Haywood County,37087-1-1,60,-82.901071,35.684929
37087,Haywood County,37087-1-1,61,-82.898614,35.703736
37087,Haywood County,37087-1-1,62,-82.910409,35.716184
37087,Haywood County,37087-1-1,63,-82.917650,35.744808
37087,Haywood County,37087-1-1,64,-82.947879,35.738945
37087,Haywood County,37087-1-1,65,-82.957176,35.746843
37087,Haywood County,37087-1-1,66,-82.950078,35.766359
37087,Haywood County,37087-1-1,67,-82.962898,35.791735
37087,Haywood County,37087-1-1,68,-82.964088,35.789980
37087,Haywood County,37087-1-1,69,-82.969648,35.789663
37087,Haywood County,37087-1-1,70,-82.974463,35.786790
37087,Haywood County,37087-1-1,71,-82.978414,35.782610
37087,Haywood County,37087-1-1,72,-82.983970,35.778010
37087,Haywood County,37087-1-1,73,-82.992053,35.773948
37087,Haywood County,37087-1-1,74,-82.995803,35.773128
37087,Haywood County,37087-1-1,75,-83.001473,35.773752
37087,Haywood County,37087-1-1,76,-83.006067,35.778404
37087,Haywood County,37087-1-1,77,-83.012377,35.779818
37087,Haywood County,37087-1-1,78,-83.024910,35.783808
37087,Haywood County,37087-1-1,79,-83.036209,35.787405
37087,Haywood County,37087-1-1,80,-83.039510,35.786777
37087,Haywood County,37087-1-1,81,-83.042666,35.785407
37087,Haywood County,37087-1-1,82,-83.044108,35.785347
37087,Haywood County,37087-1-1,83,-83.046307,35.785853
37087,Haywood County,37087-1-1,84,-83.048530,35.787706
37087,Haywood County,37087-1-1,85,-83.052677,35.789548
37087,Haywood County,37087-1-1,86,-83.058340,35.788241
37087,Haywood County,37087-1-1,87,-83.061507,35.786774
37087,Haywood County,37087-1-1,88,-83.063975,35.786643
37087,Haywood County,37087-1-1,89,-83.072221,35.788310
37087,Haywood County,37087-1-1,90,-83.074030,35.790016
37087,Haywood County,37087-1-1,91,-83.078732,35.789472
37087,Haywood County,37087-1-1,92,-83.085205,35.785794
37087,Haywood County,37087-1-1,93,-83.086054,35.783627
37087,Haywood County,37087-1-1,94,-83.097193,35.776067
37087,Haywood County,37087-1-1,95,-83.098054,35.775697
37087,Haywood County,37087-1-1,96,-83.100225,35.774765
37087,Haywood County,37087-1-1,97,-83.100329,35.774804
37087,Haywood County,37087-1-1,98,-83.100233,35.774745
37087,Haywood County,37087-1-1,99,-83.102320,35.775071
37087,Haywood County,37087-1-1,100,-83.104584,35.774230
37087,Haywood County,37087-1-1,101,-83.104805,35.773480
37087,Haywood County,37087-1-1,102,-83.110491,35.770913
37087,Haywood County,37087-1-1,103,-83.111146,35.770768
37087,Haywood County,37087-1-1,104,-83.111205,35.770755
37087,Haywood County,37087-1-1,105,-83.113662,35.770211
37087,Haywood County,37087-1-1,106,-83.120183,35.766234
37087,Haywood County,37087-1-1,107,-83.127707,35.768093
37087,Haywood County,37087-1-1,108,-83.146970,35.765124
37087,Haywood County,37087-1-1,109,-83.148080,35.764295
37087,Haywood County,37087-1-1,110,-83.154080,35.764280
37087,Haywood County,37087-1-1,111,-83.159208,35.764892
37087,Haywood County,37087-1-1,112,-83.161537,35.763363
37087,Haywood County,37087-1-1,113,-83.164909,35.759965
37087,Haywood County,37087-1-1,114,-83.165427,35.758700
37087,Haywood County,37087-1-1,115,-83.164770,35.754618
37087,Haywood County,37087-1-1,116,-83.170173,35.746107
37087,Haywood County,37087-1-1,117,-83.171867,35.745978
37087,Haywood County,37087-1-1,118,-83.177499,35.743913
37087,Haywood County,37087-1-1,119,-83.180836,35.738882
37087,Haywood County,37087-1-1,120,-83.182097,35.735492
37087,Haywood County,37087-1-1,121,-83.185685,35.729890
37087,Haywood County,37087-1-1,122,-83.188370,35.729798
37087,Haywood County,37087-1-1,123,-83.198267,35.725494
37087,Haywood County,37087-1-1,124,-83.200126,35.725331
37087,Haywood County,37087-1-1,125,-83.203752,35.726553
37087,Haywood County,37087-1-1,126,-83.214501,35.724434
37087,Haywood County,37087-1-1,127,-83.216972,35.725752
37087,Haywood County,37087-1-1,128,-83.219981,35.726601
37087,Haywood County,37087-1-1,129,-83.222627,35.726138
37087,Haywood County,37087-1-1,130,-83.232042,35.726098
37087,Haywood County,37087-1-1,131,-83.240669,35.726760
37087,Haywood County,37087-1-1,132,-83.242132,35.723638
37087,Haywood County,37087-1-1,133,-83.243501,35.722533
37087,Haywood County,37087-1-1,134,-83.251247,35.719916
37087,Haywood County,37087-1-1,135,-83.255351,35.716230
37087,Haywood County,37087-1-1,136,-83.255476,35.715091
37087,Haywood County,37087-1-1,137,-83.255489,35.714974
37087,Haywood County,37087-1-1,138,-83.254481,35.712362
37087,Haywood County,37087-1-1,139,-83.254230,35.709478
37087,Haywood County,37087-1-1,140,-83.255108,35.707096
37087,Haywood County,37087-1-1,141,-83.256111,35.703961
37089,Henderson County,37089-1-1,1,-82.730462,35.434180
37089,Henderson County,37089-1-1,2,-82.745139,35.422967
37089,Henderson County,37089-1-1,3,-82.666702,35.347458
37089,Henderson County,37089-1-1,4,-82.647379,35.328934
37089,Henderson County,37089-1-1,5,-82.619248,35.303708
37089,Henderson County,37089-1-1,6,-82.623934,35.298154
37089,Henderson County,37089-1-1,7,-82.618769,35.288422
37089,Henderson County,37089-1-1,8,-82.616119,35.260066
37089,Henderson County,37089-1-1,9,-82.608424,35.260347
37089,Henderson County,37089-1-1,10,-82.604267,35.258940
37089,Henderson County,37089-1-1,11,-82.604016,35.225985
37089,Henderson County,37089-1-1,12,-82.603968,35.221791
37089,Henderson County,37089-1-1,13,-82.600757,35.207123
37089,Henderson County,37089-1-1,14,-82.585110,35.151557
37089,Henderson County,37089-1-1,15,-82.574168,35.143666
37089,Henderson County,37089-1-1,16,-82.569912,35.145268
37089,Henderson County,37089-1-1,17,-82.567486,35.147694
37089,Henderson County,37089-1-1,18,-82.566193,35.150119
37089,Henderson County,37089-1-1,19,-82.563767,35.151575
37089,Henderson County,37089-1-1,20,-82.560807,35.151644
37089,Henderson County,37089-1-1,21,-82.558593,35.150928
37089,Henderson County,37089-1-1,22,-82.556168,35.151736
37089,Henderson County,37089-1-1,23,-82.554874,35.152868
37089,Henderson County,37089-1-1,24,-82.554871,35.154639
37089,Henderson County,37089-1-1,25,-82.554227,35.156911
37089,Henderson County,37089-1-1,26,-82.552934,35.158042
37089,Henderson County,37089-1-1,27,-82.550508,35.159498
37089,Henderson County,37089-1-1,28,-82.547436,35.160306
37089,Henderson County,37089-1-1,29,-82.544525,35.160306
37089,Henderson County,37089-1-1,30,-82.540483,35.160306
37089,Henderson County,37089-1-1,31,-82.536218,35.159259
37089,Henderson County,37089-1-1,32,-82.535967,35.158664
37089,Henderson County,37089-1-1,33,-82.534662,35.156911
37089,Henderson County,37089-1-1,34,-82.532560,35.155617
37089,Henderson County,37089-1-1,35,-82.529973,35.155617
37089,Henderson County,37089-1-1,36,-82.525930,35.156749
37089,Henderson County,37089-1-1,37,-82.521403,35.158851
37089,Henderson County,37089-1-1,38,-82.519210,35.161044
37089,Henderson County,37089-1-1,39,-82.517284,35.162643
37089,Henderson County,37089-1-1,40,-82.516910,35.163029
37089,Henderson County,37089-1-1,41,-82.516044,35.163442
37089,Henderson County,37089-1-1,42,-82.506137,35.163894
37089,Henderson County,37089-1-1,43,-82.499843,35.163675
37089,Henderson County,37089-1-1,44,-82.495506,35.164312
37089,Henderson County,37089-1-1,45,-82.490766,35.169715
37089,Henderson County,37089-1-1,46,-82.487357,35.172494
37089,Henderson County,37089-1-1,47,-82.483937,35.173798
37089,Henderson County,37089-1-1,48,-82.476136,35.175486
37089,Henderson County,37089-1-1,49,-82.472313,35.174619
37089,Henderson County,37089-1-1,50,-82.467991,35.174633
37089,Henderson County,37089-1-1,51,-82.460092,35.178143
37089,Henderson County,37089-1-1,52,-82.455609,35.177425
37089,Henderson County,37089-1-1,53,-82.452987,35.174690
37089,Henderson County,37089-1-1,54,-82.452879,35.173694
37089,Henderson County,37089-1-1,55,-82.452764,35.172626
37089,Henderson County,37089-1-1,56,-82.452931,35.168999
37089,Henderson County,37089-1-1,57,-82.451201,35.165260
37089,Henderson County,37089-1-1,58,-82.448969,35.165037
37089,Henderson County,37089-1-1,59,-82.439595,35.165863
37089,Henderson County,37089-1-1,60,-82.435689,35.167715
37089,Henderson County,37089-1-1,61,-82.434126,35.170784
37089,Henderson County,37089-1-1,62,-82.428000,35.183224
37089,Henderson County,37089-1-1,63,-82.424461,35.193092
37089,Henderson County,37089-1-1,64,-82.419744,35.198613
37089,Henderson County,37089-1-1,65,-82.417597,35.200131
37089,Henderson County,37089-1-1,66,-82.411301,35.202483
37089,Henderson County,37089-1-1,67,-82.403348,35.204473
37089,Henderson County,37089-1-1,68,-82.395697,35.213214
37089,Henderson County,37089-1-1,69,-82.392930,35.215402
37089,Henderson County,37089-1-1,70,-82.390439,35.215395
37089,Henderson County,37089-1-1,71,-82.384029,35.210542
37089,Henderson County,37089-1-1,72,-82.383776,35.207646
37089,Henderson County,37089-1-1,73,-82.380524,35.202276
37089,Henderson County,37089-1-1,74,-82.378744,35.198053
37089,Henderson County,37089-1-1,75,-82.379191,35.195894
37089,Henderson County,37089-1-1,76,-82.380605,35.193586
37089,Henderson County,37089-1-1,77,-82.381201,35.191203
37089,Henderson County,37089-1-1,78,-82.380903,35.189565
37089,Henderson County,37089-1-1,79,-82.379712,35.186884
37089,Henderson County,37089-1-1,80,-82.376808,35.184427
37089,Henderson County,37089-1-1,81,-82.373218,35.182201
37089,Henderson County,37089-1-1,82,-82.371298,35.181449
37089,Henderson County,37089-1-1,83,-82.368990,35.181747
37089,Henderson County,37089-1-1,84,-82.364299,35.184725
37089,Henderson County,37089-1-1,85,-82.363479,35.186214
37089,Henderson County,37089-1-1,86,-82.363554,35.188001
37089,Henderson County,37089-1-1,87,-82.363256,35.189639
37089,Henderson County,37089-1-1,88,-82.361469,35.190831
37089,Henderson County,37089-1-1,89,-82.353654,35.192223
37089,Henderson County,37089-1-1,90,-82.351617,35.219271
37089,Henderson County,37089-1-1,91,-82.359256,35.228325
37089,Henderson County,37089-1-1,92,-82.359152,35.244489
37089,Henderson County,37089-1-1,93,-82.349653,35.244305
37089,Henderson County,37089-1-1,94,-82.348827,35.254519
37089,Henderson County,37089-1-1,95,-82.346850,35.279725
37089,Henderson County,37089-1-1,96,-82.327680,35.308919
37089,Henderson County,37089-1-1,97,-82.310429,35.314708
37089,Henderson County,37089-1-1,98,-82.305285,35.331558
37089,Henderson County,37089-1-1,99,-82.298142,35.335910
37089,Henderson County,37089-1-1,100,-82.280764,35.365942
37089,Henderson County,37089-1-1,101,-82.261463,35.388449
37089,Henderson County,37089-1-1,102,-82.261305,35.393198
37089,Henderson County,37089-1-1,103,-82.270228,35.400549
37089,Henderson County,37089-1-1,104,-82.280529,35.443393
37089,Henderson County,37089-1-1,105,-82.276844,35.448355
37089,Henderson County,37089-1-1,106,-82.265795,35.467818
37089,Henderson County,37089-1-1,107,-82.325383,35.496748
37089,Henderson County,37089-1-1,108,-82.337881,35.498494
37089,Henderson County,37089-1-1,109,-82.371853,35.480009
37089,Henderson County,37089-1-1,110,-82.363133,35.460960
37089,Henderson County,37089-1-1,111,-82.425080,35.470305
37089,Henderson County,37089-1-1,112,-82.456127,35.449650
37089,Henderson County,37089-1-1,113,-82.476526,35.445112
37089,Henderson County,37089-1-1,114,-82.480656,35.445065
37089,Henderson County,37089-1-1,115,-82.494922,35.444903
37089,Henderson County,37089-1-1,116,-82.534910,35.444413
37089,Henderson County,37089-1-1,117,-82.533228,35.416450
37089,Henderson County,37089-1-1,118,-82.544387,35.423547
37089,Henderson County,37089-1-1,119,-82.548825,35.444305
37089,Henderson County,37089-1-1,120,-82.558100,35.444074
37089,Henderson County,37089-1-1,121,-82.570608,35.431045
37089,Henderson County,37089-1-1,122,-82.599094,35.437086
37089,Henderson County,37089-1-1,123,-82.621399,35.435884
37089,Henderson County,37089-1-1,124,-82.659463,35.452799
37089,Henderson County,37089-1-1,125,-82.672658,35.459426
37089,Henderson County,37089-1-1,126,-82.705652,35.452635
37089,Henderson County,37089-1-1,127,-82.730462,35.434180
37091,Hertford County,37091-1-1,1,-77.207289,36.249716
37091,Hertford County,37091-1-1,2,-77.208468,36.246578
37091,Hertford County,37091-1-1,3,-77.183144,36.242825
37091,Hertford County,37091-1-1,4,-77.158994,36.242332
37091,Hertford County,37091-1-1,5,-77.042120,36.239852
37091,Hertford County,37091-1-1,6,-76.986159,36.242074
37091,Hertford County,37091-1-1,7,-76.971399,36.238130
37091,Hertford County,37091-1-1,8,-76.943953,36.241372
37091,Hertford County,37091-1-1,9,-76.928226,36.240132
37091,Hertford County,37091-1-1,10,-76.900162,36.243003
37091,Hertford County,37091-1-1,11,-76.720198,36.243805
37091,Hertford County,37091-1-1,12,-76.693253,36.278357
37091,Hertford County,37091-1-1,13,-76.691640,36.277317
37091,Hertford County,37091-1-1,14,-76.694813,36.285023
37091,Hertford County,37091-1-1,15,-76.696571,36.296138
37091,Hertford County,37091-1-1,16,-76.735329,36.324061
37091,Hertford County,37091-1-1,17,-76.760200,36.351672
37091,Hertford County,37091-1-1,18,-76.775747,36.360463
37091,Hertford County,37091-1-1,19,-76.795409,36.359717
37091,Hertford County,37091-1-1,20,-76.821442,36.364127
37091,Hertford County,37091-1-1,21,-76.896113,36.390444
37091,Hertford County,37091-1-1,22,-76.905747,36.390058
37091,Hertford County,37091-1-1,23,-76.945388,36.412377
37091,Hertford County,37091-1-1,24,-76.946546,36.431058
37091,Hertford County,37091-1-1,25,-76.950606,36.470790
37091,Hertford County,37091-1-1,26,-76.933375,36.472623
37091,Hertford County,37091-1-1,27,-76.919357,36.505403
37091,Hertford County,37091-1-1,28,-76.903135,36.519096
37091,Hertford County,37091-1-1,29,-76.905063,36.522567
37091,Hertford County,37091-1-1,30,-76.910283,36.526889
37091,Hertford County,37091-1-1,31,-76.914287,36.528181
37091,Hertford County,37091-1-1,32,-76.917183,36.530917
37091,Hertford County,37091-1-1,33,-76.922154,36.528787
37091,Hertford County,37091-1-1,34,-76.924991,36.530744
37091,Hertford County,37091-1-1,35,-76.923916,36.532318
37091,Hertford County,37091-1-1,36,-76.920889,36.531875
37091,Hertford County,37091-1-1,37,-76.920072,36.534125
37091,Hertford County,37091-1-1,38,-76.921464,36.538449
37091,Hertford County,37091-1-1,39,-76.916383,36.538725
37091,Hertford County,37091-1-1,40,-76.914002,36.542661
37091,Hertford County,37091-1-1,41,-76.916060,36.543837
37091,Hertford County,37091-1-1,42,-76.916048,36.543815
37091,Hertford County,37091-1-1,43,-76.921628,36.543840
37091,Hertford County,37091-1-1,44,-77.095062,36.544626
37091,Hertford County,37091-1-1,45,-77.103025,36.544455
37091,Hertford County,37091-1-1,46,-77.124812,36.543986
37091,Hertford County,37091-1-1,47,-77.152691,36.544078
37091,Hertford County,37091-1-1,48,-77.164370,36.546305
37091,Hertford County,37091-1-1,49,-77.148685,36.534142
37091,Hertford County,37091-1-1,50,-77.147870,36.524985
37091,Hertford County,37091-1-1,51,-77.093224,36.518216
37091,Hertford County,37091-1-1,52,-77.082474,36.511469
37091,Hertford County,37091-1-1,53,-77.085432,36.499961
37091,Hertford County,37091-1-1,54,-77.074222,36.499401
37091,Hertford County,37091-1-1,55,-77.066443,36.482914
37091,Hertford County,37091-1-1,56,-77.091502,36.471751
37091,Hertford County,37091-1-1,57,-77.099930,36.479095
37091,Hertford County,37091-1-1,58,-77.122959,36.471218
37091,Hertford County,37091-1-1,59,-77.137228,36.455383
37091,Hertford County,37091-1-1,60,-77.131348,36.437826
37091,Hertford County,37091-1-1,61,-77.159534,36.365772
37091,Hertford County,37091-1-1,62,-77.199041,36.267725
37091,Hertford County,37091-1-1,63,-77.207289,36.249716
37093,Hoke County,37093-1-1,1,-79.458751,35.043639
37093,Hoke County,37093-1-1,2,-79.457198,35.037558
37093,Hoke County,37093-1-1,3,-79.377834,34.973996
37093,Hoke County,37093-1-1,4,-79.353124,34.944242
37093,Hoke County,37093-1-1,5,-79.356088,34.932951
37093,Hoke County,37093-1-1,6,-79.350207,34.922367
37093,Hoke County,37093-1-1,7,-79.348854,34.887446
37093,Hoke County,37093-1-1,8,-79.337269,34.853716
37093,Hoke County,37093-1-1,9,-79.347868,34.838553
37093,Hoke County,37093-1-1,10,-79.301788,34.837153
37093,Hoke County,37093-1-1,11,-79.230161,34.834930
37093,Hoke County,37093-1-1,12,-79.191391,34.833717
37093,Hoke County,37093-1-1,13,-79.185540,34.838291
37093,Hoke County,37093-1-1,14,-79.166706,34.853007
37093,Hoke County,37093-1-1,15,-79.128350,34.882939
37093,Hoke County,37093-1-1,16,-79.066758,34.930919
37093,Hoke County,37093-1-1,17,-79.038747,34.952715
37093,Hoke County,37093-1-1,18,-79.037302,34.953839
37093,Hoke County,37093-1-1,19,-79.034775,34.963119
37093,Hoke County,37093-1-1,20,-79.048155,34.981366
37093,Hoke County,37093-1-1,21,-79.049699,34.991954
37093,Hoke County,37093-1-1,22,-79.056831,34.999824
37093,Hoke County,37093-1-1,23,-79.059360,35.003002
37093,Hoke County,37093-1-1,24,-79.061892,35.008926
37093,Hoke County,37093-1-1,25,-79.083186,35.032660
37093,Hoke County,37093-1-1,26,-79.091627,35.047303
37093,Hoke County,37093-1-1,27,-79.090023,35.053822
37093,Hoke County,37093-1-1,28,-79.089398,35.070442
37093,Hoke County,37093-1-1,29,-79.101162,35.114332
37093,Hoke County,37093-1-1,30,-79.112921,35.125651
37093,Hoke County,37093-1-1,31,-79.097551,35.174233
37093,Hoke County,37093-1-1,32,-79.125086,35.166524
37093,Hoke County,37093-1-1,33,-79.142711,35.168984
37093,Hoke County,37093-1-1,34,-79.151968,35.174187
37093,Hoke County,37093-1-1,35,-79.156128,35.179945
37093,Hoke County,37093-1-1,36,-79.167641,35.180942
37093,Hoke County,37093-1-1,37,-79.167490,35.184191
37093,Hoke County,37093-1-1,38,-79.173169,35.187108
37093,Hoke County,37093-1-1,39,-79.172394,35.191507
37093,Hoke County,37093-1-1,40,-79.175214,35.193060
37093,Hoke County,37093-1-1,41,-79.180756,35.189790
37093,Hoke County,37093-1-1,42,-79.184055,35.192318
37093,Hoke County,37093-1-1,43,-79.211853,35.194056
37093,Hoke County,37093-1-1,44,-79.216453,35.197704
37093,Hoke County,37093-1-1,45,-79.243890,35.213666
37093,Hoke County,37093-1-1,46,-79.285103,35.192840
37093,Hoke County,37093-1-1,47,-79.284719,35.190167
37093,Hoke County,37093-1-1,48,-79.312300,35.168485
37093,Hoke County,37093-1-1,49,-79.335477,35.161588
37093,Hoke County,37093-1-1,50,-79.348448,35.148684
37093,Hoke County,37093-1-1,51,-79.380544,35.118058
37093,Hoke County,37093-1-1,52,-79.385612,35.113173
37093,Hoke County,37093-1-1,53,-79.429931,35.072342
37093,Hoke County,37093-1-1,54,-79.458751,35.043639
37095,Hyde County,37095-1-1,1,-76.637513,35.705215
37095,Hyde County,37095-1-1,2,-76.601982,35.670055
37095,Hyde County,37095-1-1,3,-76.606119,35.646733
37095,Hyde County,37095-1-1,4,-76.578306,35.612037
37095,Hyde County,37095-1-1,5,-76.551061,35.596632
37095,Hyde County,37095-1-1,6,-76.534313,35.595594
37095,Hyde County,37095-1-1,7,-76.539011,35.582937
37095,Hyde County,37095-1-1,8,-76.519287,35.584839
37095,Hyde County,37095-1-1,9,-76.501356,35.571612
37095,Hyde County,37095-1-1,10,-76.492147,35.572908
37095,Hyde County,37095-1-1,11,-76.467763,35.555818
37095,Hyde County,37095-1-1,12,-76.456427,35.550546
37095,Hyde County,37095-1-1,13,-76.476706,35.511707
37095,Hyde County,37095-1-1,14,-76.586349,35.508957
37095,Hyde County,37095-1-1,15,-76.540292,35.410657
37095,Hyde County,37095-1-1,16,-76.499251,35.381492
37095,Hyde County,37095-1-1,17,-76.485762,35.371375
37095,Hyde County,37095-1-1,18,-76.472273,35.371375
37095,Hyde County,37095-1-1,19,-76.462156,35.380368
37095,Hyde County,37095-1-1,20,-76.455411,35.383741
37095,Hyde County,37095-1-1,21,-76.448666,35.383741
37095,Hyde County,37095-1-1,22,-76.436301,35.378120
37095,Hyde County,37095-1-1,23,-76.431805,35.362383
37095,Hyde County,37095-1-1,24,-76.420564,35.359010
37095,Hyde County,37095-1-1,25,-76.409323,35.353390
37095,Hyde County,37095-1-1,26,-76.408199,35.350017
37095,Hyde County,37095-1-1,27,-76.399206,35.348893
37095,Hyde County,37095-1-1,28,-76.387965,35.356762
37095,Hyde County,37095-1-1,29,-76.382344,35.356762
37095,Hyde County,37095-1-1,30,-76.374475,35.355638
37095,Hyde County,37095-1-1,31,-76.365483,35.348893
37095,Hyde County,37095-1-1,32,-76.349745,35.345521
37095,Hyde County,37095-1-1,33,-76.340752,35.346645
37095,Hyde County,37095-1-1,34,-76.335132,35.355638
37095,Hyde County,37095-1-1,35,-76.327263,35.356762
37095,Hyde County,37095-1-1,36,-76.304781,35.355638
37095,Hyde County,37095-1-1,37,-76.282299,35.345521
37095,Hyde County,37095-1-1,38,-76.265437,35.343273
37095,Hyde County,37095-1-1,39,-76.257569,35.344397
37095,Hyde County,37095-1-1,40,-76.253072,35.350017
37095,Hyde County,37095-1-1,41,-76.246511,35.350017
37095,Hyde County,37095-1-1,42,-76.235087,35.350017
37095,Hyde County,37095-1-1,43,-76.205860,35.336528
37095,Hyde County,37095-1-1,44,-76.182254,35.336528
37095,Hyde County,37095-1-1,45,-76.168764,35.332032
37095,Hyde County,37095-1-1,46,-76.165392,35.328659
37095,Hyde County,37095-1-1,47,-76.149655,35.326411
37095,Hyde County,37095-1-1,48,-76.142910,35.328660
37095,Hyde County,37095-1-1,49,-76.142910,35.338776
37095,Hyde County,37095-1-1,50,-76.132793,35.349455
37095,Hyde County,37095-1-1,51,-76.123238,35.351142
37095,Hyde County,37095-1-1,52,-76.092887,35.361259
37095,Hyde County,37095-1-1,53,-76.069281,35.370813
37095,Hyde County,37095-1-1,54,-76.059726,35.383741
37095,Hyde County,37095-1-1,55,-76.060850,35.392733
37095,Hyde County,37095-1-1,56,-76.063661,35.398354
37095,Hyde County,37095-1-1,57,-76.063661,35.405099
37095,Hyde County,37095-1-1,58,-76.059726,35.410157
37095,Hyde County,37095-1-1,59,-76.050171,35.415778
37095,Hyde County,37095-1-1,60,-76.037244,35.414091
37095,Hyde County,37095-1-1,61,-76.025441,35.408471
37095,Hyde County,37095-1-1,62,-76.020945,35.410719
37095,Hyde County,37095-1-1,63,-76.014762,35.416902
37095,Hyde County,37095-1-1,64,-76.011390,35.423084
37095,Hyde County,37095-1-1,65,-76.012514,35.432639
37095,Hyde County,37095-1-1,66,-76.009704,35.442194
37095,Hyde County,37095-1-1,67,-75.997901,35.453435
37095,Hyde County,37095-1-1,68,-75.994528,35.463552
37095,Hyde County,37095-1-1,69,-75.995652,35.475355
37095,Hyde County,37095-1-1,70,-75.987222,35.484348
37095,Hyde County,37095-1-1,71,-75.963053,35.493903
37095,Hyde County,37095-1-1,72,-75.961929,35.496713
37095,Hyde County,37095-1-1,73,-75.964740,35.504582
37095,Hyde County,37095-1-1,74,-75.964178,35.511326
37095,Hyde County,37095-1-1,75,-75.958001,35.527506
37095,Hyde County,37095-1-1,76,-75.944626,35.536632
37095,Hyde County,37095-1-1,77,-75.919023,35.541294
37095,Hyde County,37095-1-1,78,-75.910293,35.551990
37095,Hyde County,37095-1-1,79,-75.895045,35.573152
37095,Hyde County,37095-1-1,80,-75.871341,35.585079
37095,Hyde County,37095-1-1,81,-75.870567,35.584830
37095,Hyde County,37095-1-1,82,-75.879820,35.606856
37095,Hyde County,37095-1-1,83,-75.876703,35.625177
37095,Hyde County,37095-1-1,84,-75.891953,35.643328
37095,Hyde County,37095-1-1,85,-75.901342,35.668952
37095,Hyde County,37095-1-1,86,-76.014001,35.668865
37095,Hyde County,37095-1-1,87,-76.029863,35.649443
37095,Hyde County,37095-1-1,88,-76.040150,35.651310
37095,Hyde County,37095-1-1,89,-76.046361,35.659067
37095,Hyde County,37095-1-1,90,-76.044445,35.665078
37095,Hyde County,37095-1-1,91,-76.061095,35.675222
37095,Hyde County,37095-1-1,92,-76.092627,35.669764
37095,Hyde County,37095-1-1,93,-76.120670,35.683316
37095,Hyde County,37095-1-1,94,-76.118268,35.691908
37095,Hyde County,37095-1-1,95,-76.131898,35.692173
37095,Hyde County,37095-1-1,96,-76.142023,35.702851
37095,Hyde County,37095-1-1,97,-76.168962,35.698802
37095,Hyde County,37095-1-1,98,-76.175861,35.690698
37095,Hyde County,37095-1-1,99,-76.169902,35.673746
37095,Hyde County,37095-1-1,100,-76.181778,35.665513
37095,Hyde County,37095-1-1,101,-76.177848,35.655574
37095,Hyde County,37095-1-1,102,-76.192606,35.646359
37095,Hyde County,37095-1-1,103,-76.195848,35.620119
37095,Hyde County,37095-1-1,104,-76.214336,35.598355
37095,Hyde County,37095-1-1,105,-76.233005,35.600608
37095,Hyde County,37095-1-1,106,-76.270279,35.608026
37095,Hyde County,37095-1-1,107,-76.285839,35.604464
37095,Hyde County,37095-1-1,108,-76.297447,35.608664
37095,Hyde County,37095-1-1,109,-76.269247,35.690754
37095,Hyde County,37095-1-1,110,-76.405971,35.697579
37095,Hyde County,37095-1-1,111,-76.545621,35.705084
37095,Hyde County,37095-1-1,112,-76.637513,35.705215
37095,Hyde County,37095-2-1,1,-76.013561,35.068832
37095,Hyde County,37095-2-1,2,-76.014954,35.065349
37095,Hyde County,37095-2-1,3,-76.013145,35.061855
37095,Hyde County,37095-2-1,4,-76.001510,35.067230
37095,Hyde County,37095-2-1,5,-75.999621,35.068673
37095,Hyde County,37095-2-1,6,-75.982812,35.081513
37095,Hyde County,37095-2-1,7,-75.963768,35.092395
37095,Hyde County,37095-2-1,8,-75.944725,35.105091
37095,Hyde County,37095-2-1,9,-75.912985,35.119600
37095,Hyde County,37095-2-1,10,-75.840438,35.151340
37095,Hyde County,37095-2-1,11,-75.789655,35.172197
37095,Hyde County,37095-2-1,12,-75.769705,35.180359
37095,Hyde County,37095-2-1,13,-75.757916,35.183079
37095,Hyde County,37095-2-1,14,-75.749406,35.185206
37095,Hyde County,37095-2-1,15,-75.753765,35.199612
37095,Hyde County,37095-2-1,16,-75.754289,35.199402
37095,Hyde County,37095-2-1,17,-75.785729,35.194244
37095,Hyde County,37095-2-1,18,-75.793283,35.188520
37095,Hyde County,37095-2-1,19,-75.801444,35.183079
37095,Hyde County,37095-2-1,20,-75.812902,35.178568
37095,Hyde County,37095-2-1,21,-75.819076,35.176853
37095,Hyde County,37095-2-1,22,-75.819172,35.176826
37095,Hyde County,37095-2-1,23,-75.839531,35.172197
37095,Hyde County,37095-2-1,24,-75.893942,35.150433
37095,Hyde County,37095-2-1,25,-75.910265,35.142271
37095,Hyde County,37095-2-1,26,-75.923867,35.135017
37095,Hyde County,37095-2-1,27,-75.925994,35.133953
37095,Hyde County,37095-2-1,28,-75.954700,35.119600
37095,Hyde County,37095-2-1,29,-75.966489,35.117787
37095,Hyde County,37095-2-1,30,-75.973499,35.121087
37095,Hyde County,37095-2-1,31,-75.983950,35.120042
37095,Hyde County,37095-2-1,32,-75.989175,35.115165
37095,Hyde County,37095-2-1,33,-75.990569,35.108546
37095,Hyde County,37095-2-1,34,-75.989175,35.100882
37095,Hyde County,37095-2-1,35,-75.991880,35.092395
37095,Hyde County,37095-2-1,36,-76.000949,35.084234
37095,Hyde County,37095-2-1,37,-76.013561,35.068832
37097,Iredell County,37097-1-1,1,-81.109507,35.776594
37097,Iredell County,37097-1-1,2,-81.090265,35.766643
37097,Iredell County,37097-1-1,3,-81.074714,35.743087
37097,Iredell County,37097-1-1,4,-81.067092,35.736800
37097,Iredell County,37097-1-1,5,-81.065574,35.718338
37097,Iredell County,37097-1-1,6,-81.061751,35.710876
37097,Iredell County,37097-1-1,7,-81.038462,35.707549
37097,Iredell County,37097-1-1,8,-81.017733,35.712728
37097,Iredell County,37097-1-1,9,-81.009836,35.711378
37097,Iredell County,37097-1-1,10,-81.003189,35.709166
37097,Iredell County,37097-1-1,11,-80.966305,35.670313
37097,Iredell County,37097-1-1,12,-80.951241,35.641413
37097,Iredell County,37097-1-1,13,-80.928566,35.623929
37097,Iredell County,37097-1-1,14,-80.925213,35.620258
37097,Iredell County,37097-1-1,15,-80.943524,35.604931
37097,Iredell County,37097-1-1,16,-80.933638,35.590933
37097,Iredell County,37097-1-1,17,-80.951961,35.580476
37097,Iredell County,37097-1-1,18,-80.959909,35.547956
37097,Iredell County,37097-1-1,19,-80.960025,35.547020
37097,Iredell County,37097-1-1,20,-80.957841,35.543947
37097,Iredell County,37097-1-1,21,-80.940838,35.531499
37097,Iredell County,37097-1-1,22,-80.955870,35.532315
37097,Iredell County,37097-1-1,23,-80.963521,35.505961
37097,Iredell County,37097-1-1,24,-80.961292,35.497049
37097,Iredell County,37097-1-1,25,-80.947344,35.488473
37097,Iredell County,37097-1-1,26,-80.908723,35.513489
37097,Iredell County,37097-1-1,27,-80.906723,35.514785
37097,Iredell County,37097-1-1,28,-80.865874,35.511928
37097,Iredell County,37097-1-1,29,-80.801125,35.507318
37097,Iredell County,37097-1-1,30,-80.796164,35.506936
37097,Iredell County,37097-1-1,31,-80.784167,35.506017
37097,Iredell County,37097-1-1,32,-80.737249,35.505801
37097,Iredell County,37097-1-1,33,-80.736355,35.514597
37097,Iredell County,37097-1-1,34,-80.750811,35.588554
37097,Iredell County,37097-1-1,35,-80.751045,35.589497
37097,Iredell County,37097-1-1,36,-80.755460,35.607284
37097,Iredell County,37097-1-1,37,-80.764954,35.645510
37097,Iredell County,37097-1-1,38,-80.771582,35.672163
37097,Iredell County,37097-1-1,39,-80.761813,35.699920
37097,Iredell County,37097-1-1,40,-80.751710,35.728587
37097,Iredell County,37097-1-1,41,-80.744691,35.748502
37097,Iredell County,37097-1-1,42,-80.722928,35.810176
37097,Iredell County,37097-1-1,43,-80.707824,35.852961
37097,Iredell County,37097-1-1,44,-80.707629,35.855593
37097,Iredell County,37097-1-1,45,-80.699777,35.962172
37097,Iredell County,37097-1-1,46,-80.693197,36.051260
37097,Iredell County,37097-1-1,47,-80.803270,36.053926
37097,Iredell County,37097-1-1,48,-80.822860,36.054390
37097,Iredell County,37097-1-1,49,-80.881591,36.055718
37097,Iredell County,37097-1-1,50,-80.975675,36.058810
37097,Iredell County,37097-1-1,51,-81.028833,36.045652
37097,Iredell County,37097-1-1,52,-81.003400,35.996737
37097,Iredell County,37097-1-1,53,-81.005327,35.962342
37097,Iredell County,37097-1-1,54,-81.005541,35.958287
37097,Iredell County,37097-1-1,55,-81.029848,35.890124
37097,Iredell County,37097-1-1,56,-81.029900,35.889968
37097,Iredell County,37097-1-1,57,-81.041339,35.857855
37097,Iredell County,37097-1-1,58,-81.078943,35.802775
37097,Iredell County,37097-1-1,59,-81.109507,35.776594
37099,Jackson County,37099-1-1,1,-83.360984,35.431117
37099,Jackson County,37099-1-1,2,-83.360704,35.411813
37099,Jackson County,37099-1-1,3,-83.341143,35.397378
37099,Jackson County,37099-1-1,4,-83.331440,35.353733
37099,Jackson County,37099-1-1,5,-83.339609,35.330993
37099,Jackson County,37099-1-1,6,-83.321356,35.312270
37099,Jackson County,37099-1-1,7,-83.310973,35.259712
37099,Jackson County,37099-1-1,8,-83.298476,35.255761
37099,Jackson County,37099-1-1,9,-83.280227,35.228574
37099,Jackson County,37099-1-1,10,-83.245214,35.231466
37099,Jackson County,37099-1-1,11,-83.242866,35.239082
37099,Jackson County,37099-1-1,12,-83.224672,35.238726
37099,Jackson County,37099-1-1,13,-83.216612,35.222725
37099,Jackson County,37099-1-1,14,-83.223565,35.171490
37099,Jackson County,37099-1-1,15,-83.223796,35.157386
37099,Jackson County,37099-1-1,16,-83.209898,35.154262
37099,Jackson County,37099-1-1,17,-83.187077,35.133994
37099,Jackson County,37099-1-1,18,-83.177556,35.108900
37099,Jackson County,37099-1-1,19,-83.147097,35.091700
37099,Jackson County,37099-1-1,20,-83.143257,35.077927
37099,Jackson County,37099-1-1,21,-83.172153,35.069007
37099,Jackson County,37099-1-1,22,-83.148140,35.053625
37099,Jackson County,37099-1-1,23,-83.108396,35.000716
37099,Jackson County,37099-1-1,24,-83.019163,35.024752
37099,Jackson County,37099-1-1,25,-83.008666,35.027580
37099,Jackson County,37099-1-1,26,-83.056889,35.053827
37099,Jackson County,37099-1-1,27,-83.044942,35.077127
37099,Jackson County,37099-1-1,28,-82.999348,35.116521
37099,Jackson County,37099-1-1,29,-82.983873,35.131295
37099,Jackson County,37099-1-1,30,-82.980903,35.148351
37099,Jackson County,37099-1-1,31,-82.996627,35.163578
37099,Jackson County,37099-1-1,32,-82.981211,35.167640
37099,Jackson County,37099-1-1,33,-82.987353,35.187194
37099,Jackson County,37099-1-1,34,-82.972060,35.192407
37099,Jackson County,37099-1-1,35,-82.959866,35.215168
37099,Jackson County,37099-1-1,36,-82.928640,35.234565
37099,Jackson County,37099-1-1,37,-82.919241,35.271121
37099,Jackson County,37099-1-1,38,-82.920881,35.292037
37099,Jackson County,37099-1-1,39,-82.927321,35.302802
37099,Jackson County,37099-1-1,40,-82.964725,35.315289
37099,Jackson County,37099-1-1,41,-82.964690,35.332920
37099,Jackson County,37099-1-1,42,-82.990358,35.367616
37099,Jackson County,37099-1-1,43,-83.000582,35.374728
37099,Jackson County,37099-1-1,44,-83.027923,35.383143
37099,Jackson County,37099-1-1,45,-83.043724,35.394395
37099,Jackson County,37099-1-1,46,-83.053691,35.424236
37099,Jackson County,37099-1-1,47,-83.078569,35.434039
37099,Jackson County,37099-1-1,48,-83.079540,35.447647
37099,Jackson County,37099-1-1,49,-83.109149,35.464116
37099,Jackson County,37099-1-1,50,-83.122086,35.465465
37099,Jackson County,37099-1-1,51,-83.137700,35.464369
37099,Jackson County,37099-1-1,52,-83.138200,35.490788
37099,Jackson County,37099-1-1,53,-83.161390,35.496494
37099,Jackson County,37099-1-1,54,-83.163476,35.508950
37099,Jackson County,37099-1-1,55,-83.186322,35.514368
37099,Jackson County,37099-1-1,56,-83.216248,35.526005
37099,Jackson County,37099-1-1,57,-83.236073,35.524564
37099,Jackson County,37099-1-1,58,-83.308931,35.479323
37099,Jackson County,37099-1-1,59,-83.318342,35.465262
37099,Jackson County,37099-1-1,60,-83.335629,35.474709
37099,Jackson County,37099-1-1,61,-83.351726,35.468092
37099,Jackson County,37099-1-1,62,-83.359138,35.439447
37099,Jackson County,37099-1-1,63,-83.360984,35.431117
37101,Johnston County,37101-1-1,1,-78.694364,35.530079
37101,Johnston County,37101-1-1,2,-78.708902,35.519458
37101,Johnston County,37101-1-1,3,-78.689661,35.515931
37101,Johnston County,37101-1-1,4,-78.686885,35.501851
37101,Johnston County,37101-1-1,5,-78.660555,35.496245
37101,Johnston County,37101-1-1,6,-78.653433,35.483953
37101,Johnston County,37101-1-1,7,-78.649591,35.471434
37101,Johnston County,37101-1-1,8,-78.614601,35.441952
37101,Johnston County,37101-1-1,9,-78.607183,35.432118
37101,Johnston County,37101-1-1,10,-78.609946,35.427192
37101,Johnston County,37101-1-1,11,-78.595094,35.401948
37101,Johnston County,37101-1-1,12,-78.575401,35.389130
37101,Johnston County,37101-1-1,13,-78.567564,35.367813
37101,Johnston County,37101-1-1,14,-78.562832,35.363960
37101,Johnston County,37101-1-1,15,-78.529851,35.334935
37101,Johnston County,37101-1-1,16,-78.538349,35.316410
37101,Johnston County,37101-1-1,17,-78.526650,35.303025
37101,Johnston County,37101-1-1,18,-78.522225,35.295037
37101,Johnston County,37101-1-1,19,-78.491930,35.263342
37101,Johnston County,37101-1-1,20,-78.450167,35.258625
37101,Johnston County,37101-1-1,21,-78.411792,35.254672
37101,Johnston County,37101-1-1,22,-78.397725,35.262960
37101,Johnston County,37101-1-1,23,-78.357577,35.273948
37101,Johnston County,37101-1-1,24,-78.330025,35.281537
37101,Johnston County,37101-1-1,25,-78.306580,35.287604
37101,Johnston County,37101-1-1,26,-78.289711,35.315077
37101,Johnston County,37101-1-1,27,-78.256751,35.325579
37101,Johnston County,37101-1-1,28,-78.242630,35.319799
37101,Johnston County,37101-1-1,29,-78.215671,35.333457
37101,Johnston County,37101-1-1,30,-78.215478,35.341527
37101,Johnston County,37101-1-1,31,-78.173204,35.347131
37101,Johnston County,37101-1-1,32,-78.158789,35.347488
37101,Johnston County,37101-1-1,33,-78.153243,35.350671
37101,Johnston County,37101-1-1,34,-78.159910,35.356544
37101,Johnston County,37101-1-1,35,-78.162443,35.367227
37101,Johnston County,37101-1-1,36,-78.144202,35.386894
37101,Johnston County,37101-1-1,37,-78.154580,35.411176
37101,Johnston County,37101-1-1,38,-78.154910,35.417810
37101,Johnston County,37101-1-1,39,-78.134877,35.454693
37101,Johnston County,37101-1-1,40,-78.124808,35.473552
37101,Johnston County,37101-1-1,41,-78.105055,35.510437
37101,Johnston County,37101-1-1,42,-78.100275,35.519254
37101,Johnston County,37101-1-1,43,-78.079668,35.557694
37101,Johnston County,37101-1-1,44,-78.064784,35.585263
37101,Johnston County,37101-1-1,45,-78.125587,35.603111
37101,Johnston County,37101-1-1,46,-78.147867,35.660319
37101,Johnston County,37101-1-1,47,-78.152008,35.670934
37101,Johnston County,37101-1-1,48,-78.160312,35.711018
37101,Johnston County,37101-1-1,49,-78.162194,35.713186
37101,Johnston County,37101-1-1,50,-78.167831,35.713305
37101,Johnston County,37101-1-1,51,-78.189570,35.730114
37101,Johnston County,37101-1-1,52,-78.192117,35.730545
37101,Johnston County,37101-1-1,53,-78.215472,35.735837
37101,Johnston County,37101-1-1,54,-78.219769,35.755069
37101,Johnston County,37101-1-1,55,-78.232510,35.751256
37101,Johnston County,37101-1-1,56,-78.248458,35.774790
37101,Johnston County,37101-1-1,57,-78.243876,35.791949
37101,Johnston County,37101-1-1,58,-78.256029,35.817972
37101,Johnston County,37101-1-1,59,-78.255973,35.818120
37101,Johnston County,37101-1-1,60,-78.324246,35.779002
37101,Johnston County,37101-1-1,61,-78.365477,35.756233
37101,Johnston County,37101-1-1,62,-78.421650,35.726043
37101,Johnston County,37101-1-1,63,-78.460036,35.705691
37101,Johnston County,37101-1-1,64,-78.473735,35.701520
37101,Johnston County,37101-1-1,65,-78.507958,35.674719
37101,Johnston County,37101-1-1,66,-78.511454,35.671970
37101,Johnston County,37101-1-1,67,-78.516469,35.668101
37101,Johnston County,37101-1-1,68,-78.518639,35.666422
37101,Johnston County,37101-1-1,69,-78.531166,35.656637
37101,Johnston County,37101-1-1,70,-78.566366,35.629211
37101,Johnston County,37101-1-1,71,-78.566639,35.629002
37101,Johnston County,37101-1-1,72,-78.614334,35.592050
37101,Johnston County,37101-1-1,73,-78.642702,35.570065
37101,Johnston County,37101-1-1,74,-78.694364,35.530079
37103,Jones County,37103-1-1,1,-77.731026,35.008138
37103,Jones County,37103-1-1,2,-77.674805,34.973900
37103,Jones County,37103-1-1,3,-77.638967,34.984460
37103,Jones County,37103-1-1,4,-77.567828,34.977404
37103,Jones County,37103-1-1,5,-77.502792,34.969637
37103,Jones County,37103-1-1,6,-77.502745,34.969623
37103,Jones County,37103-1-1,7,-77.366768,34.908650
37103,Jones County,37103-1-1,8,-77.365167,34.923550
37103,Jones County,37103-1-1,9,-77.345366,34.930471
37103,Jones County,37103-1-1,10,-77.331554,34.939150
37103,Jones County,37103-1-1,11,-77.307466,34.937237
37103,Jones County,37103-1-1,12,-77.267647,34.925790
37103,Jones County,37103-1-1,13,-77.248333,34.900101
37103,Jones County,37103-1-1,14,-77.237357,34.899962
37103,Jones County,37103-1-1,15,-77.234165,34.886331
37103,Jones County,37103-1-1,16,-77.221954,34.886882
37103,Jones County,37103-1-1,17,-77.219466,34.871498
37103,Jones County,37103-1-1,18,-77.200266,34.833284
37103,Jones County,37103-1-1,19,-77.181253,34.836211
37103,Jones County,37103-1-1,20,-77.196257,34.810991
37103,Jones County,37103-1-1,21,-77.175131,34.795534
37103,Jones County,37103-1-1,22,-77.172104,34.780385
37103,Jones County,37103-1-1,23,-77.165986,34.785032
37103,Jones County,37103-1-1,24,-77.167769,34.791000
37103,Jones County,37103-1-1,25,-77.131679,34.798138
37103,Jones County,37103-1-1,26,-77.123181,34.792829
37103,Jones County,37103-1-1,27,-77.090731,34.799316
37103,Jones County,37103-1-1,28,-77.078263,34.811322
37103,Jones County,37103-1-1,29,-77.047249,34.836416
37103,Jones County,37103-1-1,30,-77.108851,34.830780
37103,Jones County,37103-1-1,31,-77.106894,34.893249
37103,Jones County,37103-1-1,32,-77.103101,35.017070
37103,Jones County,37103-1-1,33,-77.098833,35.027096
37103,Jones County,37103-1-1,34,-77.116065,35.074107
37103,Jones County,37103-1-1,35,-77.122787,35.072951
37103,Jones County,37103-1-1,36,-77.148345,35.054675
37103,Jones County,37103-1-1,37,-77.188744,35.066038
37103,Jones County,37103-1-1,38,-77.188040,35.080860
37103,Jones County,37103-1-1,39,-77.209028,35.091470
37103,Jones County,37103-1-1,40,-77.281162,35.126513
37103,Jones County,37103-1-1,41,-77.329244,35.149829
37103,Jones County,37103-1-1,42,-77.451745,35.218717
37103,Jones County,37103-1-1,43,-77.473692,35.228985
37103,Jones County,37103-1-1,44,-77.527182,35.243001
37103,Jones County,37103-1-1,45,-77.507463,35.172814
37103,Jones County,37103-1-1,46,-77.597821,35.075115
37103,Jones County,37103-1-1,47,-77.601282,35.071368
37103,Jones County,37103-1-1,48,-77.731026,35.008138
37105,Lee County,37105-1-1,1,-79.335920,35.497754
37105,Lee County,37105-1-1,2,-79.359898,35.477543
37105,Lee County,37105-1-1,3,-79.326686,35.434896
37105,Lee County,37105-1-1,4,-79.329384,35.423404
37105,Lee County,37105-1-1,5,-79.289561,35.400439
37105,Lee County,37105-1-1,6,-79.280440,35.381491
37105,Lee County,37105-1-1,7,-79.273320,35.352286
37105,Lee County,37105-1-1,8,-79.238984,35.334309
37105,Lee County,37105-1-1,9,-79.221976,35.324337
37105,Lee County,37105-1-1,10,-79.183556,35.307161
37105,Lee County,37105-1-1,11,-79.108798,35.382298
37105,Lee County,37105-1-1,12,-79.088932,35.402235
37105,Lee County,37105-1-1,13,-79.076874,35.414329
37105,Lee County,37105-1-1,14,-79.052729,35.438531
37105,Lee County,37105-1-1,15,-78.969816,35.521498
37105,Lee County,37105-1-1,16,-78.969640,35.521669
37105,Lee County,37105-1-1,17,-78.995638,35.542119
37105,Lee County,37105-1-1,18,-79.024001,35.548377
37105,Lee County,37105-1-1,19,-79.045615,35.568383
37105,Lee County,37105-1-1,20,-79.052490,35.596075
37105,Lee County,37105-1-1,21,-79.094160,35.619683
37105,Lee County,37105-1-1,22,-79.118771,35.628323
37105,Lee County,37105-1-1,23,-79.148496,35.618749
37105,Lee County,37105-1-1,24,-79.157532,35.603984
37105,Lee County,37105-1-1,25,-79.194195,35.578398
37105,Lee County,37105-1-1,26,-79.201864,35.574140
37105,Lee County,37105-1-1,27,-79.199886,35.558558
37105,Lee County,37105-1-1,28,-79.225634,35.551745
37105,Lee County,37105-1-1,29,-79.218740,35.565675
37105,Lee County,37105-1-1,30,-79.244663,35.569116
37105,Lee County,37105-1-1,31,-79.245199,35.552961
37105,Lee County,37105-1-1,32,-79.262705,35.535728
37105,Lee County,37105-1-1,33,-79.275541,35.531779
37105,Lee County,37105-1-1,34,-79.291759,35.543349
37105,Lee County,37105-1-1,35,-79.285175,35.555148
37105,Lee County,37105-1-1,36,-79.322723,35.544526
37105,Lee County,37105-1-1,37,-79.312086,35.530460
37105,Lee County,37105-1-1,38,-79.348357,35.519850
37105,Lee County,37105-1-1,39,-79.350073,35.518002
37105,Lee County,37105-1-1,40,-79.335920,35.497754
37107,Lenoir County,37107-1-1,1,-77.831086,35.230206
37107,Lenoir County,37107-1-1,2,-77.834249,35.177846
37107,Lenoir County,37107-1-1,3,-77.769177,35.145576
37107,Lenoir County,37107-1-1,4,-77.749572,35.108610
37107,Lenoir County,37107-1-1,5,-77.748040,35.071256
37107,Lenoir County,37107-1-1,6,-77.749089,35.055965
37107,Lenoir County,37107-1-1,7,-77.747226,35.051377
37107,Lenoir County,37107-1-1,8,-77.746601,35.036109
37107,Lenoir County,37107-1-1,9,-77.746037,35.022340
37107,Lenoir County,37107-1-1,10,-77.731026,35.008138
37107,Lenoir County,37107-1-1,11,-77.601282,35.071368
37107,Lenoir County,37107-1-1,12,-77.597821,35.075115
37107,Lenoir County,37107-1-1,13,-77.507463,35.172814
37107,Lenoir County,37107-1-1,14,-77.527182,35.243001
37107,Lenoir County,37107-1-1,15,-77.473692,35.228985
37107,Lenoir County,37107-1-1,16,-77.433512,35.249634
37107,Lenoir County,37107-1-1,17,-77.426172,35.262375
37107,Lenoir County,37107-1-1,18,-77.449136,35.301839
37107,Lenoir County,37107-1-1,19,-77.431091,35.313008
37107,Lenoir County,37107-1-1,20,-77.431319,35.329781
37107,Lenoir County,37107-1-1,21,-77.410498,35.331868
37107,Lenoir County,37107-1-1,22,-77.410923,35.337799
37107,Lenoir County,37107-1-1,23,-77.393934,35.342630
37107,Lenoir County,37107-1-1,24,-77.391026,35.339533
37107,Lenoir County,37107-1-1,25,-77.391756,35.345634
37107,Lenoir County,37107-1-1,26,-77.408074,35.353347
37107,Lenoir County,37107-1-1,27,-77.425905,35.349347
37107,Lenoir County,37107-1-1,28,-77.449793,35.381048
37107,Lenoir County,37107-1-1,29,-77.448488,35.392730
37107,Lenoir County,37107-1-1,30,-77.470722,35.409765
37107,Lenoir County,37107-1-1,31,-77.475515,35.426655
37107,Lenoir County,37107-1-1,32,-77.481966,35.414451
37107,Lenoir County,37107-1-1,33,-77.509899,35.421517
37107,Lenoir County,37107-1-1,34,-77.528338,35.414336
37107,Lenoir County,37107-1-1,35,-77.534173,35.398104
37107,Lenoir County,37107-1-1,36,-77.540785,35.395929
37107,Lenoir County,37107-1-1,37,-77.589323,35.373763
37107,Lenoir County,37107-1-1,38,-77.606957,35.379497
37107,Lenoir County,37107-1-1,39,-77.638245,35.354249
37107,Lenoir County,37107-1-1,40,-77.660842,35.352814
37107,Lenoir County,37107-1-1,41,-77.679281,35.347515
37107,Lenoir County,37107-1-1,42,-77.701904,35.376582
37107,Lenoir County,37107-1-1,43,-77.741176,35.371966
37107,Lenoir County,37107-1-1,44,-77.777669,35.367664
37107,Lenoir County,37107-1-1,45,-77.806248,35.368754
37107,Lenoir County,37107-1-1,46,-77.818047,35.357435
37107,Lenoir County,37107-1-1,47,-77.824979,35.330669
37107,Lenoir County,37107-1-1,48,-77.830886,35.233455
37107,Lenoir County,37107-1-1,49,-77.831086,35.230206
37109,Lincoln County,37109-1-1,1,-81.535403,35.568137
37109,Lincoln County,37109-1-1,2,-81.537599,35.564228
37109,Lincoln County,37109-1-1,3,-81.515421,35.558297
37109,Lincoln County,37109-1-1,4,-81.509455,35.536266
37109,Lincoln County,37109-1-1,5,-81.513004,35.523317
37109,Lincoln County,37109-1-1,6,-81.475464,35.460167
37109,Lincoln County,37109-1-1,7,-81.458803,35.423681
37109,Lincoln County,37109-1-1,8,-81.455600,35.419811
37109,Lincoln County,37109-1-1,9,-81.409853,35.418220
37109,Lincoln County,37109-1-1,10,-81.343502,35.415888
37109,Lincoln County,37109-1-1,11,-81.318610,35.414961
37109,Lincoln County,37109-1-1,12,-81.240916,35.411909
37109,Lincoln County,37109-1-1,13,-81.233543,35.410905
37109,Lincoln County,37109-1-1,14,-81.202970,35.410454
37109,Lincoln County,37109-1-1,15,-81.162383,35.409030
37109,Lincoln County,37109-1-1,16,-81.122804,35.407639
37109,Lincoln County,37109-1-1,17,-81.122555,35.407631
37109,Lincoln County,37109-1-1,18,-81.070224,35.405795
37109,Lincoln County,37109-1-1,19,-81.054614,35.405248
37109,Lincoln County,37109-1-1,20,-81.030675,35.404402
37109,Lincoln County,37109-1-1,21,-81.011385,35.403599
37109,Lincoln County,37109-1-1,22,-80.954860,35.400078
37109,Lincoln County,37109-1-1,23,-80.958717,35.411501
37109,Lincoln County,37109-1-1,24,-80.956518,35.427503
37109,Lincoln County,37109-1-1,25,-80.958691,35.432634
37109,Lincoln County,37109-1-1,26,-80.949015,35.448475
37109,Lincoln County,37109-1-1,27,-80.943007,35.458984
37109,Lincoln County,37109-1-1,28,-80.950452,35.473088
37109,Lincoln County,37109-1-1,29,-80.946280,35.485986
37109,Lincoln County,37109-1-1,30,-80.947344,35.488473
37109,Lincoln County,37109-1-1,31,-80.961292,35.497049
37109,Lincoln County,37109-1-1,32,-80.963521,35.505961
37109,Lincoln County,37109-1-1,33,-80.955870,35.532315
37109,Lincoln County,37109-1-1,34,-80.940838,35.531499
37109,Lincoln County,37109-1-1,35,-80.957841,35.543947
37109,Lincoln County,37109-1-1,36,-80.960025,35.547020
37109,Lincoln County,37109-1-1,37,-81.015562,35.548639
37109,Lincoln County,37109-1-1,38,-81.058488,35.550507
37109,Lincoln County,37109-1-1,39,-81.082918,35.551415
37109,Lincoln County,37109-1-1,40,-81.184381,35.555071
37109,Lincoln County,37109-1-1,41,-81.200068,35.555452
37109,Lincoln County,37109-1-1,42,-81.292534,35.559276
37109,Lincoln County,37109-1-1,43,-81.333745,35.561109
37109,Lincoln County,37109-1-1,44,-81.342526,35.561458
37109,Lincoln County,37109-1-1,45,-81.535403,35.568137
37111,McDowell County,37111-1-1,1,-82.294907,35.683856
37111,McDowell County,37111-1-1,2,-82.285159,35.677471
37111,McDowell County,37111-1-1,3,-82.280364,35.667701
37111,McDowell County,37111-1-1,4,-82.286277,35.650502
37111,McDowell County,37111-1-1,5,-82.269608,35.621326
37111,McDowell County,37111-1-1,6,-82.264524,35.617482
37111,McDowell County,37111-1-1,7,-82.286044,35.587273
37111,McDowell County,37111-1-1,8,-82.251251,35.559943
37111,McDowell County,37111-1-1,9,-82.219981,35.553141
37111,McDowell County,37111-1-1,10,-82.169049,35.527811
37111,McDowell County,37111-1-1,11,-82.155032,35.520397
37111,McDowell County,37111-1-1,12,-82.095766,35.531666
37111,McDowell County,37111-1-1,13,-82.039843,35.532704
37111,McDowell County,37111-1-1,14,-82.002783,35.551847
37111,McDowell County,37111-1-1,15,-81.971893,35.527967
37111,McDowell County,37111-1-1,16,-81.969849,35.526991
37111,McDowell County,37111-1-1,17,-81.904954,35.541917
37111,McDowell County,37111-1-1,18,-81.842468,35.542263
37111,McDowell County,37111-1-1,19,-81.833230,35.559260
37111,McDowell County,37111-1-1,20,-81.828376,35.573918
37111,McDowell County,37111-1-1,21,-81.824122,35.574983
37111,McDowell County,37111-1-1,22,-81.829492,35.592119
37111,McDowell County,37111-1-1,23,-81.849801,35.656488
37111,McDowell County,37111-1-1,24,-81.861444,35.694035
37111,McDowell County,37111-1-1,25,-81.869388,35.719624
37111,McDowell County,37111-1-1,26,-81.891451,35.735962
37111,McDowell County,37111-1-1,27,-81.924408,35.761800
37111,McDowell County,37111-1-1,28,-81.986885,35.807066
37111,McDowell County,37111-1-1,29,-81.972775,35.821311
37111,McDowell County,37111-1-1,30,-81.957877,35.819315
37111,McDowell County,37111-1-1,31,-81.939707,35.837712
37111,McDowell County,37111-1-1,32,-81.924985,35.843070
37111,McDowell County,37111-1-1,33,-81.906652,35.883376
37111,McDowell County,37111-1-1,34,-81.914891,35.916438
37111,McDowell County,37111-1-1,35,-81.943188,35.960050
37111,McDowell County,37111-1-1,36,-81.962987,35.941783
37111,McDowell County,37111-1-1,37,-81.954602,35.926649
37111,McDowell County,37111-1-1,38,-81.981954,35.911361
37111,McDowell County,37111-1-1,39,-81.979036,35.901447
37111,McDowell County,37111-1-1,40,-81.980196,35.892191
37111,McDowell County,37111-1-1,41,-81.999206,35.874127
37111,McDowell County,37111-1-1,42,-82.013239,35.885095
37111,McDowell County,37111-1-1,43,-82.028455,35.879449
37111,McDowell County,37111-1-1,44,-82.036555,35.859360
37111,McDowell County,37111-1-1,45,-82.073713,35.848305
37111,McDowell County,37111-1-1,46,-82.099405,35.851671
37111,McDowell County,37111-1-1,47,-82.120579,35.825012
37111,McDowell County,37111-1-1,48,-82.133484,35.823309
37111,McDowell County,37111-1-1,49,-82.167895,35.789138
37111,McDowell County,37111-1-1,50,-82.164594,35.770664
37111,McDowell County,37111-1-1,51,-82.193402,35.735314
37111,McDowell County,37111-1-1,52,-82.242765,35.712448
37111,McDowell County,37111-1-1,53,-82.257842,35.698852
37111,McDowell County,37111-1-1,54,-82.275399,35.704438
37111,McDowell County,37111-1-1,55,-82.294907,35.683856
37113,Macon County,37113-1-1,1,-83.731535,35.178579
37113,Macon County,37113-1-1,2,-83.738129,35.155950
37113,Macon County,37113-1-1,3,-83.726359,35.145485
37113,Macon County,37113-1-1,4,-83.716915,35.154189
37113,Macon County,37113-1-1,5,-83.659004,35.159891
37113,Macon County,37113-1-1,6,-83.645148,35.145280
37113,Macon County,37113-1-1,7,-83.657073,35.140139
37113,Macon County,37113-1-1,8,-83.634273,35.121232
37113,Macon County,37113-1-1,9,-83.620060,35.126277
37113,Macon County,37113-1-1,10,-83.612623,35.102752
37113,Macon County,37113-1-1,11,-83.587521,35.092332
37113,Macon County,37113-1-1,12,-83.581847,35.078075
37113,Macon County,37113-1-1,13,-83.562232,35.059424
37113,Macon County,37113-1-1,14,-83.557359,35.038636
37113,Macon County,37113-1-1,15,-83.543474,35.038746
37113,Macon County,37113-1-1,16,-83.521326,35.018280
37113,Macon County,37113-1-1,17,-83.520764,34.996612
37113,Macon County,37113-1-1,18,-83.510597,35.005157
37113,Macon County,37113-1-1,19,-83.482952,34.993483
37113,Macon County,37113-1-1,20,-83.482952,34.993483
37113,Macon County,37113-1-1,21,-83.381833,34.994993
37113,Macon County,37113-1-1,22,-83.381792,34.994993
37113,Macon County,37113-1-1,23,-83.337111,34.995660
37113,Macon County,37113-1-1,24,-83.322768,34.995874
37113,Macon County,37113-1-1,25,-83.296858,34.996575
37113,Macon County,37113-1-1,26,-83.190410,34.999456
37113,Macon County,37113-1-1,27,-83.108606,35.000659
37113,Macon County,37113-1-1,28,-83.108396,35.000716
37113,Macon County,37113-1-1,29,-83.148140,35.053625
37113,Macon County,37113-1-1,30,-83.172153,35.069007
37113,Macon County,37113-1-1,31,-83.143257,35.077927
37113,Macon County,37113-1-1,32,-83.147097,35.091700
37113,Macon County,37113-1-1,33,-83.177556,35.108900
37113,Macon County,37113-1-1,34,-83.187077,35.133994
37113,Macon County,37113-1-1,35,-83.209898,35.154262
37113,Macon County,37113-1-1,36,-83.223796,35.157386
37113,Macon County,37113-1-1,37,-83.223565,35.171490
37113,Macon County,37113-1-1,38,-83.216612,35.222725
37113,Macon County,37113-1-1,39,-83.224672,35.238726
37113,Macon County,37113-1-1,40,-83.242866,35.239082
37113,Macon County,37113-1-1,41,-83.245214,35.231466
37113,Macon County,37113-1-1,42,-83.280227,35.228574
37113,Macon County,37113-1-1,43,-83.298476,35.255761
37113,Macon County,37113-1-1,44,-83.310973,35.259712
37113,Macon County,37113-1-1,45,-83.321356,35.312270
37113,Macon County,37113-1-1,46,-83.339609,35.330993
37113,Macon County,37113-1-1,47,-83.364228,35.325993
37113,Macon County,37113-1-1,48,-83.399564,35.327770
37113,Macon County,37113-1-1,49,-83.410749,35.316557
37113,Macon County,37113-1-1,50,-83.432454,35.325183
37113,Macon County,37113-1-1,51,-83.471360,35.297403
37113,Macon County,37113-1-1,52,-83.492781,35.303457
37113,Macon County,37113-1-1,53,-83.497917,35.299301
37113,Macon County,37113-1-1,54,-83.673057,35.282774
37113,Macon County,37113-1-1,55,-83.680264,35.279387
37113,Macon County,37113-1-1,56,-83.684581,35.273274
37113,Macon County,37113-1-1,57,-83.688494,35.269118
37113,Macon County,37113-1-1,58,-83.702652,35.248462
37113,Macon County,37113-1-1,59,-83.690212,35.237942
37113,Macon County,37113-1-1,60,-83.696783,35.225385
37113,Macon County,37113-1-1,61,-83.728359,35.199892
37113,Macon County,37113-1-1,62,-83.711338,35.195659
37113,Macon County,37113-1-1,63,-83.731535,35.178579
37115,Madison County,37115-1-1,1,-82.962206,35.792755
37115,Madison County,37115-1-1,2,-82.962898,35.791735
37115,Madison County,37115-1-1,3,-82.950078,35.766359
37115,Madison County,37115-1-1,4,-82.957176,35.746843
37115,Madison County,37115-1-1,5,-82.947879,35.738945
37115,Madison County,37115-1-1,6,-82.917650,35.744808
37115,Madison County,37115-1-1,7,-82.910409,35.716184
37115,Madison County,37115-1-1,8,-82.898614,35.703736
37115,Madison County,37115-1-1,9,-82.901071,35.684929
37115,Madison County,37115-1-1,10,-82.883909,35.678235
37115,Madison County,37115-1-1,11,-82.854080,35.699452
37115,Madison County,37115-1-1,12,-82.846884,35.701392
37115,Madison County,37115-1-1,13,-82.807056,35.685874
37115,Madison County,37115-1-1,14,-82.794782,35.695805
37115,Madison County,37115-1-1,15,-82.754039,35.703521
37115,Madison County,37115-1-1,16,-82.730975,35.722403
37115,Madison County,37115-1-1,17,-82.713764,35.717824
37115,Madison County,37115-1-1,18,-82.712347,35.732889
37115,Madison County,37115-1-1,19,-82.669244,35.726090
37115,Madison County,37115-1-1,20,-82.666198,35.738348
37115,Madison County,37115-1-1,21,-82.615259,35.759826
37115,Madison County,37115-1-1,22,-82.579913,35.774785
37115,Madison County,37115-1-1,23,-82.544880,35.789529
37115,Madison County,37115-1-1,24,-82.538663,35.791630
37115,Madison County,37115-1-1,25,-82.528205,35.797660
37115,Madison County,37115-1-1,26,-82.512213,35.803321
37115,Madison County,37115-1-1,27,-82.476099,35.798319
37115,Madison County,37115-1-1,28,-82.463828,35.809616
37115,Madison County,37115-1-1,29,-82.435335,35.808590
37115,Madison County,37115-1-1,30,-82.408602,35.818178
37115,Madison County,37115-1-1,31,-82.419636,35.843335
37115,Madison County,37115-1-1,32,-82.417552,35.859363
37115,Madison County,37115-1-1,33,-82.448661,35.896852
37115,Madison County,37115-1-1,34,-82.474775,35.909245
37115,Madison County,37115-1-1,35,-82.493312,35.908311
37115,Madison County,37115-1-1,36,-82.498548,35.930193
37115,Madison County,37115-1-1,37,-82.480322,35.949874
37115,Madison County,37115-1-1,38,-82.496214,35.956644
37115,Madison County,37115-1-1,39,-82.505454,35.977671
37115,Madison County,37115-1-1,40,-82.507068,35.977475
37115,Madison County,37115-1-1,41,-82.512598,35.975664
37115,Madison County,37115-1-1,42,-82.516444,35.975958
37115,Madison County,37115-1-1,43,-82.520660,35.974633
37115,Madison County,37115-1-1,44,-82.522702,35.973436
37115,Madison County,37115-1-1,45,-82.531292,35.972188
37115,Madison County,37115-1-1,46,-82.534763,35.969887
37115,Madison County,37115-1-1,47,-82.539273,35.969115
37115,Madison County,37115-1-1,48,-82.542463,35.967994
37115,Madison County,37115-1-1,49,-82.549682,35.964275
37115,Madison County,37115-1-1,50,-82.553192,35.960627
37115,Madison County,37115-1-1,51,-82.557874,35.953901
37115,Madison County,37115-1-1,52,-82.567503,35.955552
37115,Madison County,37115-1-1,53,-82.575170,35.958384
37115,Madison County,37115-1-1,54,-82.576678,35.959255
37115,Madison County,37115-1-1,55,-82.577719,35.964196
37115,Madison County,37115-1-1,56,-82.581003,35.965557
37115,Madison County,37115-1-1,57,-82.591977,35.966385
37115,Madison County,37115-1-1,58,-82.594860,35.965347
37115,Madison County,37115-1-1,59,-82.600370,35.964626
37115,Madison County,37115-1-1,60,-82.607761,35.966023
37115,Madison County,37115-1-1,61,-82.610889,35.967409
37115,Madison County,37115-1-1,62,-82.611602,35.971418
37115,Madison County,37115-1-1,63,-82.610885,35.974442
37115,Madison County,37115-1-1,64,-82.606740,35.984446
37115,Madison County,37115-1-1,65,-82.604239,35.987319
37115,Madison County,37115-1-1,66,-82.606944,35.992170
37115,Madison County,37115-1-1,67,-82.612604,35.993488
37115,Madison County,37115-1-1,68,-82.613028,35.994000
37115,Madison County,37115-1-1,69,-82.615062,36.000306
37115,Madison County,37115-1-1,70,-82.614362,36.003506
37115,Madison County,37115-1-1,71,-82.613862,36.004706
37115,Madison County,37115-1-1,72,-82.611862,36.006206
37115,Madison County,37115-1-1,73,-82.604327,36.018187
37115,Madison County,37115-1-1,74,-82.600089,36.021774
37115,Madison County,37115-1-1,75,-82.595525,36.026012
37115,Madison County,37115-1-1,76,-82.594873,36.029598
37115,Madison County,37115-1-1,77,-82.596177,36.031880
37115,Madison County,37115-1-1,78,-82.598785,36.034162
37115,Madison County,37115-1-1,79,-82.600741,36.037422
37115,Madison County,37115-1-1,80,-82.602877,36.039833
37115,Madison County,37115-1-1,81,-82.606163,36.041006
37115,Madison County,37115-1-1,82,-82.609663,36.044906
37115,Madison County,37115-1-1,83,-82.613563,36.046406
37115,Madison County,37115-1-1,84,-82.618164,36.047005
37115,Madison County,37115-1-1,85,-82.618064,36.051205
37115,Madison County,37115-1-1,86,-82.617264,36.054205
37115,Madison County,37115-1-1,87,-82.618664,36.056105
37115,Madison County,37115-1-1,88,-82.628365,36.062105
37115,Madison County,37115-1-1,89,-82.632265,36.065705
37115,Madison County,37115-1-1,90,-82.637165,36.065805
37115,Madison County,37115-1-1,91,-82.643565,36.062805
37115,Madison County,37115-1-1,92,-82.650165,36.057805
37115,Madison County,37115-1-1,93,-82.654815,36.056225
37115,Madison County,37115-1-1,94,-82.657249,36.056636
37115,Madison County,37115-1-1,95,-82.662665,36.055005
37115,Madison County,37115-1-1,96,-82.668365,36.052905
37115,Madison County,37115-1-1,97,-82.672965,36.050405
37115,Madison County,37115-1-1,98,-82.683565,36.046104
37115,Madison County,37115-1-1,99,-82.684765,36.045004
37115,Madison County,37115-1-1,100,-82.685565,36.042004
37115,Madison County,37115-1-1,101,-82.688865,36.038604
37115,Madison County,37115-1-1,102,-82.701065,36.034404
37115,Madison County,37115-1-1,103,-82.703165,36.032404
37115,Madison County,37115-1-1,104,-82.707465,36.030104
37115,Madison County,37115-1-1,105,-82.715165,36.028604
37115,Madison County,37115-1-1,106,-82.715565,36.026904
37115,Madison County,37115-1-1,107,-82.715365,36.024253
37115,Madison County,37115-1-1,108,-82.715965,36.022804
37115,Madison County,37115-1-1,109,-82.725065,36.018204
37115,Madison County,37115-1-1,110,-82.727865,36.018504
37115,Madison County,37115-1-1,111,-82.731865,36.017604
37115,Madison County,37115-1-1,112,-82.750065,36.006004
37115,Madison County,37115-1-1,113,-82.754465,36.004304
37115,Madison County,37115-1-1,114,-82.759165,36.004203
37115,Madison County,37115-1-1,115,-82.765365,36.003003
37115,Madison County,37115-1-1,116,-82.776001,36.000103
37115,Madison County,37115-1-1,117,-82.777283,35.998811
37115,Madison County,37115-1-1,118,-82.778589,35.997001
37115,Madison County,37115-1-1,119,-82.779397,35.992511
37115,Madison County,37115-1-1,120,-82.785267,35.987927
37115,Madison County,37115-1-1,121,-82.785292,35.987061
37115,Madison County,37115-1-1,122,-82.785558,35.977795
37115,Madison County,37115-1-1,123,-82.781809,35.974562
37115,Madison County,37115-1-1,124,-82.780319,35.974365
37115,Madison County,37115-1-1,125,-82.778625,35.974792
37115,Madison County,37115-1-1,126,-82.776434,35.973886
37115,Madison County,37115-1-1,127,-82.774905,35.971978
37115,Madison County,37115-1-1,128,-82.777751,35.966912
37115,Madison County,37115-1-1,129,-82.783085,35.964982
37115,Madison County,37115-1-1,130,-82.784536,35.963905
37115,Madison County,37115-1-1,131,-82.785356,35.962530
37115,Madison County,37115-1-1,132,-82.785191,35.959231
37115,Madison County,37115-1-1,133,-82.787465,35.952163
37115,Madison County,37115-1-1,134,-82.787627,35.952063
37115,Madison County,37115-1-1,135,-82.800431,35.944155
37115,Madison County,37115-1-1,136,-82.805851,35.937938
37115,Madison County,37115-1-1,137,-82.806174,35.936908
37115,Madison County,37115-1-1,138,-82.805771,35.935316
37115,Madison County,37115-1-1,139,-82.802769,35.930129
37115,Madison County,37115-1-1,140,-82.802892,35.929013
37115,Madison County,37115-1-1,141,-82.804997,35.927168
37115,Madison County,37115-1-1,142,-82.809038,35.927241
37115,Madison County,37115-1-1,143,-82.811067,35.926801
37115,Madison County,37115-1-1,144,-82.816130,35.923986
37115,Madison County,37115-1-1,145,-82.821861,35.921839
37115,Madison County,37115-1-1,146,-82.822570,35.922531
37115,Madison County,37115-1-1,147,-82.826045,35.929721
37115,Madison County,37115-1-1,148,-82.828933,35.932932
37115,Madison County,37115-1-1,149,-82.830112,35.932972
37115,Madison County,37115-1-1,150,-82.833268,35.934993
37115,Madison County,37115-1-1,151,-82.839994,35.940166
37115,Madison County,37115-1-1,152,-82.841259,35.941721
37115,Madison County,37115-1-1,153,-82.849849,35.947772
37115,Madison County,37115-1-1,154,-82.852554,35.949089
37115,Madison County,37115-1-1,155,-82.860724,35.947430
37115,Madison County,37115-1-1,156,-82.869315,35.950565
37115,Madison County,37115-1-1,157,-82.870666,35.951990
37115,Madison County,37115-1-1,158,-82.874159,35.952698
37115,Madison County,37115-1-1,159,-82.883933,35.949192
37115,Madison County,37115-1-1,160,-82.892659,35.945182
37115,Madison County,37115-1-1,161,-82.896947,35.944624
37115,Madison County,37115-1-1,162,-82.898463,35.945088
37115,Madison County,37115-1-1,163,-82.898505,35.945101
37115,Madison County,37115-1-1,164,-82.901713,35.937713
37115,Madison County,37115-1-1,165,-82.901577,35.931446
37115,Madison County,37115-1-1,166,-82.902374,35.929852
37115,Madison County,37115-1-1,167,-82.903436,35.928524
37115,Madison County,37115-1-1,168,-82.906358,35.927196
37115,Madison County,37115-1-1,169,-82.910608,35.926930
37115,Madison County,37115-1-1,170,-82.911405,35.925868
37115,Madison County,37115-1-1,171,-82.911936,35.921618
37115,Madison County,37115-1-1,172,-82.911671,35.914711
37115,Madison County,37115-1-1,173,-82.906917,35.907397
37115,Madison County,37115-1-1,174,-82.904543,35.897011
37115,Madison County,37115-1-1,175,-82.901843,35.892930
37115,Madison County,37115-1-1,176,-82.901843,35.890274
37115,Madison County,37115-1-1,177,-82.903702,35.887617
37115,Madison County,37115-1-1,178,-82.903968,35.885492
37115,Madison County,37115-1-1,179,-82.901046,35.882305
37115,Madison County,37115-1-1,180,-82.899718,35.879914
37115,Madison County,37115-1-1,181,-82.899186,35.877524
37115,Madison County,37115-1-1,182,-82.899718,35.874602
37115,Madison County,37115-1-1,183,-82.901301,35.872593
37115,Madison County,37115-1-1,184,-82.916452,35.866102
37115,Madison County,37115-1-1,185,-82.918312,35.863977
37115,Madison County,37115-1-1,186,-82.919374,35.860523
37115,Madison County,37115-1-1,187,-82.920974,35.851073
37115,Madison County,37115-1-1,188,-82.919108,35.844851
37115,Madison County,37115-1-1,189,-82.920171,35.841664
37115,Madison County,37115-1-1,190,-82.923358,35.839273
37115,Madison County,37115-1-1,191,-82.927569,35.838586
37115,Madison County,37115-1-1,192,-82.931859,35.836351
37115,Madison County,37115-1-1,193,-82.933221,35.832915
37115,Madison County,37115-1-1,194,-82.937437,35.827320
37115,Madison County,37115-1-1,195,-82.943830,35.825638
37115,Madison County,37115-1-1,196,-82.945515,35.824662
37115,Madison County,37115-1-1,197,-82.952026,35.816183
37115,Madison County,37115-1-1,198,-82.955751,35.809802
37115,Madison County,37115-1-1,199,-82.956127,35.807874
37115,Madison County,37115-1-1,200,-82.958950,35.803323
37115,Madison County,37115-1-1,201,-82.961724,35.800491
37115,Madison County,37115-1-1,202,-82.962842,35.795126
37115,Madison County,37115-1-1,203,-82.962206,35.792755
37117,Martin County,37117-1-1,1,-77.402614,36.004966
37117,Martin County,37117-1-1,2,-77.342418,35.905262
37117,Martin County,37117-1-1,3,-77.349855,35.854879
37117,Martin County,37117-1-1,4,-77.350369,35.819228
37117,Martin County,37117-1-1,5,-77.255200,35.786352
37117,Martin County,37117-1-1,6,-77.264437,35.775231
37117,Martin County,37117-1-1,7,-77.250419,35.761606
37117,Martin County,37117-1-1,8,-77.210645,35.757214
37117,Martin County,37117-1-1,9,-77.202397,35.746354
37117,Martin County,37117-1-1,10,-77.174000,35.732831
37117,Martin County,37117-1-1,11,-77.163840,35.739473
37117,Martin County,37117-1-1,12,-77.034646,35.678952
37117,Martin County,37117-1-1,13,-77.008490,35.668863
37117,Martin County,37117-1-1,14,-76.985842,35.658848
37117,Martin County,37117-1-1,15,-76.847264,35.719982
37117,Martin County,37117-1-1,16,-76.831328,35.730702
37117,Martin County,37117-1-1,17,-76.817037,35.748834
37117,Martin County,37117-1-1,18,-76.804288,35.781952
37117,Martin County,37117-1-1,19,-76.792961,35.789905
37117,Martin County,37117-1-1,20,-76.802396,35.804837
37117,Martin County,37117-1-1,21,-76.782007,35.826980
37117,Martin County,37117-1-1,22,-76.789238,35.838108
37117,Martin County,37117-1-1,23,-76.777404,35.857839
37117,Martin County,37117-1-1,24,-76.760598,35.864887
37117,Martin County,37117-1-1,25,-76.780985,35.863871
37117,Martin County,37117-1-1,26,-76.802961,35.881668
37117,Martin County,37117-1-1,27,-76.818813,35.886687
37117,Martin County,37117-1-1,28,-76.834825,35.882910
37117,Martin County,37117-1-1,29,-76.831660,35.855949
37117,Martin County,37117-1-1,30,-76.858760,35.826197
37117,Martin County,37117-1-1,31,-76.882571,35.811866
37117,Martin County,37117-1-1,32,-76.897909,35.814639
37117,Martin County,37117-1-1,33,-76.903494,35.837436
37117,Martin County,37117-1-1,34,-76.894022,35.861937
37117,Martin County,37117-1-1,35,-76.902067,35.868218
37117,Martin County,37117-1-1,36,-76.917981,35.895362
37117,Martin County,37117-1-1,37,-76.939040,35.901510
37117,Martin County,37117-1-1,38,-76.961880,35.882380
37117,Martin County,37117-1-1,39,-76.987969,35.875839
37117,Martin County,37117-1-1,40,-76.991693,35.865088
37117,Martin County,37117-1-1,41,-77.008071,35.860584
37117,Martin County,37117-1-1,42,-77.014964,35.862655
37117,Martin County,37117-1-1,43,-77.034571,35.857374
37117,Martin County,37117-1-1,44,-77.044259,35.861676
37117,Martin County,37117-1-1,45,-77.044648,35.862076
37117,Martin County,37117-1-1,46,-77.044087,35.863525
37117,Martin County,37117-1-1,47,-77.040962,35.865890
37117,Martin County,37117-1-1,48,-77.040402,35.867928
37117,Martin County,37117-1-1,49,-77.041056,35.870114
37117,Martin County,37117-1-1,50,-77.045099,35.873442
37117,Martin County,37117-1-1,51,-77.045460,35.874759
37117,Martin County,37117-1-1,52,-77.044395,35.875538
37117,Martin County,37117-1-1,53,-77.042282,35.875159
37117,Martin County,37117-1-1,54,-77.031293,35.880705
37117,Martin County,37117-1-1,55,-77.030952,35.881787
37117,Martin County,37117-1-1,56,-77.031676,35.882727
37117,Martin County,37117-1-1,57,-77.034385,35.884402
37117,Martin County,37117-1-1,58,-77.035655,35.885478
37117,Martin County,37117-1-1,59,-77.036527,35.886771
37117,Martin County,37117-1-1,60,-77.037485,35.889378
37117,Martin County,37117-1-1,61,-77.037659,35.890308
37117,Martin County,37117-1-1,62,-77.034534,35.891186
37117,Martin County,37117-1-1,63,-77.032142,35.892619
37117,Martin County,37117-1-1,64,-77.029301,35.893117
37117,Martin County,37117-1-1,65,-77.028127,35.892938
37117,Martin County,37117-1-1,66,-77.025315,35.890653
37117,Martin County,37117-1-1,67,-77.023365,35.890078
37117,Martin County,37117-1-1,68,-77.022161,35.891082
37117,Martin County,37117-1-1,69,-77.027254,35.917787
37117,Martin County,37117-1-1,70,-77.027544,35.929683
37117,Martin County,37117-1-1,71,-77.039292,35.931440
37117,Martin County,37117-1-1,72,-77.042882,35.942278
37117,Martin County,37117-1-1,73,-77.055842,35.944404
37117,Martin County,37117-1-1,74,-77.071484,35.934704
37117,Martin County,37117-1-1,75,-77.080455,35.937628
37117,Martin County,37117-1-1,76,-77.094005,35.924790
37117,Martin County,37117-1-1,77,-77.101172,35.932578
37117,Martin County,37117-1-1,78,-77.119874,35.926151
37117,Martin County,37117-1-1,79,-77.132110,35.940706
37117,Martin County,37117-1-1,80,-77.140777,35.934022
37117,Martin County,37117-1-1,81,-77.162831,35.937666
37117,Martin County,37117-1-1,82,-77.170359,35.929737
37117,Martin County,37117-1-1,83,-77.186393,35.931092
37117,Martin County,37117-1-1,84,-77.195138,35.951717
37117,Martin County,37117-1-1,85,-77.190268,35.973678
37117,Martin County,37117-1-1,86,-77.196664,35.992917
37117,Martin County,37117-1-1,87,-77.213328,35.992533
37117,Martin County,37117-1-1,88,-77.205817,36.005323
37117,Martin County,37117-1-1,89,-77.215841,36.014589
37117,Martin County,37117-1-1,90,-77.230515,36.015577
37117,Martin County,37117-1-1,91,-77.274470,36.033697
37117,Martin County,37117-1-1,92,-77.320792,36.056479
37117,Martin County,37117-1-1,93,-77.327569,36.071361
37117,Martin County,37117-1-1,94,-77.339809,36.066184
37117,Martin County,37117-1-1,95,-77.402614,36.004966
37119,Mecklenburg County,37119-1-1,1,-81.058029,35.073190
37119,Mecklenburg County,37119-1-1,2,-81.057648,35.062433
37119,Mecklenburg County,37119-1-1,3,-81.055695,35.060121
37119,Mecklenburg County,37119-1-1,4,-81.050018,35.055246
37119,Mecklenburg County,37119-1-1,5,-81.041489,35.044703
37119,Mecklenburg County,37119-1-1,6,-81.022691,35.055479
37119,Mecklenburg County,37119-1-1,7,-81.013073,35.060993
37119,Mecklenburg County,37119-1-1,8,-80.996733,35.070360
37119,Mecklenburg County,37119-1-1,9,-80.989172,35.074695
37119,Mecklenburg County,37119-1-1,10,-80.989036,35.074773
37119,Mecklenburg County,37119-1-1,11,-80.984160,35.077568
37119,Mecklenburg County,37119-1-1,12,-80.978361,35.080892
37119,Mecklenburg County,37119-1-1,13,-80.957870,35.092639
37119,Mecklenburg County,37119-1-1,14,-80.957631,35.092793
37119,Mecklenburg County,37119-1-1,15,-80.934950,35.107409
37119,Mecklenburg County,37119-1-1,16,-80.931064,35.103216
37119,Mecklenburg County,37119-1-1,17,-80.920123,35.091408
37119,Mecklenburg County,37119-1-1,18,-80.906553,35.076763
37119,Mecklenburg County,37119-1-1,19,-80.906445,35.076647
37119,Mecklenburg County,37119-1-1,20,-80.906233,35.076419
37119,Mecklenburg County,37119-1-1,21,-80.906207,35.076392
37119,Mecklenburg County,37119-1-1,22,-80.898065,35.067653
37119,Mecklenburg County,37119-1-1,23,-80.884887,35.053510
37119,Mecklenburg County,37119-1-1,24,-80.884863,35.053482
37119,Mecklenburg County,37119-1-1,25,-80.870549,35.036798
37119,Mecklenburg County,37119-1-1,26,-80.870548,35.036796
37119,Mecklenburg County,37119-1-1,27,-80.864378,35.029604
37119,Mecklenburg County,37119-1-1,28,-80.851507,35.014601
37119,Mecklenburg County,37119-1-1,29,-80.851440,35.014523
37119,Mecklenburg County,37119-1-1,30,-80.840366,35.001616
37119,Mecklenburg County,37119-1-1,31,-80.828051,35.010383
37119,Mecklenburg County,37119-1-1,32,-80.822320,35.016139
37119,Mecklenburg County,37119-1-1,33,-80.808696,35.023233
37119,Mecklenburg County,37119-1-1,34,-80.804506,35.027749
37119,Mecklenburg County,37119-1-1,35,-80.773162,35.032949
37119,Mecklenburg County,37119-1-1,36,-80.767555,35.036286
37119,Mecklenburg County,37119-1-1,37,-80.741806,35.055916
37119,Mecklenburg County,37119-1-1,38,-80.728414,35.066350
37119,Mecklenburg County,37119-1-1,39,-80.705195,35.084402
37119,Mecklenburg County,37119-1-1,40,-80.698585,35.089569
37119,Mecklenburg County,37119-1-1,41,-80.690942,35.095726
37119,Mecklenburg County,37119-1-1,42,-80.681398,35.103409
37119,Mecklenburg County,37119-1-1,43,-80.676887,35.106986
37119,Mecklenburg County,37119-1-1,44,-80.654172,35.125048
37119,Mecklenburg County,37119-1-1,45,-80.636181,35.139382
37119,Mecklenburg County,37119-1-1,46,-80.628302,35.145725
37119,Mecklenburg County,37119-1-1,47,-80.579387,35.185016
37119,Mecklenburg County,37119-1-1,48,-80.550349,35.208412
37119,Mecklenburg County,37119-1-1,49,-80.599535,35.234007
37119,Mecklenburg County,37119-1-1,50,-80.599733,35.234105
37119,Mecklenburg County,37119-1-1,51,-80.627934,35.248669
37119,Mecklenburg County,37119-1-1,52,-80.651447,35.260427
37119,Mecklenburg County,37119-1-1,53,-80.666095,35.267747
37119,Mecklenburg County,37119-1-1,54,-80.672489,35.284568
37119,Mecklenburg County,37119-1-1,55,-80.678117,35.301195
37119,Mecklenburg County,37119-1-1,56,-80.683017,35.315647
37119,Mecklenburg County,37119-1-1,57,-80.689562,35.335665
37119,Mecklenburg County,37119-1-1,58,-80.693654,35.346734
37119,Mecklenburg County,37119-1-1,59,-80.693772,35.346794
37119,Mecklenburg County,37119-1-1,60,-80.708878,35.355350
37119,Mecklenburg County,37119-1-1,61,-80.719672,35.362792
37119,Mecklenburg County,37119-1-1,62,-80.744410,35.380667
37119,Mecklenburg County,37119-1-1,63,-80.748131,35.385094
37119,Mecklenburg County,37119-1-1,64,-80.755309,35.394823
37119,Mecklenburg County,37119-1-1,65,-80.764295,35.400203
37119,Mecklenburg County,37119-1-1,66,-80.763549,35.412099
37119,Mecklenburg County,37119-1-1,67,-80.752365,35.414471
37119,Mecklenburg County,37119-1-1,68,-80.756739,35.423657
37119,Mecklenburg County,37119-1-1,69,-80.759885,35.430309
37119,Mecklenburg County,37119-1-1,70,-80.764909,35.440968
37119,Mecklenburg County,37119-1-1,71,-80.787091,35.494916
37119,Mecklenburg County,37119-1-1,72,-80.784167,35.506017
37119,Mecklenburg County,37119-1-1,73,-80.796164,35.506936
37119,Mecklenburg County,37119-1-1,74,-80.801125,35.507318
37119,Mecklenburg County,37119-1-1,75,-80.865874,35.511928
37119,Mecklenburg County,37119-1-1,76,-80.906723,35.514785
37119,Mecklenburg County,37119-1-1,77,-80.908723,35.513489
37119,Mecklenburg County,37119-1-1,78,-80.947344,35.488473
37119,Mecklenburg County,37119-1-1,79,-80.946280,35.485986
37119,Mecklenburg County,37119-1-1,80,-80.950452,35.473088
37119,Mecklenburg County,37119-1-1,81,-80.943007,35.458984
37119,Mecklenburg County,37119-1-1,82,-80.949015,35.448475
37119,Mecklenburg County,37119-1-1,83,-80.958691,35.432634
37119,Mecklenburg County,37119-1-1,84,-80.956518,35.427503
37119,Mecklenburg County,37119-1-1,85,-80.958717,35.411501
37119,Mecklenburg County,37119-1-1,86,-80.954860,35.400078
37119,Mecklenburg County,37119-1-1,87,-80.986891,35.378146
37119,Mecklenburg County,37119-1-1,88,-80.973270,35.364190
37119,Mecklenburg County,37119-1-1,89,-80.962896,35.375107
37119,Mecklenburg County,37119-1-1,90,-80.923042,35.359917
37119,Mecklenburg County,37119-1-1,91,-80.939086,35.353673
37119,Mecklenburg County,37119-1-1,92,-80.962141,35.347046
37119,Mecklenburg County,37119-1-1,93,-80.972670,35.350257
37119,Mecklenburg County,37119-1-1,94,-80.984894,35.340059
37119,Mecklenburg County,37119-1-1,95,-80.983622,35.324811
37119,Mecklenburg County,37119-1-1,96,-81.001161,35.304928
37119,Mecklenburg County,37119-1-1,97,-81.003854,35.297929
37119,Mecklenburg County,37119-1-1,98,-81.004070,35.297291
37119,Mecklenburg County,37119-1-1,99,-81.004204,35.296714
37119,Mecklenburg County,37119-1-1,100,-81.008727,35.281752
37119,Mecklenburg County,37119-1-1,101,-81.011030,35.278244
37119,Mecklenburg County,37119-1-1,102,-81.014896,35.269790
37119,Mecklenburg County,37119-1-1,103,-81.013825,35.257685
37119,Mecklenburg County,37119-1-1,104,-81.008234,35.248473
37119,Mecklenburg County,37119-1-1,105,-81.013943,35.225777
37119,Mecklenburg County,37119-1-1,106,-81.007275,35.211732
37119,Mecklenburg County,37119-1-1,107,-81.006295,35.210285
37119,Mecklenburg County,37119-1-1,108,-81.003015,35.174106
37119,Mecklenburg County,37119-1-1,109,-81.007188,35.164653
37119,Mecklenburg County,37119-1-1,110,-81.009510,35.153126
37119,Mecklenburg County,37119-1-1,111,-81.017112,35.154318
37119,Mecklenburg County,37119-1-1,112,-81.031371,35.148443
37119,Mecklenburg County,37119-1-1,113,-81.042870,35.149248
37119,Mecklenburg County,37119-1-1,114,-81.043407,35.148390
37119,Mecklenburg County,37119-1-1,115,-81.044391,35.147918
37119,Mecklenburg County,37119-1-1,116,-81.047091,35.145157
37119,Mecklenburg County,37119-1-1,117,-81.047826,35.143743
37119,Mecklenburg County,37119-1-1,118,-81.051204,35.133237
37119,Mecklenburg County,37119-1-1,119,-81.051037,35.131654
37119,Mecklenburg County,37119-1-1,120,-81.050420,35.131048
37119,Mecklenburg County,37119-1-1,121,-81.038968,35.126299
37119,Mecklenburg County,37119-1-1,122,-81.036759,35.122552
37119,Mecklenburg County,37119-1-1,123,-81.033005,35.113747
37119,Mecklenburg County,37119-1-1,124,-81.032471,35.110033
37119,Mecklenburg County,37119-1-1,125,-81.032806,35.108049
37119,Mecklenburg County,37119-1-1,126,-81.034958,35.104105
37119,Mecklenburg County,37119-1-1,127,-81.037369,35.102541
37119,Mecklenburg County,37119-1-1,128,-81.040170,35.101952
37119,Mecklenburg County,37119-1-1,129,-81.040184,35.101949
37119,Mecklenburg County,37119-1-1,130,-81.046524,35.100617
37119,Mecklenburg County,37119-1-1,131,-81.050079,35.098817
37119,Mecklenburg County,37119-1-1,132,-81.052078,35.096276
37119,Mecklenburg County,37119-1-1,133,-81.056713,35.087158
37119,Mecklenburg County,37119-1-1,134,-81.057236,35.086129
37119,Mecklenburg County,37119-1-1,135,-81.058029,35.073190
37121,Mitchell County,37121-1-1,1,-82.409458,36.083409
37121,Mitchell County,37121-1-1,2,-82.416660,36.072774
37121,Mitchell County,37121-1-1,3,-82.399075,36.081918
37121,Mitchell County,37121-1-1,4,-82.380081,36.070740
37121,Mitchell County,37121-1-1,5,-82.351672,36.084334
37121,Mitchell County,37121-1-1,6,-82.336448,36.052711
37121,Mitchell County,37121-1-1,7,-82.338201,36.030088
37121,Mitchell County,37121-1-1,8,-82.323373,36.029097
37121,Mitchell County,37121-1-1,9,-82.321015,36.026212
37121,Mitchell County,37121-1-1,10,-82.300787,36.045816
37121,Mitchell County,37121-1-1,11,-82.268070,36.016625
37121,Mitchell County,37121-1-1,12,-82.273320,36.002935
37121,Mitchell County,37121-1-1,13,-82.249455,35.989535
37121,Mitchell County,37121-1-1,14,-82.253022,36.008000
37121,Mitchell County,37121-1-1,15,-82.228772,36.013021
37121,Mitchell County,37121-1-1,16,-82.198603,36.015800
37121,Mitchell County,37121-1-1,17,-82.186312,35.960958
37121,Mitchell County,37121-1-1,18,-82.197740,35.952672
37121,Mitchell County,37121-1-1,19,-82.169724,35.928617
37121,Mitchell County,37121-1-1,20,-82.148328,35.932861
37121,Mitchell County,37121-1-1,21,-82.154804,35.914771
37121,Mitchell County,37121-1-1,22,-82.143060,35.905176
37121,Mitchell County,37121-1-1,23,-82.146879,35.901995
37121,Mitchell County,37121-1-1,24,-82.146189,35.863440
37121,Mitchell County,37121-1-1,25,-82.140292,35.842615
37121,Mitchell County,37121-1-1,26,-82.148287,35.823024
37121,Mitchell County,37121-1-1,27,-82.133484,35.823309
37121,Mitchell County,37121-1-1,28,-82.120579,35.825012
37121,Mitchell County,37121-1-1,29,-82.099405,35.851671
37121,Mitchell County,37121-1-1,30,-82.073713,35.848305
37121,Mitchell County,37121-1-1,31,-82.036555,35.859360
37121,Mitchell County,37121-1-1,32,-82.028455,35.879449
37121,Mitchell County,37121-1-1,33,-82.013239,35.885095
37121,Mitchell County,37121-1-1,34,-81.999206,35.874127
37121,Mitchell County,37121-1-1,35,-81.980196,35.892191
37121,Mitchell County,37121-1-1,36,-81.979036,35.901447
37121,Mitchell County,37121-1-1,37,-81.981954,35.911361
37121,Mitchell County,37121-1-1,38,-82.034104,35.942057
37121,Mitchell County,37121-1-1,39,-82.059134,35.988346
37121,Mitchell County,37121-1-1,40,-82.039175,36.007774
37121,Mitchell County,37121-1-1,41,-82.058271,36.045043
37121,Mitchell County,37121-1-1,42,-82.071934,36.069874
37121,Mitchell County,37121-1-1,43,-82.080945,36.105761
37121,Mitchell County,37121-1-1,44,-82.085943,36.106020
37121,Mitchell County,37121-1-1,45,-82.098544,36.105719
37121,Mitchell County,37121-1-1,46,-82.101644,36.106219
37121,Mitchell County,37121-1-1,47,-82.105444,36.108119
37121,Mitchell County,37121-1-1,48,-82.109145,36.107218
37121,Mitchell County,37121-1-1,49,-82.110446,36.106664
37121,Mitchell County,37121-1-1,50,-82.115245,36.104618
37121,Mitchell County,37121-1-1,51,-82.127146,36.104417
37121,Mitchell County,37121-1-1,52,-82.130646,36.106417
37121,Mitchell County,37121-1-1,53,-82.137974,36.119576
37121,Mitchell County,37121-1-1,54,-82.136546,36.123717
37121,Mitchell County,37121-1-1,55,-82.136547,36.128817
37121,Mitchell County,37121-1-1,56,-82.140847,36.136216
37121,Mitchell County,37121-1-1,57,-82.144147,36.144216
37121,Mitchell County,37121-1-1,58,-82.147948,36.149516
37121,Mitchell County,37121-1-1,59,-82.148472,36.149424
37121,Mitchell County,37121-1-1,60,-82.155948,36.148115
37121,Mitchell County,37121-1-1,61,-82.160883,36.146548
37121,Mitchell County,37121-1-1,62,-82.169249,36.146614
37121,Mitchell County,37121-1-1,63,-82.172149,36.146414
37121,Mitchell County,37121-1-1,64,-82.173849,36.145314
37121,Mitchell County,37121-1-1,65,-82.175610,36.143870
37121,Mitchell County,37121-1-1,66,-82.178861,36.143296
37121,Mitchell County,37121-1-1,67,-82.182549,36.143714
37121,Mitchell County,37121-1-1,68,-82.183650,36.144414
37121,Mitchell County,37121-1-1,69,-82.184750,36.145414
37121,Mitchell County,37121-1-1,70,-82.187850,36.147886
37121,Mitchell County,37121-1-1,71,-82.191950,36.148813
37121,Mitchell County,37121-1-1,72,-82.195350,36.150013
37121,Mitchell County,37121-1-1,73,-82.199251,36.152713
37121,Mitchell County,37121-1-1,74,-82.201812,36.154963
37121,Mitchell County,37121-1-1,75,-82.204872,36.157067
37121,Mitchell County,37121-1-1,76,-82.211251,36.159012
37121,Mitchell County,37121-1-1,77,-82.213852,36.159112
37121,Mitchell County,37121-1-1,78,-82.218451,36.157832
37121,Mitchell County,37121-1-1,79,-82.222052,36.156911
37121,Mitchell County,37121-1-1,80,-82.223232,36.154772
37121,Mitchell County,37121-1-1,81,-82.224852,36.150011
37121,Mitchell County,37121-1-1,82,-82.228288,36.146622
37121,Mitchell County,37121-1-1,83,-82.234807,36.141720
37121,Mitchell County,37121-1-1,84,-82.235479,36.140748
37121,Mitchell County,37121-1-1,85,-82.236415,36.139926
37121,Mitchell County,37121-1-1,86,-82.237737,36.139189
37121,Mitchell County,37121-1-1,87,-82.241553,36.137111
37121,Mitchell County,37121-1-1,88,-82.243353,36.134311
37121,Mitchell County,37121-1-1,89,-82.244461,36.132777
37121,Mitchell County,37121-1-1,90,-82.247521,36.130865
37121,Mitchell County,37121-1-1,91,-82.251853,36.132210
37121,Mitchell County,37121-1-1,92,-82.253253,36.133710
37121,Mitchell County,37121-1-1,93,-82.256319,36.133925
37121,Mitchell County,37121-1-1,94,-82.260353,36.133710
37121,Mitchell County,37121-1-1,95,-82.263354,36.130110
37121,Mitchell County,37121-1-1,96,-82.265690,36.127614
37121,Mitchell County,37121-1-1,97,-82.268750,36.127040
37121,Mitchell County,37121-1-1,98,-82.270954,36.127610
37121,Mitchell County,37121-1-1,99,-82.274054,36.129410
37121,Mitchell County,37121-1-1,100,-82.278654,36.128510
37121,Mitchell County,37121-1-1,101,-82.280354,36.128810
37121,Mitchell County,37121-1-1,102,-82.288455,36.135410
37121,Mitchell County,37121-1-1,103,-82.289455,36.135710
37121,Mitchell County,37121-1-1,104,-82.297655,36.133510
37121,Mitchell County,37121-1-1,105,-82.302855,36.131310
37121,Mitchell County,37121-1-1,106,-82.307255,36.128510
37121,Mitchell County,37121-1-1,107,-82.308655,36.126510
37121,Mitchell County,37121-1-1,108,-82.318156,36.120910
37121,Mitchell County,37121-1-1,109,-82.321448,36.119551
37121,Mitchell County,37121-1-1,110,-82.325169,36.119363
37121,Mitchell County,37121-1-1,111,-82.329177,36.117427
37121,Mitchell County,37121-1-1,112,-82.332289,36.116935
37121,Mitchell County,37121-1-1,113,-82.336756,36.114909
37121,Mitchell County,37121-1-1,114,-82.346857,36.115209
37121,Mitchell County,37121-1-1,115,-82.348422,36.115929
37121,Mitchell County,37121-1-1,116,-82.349957,36.117109
37121,Mitchell County,37121-1-1,117,-82.355157,36.115609
37121,Mitchell County,37121-1-1,118,-82.360357,36.111609
37121,Mitchell County,37121-1-1,119,-82.360919,36.110614
37121,Mitchell County,37121-1-1,120,-82.360985,36.110579
37121,Mitchell County,37121-1-1,121,-82.366566,36.107650
37121,Mitchell County,37121-1-1,122,-82.371383,36.106388
37121,Mitchell County,37121-1-1,123,-82.375558,36.105609
37121,Mitchell County,37121-1-1,124,-82.378758,36.102809
37121,Mitchell County,37121-1-1,125,-82.380458,36.099309
37121,Mitchell County,37121-1-1,126,-82.389958,36.096909
37121,Mitchell County,37121-1-1,127,-82.404458,36.087609
37121,Mitchell County,37121-1-1,128,-82.409458,36.083409
37123,Montgomery County,37123-1-1,1,-80.182559,35.504151
37123,Montgomery County,37123-1-1,2,-80.161736,35.475208
37123,Montgomery County,37123-1-1,3,-80.139921,35.475055
37123,Montgomery County,37123-1-1,4,-80.108495,35.459451
37123,Montgomery County,37123-1-1,5,-80.100491,35.429903
37123,Montgomery County,37123-1-1,6,-80.093711,35.402030
37123,Montgomery County,37123-1-1,7,-80.059780,35.381137
37123,Montgomery County,37123-1-1,8,-80.051225,35.371537
37123,Montgomery County,37123-1-1,9,-80.066371,35.357145
37123,Montgomery County,37123-1-1,10,-80.065873,35.343557
37123,Montgomery County,37123-1-1,11,-80.081938,35.321457
37123,Montgomery County,37123-1-1,12,-80.080208,35.308638
37123,Montgomery County,37123-1-1,13,-80.091424,35.292667
37123,Montgomery County,37123-1-1,14,-80.093966,35.287087
37123,Montgomery County,37123-1-1,15,-80.098185,35.255173
37123,Montgomery County,37123-1-1,16,-80.092006,35.237723
37123,Montgomery County,37123-1-1,17,-80.075246,35.226248
37123,Montgomery County,37123-1-1,18,-80.061917,35.200676
37123,Montgomery County,37123-1-1,19,-80.053064,35.172625
37123,Montgomery County,37123-1-1,20,-80.075365,35.143081
37123,Montgomery County,37123-1-1,21,-80.023858,35.137089
37123,Montgomery County,37123-1-1,22,-79.983399,35.158510
37123,Montgomery County,37123-1-1,23,-79.948345,35.159012
37123,Montgomery County,37123-1-1,24,-79.944271,35.164169
37123,Montgomery County,37123-1-1,25,-79.909679,35.162517
37123,Montgomery County,37123-1-1,26,-79.898610,35.161714
37123,Montgomery County,37123-1-1,27,-79.851268,35.183855
37123,Montgomery County,37123-1-1,28,-79.836139,35.177232
37123,Montgomery County,37123-1-1,29,-79.804078,35.179169
37123,Montgomery County,37123-1-1,30,-79.749463,35.172999
37123,Montgomery County,37123-1-1,31,-79.727797,35.175820
37123,Montgomery County,37123-1-1,32,-79.694365,35.179642
37123,Montgomery County,37123-1-1,33,-79.673494,35.175374
37123,Montgomery County,37123-1-1,34,-79.642129,35.157717
37123,Montgomery County,37123-1-1,35,-79.622453,35.162592
37123,Montgomery County,37123-1-1,36,-79.614304,35.163679
37123,Montgomery County,37123-1-1,37,-79.615968,35.168438
37123,Montgomery County,37123-1-1,38,-79.648576,35.187699
37123,Montgomery County,37123-1-1,39,-79.657498,35.191518
37123,Montgomery County,37123-1-1,40,-79.673005,35.245396
37123,Montgomery County,37123-1-1,41,-79.697773,35.251379
37123,Montgomery County,37123-1-1,42,-79.711896,35.275608
37123,Montgomery County,37123-1-1,43,-79.709913,35.301275
37123,Montgomery County,37123-1-1,44,-79.720732,35.338685
37123,Montgomery County,37123-1-1,45,-79.726873,35.359690
37123,Montgomery County,37123-1-1,46,-79.751730,35.443994
37123,Montgomery County,37123-1-1,47,-79.764192,35.475735
37123,Montgomery County,37123-1-1,48,-79.767957,35.511484
37123,Montgomery County,37123-1-1,49,-79.804573,35.511078
37123,Montgomery County,37123-1-1,50,-79.832229,35.510781
37123,Montgomery County,37123-1-1,51,-79.901363,35.509866
37123,Montgomery County,37123-1-1,52,-80.066842,35.505661
37123,Montgomery County,37123-1-1,53,-80.182559,35.504151
37125,Moore County,37125-1-1,1,-79.767957,35.511484
37125,Moore County,37125-1-1,2,-79.764192,35.475735
37125,Moore County,37125-1-1,3,-79.751730,35.443994
37125,Moore County,37125-1-1,4,-79.726873,35.359690
37125,Moore County,37125-1-1,5,-79.720732,35.338685
37125,Moore County,37125-1-1,6,-79.709913,35.301275
37125,Moore County,37125-1-1,7,-79.711896,35.275608
37125,Moore County,37125-1-1,8,-79.697773,35.251379
37125,Moore County,37125-1-1,9,-79.673005,35.245396
37125,Moore County,37125-1-1,10,-79.657498,35.191518
37125,Moore County,37125-1-1,11,-79.648576,35.187699
37125,Moore County,37125-1-1,12,-79.615968,35.168438
37125,Moore County,37125-1-1,13,-79.614304,35.163679
37125,Moore County,37125-1-1,14,-79.608401,35.148645
37125,Moore County,37125-1-1,15,-79.576222,35.124400
37125,Moore County,37125-1-1,16,-79.582779,35.083960
37125,Moore County,37125-1-1,17,-79.575931,35.069904
37125,Moore County,37125-1-1,18,-79.501304,35.064235
37125,Moore County,37125-1-1,19,-79.458751,35.043639
37125,Moore County,37125-1-1,20,-79.429931,35.072342
37125,Moore County,37125-1-1,21,-79.385612,35.113173
37125,Moore County,37125-1-1,22,-79.380544,35.118058
37125,Moore County,37125-1-1,23,-79.348448,35.148684
37125,Moore County,37125-1-1,24,-79.335477,35.161588
37125,Moore County,37125-1-1,25,-79.312300,35.168485
37125,Moore County,37125-1-1,26,-79.284719,35.190167
37125,Moore County,37125-1-1,27,-79.285103,35.192840
37125,Moore County,37125-1-1,28,-79.243890,35.213666
37125,Moore County,37125-1-1,29,-79.216453,35.197704
37125,Moore County,37125-1-1,30,-79.211853,35.194056
37125,Moore County,37125-1-1,31,-79.184055,35.192318
37125,Moore County,37125-1-1,32,-79.180756,35.189790
37125,Moore County,37125-1-1,33,-79.175214,35.193060
37125,Moore County,37125-1-1,34,-79.172394,35.191507
37125,Moore County,37125-1-1,35,-79.173169,35.187108
37125,Moore County,37125-1-1,36,-79.167490,35.184191
37125,Moore County,37125-1-1,37,-79.167641,35.180942
37125,Moore County,37125-1-1,38,-79.156128,35.179945
37125,Moore County,37125-1-1,39,-79.151968,35.174187
37125,Moore County,37125-1-1,40,-79.142711,35.168984
37125,Moore County,37125-1-1,41,-79.125086,35.166524
37125,Moore County,37125-1-1,42,-79.097551,35.174233
37125,Moore County,37125-1-1,43,-79.098261,35.187729
37125,Moore County,37125-1-1,44,-79.095808,35.192068
37125,Moore County,37125-1-1,45,-79.151636,35.213999
37125,Moore County,37125-1-1,46,-79.154164,35.220386
37125,Moore County,37125-1-1,47,-79.153881,35.229226
37125,Moore County,37125-1-1,48,-79.165108,35.240925
37125,Moore County,37125-1-1,49,-79.193750,35.250230
37125,Moore County,37125-1-1,50,-79.223021,35.268133
37125,Moore County,37125-1-1,51,-79.196097,35.294795
37125,Moore County,37125-1-1,52,-79.183556,35.307161
37125,Moore County,37125-1-1,53,-79.221976,35.324337
37125,Moore County,37125-1-1,54,-79.238984,35.334309
37125,Moore County,37125-1-1,55,-79.273320,35.352286
37125,Moore County,37125-1-1,56,-79.280440,35.381491
37125,Moore County,37125-1-1,57,-79.289561,35.400439
37125,Moore County,37125-1-1,58,-79.329384,35.423404
37125,Moore County,37125-1-1,59,-79.326686,35.434896
37125,Moore County,37125-1-1,60,-79.359898,35.477543
37125,Moore County,37125-1-1,61,-79.335920,35.497754
37125,Moore County,37125-1-1,62,-79.350073,35.518002
37125,Moore County,37125-1-1,63,-79.391516,35.517434
37125,Moore County,37125-1-1,64,-79.555804,35.515039
37125,Moore County,37125-1-1,65,-79.590297,35.514492
37125,Moore County,37125-1-1,66,-79.638149,35.513717
37125,Moore County,37125-1-1,67,-79.767957,35.511484
37127,Nash County,37127-1-1,1,-78.255973,35.818120
37127,Nash County,37127-1-1,2,-78.256029,35.817972
37127,Nash County,37127-1-1,3,-78.243876,35.791949
37127,Nash County,37127-1-1,4,-78.248458,35.774790
37127,Nash County,37127-1-1,5,-78.232510,35.751256
37127,Nash County,37127-1-1,6,-78.219769,35.755069
37127,Nash County,37127-1-1,7,-78.215472,35.735837
37127,Nash County,37127-1-1,8,-78.192117,35.730545
37127,Nash County,37127-1-1,9,-78.181972,35.737956
37127,Nash County,37127-1-1,10,-78.163916,35.742065
37127,Nash County,37127-1-1,11,-78.147209,35.745769
37127,Nash County,37127-1-1,12,-78.117223,35.757178
37127,Nash County,37127-1-1,13,-78.048034,35.783692
37127,Nash County,37127-1-1,14,-78.022703,35.793370
37127,Nash County,37127-1-1,15,-77.990730,35.806034
37127,Nash County,37127-1-1,16,-77.987446,35.807355
37127,Nash County,37127-1-1,17,-77.915657,35.836450
37127,Nash County,37127-1-1,18,-77.897358,35.843853
37127,Nash County,37127-1-1,19,-77.873867,35.849731
37127,Nash County,37127-1-1,20,-77.853453,35.843983
37127,Nash County,37127-1-1,21,-77.844737,35.837618
37127,Nash County,37127-1-1,22,-77.828444,35.867208
37127,Nash County,37127-1-1,23,-77.818604,35.886402
37127,Nash County,37127-1-1,24,-77.798795,35.933925
37127,Nash County,37127-1-1,25,-77.797878,35.936208
37127,Nash County,37127-1-1,26,-77.794520,35.944175
37127,Nash County,37127-1-1,27,-77.789654,35.955886
37127,Nash County,37127-1-1,28,-77.777751,35.984635
37127,Nash County,37127-1-1,29,-77.774097,35.998740
37127,Nash County,37127-1-1,30,-77.767681,36.014495
37127,Nash County,37127-1-1,31,-77.732998,36.074763
37127,Nash County,37127-1-1,32,-77.707719,36.113684
37127,Nash County,37127-1-1,33,-77.697956,36.153150
37127,Nash County,37127-1-1,34,-77.721332,36.133795
37127,Nash County,37127-1-1,35,-77.737184,36.153748
37127,Nash County,37127-1-1,36,-77.752800,36.157232
37127,Nash County,37127-1-1,37,-77.753854,36.151210
37127,Nash County,37127-1-1,38,-77.786401,36.142953
37127,Nash County,37127-1-1,39,-77.860523,36.148837
37127,Nash County,37127-1-1,40,-77.887876,36.143966
37127,Nash County,37127-1-1,41,-77.891739,36.149847
37127,Nash County,37127-1-1,42,-77.901139,36.162894
37127,Nash County,37127-1-1,43,-77.923032,36.166897
37127,Nash County,37127-1-1,44,-77.924067,36.188973
37127,Nash County,37127-1-1,45,-77.944004,36.192592
37127,Nash County,37127-1-1,46,-77.950735,36.180658
37127,Nash County,37127-1-1,47,-77.968089,36.194504
37127,Nash County,37127-1-1,48,-77.977663,36.175259
37127,Nash County,37127-1-1,49,-78.006551,36.202633
37127,Nash County,37127-1-1,50,-78.078131,36.095924
37127,Nash County,37127-1-1,51,-78.131228,36.016798
37127,Nash County,37127-1-1,52,-78.182182,35.938758
37127,Nash County,37127-1-1,53,-78.184197,35.935489
37127,Nash County,37127-1-1,54,-78.197522,35.913902
37127,Nash County,37127-1-1,55,-78.255973,35.818120
37129,New Hanover County,37129-1-1,1,-78.029922,34.331768
37129,New Hanover County,37129-1-1,2,-78.027457,34.319656
37129,New Hanover County,37129-1-1,3,-78.007217,34.321368
37129,New Hanover County,37129-1-1,4,-78.017113,34.292769
37129,New Hanover County,37129-1-1,5,-77.987512,34.268269
37129,New Hanover County,37129-1-1,6,-77.987712,34.260069
37129,New Hanover County,37129-1-1,7,-77.967797,34.252127
37129,New Hanover County,37129-1-1,8,-77.957373,34.229503
37129,New Hanover County,37129-1-1,9,-77.959039,34.218616
37129,New Hanover County,37129-1-1,10,-77.961304,34.204869
37129,New Hanover County,37129-1-1,11,-77.956690,34.191996
37129,New Hanover County,37129-1-1,12,-77.958557,34.176666
37129,New Hanover County,37129-1-1,13,-77.953502,34.153547
37129,New Hanover County,37129-1-1,14,-77.940026,34.128880
37129,New Hanover County,37129-1-1,15,-77.936921,34.122845
37129,New Hanover County,37129-1-1,16,-77.934398,34.085351
37129,New Hanover County,37129-1-1,17,-77.931103,34.058884
37129,New Hanover County,37129-1-1,18,-77.930956,34.050324
37129,New Hanover County,37129-1-1,19,-77.933953,34.017108
37129,New Hanover County,37129-1-1,20,-77.940669,33.983951
37129,New Hanover County,37129-1-1,21,-77.948102,33.969927
37129,New Hanover County,37129-1-1,22,-77.945937,33.962189
37129,New Hanover County,37129-1-1,23,-77.937764,33.931314
37129,New Hanover County,37129-1-1,24,-77.921355,33.966826
37129,New Hanover County,37129-1-1,25,-77.915205,33.974542
37129,New Hanover County,37129-1-1,26,-77.899950,34.013651
37129,New Hanover County,37129-1-1,27,-77.891923,34.034229
37129,New Hanover County,37129-1-1,28,-77.883141,34.056743
37129,New Hanover County,37129-1-1,29,-77.876203,34.074527
37129,New Hanover County,37129-1-1,30,-77.874486,34.078930
37129,New Hanover County,37129-1-1,31,-77.874148,34.079614
37129,New Hanover County,37129-1-1,32,-77.844257,34.140110
37129,New Hanover County,37129-1-1,33,-77.830041,34.163505
37129,New Hanover County,37129-1-1,34,-77.789315,34.213710
37129,New Hanover County,37129-1-1,35,-77.774560,34.235784
37129,New Hanover County,37129-1-1,36,-77.772420,34.238093
37129,New Hanover County,37129-1-1,37,-77.739738,34.273358
37129,New Hanover County,37129-1-1,38,-77.718275,34.290044
37129,New Hanover County,37129-1-1,39,-77.712280,34.298691
37129,New Hanover County,37129-1-1,40,-77.739198,34.292752
37129,New Hanover County,37129-1-1,41,-77.741368,34.298026
37129,New Hanover County,37129-1-1,42,-77.740583,34.301290
37129,New Hanover County,37129-1-1,43,-77.768514,34.319068
37129,New Hanover County,37129-1-1,44,-77.811091,34.358024
37129,New Hanover County,37129-1-1,45,-77.804754,34.376824
37129,New Hanover County,37129-1-1,46,-77.822995,34.389359
37129,New Hanover County,37129-1-1,47,-77.858642,34.379695
37129,New Hanover County,37129-1-1,48,-77.888433,34.364062
37129,New Hanover County,37129-1-1,49,-77.900605,34.377955
37129,New Hanover County,37129-1-1,50,-77.918493,34.374840
37129,New Hanover County,37129-1-1,51,-77.928781,34.361544
37129,New Hanover County,37129-1-1,52,-77.950254,34.364840
37129,New Hanover County,37129-1-1,53,-77.960796,34.382773
37129,New Hanover County,37129-1-1,54,-77.969679,34.378033
37129,New Hanover County,37129-1-1,55,-77.986995,34.372056
37129,New Hanover County,37129-1-1,56,-77.978358,34.358921
37129,New Hanover County,37129-1-1,57,-77.993202,34.336828
37129,New Hanover County,37129-1-1,58,-78.029922,34.331768
37131,Northampton County,37131-1-1,1,-77.899771,36.544663
37131,Northampton County,37131-1-1,2,-77.899596,36.507716
37131,Northampton County,37131-1-1,3,-77.899524,36.504259
37131,Northampton County,37131-1-1,4,-77.892790,36.511972
37131,Northampton County,37131-1-1,5,-77.809345,36.498339
37131,Northampton County,37131-1-1,6,-77.770089,36.480547
37131,Northampton County,37131-1-1,7,-77.751090,36.478813
37131,Northampton County,37131-1-1,8,-77.726493,36.487490
37131,Northampton County,37131-1-1,9,-77.677420,36.478895
37131,Northampton County,37131-1-1,10,-77.649835,36.481443
37131,Northampton County,37131-1-1,11,-77.645744,36.480673
37131,Northampton County,37131-1-1,12,-77.641829,36.477961
37131,Northampton County,37131-1-1,13,-77.625213,36.445189
37131,Northampton County,37131-1-1,14,-77.550113,36.413362
37131,Northampton County,37131-1-1,15,-77.547012,36.373914
37131,Northampton County,37131-1-1,16,-77.584134,36.340422
37131,Northampton County,37131-1-1,17,-77.570777,36.313537
37131,Northampton County,37131-1-1,18,-77.556296,36.305208
37131,Northampton County,37131-1-1,19,-77.495096,36.308381
37131,Northampton County,37131-1-1,20,-77.470753,36.320130
37131,Northampton County,37131-1-1,21,-77.441663,36.324353
37131,Northampton County,37131-1-1,22,-77.414418,36.293472
37131,Northampton County,37131-1-1,23,-77.409684,36.263800
37131,Northampton County,37131-1-1,24,-77.380559,36.249265
37131,Northampton County,37131-1-1,25,-77.383633,36.208976
37131,Northampton County,37131-1-1,26,-77.350971,36.191532
37131,Northampton County,37131-1-1,27,-77.328370,36.191907
37131,Northampton County,37131-1-1,28,-77.300414,36.164937
37131,Northampton County,37131-1-1,29,-77.291519,36.168342
37131,Northampton County,37131-1-1,30,-77.299717,36.181409
37131,Northampton County,37131-1-1,31,-77.298250,36.207708
37131,Northampton County,37131-1-1,32,-77.254916,36.218474
37131,Northampton County,37131-1-1,33,-77.228958,36.214403
37131,Northampton County,37131-1-1,34,-77.208468,36.246578
37131,Northampton County,37131-1-1,35,-77.207289,36.249716
37131,Northampton County,37131-1-1,36,-77.199041,36.267725
37131,Northampton County,37131-1-1,37,-77.159534,36.365772
37131,Northampton County,37131-1-1,38,-77.131348,36.437826
37131,Northampton County,37131-1-1,39,-77.137228,36.455383
37131,Northampton County,37131-1-1,40,-77.122959,36.471218
37131,Northampton County,37131-1-1,41,-77.099930,36.479095
37131,Northampton County,37131-1-1,42,-77.091502,36.471751
37131,Northampton County,37131-1-1,43,-77.066443,36.482914
37131,Northampton County,37131-1-1,44,-77.074222,36.499401
37131,Northampton County,37131-1-1,45,-77.085432,36.499961
37131,Northampton County,37131-1-1,46,-77.082474,36.511469
37131,Northampton County,37131-1-1,47,-77.093224,36.518216
37131,Northampton County,37131-1-1,48,-77.147870,36.524985
37131,Northampton County,37131-1-1,49,-77.148685,36.534142
37131,Northampton County,37131-1-1,50,-77.164370,36.546305
37131,Northampton County,37131-1-1,51,-77.164500,36.546330
37131,Northampton County,37131-1-1,52,-77.169660,36.547315
37131,Northampton County,37131-1-1,53,-77.190175,36.546164
37131,Northampton County,37131-1-1,54,-77.205156,36.544581
37131,Northampton County,37131-1-1,55,-77.253208,36.544664
37131,Northampton County,37131-1-1,56,-77.296814,36.544739
37131,Northampton County,37131-1-1,57,-77.354683,36.544839
37131,Northampton County,37131-1-1,58,-77.372710,36.544870
37131,Northampton County,37131-1-1,59,-77.576407,36.545221
37131,Northampton County,37131-1-1,60,-77.749706,36.545520
37131,Northampton County,37131-1-1,61,-77.767123,36.545414
37131,Northampton County,37131-1-1,62,-77.772285,36.545382
37131,Northampton County,37131-1-1,63,-77.875280,36.544754
37131,Northampton County,37131-1-1,64,-77.882227,36.544737
37131,Northampton County,37131-1-1,65,-77.882357,36.544737
37131,Northampton County,37131-1-1,66,-77.899771,36.544663
37133,Onslow County,37133-1-1,1,-77.679438,34.760087
37133,Onslow County,37133-1-1,2,-77.680127,34.720595
37133,Onslow County,37133-1-1,3,-77.668177,34.695083
37133,Onslow County,37133-1-1,4,-77.642092,34.638562
37133,Onslow County,37133-1-1,5,-77.615120,34.579057
37133,Onslow County,37133-1-1,6,-77.574924,34.478681
37133,Onslow County,37133-1-1,7,-77.575947,34.476359
37133,Onslow County,37133-1-1,8,-77.541160,34.464958
37133,Onslow County,37133-1-1,9,-77.527063,34.451114
37133,Onslow County,37133-1-1,10,-77.518463,34.440959
37133,Onslow County,37133-1-1,11,-77.492059,34.456547
37133,Onslow County,37133-1-1,12,-77.462930,34.471979
37133,Onslow County,37133-1-1,13,-77.403568,34.499959
37133,Onslow County,37133-1-1,14,-77.344278,34.526480
37133,Onslow County,37133-1-1,15,-77.335429,34.531270
37133,Onslow County,37133-1-1,16,-77.306910,34.546705
37133,Onslow County,37133-1-1,17,-77.260468,34.577430
37133,Onslow County,37133-1-1,18,-77.211379,34.605387
37133,Onslow County,37133-1-1,19,-77.181811,34.617959
37133,Onslow County,37133-1-1,20,-77.177286,34.621292
37133,Onslow County,37133-1-1,21,-77.175849,34.622350
37133,Onslow County,37133-1-1,22,-77.169450,34.623123
37133,Onslow County,37133-1-1,23,-77.137284,34.634251
37133,Onslow County,37133-1-1,24,-77.115060,34.642049
37133,Onslow County,37133-1-1,25,-77.108376,34.643006
37133,Onslow County,37133-1-1,26,-77.112331,34.647661
37133,Onslow County,37133-1-1,27,-77.096246,34.671778
37133,Onslow County,37133-1-1,28,-77.100828,34.673429
37133,Onslow County,37133-1-1,29,-77.113529,34.680541
37133,Onslow County,37133-1-1,30,-77.105994,34.710106
37133,Onslow County,37133-1-1,31,-77.109153,34.717874
37133,Onslow County,37133-1-1,32,-77.122652,34.735258
37133,Onslow County,37133-1-1,33,-77.134854,34.764158
37133,Onslow County,37133-1-1,34,-77.157773,34.765949
37133,Onslow County,37133-1-1,35,-77.150761,34.771396
37133,Onslow County,37133-1-1,36,-77.165986,34.785032
37133,Onslow County,37133-1-1,37,-77.172104,34.780385
37133,Onslow County,37133-1-1,38,-77.175131,34.795534
37133,Onslow County,37133-1-1,39,-77.196257,34.810991
37133,Onslow County,37133-1-1,40,-77.181253,34.836211
37133,Onslow County,37133-1-1,41,-77.200266,34.833284
37133,Onslow County,37133-1-1,42,-77.219466,34.871498
37133,Onslow County,37133-1-1,43,-77.221954,34.886882
37133,Onslow County,37133-1-1,44,-77.234165,34.886331
37133,Onslow County,37133-1-1,45,-77.237357,34.899962
37133,Onslow County,37133-1-1,46,-77.248333,34.900101
37133,Onslow County,37133-1-1,47,-77.267647,34.925790
37133,Onslow County,37133-1-1,48,-77.307466,34.937237
37133,Onslow County,37133-1-1,49,-77.331554,34.939150
37133,Onslow County,37133-1-1,50,-77.345366,34.930471
37133,Onslow County,37133-1-1,51,-77.365167,34.923550
37133,Onslow County,37133-1-1,52,-77.366768,34.908650
37133,Onslow County,37133-1-1,53,-77.502745,34.969623
37133,Onslow County,37133-1-1,54,-77.502792,34.969637
37133,Onslow County,37133-1-1,55,-77.567828,34.977404
37133,Onslow County,37133-1-1,56,-77.638967,34.984460
37133,Onslow County,37133-1-1,57,-77.674805,34.973900
37133,Onslow County,37133-1-1,58,-77.680081,34.971141
37133,Onslow County,37133-1-1,59,-77.653352,34.940535
37133,Onslow County,37133-1-1,60,-77.651093,34.923679
37133,Onslow County,37133-1-1,61,-77.651070,34.923526
37133,Onslow County,37133-1-1,62,-77.666060,34.839651
37133,Onslow County,37133-1-1,63,-77.677050,34.799625
37133,Onslow County,37133-1-1,64,-77.679438,34.760087
37135,Orange County,37135-1-1,1,-79.264027,35.914114
37135,Orange County,37135-1-1,2,-79.268243,35.909182
37135,Orange County,37135-1-1,3,-79.257629,35.903039
37135,Orange County,37135-1-1,4,-79.249538,35.876810
37135,Orange County,37135-1-1,5,-79.221534,35.875467
37135,Orange County,37135-1-1,6,-79.158733,35.867861
37135,Orange County,37135-1-1,7,-79.131834,35.865309
37135,Orange County,37135-1-1,8,-79.121541,35.863986
37135,Orange County,37135-1-1,9,-79.116912,35.863926
37135,Orange County,37135-1-1,10,-79.081938,35.860780
37135,Orange County,37135-1-1,11,-79.026622,35.862762
37135,Orange County,37135-1-1,12,-79.016305,35.863210
37135,Orange County,37135-1-1,13,-79.009535,35.902206
37135,Orange County,37135-1-1,14,-79.009500,35.902401
37135,Orange County,37135-1-1,15,-79.006887,35.917197
37135,Orange County,37135-1-1,16,-79.004389,35.931500
37135,Orange County,37135-1-1,17,-79.001238,35.949802
37135,Orange County,37135-1-1,18,-79.000737,35.952697
37135,Orange County,37135-1-1,19,-78.996137,35.979032
37135,Orange County,37135-1-1,20,-78.990693,36.010234
37135,Orange County,37135-1-1,21,-78.988504,36.022774
37135,Orange County,37135-1-1,22,-78.987354,36.029355
37135,Orange County,37135-1-1,23,-78.985885,36.037996
37135,Orange County,37135-1-1,24,-78.982633,36.056544
37135,Orange County,37135-1-1,25,-78.972766,36.112608
37135,Orange County,37135-1-1,26,-78.971445,36.120614
37135,Orange County,37135-1-1,27,-78.967447,36.143223
37135,Orange County,37135-1-1,28,-78.950597,36.239320
37135,Orange County,37135-1-1,29,-79.071348,36.240993
37135,Orange County,37135-1-1,30,-79.153997,36.241875
37135,Orange County,37135-1-1,31,-79.257952,36.243445
37135,Orange County,37135-1-1,32,-79.258384,36.194368
37135,Orange County,37135-1-1,33,-79.259120,36.157402
37135,Orange County,37135-1-1,34,-79.259859,36.120068
37135,Orange County,37135-1-1,35,-79.260101,36.107860
37135,Orange County,37135-1-1,36,-79.260370,36.094296
37135,Orange County,37135-1-1,37,-79.260375,36.094073
37135,Orange County,37135-1-1,38,-79.260179,36.081087
37135,Orange County,37135-1-1,39,-79.260871,36.074906
37135,Orange County,37135-1-1,40,-79.262143,36.061681
37135,Orange County,37135-1-1,41,-79.261641,36.045345
37135,Orange County,37135-1-1,42,-79.261807,36.039873
37135,Orange County,37135-1-1,43,-79.264541,35.973745
37135,Orange County,37135-1-1,44,-79.263608,35.969378
37135,Orange County,37135-1-1,45,-79.264027,35.914114
37137,Pamlico County,37137-1-1,1,-76.987537,35.154267
37137,Pamlico County,37137-1-1,2,-76.978541,35.138735
37137,Pamlico County,37137-1-1,3,-76.931113,35.117198
37137,Pamlico County,37137-1-1,4,-76.938575,35.089725
37137,Pamlico County,37137-1-1,5,-76.936149,35.061910
37137,Pamlico County,37137-1-1,6,-76.958465,35.047647
37137,Pamlico County,37137-1-1,7,-76.869001,35.000204
37137,Pamlico County,37137-1-1,8,-76.805736,34.966655
37137,Pamlico County,37137-1-1,9,-76.801426,34.964369
37137,Pamlico County,37137-1-1,10,-76.697831,35.019887
37137,Pamlico County,37137-1-1,11,-76.639764,35.051006
37137,Pamlico County,37137-1-1,12,-76.631895,35.056626
37137,Pamlico County,37137-1-1,13,-76.622902,35.061123
37137,Pamlico County,37137-1-1,14,-76.613910,35.061123
37137,Pamlico County,37137-1-1,15,-76.600420,35.067867
37137,Pamlico County,37137-1-1,16,-76.575690,35.092598
37137,Pamlico County,37137-1-1,17,-76.568945,35.097094
37137,Pamlico County,37137-1-1,18,-76.561077,35.108335
37137,Pamlico County,37137-1-1,19,-76.557704,35.116204
37137,Pamlico County,37137-1-1,20,-76.546463,35.122948
37137,Pamlico County,37137-1-1,21,-76.536346,35.142058
37137,Pamlico County,37137-1-1,22,-76.536346,35.149927
37137,Pamlico County,37137-1-1,23,-76.539719,35.166788
37137,Pamlico County,37137-1-1,24,-76.538072,35.170631
37137,Pamlico County,37137-1-1,25,-76.536346,35.174657
37137,Pamlico County,37137-1-1,26,-76.521733,35.192643
37137,Pamlico County,37137-1-1,27,-76.516828,35.211202
37137,Pamlico County,37137-1-1,28,-76.496186,35.221552
37137,Pamlico County,37137-1-1,29,-76.497550,35.242886
37137,Pamlico County,37137-1-1,30,-76.483681,35.248810
37137,Pamlico County,37137-1-1,31,-76.468163,35.263494
37137,Pamlico County,37137-1-1,32,-76.470987,35.280400
37137,Pamlico County,37137-1-1,33,-76.484064,35.313102
37137,Pamlico County,37137-1-1,34,-76.489917,35.315106
37137,Pamlico County,37137-1-1,35,-76.539078,35.325137
37137,Pamlico County,37137-1-1,36,-76.597726,35.330934
37137,Pamlico County,37137-1-1,37,-76.608497,35.336529
37137,Pamlico County,37137-1-1,38,-76.617496,35.328893
37137,Pamlico County,37137-1-1,39,-76.618860,35.300143
37137,Pamlico County,37137-1-1,40,-76.612186,35.279320
37137,Pamlico County,37137-1-1,41,-76.632561,35.235324
37137,Pamlico County,37137-1-1,42,-76.774146,35.222756
37137,Pamlico County,37137-1-1,43,-76.845276,35.216080
37137,Pamlico County,37137-1-1,44,-76.895919,35.253889
37137,Pamlico County,37137-1-1,45,-76.906081,35.235945
37137,Pamlico County,37137-1-1,46,-76.932590,35.230286
37137,Pamlico County,37137-1-1,47,-76.962930,35.197857
37137,Pamlico County,37137-1-1,48,-76.970302,35.163657
37137,Pamlico County,37137-1-1,49,-76.987537,35.154267
37139,Pasquotank County,37139-1-1,1,-76.491336,36.510677
37139,Pasquotank County,37139-1-1,2,-76.491405,36.468648
37139,Pasquotank County,37139-1-1,3,-76.453711,36.378092
37139,Pasquotank County,37139-1-1,4,-76.447632,36.363738
37139,Pasquotank County,37139-1-1,5,-76.391771,36.287307
37139,Pasquotank County,37139-1-1,6,-76.386143,36.283104
37139,Pasquotank County,37139-1-1,7,-76.374880,36.258654
37139,Pasquotank County,37139-1-1,8,-76.337735,36.240739
37139,Pasquotank County,37139-1-1,9,-76.330485,36.243970
37139,Pasquotank County,37139-1-1,10,-76.303322,36.221714
37139,Pasquotank County,37139-1-1,11,-76.286400,36.216737
37139,Pasquotank County,37139-1-1,12,-76.288309,36.213821
37139,Pasquotank County,37139-1-1,13,-76.273316,36.189062
37139,Pasquotank County,37139-1-1,14,-76.268741,36.189764
37139,Pasquotank County,37139-1-1,15,-76.254064,36.184190
37139,Pasquotank County,37139-1-1,16,-76.247877,36.175148
37139,Pasquotank County,37139-1-1,17,-76.236932,36.170389
37139,Pasquotank County,37139-1-1,18,-76.228183,36.158487
37139,Pasquotank County,37139-1-1,19,-76.206873,36.137521
37139,Pasquotank County,37139-1-1,20,-76.178946,36.123424
37139,Pasquotank County,37139-1-1,21,-76.092555,36.135794
37139,Pasquotank County,37139-1-1,22,-76.071672,36.140183
37139,Pasquotank County,37139-1-1,23,-76.064224,36.143775
37139,Pasquotank County,37139-1-1,24,-76.059270,36.149285
37139,Pasquotank County,37139-1-1,25,-76.059920,36.155140
37139,Pasquotank County,37139-1-1,26,-76.065450,36.165224
37139,Pasquotank County,37139-1-1,27,-76.080106,36.199440
37139,Pasquotank County,37139-1-1,28,-76.115851,36.214219
37139,Pasquotank County,37139-1-1,29,-76.119307,36.219323
37139,Pasquotank County,37139-1-1,30,-76.149486,36.263902
37139,Pasquotank County,37139-1-1,31,-76.171378,36.265806
37139,Pasquotank County,37139-1-1,32,-76.188717,36.281242
37139,Pasquotank County,37139-1-1,33,-76.185951,36.292903
37139,Pasquotank County,37139-1-1,34,-76.197736,36.291435
37139,Pasquotank County,37139-1-1,35,-76.201927,36.295546
37139,Pasquotank County,37139-1-1,36,-76.217240,36.298959
37139,Pasquotank County,37139-1-1,37,-76.217054,36.301201
37139,Pasquotank County,37139-1-1,38,-76.208976,36.305007
37139,Pasquotank County,37139-1-1,39,-76.198369,36.317805
37139,Pasquotank County,37139-1-1,40,-76.181198,36.321039
37139,Pasquotank County,37139-1-1,41,-76.192207,36.328140
37139,Pasquotank County,37139-1-1,42,-76.213635,36.326859
37139,Pasquotank County,37139-1-1,43,-76.214178,36.341599
37139,Pasquotank County,37139-1-1,44,-76.225115,36.346430
37139,Pasquotank County,37139-1-1,45,-76.238244,36.371588
37139,Pasquotank County,37139-1-1,46,-76.254704,36.362827
37139,Pasquotank County,37139-1-1,47,-76.258891,36.384274
37139,Pasquotank County,37139-1-1,48,-76.291542,36.386629
37139,Pasquotank County,37139-1-1,49,-76.323065,36.417242
37139,Pasquotank County,37139-1-1,50,-76.322324,36.427533
37139,Pasquotank County,37139-1-1,51,-76.342604,36.421630
37139,Pasquotank County,37139-1-1,52,-76.347610,36.428178
37139,Pasquotank County,37139-1-1,53,-76.394749,36.454549
37139,Pasquotank County,37139-1-1,54,-76.437286,36.467846
37139,Pasquotank County,37139-1-1,55,-76.491336,36.510677
37141,Pender County,37141-1-1,1,-78.272364,34.537360
37141,Pender County,37141-1-1,2,-78.254598,34.520408
37141,Pender County,37141-1-1,3,-78.255468,34.508614
37141,Pender County,37141-1-1,4,-78.235621,34.492529
37141,Pender County,37141-1-1,5,-78.212107,34.488394
37141,Pender County,37141-1-1,6,-78.200272,34.474984
37141,Pender County,37141-1-1,7,-78.176501,34.465356
37141,Pender County,37141-1-1,8,-78.204835,34.441915
37141,Pender County,37141-1-1,9,-78.256085,34.399469
37141,Pender County,37141-1-1,10,-78.235682,34.374713
37141,Pender County,37141-1-1,11,-78.209971,34.368040
37141,Pender County,37141-1-1,12,-78.202532,34.353306
37141,Pender County,37141-1-1,13,-78.162350,34.357007
37141,Pender County,37141-1-1,14,-78.137302,34.371711
37141,Pender County,37141-1-1,15,-78.092806,34.352382
37141,Pender County,37141-1-1,16,-78.078547,34.340233
37141,Pender County,37141-1-1,17,-78.029922,34.331768
37141,Pender County,37141-1-1,18,-77.993202,34.336828
37141,Pender County,37141-1-1,19,-77.978358,34.358921
37141,Pender County,37141-1-1,20,-77.986995,34.372056
37141,Pender County,37141-1-1,21,-77.969679,34.378033
37141,Pender County,37141-1-1,22,-77.960796,34.382773
37141,Pender County,37141-1-1,23,-77.950254,34.364840
37141,Pender County,37141-1-1,24,-77.928781,34.361544
37141,Pender County,37141-1-1,25,-77.918493,34.374840
37141,Pender County,37141-1-1,26,-77.900605,34.377955
37141,Pender County,37141-1-1,27,-77.888433,34.364062
37141,Pender County,37141-1-1,28,-77.858642,34.379695
37141,Pender County,37141-1-1,29,-77.822995,34.389359
37141,Pender County,37141-1-1,30,-77.804754,34.376824
37141,Pender County,37141-1-1,31,-77.811091,34.358024
37141,Pender County,37141-1-1,32,-77.768514,34.319068
37141,Pender County,37141-1-1,33,-77.740583,34.301290
37141,Pender County,37141-1-1,34,-77.741368,34.298026
37141,Pender County,37141-1-1,35,-77.739198,34.292752
37141,Pender County,37141-1-1,36,-77.712280,34.298691
37141,Pender County,37141-1-1,37,-77.707515,34.305563
37141,Pender County,37141-1-1,38,-77.688867,34.321100
37141,Pender County,37141-1-1,39,-77.660404,34.343555
37141,Pender County,37141-1-1,40,-77.648529,34.348776
37141,Pender County,37141-1-1,41,-77.635195,34.359828
37141,Pender County,37141-1-1,42,-77.617840,34.374281
37141,Pender County,37141-1-1,43,-77.582620,34.400914
37141,Pender County,37141-1-1,44,-77.557306,34.417646
37141,Pender County,37141-1-1,45,-77.529211,34.434614
37141,Pender County,37141-1-1,46,-77.518463,34.440959
37141,Pender County,37141-1-1,47,-77.527063,34.451114
37141,Pender County,37141-1-1,48,-77.541160,34.464958
37141,Pender County,37141-1-1,49,-77.575947,34.476359
37141,Pender County,37141-1-1,50,-77.574924,34.478681
37141,Pender County,37141-1-1,51,-77.615120,34.579057
37141,Pender County,37141-1-1,52,-77.642092,34.638562
37141,Pender County,37141-1-1,53,-77.668177,34.695083
37141,Pender County,37141-1-1,54,-77.680127,34.720595
37141,Pender County,37141-1-1,55,-77.921538,34.719746
37141,Pender County,37141-1-1,56,-77.938901,34.723184
37141,Pender County,37141-1-1,57,-77.945430,34.718988
37141,Pender County,37141-1-1,58,-77.951731,34.715059
37141,Pender County,37141-1-1,59,-77.989272,34.716931
37141,Pender County,37141-1-1,60,-78.012681,34.732630
37141,Pender County,37141-1-1,61,-78.043193,34.726563
37141,Pender County,37141-1-1,62,-78.102002,34.725605
37141,Pender County,37141-1-1,63,-78.114007,34.721795
37141,Pender County,37141-1-1,64,-78.113472,34.707219
37141,Pender County,37141-1-1,65,-78.156481,34.679095
37141,Pender County,37141-1-1,66,-78.254441,34.553595
37141,Pender County,37141-1-1,67,-78.272364,34.537360
37143,Perquimans County,37143-1-1,1,-76.587079,36.248920
37143,Perquimans County,37143-1-1,2,-76.590107,36.238862
37143,Perquimans County,37143-1-1,3,-76.570850,36.107880
37143,Perquimans County,37143-1-1,4,-76.544185,36.096398
37143,Perquimans County,37143-1-1,5,-76.517532,36.097401
37143,Perquimans County,37143-1-1,6,-76.491230,36.084892
37143,Perquimans County,37143-1-1,7,-76.478789,36.093554
37143,Perquimans County,37143-1-1,8,-76.445591,36.075903
37143,Perquimans County,37143-1-1,9,-76.411860,36.075335
37143,Perquimans County,37143-1-1,10,-76.410878,36.078034
37143,Perquimans County,37143-1-1,11,-76.355069,36.086458
37143,Perquimans County,37143-1-1,12,-76.337168,36.086458
37143,Perquimans County,37143-1-1,13,-76.331902,36.083826
37143,Perquimans County,37143-1-1,14,-76.323478,36.084879
37143,Perquimans County,37143-1-1,15,-76.303998,36.092776
37143,Perquimans County,37143-1-1,16,-76.298733,36.101200
37143,Perquimans County,37143-1-1,17,-76.334965,36.110903
37143,Perquimans County,37143-1-1,18,-76.346418,36.121023
37143,Perquimans County,37143-1-1,19,-76.375892,36.120420
37143,Perquimans County,37143-1-1,20,-76.456061,36.183577
37143,Perquimans County,37143-1-1,21,-76.454698,36.188812
37143,Perquimans County,37143-1-1,22,-76.454414,36.189901
37143,Perquimans County,37143-1-1,23,-76.447812,36.192514
37143,Perquimans County,37143-1-1,24,-76.394076,36.163562
37143,Perquimans County,37143-1-1,25,-76.393500,36.163251
37143,Perquimans County,37143-1-1,26,-76.373571,36.138208
37143,Perquimans County,37143-1-1,27,-76.329921,36.133396
37143,Perquimans County,37143-1-1,28,-76.265037,36.104886
37143,Perquimans County,37143-1-1,29,-76.238712,36.098568
37143,Perquimans County,37143-1-1,30,-76.216599,36.095409
37143,Perquimans County,37143-1-1,31,-76.191715,36.107197
37143,Perquimans County,37143-1-1,32,-76.228527,36.130647
37143,Perquimans County,37143-1-1,33,-76.247401,36.161823
37143,Perquimans County,37143-1-1,34,-76.263582,36.171817
37143,Perquimans County,37143-1-1,35,-76.276990,36.184952
37143,Perquimans County,37143-1-1,36,-76.274051,36.188949
37143,Perquimans County,37143-1-1,37,-76.273316,36.189062
37143,Perquimans County,37143-1-1,38,-76.288309,36.213821
37143,Perquimans County,37143-1-1,39,-76.286400,36.216737
37143,Perquimans County,37143-1-1,40,-76.303322,36.221714
37143,Perquimans County,37143-1-1,41,-76.330485,36.243970
37143,Perquimans County,37143-1-1,42,-76.337735,36.240739
37143,Perquimans County,37143-1-1,43,-76.374880,36.258654
37143,Perquimans County,37143-1-1,44,-76.386143,36.283104
37143,Perquimans County,37143-1-1,45,-76.391771,36.287307
37143,Perquimans County,37143-1-1,46,-76.447632,36.363738
37143,Perquimans County,37143-1-1,47,-76.453711,36.378092
37143,Perquimans County,37143-1-1,48,-76.556881,36.355204
37143,Perquimans County,37143-1-1,49,-76.559646,36.351056
37143,Perquimans County,37143-1-1,50,-76.568748,36.309269
37143,Perquimans County,37143-1-1,51,-76.567586,36.277393
37143,Perquimans County,37143-1-1,52,-76.572613,36.258073
37143,Perquimans County,37143-1-1,53,-76.587079,36.248920
37145,Person County,37145-1-1,1,-79.152946,36.262071
37145,Person County,37145-1-1,2,-79.153997,36.241875
37145,Person County,37145-1-1,3,-79.071348,36.240993
37145,Person County,37145-1-1,4,-78.950597,36.239320
37145,Person County,37145-1-1,5,-78.932939,36.238976
37145,Person County,37145-1-1,6,-78.802335,36.235794
37145,Person County,37145-1-1,7,-78.799955,36.333613
37145,Person County,37145-1-1,8,-78.799546,36.352579
37145,Person County,37145-1-1,9,-78.794845,36.526439
37145,Person County,37145-1-1,10,-78.796271,36.541713
37145,Person County,37145-1-1,11,-78.796300,36.541713
37145,Person County,37145-1-1,12,-78.848199,36.541827
37145,Person County,37145-1-1,13,-78.901713,36.541944
37145,Person County,37145-1-1,14,-78.914543,36.541972
37145,Person County,37145-1-1,15,-78.915420,36.541974
37145,Person County,37145-1-1,16,-78.942009,36.542113
37145,Person County,37145-1-1,17,-78.942254,36.542079
37145,Person County,37145-1-1,18,-78.970577,36.542154
37145,Person County,37145-1-1,19,-78.971814,36.542123
37145,Person County,37145-1-1,20,-79.124736,36.541568
37145,Person County,37145-1-1,21,-79.126078,36.541533
37145,Person County,37145-1-1,22,-79.137936,36.541739
37145,Person County,37145-1-1,23,-79.138331,36.541738
37145,Person County,37145-1-1,24,-79.141920,36.469718
37145,Person County,37145-1-1,25,-79.146026,36.394768
37145,Person County,37145-1-1,26,-79.152946,36.262071
37147,Pitt County,37147-1-1,1,-77.700692,35.652295
37147,Pitt County,37147-1-1,2,-77.688912,35.649447
37147,Pitt County,37147-1-1,3,-77.681622,35.630762
37147,Pitt County,37147-1-1,4,-77.650165,35.607029
37147,Pitt County,37147-1-1,5,-77.610181,35.567511
37147,Pitt County,37147-1-1,6,-77.598597,35.566112
37147,Pitt County,37147-1-1,7,-77.570833,35.548842
37147,Pitt County,37147-1-1,8,-77.557617,35.531865
37147,Pitt County,37147-1-1,9,-77.545365,35.533030
37147,Pitt County,37147-1-1,10,-77.529652,35.527916
37147,Pitt County,37147-1-1,11,-77.503408,35.517975
37147,Pitt County,37147-1-1,12,-77.511587,35.497035
37147,Pitt County,37147-1-1,13,-77.500895,35.489197
37147,Pitt County,37147-1-1,14,-77.492659,35.461467
37147,Pitt County,37147-1-1,15,-77.476743,35.445412
37147,Pitt County,37147-1-1,16,-77.475515,35.426655
37147,Pitt County,37147-1-1,17,-77.470722,35.409765
37147,Pitt County,37147-1-1,18,-77.448488,35.392730
37147,Pitt County,37147-1-1,19,-77.449793,35.381048
37147,Pitt County,37147-1-1,20,-77.425905,35.349347
37147,Pitt County,37147-1-1,21,-77.408074,35.353347
37147,Pitt County,37147-1-1,22,-77.391756,35.345634
37147,Pitt County,37147-1-1,23,-77.391026,35.339533
37147,Pitt County,37147-1-1,24,-77.382577,35.334348
37147,Pitt County,37147-1-1,25,-77.352550,35.327736
37147,Pitt County,37147-1-1,26,-77.348953,35.329725
37147,Pitt County,37147-1-1,27,-77.326887,35.349725
37147,Pitt County,37147-1-1,28,-77.294340,35.379137
37147,Pitt County,37147-1-1,29,-77.269292,35.369153
37147,Pitt County,37147-1-1,30,-77.266062,35.353640
37147,Pitt County,37147-1-1,31,-77.247896,35.354415
37147,Pitt County,37147-1-1,32,-77.227127,35.399845
37147,Pitt County,37147-1-1,33,-77.203319,35.398284
37147,Pitt County,37147-1-1,34,-77.189115,35.418362
37147,Pitt County,37147-1-1,35,-77.191230,35.435026
37147,Pitt County,37147-1-1,36,-77.182168,35.449295
37147,Pitt County,37147-1-1,37,-77.176178,35.518812
37147,Pitt County,37147-1-1,38,-77.127396,35.553763
37147,Pitt County,37147-1-1,39,-77.113178,35.549738
37147,Pitt County,37147-1-1,40,-77.100803,35.551455
37147,Pitt County,37147-1-1,41,-77.084643,35.552601
37147,Pitt County,37147-1-1,42,-77.087435,35.564119
37147,Pitt County,37147-1-1,43,-77.110453,35.569630
37147,Pitt County,37147-1-1,44,-77.109897,35.583123
37147,Pitt County,37147-1-1,45,-77.150757,35.602750
37147,Pitt County,37147-1-1,46,-77.140792,35.605155
37147,Pitt County,37147-1-1,47,-77.142390,35.617880
37147,Pitt County,37147-1-1,48,-77.172766,35.639100
37147,Pitt County,37147-1-1,49,-77.180683,35.664536
37147,Pitt County,37147-1-1,50,-77.167093,35.672622
37147,Pitt County,37147-1-1,51,-77.169849,35.684339
37147,Pitt County,37147-1-1,52,-77.195772,35.699779
37147,Pitt County,37147-1-1,53,-77.185706,35.719715
37147,Pitt County,37147-1-1,54,-77.173481,35.716038
37147,Pitt County,37147-1-1,55,-77.173530,35.727888
37147,Pitt County,37147-1-1,56,-77.174000,35.732831
37147,Pitt County,37147-1-1,57,-77.202397,35.746354
37147,Pitt County,37147-1-1,58,-77.210645,35.757214
37147,Pitt County,37147-1-1,59,-77.250419,35.761606
37147,Pitt County,37147-1-1,60,-77.264437,35.775231
37147,Pitt County,37147-1-1,61,-77.255200,35.786352
37147,Pitt County,37147-1-1,62,-77.350369,35.819228
37147,Pitt County,37147-1-1,63,-77.390154,35.833062
37147,Pitt County,37147-1-1,64,-77.409614,35.826404
37147,Pitt County,37147-1-1,65,-77.425489,35.805371
37147,Pitt County,37147-1-1,66,-77.446088,35.808728
37147,Pitt County,37147-1-1,67,-77.472286,35.801095
37147,Pitt County,37147-1-1,68,-77.516738,35.761089
37147,Pitt County,37147-1-1,69,-77.545536,35.746076
37147,Pitt County,37147-1-1,70,-77.665131,35.674935
37147,Pitt County,37147-1-1,71,-77.670255,35.672203
37147,Pitt County,37147-1-1,72,-77.700692,35.652295
37149,Polk County,37149-1-1,1,-82.359152,35.244489
37149,Polk County,37149-1-1,2,-82.359256,35.228325
37149,Polk County,37149-1-1,3,-82.351617,35.219271
37149,Polk County,37149-1-1,4,-82.353654,35.192223
37149,Polk County,37149-1-1,5,-82.350086,35.192858
37149,Polk County,37149-1-1,6,-82.344554,35.193115
37149,Polk County,37149-1-1,7,-82.341194,35.191510
37149,Polk County,37149-1-1,8,-82.340133,35.189188
37149,Polk County,37149-1-1,9,-82.339508,35.188930
37149,Polk County,37149-1-1,10,-82.338013,35.189010
37149,Polk County,37149-1-1,11,-82.333934,35.190661
37149,Polk County,37149-1-1,12,-82.332975,35.190645
37149,Polk County,37149-1-1,13,-82.330779,35.189032
37149,Polk County,37149-1-1,14,-82.330549,35.186767
37149,Polk County,37149-1-1,15,-82.326917,35.185056
37149,Polk County,37149-1-1,16,-82.323350,35.184789
37149,Polk County,37149-1-1,17,-82.320599,35.186330
37149,Polk County,37149-1-1,18,-82.317871,35.187858
37149,Polk County,37149-1-1,19,-82.315871,35.190678
37149,Polk County,37149-1-1,20,-82.314863,35.191089
37149,Polk County,37149-1-1,21,-82.313526,35.191423
37149,Polk County,37149-1-1,22,-82.307166,35.193012
37149,Polk County,37149-1-1,23,-82.295354,35.194965
37149,Polk County,37149-1-1,24,-82.292682,35.196374
37149,Polk County,37149-1-1,25,-82.288453,35.198605
37149,Polk County,37149-1-1,26,-82.282516,35.199858
37149,Polk County,37149-1-1,27,-82.274920,35.200071
37149,Polk County,37149-1-1,28,-82.257515,35.198636
37149,Polk County,37149-1-1,29,-82.230915,35.196784
37149,Polk County,37149-1-1,30,-82.230517,35.196764
37149,Polk County,37149-1-1,31,-82.216217,35.196044
37149,Polk County,37149-1-1,32,-82.215940,35.196029
37149,Polk County,37149-1-1,33,-82.195483,35.194951
37149,Polk County,37149-1-1,34,-82.185513,35.194355
37149,Polk County,37149-1-1,35,-82.176874,35.193790
37149,Polk County,37149-1-1,36,-82.167872,35.193701
37149,Polk County,37149-1-1,37,-82.167847,35.193701
37149,Polk County,37149-1-1,38,-82.167676,35.193699
37149,Polk County,37149-1-1,39,-82.138947,35.193122
37149,Polk County,37149-1-1,40,-82.106085,35.191508
37149,Polk County,37149-1-1,41,-82.089586,35.190698
37149,Polk County,37149-1-1,42,-82.048414,35.189668
37149,Polk County,37149-1-1,43,-82.039651,35.189449
37149,Polk County,37149-1-1,44,-82.007672,35.188649
37149,Polk County,37149-1-1,45,-82.001422,35.188493
37149,Polk County,37149-1-1,46,-81.969346,35.187229
37149,Polk County,37149-1-1,47,-81.970881,35.211249
37149,Polk County,37149-1-1,48,-81.963869,35.249450
37149,Polk County,37149-1-1,49,-81.995719,35.270615
37149,Polk County,37149-1-1,50,-82.001167,35.283009
37149,Polk County,37149-1-1,51,-82.029517,35.301502
37149,Polk County,37149-1-1,52,-82.040438,35.317180
37149,Polk County,37149-1-1,53,-82.046194,35.320699
37149,Polk County,37149-1-1,54,-82.052387,35.330967
37149,Polk County,37149-1-1,55,-82.075355,35.340590
37149,Polk County,37149-1-1,56,-82.089483,35.359686
37149,Polk County,37149-1-1,57,-82.105244,35.367214
37149,Polk County,37149-1-1,58,-82.108771,35.382183
37149,Polk County,37149-1-1,59,-82.151535,35.407581
37149,Polk County,37149-1-1,60,-82.171133,35.409323
37149,Polk County,37149-1-1,61,-82.195251,35.397967
37149,Polk County,37149-1-1,62,-82.197148,35.402207
37149,Polk County,37149-1-1,63,-82.226817,35.395475
37149,Polk County,37149-1-1,64,-82.239115,35.402557
37149,Polk County,37149-1-1,65,-82.261305,35.393198
37149,Polk County,37149-1-1,66,-82.261463,35.388449
37149,Polk County,37149-1-1,67,-82.280764,35.365942
37149,Polk County,37149-1-1,68,-82.298142,35.335910
37149,Polk County,37149-1-1,69,-82.305285,35.331558
37149,Polk County,37149-1-1,70,-82.310429,35.314708
37149,Polk County,37149-1-1,71,-82.327680,35.308919
37149,Polk County,37149-1-1,72,-82.346850,35.279725
37149,Polk County,37149-1-1,73,-82.348827,35.254519
37149,Polk County,37149-1-1,74,-82.349653,35.244305
37149,Polk County,37149-1-1,75,-82.359152,35.244489
37151,Randolph County,37151-1-1,1,-80.064072,35.579754
37151,Randolph County,37151-1-1,2,-80.066842,35.505661
37151,Randolph County,37151-1-1,3,-79.901363,35.509866
37151,Randolph County,37151-1-1,4,-79.832229,35.510781
37151,Randolph County,37151-1-1,5,-79.804573,35.511078
37151,Randolph County,37151-1-1,6,-79.767957,35.511484
37151,Randolph County,37151-1-1,7,-79.638149,35.513717
37151,Randolph County,37151-1-1,8,-79.590297,35.514492
37151,Randolph County,37151-1-1,9,-79.555804,35.515039
37151,Randolph County,37151-1-1,10,-79.551423,35.631484
37151,Randolph County,37151-1-1,11,-79.546687,35.708997
37151,Randolph County,37151-1-1,12,-79.545541,35.742601
37151,Randolph County,37151-1-1,13,-79.544301,35.782927
37151,Randolph County,37151-1-1,14,-79.543094,35.823342
37151,Randolph County,37151-1-1,15,-79.542428,35.843303
37151,Randolph County,37151-1-1,16,-79.541728,35.899851
37151,Randolph County,37151-1-1,17,-79.661321,35.904709
37151,Randolph County,37151-1-1,18,-79.670774,35.905087
37151,Randolph County,37151-1-1,19,-79.704135,35.906425
37151,Randolph County,37151-1-1,20,-79.793324,35.910198
37151,Randolph County,37151-1-1,21,-79.809371,35.910976
37151,Randolph County,37151-1-1,22,-79.854633,35.912946
37151,Randolph County,37151-1-1,23,-79.934277,35.916304
37151,Randolph County,37151-1-1,24,-79.957259,35.917062
37151,Randolph County,37151-1-1,25,-79.962302,35.917265
37151,Randolph County,37151-1-1,26,-79.975134,35.917796
37151,Randolph County,37151-1-1,27,-79.999199,35.918746
37151,Randolph County,37151-1-1,28,-80.041582,35.920470
37151,Randolph County,37151-1-1,29,-80.046869,35.920693
37151,Randolph County,37151-1-1,30,-80.047284,35.911836
37151,Randolph County,37151-1-1,31,-80.049549,35.867481
37151,Randolph County,37151-1-1,32,-80.052547,35.816906
37151,Randolph County,37151-1-1,33,-80.053361,35.802998
37151,Randolph County,37151-1-1,34,-80.055889,35.758810
37151,Randolph County,37151-1-1,35,-80.058681,35.704184
37151,Randolph County,37151-1-1,36,-80.060360,35.669402
37151,Randolph County,37151-1-1,37,-80.064072,35.579754
37153,Richmond County,37153-1-1,1,-80.075365,35.143081
37153,Richmond County,37153-1-1,2,-80.068150,35.112041
37153,Richmond County,37153-1-1,3,-80.022915,35.090044
37153,Richmond County,37153-1-1,4,-79.986581,35.088808
37153,Richmond County,37153-1-1,5,-79.975778,35.102972
37153,Richmond County,37153-1-1,6,-79.946122,35.118593
37153,Richmond County,37153-1-1,7,-79.929473,35.118404
37153,Richmond County,37153-1-1,8,-79.912936,35.097127
37153,Richmond County,37153-1-1,9,-79.908983,35.066963
37153,Richmond County,37153-1-1,10,-79.883596,35.051722
37153,Richmond County,37153-1-1,11,-79.877197,35.035310
37153,Richmond County,37153-1-1,12,-79.892751,35.024399
37153,Richmond County,37153-1-1,13,-79.899290,35.003674
37153,Richmond County,37153-1-1,14,-79.867138,34.982260
37153,Richmond County,37153-1-1,15,-79.864386,34.972726
37153,Richmond County,37153-1-1,16,-79.872668,34.952838
37153,Richmond County,37153-1-1,17,-79.851271,34.915359
37153,Richmond County,37153-1-1,18,-79.849266,34.900657
37153,Richmond County,37153-1-1,19,-79.863019,34.882479
37153,Richmond County,37153-1-1,20,-79.890856,34.861844
37153,Richmond County,37153-1-1,21,-79.899748,34.858451
37153,Richmond County,37153-1-1,22,-79.913755,34.818922
37153,Richmond County,37153-1-1,23,-79.927416,34.806551
37153,Richmond County,37153-1-1,24,-79.891443,34.805807
37153,Richmond County,37153-1-1,25,-79.870693,34.805378
37153,Richmond County,37153-1-1,26,-79.773745,34.805930
37153,Richmond County,37153-1-1,27,-79.773607,34.805931
37153,Richmond County,37153-1-1,28,-79.772829,34.805954
37153,Richmond County,37153-1-1,29,-79.744925,34.805686
37153,Richmond County,37153-1-1,30,-79.744116,34.805651
37153,Richmond County,37153-1-1,31,-79.712320,34.805230
37153,Richmond County,37153-1-1,32,-79.692946,34.804973
37153,Richmond County,37153-1-1,33,-79.654038,34.815064
37153,Richmond County,37153-1-1,34,-79.634571,34.825493
37153,Richmond County,37153-1-1,35,-79.614168,34.815338
37153,Richmond County,37153-1-1,36,-79.626767,34.851911
37153,Richmond County,37153-1-1,37,-79.596609,34.881329
37153,Richmond County,37153-1-1,38,-79.561856,34.910350
37153,Richmond County,37153-1-1,39,-79.581730,34.935442
37153,Richmond County,37153-1-1,40,-79.585534,34.954958
37153,Richmond County,37153-1-1,41,-79.566667,34.979415
37153,Richmond County,37153-1-1,42,-79.567506,34.994860
37153,Richmond County,37153-1-1,43,-79.510506,35.026152
37153,Richmond County,37153-1-1,44,-79.458751,35.043639
37153,Richmond County,37153-1-1,45,-79.501304,35.064235
37153,Richmond County,37153-1-1,46,-79.575931,35.069904
37153,Richmond County,37153-1-1,47,-79.582779,35.083960
37153,Richmond County,37153-1-1,48,-79.576222,35.124400
37153,Richmond County,37153-1-1,49,-79.608401,35.148645
37153,Richmond County,37153-1-1,50,-79.614304,35.163679
37153,Richmond County,37153-1-1,51,-79.622453,35.162592
37153,Richmond County,37153-1-1,52,-79.642129,35.157717
37153,Richmond County,37153-1-1,53,-79.673494,35.175374
37153,Richmond County,37153-1-1,54,-79.694365,35.179642
37153,Richmond County,37153-1-1,55,-79.727797,35.175820
37153,Richmond County,37153-1-1,56,-79.749463,35.172999
37153,Richmond County,37153-1-1,57,-79.804078,35.179169
37153,Richmond County,37153-1-1,58,-79.836139,35.177232
37153,Richmond County,37153-1-1,59,-79.851268,35.183855
37153,Richmond County,37153-1-1,60,-79.898610,35.161714
37153,Richmond County,37153-1-1,61,-79.909679,35.162517
37153,Richmond County,37153-1-1,62,-79.944271,35.164169
37153,Richmond County,37153-1-1,63,-79.948345,35.159012
37153,Richmond County,37153-1-1,64,-79.983399,35.158510
37153,Richmond County,37153-1-1,65,-80.023858,35.137089
37153,Richmond County,37153-1-1,66,-80.075365,35.143081
37155,Robeson County,37155-1-1,1,-79.461563,34.630298
37155,Robeson County,37155-1-1,2,-79.461318,34.630126
37155,Robeson County,37155-1-1,3,-79.459766,34.629027
37155,Robeson County,37155-1-1,4,-79.450034,34.621036
37155,Robeson County,37155-1-1,5,-79.365624,34.551387
37155,Robeson County,37155-1-1,6,-79.358317,34.545358
37155,Robeson County,37155-1-1,7,-79.331328,34.521869
37155,Robeson County,37155-1-1,8,-79.324854,34.516282
37155,Robeson County,37155-1-1,9,-79.323249,34.514634
37155,Robeson County,37155-1-1,10,-79.316611,34.508951
37155,Robeson County,37155-1-1,11,-79.306653,34.500426
37155,Robeson County,37155-1-1,12,-79.286703,34.482664
37155,Robeson County,37155-1-1,13,-79.249763,34.449774
37155,Robeson County,37155-1-1,14,-79.244886,34.445637
37155,Robeson County,37155-1-1,15,-79.235604,34.437764
37155,Robeson County,37155-1-1,16,-79.215993,34.421129
37155,Robeson County,37155-1-1,17,-79.198982,34.406699
37155,Robeson County,37155-1-1,18,-79.192041,34.401040
37155,Robeson County,37155-1-1,19,-79.190739,34.399751
37155,Robeson County,37155-1-1,20,-79.151485,34.366753
37155,Robeson County,37155-1-1,21,-79.143242,34.359817
37155,Robeson County,37155-1-1,22,-79.108810,34.330877
37155,Robeson County,37155-1-1,23,-79.071255,34.299312
37155,Robeson County,37155-1-1,24,-79.071244,34.299303
37155,Robeson County,37155-1-1,25,-79.069701,34.305385
37155,Robeson County,37155-1-1,26,-79.034400,34.322571
37155,Robeson County,37155-1-1,27,-79.034323,34.338545
37155,Robeson County,37155-1-1,28,-79.025190,34.351984
37155,Robeson County,37155-1-1,29,-79.010893,34.352156
37155,Robeson County,37155-1-1,30,-79.000779,34.364655
37155,Robeson County,37155-1-1,31,-79.011611,34.380887
37155,Robeson County,37155-1-1,32,-78.998444,34.391098
37155,Robeson County,37155-1-1,33,-78.968015,34.397610
37155,Robeson County,37155-1-1,34,-78.971187,34.427470
37155,Robeson County,37155-1-1,35,-78.959907,34.442846
37155,Robeson County,37155-1-1,36,-78.947179,34.449241
37155,Robeson County,37155-1-1,37,-78.918348,34.451898
37155,Robeson County,37155-1-1,38,-78.895838,34.462116
37155,Robeson County,37155-1-1,39,-78.868961,34.484778
37155,Robeson County,37155-1-1,40,-78.863414,34.498034
37155,Robeson County,37155-1-1,41,-78.846369,34.500170
37155,Robeson County,37155-1-1,42,-78.856646,34.524141
37155,Robeson County,37155-1-1,43,-78.861670,34.563579
37155,Robeson County,37155-1-1,44,-78.854862,34.573848
37155,Robeson County,37155-1-1,45,-78.843524,34.578591
37155,Robeson County,37155-1-1,46,-78.831786,34.611921
37155,Robeson County,37155-1-1,47,-78.834434,34.621583
37155,Robeson County,37155-1-1,48,-78.819095,34.643645
37155,Robeson County,37155-1-1,49,-78.822111,34.644797
37155,Robeson County,37155-1-1,50,-78.805719,34.688993
37155,Robeson County,37155-1-1,51,-78.821420,34.709330
37155,Robeson County,37155-1-1,52,-78.854381,34.735743
37155,Robeson County,37155-1-1,53,-78.869397,34.773775
37155,Robeson County,37155-1-1,54,-78.883567,34.812441
37155,Robeson County,37155-1-1,55,-78.901998,34.835268
37155,Robeson County,37155-1-1,56,-78.926848,34.863609
37155,Robeson County,37155-1-1,57,-78.926610,34.886698
37155,Robeson County,37155-1-1,58,-78.940844,34.903368
37155,Robeson County,37155-1-1,59,-78.954476,34.911975
37155,Robeson County,37155-1-1,60,-78.957196,34.914364
37155,Robeson County,37155-1-1,61,-78.976713,34.923542
37155,Robeson County,37155-1-1,62,-78.998536,34.933799
37155,Robeson County,37155-1-1,63,-79.038747,34.952715
37155,Robeson County,37155-1-1,64,-79.066758,34.930919
37155,Robeson County,37155-1-1,65,-79.128350,34.882939
37155,Robeson County,37155-1-1,66,-79.166706,34.853007
37155,Robeson County,37155-1-1,67,-79.185540,34.838291
37155,Robeson County,37155-1-1,68,-79.191391,34.833717
37155,Robeson County,37155-1-1,69,-79.230161,34.834930
37155,Robeson County,37155-1-1,70,-79.301788,34.837153
37155,Robeson County,37155-1-1,71,-79.347868,34.838553
37155,Robeson County,37155-1-1,72,-79.351857,34.831223
37155,Robeson County,37155-1-1,73,-79.357172,34.818831
37155,Robeson County,37155-1-1,74,-79.331693,34.773008
37155,Robeson County,37155-1-1,75,-79.367404,34.732769
37155,Robeson County,37155-1-1,76,-79.373522,34.727113
37155,Robeson County,37155-1-1,77,-79.461563,34.630298
37157,Rockingham County,37157-1-1,1,-80.033117,36.330778
37157,Rockingham County,37157-1-1,2,-80.035119,36.257184
37157,Rockingham County,37157-1-1,3,-79.923090,36.253916
37157,Rockingham County,37157-1-1,4,-79.881038,36.252408
37157,Rockingham County,37157-1-1,5,-79.867407,36.251783
37157,Rockingham County,37157-1-1,6,-79.838744,36.250570
37157,Rockingham County,37157-1-1,7,-79.782448,36.248636
37157,Rockingham County,37157-1-1,8,-79.666953,36.245118
37157,Rockingham County,37157-1-1,9,-79.532410,36.241463
37157,Rockingham County,37157-1-1,10,-79.531865,36.249673
37157,Rockingham County,37157-1-1,11,-79.527196,36.324501
37157,Rockingham County,37157-1-1,12,-79.522531,36.399088
37157,Rockingham County,37157-1-1,13,-79.519392,36.449185
37157,Rockingham County,37157-1-1,14,-79.514161,36.532536
37157,Rockingham County,37157-1-1,15,-79.513647,36.540758
37157,Rockingham County,37157-1-1,16,-79.517826,36.540786
37157,Rockingham County,37157-1-1,17,-79.606029,36.541369
37157,Rockingham County,37157-1-1,18,-79.666827,36.541772
37157,Rockingham County,37157-1-1,19,-79.667309,36.541772
37157,Rockingham County,37157-1-1,20,-79.714840,36.542002
37157,Rockingham County,37157-1-1,21,-79.731892,36.542085
37157,Rockingham County,37157-1-1,22,-79.807716,36.542452
37157,Rockingham County,37157-1-1,23,-79.841324,36.542615
37157,Rockingham County,37157-1-1,24,-79.865596,36.542733
37157,Rockingham County,37157-1-1,25,-79.887262,36.542838
37157,Rockingham County,37157-1-1,26,-79.904662,36.542438
37157,Rockingham County,37157-1-1,27,-79.910606,36.542442
37157,Rockingham County,37157-1-1,28,-79.966979,36.542475
37157,Rockingham County,37157-1-1,29,-79.967511,36.542502
37157,Rockingham County,37157-1-1,30,-79.988026,36.542500
37157,Rockingham County,37157-1-1,31,-80.027269,36.542495
37157,Rockingham County,37157-1-1,32,-80.027339,36.542495
37157,Rockingham County,37157-1-1,33,-80.029926,36.447838
37157,Rockingham County,37157-1-1,34,-80.032730,36.344982
37157,Rockingham County,37157-1-1,35,-80.033117,36.330778
37159,Rowan County,37159-1-1,1,-80.771582,35.672163
37159,Rowan County,37159-1-1,2,-80.764954,35.645510
37159,Rowan County,37159-1-1,3,-80.755460,35.607284
37159,Rowan County,37159-1-1,4,-80.751045,35.589497
37159,Rowan County,37159-1-1,5,-80.750811,35.588554
37159,Rowan County,37159-1-1,6,-80.736355,35.514597
37159,Rowan County,37159-1-1,7,-80.737249,35.505801
37159,Rowan County,37159-1-1,8,-80.696089,35.505805
37159,Rowan County,37159-1-1,9,-80.674414,35.506465
37159,Rowan County,37159-1-1,10,-80.646066,35.505547
37159,Rowan County,37159-1-1,11,-80.618518,35.504991
37159,Rowan County,37159-1-1,12,-80.609201,35.504748
37159,Rowan County,37159-1-1,13,-80.570602,35.503318
37159,Rowan County,37159-1-1,14,-80.562410,35.503141
37159,Rowan County,37159-1-1,15,-80.544503,35.502888
37159,Rowan County,37159-1-1,16,-80.437079,35.502178
37159,Rowan County,37159-1-1,17,-80.314343,35.502888
37159,Rowan County,37159-1-1,18,-80.295421,35.502920
37159,Rowan County,37159-1-1,19,-80.189402,35.503328
37159,Rowan County,37159-1-1,20,-80.183264,35.504141
37159,Rowan County,37159-1-1,21,-80.183852,35.515777
37159,Rowan County,37159-1-1,22,-80.210397,35.555466
37159,Rowan County,37159-1-1,23,-80.208860,35.581334
37159,Rowan County,37159-1-1,24,-80.231728,35.596532
37159,Rowan County,37159-1-1,25,-80.239097,35.609796
37159,Rowan County,37159-1-1,26,-80.250211,35.619453
37159,Rowan County,37159-1-1,27,-80.288293,35.635337
37159,Rowan County,37159-1-1,28,-80.307258,35.665678
37159,Rowan County,37159-1-1,29,-80.333317,35.683563
37159,Rowan County,37159-1-1,30,-80.325887,35.711941
37159,Rowan County,37159-1-1,31,-80.335177,35.720789
37159,Rowan County,37159-1-1,32,-80.389581,35.719755
37159,Rowan County,37159-1-1,33,-80.391414,35.722319
37159,Rowan County,37159-1-1,34,-80.394589,35.724792
37159,Rowan County,37159-1-1,35,-80.422899,35.725869
37159,Rowan County,37159-1-1,36,-80.454580,35.735193
37159,Rowan County,37159-1-1,37,-80.458923,35.742758
37159,Rowan County,37159-1-1,38,-80.478299,35.774771
37159,Rowan County,37159-1-1,39,-80.506660,35.777701
37159,Rowan County,37159-1-1,40,-80.508338,35.774470
37159,Rowan County,37159-1-1,41,-80.522517,35.784752
37159,Rowan County,37159-1-1,42,-80.534128,35.786260
37159,Rowan County,37159-1-1,43,-80.533448,35.791028
37159,Rowan County,37159-1-1,44,-80.542972,35.792254
37159,Rowan County,37159-1-1,45,-80.546671,35.798218
37159,Rowan County,37159-1-1,46,-80.554624,35.800279
37159,Rowan County,37159-1-1,47,-80.569644,35.815729
37159,Rowan County,37159-1-1,48,-80.580517,35.820088
37159,Rowan County,37159-1-1,49,-80.590438,35.817146
37159,Rowan County,37159-1-1,50,-80.593153,35.820622
37159,Rowan County,37159-1-1,51,-80.609171,35.823083
37159,Rowan County,37159-1-1,52,-80.627025,35.838435
37159,Rowan County,37159-1-1,53,-80.632024,35.845714
37159,Rowan County,37159-1-1,54,-80.664395,35.844784
37159,Rowan County,37159-1-1,55,-80.691794,35.863497
37159,Rowan County,37159-1-1,56,-80.707824,35.852961
37159,Rowan County,37159-1-1,57,-80.722928,35.810176
37159,Rowan County,37159-1-1,58,-80.744691,35.748502
37159,Rowan County,37159-1-1,59,-80.751710,35.728587
37159,Rowan County,37159-1-1,60,-80.761813,35.699920
37159,Rowan County,37159-1-1,61,-80.771582,35.672163
37161,Rutherford County,37161-1-1,1,-82.276844,35.448355
37161,Rutherford County,37161-1-1,2,-82.280529,35.443393
37161,Rutherford County,37161-1-1,3,-82.270228,35.400549
37161,Rutherford County,37161-1-1,4,-82.261305,35.393198
37161,Rutherford County,37161-1-1,5,-82.239115,35.402557
37161,Rutherford County,37161-1-1,6,-82.226817,35.395475
37161,Rutherford County,37161-1-1,7,-82.197148,35.402207
37161,Rutherford County,37161-1-1,8,-82.195251,35.397967
37161,Rutherford County,37161-1-1,9,-82.171133,35.409323
37161,Rutherford County,37161-1-1,10,-82.151535,35.407581
37161,Rutherford County,37161-1-1,11,-82.108771,35.382183
37161,Rutherford County,37161-1-1,12,-82.105244,35.367214
37161,Rutherford County,37161-1-1,13,-82.089483,35.359686
37161,Rutherford County,37161-1-1,14,-82.075355,35.340590
37161,Rutherford County,37161-1-1,15,-82.052387,35.330967
37161,Rutherford County,37161-1-1,16,-82.046194,35.320699
37161,Rutherford County,37161-1-1,17,-82.040438,35.317180
37161,Rutherford County,37161-1-1,18,-82.029517,35.301502
37161,Rutherford County,37161-1-1,19,-82.001167,35.283009
37161,Rutherford County,37161-1-1,20,-81.995719,35.270615
37161,Rutherford County,37161-1-1,21,-81.963869,35.249450
37161,Rutherford County,37161-1-1,22,-81.970881,35.211249
37161,Rutherford County,37161-1-1,23,-81.969346,35.187229
37161,Rutherford County,37161-1-1,24,-81.925612,35.185505
37161,Rutherford County,37161-1-1,25,-81.874687,35.184120
37161,Rutherford County,37161-1-1,26,-81.874433,35.184113
37161,Rutherford County,37161-1-1,27,-81.844042,35.182971
37161,Rutherford County,37161-1-1,28,-81.802081,35.181395
37161,Rutherford County,37161-1-1,29,-81.772351,35.180514
37161,Rutherford County,37161-1-1,30,-81.768109,35.180388
37161,Rutherford County,37161-1-1,31,-81.759849,35.221180
37161,Rutherford County,37161-1-1,32,-81.758536,35.224864
37161,Rutherford County,37161-1-1,33,-81.740895,35.265679
37161,Rutherford County,37161-1-1,34,-81.735212,35.279450
37161,Rutherford County,37161-1-1,35,-81.728506,35.295556
37161,Rutherford County,37161-1-1,36,-81.702853,35.357304
37161,Rutherford County,37161-1-1,37,-81.701537,35.386744
37161,Rutherford County,37161-1-1,38,-81.700971,35.400656
37161,Rutherford County,37161-1-1,39,-81.695730,35.485909
37161,Rutherford County,37161-1-1,40,-81.691989,35.580041
37161,Rutherford County,37161-1-1,41,-81.705653,35.581214
37161,Rutherford County,37161-1-1,42,-81.721701,35.606308
37161,Rutherford County,37161-1-1,43,-81.753407,35.613588
37161,Rutherford County,37161-1-1,44,-81.772182,35.592623
37161,Rutherford County,37161-1-1,45,-81.794058,35.593239
37161,Rutherford County,37161-1-1,46,-81.798783,35.579968
37161,Rutherford County,37161-1-1,47,-81.824122,35.574983
37161,Rutherford County,37161-1-1,48,-81.828376,35.573918
37161,Rutherford County,37161-1-1,49,-81.833230,35.559260
37161,Rutherford County,37161-1-1,50,-81.842468,35.542263
37161,Rutherford County,37161-1-1,51,-81.904954,35.541917
37161,Rutherford County,37161-1-1,52,-81.969849,35.526991
37161,Rutherford County,37161-1-1,53,-81.971893,35.527967
37161,Rutherford County,37161-1-1,54,-82.002783,35.551847
37161,Rutherford County,37161-1-1,55,-82.039843,35.532704
37161,Rutherford County,37161-1-1,56,-82.095766,35.531666
37161,Rutherford County,37161-1-1,57,-82.155032,35.520397
37161,Rutherford County,37161-1-1,58,-82.169049,35.527811
37161,Rutherford County,37161-1-1,59,-82.178984,35.526601
37161,Rutherford County,37161-1-1,60,-82.233203,35.519402
37161,Rutherford County,37161-1-1,61,-82.224336,35.498269
37161,Rutherford County,37161-1-1,62,-82.251437,35.460685
37161,Rutherford County,37161-1-1,63,-82.265795,35.467818
37161,Rutherford County,37161-1-1,64,-82.276844,35.448355
37163,Sampson County,37163-1-1,1,-78.672292,35.085281
37163,Sampson County,37163-1-1,2,-78.662955,35.077962
37163,Sampson County,37163-1-1,3,-78.659330,35.042831
37163,Sampson County,37163-1-1,4,-78.649647,35.026477
37163,Sampson County,37163-1-1,5,-78.652924,35.021080
37163,Sampson County,37163-1-1,6,-78.646117,34.999233
37163,Sampson County,37163-1-1,7,-78.641049,34.988801
37163,Sampson County,37163-1-1,8,-78.627002,34.971482
37163,Sampson County,37163-1-1,9,-78.572832,34.937515
37163,Sampson County,37163-1-1,10,-78.557797,34.915380
37163,Sampson County,37163-1-1,11,-78.543356,34.913448
37163,Sampson County,37163-1-1,12,-78.534951,34.895184
37163,Sampson County,37163-1-1,13,-78.513994,34.881568
37163,Sampson County,37163-1-1,14,-78.513107,34.869088
37163,Sampson County,37163-1-1,15,-78.494705,34.856182
37163,Sampson County,37163-1-1,16,-78.493451,34.842997
37163,Sampson County,37163-1-1,17,-78.469462,34.830355
37163,Sampson County,37163-1-1,18,-78.449756,34.813507
37163,Sampson County,37163-1-1,19,-78.436940,34.784169
37163,Sampson County,37163-1-1,20,-78.420386,34.765876
37163,Sampson County,37163-1-1,21,-78.409710,34.765038
37163,Sampson County,37163-1-1,22,-78.398784,34.750104
37163,Sampson County,37163-1-1,23,-78.390748,34.749463
37163,Sampson County,37163-1-1,24,-78.391911,34.729577
37163,Sampson County,37163-1-1,25,-78.368979,34.704411
37163,Sampson County,37163-1-1,26,-78.369118,34.696740
37163,Sampson County,37163-1-1,27,-78.346721,34.690187
37163,Sampson County,37163-1-1,28,-78.338689,34.674882
37163,Sampson County,37163-1-1,29,-78.323538,34.665662
37163,Sampson County,37163-1-1,30,-78.324562,34.649709
37163,Sampson County,37163-1-1,31,-78.312737,34.643605
37163,Sampson County,37163-1-1,32,-78.313990,34.633133
37163,Sampson County,37163-1-1,33,-78.304989,34.602438
37163,Sampson County,37163-1-1,34,-78.265935,34.583588
37163,Sampson County,37163-1-1,35,-78.251728,34.562021
37163,Sampson County,37163-1-1,36,-78.254441,34.553595
37163,Sampson County,37163-1-1,37,-78.156481,34.679095
37163,Sampson County,37163-1-1,38,-78.113472,34.707219
37163,Sampson County,37163-1-1,39,-78.114007,34.721795
37163,Sampson County,37163-1-1,40,-78.135220,34.710214
37163,Sampson County,37163-1-1,41,-78.150553,34.721964
37163,Sampson County,37163-1-1,42,-78.198642,34.741637
37163,Sampson County,37163-1-1,43,-78.185149,34.785363
37163,Sampson County,37163-1-1,44,-78.180226,34.801315
37163,Sampson County,37163-1-1,45,-78.147166,34.902391
37163,Sampson County,37163-1-1,46,-78.149842,34.939737
37163,Sampson County,37163-1-1,47,-78.158173,35.056442
37163,Sampson County,37163-1-1,48,-78.159833,35.079809
37163,Sampson County,37163-1-1,49,-78.171845,35.093528
37163,Sampson County,37163-1-1,50,-78.163013,35.137266
37163,Sampson County,37163-1-1,51,-78.163420,35.189716
37163,Sampson County,37163-1-1,52,-78.161845,35.204323
37163,Sampson County,37163-1-1,53,-78.245021,35.225951
37163,Sampson County,37163-1-1,54,-78.257213,35.237154
37163,Sampson County,37163-1-1,55,-78.306580,35.287604
37163,Sampson County,37163-1-1,56,-78.330025,35.281537
37163,Sampson County,37163-1-1,57,-78.357577,35.273948
37163,Sampson County,37163-1-1,58,-78.397725,35.262960
37163,Sampson County,37163-1-1,59,-78.411792,35.254672
37163,Sampson County,37163-1-1,60,-78.450167,35.258625
37163,Sampson County,37163-1-1,61,-78.491930,35.263342
37163,Sampson County,37163-1-1,62,-78.522225,35.295037
37163,Sampson County,37163-1-1,63,-78.526650,35.303025
37163,Sampson County,37163-1-1,64,-78.538349,35.316410
37163,Sampson County,37163-1-1,65,-78.570366,35.302049
37163,Sampson County,37163-1-1,66,-78.572491,35.297787
37163,Sampson County,37163-1-1,67,-78.581876,35.298125
37163,Sampson County,37163-1-1,68,-78.584639,35.273312
37163,Sampson County,37163-1-1,69,-78.617114,35.245718
37163,Sampson County,37163-1-1,70,-78.618227,35.231133
37163,Sampson County,37163-1-1,71,-78.646765,35.197429
37163,Sampson County,37163-1-1,72,-78.630358,35.174043
37163,Sampson County,37163-1-1,73,-78.639735,35.155639
37163,Sampson County,37163-1-1,74,-78.634742,35.140119
37163,Sampson County,37163-1-1,75,-78.652539,35.121014
37163,Sampson County,37163-1-1,76,-78.639009,35.116994
37163,Sampson County,37163-1-1,77,-78.653809,35.111416
37163,Sampson County,37163-1-1,78,-78.672292,35.085281
37165,Scotland County,37165-1-1,1,-79.692946,34.804973
37165,Scotland County,37165-1-1,2,-79.690201,34.804937
37165,Scotland County,37165-1-1,3,-79.688088,34.804897
37165,Scotland County,37165-1-1,4,-79.675299,34.804744
37165,Scotland County,37165-1-1,5,-79.644119,34.779143
37165,Scotland County,37165-1-1,6,-79.634216,34.771012
37165,Scotland County,37165-1-1,7,-79.631577,34.768835
37165,Scotland County,37165-1-1,8,-79.561691,34.711996
37165,Scotland County,37165-1-1,9,-79.554454,34.706363
37165,Scotland County,37165-1-1,10,-79.520269,34.678327
37165,Scotland County,37165-1-1,11,-79.519043,34.677321
37165,Scotland County,37165-1-1,12,-79.504919,34.665812
37165,Scotland County,37165-1-1,13,-79.490201,34.653819
37165,Scotland County,37165-1-1,14,-79.479305,34.644640
37165,Scotland County,37165-1-1,15,-79.471599,34.637200
37165,Scotland County,37165-1-1,16,-79.468717,34.635323
37165,Scotland County,37165-1-1,17,-79.461563,34.630298
37165,Scotland County,37165-1-1,18,-79.373522,34.727113
37165,Scotland County,37165-1-1,19,-79.367404,34.732769
37165,Scotland County,37165-1-1,20,-79.331693,34.773008
37165,Scotland County,37165-1-1,21,-79.357172,34.818831
37165,Scotland County,37165-1-1,22,-79.351857,34.831223
37165,Scotland County,37165-1-1,23,-79.347868,34.838553
37165,Scotland County,37165-1-1,24,-79.337269,34.853716
37165,Scotland County,37165-1-1,25,-79.348854,34.887446
37165,Scotland County,37165-1-1,26,-79.350207,34.922367
37165,Scotland County,37165-1-1,27,-79.356088,34.932951
37165,Scotland County,37165-1-1,28,-79.353124,34.944242
37165,Scotland County,37165-1-1,29,-79.377834,34.973996
37165,Scotland County,37165-1-1,30,-79.457198,35.037558
37165,Scotland County,37165-1-1,31,-79.458751,35.043639
37165,Scotland County,37165-1-1,32,-79.510506,35.026152
37165,Scotland County,37165-1-1,33,-79.567506,34.994860
37165,Scotland County,37165-1-1,34,-79.566667,34.979415
37165,Scotland County,37165-1-1,35,-79.585534,34.954958
37165,Scotland County,37165-1-1,36,-79.581730,34.935442
37165,Scotland County,37165-1-1,37,-79.561856,34.910350
37165,Scotland County,37165-1-1,38,-79.596609,34.881329
37165,Scotland County,37165-1-1,39,-79.626767,34.851911
37165,Scotland County,37165-1-1,40,-79.614168,34.815338
37165,Scotland County,37165-1-1,41,-79.634571,34.825493
37165,Scotland County,37165-1-1,42,-79.654038,34.815064
37165,Scotland County,37165-1-1,43,-79.692946,34.804973
37167,Stanly County,37167-1-1,1,-80.506171,35.192447
37167,Stanly County,37167-1-1,2,-80.504985,35.184998
37167,Stanly County,37167-1-1,3,-80.481141,35.180075
37167,Stanly County,37167-1-1,4,-80.468515,35.166649
37167,Stanly County,37167-1-1,5,-80.439136,35.161350
37167,Stanly County,37167-1-1,6,-80.417782,35.172352
37167,Stanly County,37167-1-1,7,-80.396278,35.165489
37167,Stanly County,37167-1-1,8,-80.388328,35.165862
37167,Stanly County,37167-1-1,9,-80.370975,35.179702
37167,Stanly County,37167-1-1,10,-80.357627,35.164882
37167,Stanly County,37167-1-1,11,-80.322125,35.173038
37167,Stanly County,37167-1-1,12,-80.296702,35.193379
37167,Stanly County,37167-1-1,13,-80.276829,35.195722
37167,Stanly County,37167-1-1,14,-80.263550,35.208557
37167,Stanly County,37167-1-1,15,-80.253109,35.210851
37167,Stanly County,37167-1-1,16,-80.242100,35.181573
37167,Stanly County,37167-1-1,17,-80.225002,35.156241
37167,Stanly County,37167-1-1,18,-80.194920,35.165381
37167,Stanly County,37167-1-1,19,-80.178534,35.149964
37167,Stanly County,37167-1-1,20,-80.160879,35.148700
37167,Stanly County,37167-1-1,21,-80.157837,35.172788
37167,Stanly County,37167-1-1,22,-80.136233,35.167486
37167,Stanly County,37167-1-1,23,-80.129052,35.187581
37167,Stanly County,37167-1-1,24,-80.113670,35.194170
37167,Stanly County,37167-1-1,25,-80.107444,35.173664
37167,Stanly County,37167-1-1,26,-80.075365,35.143081
37167,Stanly County,37167-1-1,27,-80.053064,35.172625
37167,Stanly County,37167-1-1,28,-80.061917,35.200676
37167,Stanly County,37167-1-1,29,-80.075246,35.226248
37167,Stanly County,37167-1-1,30,-80.092006,35.237723
37167,Stanly County,37167-1-1,31,-80.098185,35.255173
37167,Stanly County,37167-1-1,32,-80.093966,35.287087
37167,Stanly County,37167-1-1,33,-80.091424,35.292667
37167,Stanly County,37167-1-1,34,-80.080208,35.308638
37167,Stanly County,37167-1-1,35,-80.081938,35.321457
37167,Stanly County,37167-1-1,36,-80.065873,35.343557
37167,Stanly County,37167-1-1,37,-80.066371,35.357145
37167,Stanly County,37167-1-1,38,-80.051225,35.371537
37167,Stanly County,37167-1-1,39,-80.059780,35.381137
37167,Stanly County,37167-1-1,40,-80.093711,35.402030
37167,Stanly County,37167-1-1,41,-80.100491,35.429903
37167,Stanly County,37167-1-1,42,-80.108495,35.459451
37167,Stanly County,37167-1-1,43,-80.139921,35.475055
37167,Stanly County,37167-1-1,44,-80.161736,35.475208
37167,Stanly County,37167-1-1,45,-80.182559,35.504151
37167,Stanly County,37167-1-1,46,-80.183264,35.504141
37167,Stanly County,37167-1-1,47,-80.189402,35.503328
37167,Stanly County,37167-1-1,48,-80.295421,35.502920
37167,Stanly County,37167-1-1,49,-80.324710,35.458797
37167,Stanly County,37167-1-1,50,-80.373778,35.384751
37167,Stanly County,37167-1-1,51,-80.405362,35.336881
37167,Stanly County,37167-1-1,52,-80.433391,35.293912
37167,Stanly County,37167-1-1,53,-80.459682,35.253948
37167,Stanly County,37167-1-1,54,-80.468253,35.240881
37167,Stanly County,37167-1-1,55,-80.506171,35.192447
37169,Stokes County,37169-1-1,1,-80.450202,36.328398
37169,Stokes County,37169-1-1,2,-80.451925,36.261515
37169,Stokes County,37169-1-1,3,-80.434788,36.261382
37169,Stokes County,37169-1-1,4,-80.405597,36.261270
37169,Stokes County,37169-1-1,5,-80.365661,36.260960
37169,Stokes County,37169-1-1,6,-80.316810,36.260390
37169,Stokes County,37169-1-1,7,-80.310456,36.260339
37169,Stokes County,37169-1-1,8,-80.261891,36.259842
37169,Stokes County,37169-1-1,9,-80.235592,36.259565
37169,Stokes County,37169-1-1,10,-80.212709,36.259316
37169,Stokes County,37169-1-1,11,-80.188706,36.259037
37169,Stokes County,37169-1-1,12,-80.146965,36.258536
37169,Stokes County,37169-1-1,13,-80.145349,36.258517
37169,Stokes County,37169-1-1,14,-80.130093,36.258336
37169,Stokes County,37169-1-1,15,-80.035119,36.257184
37169,Stokes County,37169-1-1,16,-80.033117,36.330778
37169,Stokes County,37169-1-1,17,-80.032730,36.344982
37169,Stokes County,37169-1-1,18,-80.029926,36.447838
37169,Stokes County,37169-1-1,19,-80.027339,36.542495
37169,Stokes County,37169-1-1,20,-80.053459,36.542537
37169,Stokes County,37169-1-1,21,-80.122183,36.542646
37169,Stokes County,37169-1-1,22,-80.169535,36.543190
37169,Stokes County,37169-1-1,23,-80.171636,36.543219
37169,Stokes County,37169-1-1,24,-80.172967,36.543232
37169,Stokes County,37169-1-1,25,-80.225339,36.543747
37169,Stokes County,37169-1-1,26,-80.225408,36.543748
37169,Stokes County,37169-1-1,27,-80.228263,36.543867
37169,Stokes County,37169-1-1,28,-80.276553,36.543943
37169,Stokes County,37169-1-1,29,-80.295243,36.543973
37169,Stokes County,37169-1-1,30,-80.431605,36.550219
37169,Stokes County,37169-1-1,31,-80.432628,36.550302
37169,Stokes County,37169-1-1,32,-80.440100,36.550630
37169,Stokes County,37169-1-1,33,-80.440341,36.550640
37169,Stokes County,37169-1-1,34,-80.444674,36.475522
37169,Stokes County,37169-1-1,35,-80.444906,36.472058
37169,Stokes County,37169-1-1,36,-80.447656,36.423057
37169,Stokes County,37169-1-1,37,-80.448305,36.405852
37169,Stokes County,37169-1-1,38,-80.450202,36.328398
37171,Surry County,37171-1-1,1,-80.973643,36.453474
37171,Surry County,37171-1-1,2,-80.961589,36.436891
37171,Surry County,37171-1-1,3,-80.947182,36.419074
37171,Surry County,37171-1-1,4,-80.967153,36.402020
37171,Surry County,37171-1-1,5,-80.955777,36.384731
37171,Surry County,37171-1-1,6,-80.931386,36.366939
37171,Surry County,37171-1-1,7,-80.905784,36.361099
37171,Surry County,37171-1-1,8,-80.890797,36.339909
37171,Surry County,37171-1-1,9,-80.876752,36.333526
37171,Surry County,37171-1-1,10,-80.868746,36.326447
37171,Surry County,37171-1-1,11,-80.873198,36.236414
37171,Surry County,37171-1-1,12,-80.873205,36.236305
37171,Surry County,37171-1-1,13,-80.868716,36.238714
37171,Surry County,37171-1-1,14,-80.821000,36.250231
37171,Surry County,37171-1-1,15,-80.797168,36.247959
37171,Surry County,37171-1-1,16,-80.779558,36.255897
37171,Surry County,37171-1-1,17,-80.778697,36.271770
37171,Surry County,37171-1-1,18,-80.769556,36.275119
37171,Surry County,37171-1-1,19,-80.751778,36.263379
37171,Surry County,37171-1-1,20,-80.737283,36.280363
37171,Surry County,37171-1-1,21,-80.733992,36.267528
37171,Surry County,37171-1-1,22,-80.692286,36.266852
37171,Surry County,37171-1-1,23,-80.669783,36.251035
37171,Surry County,37171-1-1,24,-80.648721,36.255983
37171,Surry County,37171-1-1,25,-80.642986,36.272649
37171,Surry County,37171-1-1,26,-80.628505,36.273033
37171,Surry County,37171-1-1,27,-80.629688,36.287538
37171,Surry County,37171-1-1,28,-80.593253,36.269845
37171,Surry County,37171-1-1,29,-80.548004,36.285419
37171,Surry County,37171-1-1,30,-80.537779,36.280844
37171,Surry County,37171-1-1,31,-80.534177,36.258505
37171,Surry County,37171-1-1,32,-80.482504,36.256125
37171,Surry County,37171-1-1,33,-80.466728,36.259820
37171,Surry County,37171-1-1,34,-80.452656,36.241651
37171,Surry County,37171-1-1,35,-80.451925,36.261515
37171,Surry County,37171-1-1,36,-80.450202,36.328398
37171,Surry County,37171-1-1,37,-80.448305,36.405852
37171,Surry County,37171-1-1,38,-80.447656,36.423057
37171,Surry County,37171-1-1,39,-80.444906,36.472058
37171,Surry County,37171-1-1,40,-80.444674,36.475522
37171,Surry County,37171-1-1,41,-80.440341,36.550640
37171,Surry County,37171-1-1,42,-80.480265,36.552322
37171,Surry County,37171-1-1,43,-80.480488,36.552331
37171,Surry County,37171-1-1,44,-80.563846,36.555841
37171,Surry County,37171-1-1,45,-80.612058,36.557872
37171,Surry County,37171-1-1,46,-80.624788,36.558408
37171,Surry County,37171-1-1,47,-80.632959,36.558641
37171,Surry County,37171-1-1,48,-80.653349,36.559221
37171,Surry County,37171-1-1,49,-80.653382,36.559223
37171,Surry County,37171-1-1,50,-80.696047,36.561790
37171,Surry County,37171-1-1,51,-80.704831,36.562319
37171,Surry County,37171-1-1,52,-80.730351,36.562349
37171,Surry County,37171-1-1,53,-80.745053,36.561656
37171,Surry County,37171-1-1,54,-80.745053,36.561656
37171,Surry County,37171-1-1,55,-80.773663,36.560307
37171,Surry County,37171-1-1,56,-80.803920,36.560813
37171,Surry County,37171-1-1,57,-80.837089,36.559154
37171,Surry County,37171-1-1,58,-80.837641,36.559118
37171,Surry County,37171-1-1,59,-80.837954,36.559131
37171,Surry County,37171-1-1,60,-80.901665,36.561748
37171,Surry County,37171-1-1,61,-80.926890,36.501258
37171,Surry County,37171-1-1,62,-80.973643,36.453474
37173,Swain County,37173-1-1,1,-83.949389,35.461164
37173,Swain County,37173-1-1,2,-83.952882,35.460635
37173,Swain County,37173-1-1,3,-83.939419,35.448600
37173,Swain County,37173-1-1,4,-83.927698,35.450647
37173,Swain County,37173-1-1,5,-83.914077,35.465054
37173,Swain County,37173-1-1,6,-83.873794,35.460413
37173,Swain County,37173-1-1,7,-83.864579,35.448312
37173,Swain County,37173-1-1,8,-83.844907,35.453121
37173,Swain County,37173-1-1,9,-83.806711,35.444824
37173,Swain County,37173-1-1,10,-83.803636,35.455093
37173,Swain County,37173-1-1,11,-83.774475,35.443475
37173,Swain County,37173-1-1,12,-83.757233,35.441703
37173,Swain County,37173-1-1,13,-83.731873,35.447195
37173,Swain County,37173-1-1,14,-83.657890,35.432261
37173,Swain County,37173-1-1,15,-83.645014,35.432029
37173,Swain County,37173-1-1,16,-83.643447,35.443196
37173,Swain County,37173-1-1,17,-83.618694,35.436113
37173,Swain County,37173-1-1,18,-83.610814,35.427045
37173,Swain County,37173-1-1,19,-83.585756,35.434832
37173,Swain County,37173-1-1,20,-83.582558,35.410489
37173,Swain County,37173-1-1,21,-83.593092,35.376986
37173,Swain County,37173-1-1,22,-83.620475,35.345491
37173,Swain County,37173-1-1,23,-83.660507,35.335626
37173,Swain County,37173-1-1,24,-83.684740,35.324074
37173,Swain County,37173-1-1,25,-83.695611,35.299614
37173,Swain County,37173-1-1,26,-83.680264,35.279387
37173,Swain County,37173-1-1,27,-83.673057,35.282774
37173,Swain County,37173-1-1,28,-83.497917,35.299301
37173,Swain County,37173-1-1,29,-83.492781,35.303457
37173,Swain County,37173-1-1,30,-83.471360,35.297403
37173,Swain County,37173-1-1,31,-83.432454,35.325183
37173,Swain County,37173-1-1,32,-83.410749,35.316557
37173,Swain County,37173-1-1,33,-83.399564,35.327770
37173,Swain County,37173-1-1,34,-83.364228,35.325993
37173,Swain County,37173-1-1,35,-83.339609,35.330993
37173,Swain County,37173-1-1,36,-83.331440,35.353733
37173,Swain County,37173-1-1,37,-83.341143,35.397378
37173,Swain County,37173-1-1,38,-83.360704,35.411813
37173,Swain County,37173-1-1,39,-83.360984,35.431117
37173,Swain County,37173-1-1,40,-83.359138,35.439447
37173,Swain County,37173-1-1,41,-83.351726,35.468092
37173,Swain County,37173-1-1,42,-83.335629,35.474709
37173,Swain County,37173-1-1,43,-83.318342,35.465262
37173,Swain County,37173-1-1,44,-83.308931,35.479323
37173,Swain County,37173-1-1,45,-83.236073,35.524564
37173,Swain County,37173-1-1,46,-83.216248,35.526005
37173,Swain County,37173-1-1,47,-83.186322,35.514368
37173,Swain County,37173-1-1,48,-83.180288,35.518963
37173,Swain County,37173-1-1,49,-83.173983,35.521681
37173,Swain County,37173-1-1,50,-83.156565,35.552089
37173,Swain County,37173-1-1,51,-83.166964,35.578690
37173,Swain County,37173-1-1,52,-83.182109,35.584537
37173,Swain County,37173-1-1,53,-83.185519,35.598271
37173,Swain County,37173-1-1,54,-83.175980,35.612450
37173,Swain County,37173-1-1,55,-83.175871,35.627500
37173,Swain County,37173-1-1,56,-83.202323,35.650252
37173,Swain County,37173-1-1,57,-83.181977,35.671327
37173,Swain County,37173-1-1,58,-83.207665,35.681599
37173,Swain County,37173-1-1,59,-83.214907,35.692112
37173,Swain County,37173-1-1,60,-83.255610,35.696061
37173,Swain County,37173-1-1,61,-83.258117,35.691924
37173,Swain County,37173-1-1,62,-83.261252,35.689165
37173,Swain County,37173-1-1,63,-83.265390,35.687535
37173,Swain County,37173-1-1,64,-83.269277,35.685403
37173,Swain County,37173-1-1,65,-83.271378,35.681476
37173,Swain County,37173-1-1,66,-83.275480,35.679463
37173,Swain County,37173-1-1,67,-83.281178,35.677802
37173,Swain County,37173-1-1,68,-83.289165,35.674509
37173,Swain County,37173-1-1,69,-83.290682,35.672638
37173,Swain County,37173-1-1,70,-83.291075,35.667131
37173,Swain County,37173-1-1,71,-83.293676,35.661919
37173,Swain County,37173-1-1,72,-83.297154,35.657750
37173,Swain County,37173-1-1,73,-83.302279,35.656064
37173,Swain County,37173-1-1,74,-83.310490,35.654452
37173,Swain County,37173-1-1,75,-83.312757,35.654809
37173,Swain County,37173-1-1,76,-83.317905,35.659015
37173,Swain County,37173-1-1,77,-83.321101,35.662815
37173,Swain County,37173-1-1,78,-83.334965,35.665471
37173,Swain County,37173-1-1,79,-83.337683,35.663074
37173,Swain County,37173-1-1,80,-83.347262,35.660474
37173,Swain County,37173-1-1,81,-83.349255,35.660854
37173,Swain County,37173-1-1,82,-83.351560,35.659858
37173,Swain County,37173-1-1,83,-83.353776,35.657478
37173,Swain County,37173-1-1,84,-83.355537,35.654632
37173,Swain County,37173-1-1,85,-83.355367,35.652338
37173,Swain County,37173-1-1,86,-83.356202,35.650019
37173,Swain County,37173-1-1,87,-83.358209,35.647277
37173,Swain County,37173-1-1,88,-83.366941,35.638728
37173,Swain County,37173-1-1,89,-83.368162,35.638202
37173,Swain County,37173-1-1,90,-83.370369,35.638204
37173,Swain County,37173-1-1,91,-83.372174,35.639310
37173,Swain County,37173-1-1,92,-83.373712,35.638935
37173,Swain County,37173-1-1,93,-83.376785,35.636638
37173,Swain County,37173-1-1,94,-83.377984,35.634496
37173,Swain County,37173-1-1,95,-83.380251,35.634705
37173,Swain County,37173-1-1,96,-83.388722,35.633584
37173,Swain County,37173-1-1,97,-83.388602,35.632352
37173,Swain County,37173-1-1,98,-83.392652,35.625095
37173,Swain County,37173-1-1,99,-83.396626,35.622720
37173,Swain County,37173-1-1,100,-83.403569,35.621313
37173,Swain County,37173-1-1,101,-83.406061,35.620185
37173,Swain County,37173-1-1,102,-83.411852,35.616920
37173,Swain County,37173-1-1,103,-83.420370,35.613467
37173,Swain County,37173-1-1,104,-83.420964,35.611596
37173,Swain County,37173-1-1,105,-83.421576,35.611186
37173,Swain County,37173-1-1,106,-83.432298,35.609941
37173,Swain County,37173-1-1,107,-83.441197,35.611739
37173,Swain County,37173-1-1,108,-83.445802,35.611803
37173,Swain County,37173-1-1,109,-83.447137,35.608664
37173,Swain County,37173-1-1,110,-83.452431,35.602918
37173,Swain County,37173-1-1,111,-83.455722,35.598045
37173,Swain County,37173-1-1,112,-83.462678,35.592600
37173,Swain County,37173-1-1,113,-83.471362,35.590304
37173,Swain County,37173-1-1,114,-83.472668,35.589125
37173,Swain County,37173-1-1,115,-83.472684,35.586552
37173,Swain County,37173-1-1,116,-83.475367,35.584775
37173,Swain County,37173-1-1,117,-83.479082,35.583316
37173,Swain County,37173-1-1,118,-83.479317,35.582764
37173,Swain County,37173-1-1,119,-83.478523,35.579202
37173,Swain County,37173-1-1,120,-83.480617,35.576633
37173,Swain County,37173-1-1,121,-83.485527,35.568204
37173,Swain County,37173-1-1,122,-83.491647,35.566867
37173,Swain County,37173-1-1,123,-83.498335,35.562981
37173,Swain County,37173-1-1,124,-83.517564,35.562871
37173,Swain County,37173-1-1,125,-83.520469,35.565602
37173,Swain County,37173-1-1,126,-83.534169,35.564668
37173,Swain County,37173-1-1,127,-83.540826,35.565702
37173,Swain County,37173-1-1,128,-83.552167,35.564346
37173,Swain County,37173-1-1,129,-83.559264,35.564796
37173,Swain County,37173-1-1,130,-83.566090,35.565993
37173,Swain County,37173-1-1,131,-83.572424,35.565518
37173,Swain County,37173-1-1,132,-83.576345,35.564019
37173,Swain County,37173-1-1,133,-83.582000,35.562684
37173,Swain County,37173-1-1,134,-83.585590,35.562941
37173,Swain County,37173-1-1,135,-83.587140,35.564017
37173,Swain County,37173-1-1,136,-83.587827,35.566963
37173,Swain County,37173-1-1,137,-83.594270,35.572912
37173,Swain County,37173-1-1,138,-83.601854,35.578228
37173,Swain County,37173-1-1,139,-83.604806,35.579340
37173,Swain County,37173-1-1,140,-83.608889,35.579451
37173,Swain County,37173-1-1,141,-83.615312,35.574026
37173,Swain County,37173-1-1,142,-83.629734,35.567889
37173,Swain County,37173-1-1,143,-83.632358,35.569093
37173,Swain County,37173-1-1,144,-83.635832,35.568169
37173,Swain County,37173-1-1,145,-83.637182,35.567096
37173,Swain County,37173-1-1,146,-83.640498,35.566075
37173,Swain County,37173-1-1,147,-83.645481,35.565825
37173,Swain County,37173-1-1,148,-83.653159,35.568309
37173,Swain County,37173-1-1,149,-83.657933,35.569211
37173,Swain County,37173-1-1,150,-83.660925,35.568207
37173,Swain County,37173-1-1,151,-83.662957,35.569138
37173,Swain County,37173-1-1,152,-83.663024,35.569143
37173,Swain County,37173-1-1,153,-83.666272,35.569389
37173,Swain County,37173-1-1,154,-83.673093,35.568974
37173,Swain County,37173-1-1,155,-83.676268,35.570289
37173,Swain County,37173-1-1,156,-83.684154,35.568848
37173,Swain County,37173-1-1,157,-83.697827,35.568352
37173,Swain County,37173-1-1,158,-83.700663,35.567621
37173,Swain County,37173-1-1,159,-83.702099,35.567634
37173,Swain County,37173-1-1,160,-83.703846,35.568476
37173,Swain County,37173-1-1,161,-83.707199,35.568533
37173,Swain County,37173-1-1,162,-83.720787,35.563347
37173,Swain County,37173-1-1,163,-83.723459,35.561874
37173,Swain County,37173-1-1,164,-83.732947,35.563149
37173,Swain County,37173-1-1,165,-83.735669,35.565455
37173,Swain County,37173-1-1,166,-83.749894,35.561146
37173,Swain County,37173-1-1,167,-83.756917,35.563604
37173,Swain County,37173-1-1,168,-83.759675,35.562492
37173,Swain County,37173-1-1,169,-83.764606,35.561538
37173,Swain County,37173-1-1,170,-83.771736,35.562118
37173,Swain County,37173-1-1,171,-83.773092,35.557465
37173,Swain County,37173-1-1,172,-83.780129,35.550387
37173,Swain County,37173-1-1,173,-83.786802,35.547200
37173,Swain County,37173-1-1,174,-83.802434,35.541588
37173,Swain County,37173-1-1,175,-83.808713,35.536415
37173,Swain County,37173-1-1,176,-83.809798,35.534310
37173,Swain County,37173-1-1,177,-83.825590,35.523829
37173,Swain County,37173-1-1,178,-83.827428,35.524653
37173,Swain County,37173-1-1,179,-83.831895,35.524766
37173,Swain County,37173-1-1,180,-83.840203,35.521560
37173,Swain County,37173-1-1,181,-83.848502,35.519259
37173,Swain County,37173-1-1,182,-83.853898,35.521059
37173,Swain County,37173-1-1,183,-83.859261,35.521851
37173,Swain County,37173-1-1,184,-83.866413,35.520910
37173,Swain County,37173-1-1,185,-83.872630,35.521145
37173,Swain County,37173-1-1,186,-83.880074,35.518745
37173,Swain County,37173-1-1,187,-83.882563,35.517182
37173,Swain County,37173-1-1,188,-83.884262,35.512754
37173,Swain County,37173-1-1,189,-83.892074,35.503089
37173,Swain County,37173-1-1,190,-83.893031,35.502253
37173,Swain County,37173-1-1,191,-83.895669,35.501868
37173,Swain County,37173-1-1,192,-83.901381,35.496553
37173,Swain County,37173-1-1,193,-83.901403,35.495278
37173,Swain County,37173-1-1,194,-83.900200,35.494191
37173,Swain County,37173-1-1,195,-83.900338,35.493095
37173,Swain County,37173-1-1,196,-83.901527,35.491026
37173,Swain County,37173-1-1,197,-83.905612,35.489060
37173,Swain County,37173-1-1,198,-83.908040,35.484397
37173,Swain County,37173-1-1,199,-83.909265,35.479714
37173,Swain County,37173-1-1,200,-83.911773,35.476028
37173,Swain County,37173-1-1,201,-83.916801,35.473612
37173,Swain County,37173-1-1,202,-83.919564,35.473367
37173,Swain County,37173-1-1,203,-83.920878,35.473494
37173,Swain County,37173-1-1,204,-83.924895,35.473884
37173,Swain County,37173-1-1,205,-83.929743,35.473330
37173,Swain County,37173-1-1,206,-83.937015,35.471511
37173,Swain County,37173-1-1,207,-83.942172,35.467254
37173,Swain County,37173-1-1,208,-83.942987,35.465084
37173,Swain County,37173-1-1,209,-83.949389,35.461164
37175,Transylvania County,37175-1-1,1,-83.044942,35.077127
37175,Transylvania County,37175-1-1,2,-83.056889,35.053827
37175,Transylvania County,37175-1-1,3,-83.008666,35.027580
37175,Transylvania County,37175-1-1,4,-82.999867,35.029950
37175,Transylvania County,37175-1-1,5,-82.897559,35.056006
37175,Transylvania County,37175-1-1,6,-82.897499,35.056021
37175,Transylvania County,37175-1-1,7,-82.897456,35.056032
37175,Transylvania County,37175-1-1,8,-82.809766,35.078748
37175,Transylvania County,37175-1-1,9,-82.787867,35.085024
37175,Transylvania County,37175-1-1,10,-82.783283,35.085600
37175,Transylvania County,37175-1-1,11,-82.781130,35.084585
37175,Transylvania County,37175-1-1,12,-82.781062,35.084492
37175,Transylvania County,37175-1-1,13,-82.778651,35.083575
37175,Transylvania County,37175-1-1,14,-82.776357,35.081349
37175,Transylvania County,37175-1-1,15,-82.777407,35.076885
37175,Transylvania County,37175-1-1,16,-82.777647,35.076433
37175,Transylvania County,37175-1-1,17,-82.779116,35.073674
37175,Transylvania County,37175-1-1,18,-82.779928,35.072206
37175,Transylvania County,37175-1-1,19,-82.779928,35.070435
37175,Transylvania County,37175-1-1,20,-82.780546,35.069043
37175,Transylvania County,37175-1-1,21,-82.781973,35.066817
37175,Transylvania County,37175-1-1,22,-82.777376,35.064143
37175,Transylvania County,37175-1-1,23,-82.770046,35.065476
37175,Transylvania County,37175-1-1,24,-82.764464,35.068177
37175,Transylvania County,37175-1-1,25,-82.764100,35.068168
37175,Transylvania County,37175-1-1,26,-82.757704,35.068019
37175,Transylvania County,37175-1-1,27,-82.754162,35.069629
37175,Transylvania County,37175-1-1,28,-82.751265,35.073463
37175,Transylvania County,37175-1-1,29,-82.751102,35.075749
37175,Transylvania County,37175-1-1,30,-82.749491,35.078487
37175,Transylvania County,37175-1-1,31,-82.746431,35.079131
37175,Transylvania County,37175-1-1,32,-82.741761,35.078326
37175,Transylvania County,37175-1-1,33,-82.738379,35.079453
37175,Transylvania County,37175-1-1,34,-82.735904,35.082701
37175,Transylvania County,37175-1-1,35,-82.730971,35.086378
37175,Transylvania County,37175-1-1,36,-82.729683,35.087827
37175,Transylvania County,37175-1-1,37,-82.729517,35.090590
37175,Transylvania County,37175-1-1,38,-82.728961,35.091978
37175,Transylvania County,37175-1-1,39,-82.727010,35.094142
37175,Transylvania County,37175-1-1,40,-82.723462,35.094341
37175,Transylvania County,37175-1-1,41,-82.720442,35.093265
37175,Transylvania County,37175-1-1,42,-82.715297,35.092943
37175,Transylvania County,37175-1-1,43,-82.707152,35.096542
37175,Transylvania County,37175-1-1,44,-82.703916,35.097651
37175,Transylvania County,37175-1-1,45,-82.701017,35.097490
37175,Transylvania County,37175-1-1,46,-82.698602,35.097168
37175,Transylvania County,37175-1-1,47,-82.694898,35.098456
37175,Transylvania County,37175-1-1,48,-82.689634,35.104117
37175,Transylvania County,37175-1-1,49,-82.688456,35.106347
37175,Transylvania County,37175-1-1,50,-82.688778,35.108602
37175,Transylvania County,37175-1-1,51,-82.690711,35.111501
37175,Transylvania County,37175-1-1,52,-82.691355,35.113272
37175,Transylvania County,37175-1-1,53,-82.691194,35.114721
37175,Transylvania County,37175-1-1,54,-82.690549,35.116171
37175,Transylvania County,37175-1-1,55,-82.688939,35.118103
37175,Transylvania County,37175-1-1,56,-82.687641,35.119287
37175,Transylvania County,37175-1-1,57,-82.686738,35.119790
37175,Transylvania County,37175-1-1,58,-82.686496,35.121822
37175,Transylvania County,37175-1-1,59,-82.686040,35.124545
37175,Transylvania County,37175-1-1,60,-82.683625,35.125833
37175,Transylvania County,37175-1-1,61,-82.680887,35.126155
37175,Transylvania County,37175-1-1,62,-82.676861,35.125350
37175,Transylvania County,37175-1-1,63,-82.675089,35.123257
37175,Transylvania County,37175-1-1,64,-82.673318,35.121002
37175,Transylvania County,37175-1-1,65,-82.672513,35.119392
37175,Transylvania County,37175-1-1,66,-82.669614,35.118103
37175,Transylvania County,37175-1-1,67,-82.662381,35.118123
37175,Transylvania County,37175-1-1,68,-82.657858,35.119392
37175,Transylvania County,37175-1-1,69,-82.653510,35.121968
37175,Transylvania County,37175-1-1,70,-82.651416,35.124867
37175,Transylvania County,37175-1-1,71,-82.648694,35.126770
37175,Transylvania County,37175-1-1,72,-82.645296,35.128410
37175,Transylvania County,37175-1-1,73,-82.642237,35.129215
37175,Transylvania County,37175-1-1,74,-82.639510,35.128452
37175,Transylvania County,37175-1-1,75,-82.638210,35.128088
37175,Transylvania County,37175-1-1,76,-82.634668,35.126317
37175,Transylvania County,37175-1-1,77,-82.632574,35.125833
37175,Transylvania County,37175-1-1,78,-82.629031,35.126155
37175,Transylvania County,37175-1-1,79,-82.626436,35.127903
37175,Transylvania County,37175-1-1,80,-82.624847,35.130432
37175,Transylvania County,37175-1-1,81,-82.621185,35.134635
37175,Transylvania County,37175-1-1,82,-82.617993,35.135270
37175,Transylvania County,37175-1-1,83,-82.614402,35.136701
37175,Transylvania County,37175-1-1,84,-82.613866,35.137529
37175,Transylvania County,37175-1-1,85,-82.612444,35.138234
37175,Transylvania County,37175-1-1,86,-82.609706,35.139039
37175,Transylvania County,37175-1-1,87,-82.602358,35.139036
37175,Transylvania County,37175-1-1,88,-82.598140,35.137729
37175,Transylvania County,37175-1-1,89,-82.592430,35.139002
37175,Transylvania County,37175-1-1,90,-82.588158,35.142928
37175,Transylvania County,37175-1-1,91,-82.586035,35.143142
37175,Transylvania County,37175-1-1,92,-82.581836,35.142352
37175,Transylvania County,37175-1-1,93,-82.580687,35.141742
37175,Transylvania County,37175-1-1,94,-82.578316,35.142104
37175,Transylvania County,37175-1-1,95,-82.574168,35.143666
37175,Transylvania County,37175-1-1,96,-82.585110,35.151557
37175,Transylvania County,37175-1-1,97,-82.600757,35.207123
37175,Transylvania County,37175-1-1,98,-82.603968,35.221791
37175,Transylvania County,37175-1-1,99,-82.604016,35.225985
37175,Transylvania County,37175-1-1,100,-82.604267,35.258940
37175,Transylvania County,37175-1-1,101,-82.608424,35.260347
37175,Transylvania County,37175-1-1,102,-82.616119,35.260066
37175,Transylvania County,37175-1-1,103,-82.618769,35.288422
37175,Transylvania County,37175-1-1,104,-82.623934,35.298154
37175,Transylvania County,37175-1-1,105,-82.619248,35.303708
37175,Transylvania County,37175-1-1,106,-82.647379,35.328934
37175,Transylvania County,37175-1-1,107,-82.666702,35.347458
37175,Transylvania County,37175-1-1,108,-82.745139,35.422967
37175,Transylvania County,37175-1-1,109,-82.745620,35.407345
37175,Transylvania County,37175-1-1,110,-82.774539,35.393308
37175,Transylvania County,37175-1-1,111,-82.790776,35.373403
37175,Transylvania County,37175-1-1,112,-82.805116,35.347966
37175,Transylvania County,37175-1-1,113,-82.831628,35.318590
37175,Transylvania County,37175-1-1,114,-82.876429,35.314581
37175,Transylvania County,37175-1-1,115,-82.883306,35.308807
37175,Transylvania County,37175-1-1,116,-82.920881,35.292037
37175,Transylvania County,37175-1-1,117,-82.919241,35.271121
37175,Transylvania County,37175-1-1,118,-82.928640,35.234565
37175,Transylvania County,37175-1-1,119,-82.959866,35.215168
37175,Transylvania County,37175-1-1,120,-82.972060,35.192407
37175,Transylvania County,37175-1-1,121,-82.987353,35.187194
37175,Transylvania County,37175-1-1,122,-82.981211,35.167640
37175,Transylvania County,37175-1-1,123,-82.996627,35.163578
37175,Transylvania County,37175-1-1,124,-82.980903,35.148351
37175,Transylvania County,37175-1-1,125,-82.983873,35.131295
37175,Transylvania County,37175-1-1,126,-82.999348,35.116521
37175,Transylvania County,37175-1-1,127,-83.044942,35.077127
37177,Tyrrell County,37177-1-1,1,-76.405603,35.786294
37177,Tyrrell County,37177-1-1,2,-76.405971,35.697579
37177,Tyrrell County,37177-1-1,3,-76.269247,35.690754
37177,Tyrrell County,37177-1-1,4,-76.297447,35.608664
37177,Tyrrell County,37177-1-1,5,-76.285839,35.604464
37177,Tyrrell County,37177-1-1,6,-76.270279,35.608026
37177,Tyrrell County,37177-1-1,7,-76.233005,35.600608
37177,Tyrrell County,37177-1-1,8,-76.214336,35.598355
37177,Tyrrell County,37177-1-1,9,-76.195848,35.620119
37177,Tyrrell County,37177-1-1,10,-76.192606,35.646359
37177,Tyrrell County,37177-1-1,11,-76.177848,35.655574
37177,Tyrrell County,37177-1-1,12,-76.181778,35.665513
37177,Tyrrell County,37177-1-1,13,-76.169902,35.673746
37177,Tyrrell County,37177-1-1,14,-76.175861,35.690698
37177,Tyrrell County,37177-1-1,15,-76.168962,35.698802
37177,Tyrrell County,37177-1-1,16,-76.142023,35.702851
37177,Tyrrell County,37177-1-1,17,-76.131898,35.692173
37177,Tyrrell County,37177-1-1,18,-76.118268,35.691908
37177,Tyrrell County,37177-1-1,19,-76.120670,35.683316
37177,Tyrrell County,37177-1-1,20,-76.092627,35.669764
37177,Tyrrell County,37177-1-1,21,-76.061095,35.675222
37177,Tyrrell County,37177-1-1,22,-76.044445,35.665078
37177,Tyrrell County,37177-1-1,23,-76.036393,35.690344
37177,Tyrrell County,37177-1-1,24,-76.046813,35.717935
37177,Tyrrell County,37177-1-1,25,-76.050485,35.806689
37177,Tyrrell County,37177-1-1,26,-76.063203,35.853433
37177,Tyrrell County,37177-1-1,27,-76.037116,35.889910
37177,Tyrrell County,37177-1-1,28,-76.014353,35.920746
37177,Tyrrell County,37177-1-1,29,-76.019950,35.934036
37177,Tyrrell County,37177-1-1,30,-76.014159,35.957202
37177,Tyrrell County,37177-1-1,31,-76.014685,35.960361
37177,Tyrrell County,37177-1-1,32,-76.024162,35.970891
37177,Tyrrell County,37177-1-1,33,-76.062071,35.993004
37177,Tyrrell County,37177-1-1,34,-76.083131,35.989845
37177,Tyrrell County,37177-1-1,35,-76.093697,35.993001
37177,Tyrrell County,37177-1-1,36,-76.176585,35.993267
37177,Tyrrell County,37177-1-1,37,-76.213966,35.988002
37177,Tyrrell County,37177-1-1,38,-76.272408,35.972734
37177,Tyrrell County,37177-1-1,39,-76.317687,35.946935
37177,Tyrrell County,37177-1-1,40,-76.340327,35.943250
37177,Tyrrell County,37177-1-1,41,-76.362966,35.942197
37177,Tyrrell County,37177-1-1,42,-76.365210,35.944697
37177,Tyrrell County,37177-1-1,43,-76.380009,35.914666
37177,Tyrrell County,37177-1-1,44,-76.369646,35.883233
37177,Tyrrell County,37177-1-1,45,-76.353669,35.861365
37177,Tyrrell County,37177-1-1,46,-76.405603,35.786294
37179,Union County,37179-1-1,1,-80.840366,35.001616
37179,Union County,37179-1-1,2,-80.831542,34.991330
37179,Union County,37179-1-1,3,-80.821560,34.979695
37179,Union County,37179-1-1,4,-80.821424,34.979544
37179,Union County,37179-1-1,5,-80.813554,34.970784
37179,Union County,37179-1-1,6,-80.806784,34.963249
37179,Union County,37179-1-1,7,-80.806461,34.962894
37179,Union County,37179-1-1,8,-80.788285,34.942713
37179,Union County,37179-1-1,9,-80.788282,34.942710
37179,Union County,37179-1-1,10,-80.782042,34.935782
37179,Union County,37179-1-1,11,-80.784096,34.920413
37179,Union County,37179-1-1,12,-80.786517,34.902292
37179,Union County,37179-1-1,13,-80.795109,34.837999
37179,Union County,37179-1-1,14,-80.796332,34.828851
37179,Union County,37179-1-1,15,-80.796997,34.823874
37179,Union County,37179-1-1,16,-80.797543,34.819786
37179,Union County,37179-1-1,17,-80.777712,34.819697
37179,Union County,37179-1-1,18,-80.771792,34.819646
37179,Union County,37179-1-1,19,-80.726949,34.819268
37179,Union County,37179-1-1,20,-80.692655,34.818979
37179,Union County,37179-1-1,21,-80.684074,34.818907
37179,Union County,37179-1-1,22,-80.646601,34.818592
37179,Union County,37179-1-1,23,-80.644656,34.818568
37179,Union County,37179-1-1,24,-80.626290,34.818221
37179,Union County,37179-1-1,25,-80.626077,34.818217
37179,Union County,37179-1-1,26,-80.625993,34.818239
37179,Union County,37179-1-1,27,-80.621222,34.818174
37179,Union County,37179-1-1,28,-80.561709,34.817482
37179,Union County,37179-1-1,29,-80.561657,34.817481
37179,Union County,37179-1-1,30,-80.526636,34.817356
37179,Union County,37179-1-1,31,-80.499788,34.817261
37179,Union County,37179-1-1,32,-80.491814,34.816798
37179,Union County,37179-1-1,33,-80.485234,34.816732
37179,Union County,37179-1-1,34,-80.451660,34.816396
37179,Union County,37179-1-1,35,-80.448766,34.816332
37179,Union County,37179-1-1,36,-80.434843,34.815968
37179,Union County,37179-1-1,37,-80.425902,34.815810
37179,Union County,37179-1-1,38,-80.419586,34.815581
37179,Union County,37179-1-1,39,-80.418433,34.815622
37179,Union County,37179-1-1,40,-80.417150,34.815519
37179,Union County,37179-1-1,41,-80.417014,34.815508
37179,Union County,37179-1-1,42,-80.399871,34.815128
37179,Union County,37179-1-1,43,-80.350068,34.814469
37179,Union County,37179-1-1,44,-80.320807,34.814081
37179,Union County,37179-1-1,45,-80.310201,34.906453
37179,Union County,37179-1-1,46,-80.309379,34.913550
37179,Union County,37179-1-1,47,-80.302359,34.974598
37179,Union County,37179-1-1,48,-80.297285,35.018699
37179,Union County,37179-1-1,49,-80.276829,35.195722
37179,Union County,37179-1-1,50,-80.296702,35.193379
37179,Union County,37179-1-1,51,-80.322125,35.173038
37179,Union County,37179-1-1,52,-80.357627,35.164882
37179,Union County,37179-1-1,53,-80.370975,35.179702
37179,Union County,37179-1-1,54,-80.388328,35.165862
37179,Union County,37179-1-1,55,-80.396278,35.165489
37179,Union County,37179-1-1,56,-80.417782,35.172352
37179,Union County,37179-1-1,57,-80.439136,35.161350
37179,Union County,37179-1-1,58,-80.468515,35.166649
37179,Union County,37179-1-1,59,-80.481141,35.180075
37179,Union County,37179-1-1,60,-80.504985,35.184998
37179,Union County,37179-1-1,61,-80.528015,35.196961
37179,Union County,37179-1-1,62,-80.550349,35.208412
37179,Union County,37179-1-1,63,-80.579387,35.185016
37179,Union County,37179-1-1,64,-80.628302,35.145725
37179,Union County,37179-1-1,65,-80.636181,35.139382
37179,Union County,37179-1-1,66,-80.654172,35.125048
37179,Union County,37179-1-1,67,-80.676887,35.106986
37179,Union County,37179-1-1,68,-80.681398,35.103409
37179,Union County,37179-1-1,69,-80.690942,35.095726
37179,Union County,37179-1-1,70,-80.698585,35.089569
37179,Union County,37179-1-1,71,-80.705195,35.084402
37179,Union County,37179-1-1,72,-80.728414,35.066350
37179,Union County,37179-1-1,73,-80.741806,35.055916
37179,Union County,37179-1-1,74,-80.767555,35.036286
37179,Union County,37179-1-1,75,-80.773162,35.032949
37179,Union County,37179-1-1,76,-80.804506,35.027749
37179,Union County,37179-1-1,77,-80.808696,35.023233
37179,Union County,37179-1-1,78,-80.822320,35.016139
37179,Union County,37179-1-1,79,-80.828051,35.010383
37179,Union County,37179-1-1,80,-80.840366,35.001616
37181,Vance County,37181-1-1,1,-78.511224,36.454808
37181,Vance County,37181-1-1,2,-78.510501,36.387033
37181,Vance County,37181-1-1,3,-78.510429,36.380311
37181,Vance County,37181-1-1,4,-78.510384,36.376016
37181,Vance County,37181-1-1,5,-78.509738,36.315245
37181,Vance County,37181-1-1,6,-78.509210,36.265694
37181,Vance County,37181-1-1,7,-78.508942,36.240592
37181,Vance County,37181-1-1,8,-78.508331,36.182956
37181,Vance County,37181-1-1,9,-78.496614,36.175199
37181,Vance County,37181-1-1,10,-78.492795,36.183944
37181,Vance County,37181-1-1,11,-78.485740,36.175353
37181,Vance County,37181-1-1,12,-78.449707,36.169088
37181,Vance County,37181-1-1,13,-78.425079,36.163650
37181,Vance County,37181-1-1,14,-78.412095,36.169597
37181,Vance County,37181-1-1,15,-78.378140,36.235065
37181,Vance County,37181-1-1,16,-78.356708,36.234719
37181,Vance County,37181-1-1,17,-78.338135,36.234448
37181,Vance County,37181-1-1,18,-78.309838,36.263106
37181,Vance County,37181-1-1,19,-78.306965,36.266191
37181,Vance County,37181-1-1,20,-78.277165,36.306132
37181,Vance County,37181-1-1,21,-78.279295,36.316889
37181,Vance County,37181-1-1,22,-78.287440,36.358357
37181,Vance County,37181-1-1,23,-78.294797,36.395783
37181,Vance County,37181-1-1,24,-78.323988,36.543808
37181,Vance County,37181-1-1,25,-78.324004,36.543808
37181,Vance County,37181-1-1,26,-78.436333,36.542666
37181,Vance County,37181-1-1,27,-78.441199,36.542687
37181,Vance County,37181-1-1,28,-78.456967,36.542474
37181,Vance County,37181-1-1,29,-78.472907,36.521232
37181,Vance County,37181-1-1,30,-78.497783,36.514477
37181,Vance County,37181-1-1,31,-78.511224,36.454808
37183,Wake County,37183-1-1,1,-78.983059,35.644453
37183,Wake County,37183-1-1,2,-78.995048,35.610166
37183,Wake County,37183-1-1,3,-78.916067,35.584102
37183,Wake County,37183-1-1,4,-78.854583,35.564831
37183,Wake County,37183-1-1,5,-78.849533,35.563248
37183,Wake County,37183-1-1,6,-78.823627,35.555154
37183,Wake County,37183-1-1,7,-78.812140,35.551576
37183,Wake County,37183-1-1,8,-78.778867,35.541238
37183,Wake County,37183-1-1,9,-78.776452,35.540476
37183,Wake County,37183-1-1,10,-78.744552,35.530565
37183,Wake County,37183-1-1,11,-78.708902,35.519458
37183,Wake County,37183-1-1,12,-78.694364,35.530079
37183,Wake County,37183-1-1,13,-78.642702,35.570065
37183,Wake County,37183-1-1,14,-78.614334,35.592050
37183,Wake County,37183-1-1,15,-78.566639,35.629002
37183,Wake County,37183-1-1,16,-78.566366,35.629211
37183,Wake County,37183-1-1,17,-78.531166,35.656637
37183,Wake County,37183-1-1,18,-78.518639,35.666422
37183,Wake County,37183-1-1,19,-78.516469,35.668101
37183,Wake County,37183-1-1,20,-78.511454,35.671970
37183,Wake County,37183-1-1,21,-78.507958,35.674719
37183,Wake County,37183-1-1,22,-78.473735,35.701520
37183,Wake County,37183-1-1,23,-78.460036,35.705691
37183,Wake County,37183-1-1,24,-78.421650,35.726043
37183,Wake County,37183-1-1,25,-78.365477,35.756233
37183,Wake County,37183-1-1,26,-78.324246,35.779002
37183,Wake County,37183-1-1,27,-78.255973,35.818120
37183,Wake County,37183-1-1,28,-78.253766,35.827365
37183,Wake County,37183-1-1,29,-78.260925,35.834730
37183,Wake County,37183-1-1,30,-78.269417,35.844442
37183,Wake County,37183-1-1,31,-78.275126,35.859198
37183,Wake County,37183-1-1,32,-78.307207,35.896588
37183,Wake County,37183-1-1,33,-78.332199,35.899369
37183,Wake County,37183-1-1,34,-78.350974,35.910124
37183,Wake County,37183-1-1,35,-78.354268,35.931196
37183,Wake County,37183-1-1,36,-78.394331,35.936876
37183,Wake County,37183-1-1,37,-78.412203,35.957832
37183,Wake County,37183-1-1,38,-78.418732,35.965490
37183,Wake County,37183-1-1,39,-78.419140,35.965959
37183,Wake County,37183-1-1,40,-78.426864,35.975012
37183,Wake County,37183-1-1,41,-78.469482,35.992739
37183,Wake County,37183-1-1,42,-78.487167,36.000080
37183,Wake County,37183-1-1,43,-78.493542,36.002668
37183,Wake County,37183-1-1,44,-78.518106,36.011624
37183,Wake County,37183-1-1,45,-78.546414,36.021826
37183,Wake County,37183-1-1,46,-78.553827,36.024348
37183,Wake County,37183-1-1,47,-78.603612,36.042388
37183,Wake County,37183-1-1,48,-78.669561,36.068916
37183,Wake County,37183-1-1,49,-78.683224,36.074484
37183,Wake County,37183-1-1,50,-78.693398,36.075317
37183,Wake County,37183-1-1,51,-78.715609,36.076112
37183,Wake County,37183-1-1,52,-78.751273,36.070834
37183,Wake County,37183-1-1,53,-78.754284,36.056338
37183,Wake County,37183-1-1,54,-78.754026,36.047812
37183,Wake County,37183-1-1,55,-78.753611,36.031384
37183,Wake County,37183-1-1,56,-78.719951,36.029590
37183,Wake County,37183-1-1,57,-78.699847,36.011427
37183,Wake County,37183-1-1,58,-78.711579,35.974444
37183,Wake County,37183-1-1,59,-78.713411,35.968949
37183,Wake County,37183-1-1,60,-78.717014,35.961265
37183,Wake County,37183-1-1,61,-78.742147,35.933910
37183,Wake County,37183-1-1,62,-78.749456,35.933286
37183,Wake County,37183-1-1,63,-78.758210,35.921558
37183,Wake County,37183-1-1,64,-78.759140,35.918401
37183,Wake County,37183-1-1,65,-78.801972,35.926972
37183,Wake County,37183-1-1,66,-78.806756,35.922925
37183,Wake County,37183-1-1,67,-78.808364,35.919064
37183,Wake County,37183-1-1,68,-78.813854,35.905826
37183,Wake County,37183-1-1,69,-78.819393,35.892570
37183,Wake County,37183-1-1,70,-78.824485,35.880198
37183,Wake County,37183-1-1,71,-78.828350,35.870876
37183,Wake County,37183-1-1,72,-78.831675,35.867005
37183,Wake County,37183-1-1,73,-78.849668,35.867279
37183,Wake County,37183-1-1,74,-78.864844,35.867499
37183,Wake County,37183-1-1,75,-78.870298,35.867560
37183,Wake County,37183-1-1,76,-78.890486,35.867874
37183,Wake County,37183-1-1,77,-78.906071,35.868096
37183,Wake County,37183-1-1,78,-78.908812,35.847536
37183,Wake County,37183-1-1,79,-78.909416,35.843001
37183,Wake County,37183-1-1,80,-78.918583,35.819769
37183,Wake County,37183-1-1,81,-78.926609,35.801528
37183,Wake County,37183-1-1,82,-78.930891,35.794377
37183,Wake County,37183-1-1,83,-78.936271,35.771898
37183,Wake County,37183-1-1,84,-78.946923,35.741562
37183,Wake County,37183-1-1,85,-78.950188,35.732118
37183,Wake County,37183-1-1,86,-78.983059,35.644453
37185,Warren County,37185-1-1,1,-78.323912,36.543809
37185,Warren County,37185-1-1,2,-78.323988,36.543808
37185,Warren County,37185-1-1,3,-78.294797,36.395783
37185,Warren County,37185-1-1,4,-78.287440,36.358357
37185,Warren County,37185-1-1,5,-78.279295,36.316889
37185,Warren County,37185-1-1,6,-78.277165,36.306132
37185,Warren County,37185-1-1,7,-78.306965,36.266191
37185,Warren County,37185-1-1,8,-78.224880,36.256553
37185,Warren County,37185-1-1,9,-78.194280,36.246839
37185,Warren County,37185-1-1,10,-78.172627,36.255326
37185,Warren County,37185-1-1,11,-78.156983,36.244416
37185,Warren County,37185-1-1,12,-78.132739,36.246281
37185,Warren County,37185-1-1,13,-78.124641,36.225648
37185,Warren County,37185-1-1,14,-78.103078,36.209046
37185,Warren County,37185-1-1,15,-78.071267,36.216380
37185,Warren County,37185-1-1,16,-78.014472,36.207217
37185,Warren County,37185-1-1,17,-78.006551,36.202633
37185,Warren County,37185-1-1,18,-77.942406,36.298526
37185,Warren County,37185-1-1,19,-77.912028,36.382272
37185,Warren County,37185-1-1,20,-77.912064,36.424769
37185,Warren County,37185-1-1,21,-77.919208,36.431530
37185,Warren County,37185-1-1,22,-77.911795,36.442807
37185,Warren County,37185-1-1,23,-77.909245,36.473937
37185,Warren County,37185-1-1,24,-77.899524,36.504259
37185,Warren County,37185-1-1,25,-77.899596,36.507716
37185,Warren County,37185-1-1,26,-77.899771,36.544663
37185,Warren County,37185-1-1,27,-78.038938,36.544173
37185,Warren County,37185-1-1,28,-78.039420,36.544196
37185,Warren County,37185-1-1,29,-78.046211,36.544168
37185,Warren County,37185-1-1,30,-78.046219,36.544168
37185,Warren County,37185-1-1,31,-78.069175,36.544073
37185,Warren County,37185-1-1,32,-78.121518,36.543858
37185,Warren County,37185-1-1,33,-78.129685,36.543824
37185,Warren County,37185-1-1,34,-78.132911,36.543811
37185,Warren County,37185-1-1,35,-78.133323,36.543847
37185,Warren County,37185-1-1,36,-78.245462,36.544411
37185,Warren County,37185-1-1,37,-78.246681,36.544341
37185,Warren County,37185-1-1,38,-78.264423,36.544219
37185,Warren County,37185-1-1,39,-78.323912,36.543809
37187,Washington County,37187-1-1,1,-76.847264,35.719982
37187,Washington County,37187-1-1,2,-76.844620,35.705719
37187,Washington County,37187-1-1,3,-76.829536,35.705632
37187,Washington County,37187-1-1,4,-76.763301,35.705523
37187,Washington County,37187-1-1,5,-76.637513,35.705215
37187,Washington County,37187-1-1,6,-76.545621,35.705084
37187,Washington County,37187-1-1,7,-76.405971,35.697579
37187,Washington County,37187-1-1,8,-76.405603,35.786294
37187,Washington County,37187-1-1,9,-76.353669,35.861365
37187,Washington County,37187-1-1,10,-76.369646,35.883233
37187,Washington County,37187-1-1,11,-76.380009,35.914666
37187,Washington County,37187-1-1,12,-76.365210,35.944697
37187,Washington County,37187-1-1,13,-76.381394,35.962730
37187,Washington County,37187-1-1,14,-76.381920,35.971681
37187,Washington County,37187-1-1,15,-76.389818,35.980105
37187,Washington County,37187-1-1,16,-76.398242,35.984317
37187,Washington County,37187-1-1,17,-76.460632,35.970365
37187,Washington County,37187-1-1,18,-76.473795,35.960888
37187,Washington County,37187-1-1,19,-76.496961,35.955096
37187,Washington County,37187-1-1,20,-76.507491,35.949831
37187,Washington County,37187-1-1,21,-76.528551,35.944039
37187,Washington County,37187-1-1,22,-76.586992,35.941933
37187,Washington County,37187-1-1,23,-76.603840,35.939827
37187,Washington County,37187-1-1,24,-76.608052,35.936668
37187,Washington County,37187-1-1,25,-76.657017,35.935089
37187,Washington County,37187-1-1,26,-76.667547,35.933509
37187,Washington County,37187-1-1,27,-76.673865,35.935089
37187,Washington County,37187-1-1,28,-76.691766,35.944566
37187,Washington County,37187-1-1,29,-76.691913,35.944754
37187,Washington County,37187-1-1,30,-76.701374,35.923020
37187,Washington County,37187-1-1,31,-76.706785,35.923163
37187,Washington County,37187-1-1,32,-76.719989,35.917259
37187,Washington County,37187-1-1,33,-76.731543,35.887575
37187,Washington County,37187-1-1,34,-76.745411,35.870829
37187,Washington County,37187-1-1,35,-76.758595,35.865370
37187,Washington County,37187-1-1,36,-76.760598,35.864887
37187,Washington County,37187-1-1,37,-76.777404,35.857839
37187,Washington County,37187-1-1,38,-76.789238,35.838108
37187,Washington County,37187-1-1,39,-76.782007,35.826980
37187,Washington County,37187-1-1,40,-76.802396,35.804837
37187,Washington County,37187-1-1,41,-76.792961,35.789905
37187,Washington County,37187-1-1,42,-76.804288,35.781952
37187,Washington County,37187-1-1,43,-76.817037,35.748834
37187,Washington County,37187-1-1,44,-76.831328,35.730702
37187,Washington County,37187-1-1,45,-76.847264,35.719982
37189,Watauga County,37189-1-1,1,-81.908137,36.302013
37189,Watauga County,37189-1-1,2,-81.918111,36.287113
37189,Watauga County,37189-1-1,3,-81.899769,36.280422
37189,Watauga County,37189-1-1,4,-81.897097,36.261796
37189,Watauga County,37189-1-1,5,-81.903959,36.251149
37189,Watauga County,37189-1-1,6,-81.898548,36.245365
37189,Watauga County,37189-1-1,7,-81.907742,36.238638
37189,Watauga County,37189-1-1,8,-81.911238,36.229502
37189,Watauga County,37189-1-1,9,-81.909008,36.216392
37189,Watauga County,37189-1-1,10,-81.901353,36.205680
37189,Watauga County,37189-1-1,11,-81.888324,36.196607
37189,Watauga County,37189-1-1,12,-81.885383,36.189451
37189,Watauga County,37189-1-1,13,-81.857147,36.193675
37189,Watauga County,37189-1-1,14,-81.843450,36.179481
37189,Watauga County,37189-1-1,15,-81.829377,36.169011
37189,Watauga County,37189-1-1,16,-81.818042,36.133104
37189,Watauga County,37189-1-1,17,-81.812551,36.114837
37189,Watauga County,37189-1-1,18,-81.810516,36.111511
37189,Watauga County,37189-1-1,19,-81.779932,36.114014
37189,Watauga County,37189-1-1,20,-81.674833,36.122619
37189,Watauga County,37189-1-1,21,-81.631152,36.118195
37189,Watauga County,37189-1-1,22,-81.545488,36.117475
37189,Watauga County,37189-1-1,23,-81.500402,36.142512
37189,Watauga County,37189-1-1,24,-81.455792,36.200441
37189,Watauga County,37189-1-1,25,-81.462071,36.208692
37189,Watauga County,37189-1-1,26,-81.465696,36.227098
37189,Watauga County,37189-1-1,27,-81.477516,36.240250
37189,Watauga County,37189-1-1,28,-81.482039,36.240767
37189,Watauga County,37189-1-1,29,-81.492785,36.244801
37189,Watauga County,37189-1-1,30,-81.502700,36.250231
37189,Watauga County,37189-1-1,31,-81.521685,36.255329
37189,Watauga County,37189-1-1,32,-81.552237,36.276387
37189,Watauga County,37189-1-1,33,-81.566349,36.272202
37189,Watauga County,37189-1-1,34,-81.594620,36.306918
37189,Watauga County,37189-1-1,35,-81.638186,36.349606
37189,Watauga County,37189-1-1,36,-81.648459,36.354277
37189,Watauga County,37189-1-1,37,-81.728138,36.391012
37189,Watauga County,37189-1-1,38,-81.730491,36.390407
37189,Watauga County,37189-1-1,39,-81.729813,36.388033
37189,Watauga County,37189-1-1,40,-81.730737,36.382943
37189,Watauga County,37189-1-1,41,-81.732187,36.379894
37189,Watauga County,37189-1-1,42,-81.732865,36.376502
37189,Watauga County,37189-1-1,43,-81.731178,36.374062
37189,Watauga County,37189-1-1,44,-81.726082,36.368893
37189,Watauga County,37189-1-1,45,-81.724047,36.364293
37189,Watauga County,37189-1-1,46,-81.724047,36.360901
37189,Watauga County,37189-1-1,47,-81.723708,36.358527
37189,Watauga County,37189-1-1,48,-81.722691,36.354797
37189,Watauga County,37189-1-1,49,-81.721334,36.353101
37189,Watauga County,37189-1-1,50,-81.718282,36.350388
37189,Watauga County,37189-1-1,51,-81.713873,36.349370
37189,Watauga County,37189-1-1,52,-81.707785,36.346007
37189,Watauga County,37189-1-1,53,-81.705299,36.341852
37189,Watauga County,37189-1-1,54,-81.705966,36.338496
37189,Watauga County,37189-1-1,55,-81.707438,36.335171
37189,Watauga County,37189-1-1,56,-81.713194,36.334108
37189,Watauga County,37189-1-1,57,-81.717186,36.336169
37189,Watauga County,37189-1-1,58,-81.721015,36.338645
37189,Watauga County,37189-1-1,59,-81.725938,36.340364
37189,Watauga County,37189-1-1,60,-81.730976,36.341187
37189,Watauga County,37189-1-1,61,-81.734900,36.340891
37189,Watauga County,37189-1-1,62,-81.739498,36.339757
37189,Watauga County,37189-1-1,63,-81.740338,36.339422
37189,Watauga County,37189-1-1,64,-81.744461,36.337778
37189,Watauga County,37189-1-1,65,-81.747842,36.337356
37189,Watauga County,37189-1-1,66,-81.754420,36.337044
37189,Watauga County,37189-1-1,67,-81.757962,36.337500
37189,Watauga County,37189-1-1,68,-81.760675,36.338178
37189,Watauga County,37189-1-1,69,-81.762371,36.338856
37189,Watauga County,37189-1-1,70,-81.766102,36.338517
37189,Watauga County,37189-1-1,71,-81.768977,36.341042
37189,Watauga County,37189-1-1,72,-81.777972,36.346318
37189,Watauga County,37189-1-1,73,-81.781318,36.347656
37189,Watauga County,37189-1-1,74,-81.784077,36.347674
37189,Watauga County,37189-1-1,75,-81.787468,36.348692
37189,Watauga County,37189-1-1,76,-81.790181,36.351744
37189,Watauga County,37189-1-1,77,-81.791877,36.354797
37189,Watauga County,37189-1-1,78,-81.795269,36.357849
37189,Watauga County,37189-1-1,79,-81.796395,36.357894
37189,Watauga County,37189-1-1,80,-81.800812,36.358073
37189,Watauga County,37189-1-1,81,-81.808255,36.354121
37189,Watauga County,37189-1-1,82,-81.812904,36.351066
37189,Watauga County,37189-1-1,83,-81.822493,36.348819
37189,Watauga County,37189-1-1,84,-81.833202,36.347339
37189,Watauga County,37189-1-1,85,-81.841268,36.343321
37189,Watauga County,37189-1-1,86,-81.845638,36.340360
37189,Watauga County,37189-1-1,87,-81.850889,36.337500
37189,Watauga County,37189-1-1,88,-81.857333,36.334787
37189,Watauga County,37189-1-1,89,-81.863148,36.330209
37189,Watauga County,37189-1-1,90,-81.874336,36.319190
37189,Watauga County,37189-1-1,91,-81.876182,36.316075
37189,Watauga County,37189-1-1,92,-81.879382,36.313767
37189,Watauga County,37189-1-1,93,-81.887243,36.309193
37189,Watauga County,37189-1-1,94,-81.894569,36.307183
37189,Watauga County,37189-1-1,95,-81.897701,36.307446
37189,Watauga County,37189-1-1,96,-81.908137,36.302013
37191,Wayne County,37191-1-1,1,-78.289711,35.315077
37191,Wayne County,37191-1-1,2,-78.306580,35.287604
37191,Wayne County,37191-1-1,3,-78.257213,35.237154
37191,Wayne County,37191-1-1,4,-78.245021,35.225951
37191,Wayne County,37191-1-1,5,-78.161845,35.204323
37191,Wayne County,37191-1-1,6,-78.163420,35.189716
37191,Wayne County,37191-1-1,7,-78.144499,35.186509
37191,Wayne County,37191-1-1,8,-78.084645,35.176366
37191,Wayne County,37191-1-1,9,-78.068616,35.179784
37191,Wayne County,37191-1-1,10,-78.052113,35.188416
37191,Wayne County,37191-1-1,11,-78.021001,35.193918
37191,Wayne County,37191-1-1,12,-78.017662,35.191352
37191,Wayne County,37191-1-1,13,-77.983992,35.183569
37191,Wayne County,37191-1-1,14,-77.980652,35.178364
37191,Wayne County,37191-1-1,15,-77.970598,35.166115
37191,Wayne County,37191-1-1,16,-77.925430,35.172783
37191,Wayne County,37191-1-1,17,-77.897101,35.148378
37191,Wayne County,37191-1-1,18,-77.891689,35.146618
37191,Wayne County,37191-1-1,19,-77.893030,35.156289
37191,Wayne County,37191-1-1,20,-77.834249,35.177846
37191,Wayne County,37191-1-1,21,-77.831086,35.230206
37191,Wayne County,37191-1-1,22,-77.830886,35.233455
37191,Wayne County,37191-1-1,23,-77.824979,35.330669
37191,Wayne County,37191-1-1,24,-77.818047,35.357435
37191,Wayne County,37191-1-1,25,-77.806248,35.368754
37191,Wayne County,37191-1-1,26,-77.799958,35.382814
37191,Wayne County,37191-1-1,27,-77.805536,35.407504
37191,Wayne County,37191-1-1,28,-77.815663,35.414288
37191,Wayne County,37191-1-1,29,-77.826744,35.424090
37191,Wayne County,37191-1-1,30,-77.825344,35.477506
37191,Wayne County,37191-1-1,31,-77.822511,35.585383
37191,Wayne County,37191-1-1,32,-77.826009,35.586454
37191,Wayne County,37191-1-1,33,-77.877966,35.586223
37191,Wayne County,37191-1-1,34,-77.953906,35.585843
37191,Wayne County,37191-1-1,35,-77.975953,35.585722
37191,Wayne County,37191-1-1,36,-77.998348,35.585597
37191,Wayne County,37191-1-1,37,-78.048572,35.595877
37191,Wayne County,37191-1-1,38,-78.058006,35.597806
37191,Wayne County,37191-1-1,39,-78.064784,35.585263
37191,Wayne County,37191-1-1,40,-78.079668,35.557694
37191,Wayne County,37191-1-1,41,-78.100275,35.519254
37191,Wayne County,37191-1-1,42,-78.105055,35.510437
37191,Wayne County,37191-1-1,43,-78.124808,35.473552
37191,Wayne County,37191-1-1,44,-78.134877,35.454693
37191,Wayne County,37191-1-1,45,-78.154910,35.417810
37191,Wayne County,37191-1-1,46,-78.154580,35.411176
37191,Wayne County,37191-1-1,47,-78.144202,35.386894
37191,Wayne County,37191-1-1,48,-78.162443,35.367227
37191,Wayne County,37191-1-1,49,-78.159910,35.356544
37191,Wayne County,37191-1-1,50,-78.153243,35.350671
37191,Wayne County,37191-1-1,51,-78.158789,35.347488
37191,Wayne County,37191-1-1,52,-78.173204,35.347131
37191,Wayne County,37191-1-1,53,-78.215478,35.341527
37191,Wayne County,37191-1-1,54,-78.215671,35.333457
37191,Wayne County,37191-1-1,55,-78.242630,35.319799
37191,Wayne County,37191-1-1,56,-78.256751,35.325579
37191,Wayne County,37191-1-1,57,-78.289711,35.315077
37193,Wilkes County,37193-1-1,1,-81.545488,36.117475
37193,Wilkes County,37193-1-1,2,-81.508413,36.096977
37193,Wilkes County,37193-1-1,3,-81.458782,36.091382
37193,Wilkes County,37193-1-1,4,-81.444964,36.072513
37193,Wilkes County,37193-1-1,5,-81.424141,36.077801
37193,Wilkes County,37193-1-1,6,-81.406780,36.068539
37193,Wilkes County,37193-1-1,7,-81.399101,36.064250
37193,Wilkes County,37193-1-1,8,-81.396487,36.040885
37193,Wilkes County,37193-1-1,9,-81.380556,36.042097
37193,Wilkes County,37193-1-1,10,-81.343523,36.022805
37193,Wilkes County,37193-1-1,11,-81.328324,35.996583
37193,Wilkes County,37193-1-1,12,-81.301418,36.004291
37193,Wilkes County,37193-1-1,13,-81.268451,36.024983
37193,Wilkes County,37193-1-1,14,-81.184933,36.035003
37193,Wilkes County,37193-1-1,15,-81.170813,36.025469
37193,Wilkes County,37193-1-1,16,-81.145832,36.033760
37193,Wilkes County,37193-1-1,17,-81.108480,36.037140
37193,Wilkes County,37193-1-1,18,-81.098132,36.028177
37193,Wilkes County,37193-1-1,19,-81.057543,36.031572
37193,Wilkes County,37193-1-1,20,-81.028833,36.045652
37193,Wilkes County,37193-1-1,21,-80.975675,36.058810
37193,Wilkes County,37193-1-1,22,-80.881591,36.055718
37193,Wilkes County,37193-1-1,23,-80.878807,36.120025
37193,Wilkes County,37193-1-1,24,-80.876595,36.160851
37193,Wilkes County,37193-1-1,25,-80.873205,36.236305
37193,Wilkes County,37193-1-1,26,-80.873198,36.236414
37193,Wilkes County,37193-1-1,27,-80.868746,36.326447
37193,Wilkes County,37193-1-1,28,-80.876752,36.333526
37193,Wilkes County,37193-1-1,29,-80.890797,36.339909
37193,Wilkes County,37193-1-1,30,-80.905784,36.361099
37193,Wilkes County,37193-1-1,31,-80.931386,36.366939
37193,Wilkes County,37193-1-1,32,-80.955777,36.384731
37193,Wilkes County,37193-1-1,33,-80.967153,36.402020
37193,Wilkes County,37193-1-1,34,-80.984196,36.387855
37193,Wilkes County,37193-1-1,35,-80.981310,36.376492
37193,Wilkes County,37193-1-1,36,-81.026688,36.373195
37193,Wilkes County,37193-1-1,37,-81.043865,36.398336
37193,Wilkes County,37193-1-1,38,-81.044272,36.411063
37193,Wilkes County,37193-1-1,39,-81.077794,36.417806
37193,Wilkes County,37193-1-1,40,-81.099022,36.439358
37193,Wilkes County,37193-1-1,41,-81.128398,36.425899
37193,Wilkes County,37193-1-1,42,-81.138242,36.412479
37193,Wilkes County,37193-1-1,43,-81.162956,36.432515
37193,Wilkes County,37193-1-1,44,-81.189256,36.399351
37193,Wilkes County,37193-1-1,45,-81.238045,36.370415
37193,Wilkes County,37193-1-1,46,-81.253552,36.366622
37193,Wilkes County,37193-1-1,47,-81.266018,36.361106
37193,Wilkes County,37193-1-1,48,-81.323639,36.376822
37193,Wilkes County,37193-1-1,49,-81.354301,36.355608
37193,Wilkes County,37193-1-1,50,-81.361574,36.313403
37193,Wilkes County,37193-1-1,51,-81.366667,36.285884
37193,Wilkes County,37193-1-1,52,-81.378643,36.277913
37193,Wilkes County,37193-1-1,53,-81.415853,36.292230
37193,Wilkes County,37193-1-1,54,-81.429724,36.266662
37193,Wilkes County,37193-1-1,55,-81.475227,36.253119
37193,Wilkes County,37193-1-1,56,-81.477516,36.240250
37193,Wilkes County,37193-1-1,57,-81.465696,36.227098
37193,Wilkes County,37193-1-1,58,-81.462071,36.208692
37193,Wilkes County,37193-1-1,59,-81.455792,36.200441
37193,Wilkes County,37193-1-1,60,-81.500402,36.142512
37193,Wilkes County,37193-1-1,61,-81.545488,36.117475
37195,Wilson County,37195-1-1,1,-78.192117,35.730545
37195,Wilson County,37195-1-1,2,-78.189570,35.730114
37195,Wilson County,37195-1-1,3,-78.167831,35.713305
37195,Wilson County,37195-1-1,4,-78.162194,35.713186
37195,Wilson County,37195-1-1,5,-78.160312,35.711018
37195,Wilson County,37195-1-1,6,-78.152008,35.670934
37195,Wilson County,37195-1-1,7,-78.147867,35.660319
37195,Wilson County,37195-1-1,8,-78.125587,35.603111
37195,Wilson County,37195-1-1,9,-78.064784,35.585263
37195,Wilson County,37195-1-1,10,-78.058006,35.597806
37195,Wilson County,37195-1-1,11,-78.048572,35.595877
37195,Wilson County,37195-1-1,12,-77.998348,35.585597
37195,Wilson County,37195-1-1,13,-77.975953,35.585722
37195,Wilson County,37195-1-1,14,-77.953906,35.585843
37195,Wilson County,37195-1-1,15,-77.877966,35.586223
37195,Wilson County,37195-1-1,16,-77.826009,35.586454
37195,Wilson County,37195-1-1,17,-77.822511,35.585383
37195,Wilson County,37195-1-1,18,-77.806230,35.583474
37195,Wilson County,37195-1-1,19,-77.801777,35.586205
37195,Wilson County,37195-1-1,20,-77.700692,35.652295
37195,Wilson County,37195-1-1,21,-77.670255,35.672203
37195,Wilson County,37195-1-1,22,-77.665131,35.674935
37195,Wilson County,37195-1-1,23,-77.674837,35.689104
37195,Wilson County,37195-1-1,24,-77.719285,35.731198
37195,Wilson County,37195-1-1,25,-77.738230,35.783964
37195,Wilson County,37195-1-1,26,-77.751339,35.827794
37195,Wilson County,37195-1-1,27,-77.828444,35.867208
37195,Wilson County,37195-1-1,28,-77.844737,35.837618
37195,Wilson County,37195-1-1,29,-77.853453,35.843983
37195,Wilson County,37195-1-1,30,-77.873867,35.849731
37195,Wilson County,37195-1-1,31,-77.897358,35.843853
37195,Wilson County,37195-1-1,32,-77.915657,35.836450
37195,Wilson County,37195-1-1,33,-77.987446,35.807355
37195,Wilson County,37195-1-1,34,-77.990730,35.806034
37195,Wilson County,37195-1-1,35,-78.022703,35.793370
37195,Wilson County,37195-1-1,36,-78.048034,35.783692
37195,Wilson County,37195-1-1,37,-78.117223,35.757178
37195,Wilson County,37195-1-1,38,-78.147209,35.745769
37195,Wilson County,37195-1-1,39,-78.163916,35.742065
37195,Wilson County,37195-1-1,40,-78.181972,35.737956
37195,Wilson County,37195-1-1,41,-78.192117,35.730545
37197,Yadkin County,37197-1-1,1,-80.878807,36.120025
37197,Yadkin County,37197-1-1,2,-80.881591,36.055718
37197,Yadkin County,37197-1-1,3,-80.822860,36.054390
37197,Yadkin County,37197-1-1,4,-80.803270,36.053926
37197,Yadkin County,37197-1-1,5,-80.693197,36.051260
37197,Yadkin County,37197-1-1,6,-80.680372,36.050728
37197,Yadkin County,37197-1-1,7,-80.598372,36.047743
37197,Yadkin County,37197-1-1,8,-80.496283,36.046545
37197,Yadkin County,37197-1-1,9,-80.508545,36.057954
37197,Yadkin County,37197-1-1,10,-80.516682,36.084048
37197,Yadkin County,37197-1-1,11,-80.508143,36.103391
37197,Yadkin County,37197-1-1,12,-80.507291,36.107840
37197,Yadkin County,37197-1-1,13,-80.464891,36.117566
37197,Yadkin County,37197-1-1,14,-80.445273,36.133005
37197,Yadkin County,37197-1-1,15,-80.436881,36.168465
37197,Yadkin County,37197-1-1,16,-80.445483,36.210412
37197,Yadkin County,37197-1-1,17,-80.432257,36.216175
37197,Yadkin County,37197-1-1,18,-80.437419,36.229824
37197,Yadkin County,37197-1-1,19,-80.452656,36.241651
37197,Yadkin County,37197-1-1,20,-80.466728,36.259820
37197,Yadkin County,37197-1-1,21,-80.482504,36.256125
37197,Yadkin County,37197-1-1,22,-80.534177,36.258505
37197,Yadkin County,37197-1-1,23,-80.537779,36.280844
37197,Yadkin County,37197-1-1,24,-80.548004,36.285419
37197,Yadkin County,37197-1-1,25,-80.593253,36.269845
37197,Yadkin County,37197-1-1,26,-80.629688,36.287538
37197,Yadkin County,37197-1-1,27,-80.628505,36.273033
37197,Yadkin County,37197-1-1,28,-80.642986,36.272649
37197,Yadkin County,37197-1-1,29,-80.648721,36.255983
37197,Yadkin County,37197-1-1,30,-80.669783,36.251035
37197,Yadkin County,37197-1-1,31,-80.692286,36.266852
37197,Yadkin County,37197-1-1,32,-80.733992,36.267528
37197,Yadkin County,37197-1-1,33,-80.737283,36.280363
37197,Yadkin County,37197-1-1,34,-80.751778,36.263379
37197,Yadkin County,37197-1-1,35,-80.769556,36.275119
37197,Yadkin County,37197-1-1,36,-80.778697,36.271770
37197,Yadkin County,37197-1-1,37,-80.779558,36.255897
37197,Yadkin County,37197-1-1,38,-80.797168,36.247959
37197,Yadkin County,37197-1-1,39,-80.821000,36.250231
37197,Yadkin County,37197-1-1,40,-80.868716,36.238714
37197,Yadkin County,37197-1-1,41,-80.873205,36.236305
37197,Yadkin County,37197-1-1,42,-80.876595,36.160851
37197,Yadkin County,37197-1-1,43,-80.878807,36.120025
37199,Yancey County,37199-1-1,1,-82.505384,35.977680
37199,Yancey County,37199-1-1,2,-82.505454,35.977671
37199,Yancey County,37199-1-1,3,-82.496214,35.956644
37199,Yancey County,37199-1-1,4,-82.480322,35.949874
37199,Yancey County,37199-1-1,5,-82.498548,35.930193
37199,Yancey County,37199-1-1,6,-82.493312,35.908311
37199,Yancey County,37199-1-1,7,-82.474775,35.909245
37199,Yancey County,37199-1-1,8,-82.448661,35.896852
37199,Yancey County,37199-1-1,9,-82.417552,35.859363
37199,Yancey County,37199-1-1,10,-82.419636,35.843335
37199,Yancey County,37199-1-1,11,-82.408602,35.818178
37199,Yancey County,37199-1-1,12,-82.382045,35.823965
37199,Yancey County,37199-1-1,13,-82.368675,35.820090
37199,Yancey County,37199-1-1,14,-82.338295,35.801717
37199,Yancey County,37199-1-1,15,-82.346191,35.786179
37199,Yancey County,37199-1-1,16,-82.335054,35.749396
37199,Yancey County,37199-1-1,17,-82.313065,35.733603
37199,Yancey County,37199-1-1,18,-82.284733,35.725526
37199,Yancey County,37199-1-1,19,-82.279563,35.717808
37199,Yancey County,37199-1-1,20,-82.275399,35.704438
37199,Yancey County,37199-1-1,21,-82.257842,35.698852
37199,Yancey County,37199-1-1,22,-82.242765,35.712448
37199,Yancey County,37199-1-1,23,-82.193402,35.735314
37199,Yancey County,37199-1-1,24,-82.164594,35.770664
37199,Yancey County,37199-1-1,25,-82.167895,35.789138
37199,Yancey County,37199-1-1,26,-82.133484,35.823309
37199,Yancey County,37199-1-1,27,-82.148287,35.823024
37199,Yancey County,37199-1-1,28,-82.140292,35.842615
37199,Yancey County,37199-1-1,29,-82.146189,35.863440
37199,Yancey County,37199-1-1,30,-82.146879,35.901995
37199,Yancey County,37199-1-1,31,-82.143060,35.905176
37199,Yancey County,37199-1-1,32,-82.154804,35.914771
37199,Yancey County,37199-1-1,33,-82.148328,35.932861
37199,Yancey County,37199-1-1,34,-82.169724,35.928617
37199,Yancey County,37199-1-1,35,-82.197740,35.952672
37199,Yancey County,37199-1-1,36,-82.186312,35.960958
37199,Yancey County,37199-1-1,37,-82.198603,36.015800
37199,Yancey County,37199-1-1,38,-82.228772,36.013021
37199,Yancey County,37199-1-1,39,-82.253022,36.008000
37199,Yancey County,37199-1-1,40,-82.249455,35.989535
37199,Yancey County,37199-1-1,41,-82.273320,36.002935
37199,Yancey County,37199-1-1,42,-82.268070,36.016625
37199,Yancey County,37199-1-1,43,-82.300787,36.045816
37199,Yancey County,37199-1-1,44,-82.321015,36.026212
37199,Yancey County,37199-1-1,45,-82.323373,36.029097
37199,Yancey County,37199-1-1,46,-82.338201,36.030088
37199,Yancey County,37199-1-1,47,-82.336448,36.052711
37199,Yancey County,37199-1-1,48,-82.351672,36.084334
37199,Yancey County,37199-1-1,49,-82.380081,36.070740
37199,Yancey County,37199-1-1,50,-82.399075,36.081918
37199,Yancey County,37199-1-1,51,-82.416660,36.072774
37199,Yancey County,37199-1-1,52,-82.460658,36.007809
37199,Yancey County,37199-1-1,53,-82.464558,36.006508
37199,Yancey County,37199-1-1,54,-82.474190,36.000108
37199,Yancey County,37199-1-1,55,-82.482292,35.997823
37199,Yancey County,37199-1-1,56,-82.483498,35.996284
37199,Yancey County,37199-1-1,57,-82.483666,35.993866
37199,Yancey County,37199-1-1,58,-82.484678,35.992849
37199,Yancey County,37199-1-1,59,-82.487411,35.991634
37199,Yancey County,37199-1-1,60,-82.487451,35.991557
37199,Yancey County,37199-1-1,61,-82.500206,35.982561
37199,Yancey County,37199-1-1,62,-82.505384,35.977680
