year,stateabbr,statedesc,locationname,locationid,measureid,measure,data_value_type,datavaluetypeid,data_value,low_confidence_limit,high_confidence_limit,totalpopulation,totalpop18plus,data_value_footnote_symbol,data_value_footnote
2022,AL,Alabama,Autauga,01001,DIABETES,Diagnosed diabetes among adults,Age-adjusted prevalence,AgeAdjPrv,11.3,9.8,12.9,59759,45878,,
2022,AL,Alabama,Autauga,01001,DIABETES,Diagnosed diabetes among adults,Crude prevalence,CrdPrv,13.0,11.3,14.9,59759,45878,,
2022,AL,Alabama,Baldwin,01003,DIABETES,Diagnosed diabetes among adults,Age-adjusted prevalence,AgeAdjPrv,10.2,8.9,11.7,246435,195167,,
2022,AL,Alabama,Baldwin,01003,DIABETES,Diagnosed diabetes among adults,Crude prevalence,CrdPrv,13.1,11.4,14.9,246435,195167,,
2022,AL,Alabama,Barbour,01005,DIABETES,Diagnosed diabetes among adults,Age-adjusted prevalence,AgeAdjPrv,16.0,14.0,18.1,24706,19675,,
2022,AL,Alabama,Barbour,01005,DIABETES,Diagnosed diabetes among adults,Crude prevalence,CrdPrv,18.9,16.6,21.3,24706,19675,,
2022,AL,Alabama,Bibb,01007,DIABETES,Diagnosed diabetes among adults,Age-adjusted prevalence,AgeAdjPrv,13.3,11.6,15.1,22005,17660,,
2022,AL,Alabama,Bibb,01007,DIABETES,Diagnosed diabetes among adults,Crude prevalence,CrdPrv,15.1,13.2,17.2,22005,17660,,
2022,AL,Alabama,Blount,01009,DIABETES,Diagnosed diabetes among adults,Age-adjusted prevalence,AgeAdjPrv,11.6,10.0,13.2,59512,46000,,
2022,AL,Alabama,Blount,01009,DIABETES,Diagnosed diabetes among adults,Crude prevalence,CrdPrv,14.0,12.1,16.0,59512,46000,,
2022,AL,Alabama,Bullock,01011,DIABETES,Diagnosed diabetes among adults,Age-adjusted prevalence,AgeAdjPrv,19.9,17.6,22.4,10202,8049,,
2022,AL,Alabama,Bullock,01011,DIABETES,Diagnosed diabetes among adults,Crude prevalence,CrdPrv,22.4,19.8,25.1,10202,8049,,
2022,AL,Alabama,Butler,01013,DIABETES,Diagnosed diabetes among adults,Age-adjusted prevalence,AgeAdjPrv,14.8,12.9,16.8,18650,14473,,
2022,AL,Alabama,Butler,01013,DIABETES,Diagnosed diabetes among adults,Crude prevalence,CrdPrv,18.2,16.0,20.6,18650,14473,,
2022,AL,Alabama,Calhoun,01015,DIABETES,Diagnosed diabetes among adults,Age-adjusted prevalence,AgeAdjPrv,12.7,11.1,14.5,115788,91336,,
2022,AL,Alabama,Calhoun,01015,DIABETES,Diagnosed diabetes among adults,Crude prevalence,CrdPrv,14.5,12.6,16.5,115788,91336,,
2022,AL,Alabama,Chambers,01017,DIABETES,Diagnosed diabetes among adults,Age-adjusted prevalence,AgeAdjPrv,14.6,12.7,16.6,34088,27025,,
2022,AL,Alabama,Chambers,01017,DIABETES,Diagnosed diabetes among adults,Crude prevalence,CrdPrv,18.2,15.9,20.5,34088,27025,,
2022,AL,Alabama,Cherokee,01019,DIABETES,Diagnosed diabetes among adults,Age-adjusted prevalence,AgeAdjPrv,11.3,9.7,13.0,25302,20586,,
2022,AL,Alabama,Cherokee,01019,DIABETES,Diagnosed diabetes among adults,Crude prevalence,CrdPrv,15.2,13.2,17.4,25302,20586,,
2022,AL,Alabama,Chilton,01021,DIABETES,Diagnosed diabetes among adults,Age-adjusted prevalence,AgeAdjPrv,11.6,10.1,13.2,45884,35069,,
2022,AL,Alabama,Chilton,01021,DIABETES,Diagnosed diabetes among adults,Crude prevalence,CrdPrv,13.7,12.0,15.6,45884,35069,,
2022,AL,Alabama,Choctaw,01023,DIABETES,Diagnosed diabetes among adults,Age-adjusted prevalence,AgeAdjPrv,15.1,12.9,17.0,12439,9977,,
2022,AL,Alabama,Choctaw,01023,DIABETES,Diagnosed diabetes among adults,Crude prevalence,CrdPrv,20.3,17.6,22.7,12439,9977,,
2022,AL,Alabama,Clarke,01025,DIABETES,Diagnosed diabetes among adults,Age-adjusted prevalence,AgeAdjPrv,14.9,13.0,16.9,22515,17657,,
2022,AL,Alabama,Clarke,01025,DIABETES,Diagnosed diabetes among adults,Crude prevalence,CrdPrv,18.5,16.3,20.9,22515,17657,,
2022,AL,Alabama,Clay,01027,DIABETES,Diagnosed diabetes among adults,Age-adjusted prevalence,AgeAdjPrv,13.1,11.3,14.9,14198,11235,,
2022,AL,Alabama,Clay,01027,DIABETES,Diagnosed diabetes among adults,Crude prevalence,CrdPrv,16.6,14.5,18.9,14198,11235,,
2022,AL,Alabama,Cleburne,01029,DIABETES,Diagnosed diabetes among adults,Age-adjusted prevalence,AgeAdjPrv,12.2,10.6,14.0,15346,11832,,
2022,AL,Alabama,Cleburne,01029,DIABETES,Diagnosed diabetes among adults,Crude prevalence,CrdPrv,15.4,13.4,17.5,15346,11832,,
2022,AL,Alabama,Coffee,01031,DIABETES,Diagnosed diabetes among adults,Age-adjusted prevalence,AgeAdjPrv,11.8,10.2,13.3,54805,41812,,
2022,AL,Alabama,Coffee,01031,DIABETES,Diagnosed diabetes among adults,Crude prevalence,CrdPrv,13.6,11.9,15.4,54805,41812,,
2022,AL,Alabama,Colbert,01033,DIABETES,Diagnosed diabetes among adults,Age-adjusted prevalence,AgeAdjPrv,12.0,10.3,13.9,58033,45809,,
2022,AL,Alabama,Colbert,01033,DIABETES,Diagnosed diabetes among adults,Crude prevalence,CrdPrv,14.6,12.5,16.7,58033,45809,,
2022,AL,Alabama,Conecuh,01035,DIABETES,Diagnosed diabetes among adults,Age-adjusted prevalence,AgeAdjPrv,15.5,13.6,17.6,11206,8943,,
2022,AL,Alabama,Conecuh,01035,DIABETES,Diagnosed diabetes among adults,Crude prevalence,CrdPrv,20.4,18.0,23.0,11206,8943,,
2022,AL,Alabama,Coosa,01037,DIABETES,Diagnosed diabetes among adults,Age-adjusted prevalence,AgeAdjPrv,13.2,11.6,15.0,10166,8479,,
2022,AL,Alabama,Coosa,01037,DIABETES,Diagnosed diabetes among adults,Crude prevalence,CrdPrv,18.1,16.0,20.4,10166,8479,,
2022,AL,Alabama,Covington,01039,DIABETES,Diagnosed diabetes among adults,Age-adjusted prevalence,AgeAdjPrv,11.7,10.1,13.4,37602,29340,,
2022,AL,Alabama,Covington,01039,DIABETES,Diagnosed diabetes among adults,Crude prevalence,CrdPrv,14.6,12.7,16.6,37602,29340,,
2022,AL,Alabama,Crenshaw,01041,DIABETES,Diagnosed diabetes among adults,Age-adjusted prevalence,AgeAdjPrv,12.9,11.2,14.7,13025,10003,,
2022,AL,Alabama,Crenshaw,01041,DIABETES,Diagnosed diabetes among adults,Crude prevalence,CrdPrv,15.8,13.8,18.0,13025,10003,,
2022,AL,Alabama,Cullman,01043,DIABETES,Diagnosed diabetes among adults,Age-adjusted prevalence,AgeAdjPrv,11.6,10.0,13.3,90665,70581,,
2022,AL,Alabama,Cullman,01043,DIABETES,Diagnosed diabetes among adults,Crude prevalence,CrdPrv,14.1,12.2,16.1,90665,70581,,
2022,AL,Alabama,Dale,01045,DIABETES,Diagnosed diabetes among adults,Age-adjusted prevalence,AgeAdjPrv,13.5,11.8,15.4,49544,38039,,
2022,AL,Alabama,Dale,01045,DIABETES,Diagnosed diabetes among adults,Crude prevalence,CrdPrv,15.6,13.6,17.7,49544,38039,,
2022,AL,Alabama,Dallas,01047,DIABETES,Diagnosed diabetes among adults,Age-adjusted prevalence,AgeAdjPrv,17.5,15.4,19.8,36767,28171,,
2022,AL,Alabama,Dallas,01047,DIABETES,Diagnosed diabetes among adults,Crude prevalence,CrdPrv,21.4,18.9,24.0,36767,28171,,
2022,AL,Alabama,DeKalb,01049,DIABETES,Diagnosed diabetes among adults,Age-adjusted prevalence,AgeAdjPrv,13.8,12.0,15.7,71998,54954,,
2022,AL,Alabama,DeKalb,01049,DIABETES,Diagnosed diabetes among adults,Crude prevalence,CrdPrv,16.4,14.3,18.7,71998,54954,,
2022,AL,Alabama,Elmore,01051,DIABETES,Diagnosed diabetes among adults,Age-adjusted prevalence,AgeAdjPrv,11.4,9.9,13.2,89563,70369,,
2022,AL,Alabama,Elmore,01051,DIABETES,Diagnosed diabetes among adults,Crude prevalence,CrdPrv,12.9,11.3,14.8,89563,70369,,
2022,AL,Alabama,Escambia,01053,DIABETES,Diagnosed diabetes among adults,Age-adjusted prevalence,AgeAdjPrv,15.0,13.1,17.1,36666,28378,,
2022,AL,Alabama,Escambia,01053,DIABETES,Diagnosed diabetes among adults,Crude prevalence,CrdPrv,17.6,15.4,19.9,36666,28378,,
2022,AL,Alabama,Etowah,01055,DIABETES,Diagnosed diabetes among adults,Age-adjusted prevalence,AgeAdjPrv,12.6,11.0,14.4,103088,81013,,
2022,AL,Alabama,Etowah,01055,DIABETES,Diagnosed diabetes among adults,Crude prevalence,CrdPrv,15.4,13.5,17.5,103088,81013,,
2022,AL,Alabama,Fayette,01057,DIABETES,Diagnosed diabetes among adults,Age-adjusted prevalence,AgeAdjPrv,13.2,11.4,15.0,16118,12706,,
2022,AL,Alabama,Fayette,01057,DIABETES,Diagnosed diabetes among adults,Crude prevalence,CrdPrv,16.6,14.5,18.9,16118,12706,,
2022,AL,Alabama,Franklin,01059,DIABETES,Diagnosed diabetes among adults,Age-adjusted prevalence,AgeAdjPrv,13.5,11.8,15.4,31932,24099,,
2022,AL,Alabama,Franklin,01059,DIABETES,Diagnosed diabetes among adults,Crude prevalence,CrdPrv,15.8,13.8,18.0,31932,24099,,
2022,AL,Alabama,Geneva,01061,DIABETES,Diagnosed diabetes among adults,Age-adjusted prevalence,AgeAdjPrv,12.5,10.8,14.3,26783,20925,,
2022,AL,Alabama,Geneva,01061,DIABETES,Diagnosed diabetes among adults,Crude prevalence,CrdPrv,15.9,13.9,18.2,26783,20925,,
2022,AL,Alabama,Greene,01063,DIABETES,Diagnosed diabetes among adults,Age-adjusted prevalence,AgeAdjPrv,19.4,17.1,21.8,7422,5801,,
2022,AL,Alabama,Greene,01063,DIABETES,Diagnosed diabetes among adults,Crude prevalence,CrdPrv,24.9,22.0,27.7,7422,5801,,
2022,AL,Alabama,Hale,01065,DIABETES,Diagnosed diabetes among adults,Age-adjusted prevalence,AgeAdjPrv,15.6,13.6,17.6,14595,11112,,
2022,AL,Alabama,Hale,01065,DIABETES,Diagnosed diabetes among adults,Crude prevalence,CrdPrv,19.3,17.0,21.7,14595,11112,,
2022,AL,Alabama,Henry,01067,DIABETES,Diagnosed diabetes among adults,Age-adjusted prevalence,AgeAdjPrv,13.7,11.9,15.6,17655,14074,,
2022,AL,Alabama,Henry,01067,DIABETES,Diagnosed diabetes among adults,Crude prevalence,CrdPrv,17.8,15.5,20.2,17655,14074,,
2022,AL,Alabama,Houston,01069,DIABETES,Diagnosed diabetes among adults,Age-adjusted prevalence,AgeAdjPrv,13.0,11.3,14.9,108079,83692,,
2022,AL,Alabama,Houston,01069,DIABETES,Diagnosed diabetes among adults,Crude prevalence,CrdPrv,15.3,13.4,17.4,108079,83692,,
2022,AL,Alabama,Jackson,01071,DIABETES,Diagnosed diabetes among adults,Age-adjusted prevalence,AgeAdjPrv,12.4,10.7,14.3,52891,42087,,
2022,AL,Alabama,Jackson,01071,DIABETES,Diagnosed diabetes among adults,Crude prevalence,CrdPrv,15.6,13.5,17.9,52891,42087,,
2022,AL,Alabama,Jefferson,01073,DIABETES,Diagnosed diabetes among adults,Age-adjusted prevalence,AgeAdjPrv,12.9,11.4,14.5,665409,515688,,
2022,AL,Alabama,Jefferson,01073,DIABETES,Diagnosed diabetes among adults,Crude prevalence,CrdPrv,14.3,12.7,16.1,665409,515688,,
2022,AL,Alabama,Lamar,01075,DIABETES,Diagnosed diabetes among adults,Age-adjusted prevalence,AgeAdjPrv,12.0,10.3,13.7,13705,10722,,
2022,AL,Alabama,Lamar,01075,DIABETES,Diagnosed diabetes among adults,Crude prevalence,CrdPrv,15.7,13.6,17.8,13705,10722,,
2022,AL,Alabama,Lauderdale,01077,DIABETES,Diagnosed diabetes among adults,Age-adjusted prevalence,AgeAdjPrv,10.8,9.3,12.5,95878,77472,,
2022,AL,Alabama,Lauderdale,01077,DIABETES,Diagnosed diabetes among adults,Crude prevalence,CrdPrv,12.7,11.0,14.5,95878,77472,,
2022,AL,Alabama,Lawrence,01079,DIABETES,Diagnosed diabetes among adults,Age-adjusted prevalence,AgeAdjPrv,13.1,11.4,14.9,33214,26022,,
2022,AL,Alabama,Lawrence,01079,DIABETES,Diagnosed diabetes among adults,Crude prevalence,CrdPrv,16.1,14.0,18.3,33214,26022,,
2022,AL,Alabama,Lee,01081,DIABETES,Diagnosed diabetes among adults,Age-adjusted prevalence,AgeAdjPrv,11.9,10.3,13.4,180773,143546,,
2022,AL,Alabama,Lee,01081,DIABETES,Diagnosed diabetes among adults,Crude prevalence,CrdPrv,11.5,10.0,13.0,180773,143546,,
2022,AL,Alabama,Limestone,01083,DIABETES,Diagnosed diabetes among adults,Age-adjusted prevalence,AgeAdjPrv,11.2,9.7,12.8,110900,86794,,
2022,AL,Alabama,Limestone,01083,DIABETES,Diagnosed diabetes among adults,Crude prevalence,CrdPrv,12.8,11.2,14.6,110900,86794,,
2022,AL,Alabama,Lowndes,01085,DIABETES,Diagnosed diabetes among adults,Age-adjusted prevalence,AgeAdjPrv,18.4,16.0,20.7,9777,7650,,
2022,AL,Alabama,Lowndes,01085,DIABETES,Diagnosed diabetes among adults,Crude prevalence,CrdPrv,22.7,20.0,25.4,9777,7650,,
2022,AL,Alabama,Macon,01087,DIABETES,Diagnosed diabetes among adults,Age-adjusted prevalence,AgeAdjPrv,17.7,15.6,19.9,18516,15413,,
2022,AL,Alabama,Macon,01087,DIABETES,Diagnosed diabetes among adults,Crude prevalence,CrdPrv,20.2,17.9,22.5,18516,15413,,
2022,AL,Alabama,Madison,01089,DIABETES,Diagnosed diabetes among adults,Age-adjusted prevalence,AgeAdjPrv,11.0,9.6,12.6,403565,317999,,
2022,AL,Alabama,Madison,01089,DIABETES,Diagnosed diabetes among adults,Crude prevalence,CrdPrv,12.1,10.5,13.7,403565,317999,,
2022,AL,Alabama,Marengo,01091,DIABETES,Diagnosed diabetes among adults,Age-adjusted prevalence,AgeAdjPrv,15.4,13.5,17.5,18745,14573,,
2022,AL,Alabama,Marengo,01091,DIABETES,Diagnosed diabetes among adults,Crude prevalence,CrdPrv,19.1,16.9,21.6,18745,14573,,
2022,AL,Alabama,Marion,01093,DIABETES,Diagnosed diabetes among adults,Age-adjusted prevalence,AgeAdjPrv,12.4,10.7,14.2,29156,23044,,
2022,AL,Alabama,Marion,01093,DIABETES,Diagnosed diabetes among adults,Crude prevalence,CrdPrv,15.9,13.8,18.1,29156,23044,,
2022,AL,Alabama,Marshall,01095,DIABETES,Diagnosed diabetes among adults,Age-adjusted prevalence,AgeAdjPrv,11.4,9.9,13.1,99423,74082,,
2022,AL,Alabama,Marshall,01095,DIABETES,Diagnosed diabetes among adults,Crude prevalence,CrdPrv,13.3,11.6,15.1,99423,74082,,
2022,AL,Alabama,Mobile,01097,DIABETES,Diagnosed diabetes among adults,Age-adjusted prevalence,AgeAdjPrv,13.5,12.0,15.2,411411,316433,,
2022,AL,Alabama,Mobile,01097,DIABETES,Diagnosed diabetes among adults,Crude prevalence,CrdPrv,15.4,13.8,17.3,411411,316433,,
2022,AL,Alabama,Monroe,01099,DIABETES,Diagnosed diabetes among adults,Age-adjusted prevalence,AgeAdjPrv,15.2,13.2,17.4,19404,15344,,
2022,AL,Alabama,Monroe,01099,DIABETES,Diagnosed diabetes among adults,Crude prevalence,CrdPrv,19.0,16.6,21.6,19404,15344,,
2022,AL,Alabama,Montgomery,01101,DIABETES,Diagnosed diabetes among adults,Age-adjusted prevalence,AgeAdjPrv,15.7,13.9,17.8,226361,172697,,
2022,AL,Alabama,Montgomery,01101,DIABETES,Diagnosed diabetes among adults,Crude prevalence,CrdPrv,17.1,15.2,19.4,226361,172697,,
2022,AL,Alabama,Morgan,01103,DIABETES,Diagnosed diabetes among adults,Age-adjusted prevalence,AgeAdjPrv,12.9,11.2,14.6,124211,95875,,
2022,AL,Alabama,Morgan,01103,DIABETES,Diagnosed diabetes among adults,Crude prevalence,CrdPrv,15.3,13.4,17.3,124211,95875,,
2022,AL,Alabama,Perry,01105,DIABETES,Diagnosed diabetes among adults,Age-adjusted prevalence,AgeAdjPrv,18.9,16.6,21.5,8035,6354,,
2022,AL,Alabama,Perry,01105,DIABETES,Diagnosed diabetes among adults,Crude prevalence,CrdPrv,22.0,19.5,24.8,8035,6354,,
2022,AL,Alabama,Pickens,01107,DIABETES,Diagnosed diabetes among adults,Age-adjusted prevalence,AgeAdjPrv,14.5,12.7,16.5,18697,15176,,
2022,AL,Alabama,Pickens,01107,DIABETES,Diagnosed diabetes among adults,Crude prevalence,CrdPrv,17.2,15.1,19.4,18697,15176,,
2022,AL,Alabama,Pike,01109,DIABETES,Diagnosed diabetes among adults,Age-adjusted prevalence,AgeAdjPrv,13.7,12.0,15.6,33014,26725,,
2022,AL,Alabama,Pike,01109,DIABETES,Diagnosed diabetes among adults,Crude prevalence,CrdPrv,13.1,11.5,15.0,33014,26725,,
2022,AL,Alabama,Randolph,01111,DIABETES,Diagnosed diabetes among adults,Age-adjusted prevalence,AgeAdjPrv,13.0,11.2,14.9,22479,17785,,
2022,AL,Alabama,Randolph,01111,DIABETES,Diagnosed diabetes among adults,Crude prevalence,CrdPrv,16.2,14.1,18.5,22479,17785,,
2022,AL,Alabama,Russell,01113,DIABETES,Diagnosed diabetes among adults,Age-adjusted prevalence,AgeAdjPrv,15.8,13.8,17.9,58555,44348,,
2022,AL,Alabama,Russell,01113,DIABETES,Diagnosed diabetes among adults,Crude prevalence,CrdPrv,17.5,15.4,19.9,58555,44348,,
2022,AL,Alabama,St. Clair,01115,DIABETES,Diagnosed diabetes among adults,Age-adjusted prevalence,AgeAdjPrv,10.6,9.1,12.2,93932,73225,,
2022,AL,Alabama,St. Clair,01115,DIABETES,Diagnosed diabetes among adults,Crude prevalence,CrdPrv,12.6,10.9,14.5,93932,73225,,
2022,AL,Alabama,Shelby,01117,DIABETES,Diagnosed diabetes among adults,Age-adjusted prevalence,AgeAdjPrv,9.5,8.2,11.0,230115,179068,,
2022,AL,Alabama,Shelby,01117,DIABETES,Diagnosed diabetes among adults,Crude prevalence,CrdPrv,10.9,9.5,12.5,230115,179068,,
2022,AL,Alabama,Sumter,01119,DIABETES,Diagnosed diabetes among adults,Age-adjusted prevalence,AgeAdjPrv,17.6,15.5,19.9,11853,9573,,
2022,AL,Alabama,Sumter,01119,DIABETES,Diagnosed diabetes among adults,Crude prevalence,CrdPrv,18.7,16.4,20.9,11853,9573,,
2022,AL,Alabama,Talladega,01121,DIABETES,Diagnosed diabetes among adults,Age-adjusted prevalence,AgeAdjPrv,14.1,12.3,16.0,80704,64258,,
2022,AL,Alabama,Talladega,01121,DIABETES,Diagnosed diabetes among adults,Crude prevalence,CrdPrv,16.9,14.9,19.1,80704,64258,,
2022,AL,Alabama,Tallapoosa,01123,DIABETES,Diagnosed diabetes among adults,Age-adjusted prevalence,AgeAdjPrv,12.9,11.2,14.7,40977,32936,,
2022,AL,Alabama,Tallapoosa,01123,DIABETES,Diagnosed diabetes among adults,Crude prevalence,CrdPrv,16.9,14.8,19.1,40977,32936,,
2022,AL,Alabama,Tuscaloosa,01125,DIABETES,Diagnosed diabetes among adults,Age-adjusted prevalence,AgeAdjPrv,12.8,11.1,14.4,236780,189291,,
2022,AL,Alabama,Tuscaloosa,01125,DIABETES,Diagnosed diabetes among adults,Crude prevalence,CrdPrv,12.2,10.7,13.8,236780,189291,,
2022,AL,Alabama,Walker,01127,DIABETES,Diagnosed diabetes among adults,Age-adjusted prevalence,AgeAdjPrv,12.8,11.1,14.5,64339,49952,,
2022,AL,Alabama,Walker,01127,DIABETES,Diagnosed diabetes among adults,Crude prevalence,CrdPrv,15.8,13.8,17.9,64339,49952,,
2022,AL,Alabama,Washington,01129,DIABETES,Diagnosed diabetes among adults,Age-adjusted prevalence,AgeAdjPrv,13.8,12.1,15.8,15122,11883,,
2022,AL,Alabama,Washington,01129,DIABETES,Diagnosed diabetes among adults,Crude prevalence,CrdPrv,17.4,15.3,19.8,15122,11883,,
2022,AL,Alabama,Wilcox,01131,DIABETES,Diagnosed diabetes among adults,Age-adjusted prevalence,AgeAdjPrv,18.8,16.5,21.3,10059,7838,,
2022,AL,Alabama,Wilcox,01131,DIABETES,Diagnosed diabetes among adults,Crude prevalence,CrdPrv,23.1,20.5,26.0,10059,7838,,
2022,AL,Alabama,Winston,01133,DIABETES,Diagnosed diabetes among adults,Age-adjusted prevalence,AgeAdjPrv,11.9,10.3,13.7,23755,18962,,
2022,AL,Alabama,Winston,01133,DIABETES,Diagnosed diabetes among adults,Crude prevalence,CrdPrv,15.5,13.5,17.8,23755,18962,,
2022,AK,Alaska,Aleutians East,02013,DIABETES,Diagnosed diabetes among adults,Age-adjusted prevalence,AgeAdjPrv,12.6,10.9,14.4,3398,3204,,
2022,AK,Alaska,Aleutians East,02013,DIABETES,Diagnosed diabetes among adults,Crude prevalence,CrdPrv,12.8,11.1,14.6,3398,3204,,
2022,AK,Alaska,Aleutians West,02016,DIABETES,Diagnosed diabetes among adults,Age-adjusted prevalence,AgeAdjPrv,11.2,9.8,13.0,5122,4630,,
2022,AK,Alaska,Aleutians West,02016,DIABETES,Diagnosed diabetes among adults,Crude prevalence,CrdPrv,10.7,9.4,12.5,5122,4630,,
2022,AK,Alaska,Anchorage,02020,DIABETES,Diagnosed diabetes among adults,Age-adjusted prevalence,AgeAdjPrv,7.9,7.0,8.9,287145,219637,,
2022,AK,Alaska,Anchorage,02020,DIABETES,Diagnosed diabetes among adults,Crude prevalence,CrdPrv,8.0,7.0,9.0,287145,219637,,
2022,AK,Alaska,Bethel,02050,DIABETES,Diagnosed diabetes among adults,Age-adjusted prevalence,AgeAdjPrv,14.3,12.6,16.2,18257,11844,,
2022,AK,Alaska,Bethel,02050,DIABETES,Diagnosed diabetes among adults,Crude prevalence,CrdPrv,13.3,11.6,15.0,18257,11844,,
2022,AK,Alaska,Bristol Bay,02060,DIABETES,Diagnosed diabetes among adults,Age-adjusted prevalence,AgeAdjPrv,9.1,7.9,10.5,865,680,,
2022,AK,Alaska,Bristol Bay,02060,DIABETES,Diagnosed diabetes among adults,Crude prevalence,CrdPrv,10.9,9.4,12.5,865,680,,
2022,AK,Alaska,Chugach,02063,DIABETES,Diagnosed diabetes among adults,Age-adjusted prevalence,AgeAdjPrv,7.8,6.7,9.1,6874,5338,,
2022,AK,Alaska,Chugach,02063,DIABETES,Diagnosed diabetes among adults,Crude prevalence,CrdPrv,9.2,7.9,10.7,6874,5338,,
2022,AK,Alaska,Copper River,02066,DIABETES,Diagnosed diabetes among adults,Age-adjusted prevalence,AgeAdjPrv,8.9,7.7,10.3,2589,1955,,
2022,AK,Alaska,Copper River,02066,DIABETES,Diagnosed diabetes among adults,Crude prevalence,CrdPrv,11.3,9.7,13.0,2589,1955,,
2022,AK,Alaska,Denali,02068,DIABETES,Diagnosed diabetes among adults,Age-adjusted prevalence,AgeAdjPrv,7.7,6.6,8.9,1585,1306,,
2022,AK,Alaska,Denali,02068,DIABETES,Diagnosed diabetes among adults,Crude prevalence,CrdPrv,8.4,7.2,9.7,1585,1306,,
2022,AK,Alaska,Dillingham,02070,DIABETES,Diagnosed diabetes among adults,Age-adjusted prevalence,AgeAdjPrv,12.7,11.0,14.5,4723,3253,,
2022,AK,Alaska,Dillingham,02070,DIABETES,Diagnosed diabetes among adults,Crude prevalence,CrdPrv,13.2,11.4,15.0,4723,3253,,
2022,AK,Alaska,Fairbanks North Star,02090,DIABETES,Diagnosed diabetes among adults,Age-adjusted prevalence,AgeAdjPrv,7.6,6.5,8.7,95356,73021,,
2022,AK,Alaska,Fairbanks North Star,02090,DIABETES,Diagnosed diabetes among adults,Crude prevalence,CrdPrv,7.2,6.2,8.3,95356,73021,,
2022,AK,Alaska,Haines,02100,DIABETES,Diagnosed diabetes among adults,Age-adjusted prevalence,AgeAdjPrv,7.3,6.3,8.5,2056,1705,,
2022,AK,Alaska,Haines,02100,DIABETES,Diagnosed diabetes among adults,Crude prevalence,CrdPrv,10.1,8.7,11.7,2056,1705,,
2022,AK,Alaska,Hoonah-Angoon,02105,DIABETES,Diagnosed diabetes among adults,Age-adjusted prevalence,AgeAdjPrv,10.0,8.6,11.6,2287,1905,,
2022,AK,Alaska,Hoonah-Angoon,02105,DIABETES,Diagnosed diabetes among adults,Crude prevalence,CrdPrv,14.1,12.2,16.3,2287,1905,,
2022,AK,Alaska,Juneau,02110,DIABETES,Diagnosed diabetes among adults,Age-adjusted prevalence,AgeAdjPrv,7.7,6.6,8.8,31685,25234,,
2022,AK,Alaska,Juneau,02110,DIABETES,Diagnosed diabetes among adults,Crude prevalence,CrdPrv,8.7,7.6,10.0,31685,25234,,
2022,AK,Alaska,Kenai Peninsula,02122,DIABETES,Diagnosed diabetes among adults,Age-adjusted prevalence,AgeAdjPrv,7.9,6.8,8.9,60690,47342,,
2022,AK,Alaska,Kenai Peninsula,02122,DIABETES,Diagnosed diabetes among adults,Crude prevalence,CrdPrv,9.7,8.3,11.0,60690,47342,,
2022,AK,Alaska,Ketchikan Gateway,02130,DIABETES,Diagnosed diabetes among adults,Age-adjusted prevalence,AgeAdjPrv,8.5,7.4,9.8,13741,10954,,
2022,AK,Alaska,Ketchikan Gateway,02130,DIABETES,Diagnosed diabetes among adults,Crude prevalence,CrdPrv,9.9,8.6,11.4,13741,10954,,
2022,AK,Alaska,Kodiak Island,02150,DIABETES,Diagnosed diabetes among adults,Age-adjusted prevalence,AgeAdjPrv,9.3,7.9,10.7,12720,9749,,
2022,AK,Alaska,Kodiak Island,02150,DIABETES,Diagnosed diabetes among adults,Crude prevalence,CrdPrv,9.6,8.3,11.1,12720,9749,,
2022,AK,Alaska,Kusilvak,02158,DIABETES,Diagnosed diabetes among adults,Age-adjusted prevalence,AgeAdjPrv,17.6,15.4,19.9,8278,4793,,
2022,AK,Alaska,Kusilvak,02158,DIABETES,Diagnosed diabetes among adults,Crude prevalence,CrdPrv,15.6,13.6,17.7,8278,4793,,
2022,AK,Alaska,Lake and Peninsula,02164,DIABETES,Diagnosed diabetes among adults,Age-adjusted prevalence,AgeAdjPrv,11.8,10.2,13.4,1381,976,,
2022,AK,Alaska,Lake and Peninsula,02164,DIABETES,Diagnosed diabetes among adults,Crude prevalence,CrdPrv,13.3,11.5,15.1,1381,976,,
2022,AK,Alaska,Matanuska-Susitna,02170,DIABETES,Diagnosed diabetes among adults,Age-adjusted prevalence,AgeAdjPrv,8.6,7.5,9.8,113325,84362,,
2022,AK,Alaska,Matanuska-Susitna,02170,DIABETES,Diagnosed diabetes among adults,Crude prevalence,CrdPrv,9.3,8.2,10.6,113325,84362,,
2022,AK,Alaska,Nome,02180,DIABETES,Diagnosed diabetes among adults,Age-adjusted prevalence,AgeAdjPrv,13.7,11.9,15.7,9835,6518,,
2022,AK,Alaska,Nome,02180,DIABETES,Diagnosed diabetes among adults,Crude prevalence,CrdPrv,12.8,11.1,14.7,9835,6518,,
2022,AK,Alaska,North Slope,02185,DIABETES,Diagnosed diabetes among adults,Age-adjusted prevalence,AgeAdjPrv,10.7,9.2,12.3,10805,8035,,
2022,AK,Alaska,North Slope,02185,DIABETES,Diagnosed diabetes among adults,Crude prevalence,CrdPrv,10.4,9.0,12.0,10805,8035,,
2022,AK,Alaska,Northwest Arctic,02188,DIABETES,Diagnosed diabetes among adults,Age-adjusted prevalence,AgeAdjPrv,13.5,11.8,15.5,7423,4634,,
2022,AK,Alaska,Northwest Arctic,02188,DIABETES,Diagnosed diabetes among adults,Crude prevalence,CrdPrv,13.0,11.3,14.9,7423,4634,,
2022,AK,Alaska,Petersburg,02195,DIABETES,Diagnosed diabetes among adults,Age-adjusted prevalence,AgeAdjPrv,8.3,7.1,9.5,3360,2664,,
2022,AK,Alaska,Petersburg,02195,DIABETES,Diagnosed diabetes among adults,Crude prevalence,CrdPrv,10.4,8.9,11.9,3360,2664,,
2022,AK,Alaska,Prince of Wales-Hyder,02198,DIABETES,Diagnosed diabetes among adults,Age-adjusted prevalence,AgeAdjPrv,10.8,9.3,12.3,5650,4434,,
2022,AK,Alaska,Prince of Wales-Hyder,02198,DIABETES,Diagnosed diabetes among adults,Crude prevalence,CrdPrv,13.9,12.0,15.7,5650,4434,,
2022,AK,Alaska,Sitka,02220,DIABETES,Diagnosed diabetes among adults,Age-adjusted prevalence,AgeAdjPrv,8.4,7.2,9.6,8382,6754,,
2022,AK,Alaska,Sitka,02220,DIABETES,Diagnosed diabetes among adults,Crude prevalence,CrdPrv,9.7,8.4,11.2,8382,6754,,
2022,AK,Alaska,Skagway,02230,DIABETES,Diagnosed diabetes among adults,Age-adjusted prevalence,AgeAdjPrv,8.0,6.9,9.3,1081,924,,
2022,AK,Alaska,Skagway,02230,DIABETES,Diagnosed diabetes among adults,Crude prevalence,CrdPrv,9.4,8.0,10.8,1081,924,,
2022,AK,Alaska,Southeast Fairbanks,02240,DIABETES,Diagnosed diabetes among adults,Age-adjusted prevalence,AgeAdjPrv,9.2,7.9,10.5,7021,5207,,
2022,AK,Alaska,Southeast Fairbanks,02240,DIABETES,Diagnosed diabetes among adults,Crude prevalence,CrdPrv,10.3,8.9,11.7,7021,5207,,
2022,AK,Alaska,Wrangell,02275,DIABETES,Diagnosed diabetes among adults,Age-adjusted prevalence,AgeAdjPrv,8.8,7.6,10.2,2070,1682,,
2022,AK,Alaska,Wrangell,02275,DIABETES,Diagnosed diabetes among adults,Crude prevalence,CrdPrv,12.5,10.8,14.4,2070,1682,,
2022,AK,Alaska,Yakutat,02282,DIABETES,Diagnosed diabetes among adults,Age-adjusted prevalence,AgeAdjPrv,10.6,9.2,12.2,700,563,,
2022,AK,Alaska,Yakutat,02282,DIABETES,Diagnosed diabetes among adults,Crude prevalence,CrdPrv,13.2,11.5,15.2,700,563,,
2022,AK,Alaska,Yukon-Koyukuk,02290,DIABETES,Diagnosed diabetes among adults,Age-adjusted prevalence,AgeAdjPrv,13.4,11.6,15.3,5179,3757,,
2022,AK,Alaska,Yukon-Koyukuk,02290,DIABETES,Diagnosed diabetes among adults,Crude prevalence,CrdPrv,15.6,13.5,17.7,5179,3757,,
2022,AZ,Arizona,Apache,04001,DIABETES,Diagnosed diabetes among adults,Age-adjusted prevalence,AgeAdjPrv,17.9,16.0,19.8,65432,48388,,
2022,AZ,Arizona,Apache,04001,DIABETES,Diagnosed diabetes among adults,Crude prevalence,CrdPrv,20.1,18.0,22.2,65432,48388,,
2022,AZ,Arizona,Cochise,04003,DIABETES,Diagnosed diabetes among adults,Age-adjusted prevalence,AgeAdjPrv,10.8,9.5,12.3,125663,99550,,
2022,AZ,Arizona,Cochise,04003,DIABETES,Diagnosed diabetes among adults,Crude prevalence,CrdPrv,13.9,12.2,15.7,125663,99550,,
2022,AZ,Arizona,Coconino,04005,DIABETES,Diagnosed diabetes among adults,Age-adjusted prevalence,AgeAdjPrv,10.4,9.1,11.7,144060,116202,,
2022,AZ,Arizona,Coconino,04005,DIABETES,Diagnosed diabetes among adults,Crude prevalence,CrdPrv,9.9,8.7,11.1,144060,116202,,
2022,AZ,Arizona,Gila,04007,DIABETES,Diagnosed diabetes among adults,Age-adjusted prevalence,AgeAdjPrv,11.7,10.4,13.2,53922,43714,,
2022,AZ,Arizona,Gila,04007,DIABETES,Diagnosed diabetes among adults,Crude prevalence,CrdPrv,16.5,14.6,18.5,53922,43714,,
2022,AZ,Arizona,Graham,04009,DIABETES,Diagnosed diabetes among adults,Age-adjusted prevalence,AgeAdjPrv,12.5,10.8,14.3,38779,28375,,
2022,AZ,Arizona,Graham,04009,DIABETES,Diagnosed diabetes among adults,Crude prevalence,CrdPrv,12.9,11.2,14.8,38779,28375,,
2022,AZ,Arizona,Greenlee,04011,DIABETES,Diagnosed diabetes among adults,Age-adjusted prevalence,AgeAdjPrv,11.4,9.9,12.9,9302,6806,,
2022,AZ,Arizona,Greenlee,04011,DIABETES,Diagnosed diabetes among adults,Crude prevalence,CrdPrv,12.0,10.5,13.7,9302,6806,,
2022,AZ,Arizona,La Paz,04012,DIABETES,Diagnosed diabetes among adults,Age-adjusted prevalence,AgeAdjPrv,12.9,11.3,14.8,16506,13903,,
2022,AZ,Arizona,La Paz,04012,DIABETES,Diagnosed diabetes among adults,Crude prevalence,CrdPrv,19.7,17.3,22.3,16506,13903,,
2022,AZ,Arizona,Maricopa,04013,DIABETES,Diagnosed diabetes among adults,Age-adjusted prevalence,AgeAdjPrv,10.4,9.4,11.5,4551524,3532288,,
2022,AZ,Arizona,Maricopa,04013,DIABETES,Diagnosed diabetes among adults,Crude prevalence,CrdPrv,11.4,10.3,12.5,4551524,3532288,,
2022,AZ,Arizona,Mohave,04015,DIABETES,Diagnosed diabetes among adults,Age-adjusted prevalence,AgeAdjPrv,10.8,9.5,12.1,220816,185152,,
2022,AZ,Arizona,Mohave,04015,DIABETES,Diagnosed diabetes among adults,Crude prevalence,CrdPrv,15.7,13.9,17.5,220816,185152,,
2022,AZ,Arizona,Navajo,04017,DIABETES,Diagnosed diabetes among adults,Age-adjusted prevalence,AgeAdjPrv,13.3,11.7,14.7,108650,81314,,
2022,AZ,Arizona,Navajo,04017,DIABETES,Diagnosed diabetes among adults,Crude prevalence,CrdPrv,16.0,14.2,17.8,108650,81314,,
2022,AZ,Arizona,Pima,04019,DIABETES,Diagnosed diabetes among adults,Age-adjusted prevalence,AgeAdjPrv,10.3,9.1,11.5,1057597,850216,,
2022,AZ,Arizona,Pima,04019,DIABETES,Diagnosed diabetes among adults,Crude prevalence,CrdPrv,11.7,10.4,13.1,1057597,850216,,
2022,AZ,Arizona,Pinal,04021,DIABETES,Diagnosed diabetes among adults,Age-adjusted prevalence,AgeAdjPrv,11.8,10.5,13.2,464154,363401,,
2022,AZ,Arizona,Pinal,04021,DIABETES,Diagnosed diabetes among adults,Crude prevalence,CrdPrv,14.0,12.4,15.6,464154,363401,,
2022,AZ,Arizona,Santa Cruz,04023,DIABETES,Diagnosed diabetes among adults,Age-adjusted prevalence,AgeAdjPrv,14.6,12.7,16.7,48759,36389,,
2022,AZ,Arizona,Santa Cruz,04023,DIABETES,Diagnosed diabetes among adults,Crude prevalence,CrdPrv,16.9,14.8,19.1,48759,36389,,
2022,AZ,Arizona,Yavapai,04025,DIABETES,Diagnosed diabetes among adults,Age-adjusted prevalence,AgeAdjPrv,9.1,8.0,10.3,246191,208516,,
2022,AZ,Arizona,Yavapai,04025,DIABETES,Diagnosed diabetes among adults,Crude prevalence,CrdPrv,13.8,12.2,15.5,246191,208516,,
2022,AZ,Arizona,Yuma,04027,DIABETES,Diagnosed diabetes among adults,Age-adjusted prevalence,AgeAdjPrv,13.9,12.3,15.6,207842,155973,,
2022,AZ,Arizona,Yuma,04027,DIABETES,Diagnosed diabetes among adults,Crude prevalence,CrdPrv,15.5,13.7,17.3,207842,155973,,
2022,AR,Arkansas,Arkansas,05001,DIABETES,Diagnosed diabetes among adults,Age-adjusted prevalence,AgeAdjPrv,13.7,12.0,15.6,16512,12710,,
2022,AR,Arkansas,Arkansas,05001,DIABETES,Diagnosed diabetes among adults,Crude prevalence,CrdPrv,17.2,15.0,19.4,16512,12710,,
2022,AR,Arkansas,Ashley,05003,DIABETES,Diagnosed diabetes among adults,Age-adjusted prevalence,AgeAdjPrv,14.5,12.8,16.6,18354,14253,,
2022,AR,Arkansas,Ashley,05003,DIABETES,Diagnosed diabetes among adults,Crude prevalence,CrdPrv,18.6,16.4,21.1,18354,14253,,
2022,AR,Arkansas,Baxter,05005,DIABETES,Diagnosed diabetes among adults,Age-adjusted prevalence,AgeAdjPrv,11.6,10.0,13.2,42435,34886,,
2022,AR,Arkansas,Baxter,05005,DIABETES,Diagnosed diabetes among adults,Crude prevalence,CrdPrv,16.8,14.6,19.1,42435,34886,,
2022,AR,Arkansas,Benton,05007,DIABETES,Diagnosed diabetes among adults,Age-adjusted prevalence,AgeAdjPrv,11.0,9.6,12.5,302863,226571,,
2022,AR,Arkansas,Benton,05007,DIABETES,Diagnosed diabetes among adults,Crude prevalence,CrdPrv,11.4,10.0,13.0,302863,226571,,
2022,AR,Arkansas,Boone,05009,DIABETES,Diagnosed diabetes among adults,Age-adjusted prevalence,AgeAdjPrv,11.2,9.6,12.9,38284,29646,,
2022,AR,Arkansas,Boone,05009,DIABETES,Diagnosed diabetes among adults,Crude prevalence,CrdPrv,13.9,12.0,15.9,38284,29646,,
2022,AR,Arkansas,Bradley,05011,DIABETES,Diagnosed diabetes among adults,Age-adjusted prevalence,AgeAdjPrv,14.9,13.0,16.9,10135,7691,,
2022,AR,Arkansas,Bradley,05011,DIABETES,Diagnosed diabetes among adults,Crude prevalence,CrdPrv,18.1,15.8,20.4,10135,7691,,
2022,AR,Arkansas,Calhoun,05013,DIABETES,Diagnosed diabetes among adults,Age-adjusted prevalence,AgeAdjPrv,12.9,11.2,14.8,4695,3837,,
2022,AR,Arkansas,Calhoun,05013,DIABETES,Diagnosed diabetes among adults,Crude prevalence,CrdPrv,16.0,14.0,18.3,4695,3837,,
2022,AR,Arkansas,Carroll,05015,DIABETES,Diagnosed diabetes among adults,Age-adjusted prevalence,AgeAdjPrv,12.6,10.9,14.5,28742,22522,,
2022,AR,Arkansas,Carroll,05015,DIABETES,Diagnosed diabetes among adults,Crude prevalence,CrdPrv,16.5,14.4,18.8,28742,22522,,
2022,AR,Arkansas,Chicot,05017,DIABETES,Diagnosed diabetes among adults,Age-adjusted prevalence,AgeAdjPrv,17.4,15.2,19.6,9873,7738,,
2022,AR,Arkansas,Chicot,05017,DIABETES,Diagnosed diabetes among adults,Crude prevalence,CrdPrv,22.0,19.4,24.7,9873,7738,,
2022,AR,Arkansas,Clark,05019,DIABETES,Diagnosed diabetes among adults,Age-adjusted prevalence,AgeAdjPrv,14.3,12.5,16.2,21250,17009,,
2022,AR,Arkansas,Clark,05019,DIABETES,Diagnosed diabetes among adults,Crude prevalence,CrdPrv,14.1,12.4,16.0,21250,17009,,
2022,AR,Arkansas,Clay,05021,DIABETES,Diagnosed diabetes among adults,Age-adjusted prevalence,AgeAdjPrv,12.6,11.0,14.5,14265,11193,,
2022,AR,Arkansas,Clay,05021,DIABETES,Diagnosed diabetes among adults,Crude prevalence,CrdPrv,15.9,13.9,18.1,14265,11193,,
2022,AR,Arkansas,Cleburne,05023,DIABETES,Diagnosed diabetes among adults,Age-adjusted prevalence,AgeAdjPrv,11.7,10.1,13.4,25284,20610,,
2022,AR,Arkansas,Cleburne,05023,DIABETES,Diagnosed diabetes among adults,Crude prevalence,CrdPrv,16.0,14.0,18.2,25284,20610,,
2022,AR,Arkansas,Cleveland,05025,DIABETES,Diagnosed diabetes among adults,Age-adjusted prevalence,AgeAdjPrv,13.4,11.7,15.3,7467,5842,,
2022,AR,Arkansas,Cleveland,05025,DIABETES,Diagnosed diabetes among adults,Crude prevalence,CrdPrv,17.2,15.0,19.5,7467,5842,,
2022,AR,Arkansas,Columbia,05027,DIABETES,Diagnosed diabetes among adults,Age-adjusted prevalence,AgeAdjPrv,14.3,12.5,16.4,22216,17519,,
2022,AR,Arkansas,Columbia,05027,DIABETES,Diagnosed diabetes among adults,Crude prevalence,CrdPrv,15.1,13.2,17.2,22216,17519,,
2022,AR,Arkansas,Conway,05029,DIABETES,Diagnosed diabetes among adults,Age-adjusted prevalence,AgeAdjPrv,13.5,11.7,15.5,21046,16346,,
2022,AR,Arkansas,Conway,05029,DIABETES,Diagnosed diabetes among adults,Crude prevalence,CrdPrv,16.8,14.6,19.1,21046,16346,,
2022,AR,Arkansas,Craighead,05031,DIABETES,Diagnosed diabetes among adults,Age-adjusted prevalence,AgeAdjPrv,12.3,10.7,14.1,113017,84884,,
2022,AR,Arkansas,Craighead,05031,DIABETES,Diagnosed diabetes among adults,Crude prevalence,CrdPrv,12.7,11.1,14.6,113017,84884,,
2022,AR,Arkansas,Crawford,05033,DIABETES,Diagnosed diabetes among adults,Age-adjusted prevalence,AgeAdjPrv,12.5,10.8,14.2,61075,46441,,
2022,AR,Arkansas,Crawford,05033,DIABETES,Diagnosed diabetes among adults,Crude prevalence,CrdPrv,14.7,12.9,16.7,61075,46441,,
2022,AR,Arkansas,Crittenden,05035,DIABETES,Diagnosed diabetes among adults,Age-adjusted prevalence,AgeAdjPrv,15.8,13.9,17.9,47061,34396,,
2022,AR,Arkansas,Crittenden,05035,DIABETES,Diagnosed diabetes among adults,Crude prevalence,CrdPrv,17.4,15.4,19.6,47061,34396,,
2022,AR,Arkansas,Cross,05037,DIABETES,Diagnosed diabetes among adults,Age-adjusted prevalence,AgeAdjPrv,13.9,12.1,15.7,16601,12703,,
2022,AR,Arkansas,Cross,05037,DIABETES,Diagnosed diabetes among adults,Crude prevalence,CrdPrv,16.8,14.7,18.9,16601,12703,,
2022,AR,Arkansas,Dallas,05039,DIABETES,Diagnosed diabetes among adults,Age-adjusted prevalence,AgeAdjPrv,14.4,12.5,16.3,6191,4962,,
2022,AR,Arkansas,Dallas,05039,DIABETES,Diagnosed diabetes among adults,Crude prevalence,CrdPrv,19.1,16.7,21.5,6191,4962,,
2022,AR,Arkansas,Desha,05041,DIABETES,Diagnosed diabetes among adults,Age-adjusted prevalence,AgeAdjPrv,17.6,15.6,19.8,10771,8099,,
2022,AR,Arkansas,Desha,05041,DIABETES,Diagnosed diabetes among adults,Crude prevalence,CrdPrv,21.5,19.1,24.0,10771,8099,,
2022,AR,Arkansas,Drew,05043,DIABETES,Diagnosed diabetes among adults,Age-adjusted prevalence,AgeAdjPrv,13.7,11.9,15.7,16911,13179,,
2022,AR,Arkansas,Drew,05043,DIABETES,Diagnosed diabetes among adults,Crude prevalence,CrdPrv,15.3,13.4,17.5,16911,13179,,
2022,AR,Arkansas,Faulkner,05045,DIABETES,Diagnosed diabetes among adults,Age-adjusted prevalence,AgeAdjPrv,11.9,10.4,13.5,127665,99253,,
2022,AR,Arkansas,Faulkner,05045,DIABETES,Diagnosed diabetes among adults,Crude prevalence,CrdPrv,11.8,10.3,13.3,127665,99253,,
2022,AR,Arkansas,Franklin,05047,DIABETES,Diagnosed diabetes among adults,Age-adjusted prevalence,AgeAdjPrv,12.8,11.1,14.6,17271,13428,,
2022,AR,Arkansas,Franklin,05047,DIABETES,Diagnosed diabetes among adults,Crude prevalence,CrdPrv,15.8,13.7,18.1,17271,13428,,
2022,AR,Arkansas,Fulton,05049,DIABETES,Diagnosed diabetes among adults,Age-adjusted prevalence,AgeAdjPrv,13.7,11.8,15.5,12382,9746,,
2022,AR,Arkansas,Fulton,05049,DIABETES,Diagnosed diabetes among adults,Crude prevalence,CrdPrv,19.1,16.6,21.4,12382,9746,,
2022,AR,Arkansas,Garland,05051,DIABETES,Diagnosed diabetes among adults,Age-adjusted prevalence,AgeAdjPrv,11.5,10.0,13.1,100089,80594,,
2022,AR,Arkansas,Garland,05051,DIABETES,Diagnosed diabetes among adults,Crude prevalence,CrdPrv,15.3,13.4,17.4,100089,80594,,
2022,AR,Arkansas,Grant,05053,DIABETES,Diagnosed diabetes among adults,Age-adjusted prevalence,AgeAdjPrv,11.0,9.5,12.6,18160,14212,,
2022,AR,Arkansas,Grant,05053,DIABETES,Diagnosed diabetes among adults,Crude prevalence,CrdPrv,13.2,11.4,15.0,18160,14212,,
2022,AR,Arkansas,Greene,05055,DIABETES,Diagnosed diabetes among adults,Age-adjusted prevalence,AgeAdjPrv,12.6,11.0,14.4,46448,35423,,
2022,AR,Arkansas,Greene,05055,DIABETES,Diagnosed diabetes among adults,Crude prevalence,CrdPrv,14.3,12.6,16.3,46448,35423,,
2022,AR,Arkansas,Hempstead,05057,DIABETES,Diagnosed diabetes among adults,Age-adjusted prevalence,AgeAdjPrv,14.5,12.6,16.5,19453,14606,,
2022,AR,Arkansas,Hempstead,05057,DIABETES,Diagnosed diabetes among adults,Crude prevalence,CrdPrv,17.5,15.3,19.8,19453,14606,,
2022,AR,Arkansas,Hot Spring,05059,DIABETES,Diagnosed diabetes among adults,Age-adjusted prevalence,AgeAdjPrv,13.0,11.4,14.8,33203,26866,,
2022,AR,Arkansas,Hot Spring,05059,DIABETES,Diagnosed diabetes among adults,Crude prevalence,CrdPrv,15.6,13.8,17.6,33203,26866,,
2022,AR,Arkansas,Howard,05061,DIABETES,Diagnosed diabetes among adults,Age-adjusted prevalence,AgeAdjPrv,13.2,11.4,15.0,12557,9352,,
2022,AR,Arkansas,Howard,05061,DIABETES,Diagnosed diabetes among adults,Crude prevalence,CrdPrv,15.6,13.6,17.8,12557,9352,,
2022,AR,Arkansas,Independence,05063,DIABETES,Diagnosed diabetes among adults,Age-adjusted prevalence,AgeAdjPrv,12.6,10.9,14.3,37945,28806,,
2022,AR,Arkansas,Independence,05063,DIABETES,Diagnosed diabetes among adults,Crude prevalence,CrdPrv,14.8,12.9,16.7,37945,28806,,
2022,AR,Arkansas,Izard,05065,DIABETES,Diagnosed diabetes among adults,Age-adjusted prevalence,AgeAdjPrv,11.9,10.3,13.7,14048,11539,,
2022,AR,Arkansas,Izard,05065,DIABETES,Diagnosed diabetes among adults,Crude prevalence,CrdPrv,15.4,13.4,17.7,14048,11539,,
2022,AR,Arkansas,Jackson,05067,DIABETES,Diagnosed diabetes among adults,Age-adjusted prevalence,AgeAdjPrv,14.3,12.5,16.2,16624,13317,,
2022,AR,Arkansas,Jackson,05067,DIABETES,Diagnosed diabetes among adults,Crude prevalence,CrdPrv,16.1,14.2,18.2,16624,13317,,
2022,AR,Arkansas,Jefferson,05069,DIABETES,Diagnosed diabetes among adults,Age-adjusted prevalence,AgeAdjPrv,15.3,13.4,17.3,64246,50524,,
2022,AR,Arkansas,Jefferson,05069,DIABETES,Diagnosed diabetes among adults,Crude prevalence,CrdPrv,17.3,15.3,19.5,64246,50524,,
2022,AR,Arkansas,Johnson,05071,DIABETES,Diagnosed diabetes among adults,Age-adjusted prevalence,AgeAdjPrv,14.0,12.0,16.0,26001,19674,,
2022,AR,Arkansas,Johnson,05071,DIABETES,Diagnosed diabetes among adults,Crude prevalence,CrdPrv,16.3,14.1,18.5,26001,19674,,
2022,AR,Arkansas,Lafayette,05073,DIABETES,Diagnosed diabetes among adults,Age-adjusted prevalence,AgeAdjPrv,15.9,13.9,18.0,6101,4971,,
2022,AR,Arkansas,Lafayette,05073,DIABETES,Diagnosed diabetes among adults,Crude prevalence,CrdPrv,21.2,18.6,23.8,6101,4971,,
2022,AR,Arkansas,Lawrence,05075,DIABETES,Diagnosed diabetes among adults,Age-adjusted prevalence,AgeAdjPrv,13.1,11.4,14.9,16205,12618,,
2022,AR,Arkansas,Lawrence,05075,DIABETES,Diagnosed diabetes among adults,Crude prevalence,CrdPrv,15.6,13.5,17.7,16205,12618,,
2022,AR,Arkansas,Lee,05077,DIABETES,Diagnosed diabetes among adults,Age-adjusted prevalence,AgeAdjPrv,17.5,15.4,19.7,8364,6854,,
2022,AR,Arkansas,Lee,05077,DIABETES,Diagnosed diabetes among adults,Crude prevalence,CrdPrv,20.0,17.6,22.4,8364,6854,,
2022,AR,Arkansas,Lincoln,05079,DIABETES,Diagnosed diabetes among adults,Age-adjusted prevalence,AgeAdjPrv,14.9,13.0,16.9,12916,10898,,
2022,AR,Arkansas,Lincoln,05079,DIABETES,Diagnosed diabetes among adults,Crude prevalence,CrdPrv,15.1,13.2,17.1,12916,10898,,
2022,AR,Arkansas,Little River,05081,DIABETES,Diagnosed diabetes among adults,Age-adjusted prevalence,AgeAdjPrv,12.6,10.8,14.6,11821,9241,,
2022,AR,Arkansas,Little River,05081,DIABETES,Diagnosed diabetes among adults,Crude prevalence,CrdPrv,15.8,13.7,18.2,11821,9241,,
2022,AR,Arkansas,Logan,05083,DIABETES,Diagnosed diabetes among adults,Age-adjusted prevalence,AgeAdjPrv,12.2,10.5,13.9,21253,16839,,
2022,AR,Arkansas,Logan,05083,DIABETES,Diagnosed diabetes among adults,Crude prevalence,CrdPrv,15.7,13.6,17.8,21253,16839,,
2022,AR,Arkansas,Lonoke,05085,DIABETES,Diagnosed diabetes among adults,Age-adjusted prevalence,AgeAdjPrv,11.8,10.3,13.5,75225,56799,,
2022,AR,Arkansas,Lonoke,05085,DIABETES,Diagnosed diabetes among adults,Crude prevalence,CrdPrv,13.1,11.4,14.9,75225,56799,,
2022,AR,Arkansas,Madison,05087,DIABETES,Diagnosed diabetes among adults,Age-adjusted prevalence,AgeAdjPrv,12.5,10.9,14.4,17486,13373,,
2022,AR,Arkansas,Madison,05087,DIABETES,Diagnosed diabetes among adults,Crude prevalence,CrdPrv,15.4,13.4,17.6,17486,13373,,
2022,AR,Arkansas,Marion,05089,DIABETES,Diagnosed diabetes among adults,Age-adjusted prevalence,AgeAdjPrv,12.3,10.7,14.1,17254,14040,,
2022,AR,Arkansas,Marion,05089,DIABETES,Diagnosed diabetes among adults,Crude prevalence,CrdPrv,18.2,16.1,20.8,17254,14040,,
2022,AR,Arkansas,Miller,05091,DIABETES,Diagnosed diabetes among adults,Age-adjusted prevalence,AgeAdjPrv,13.9,12.1,15.9,42552,32501,,
2022,AR,Arkansas,Miller,05091,DIABETES,Diagnosed diabetes among adults,Crude prevalence,CrdPrv,15.9,13.9,18.0,42552,32501,,
2022,AR,Arkansas,Mississippi,05093,DIABETES,Diagnosed diabetes among adults,Age-adjusted prevalence,AgeAdjPrv,15.6,13.6,17.8,38896,28853,,
2022,AR,Arkansas,Mississippi,05093,DIABETES,Diagnosed diabetes among adults,Crude prevalence,CrdPrv,17.6,15.4,20.0,38896,28853,,
2022,AR,Arkansas,Monroe,05095,DIABETES,Diagnosed diabetes among adults,Age-adjusted prevalence,AgeAdjPrv,15.5,13.6,17.6,6564,5069,,
2022,AR,Arkansas,Monroe,05095,DIABETES,Diagnosed diabetes among adults,Crude prevalence,CrdPrv,20.7,18.2,23.3,6564,5069,,
2022,AR,Arkansas,Montgomery,05097,DIABETES,Diagnosed diabetes among adults,Age-adjusted prevalence,AgeAdjPrv,12.7,11.0,14.5,8556,7012,,
2022,AR,Arkansas,Montgomery,05097,DIABETES,Diagnosed diabetes among adults,Crude prevalence,CrdPrv,18.2,15.8,20.6,8556,7012,,
2022,AR,Arkansas,Nevada,05099,DIABETES,Diagnosed diabetes among adults,Age-adjusted prevalence,AgeAdjPrv,14.8,13.0,16.9,8181,6364,,
2022,AR,Arkansas,Nevada,05099,DIABETES,Diagnosed diabetes among adults,Crude prevalence,CrdPrv,18.8,16.5,21.4,8181,6364,,
2022,AR,Arkansas,Newton,05101,DIABETES,Diagnosed diabetes among adults,Age-adjusted prevalence,AgeAdjPrv,12.2,10.6,14.0,7078,5757,,
2022,AR,Arkansas,Newton,05101,DIABETES,Diagnosed diabetes among adults,Crude prevalence,CrdPrv,16.7,14.6,19.2,7078,5757,,
2022,AR,Arkansas,Ouachita,05103,DIABETES,Diagnosed diabetes among adults,Age-adjusted prevalence,AgeAdjPrv,14.3,12.5,16.2,22049,17132,,
2022,AR,Arkansas,Ouachita,05103,DIABETES,Diagnosed diabetes among adults,Crude prevalence,CrdPrv,18.1,15.9,20.4,22049,17132,,
2022,AR,Arkansas,Perry,05105,DIABETES,Diagnosed diabetes among adults,Age-adjusted prevalence,AgeAdjPrv,12.2,10.5,14.0,10063,7925,,
2022,AR,Arkansas,Perry,05105,DIABETES,Diagnosed diabetes among adults,Crude prevalence,CrdPrv,15.5,13.4,17.7,10063,7925,,
2022,AR,Arkansas,Phillips,05107,DIABETES,Diagnosed diabetes among adults,Age-adjusted prevalence,AgeAdjPrv,17.7,15.7,19.9,15304,11406,,
2022,AR,Arkansas,Phillips,05107,DIABETES,Diagnosed diabetes among adults,Crude prevalence,CrdPrv,22.2,19.7,24.7,15304,11406,,
2022,AR,Arkansas,Pike,05109,DIABETES,Diagnosed diabetes among adults,Age-adjusted prevalence,AgeAdjPrv,12.3,10.7,14.1,10179,7920,,
2022,AR,Arkansas,Pike,05109,DIABETES,Diagnosed diabetes among adults,Crude prevalence,CrdPrv,15.3,13.3,17.4,10179,7920,,
2022,AR,Arkansas,Poinsett,05111,DIABETES,Diagnosed diabetes among adults,Age-adjusted prevalence,AgeAdjPrv,14.0,12.1,15.9,22495,17104,,
2022,AR,Arkansas,Poinsett,05111,DIABETES,Diagnosed diabetes among adults,Crude prevalence,CrdPrv,16.6,14.4,18.8,22495,17104,,
2022,AR,Arkansas,Polk,05113,DIABETES,Diagnosed diabetes among adults,Age-adjusted prevalence,AgeAdjPrv,12.5,10.9,14.2,19337,15084,,
2022,AR,Arkansas,Polk,05113,DIABETES,Diagnosed diabetes among adults,Crude prevalence,CrdPrv,16.3,14.3,18.5,19337,15084,,
2022,AR,Arkansas,Pope,05115,DIABETES,Diagnosed diabetes among adults,Age-adjusted prevalence,AgeAdjPrv,12.7,11.1,14.5,64065,49399,,
2022,AR,Arkansas,Pope,05115,DIABETES,Diagnosed diabetes among adults,Crude prevalence,CrdPrv,13.9,12.2,15.7,64065,49399,,
2022,AR,Arkansas,Prairie,05117,DIABETES,Diagnosed diabetes among adults,Age-adjusted prevalence,AgeAdjPrv,12.4,10.7,14.3,8069,6413,,
2022,AR,Arkansas,Prairie,05117,DIABETES,Diagnosed diabetes among adults,Crude prevalence,CrdPrv,16.0,13.8,18.3,8069,6413,,
2022,AR,Arkansas,Pulaski,05119,DIABETES,Diagnosed diabetes among adults,Age-adjusted prevalence,AgeAdjPrv,12.7,11.3,14.3,399145,307676,,
2022,AR,Arkansas,Pulaski,05119,DIABETES,Diagnosed diabetes among adults,Crude prevalence,CrdPrv,14.1,12.6,15.9,399145,307676,,
2022,AR,Arkansas,Randolph,05121,DIABETES,Diagnosed diabetes among adults,Age-adjusted prevalence,AgeAdjPrv,13.0,11.4,14.8,18837,14222,,
2022,AR,Arkansas,Randolph,05121,DIABETES,Diagnosed diabetes among adults,Crude prevalence,CrdPrv,15.7,13.8,17.9,18837,14222,,
2022,AR,Arkansas,St. Francis,05123,DIABETES,Diagnosed diabetes among adults,Age-adjusted prevalence,AgeAdjPrv,17.1,15.1,19.2,22451,17669,,
2022,AR,Arkansas,St. Francis,05123,DIABETES,Diagnosed diabetes among adults,Crude prevalence,CrdPrv,18.8,16.6,21.0,22451,17669,,
2022,AR,Arkansas,Saline,05125,DIABETES,Diagnosed diabetes among adults,Age-adjusted prevalence,AgeAdjPrv,10.6,9.2,12.2,127357,98378,,
2022,AR,Arkansas,Saline,05125,DIABETES,Diagnosed diabetes among adults,Crude prevalence,CrdPrv,12.6,11.0,14.5,127357,98378,,
2022,AR,Arkansas,Scott,05127,DIABETES,Diagnosed diabetes among adults,Age-adjusted prevalence,AgeAdjPrv,12.9,11.2,14.7,9805,7554,,
2022,AR,Arkansas,Scott,05127,DIABETES,Diagnosed diabetes among adults,Crude prevalence,CrdPrv,16.7,14.6,19.0,9805,7554,,
2022,AR,Arkansas,Searcy,05129,DIABETES,Diagnosed diabetes among adults,Age-adjusted prevalence,AgeAdjPrv,13.8,12.0,15.7,7918,6329,,
2022,AR,Arkansas,Searcy,05129,DIABETES,Diagnosed diabetes among adults,Crude prevalence,CrdPrv,19.0,16.5,21.5,7918,6329,,
2022,AR,Arkansas,Sebastian,05131,DIABETES,Diagnosed diabetes among adults,Age-adjusted prevalence,AgeAdjPrv,13.2,11.5,15.1,129059,98606,,
2022,AR,Arkansas,Sebastian,05131,DIABETES,Diagnosed diabetes among adults,Crude prevalence,CrdPrv,15.1,13.2,17.1,129059,98606,,
2022,AR,Arkansas,Sevier,05133,DIABETES,Diagnosed diabetes among adults,Age-adjusted prevalence,AgeAdjPrv,14.4,12.6,16.4,15686,11258,,
2022,AR,Arkansas,Sevier,05133,DIABETES,Diagnosed diabetes among adults,Crude prevalence,CrdPrv,15.9,14.0,18.0,15686,11258,,
2022,AR,Arkansas,Sharp,05135,DIABETES,Diagnosed diabetes among adults,Age-adjusted prevalence,AgeAdjPrv,12.1,10.5,13.9,17810,14115,,
2022,AR,Arkansas,Sharp,05135,DIABETES,Diagnosed diabetes among adults,Crude prevalence,CrdPrv,16.2,14.0,18.5,17810,14115,,
2022,AR,Arkansas,Stone,05137,DIABETES,Diagnosed diabetes among adults,Age-adjusted prevalence,AgeAdjPrv,12.8,11.1,14.6,12575,10116,,
2022,AR,Arkansas,Stone,05137,DIABETES,Diagnosed diabetes among adults,Crude prevalence,CrdPrv,18.1,15.8,20.4,12575,10116,,
2022,AR,Arkansas,Union,05139,DIABETES,Diagnosed diabetes among adults,Age-adjusted prevalence,AgeAdjPrv,13.5,11.8,15.3,37752,28789,,
2022,AR,Arkansas,Union,05139,DIABETES,Diagnosed diabetes among adults,Crude prevalence,CrdPrv,16.3,14.3,18.4,37752,28789,,
2022,AR,Arkansas,Van Buren,05141,DIABETES,Diagnosed diabetes among adults,Age-adjusted prevalence,AgeAdjPrv,13.1,11.3,14.9,16102,13026,,
2022,AR,Arkansas,Van Buren,05141,DIABETES,Diagnosed diabetes among adults,Crude prevalence,CrdPrv,18.4,15.9,20.7,16102,13026,,
2022,AR,Arkansas,Washington,05143,DIABETES,Diagnosed diabetes among adults,Age-adjusted prevalence,AgeAdjPrv,11.9,10.4,13.4,256054,196886,,
2022,AR,Arkansas,Washington,05143,DIABETES,Diagnosed diabetes among adults,Crude prevalence,CrdPrv,11.3,9.9,12.7,256054,196886,,
2022,AR,Arkansas,White,05145,DIABETES,Diagnosed diabetes among adults,Age-adjusted prevalence,AgeAdjPrv,12.5,10.9,14.3,77755,59836,,
2022,AR,Arkansas,White,05145,DIABETES,Diagnosed diabetes among adults,Crude prevalence,CrdPrv,14.4,12.6,16.4,77755,59836,,
2022,AR,Arkansas,Woodruff,05147,DIABETES,Diagnosed diabetes among adults,Age-adjusted prevalence,AgeAdjPrv,14.4,12.6,16.4,6049,4743,,
2022,AR,Arkansas,Woodruff,05147,DIABETES,Diagnosed diabetes among adults,Crude prevalence,CrdPrv,19.0,16.7,21.4,6049,4743,,
2022,AR,Arkansas,Yell,05149,DIABETES,Diagnosed diabetes among adults,Age-adjusted prevalence,AgeAdjPrv,13.6,11.8,15.5,20129,15366,,
2022,AR,Arkansas,Yell,05149,DIABETES,Diagnosed diabetes among adults,Crude prevalence,CrdPrv,16.3,14.2,18.5,20129,15366,,
2022,CA,California,Alameda,06001,DIABETES,Diagnosed diabetes among adults,Age-adjusted prevalence,AgeAdjPrv,9.2,8.0,10.5,1628997,1311253,,
2022,CA,California,Alameda,06001,DIABETES,Diagnosed diabetes among adults,Crude prevalence,CrdPrv,9.9,8.7,11.3,1628997,1311253,,
2022,CA,California,Alpine,06003,DIABETES,Diagnosed diabetes among adults,Age-adjusted prevalence,AgeAdjPrv,8.8,7.6,10.2,1190,998,,
2022,CA,California,Alpine,06003,DIABETES,Diagnosed diabetes among adults,Crude prevalence,CrdPrv,11.7,10.1,13.4,1190,998,,
2022,CA,California,Amador,06005,DIABETES,Diagnosed diabetes among adults,Age-adjusted prevalence,AgeAdjPrv,9.0,7.7,10.4,41412,35068,,
2022,CA,California,Amador,06005,DIABETES,Diagnosed diabetes among adults,Crude prevalence,CrdPrv,12.4,10.7,14.3,41412,35068,,
2022,CA,California,Butte,06007,DIABETES,Diagnosed diabetes among adults,Age-adjusted prevalence,AgeAdjPrv,9.8,8.4,11.3,207303,165784,,
2022,CA,California,Butte,06007,DIABETES,Diagnosed diabetes among adults,Crude prevalence,CrdPrv,10.6,9.1,12.2,207303,165784,,
2022,CA,California,Calaveras,06009,DIABETES,Diagnosed diabetes among adults,Age-adjusted prevalence,AgeAdjPrv,9.4,8.1,10.8,46563,38508,,
2022,CA,California,Calaveras,06009,DIABETES,Diagnosed diabetes among adults,Crude prevalence,CrdPrv,13.4,11.6,15.3,46563,38508,,
2022,CA,California,Colusa,06011,DIABETES,Diagnosed diabetes among adults,Age-adjusted prevalence,AgeAdjPrv,11.7,10.1,13.3,21914,16137,,
2022,CA,California,Colusa,06011,DIABETES,Diagnosed diabetes among adults,Crude prevalence,CrdPrv,12.9,11.2,14.8,21914,16137,,
2022,CA,California,Contra Costa,06013,DIABETES,Diagnosed diabetes among adults,Age-adjusted prevalence,AgeAdjPrv,9.6,8.3,11.0,1156966,906227,,
2022,CA,California,Contra Costa,06013,DIABETES,Diagnosed diabetes among adults,Crude prevalence,CrdPrv,11.2,9.7,12.8,1156966,906227,,
2022,CA,California,Del Norte,06015,DIABETES,Diagnosed diabetes among adults,Age-adjusted prevalence,AgeAdjPrv,11.2,9.7,12.9,27082,21423,,
2022,CA,California,Del Norte,06015,DIABETES,Diagnosed diabetes among adults,Crude prevalence,CrdPrv,13.5,11.7,15.5,27082,21423,,
2022,CA,California,El Dorado,06017,DIABETES,Diagnosed diabetes among adults,Age-adjusted prevalence,AgeAdjPrv,7.8,6.7,9.1,192646,155421,,
2022,CA,California,El Dorado,06017,DIABETES,Diagnosed diabetes among adults,Crude prevalence,CrdPrv,10.3,8.9,11.9,192646,155421,,
2022,CA,California,Fresno,06019,DIABETES,Diagnosed diabetes among adults,Age-adjusted prevalence,AgeAdjPrv,13.0,11.4,14.7,1015190,734510,,
2022,CA,California,Fresno,06019,DIABETES,Diagnosed diabetes among adults,Crude prevalence,CrdPrv,13.1,11.5,14.8,1015190,734510,,
2022,CA,California,Glenn,06021,DIABETES,Diagnosed diabetes among adults,Age-adjusted prevalence,AgeAdjPrv,11.2,9.8,12.8,28339,20780,,
2022,CA,California,Glenn,06021,DIABETES,Diagnosed diabetes among adults,Crude prevalence,CrdPrv,12.6,11.0,14.4,28339,20780,,
2022,CA,California,Humboldt,06023,DIABETES,Diagnosed diabetes among adults,Age-adjusted prevalence,AgeAdjPrv,9.6,8.3,11.1,135010,110011,,
2022,CA,California,Humboldt,06023,DIABETES,Diagnosed diabetes among adults,Crude prevalence,CrdPrv,10.7,9.3,12.3,135010,110011,,
2022,CA,California,Imperial,06025,DIABETES,Diagnosed diabetes among adults,Age-adjusted prevalence,AgeAdjPrv,15.1,13.1,17.1,178713,128478,,
2022,CA,California,Imperial,06025,DIABETES,Diagnosed diabetes among adults,Crude prevalence,CrdPrv,15.4,13.4,17.4,178713,128478,,
2022,CA,California,Inyo,06027,DIABETES,Diagnosed diabetes among adults,Age-adjusted prevalence,AgeAdjPrv,9.3,8.0,10.6,18718,14942,,
2022,CA,California,Inyo,06027,DIABETES,Diagnosed diabetes among adults,Crude prevalence,CrdPrv,12.0,10.4,13.7,18718,14942,,
2022,CA,California,Kern,06029,DIABETES,Diagnosed diabetes among adults,Age-adjusted prevalence,AgeAdjPrv,13.0,11.4,14.7,916108,655754,,
2022,CA,California,Kern,06029,DIABETES,Diagnosed diabetes among adults,Crude prevalence,CrdPrv,12.8,11.2,14.5,916108,655754,,
2022,CA,California,Kings,06031,DIABETES,Diagnosed diabetes among adults,Age-adjusted prevalence,AgeAdjPrv,13.0,11.3,14.9,152981,112177,,
2022,CA,California,Kings,06031,DIABETES,Diagnosed diabetes among adults,Crude prevalence,CrdPrv,12.1,10.6,13.9,152981,112177,,
2022,CA,California,Lake,06033,DIABETES,Diagnosed diabetes among adults,Age-adjusted prevalence,AgeAdjPrv,9.7,8.4,11.2,68191,53338,,
2022,CA,California,Lake,06033,DIABETES,Diagnosed diabetes among adults,Crude prevalence,CrdPrv,12.6,11.0,14.4,68191,53338,,
2022,CA,California,Lassen,06035,DIABETES,Diagnosed diabetes among adults,Age-adjusted prevalence,AgeAdjPrv,10.5,9.1,11.9,29904,24446,,
2022,CA,California,Lassen,06035,DIABETES,Diagnosed diabetes among adults,Crude prevalence,CrdPrv,11.2,9.7,12.8,29904,24446,,
2022,CA,California,Los Angeles,06037,DIABETES,Diagnosed diabetes among adults,Age-adjusted prevalence,AgeAdjPrv,11.4,10.3,12.6,9721138,7737357,,
2022,CA,California,Los Angeles,06037,DIABETES,Diagnosed diabetes among adults,Crude prevalence,CrdPrv,12.3,11.1,13.6,9721138,7737357,,
2022,CA,California,Madera,06039,DIABETES,Diagnosed diabetes among adults,Age-adjusted prevalence,AgeAdjPrv,12.7,11.0,14.5,160256,116890,,
2022,CA,California,Madera,06039,DIABETES,Diagnosed diabetes among adults,Crude prevalence,CrdPrv,13.5,11.7,15.4,160256,116890,,
2022,CA,California,Marin,06041,DIABETES,Diagnosed diabetes among adults,Age-adjusted prevalence,AgeAdjPrv,7.3,6.2,8.4,256018,207716,,
2022,CA,California,Marin,06041,DIABETES,Diagnosed diabetes among adults,Crude prevalence,CrdPrv,9.8,8.4,11.3,256018,207716,,
2022,CA,California,Mariposa,06043,DIABETES,Diagnosed diabetes among adults,Age-adjusted prevalence,AgeAdjPrv,9.8,8.4,11.3,17020,14037,,
2022,CA,California,Mariposa,06043,DIABETES,Diagnosed diabetes among adults,Crude prevalence,CrdPrv,14.2,12.2,16.2,17020,14037,,
2022,CA,California,Mendocino,06045,DIABETES,Diagnosed diabetes among adults,Age-adjusted prevalence,AgeAdjPrv,9.8,8.5,11.3,89783,71066,,
2022,CA,California,Mendocino,06045,DIABETES,Diagnosed diabetes among adults,Crude prevalence,CrdPrv,12.6,10.9,14.4,89783,71066,,
2022,CA,California,Merced,06047,DIABETES,Diagnosed diabetes among adults,Age-adjusted prevalence,AgeAdjPrv,13.6,11.8,15.5,290014,207099,,
2022,CA,California,Merced,06047,DIABETES,Diagnosed diabetes among adults,Crude prevalence,CrdPrv,13.3,11.5,15.1,290014,207099,,
2022,CA,California,Modoc,06049,DIABETES,Diagnosed diabetes among adults,Age-adjusted prevalence,AgeAdjPrv,9.7,8.4,11.1,8511,6957,,
2022,CA,California,Modoc,06049,DIABETES,Diagnosed diabetes among adults,Crude prevalence,CrdPrv,14.1,12.3,16.1,8511,6957,,
2022,CA,California,Mono,06051,DIABETES,Diagnosed diabetes among adults,Age-adjusted prevalence,AgeAdjPrv,8.9,7.6,10.2,12978,10782,,
2022,CA,California,Mono,06051,DIABETES,Diagnosed diabetes among adults,Crude prevalence,CrdPrv,10.3,8.8,11.8,12978,10782,,
2022,CA,California,Monterey,06053,DIABETES,Diagnosed diabetes among adults,Age-adjusted prevalence,AgeAdjPrv,11.1,9.7,12.8,432858,322881,,
2022,CA,California,Monterey,06053,DIABETES,Diagnosed diabetes among adults,Crude prevalence,CrdPrv,11.9,10.4,13.7,432858,322881,,
2022,CA,California,Napa,06055,DIABETES,Diagnosed diabetes among adults,Age-adjusted prevalence,AgeAdjPrv,9.6,8.2,11.0,134300,108501,,
2022,CA,California,Napa,06055,DIABETES,Diagnosed diabetes among adults,Crude prevalence,CrdPrv,11.6,10.0,13.3,134300,108501,,
2022,CA,California,Nevada,06057,DIABETES,Diagnosed diabetes among adults,Age-adjusted prevalence,AgeAdjPrv,8.9,7.6,10.2,102293,85163,,
2022,CA,California,Nevada,06057,DIABETES,Diagnosed diabetes among adults,Crude prevalence,CrdPrv,12.6,10.9,14.4,102293,85163,,
2022,CA,California,Orange,06059,DIABETES,Diagnosed diabetes among adults,Age-adjusted prevalence,AgeAdjPrv,9.9,8.7,11.3,3151184,2496667,,
2022,CA,California,Orange,06059,DIABETES,Diagnosed diabetes among adults,Crude prevalence,CrdPrv,11.1,9.7,12.5,3151184,2496667,,
2022,CA,California,Placer,06061,DIABETES,Diagnosed diabetes among adults,Age-adjusted prevalence,AgeAdjPrv,8.6,7.4,9.8,417772,327593,,
2022,CA,California,Placer,06061,DIABETES,Diagnosed diabetes among adults,Crude prevalence,CrdPrv,10.6,9.2,12.1,417772,327593,,
2022,CA,California,Plumas,06063,DIABETES,Diagnosed diabetes among adults,Age-adjusted prevalence,AgeAdjPrv,8.5,7.3,9.9,19351,16081,,
2022,CA,California,Plumas,06063,DIABETES,Diagnosed diabetes among adults,Crude prevalence,CrdPrv,12.8,11.1,14.8,19351,16081,,
2022,CA,California,Riverside,06065,DIABETES,Diagnosed diabetes among adults,Age-adjusted prevalence,AgeAdjPrv,10.5,9.1,11.8,2473902,1880349,,
2022,CA,California,Riverside,06065,DIABETES,Diagnosed diabetes among adults,Crude prevalence,CrdPrv,11.3,9.9,12.8,2473902,1880349,,
2022,CA,California,Sacramento,06067,DIABETES,Diagnosed diabetes among adults,Age-adjusted prevalence,AgeAdjPrv,10.6,9.3,12.0,1584169,1225015,,
2022,CA,California,Sacramento,06067,DIABETES,Diagnosed diabetes among adults,Crude prevalence,CrdPrv,11.4,10.0,13.0,1584169,1225015,,
2022,CA,California,San Benito,06069,DIABETES,Diagnosed diabetes among adults,Age-adjusted prevalence,AgeAdjPrv,10.4,8.9,11.9,67579,50683,,
2022,CA,California,San Benito,06069,DIABETES,Diagnosed diabetes among adults,Crude prevalence,CrdPrv,10.9,9.3,12.5,67579,50683,,
2022,CA,California,San Bernardino,06071,DIABETES,Diagnosed diabetes among adults,Age-adjusted prevalence,AgeAdjPrv,12.4,10.9,14.0,2193656,1635914,,
2022,CA,California,San Bernardino,06071,DIABETES,Diagnosed diabetes among adults,Crude prevalence,CrdPrv,12.5,11.0,14.1,2193656,1635914,,
2022,CA,California,San Diego,06073,DIABETES,Diagnosed diabetes among adults,Age-adjusted prevalence,AgeAdjPrv,9.4,8.3,10.7,3276208,2596582,,
2022,CA,California,San Diego,06073,DIABETES,Diagnosed diabetes among adults,Crude prevalence,CrdPrv,9.9,8.8,11.2,3276208,2596582,,
2022,CA,California,San Francisco,06075,DIABETES,Diagnosed diabetes among adults,Age-adjusted prevalence,AgeAdjPrv,9.2,7.9,10.4,808437,697737,,
2022,CA,California,San Francisco,06075,DIABETES,Diagnosed diabetes among adults,Crude prevalence,CrdPrv,9.9,8.6,11.3,808437,697737,,
2022,CA,California,San Joaquin,06077,DIABETES,Diagnosed diabetes among adults,Age-adjusted prevalence,AgeAdjPrv,11.6,10.1,13.1,793229,586031,,
2022,CA,California,San Joaquin,06077,DIABETES,Diagnosed diabetes among adults,Crude prevalence,CrdPrv,12.1,10.6,13.7,793229,586031,,
2022,CA,California,San Luis Obispo,06079,DIABETES,Diagnosed diabetes among adults,Age-adjusted prevalence,AgeAdjPrv,8.4,7.2,9.6,282013,234072,,
2022,CA,California,San Luis Obispo,06079,DIABETES,Diagnosed diabetes among adults,Crude prevalence,CrdPrv,9.6,8.2,10.9,282013,234072,,
2022,CA,California,San Mateo,06081,DIABETES,Diagnosed diabetes among adults,Age-adjusted prevalence,AgeAdjPrv,8.9,7.7,10.2,729181,588683,,
2022,CA,California,San Mateo,06081,DIABETES,Diagnosed diabetes among adults,Crude prevalence,CrdPrv,10.3,9.0,11.9,729181,588683,,
2022,CA,California,Santa Barbara,06083,DIABETES,Diagnosed diabetes among adults,Age-adjusted prevalence,AgeAdjPrv,10.0,8.7,11.5,443837,346432,,
2022,CA,California,Santa Barbara,06083,DIABETES,Diagnosed diabetes among adults,Crude prevalence,CrdPrv,10.4,9.0,11.9,443837,346432,,
2022,CA,California,Santa Clara,06085,DIABETES,Diagnosed diabetes among adults,Age-adjusted prevalence,AgeAdjPrv,10.0,8.7,11.3,1870945,1490785,,
2022,CA,California,Santa Clara,06085,DIABETES,Diagnosed diabetes among adults,Crude prevalence,CrdPrv,10.7,9.3,12.1,1870945,1490785,,
2022,CA,California,Santa Cruz,06087,DIABETES,Diagnosed diabetes among adults,Age-adjusted prevalence,AgeAdjPrv,9.0,7.8,10.3,264370,216642,,
2022,CA,California,Santa Cruz,06087,DIABETES,Diagnosed diabetes among adults,Crude prevalence,CrdPrv,10.0,8.6,11.3,264370,216642,,
2022,CA,California,Shasta,06089,DIABETES,Diagnosed diabetes among adults,Age-adjusted prevalence,AgeAdjPrv,9.3,8.1,10.7,180930,142098,,
2022,CA,California,Shasta,06089,DIABETES,Diagnosed diabetes among adults,Crude prevalence,CrdPrv,11.7,10.1,13.4,180930,142098,,
2022,CA,California,Sierra,06091,DIABETES,Diagnosed diabetes among adults,Age-adjusted prevalence,AgeAdjPrv,9.0,7.7,10.4,3217,2684,,
2022,CA,California,Sierra,06091,DIABETES,Diagnosed diabetes among adults,Crude prevalence,CrdPrv,13.6,11.7,15.6,3217,2684,,
2022,CA,California,Siskiyou,06093,DIABETES,Diagnosed diabetes among adults,Age-adjusted prevalence,AgeAdjPrv,9.7,8.4,11.2,43660,34974,,
2022,CA,California,Siskiyou,06093,DIABETES,Diagnosed diabetes among adults,Crude prevalence,CrdPrv,13.4,11.6,15.3,43660,34974,,
2022,CA,California,Solano,06095,DIABETES,Diagnosed diabetes among adults,Age-adjusted prevalence,AgeAdjPrv,11.0,9.5,12.6,448747,351591,,
2022,CA,California,Solano,06095,DIABETES,Diagnosed diabetes among adults,Crude prevalence,CrdPrv,12.5,10.8,14.2,448747,351591,,
2022,CA,California,Sonoma,06097,DIABETES,Diagnosed diabetes among adults,Age-adjusted prevalence,AgeAdjPrv,8.3,7.2,9.6,482650,392503,,
2022,CA,California,Sonoma,06097,DIABETES,Diagnosed diabetes among adults,Crude prevalence,CrdPrv,10.3,8.9,11.9,482650,392503,,
2022,CA,California,Stanislaus,06099,DIABETES,Diagnosed diabetes among adults,Age-adjusted prevalence,AgeAdjPrv,10.9,9.5,12.6,551275,405382,,
2022,CA,California,Stanislaus,06099,DIABETES,Diagnosed diabetes among adults,Crude prevalence,CrdPrv,11.3,9.9,13.1,551275,405382,,
2022,CA,California,Sutter,06101,DIABETES,Diagnosed diabetes among adults,Age-adjusted prevalence,AgeAdjPrv,11.6,10.1,13.3,98503,73900,,
2022,CA,California,Sutter,06101,DIABETES,Diagnosed diabetes among adults,Crude prevalence,CrdPrv,12.9,11.2,14.8,98503,73900,,
2022,CA,California,Tehama,06103,DIABETES,Diagnosed diabetes among adults,Age-adjusted prevalence,AgeAdjPrv,10.0,8.6,11.5,65245,49780,,
2022,CA,California,Tehama,06103,DIABETES,Diagnosed diabetes among adults,Crude prevalence,CrdPrv,12.2,10.5,13.9,65245,49780,,
2022,CA,California,Trinity,06105,DIABETES,Diagnosed diabetes among adults,Age-adjusted prevalence,AgeAdjPrv,9.9,8.4,11.4,15781,13039,,
2022,CA,California,Trinity,06105,DIABETES,Diagnosed diabetes among adults,Crude prevalence,CrdPrv,14.6,12.5,16.8,15781,13039,,
2022,CA,California,Tulare,06107,DIABETES,Diagnosed diabetes among adults,Age-adjusted prevalence,AgeAdjPrv,13.2,11.6,15.1,477544,336253,,
2022,CA,California,Tulare,06107,DIABETES,Diagnosed diabetes among adults,Crude prevalence,CrdPrv,13.1,11.5,14.9,477544,336253,,
2022,CA,California,Tuolumne,06109,DIABETES,Diagnosed diabetes among adults,Age-adjusted prevalence,AgeAdjPrv,8.9,7.6,10.2,54531,45145,,
2022,CA,California,Tuolumne,06109,DIABETES,Diagnosed diabetes among adults,Crude prevalence,CrdPrv,11.9,10.3,13.7,54531,45145,,
2022,CA,California,Ventura,06111,DIABETES,Diagnosed diabetes among adults,Age-adjusted prevalence,AgeAdjPrv,10.1,8.8,11.5,832605,652677,,
2022,CA,California,Ventura,06111,DIABETES,Diagnosed diabetes among adults,Crude prevalence,CrdPrv,11.5,10.1,13.2,832605,652677,,
2022,CA,California,Yolo,06113,DIABETES,Diagnosed diabetes among adults,Age-adjusted prevalence,AgeAdjPrv,10.7,9.3,12.1,222115,178722,,
2022,CA,California,Yolo,06113,DIABETES,Diagnosed diabetes among adults,Crude prevalence,CrdPrv,9.7,8.5,10.9,222115,178722,,
2022,CA,California,Yuba,06115,DIABETES,Diagnosed diabetes among adults,Age-adjusted prevalence,AgeAdjPrv,10.9,9.5,12.5,84310,61597,,
2022,CA,California,Yuba,06115,DIABETES,Diagnosed diabetes among adults,Crude prevalence,CrdPrv,11.2,9.7,12.8,84310,61597,,
2022,CO,Colorado,Adams,08001,DIABETES,Diagnosed diabetes among adults,Age-adjusted prevalence,AgeAdjPrv,9.8,8.6,11.1,527575,398077,,
2022,CO,Colorado,Adams,08001,DIABETES,Diagnosed diabetes among adults,Crude prevalence,CrdPrv,9.6,8.4,10.9,527575,398077,,
2022,CO,Colorado,Alamosa,08003,DIABETES,Diagnosed diabetes among adults,Age-adjusted prevalence,AgeAdjPrv,10.6,9.2,12.2,16592,12572,,
2022,CO,Colorado,Alamosa,08003,DIABETES,Diagnosed diabetes among adults,Crude prevalence,CrdPrv,10.4,9.0,11.9,16592,12572,,
2022,CO,Colorado,Arapahoe,08005,DIABETES,Diagnosed diabetes among adults,Age-adjusted prevalence,AgeAdjPrv,7.9,6.9,9.0,655808,510326,,
2022,CO,Colorado,Arapahoe,08005,DIABETES,Diagnosed diabetes among adults,Crude prevalence,CrdPrv,8.2,7.2,9.4,655808,510326,,
2022,CO,Colorado,Archuleta,08007,DIABETES,Diagnosed diabetes among adults,Age-adjusted prevalence,AgeAdjPrv,7.6,6.5,8.7,14003,11620,,
2022,CO,Colorado,Archuleta,08007,DIABETES,Diagnosed diabetes among adults,Crude prevalence,CrdPrv,10.9,9.4,12.5,14003,11620,,
2022,CO,Colorado,Baca,08009,DIABETES,Diagnosed diabetes among adults,Age-adjusted prevalence,AgeAdjPrv,9.9,8.5,11.4,3432,2657,,
2022,CO,Colorado,Baca,08009,DIABETES,Diagnosed diabetes among adults,Crude prevalence,CrdPrv,12.9,11.1,14.8,3432,2657,,
2022,CO,Colorado,Bent,08011,DIABETES,Diagnosed diabetes among adults,Age-adjusted prevalence,AgeAdjPrv,11.4,9.9,13.1,5399,4529,,
2022,CO,Colorado,Bent,08011,DIABETES,Diagnosed diabetes among adults,Crude prevalence,CrdPrv,12.9,11.2,14.8,5399,4529,,
2022,CO,Colorado,Boulder,08013,DIABETES,Diagnosed diabetes among adults,Age-adjusted prevalence,AgeAdjPrv,6.3,5.4,7.3,327468,270853,,
2022,CO,Colorado,Boulder,08013,DIABETES,Diagnosed diabetes among adults,Crude prevalence,CrdPrv,6.7,5.8,7.7,327468,270853,,
2022,CO,Colorado,Broomfield,08014,DIABETES,Diagnosed diabetes among adults,Age-adjusted prevalence,AgeAdjPrv,6.5,5.5,7.6,76121,60738,,
2022,CO,Colorado,Broomfield,08014,DIABETES,Diagnosed diabetes among adults,Crude prevalence,CrdPrv,7.0,6.0,8.1,76121,60738,,
2022,CO,Colorado,Chaffee,08015,DIABETES,Diagnosed diabetes among adults,Age-adjusted prevalence,AgeAdjPrv,7.9,6.7,9.2,20223,17247,,
2022,CO,Colorado,Chaffee,08015,DIABETES,Diagnosed diabetes among adults,Crude prevalence,CrdPrv,10.6,9.1,12.3,20223,17247,,
2022,CO,Colorado,Cheyenne,08017,DIABETES,Diagnosed diabetes among adults,Age-adjusted prevalence,AgeAdjPrv,7.7,6.6,9.0,1732,1307,,
2022,CO,Colorado,Cheyenne,08017,DIABETES,Diagnosed diabetes among adults,Crude prevalence,CrdPrv,10.2,8.7,11.7,1732,1307,,
2022,CO,Colorado,Clear Creek,08019,DIABETES,Diagnosed diabetes among adults,Age-adjusted prevalence,AgeAdjPrv,6.7,5.7,7.8,9355,8088,,
2022,CO,Colorado,Clear Creek,08019,DIABETES,Diagnosed diabetes among adults,Crude prevalence,CrdPrv,8.5,7.3,9.8,9355,8088,,
2022,CO,Colorado,Conejos,08021,DIABETES,Diagnosed diabetes among adults,Age-adjusted prevalence,AgeAdjPrv,11.2,9.7,12.8,7579,5661,,
2022,CO,Colorado,Conejos,08021,DIABETES,Diagnosed diabetes among adults,Crude prevalence,CrdPrv,13.8,12.0,15.8,7579,5661,,
2022,CO,Colorado,Costilla,08023,DIABETES,Diagnosed diabetes among adults,Age-adjusted prevalence,AgeAdjPrv,12.5,10.8,14.3,3603,2943,,
2022,CO,Colorado,Costilla,08023,DIABETES,Diagnosed diabetes among adults,Crude prevalence,CrdPrv,17.7,15.5,20.1,3603,2943,,
2022,CO,Colorado,Crowley,08025,DIABETES,Diagnosed diabetes among adults,Age-adjusted prevalence,AgeAdjPrv,11.8,10.1,13.6,5614,4931,,
2022,CO,Colorado,Crowley,08025,DIABETES,Diagnosed diabetes among adults,Crude prevalence,CrdPrv,11.3,9.7,13.0,5614,4931,,
2022,CO,Colorado,Custer,08027,DIABETES,Diagnosed diabetes among adults,Age-adjusted prevalence,AgeAdjPrv,7.9,6.7,9.2,5335,4551,,
2022,CO,Colorado,Custer,08027,DIABETES,Diagnosed diabetes among adults,Crude prevalence,CrdPrv,12.5,10.7,14.5,5335,4551,,
2022,CO,Colorado,Delta,08029,DIABETES,Diagnosed diabetes among adults,Age-adjusted prevalence,AgeAdjPrv,8.5,7.3,9.8,31602,25555,,
2022,CO,Colorado,Delta,08029,DIABETES,Diagnosed diabetes among adults,Crude prevalence,CrdPrv,11.6,10.0,13.4,31602,25555,,
2022,CO,Colorado,Denver,08031,DIABETES,Diagnosed diabetes among adults,Age-adjusted prevalence,AgeAdjPrv,7.9,6.8,9.1,713252,584904,,
2022,CO,Colorado,Denver,08031,DIABETES,Diagnosed diabetes among adults,Crude prevalence,CrdPrv,7.2,6.2,8.2,713252,584904,,
2022,CO,Colorado,Dolores,08033,DIABETES,Diagnosed diabetes among adults,Age-adjusted prevalence,AgeAdjPrv,7.9,6.7,9.1,2455,2035,,
2022,CO,Colorado,Dolores,08033,DIABETES,Diagnosed diabetes among adults,Crude prevalence,CrdPrv,10.3,8.7,11.8,2455,2035,,
2022,CO,Colorado,Douglas,08035,DIABETES,Diagnosed diabetes among adults,Age-adjusted prevalence,AgeAdjPrv,6.2,5.3,7.2,375988,289075,,
2022,CO,Colorado,Douglas,08035,DIABETES,Diagnosed diabetes among adults,Crude prevalence,CrdPrv,6.9,5.9,8.0,375988,289075,,
2022,CO,Colorado,Eagle,08037,DIABETES,Diagnosed diabetes among adults,Age-adjusted prevalence,AgeAdjPrv,7.0,6.0,8.1,55285,44159,,
2022,CO,Colorado,Eagle,08037,DIABETES,Diagnosed diabetes among adults,Crude prevalence,CrdPrv,7.8,6.6,9.0,55285,44159,,
2022,CO,Colorado,Elbert,08039,DIABETES,Diagnosed diabetes among adults,Age-adjusted prevalence,AgeAdjPrv,7.1,6.0,8.2,27799,21981,,
2022,CO,Colorado,Elbert,08039,DIABETES,Diagnosed diabetes among adults,Crude prevalence,CrdPrv,9.1,7.7,10.5,27799,21981,,
2022,CO,Colorado,El Paso,08041,DIABETES,Diagnosed diabetes among adults,Age-adjusted prevalence,AgeAdjPrv,8.1,7.1,9.2,740567,570574,,
2022,CO,Colorado,El Paso,08041,DIABETES,Diagnosed diabetes among adults,Crude prevalence,CrdPrv,8.3,7.3,9.4,740567,570574,,
2022,CO,Colorado,Fremont,08043,DIABETES,Diagnosed diabetes among adults,Age-adjusted prevalence,AgeAdjPrv,9.1,7.7,10.6,49621,41819,,
2022,CO,Colorado,Fremont,08043,DIABETES,Diagnosed diabetes among adults,Crude prevalence,CrdPrv,11.2,9.5,13.0,49621,41819,,
2022,CO,Colorado,Garfield,08045,DIABETES,Diagnosed diabetes among adults,Age-adjusted prevalence,AgeAdjPrv,7.7,6.5,8.9,62271,47341,,
2022,CO,Colorado,Garfield,08045,DIABETES,Diagnosed diabetes among adults,Crude prevalence,CrdPrv,8.4,7.1,9.7,62271,47341,,
2022,CO,Colorado,Gilpin,08047,DIABETES,Diagnosed diabetes among adults,Age-adjusted prevalence,AgeAdjPrv,7.2,6.1,8.3,5891,5082,,
2022,CO,Colorado,Gilpin,08047,DIABETES,Diagnosed diabetes among adults,Crude prevalence,CrdPrv,9.5,8.1,11.0,5891,5082,,
2022,CO,Colorado,Grand,08049,DIABETES,Diagnosed diabetes among adults,Age-adjusted prevalence,AgeAdjPrv,6.9,5.9,8.0,15769,13352,,
2022,CO,Colorado,Grand,08049,DIABETES,Diagnosed diabetes among adults,Crude prevalence,CrdPrv,8.5,7.3,9.9,15769,13352,,
2022,CO,Colorado,Gunnison,08051,DIABETES,Diagnosed diabetes among adults,Age-adjusted prevalence,AgeAdjPrv,6.5,5.6,7.5,17267,14552,,
2022,CO,Colorado,Gunnison,08051,DIABETES,Diagnosed diabetes among adults,Crude prevalence,CrdPrv,6.4,5.5,7.4,17267,14552,,
2022,CO,Colorado,Hinsdale,08053,DIABETES,Diagnosed diabetes among adults,Age-adjusted prevalence,AgeAdjPrv,6.8,5.8,7.8,775,672,,
2022,CO,Colorado,Hinsdale,08053,DIABETES,Diagnosed diabetes among adults,Crude prevalence,CrdPrv,10.7,9.1,12.3,775,672,,
2022,CO,Colorado,Huerfano,08055,DIABETES,Diagnosed diabetes among adults,Age-adjusted prevalence,AgeAdjPrv,9.6,8.3,10.9,7082,5950,,
2022,CO,Colorado,Huerfano,08055,DIABETES,Diagnosed diabetes among adults,Crude prevalence,CrdPrv,13.9,12.1,15.8,7082,5950,,
2022,CO,Colorado,Jackson,08057,DIABETES,Diagnosed diabetes among adults,Age-adjusted prevalence,AgeAdjPrv,9.2,7.9,10.6,1302,1071,,
2022,CO,Colorado,Jackson,08057,DIABETES,Diagnosed diabetes among adults,Crude prevalence,CrdPrv,12.9,11.1,14.8,1302,1071,,
2022,CO,Colorado,Jefferson,08059,DIABETES,Diagnosed diabetes among adults,Age-adjusted prevalence,AgeAdjPrv,7.2,6.3,8.3,576143,470948,,
2022,CO,Colorado,Jefferson,08059,DIABETES,Diagnosed diabetes among adults,Crude prevalence,CrdPrv,8.2,7.2,9.4,576143,470948,,
2022,CO,Colorado,Kiowa,08061,DIABETES,Diagnosed diabetes among adults,Age-adjusted prevalence,AgeAdjPrv,8.9,8.2,9.7,1424,1086,,
2022,CO,Colorado,Kiowa,08061,DIABETES,Diagnosed diabetes among adults,Crude prevalence,CrdPrv,12.1,11.1,13.2,1424,1086,,
2022,CO,Colorado,Kit Carson,08063,DIABETES,Diagnosed diabetes among adults,Age-adjusted prevalence,AgeAdjPrv,8.3,7.1,9.7,6961,5213,,
2022,CO,Colorado,Kit Carson,08063,DIABETES,Diagnosed diabetes among adults,Crude prevalence,CrdPrv,10.7,9.1,12.3,6961,5213,,
2022,CO,Colorado,Lake,08065,DIABETES,Diagnosed diabetes among adults,Age-adjusted prevalence,AgeAdjPrv,7.4,6.3,8.6,7327,5862,,
2022,CO,Colorado,Lake,08065,DIABETES,Diagnosed diabetes among adults,Crude prevalence,CrdPrv,7.9,6.8,9.2,7327,5862,,
2022,CO,Colorado,La Plata,08067,DIABETES,Diagnosed diabetes among adults,Age-adjusted prevalence,AgeAdjPrv,6.7,5.8,7.8,56607,46826,,
2022,CO,Colorado,La Plata,08067,DIABETES,Diagnosed diabetes among adults,Crude prevalence,CrdPrv,8.2,7.0,9.5,56607,46826,,
2022,CO,Colorado,Larimer,08069,DIABETES,Diagnosed diabetes among adults,Age-adjusted prevalence,AgeAdjPrv,6.5,5.6,7.5,366778,300441,,
2022,CO,Colorado,Larimer,08069,DIABETES,Diagnosed diabetes among adults,Crude prevalence,CrdPrv,6.9,5.9,8.0,366778,300441,,
2022,CO,Colorado,Las Animas,08071,DIABETES,Diagnosed diabetes among adults,Age-adjusted prevalence,AgeAdjPrv,10.5,9.0,12.1,14327,11728,,
2022,CO,Colorado,Las Animas,08071,DIABETES,Diagnosed diabetes among adults,Crude prevalence,CrdPrv,13.7,11.9,15.8,14327,11728,,
2022,CO,Colorado,Lincoln,08073,DIABETES,Diagnosed diabetes among adults,Age-adjusted prevalence,AgeAdjPrv,9.1,7.8,10.4,5510,4394,,
2022,CO,Colorado,Lincoln,08073,DIABETES,Diagnosed diabetes among adults,Crude prevalence,CrdPrv,10.3,8.9,11.9,5510,4394,,
2022,CO,Colorado,Logan,08075,DIABETES,Diagnosed diabetes among adults,Age-adjusted prevalence,AgeAdjPrv,9.3,8.0,10.7,20823,17077,,
2022,CO,Colorado,Logan,08075,DIABETES,Diagnosed diabetes among adults,Crude prevalence,CrdPrv,10.4,9.0,12.0,20823,17077,,
2022,CO,Colorado,Mesa,08077,DIABETES,Diagnosed diabetes among adults,Age-adjusted prevalence,AgeAdjPrv,7.9,6.9,9.2,158636,126505,,
2022,CO,Colorado,Mesa,08077,DIABETES,Diagnosed diabetes among adults,Crude prevalence,CrdPrv,9.4,8.2,10.9,158636,126505,,
2022,CO,Colorado,Mineral,08079,DIABETES,Diagnosed diabetes among adults,Age-adjusted prevalence,AgeAdjPrv,7.2,6.2,8.4,931,811,,
2022,CO,Colorado,Mineral,08079,DIABETES,Diagnosed diabetes among adults,Crude prevalence,CrdPrv,10.6,9.1,12.4,931,811,,
2022,CO,Colorado,Moffat,08081,DIABETES,Diagnosed diabetes among adults,Age-adjusted prevalence,AgeAdjPrv,8.9,7.6,10.2,13177,9940,,
2022,CO,Colorado,Moffat,08081,DIABETES,Diagnosed diabetes among adults,Crude prevalence,CrdPrv,10.3,8.9,11.9,13177,9940,,
2022,CO,Colorado,Montezuma,08083,DIABETES,Diagnosed diabetes among adults,Age-adjusted prevalence,AgeAdjPrv,8.9,7.7,10.3,26468,20965,,
2022,CO,Colorado,Montezuma,08083,DIABETES,Diagnosed diabetes among adults,Crude prevalence,CrdPrv,11.6,10.1,13.5,26468,20965,,
2022,CO,Colorado,Montrose,08085,DIABETES,Diagnosed diabetes among adults,Age-adjusted prevalence,AgeAdjPrv,8.3,7.0,9.6,43811,35049,,
2022,CO,Colorado,Montrose,08085,DIABETES,Diagnosed diabetes among adults,Crude prevalence,CrdPrv,11.0,9.3,12.6,43811,35049,,
2022,CO,Colorado,Morgan,08087,DIABETES,Diagnosed diabetes among adults,Age-adjusted prevalence,AgeAdjPrv,9.1,7.8,10.5,29239,21601,,
2022,CO,Colorado,Morgan,08087,DIABETES,Diagnosed diabetes among adults,Crude prevalence,CrdPrv,9.9,8.5,11.5,29239,21601,,
2022,CO,Colorado,Otero,08089,DIABETES,Diagnosed diabetes among adults,Age-adjusted prevalence,AgeAdjPrv,11.9,10.3,13.7,18303,14058,,
2022,CO,Colorado,Otero,08089,DIABETES,Diagnosed diabetes among adults,Crude prevalence,CrdPrv,14.5,12.6,16.6,18303,14058,,
2022,CO,Colorado,Ouray,08091,DIABETES,Diagnosed diabetes among adults,Age-adjusted prevalence,AgeAdjPrv,6.8,5.8,7.9,5100,4386,,
2022,CO,Colorado,Ouray,08091,DIABETES,Diagnosed diabetes among adults,Crude prevalence,CrdPrv,10.2,8.7,11.8,5100,4386,,
2022,CO,Colorado,Park,08093,DIABETES,Diagnosed diabetes among adults,Age-adjusted prevalence,AgeAdjPrv,7.0,5.9,8.1,17939,15350,,
2022,CO,Colorado,Park,08093,DIABETES,Diagnosed diabetes among adults,Crude prevalence,CrdPrv,9.5,8.1,11.1,17939,15350,,
2022,CO,Colorado,Phillips,08095,DIABETES,Diagnosed diabetes among adults,Age-adjusted prevalence,AgeAdjPrv,9.3,8.0,10.8,4449,3376,,
2022,CO,Colorado,Phillips,08095,DIABETES,Diagnosed diabetes among adults,Crude prevalence,CrdPrv,11.6,9.9,13.4,4449,3376,,
2022,CO,Colorado,Pitkin,08097,DIABETES,Diagnosed diabetes among adults,Age-adjusted prevalence,AgeAdjPrv,6.0,5.1,7.0,16876,14400,,
2022,CO,Colorado,Pitkin,08097,DIABETES,Diagnosed diabetes among adults,Crude prevalence,CrdPrv,7.5,6.4,8.8,16876,14400,,
2022,CO,Colorado,Prowers,08099,DIABETES,Diagnosed diabetes among adults,Age-adjusted prevalence,AgeAdjPrv,10.4,9.0,12.1,11854,8776,,
2022,CO,Colorado,Prowers,08099,DIABETES,Diagnosed diabetes among adults,Crude prevalence,CrdPrv,11.9,10.4,13.8,11854,8776,,
2022,CO,Colorado,Pueblo,08101,DIABETES,Diagnosed diabetes among adults,Age-adjusted prevalence,AgeAdjPrv,10.0,8.7,11.4,169544,132652,,
2022,CO,Colorado,Pueblo,08101,DIABETES,Diagnosed diabetes among adults,Crude prevalence,CrdPrv,11.7,10.2,13.4,169544,132652,,
2022,CO,Colorado,Rio Blanco,08103,DIABETES,Diagnosed diabetes among adults,Age-adjusted prevalence,AgeAdjPrv,8.0,6.9,9.3,6569,5028,,
2022,CO,Colorado,Rio Blanco,08103,DIABETES,Diagnosed diabetes among adults,Crude prevalence,CrdPrv,9.2,7.9,10.7,6569,5028,,
2022,CO,Colorado,Rio Grande,08105,DIABETES,Diagnosed diabetes among adults,Age-adjusted prevalence,AgeAdjPrv,8.8,7.5,10.2,11325,8929,,
2022,CO,Colorado,Rio Grande,08105,DIABETES,Diagnosed diabetes among adults,Crude prevalence,CrdPrv,10.9,9.4,12.5,11325,8929,,
2022,CO,Colorado,Routt,08107,DIABETES,Diagnosed diabetes among adults,Age-adjusted prevalence,AgeAdjPrv,6.6,5.6,7.7,25007,20744,,
2022,CO,Colorado,Routt,08107,DIABETES,Diagnosed diabetes among adults,Crude prevalence,CrdPrv,8.1,6.9,9.4,25007,20744,,
2022,CO,Colorado,Saguache,08109,DIABETES,Diagnosed diabetes among adults,Age-adjusted prevalence,AgeAdjPrv,10.2,8.7,11.8,6623,5386,,
2022,CO,Colorado,Saguache,08109,DIABETES,Diagnosed diabetes among adults,Crude prevalence,CrdPrv,14.4,12.3,16.4,6623,5386,,
2022,CO,Colorado,San Juan,08111,DIABETES,Diagnosed diabetes among adults,Age-adjusted prevalence,AgeAdjPrv,8.1,7.0,9.3,803,715,,
2022,CO,Colorado,San Juan,08111,DIABETES,Diagnosed diabetes among adults,Crude prevalence,CrdPrv,10.1,8.8,11.7,803,715,,
2022,CO,Colorado,San Miguel,08113,DIABETES,Diagnosed diabetes among adults,Age-adjusted prevalence,AgeAdjPrv,7.0,6.0,8.1,8003,6720,,
2022,CO,Colorado,San Miguel,08113,DIABETES,Diagnosed diabetes among adults,Crude prevalence,CrdPrv,8.3,7.1,9.6,8003,6720,,
2022,CO,Colorado,Sedgwick,08115,DIABETES,Diagnosed diabetes among adults,Age-adjusted prevalence,AgeAdjPrv,9.3,7.9,10.7,2295,1864,,
2022,CO,Colorado,Sedgwick,08115,DIABETES,Diagnosed diabetes among adults,Crude prevalence,CrdPrv,13.9,11.9,15.9,2295,1864,,
2022,CO,Colorado,Summit,08117,DIABETES,Diagnosed diabetes among adults,Age-adjusted prevalence,AgeAdjPrv,7.1,6.1,8.2,30565,25857,,
2022,CO,Colorado,Summit,08117,DIABETES,Diagnosed diabetes among adults,Crude prevalence,CrdPrv,7.8,6.7,8.9,30565,25857,,
2022,CO,Colorado,Teller,08119,DIABETES,Diagnosed diabetes among adults,Age-adjusted prevalence,AgeAdjPrv,7.0,6.0,8.1,24857,20783,,
2022,CO,Colorado,Teller,08119,DIABETES,Diagnosed diabetes among adults,Crude prevalence,CrdPrv,9.9,8.5,11.5,24857,20783,,
2022,CO,Colorado,Washington,08121,DIABETES,Diagnosed diabetes among adults,Age-adjusted prevalence,AgeAdjPrv,8.1,6.9,9.5,4812,3717,,
2022,CO,Colorado,Washington,08121,DIABETES,Diagnosed diabetes among adults,Crude prevalence,CrdPrv,10.2,8.7,11.8,4812,3717,,
2022,CO,Colorado,Weld,08123,DIABETES,Diagnosed diabetes among adults,Age-adjusted prevalence,AgeAdjPrv,8.5,7.4,9.7,350176,261765,,
2022,CO,Colorado,Weld,08123,DIABETES,Diagnosed diabetes among adults,Crude prevalence,CrdPrv,8.8,7.6,9.9,350176,261765,,
2022,CO,Colorado,Yuma,08125,DIABETES,Diagnosed diabetes among adults,Age-adjusted prevalence,AgeAdjPrv,8.9,7.7,10.3,9899,7177,,
2022,CO,Colorado,Yuma,08125,DIABETES,Diagnosed diabetes among adults,Crude prevalence,CrdPrv,10.7,9.2,12.3,9899,7177,,
2022,CT,Connecticut,Capitol,09110,DIABETES,Diagnosed diabetes among adults,Age-adjusted prevalence,AgeAdjPrv,9.4,8.5,10.2,981447,783914,,
2022,CT,Connecticut,Capitol,09110,DIABETES,Diagnosed diabetes among adults,Crude prevalence,CrdPrv,11.0,10.0,12.2,981447,783914,,
2022,CT,Connecticut,Greater Bridgeport,09120,DIABETES,Diagnosed diabetes among adults,Age-adjusted prevalence,AgeAdjPrv,9.0,8.0,10.1,327286,256834,,
2022,CT,Connecticut,Greater Bridgeport,09120,DIABETES,Diagnosed diabetes among adults,Crude prevalence,CrdPrv,9.9,8.9,11.2,327286,256834,,
2022,CT,Connecticut,Lower Connecticut River Valley,09130,DIABETES,Diagnosed diabetes among adults,Age-adjusted prevalence,AgeAdjPrv,7.7,6.9,8.5,176622,147200,,
2022,CT,Connecticut,Lower Connecticut River Valley,09130,DIABETES,Diagnosed diabetes among adults,Crude prevalence,CrdPrv,9.4,8.3,10.6,176622,147200,,
2022,CT,Connecticut,Naugatuck Valley,09140,DIABETES,Diagnosed diabetes among adults,Age-adjusted prevalence,AgeAdjPrv,8.9,8.2,9.7,454083,361187,,
2022,CT,Connecticut,Naugatuck Valley,09140,DIABETES,Diagnosed diabetes among adults,Crude prevalence,CrdPrv,11.0,10.1,12.1,454083,361187,,
2022,CT,Connecticut,Northeastern Connecticut,09150,DIABETES,Diagnosed diabetes among adults,Age-adjusted prevalence,AgeAdjPrv,8.4,7.6,9.2,96196,77351,,
2022,CT,Connecticut,Northeastern Connecticut,09150,DIABETES,Diagnosed diabetes among adults,Crude prevalence,CrdPrv,10.3,9.1,11.6,96196,77351,,
2022,CT,Connecticut,Northwest Hills,09160,DIABETES,Diagnosed diabetes among adults,Age-adjusted prevalence,AgeAdjPrv,8.2,7.4,9.0,113234,92019,,
2022,CT,Connecticut,Northwest Hills,09160,DIABETES,Diagnosed diabetes among adults,Crude prevalence,CrdPrv,10.7,9.5,12.0,113234,92019,,
2022,CT,Connecticut,South Central Connecticut,09170,DIABETES,Diagnosed diabetes among adults,Age-adjusted prevalence,AgeAdjPrv,9.6,8.5,10.8,573244,461701,,
2022,CT,Connecticut,South Central Connecticut,09170,DIABETES,Diagnosed diabetes among adults,Crude prevalence,CrdPrv,10.8,9.6,12.0,573244,461701,,
2022,CT,Connecticut,Southeastern Connecticut,09180,DIABETES,Diagnosed diabetes among adults,Age-adjusted prevalence,AgeAdjPrv,9.1,8.2,10.0,280403,227536,,
2022,CT,Connecticut,Southeastern Connecticut,09180,DIABETES,Diagnosed diabetes among adults,Crude prevalence,CrdPrv,10.8,9.5,12.1,280403,227536,,
2022,CT,Connecticut,Western Connecticut,09190,DIABETES,Diagnosed diabetes among adults,Age-adjusted prevalence,AgeAdjPrv,7.7,6.9,8.4,623690,487433,,
2022,CT,Connecticut,Western Connecticut,09190,DIABETES,Diagnosed diabetes among adults,Crude prevalence,CrdPrv,8.4,7.5,9.5,623690,487433,,
2022,DE,Delaware,Kent,10001,DIABETES,Diagnosed diabetes among adults,Age-adjusted prevalence,AgeAdjPrv,11.1,9.8,12.5,186946,144450,,
2022,DE,Delaware,Kent,10001,DIABETES,Diagnosed diabetes among adults,Crude prevalence,CrdPrv,12.8,11.3,14.4,186946,144450,,
2022,DE,Delaware,New Castle,10003,DIABETES,Diagnosed diabetes among adults,Age-adjusted prevalence,AgeAdjPrv,11.6,10.3,13.2,575494,454447,,
2022,DE,Delaware,New Castle,10003,DIABETES,Diagnosed diabetes among adults,Crude prevalence,CrdPrv,13.1,11.7,14.9,575494,454447,,
2022,DE,Delaware,Sussex,10005,DIABETES,Diagnosed diabetes among adults,Age-adjusted prevalence,AgeAdjPrv,9.9,8.6,11.3,255956,211372,,
2022,DE,Delaware,Sussex,10005,DIABETES,Diagnosed diabetes among adults,Crude prevalence,CrdPrv,14.2,12.5,16.0,255956,211372,,
2022,DC,District of Columbia,District of Columbia,11001,DIABETES,Diagnosed diabetes among adults,Age-adjusted prevalence,AgeAdjPrv,8.7,7.5,9.9,671803,547328,,
2022,DC,District of Columbia,District of Columbia,11001,DIABETES,Diagnosed diabetes among adults,Crude prevalence,CrdPrv,7.9,6.9,9.0,671803,547328,,
2022,FL,Florida,Alachua,12001,DIABETES,Diagnosed diabetes among adults,Age-adjusted prevalence,AgeAdjPrv,10.9,9.6,12.4,284030,234132,,
2022,FL,Florida,Alachua,12001,DIABETES,Diagnosed diabetes among adults,Crude prevalence,CrdPrv,10.1,8.8,11.4,284030,234132,,
2022,FL,Florida,Baker,12003,DIABETES,Diagnosed diabetes among adults,Age-adjusted prevalence,AgeAdjPrv,10.6,9.2,12.1,27803,20963,,
2022,FL,Florida,Baker,12003,DIABETES,Diagnosed diabetes among adults,Crude prevalence,CrdPrv,11.8,10.3,13.5,27803,20963,,
2022,FL,Florida,Bay,12005,DIABETES,Diagnosed diabetes among adults,Age-adjusted prevalence,AgeAdjPrv,9.8,8.6,11.3,185134,146608,,
2022,FL,Florida,Bay,12005,DIABETES,Diagnosed diabetes among adults,Crude prevalence,CrdPrv,11.6,10.1,13.3,185134,146608,,
2022,FL,Florida,Bradford,12007,DIABETES,Diagnosed diabetes among adults,Age-adjusted prevalence,AgeAdjPrv,12.1,10.6,13.8,27313,21654,,
2022,FL,Florida,Bradford,12007,DIABETES,Diagnosed diabetes among adults,Crude prevalence,CrdPrv,14.1,12.4,16.0,27313,21654,,
2022,FL,Florida,Brevard,12009,DIABETES,Diagnosed diabetes among adults,Age-adjusted prevalence,AgeAdjPrv,9.6,8.3,10.9,630693,517814,,
2022,FL,Florida,Brevard,12009,DIABETES,Diagnosed diabetes among adults,Crude prevalence,CrdPrv,12.6,11.0,14.3,630693,517814,,
2022,FL,Florida,Broward,12011,DIABETES,Diagnosed diabetes among adults,Age-adjusted prevalence,AgeAdjPrv,12.0,10.5,13.5,1947026,1546932,,
2022,FL,Florida,Broward,12011,DIABETES,Diagnosed diabetes among adults,Crude prevalence,CrdPrv,14.1,12.4,15.8,1947026,1546932,,
2022,FL,Florida,Calhoun,12013,DIABETES,Diagnosed diabetes among adults,Age-adjusted prevalence,AgeAdjPrv,11.9,10.4,13.6,13464,10734,,
2022,FL,Florida,Calhoun,12013,DIABETES,Diagnosed diabetes among adults,Crude prevalence,CrdPrv,14.1,12.4,16.0,13464,10734,,
2022,FL,Florida,Charlotte,12015,DIABETES,Diagnosed diabetes among adults,Age-adjusted prevalence,AgeAdjPrv,9.7,8.4,10.9,202661,178868,,
2022,FL,Florida,Charlotte,12015,DIABETES,Diagnosed diabetes among adults,Crude prevalence,CrdPrv,15.3,13.4,17.4,202661,178868,,
2022,FL,Florida,Citrus,12017,DIABETES,Diagnosed diabetes among adults,Age-adjusted prevalence,AgeAdjPrv,9.7,8.4,10.9,162529,138752,,
2022,FL,Florida,Citrus,12017,DIABETES,Diagnosed diabetes among adults,Crude prevalence,CrdPrv,15.2,13.3,17.1,162529,138752,,
2022,FL,Florida,Clay,12019,DIABETES,Diagnosed diabetes among adults,Age-adjusted prevalence,AgeAdjPrv,9.9,8.6,11.3,226589,175447,,
2022,FL,Florida,Clay,12019,DIABETES,Diagnosed diabetes among adults,Crude prevalence,CrdPrv,11.5,10.1,13.1,226589,175447,,
2022,FL,Florida,Collier,12021,DIABETES,Diagnosed diabetes among adults,Age-adjusted prevalence,AgeAdjPrv,9.7,8.5,11.1,397994,333463,,
2022,FL,Florida,Collier,12021,DIABETES,Diagnosed diabetes among adults,Crude prevalence,CrdPrv,13.5,11.8,15.4,397994,333463,,
2022,FL,Florida,Columbia,12023,DIABETES,Diagnosed diabetes among adults,Age-adjusted prevalence,AgeAdjPrv,11.8,10.3,13.3,71908,56211,,
2022,FL,Florida,Columbia,12023,DIABETES,Diagnosed diabetes among adults,Crude prevalence,CrdPrv,14.2,12.5,16.0,71908,56211,,
2022,FL,Florida,DeSoto,12027,DIABETES,Diagnosed diabetes among adults,Age-adjusted prevalence,AgeAdjPrv,14.7,13.0,16.6,35312,29030,,
2022,FL,Florida,DeSoto,12027,DIABETES,Diagnosed diabetes among adults,Crude prevalence,CrdPrv,17.5,15.4,19.6,35312,29030,,
2022,FL,Florida,Dixie,12029,DIABETES,Diagnosed diabetes among adults,Age-adjusted prevalence,AgeAdjPrv,12.2,10.7,13.8,17124,14033,,
2022,FL,Florida,Dixie,12029,DIABETES,Diagnosed diabetes among adults,Crude prevalence,CrdPrv,15.7,13.9,17.8,17124,14033,,
2022,FL,Florida,Duval,12031,DIABETES,Diagnosed diabetes among adults,Age-adjusted prevalence,AgeAdjPrv,11.9,10.5,13.3,1016536,790758,,
2022,FL,Florida,Duval,12031,DIABETES,Diagnosed diabetes among adults,Crude prevalence,CrdPrv,12.7,11.2,14.3,1016536,790758,,
2022,FL,Florida,Escambia,12033,DIABETES,Diagnosed diabetes among adults,Age-adjusted prevalence,AgeAdjPrv,10.9,9.5,12.3,324878,257637,,
2022,FL,Florida,Escambia,12033,DIABETES,Diagnosed diabetes among adults,Crude prevalence,CrdPrv,12.2,10.7,13.8,324878,257637,,
2022,FL,Florida,Flagler,12035,DIABETES,Diagnosed diabetes among adults,Age-adjusted prevalence,AgeAdjPrv,9.7,8.5,10.9,126705,106423,,
2022,FL,Florida,Flagler,12035,DIABETES,Diagnosed diabetes among adults,Crude prevalence,CrdPrv,14.5,12.8,16.3,126705,106423,,
2022,FL,Florida,Franklin,12037,DIABETES,Diagnosed diabetes among adults,Age-adjusted prevalence,AgeAdjPrv,10.9,9.6,12.4,12498,10625,,
2022,FL,Florida,Franklin,12037,DIABETES,Diagnosed diabetes among adults,Crude prevalence,CrdPrv,14.2,12.5,16.1,12498,10625,,
2022,FL,Florida,Gadsden,12039,DIABETES,Diagnosed diabetes among adults,Age-adjusted prevalence,AgeAdjPrv,13.8,12.3,15.6,43403,33991,,
2022,FL,Florida,Gadsden,12039,DIABETES,Diagnosed diabetes among adults,Crude prevalence,CrdPrv,16.9,15.0,18.9,43403,33991,,
2022,FL,Florida,Gilchrist,12041,DIABETES,Diagnosed diabetes among adults,Age-adjusted prevalence,AgeAdjPrv,10.3,9.0,11.8,18992,15076,,
2022,FL,Florida,Gilchrist,12041,DIABETES,Diagnosed diabetes among adults,Crude prevalence,CrdPrv,13.0,11.3,14.8,18992,15076,,
2022,FL,Florida,Glades,12043,DIABETES,Diagnosed diabetes among adults,Age-adjusted prevalence,AgeAdjPrv,13.9,12.1,15.7,12454,10791,,
2022,FL,Florida,Glades,12043,DIABETES,Diagnosed diabetes among adults,Crude prevalence,CrdPrv,17.5,15.5,19.8,12454,10791,,
2022,FL,Florida,Gulf,12045,DIABETES,Diagnosed diabetes among adults,Age-adjusted prevalence,AgeAdjPrv,10.6,9.3,12.0,15314,12762,,
2022,FL,Florida,Gulf,12045,DIABETES,Diagnosed diabetes among adults,Crude prevalence,CrdPrv,13.5,11.9,15.2,15314,12762,,
2022,FL,Florida,Hamilton,12047,DIABETES,Diagnosed diabetes among adults,Age-adjusted prevalence,AgeAdjPrv,13.6,11.9,15.3,13217,10480,,
2022,FL,Florida,Hamilton,12047,DIABETES,Diagnosed diabetes among adults,Crude prevalence,CrdPrv,16.2,14.4,18.3,13217,10480,,
2022,FL,Florida,Hardee,12049,DIABETES,Diagnosed diabetes among adults,Age-adjusted prevalence,AgeAdjPrv,14.4,12.6,16.2,25645,19179,,
2022,FL,Florida,Hardee,12049,DIABETES,Diagnosed diabetes among adults,Crude prevalence,CrdPrv,15.5,13.6,17.4,25645,19179,,
2022,FL,Florida,Hendry,12051,DIABETES,Diagnosed diabetes among adults,Age-adjusted prevalence,AgeAdjPrv,15.1,13.1,17.2,41339,30959,,
2022,FL,Florida,Hendry,12051,DIABETES,Diagnosed diabetes among adults,Crude prevalence,CrdPrv,15.6,13.5,17.7,41339,30959,,
2022,FL,Florida,Hernando,12053,DIABETES,Diagnosed diabetes among adults,Age-adjusted prevalence,AgeAdjPrv,11.0,9.6,12.4,206896,168742,,
2022,FL,Florida,Hernando,12053,DIABETES,Diagnosed diabetes among adults,Crude prevalence,CrdPrv,14.8,13.0,16.7,206896,168742,,
2022,FL,Florida,Highlands,12055,DIABETES,Diagnosed diabetes among adults,Age-adjusted prevalence,AgeAdjPrv,11.8,10.4,13.2,105618,88137,,
2022,FL,Florida,Highlands,12055,DIABETES,Diagnosed diabetes among adults,Crude prevalence,CrdPrv,17.3,15.4,19.3,105618,88137,,
2022,FL,Florida,Hillsborough,12057,DIABETES,Diagnosed diabetes among adults,Age-adjusted prevalence,AgeAdjPrv,11.2,9.9,12.6,1513301,1187875,,
2022,FL,Florida,Hillsborough,12057,DIABETES,Diagnosed diabetes among adults,Crude prevalence,CrdPrv,12.0,10.6,13.4,1513301,1187875,,
2022,FL,Florida,Holmes,12059,DIABETES,Diagnosed diabetes among adults,Age-adjusted prevalence,AgeAdjPrv,11.4,10.0,12.9,19651,15633,,
2022,FL,Florida,Holmes,12059,DIABETES,Diagnosed diabetes among adults,Crude prevalence,CrdPrv,13.9,12.2,15.7,19651,15633,,
2022,FL,Florida,Indian River,12061,DIABETES,Diagnosed diabetes among adults,Age-adjusted prevalence,AgeAdjPrv,10.0,8.7,11.4,167352,142644,,
2022,FL,Florida,Indian River,12061,DIABETES,Diagnosed diabetes among adults,Crude prevalence,CrdPrv,14.7,12.8,16.7,167352,142644,,
2022,FL,Florida,Jackson,12063,DIABETES,Diagnosed diabetes among adults,Age-adjusted prevalence,AgeAdjPrv,13.1,11.6,14.8,48211,39234,,
2022,FL,Florida,Jackson,12063,DIABETES,Diagnosed diabetes among adults,Crude prevalence,CrdPrv,15.6,13.8,17.5,48211,39234,,
2022,FL,Florida,Jefferson,12065,DIABETES,Diagnosed diabetes among adults,Age-adjusted prevalence,AgeAdjPrv,11.7,10.2,13.3,15042,12508,,
2022,FL,Florida,Jefferson,12065,DIABETES,Diagnosed diabetes among adults,Crude prevalence,CrdPrv,15.4,13.5,17.4,15042,12508,,
2022,FL,Florida,Lafayette,12067,DIABETES,Diagnosed diabetes among adults,Age-adjusted prevalence,AgeAdjPrv,12.8,11.1,14.5,7786,6280,,
2022,FL,Florida,Lafayette,12067,DIABETES,Diagnosed diabetes among adults,Crude prevalence,CrdPrv,14.7,12.8,16.6,7786,6280,,
2022,FL,Florida,Lake,12069,DIABETES,Diagnosed diabetes among adults,Age-adjusted prevalence,AgeAdjPrv,11.3,9.9,12.6,410139,332891,,
2022,FL,Florida,Lake,12069,DIABETES,Diagnosed diabetes among adults,Crude prevalence,CrdPrv,14.9,13.1,16.7,410139,332891,,
2022,FL,Florida,Lee,12071,DIABETES,Diagnosed diabetes among adults,Age-adjusted prevalence,AgeAdjPrv,10.1,8.9,11.4,822453,683510,,
2022,FL,Florida,Lee,12071,DIABETES,Diagnosed diabetes among adults,Crude prevalence,CrdPrv,14.0,12.3,15.8,822453,683510,,
2022,FL,Florida,Leon,12073,DIABETES,Diagnosed diabetes among adults,Age-adjusted prevalence,AgeAdjPrv,10.7,9.3,12.2,297369,243063,,
2022,FL,Florida,Leon,12073,DIABETES,Diagnosed diabetes among adults,Crude prevalence,CrdPrv,10.0,8.7,11.3,297369,243063,,
2022,FL,Florida,Levy,12075,DIABETES,Diagnosed diabetes among adults,Age-adjusted prevalence,AgeAdjPrv,10.3,9.0,11.6,45260,36517,,
2022,FL,Florida,Levy,12075,DIABETES,Diagnosed diabetes among adults,Crude prevalence,CrdPrv,14.2,12.4,15.9,45260,36517,,
2022,FL,Florida,Liberty,12077,DIABETES,Diagnosed diabetes among adults,Age-adjusted prevalence,AgeAdjPrv,12.4,10.9,14.1,7603,6289,,
2022,FL,Florida,Liberty,12077,DIABETES,Diagnosed diabetes among adults,Crude prevalence,CrdPrv,13.6,12.0,15.4,7603,6289,,
2022,FL,Florida,Madison,12079,DIABETES,Diagnosed diabetes among adults,Age-adjusted prevalence,AgeAdjPrv,14.0,12.3,15.8,18198,14913,,
2022,FL,Florida,Madison,12079,DIABETES,Diagnosed diabetes among adults,Crude prevalence,CrdPrv,17.1,15.1,19.3,18198,14913,,
2022,FL,Florida,Manatee,12081,DIABETES,Diagnosed diabetes among adults,Age-adjusted prevalence,AgeAdjPrv,10.4,9.1,11.8,429125,355651,,
2022,FL,Florida,Manatee,12081,DIABETES,Diagnosed diabetes among adults,Crude prevalence,CrdPrv,14.2,12.5,16.1,429125,355651,,
2022,FL,Florida,Marion,12083,DIABETES,Diagnosed diabetes among adults,Age-adjusted prevalence,AgeAdjPrv,11.3,9.9,12.8,396415,322862,,
2022,FL,Florida,Marion,12083,DIABETES,Diagnosed diabetes among adults,Crude prevalence,CrdPrv,15.6,13.7,17.6,396415,322862,,
2022,FL,Florida,Martin,12085,DIABETES,Diagnosed diabetes among adults,Age-adjusted prevalence,AgeAdjPrv,9.1,7.9,10.3,162006,136479,,
2022,FL,Florida,Martin,12085,DIABETES,Diagnosed diabetes among adults,Crude prevalence,CrdPrv,13.1,11.4,14.8,162006,136479,,
2022,FL,Florida,Miami-Dade,12086,DIABETES,Diagnosed diabetes among adults,Age-adjusted prevalence,AgeAdjPrv,13.3,11.8,15.1,2673837,2144924,,
2022,FL,Florida,Miami-Dade,12086,DIABETES,Diagnosed diabetes among adults,Crude prevalence,CrdPrv,15.3,13.6,17.3,2673837,2144924,,
2022,FL,Florida,Monroe,12087,DIABETES,Diagnosed diabetes among adults,Age-adjusted prevalence,AgeAdjPrv,9.5,8.3,10.8,81708,69005,,
2022,FL,Florida,Monroe,12087,DIABETES,Diagnosed diabetes among adults,Crude prevalence,CrdPrv,12.6,11.1,14.3,81708,69005,,
2022,FL,Florida,Nassau,12089,DIABETES,Diagnosed diabetes among adults,Age-adjusted prevalence,AgeAdjPrv,8.9,7.8,10.1,97899,79126,,
2022,FL,Florida,Nassau,12089,DIABETES,Diagnosed diabetes among adults,Crude prevalence,CrdPrv,12.0,10.5,13.5,97899,79126,,
2022,FL,Florida,Okaloosa,12091,DIABETES,Diagnosed diabetes among adults,Age-adjusted prevalence,AgeAdjPrv,9.8,8.6,11.1,216482,168344,,
2022,FL,Florida,Okaloosa,12091,DIABETES,Diagnosed diabetes among adults,Crude prevalence,CrdPrv,10.9,9.6,12.3,216482,168344,,
2022,FL,Florida,Okeechobee,12093,DIABETES,Diagnosed diabetes among adults,Age-adjusted prevalence,AgeAdjPrv,12.6,11.1,14.3,40412,31622,,
2022,FL,Florida,Okeechobee,12093,DIABETES,Diagnosed diabetes among adults,Crude prevalence,CrdPrv,15.2,13.4,17.2,40412,31622,,
2022,FL,Florida,Orange,12095,DIABETES,Diagnosed diabetes among adults,Age-adjusted prevalence,AgeAdjPrv,11.5,10.1,12.9,1452726,1145993,,
2022,FL,Florida,Orange,12095,DIABETES,Diagnosed diabetes among adults,Crude prevalence,CrdPrv,11.6,10.1,13.0,1452726,1145993,,
2022,FL,Florida,Osceola,12097,DIABETES,Diagnosed diabetes among adults,Age-adjusted prevalence,AgeAdjPrv,12.8,11.2,14.4,422545,321852,,
2022,FL,Florida,Osceola,12097,DIABETES,Diagnosed diabetes among adults,Crude prevalence,CrdPrv,13.4,11.8,15.1,422545,321852,,
2022,FL,Florida,Palm Beach,12099,DIABETES,Diagnosed diabetes among adults,Age-adjusted prevalence,AgeAdjPrv,10.1,8.8,11.4,1518477,1236609,,
2022,FL,Florida,Palm Beach,12099,DIABETES,Diagnosed diabetes among adults,Crude prevalence,CrdPrv,13.2,11.6,14.8,1518477,1236609,,
2022,FL,Florida,Pasco,12101,DIABETES,Diagnosed diabetes among adults,Age-adjusted prevalence,AgeAdjPrv,9.9,8.7,11.3,608794,486398,,
2022,FL,Florida,Pasco,12101,DIABETES,Diagnosed diabetes among adults,Crude prevalence,CrdPrv,12.3,10.8,13.9,608794,486398,,
2022,FL,Florida,Pinellas,12103,DIABETES,Diagnosed diabetes among adults,Age-adjusted prevalence,AgeAdjPrv,9.4,8.2,10.8,961739,815198,,
2022,FL,Florida,Pinellas,12103,DIABETES,Diagnosed diabetes among adults,Crude prevalence,CrdPrv,12.6,11.0,14.4,961739,815198,,
2022,FL,Florida,Polk,12105,DIABETES,Diagnosed diabetes among adults,Age-adjusted prevalence,AgeAdjPrv,12.8,11.2,14.6,787404,615625,,
2022,FL,Florida,Polk,12105,DIABETES,Diagnosed diabetes among adults,Crude prevalence,CrdPrv,14.6,12.8,16.6,787404,615625,,
2022,FL,Florida,Putnam,12107,DIABETES,Diagnosed diabetes among adults,Age-adjusted prevalence,AgeAdjPrv,12.7,11.1,14.3,74731,59029,,
2022,FL,Florida,Putnam,12107,DIABETES,Diagnosed diabetes among adults,Crude prevalence,CrdPrv,16.5,14.5,18.5,74731,59029,,
2022,FL,Florida,St. Johns,12109,DIABETES,Diagnosed diabetes among adults,Age-adjusted prevalence,AgeAdjPrv,7.6,6.6,8.8,306841,241439,,
2022,FL,Florida,St. Johns,12109,DIABETES,Diagnosed diabetes among adults,Crude prevalence,CrdPrv,9.8,8.4,11.3,306841,241439,,
2022,FL,Florida,St. Lucie,12111,DIABETES,Diagnosed diabetes among adults,Age-adjusted prevalence,AgeAdjPrv,11.5,10.0,13.1,358704,288826,,
2022,FL,Florida,St. Lucie,12111,DIABETES,Diagnosed diabetes among adults,Crude prevalence,CrdPrv,14.8,12.9,16.7,358704,288826,,
2022,FL,Florida,Santa Rosa,12113,DIABETES,Diagnosed diabetes among adults,Age-adjusted prevalence,AgeAdjPrv,9.4,8.2,10.7,198268,155273,,
2022,FL,Florida,Santa Rosa,12113,DIABETES,Diagnosed diabetes among adults,Crude prevalence,CrdPrv,10.9,9.5,12.4,198268,155273,,
2022,FL,Florida,Sarasota,12115,DIABETES,Diagnosed diabetes among adults,Age-adjusted prevalence,AgeAdjPrv,8.2,7.1,9.3,462286,398795,,
2022,FL,Florida,Sarasota,12115,DIABETES,Diagnosed diabetes among adults,Crude prevalence,CrdPrv,12.6,11.0,14.2,462286,398795,,
2022,FL,Florida,Seminole,12117,DIABETES,Diagnosed diabetes among adults,Age-adjusted prevalence,AgeAdjPrv,10.0,8.7,11.4,478772,380925,,
2022,FL,Florida,Seminole,12117,DIABETES,Diagnosed diabetes among adults,Crude prevalence,CrdPrv,11.2,9.8,12.8,478772,380925,,
2022,FL,Florida,Sumter,12119,DIABETES,Diagnosed diabetes among adults,Age-adjusted prevalence,AgeAdjPrv,9.4,8.3,10.7,144970,134655,,
2022,FL,Florida,Sumter,12119,DIABETES,Diagnosed diabetes among adults,Crude prevalence,CrdPrv,16.5,14.5,18.6,144970,134655,,
2022,FL,Florida,Suwannee,12121,DIABETES,Diagnosed diabetes among adults,Age-adjusted prevalence,AgeAdjPrv,11.3,9.8,12.8,45411,35973,,
2022,FL,Florida,Suwannee,12121,DIABETES,Diagnosed diabetes among adults,Crude prevalence,CrdPrv,14.3,12.5,16.1,45411,35973,,
2022,FL,Florida,Taylor,12123,DIABETES,Diagnosed diabetes among adults,Age-adjusted prevalence,AgeAdjPrv,12.1,10.6,13.6,21283,16886,,
2022,FL,Florida,Taylor,12123,DIABETES,Diagnosed diabetes among adults,Crude prevalence,CrdPrv,15.2,13.4,17.1,21283,16886,,
2022,FL,Florida,Union,12125,DIABETES,Diagnosed diabetes among adults,Age-adjusted prevalence,AgeAdjPrv,12.4,10.9,14.1,15460,11994,,
2022,FL,Florida,Union,12125,DIABETES,Diagnosed diabetes among adults,Crude prevalence,CrdPrv,13.7,12.0,15.5,15460,11994,,
2022,FL,Florida,Volusia,12127,DIABETES,Diagnosed diabetes among adults,Age-adjusted prevalence,AgeAdjPrv,9.8,8.6,11.2,579192,478857,,
2022,FL,Florida,Volusia,12127,DIABETES,Diagnosed diabetes among adults,Crude prevalence,CrdPrv,12.5,11.0,14.2,579192,478857,,
2022,FL,Florida,Wakulla,12129,DIABETES,Diagnosed diabetes among adults,Age-adjusted prevalence,AgeAdjPrv,10.3,9.0,11.7,35178,27911,,
2022,FL,Florida,Wakulla,12129,DIABETES,Diagnosed diabetes among adults,Crude prevalence,CrdPrv,12.0,10.4,13.5,35178,27911,,
2022,FL,Florida,Walton,12131,DIABETES,Diagnosed diabetes among adults,Age-adjusted prevalence,AgeAdjPrv,9.4,8.2,10.7,83304,66359,,
2022,FL,Florida,Walton,12131,DIABETES,Diagnosed diabetes among adults,Crude prevalence,CrdPrv,11.8,10.3,13.5,83304,66359,,
2022,FL,Florida,Washington,12133,DIABETES,Diagnosed diabetes among adults,Age-adjusted prevalence,AgeAdjPrv,11.7,10.2,13.3,25414,20301,,
2022,FL,Florida,Washington,12133,DIABETES,Diagnosed diabetes among adults,Crude prevalence,CrdPrv,13.7,12.0,15.4,25414,20301,,
2022,GA,Georgia,Appling,13001,DIABETES,Diagnosed diabetes among adults,Age-adjusted prevalence,AgeAdjPrv,12.7,11.1,14.4,18428,13902,,
2022,GA,Georgia,Appling,13001,DIABETES,Diagnosed diabetes among adults,Crude prevalence,CrdPrv,15.1,13.2,17.1,18428,13902,,
2022,GA,Georgia,Atkinson,13003,DIABETES,Diagnosed diabetes among adults,Age-adjusted prevalence,AgeAdjPrv,15.0,13.2,17.1,8183,6146,,
2022,GA,Georgia,Atkinson,13003,DIABETES,Diagnosed diabetes among adults,Crude prevalence,CrdPrv,16.4,14.4,18.6,8183,6146,,
2022,GA,Georgia,Bacon,13005,DIABETES,Diagnosed diabetes among adults,Age-adjusted prevalence,AgeAdjPrv,12.7,11.0,14.5,11191,8344,,
2022,GA,Georgia,Bacon,13005,DIABETES,Diagnosed diabetes among adults,Crude prevalence,CrdPrv,14.5,12.7,16.6,11191,8344,,
2022,GA,Georgia,Baker,13007,DIABETES,Diagnosed diabetes among adults,Age-adjusted prevalence,AgeAdjPrv,14.3,12.5,16.2,2788,2253,,
2022,GA,Georgia,Baker,13007,DIABETES,Diagnosed diabetes among adults,Crude prevalence,CrdPrv,19.9,17.6,22.4,2788,2253,,
2022,GA,Georgia,Baldwin,13009,DIABETES,Diagnosed diabetes among adults,Age-adjusted prevalence,AgeAdjPrv,13.7,11.9,15.5,43635,35708,,
2022,GA,Georgia,Baldwin,13009,DIABETES,Diagnosed diabetes among adults,Crude prevalence,CrdPrv,14.3,12.5,16.2,43635,35708,,
2022,GA,Georgia,Banks,13011,DIABETES,Diagnosed diabetes among adults,Age-adjusted prevalence,AgeAdjPrv,10.9,9.4,12.6,19328,15238,,
2022,GA,Georgia,Banks,13011,DIABETES,Diagnosed diabetes among adults,Crude prevalence,CrdPrv,12.9,11.2,14.8,19328,15238,,
2022,GA,Georgia,Barrow,13013,DIABETES,Diagnosed diabetes among adults,Age-adjusted prevalence,AgeAdjPrv,11.0,9.5,12.5,89299,67125,,
2022,GA,Georgia,Barrow,13013,DIABETES,Diagnosed diabetes among adults,Crude prevalence,CrdPrv,11.4,9.9,13.0,89299,67125,,
2022,GA,Georgia,Bartow,13015,DIABETES,Diagnosed diabetes among adults,Age-adjusted prevalence,AgeAdjPrv,10.6,9.2,12.1,112816,86801,,
2022,GA,Georgia,Bartow,13015,DIABETES,Diagnosed diabetes among adults,Crude prevalence,CrdPrv,11.7,10.2,13.5,112816,86801,,
2022,GA,Georgia,Ben Hill,13017,DIABETES,Diagnosed diabetes among adults,Age-adjusted prevalence,AgeAdjPrv,14.7,12.9,16.6,17069,12891,,
2022,GA,Georgia,Ben Hill,13017,DIABETES,Diagnosed diabetes among adults,Crude prevalence,CrdPrv,17.3,15.3,19.6,17069,12891,,
2022,GA,Georgia,Berrien,13019,DIABETES,Diagnosed diabetes among adults,Age-adjusted prevalence,AgeAdjPrv,12.2,10.6,14.0,18214,13988,,
2022,GA,Georgia,Berrien,13019,DIABETES,Diagnosed diabetes among adults,Crude prevalence,CrdPrv,14.6,12.7,16.6,18214,13988,,
2022,GA,Georgia,Bibb,13021,DIABETES,Diagnosed diabetes among adults,Age-adjusted prevalence,AgeAdjPrv,14.2,12.6,16.1,156197,118426,,
2022,GA,Georgia,Bibb,13021,DIABETES,Diagnosed diabetes among adults,Crude prevalence,CrdPrv,15.7,13.9,17.7,156197,118426,,
2022,GA,Georgia,Bleckley,13023,DIABETES,Diagnosed diabetes among adults,Age-adjusted prevalence,AgeAdjPrv,11.4,9.8,13.0,12257,9793,,
2022,GA,Georgia,Bleckley,13023,DIABETES,Diagnosed diabetes among adults,Crude prevalence,CrdPrv,13.1,11.3,14.9,12257,9793,,
2022,GA,Georgia,Brantley,13025,DIABETES,Diagnosed diabetes among adults,Age-adjusted prevalence,AgeAdjPrv,11.4,9.9,13.0,18183,13987,,
2022,GA,Georgia,Brantley,13025,DIABETES,Diagnosed diabetes among adults,Crude prevalence,CrdPrv,13.8,12.0,15.7,18183,13987,,
2022,GA,Georgia,Brooks,13027,DIABETES,Diagnosed diabetes among adults,Age-adjusted prevalence,AgeAdjPrv,14.7,12.9,16.6,16253,12829,,
2022,GA,Georgia,Brooks,13027,DIABETES,Diagnosed diabetes among adults,Crude prevalence,CrdPrv,18.5,16.3,20.7,16253,12829,,
2022,GA,Georgia,Bryan,13029,DIABETES,Diagnosed diabetes among adults,Age-adjusted prevalence,AgeAdjPrv,9.7,8.5,11.2,48225,34280,,
2022,GA,Georgia,Bryan,13029,DIABETES,Diagnosed diabetes among adults,Crude prevalence,CrdPrv,9.8,8.5,11.2,48225,34280,,
2022,GA,Georgia,Bulloch,13031,DIABETES,Diagnosed diabetes among adults,Age-adjusted prevalence,AgeAdjPrv,12.3,10.7,13.9,83059,66741,,
2022,GA,Georgia,Bulloch,13031,DIABETES,Diagnosed diabetes among adults,Crude prevalence,CrdPrv,10.8,9.4,12.2,83059,66741,,
2022,GA,Georgia,Burke,13033,DIABETES,Diagnosed diabetes among adults,Age-adjusted prevalence,AgeAdjPrv,13.4,11.7,15.3,24388,18410,,
2022,GA,Georgia,Burke,13033,DIABETES,Diagnosed diabetes among adults,Crude prevalence,CrdPrv,15.8,13.9,18.0,24388,18410,,
2022,GA,Georgia,Butts,13035,DIABETES,Diagnosed diabetes among adults,Age-adjusted prevalence,AgeAdjPrv,12.1,10.6,13.8,26649,21227,,
2022,GA,Georgia,Butts,13035,DIABETES,Diagnosed diabetes among adults,Crude prevalence,CrdPrv,13.0,11.4,14.8,26649,21227,,
2022,GA,Georgia,Calhoun,13037,DIABETES,Diagnosed diabetes among adults,Age-adjusted prevalence,AgeAdjPrv,16.8,14.8,19.0,5469,4621,,
2022,GA,Georgia,Calhoun,13037,DIABETES,Diagnosed diabetes among adults,Crude prevalence,CrdPrv,17.6,15.5,19.9,5469,4621,,
2022,GA,Georgia,Camden,13039,DIABETES,Diagnosed diabetes among adults,Age-adjusted prevalence,AgeAdjPrv,11.5,10.0,13.1,57013,43344,,
2022,GA,Georgia,Camden,13039,DIABETES,Diagnosed diabetes among adults,Crude prevalence,CrdPrv,11.8,10.4,13.5,57013,43344,,
2022,GA,Georgia,Candler,13043,DIABETES,Diagnosed diabetes among adults,Age-adjusted prevalence,AgeAdjPrv,13.6,12.0,15.5,11000,8157,,
2022,GA,Georgia,Candler,13043,DIABETES,Diagnosed diabetes among adults,Crude prevalence,CrdPrv,16.3,14.4,18.5,11000,8157,,
2022,GA,Georgia,Carroll,13045,DIABETES,Diagnosed diabetes among adults,Age-adjusted prevalence,AgeAdjPrv,11.0,9.6,12.7,124592,95278,,
2022,GA,Georgia,Carroll,13045,DIABETES,Diagnosed diabetes among adults,Crude prevalence,CrdPrv,11.4,10.0,13.2,124592,95278,,
2022,GA,Georgia,Catoosa,13047,DIABETES,Diagnosed diabetes among adults,Age-adjusted prevalence,AgeAdjPrv,9.4,8.1,10.7,68826,53727,,
2022,GA,Georgia,Catoosa,13047,DIABETES,Diagnosed diabetes among adults,Crude prevalence,CrdPrv,11.3,9.8,12.9,68826,53727,,
2022,GA,Georgia,Charlton,13049,DIABETES,Diagnosed diabetes among adults,Age-adjusted prevalence,AgeAdjPrv,13.7,12.0,15.6,12781,10496,,
2022,GA,Georgia,Charlton,13049,DIABETES,Diagnosed diabetes among adults,Crude prevalence,CrdPrv,14.7,12.8,16.7,12781,10496,,
2022,GA,Georgia,Chatham,13051,DIABETES,Diagnosed diabetes among adults,Age-adjusted prevalence,AgeAdjPrv,11.6,10.3,13.1,301107,239767,,
2022,GA,Georgia,Chatham,13051,DIABETES,Diagnosed diabetes among adults,Crude prevalence,CrdPrv,12.5,11.1,14.1,301107,239767,,
2022,GA,Georgia,Chattahoochee,13053,DIABETES,Diagnosed diabetes among adults,Age-adjusted prevalence,AgeAdjPrv,14.2,12.4,16.0,8819,6814,,
2022,GA,Georgia,Chattahoochee,13053,DIABETES,Diagnosed diabetes among adults,Crude prevalence,CrdPrv,7.5,6.5,8.5,8819,6814,,
2022,GA,Georgia,Chattooga,13055,DIABETES,Diagnosed diabetes among adults,Age-adjusted prevalence,AgeAdjPrv,12.1,10.5,13.9,24936,19468,,
2022,GA,Georgia,Chattooga,13055,DIABETES,Diagnosed diabetes among adults,Crude prevalence,CrdPrv,14.3,12.5,16.4,24936,19468,,
2022,GA,Georgia,Cherokee,13057,DIABETES,Diagnosed diabetes among adults,Age-adjusted prevalence,AgeAdjPrv,9.5,8.3,10.9,281278,218103,,
2022,GA,Georgia,Cherokee,13057,DIABETES,Diagnosed diabetes among adults,Crude prevalence,CrdPrv,11.2,9.8,12.7,281278,218103,,
2022,GA,Georgia,Clarke,13059,DIABETES,Diagnosed diabetes among adults,Age-adjusted prevalence,AgeAdjPrv,13.1,11.5,14.8,129875,108461,,
2022,GA,Georgia,Clarke,13059,DIABETES,Diagnosed diabetes among adults,Crude prevalence,CrdPrv,10.7,9.4,12.1,129875,108461,,
2022,GA,Georgia,Clay,13061,DIABETES,Diagnosed diabetes among adults,Age-adjusted prevalence,AgeAdjPrv,14.2,12.3,16.1,2845,2272,,
2022,GA,Georgia,Clay,13061,DIABETES,Diagnosed diabetes among adults,Crude prevalence,CrdPrv,19.4,17.0,21.9,2845,2272,,
2022,GA,Georgia,Clayton,13063,DIABETES,Diagnosed diabetes among adults,Age-adjusted prevalence,AgeAdjPrv,14.9,13.0,16.9,296564,217328,,
2022,GA,Georgia,Clayton,13063,DIABETES,Diagnosed diabetes among adults,Crude prevalence,CrdPrv,14.9,13.0,17.0,296564,217328,,
2022,GA,Georgia,Clinch,13065,DIABETES,Diagnosed diabetes among adults,Age-adjusted prevalence,AgeAdjPrv,14.4,12.6,16.2,6662,4989,,
2022,GA,Georgia,Clinch,13065,DIABETES,Diagnosed diabetes among adults,Crude prevalence,CrdPrv,16.5,14.5,18.6,6662,4989,,
2022,GA,Georgia,Cobb,13067,DIABETES,Diagnosed diabetes among adults,Age-adjusted prevalence,AgeAdjPrv,9.2,8.0,10.4,771952,600615,,
2022,GA,Georgia,Cobb,13067,DIABETES,Diagnosed diabetes among adults,Crude prevalence,CrdPrv,9.7,8.5,11.0,771952,600615,,
2022,GA,Georgia,Coffee,13069,DIABETES,Diagnosed diabetes among adults,Age-adjusted prevalence,AgeAdjPrv,13.7,12.0,15.6,43172,32658,,
2022,GA,Georgia,Coffee,13069,DIABETES,Diagnosed diabetes among adults,Crude prevalence,CrdPrv,14.7,12.8,16.7,43172,32658,,
2022,GA,Georgia,Colquitt,13071,DIABETES,Diagnosed diabetes among adults,Age-adjusted prevalence,AgeAdjPrv,13.8,12.1,15.6,45762,34119,,
2022,GA,Georgia,Colquitt,13071,DIABETES,Diagnosed diabetes among adults,Crude prevalence,CrdPrv,15.3,13.4,17.2,45762,34119,,
2022,GA,Georgia,Columbia,13073,DIABETES,Diagnosed diabetes among adults,Age-adjusted prevalence,AgeAdjPrv,10.9,9.5,12.3,162419,122439,,
2022,GA,Georgia,Columbia,13073,DIABETES,Diagnosed diabetes among adults,Crude prevalence,CrdPrv,12.0,10.5,13.6,162419,122439,,
2022,GA,Georgia,Cook,13075,DIABETES,Diagnosed diabetes among adults,Age-adjusted prevalence,AgeAdjPrv,13.3,11.6,15.1,17404,13042,,
2022,GA,Georgia,Cook,13075,DIABETES,Diagnosed diabetes among adults,Crude prevalence,CrdPrv,15.2,13.3,17.2,17404,13042,,
2022,GA,Georgia,Coweta,13077,DIABETES,Diagnosed diabetes among adults,Age-adjusted prevalence,AgeAdjPrv,9.8,8.5,11.1,152882,118146,,
2022,GA,Georgia,Coweta,13077,DIABETES,Diagnosed diabetes among adults,Crude prevalence,CrdPrv,11.1,9.6,12.6,152882,118146,,
2022,GA,Georgia,Crawford,13079,DIABETES,Diagnosed diabetes among adults,Age-adjusted prevalence,AgeAdjPrv,12.1,10.5,14.0,12140,9701,,
2022,GA,Georgia,Crawford,13079,DIABETES,Diagnosed diabetes among adults,Crude prevalence,CrdPrv,15.4,13.4,17.7,12140,9701,,
2022,GA,Georgia,Crisp,13081,DIABETES,Diagnosed diabetes among adults,Age-adjusted prevalence,AgeAdjPrv,13.5,11.7,15.2,19708,15010,,
2022,GA,Georgia,Crisp,13081,DIABETES,Diagnosed diabetes among adults,Crude prevalence,CrdPrv,16.3,14.2,18.3,19708,15010,,
2022,GA,Georgia,Dade,13083,DIABETES,Diagnosed diabetes among adults,Age-adjusted prevalence,AgeAdjPrv,9.4,8.2,10.7,16081,13007,,
2022,GA,Georgia,Dade,13083,DIABETES,Diagnosed diabetes among adults,Crude prevalence,CrdPrv,11.5,10.1,13.1,16081,13007,,
2022,GA,Georgia,Dawson,13085,DIABETES,Diagnosed diabetes among adults,Age-adjusted prevalence,AgeAdjPrv,9.0,7.8,10.3,30138,24167,,
2022,GA,Georgia,Dawson,13085,DIABETES,Diagnosed diabetes among adults,Crude prevalence,CrdPrv,11.1,9.7,12.7,30138,24167,,
2022,GA,Georgia,Decatur,13087,DIABETES,Diagnosed diabetes among adults,Age-adjusted prevalence,AgeAdjPrv,13.9,12.2,15.8,28982,21947,,
2022,GA,Georgia,Decatur,13087,DIABETES,Diagnosed diabetes among adults,Crude prevalence,CrdPrv,16.2,14.2,18.3,28982,21947,,
2022,GA,Georgia,DeKalb,13089,DIABETES,Diagnosed diabetes among adults,Age-adjusted prevalence,AgeAdjPrv,12.0,10.5,13.5,762820,593226,,
2022,GA,Georgia,DeKalb,13089,DIABETES,Diagnosed diabetes among adults,Crude prevalence,CrdPrv,12.6,11.0,14.2,762820,593226,,
2022,GA,Georgia,Dodge,13091,DIABETES,Diagnosed diabetes among adults,Age-adjusted prevalence,AgeAdjPrv,12.7,11.1,14.4,19802,16058,,
2022,GA,Georgia,Dodge,13091,DIABETES,Diagnosed diabetes among adults,Crude prevalence,CrdPrv,15.0,13.1,17.0,19802,16058,,
2022,GA,Georgia,Dooly,13093,DIABETES,Diagnosed diabetes among adults,Age-adjusted prevalence,AgeAdjPrv,13.9,12.1,15.8,10572,8887,,
2022,GA,Georgia,Dooly,13093,DIABETES,Diagnosed diabetes among adults,Crude prevalence,CrdPrv,17.2,15.0,19.4,10572,8887,,
2022,GA,Georgia,Dougherty,13095,DIABETES,Diagnosed diabetes among adults,Age-adjusted prevalence,AgeAdjPrv,15.7,14.0,17.5,82966,63027,,
2022,GA,Georgia,Dougherty,13095,DIABETES,Diagnosed diabetes among adults,Crude prevalence,CrdPrv,17.7,15.8,19.6,82966,63027,,
2022,GA,Georgia,Douglas,13097,DIABETES,Diagnosed diabetes among adults,Age-adjusted prevalence,AgeAdjPrv,12.8,11.2,14.5,147316,110299,,
2022,GA,Georgia,Douglas,13097,DIABETES,Diagnosed diabetes among adults,Crude prevalence,CrdPrv,13.7,12.0,15.6,147316,110299,,
2022,GA,Georgia,Early,13099,DIABETES,Diagnosed diabetes among adults,Age-adjusted prevalence,AgeAdjPrv,14.1,12.3,15.9,10574,8009,,
2022,GA,Georgia,Early,13099,DIABETES,Diagnosed diabetes among adults,Crude prevalence,CrdPrv,17.2,15.1,19.3,10574,8009,,
2022,GA,Georgia,Echols,13101,DIABETES,Diagnosed diabetes among adults,Age-adjusted prevalence,AgeAdjPrv,12.1,10.5,13.7,3686,2732,,
2022,GA,Georgia,Echols,13101,DIABETES,Diagnosed diabetes among adults,Crude prevalence,CrdPrv,13.2,11.4,15.0,3686,2732,,
2022,GA,Georgia,Effingham,13103,DIABETES,Diagnosed diabetes among adults,Age-adjusted prevalence,AgeAdjPrv,9.6,8.3,11.0,69041,50917,,
2022,GA,Georgia,Effingham,13103,DIABETES,Diagnosed diabetes among adults,Crude prevalence,CrdPrv,10.2,8.8,11.7,69041,50917,,
2022,GA,Georgia,Elbert,13105,DIABETES,Diagnosed diabetes among adults,Age-adjusted prevalence,AgeAdjPrv,12.6,11.1,14.4,19814,15439,,
2022,GA,Georgia,Elbert,13105,DIABETES,Diagnosed diabetes among adults,Crude prevalence,CrdPrv,15.6,13.8,17.7,19814,15439,,
2022,GA,Georgia,Emanuel,13107,DIABETES,Diagnosed diabetes among adults,Age-adjusted prevalence,AgeAdjPrv,13.6,11.7,15.3,22929,17272,,
2022,GA,Georgia,Emanuel,13107,DIABETES,Diagnosed diabetes among adults,Crude prevalence,CrdPrv,15.1,13.1,17.1,22929,17272,,
2022,GA,Georgia,Evans,13109,DIABETES,Diagnosed diabetes among adults,Age-adjusted prevalence,AgeAdjPrv,14.2,12.4,16.3,10695,8027,,
2022,GA,Georgia,Evans,13109,DIABETES,Diagnosed diabetes among adults,Crude prevalence,CrdPrv,16.1,14.1,18.3,10695,8027,,
2022,GA,Georgia,Fannin,13111,DIABETES,Diagnosed diabetes among adults,Age-adjusted prevalence,AgeAdjPrv,10.7,9.2,12.2,25737,21831,,
2022,GA,Georgia,Fannin,13111,DIABETES,Diagnosed diabetes among adults,Crude prevalence,CrdPrv,15.6,13.6,17.8,25737,21831,,
2022,GA,Georgia,Fayette,13113,DIABETES,Diagnosed diabetes among adults,Age-adjusted prevalence,AgeAdjPrv,9.7,8.4,11.2,122030,94742,,
2022,GA,Georgia,Fayette,13113,DIABETES,Diagnosed diabetes among adults,Crude prevalence,CrdPrv,12.2,10.5,14.0,122030,94742,,
2022,GA,Georgia,Floyd,13115,DIABETES,Diagnosed diabetes among adults,Age-adjusted prevalence,AgeAdjPrv,12.2,10.6,13.9,99443,77211,,
2022,GA,Georgia,Floyd,13115,DIABETES,Diagnosed diabetes among adults,Crude prevalence,CrdPrv,13.6,11.8,15.4,99443,77211,,
2022,GA,Georgia,Forsyth,13117,DIABETES,Diagnosed diabetes among adults,Age-adjusted prevalence,AgeAdjPrv,8.4,7.3,9.7,267237,199360,,
2022,GA,Georgia,Forsyth,13117,DIABETES,Diagnosed diabetes among adults,Crude prevalence,CrdPrv,9.3,8.1,10.8,267237,199360,,
2022,GA,Georgia,Franklin,13119,DIABETES,Diagnosed diabetes among adults,Age-adjusted prevalence,AgeAdjPrv,11.4,9.9,12.9,24128,18879,,
2022,GA,Georgia,Franklin,13119,DIABETES,Diagnosed diabetes among adults,Crude prevalence,CrdPrv,13.4,11.6,15.2,24128,18879,,
2022,GA,Georgia,Fulton,13121,DIABETES,Diagnosed diabetes among adults,Age-adjusted prevalence,AgeAdjPrv,10.1,8.9,11.3,1074634,853072,,
2022,GA,Georgia,Fulton,13121,DIABETES,Diagnosed diabetes among adults,Crude prevalence,CrdPrv,10.0,8.8,11.3,1074634,853072,,
2022,GA,Georgia,Gilmer,13123,DIABETES,Diagnosed diabetes among adults,Age-adjusted prevalence,AgeAdjPrv,9.9,8.6,11.4,32407,26512,,
2022,GA,Georgia,Gilmer,13123,DIABETES,Diagnosed diabetes among adults,Crude prevalence,CrdPrv,14.1,12.2,16.1,32407,26512,,
2022,GA,Georgia,Glascock,13125,DIABETES,Diagnosed diabetes among adults,Age-adjusted prevalence,AgeAdjPrv,11.1,9.5,12.6,2939,2317,,
2022,GA,Georgia,Glascock,13125,DIABETES,Diagnosed diabetes among adults,Crude prevalence,CrdPrv,13.7,11.8,15.5,2939,2317,,
2022,GA,Georgia,Glynn,13127,DIABETES,Diagnosed diabetes among adults,Age-adjusted prevalence,AgeAdjPrv,11.1,9.6,12.6,85079,67782,,
2022,GA,Georgia,Glynn,13127,DIABETES,Diagnosed diabetes among adults,Crude prevalence,CrdPrv,13.9,12.2,15.8,85079,67782,,
2022,GA,Georgia,Gordon,13129,DIABETES,Diagnosed diabetes among adults,Age-adjusted prevalence,AgeAdjPrv,12.2,10.7,13.9,58954,45546,,
2022,GA,Georgia,Gordon,13129,DIABETES,Diagnosed diabetes among adults,Crude prevalence,CrdPrv,13.8,12.1,15.7,58954,45546,,
2022,GA,Georgia,Grady,13131,DIABETES,Diagnosed diabetes among adults,Age-adjusted prevalence,AgeAdjPrv,13.2,11.5,15.0,26008,19673,,
2022,GA,Georgia,Grady,13131,DIABETES,Diagnosed diabetes among adults,Crude prevalence,CrdPrv,16.2,14.1,18.4,26008,19673,,
2022,GA,Georgia,Greene,13133,DIABETES,Diagnosed diabetes among adults,Age-adjusted prevalence,AgeAdjPrv,11.3,9.8,12.9,20139,16679,,
2022,GA,Georgia,Greene,13133,DIABETES,Diagnosed diabetes among adults,Crude prevalence,CrdPrv,16.3,14.2,18.5,20139,16679,,
2022,GA,Georgia,Gwinnett,13135,DIABETES,Diagnosed diabetes among adults,Age-adjusted prevalence,AgeAdjPrv,12.0,10.6,13.6,975353,724286,,
2022,GA,Georgia,Gwinnett,13135,DIABETES,Diagnosed diabetes among adults,Crude prevalence,CrdPrv,12.5,11.0,14.1,975353,724286,,
2022,GA,Georgia,Habersham,13137,DIABETES,Diagnosed diabetes among adults,Age-adjusted prevalence,AgeAdjPrv,11.3,9.7,12.8,47475,37031,,
2022,GA,Georgia,Habersham,13137,DIABETES,Diagnosed diabetes among adults,Crude prevalence,CrdPrv,12.9,11.2,14.6,47475,37031,,
2022,GA,Georgia,Hall,13139,DIABETES,Diagnosed diabetes among adults,Age-adjusted prevalence,AgeAdjPrv,11.6,10.2,13.2,212692,162270,,
2022,GA,Georgia,Hall,13139,DIABETES,Diagnosed diabetes among adults,Crude prevalence,CrdPrv,13.1,11.5,14.9,212692,162270,,
2022,GA,Georgia,Hancock,13141,DIABETES,Diagnosed diabetes among adults,Age-adjusted prevalence,AgeAdjPrv,16.7,14.6,18.9,8387,7156,,
2022,GA,Georgia,Hancock,13141,DIABETES,Diagnosed diabetes among adults,Crude prevalence,CrdPrv,21.1,18.6,23.7,8387,7156,,
2022,GA,Georgia,Haralson,13143,DIABETES,Diagnosed diabetes among adults,Age-adjusted prevalence,AgeAdjPrv,9.9,8.6,11.4,31337,23729,,
2022,GA,Georgia,Haralson,13143,DIABETES,Diagnosed diabetes among adults,Crude prevalence,CrdPrv,11.3,9.7,12.9,31337,23729,,
2022,GA,Georgia,Harris,13145,DIABETES,Diagnosed diabetes among adults,Age-adjusted prevalence,AgeAdjPrv,10.3,8.8,11.7,36276,28493,,
2022,GA,Georgia,Harris,13145,DIABETES,Diagnosed diabetes among adults,Crude prevalence,CrdPrv,12.8,11.0,14.5,36276,28493,,
2022,GA,Georgia,Hart,13147,DIABETES,Diagnosed diabetes among adults,Age-adjusted prevalence,AgeAdjPrv,11.0,9.6,12.6,26909,21526,,
2022,GA,Georgia,Hart,13147,DIABETES,Diagnosed diabetes among adults,Crude prevalence,CrdPrv,14.1,12.3,16.0,26909,21526,,
2022,GA,Georgia,Heard,13149,DIABETES,Diagnosed diabetes among adults,Age-adjusted prevalence,AgeAdjPrv,11.3,9.8,12.9,11725,9027,,
2022,GA,Georgia,Heard,13149,DIABETES,Diagnosed diabetes among adults,Crude prevalence,CrdPrv,13.5,11.8,15.4,11725,9027,,
2022,GA,Georgia,Henry,13151,DIABETES,Diagnosed diabetes among adults,Age-adjusted prevalence,AgeAdjPrv,11.9,10.4,13.6,248364,186764,,
2022,GA,Georgia,Henry,13151,DIABETES,Diagnosed diabetes among adults,Crude prevalence,CrdPrv,12.8,11.1,14.5,248364,186764,,
2022,GA,Georgia,Houston,13153,DIABETES,Diagnosed diabetes among adults,Age-adjusted prevalence,AgeAdjPrv,10.9,9.4,12.3,169631,126706,,
2022,GA,Georgia,Houston,13153,DIABETES,Diagnosed diabetes among adults,Crude prevalence,CrdPrv,11.3,9.8,12.9,169631,126706,,
2022,GA,Georgia,Irwin,13155,DIABETES,Diagnosed diabetes among adults,Age-adjusted prevalence,AgeAdjPrv,12.8,11.2,14.7,9126,7104,,
2022,GA,Georgia,Irwin,13155,DIABETES,Diagnosed diabetes among adults,Crude prevalence,CrdPrv,15.4,13.5,17.6,9126,7104,,
2022,GA,Georgia,Jackson,13157,DIABETES,Diagnosed diabetes among adults,Age-adjusted prevalence,AgeAdjPrv,10.6,9.2,12.0,83936,63089,,
2022,GA,Georgia,Jackson,13157,DIABETES,Diagnosed diabetes among adults,Crude prevalence,CrdPrv,11.7,10.2,13.3,83936,63089,,
2022,GA,Georgia,Jasper,13159,DIABETES,Diagnosed diabetes among adults,Age-adjusted prevalence,AgeAdjPrv,11.6,9.8,13.4,15951,12304,,
2022,GA,Georgia,Jasper,13159,DIABETES,Diagnosed diabetes among adults,Crude prevalence,CrdPrv,13.9,11.8,16.0,15951,12304,,
2022,GA,Georgia,Jeff Davis,13161,DIABETES,Diagnosed diabetes among adults,Age-adjusted prevalence,AgeAdjPrv,13.6,12.0,15.5,14889,11117,,
2022,GA,Georgia,Jeff Davis,13161,DIABETES,Diagnosed diabetes among adults,Crude prevalence,CrdPrv,15.6,13.7,17.7,14889,11117,,
2022,GA,Georgia,Jefferson,13163,DIABETES,Diagnosed diabetes among adults,Age-adjusted prevalence,AgeAdjPrv,15.8,13.8,18.0,15314,11803,,
2022,GA,Georgia,Jefferson,13163,DIABETES,Diagnosed diabetes among adults,Crude prevalence,CrdPrv,18.6,16.4,21.1,15314,11803,,
2022,GA,Georgia,Jenkins,13165,DIABETES,Diagnosed diabetes among adults,Age-adjusted prevalence,AgeAdjPrv,15.9,13.9,17.9,8689,6975,,
2022,GA,Georgia,Jenkins,13165,DIABETES,Diagnosed diabetes among adults,Crude prevalence,CrdPrv,17.4,15.3,19.6,8689,6975,,
2022,GA,Georgia,Johnson,13167,DIABETES,Diagnosed diabetes among adults,Age-adjusted prevalence,AgeAdjPrv,14.6,12.8,16.5,9242,7602,,
2022,GA,Georgia,Johnson,13167,DIABETES,Diagnosed diabetes among adults,Crude prevalence,CrdPrv,17.1,15.0,19.3,9242,7602,,
2022,GA,Georgia,Jones,13169,DIABETES,Diagnosed diabetes among adults,Age-adjusted prevalence,AgeAdjPrv,11.7,10.1,13.3,28472,22035,,
2022,GA,Georgia,Jones,13169,DIABETES,Diagnosed diabetes among adults,Crude prevalence,CrdPrv,14.1,12.3,16.0,28472,22035,,
2022,GA,Georgia,Lamar,13171,DIABETES,Diagnosed diabetes among adults,Age-adjusted prevalence,AgeAdjPrv,11.8,10.3,13.4,19467,15305,,
2022,GA,Georgia,Lamar,13171,DIABETES,Diagnosed diabetes among adults,Crude prevalence,CrdPrv,13.3,11.6,15.0,19467,15305,,
2022,GA,Georgia,Lanier,13173,DIABETES,Diagnosed diabetes among adults,Age-adjusted prevalence,AgeAdjPrv,14.5,12.7,16.4,10171,7781,,
2022,GA,Georgia,Lanier,13173,DIABETES,Diagnosed diabetes among adults,Crude prevalence,CrdPrv,16.0,14.1,18.1,10171,7781,,
2022,GA,Georgia,Laurens,13175,DIABETES,Diagnosed diabetes among adults,Age-adjusted prevalence,AgeAdjPrv,12.9,11.3,14.8,49660,37496,,
2022,GA,Georgia,Laurens,13175,DIABETES,Diagnosed diabetes among adults,Crude prevalence,CrdPrv,15.3,13.4,17.4,49660,37496,,
2022,GA,Georgia,Lee,13177,DIABETES,Diagnosed diabetes among adults,Age-adjusted prevalence,AgeAdjPrv,10.7,9.2,12.2,33642,25040,,
2022,GA,Georgia,Lee,13177,DIABETES,Diagnosed diabetes among adults,Crude prevalence,CrdPrv,11.5,10.0,13.2,33642,25040,,
2022,GA,Georgia,Liberty,13179,DIABETES,Diagnosed diabetes among adults,Age-adjusted prevalence,AgeAdjPrv,13.9,12.1,15.8,68030,49403,,
2022,GA,Georgia,Liberty,13179,DIABETES,Diagnosed diabetes among adults,Crude prevalence,CrdPrv,11.6,10.1,13.2,68030,49403,,
2022,GA,Georgia,Lincoln,13181,DIABETES,Diagnosed diabetes among adults,Age-adjusted prevalence,AgeAdjPrv,11.7,10.1,13.3,7841,6351,,
2022,GA,Georgia,Lincoln,13181,DIABETES,Diagnosed diabetes among adults,Crude prevalence,CrdPrv,15.7,13.6,17.9,7841,6351,,
2022,GA,Georgia,Long,13183,DIABETES,Diagnosed diabetes among adults,Age-adjusted prevalence,AgeAdjPrv,12.5,11.0,14.2,18348,13302,,
2022,GA,Georgia,Long,13183,DIABETES,Diagnosed diabetes among adults,Crude prevalence,CrdPrv,11.9,10.4,13.5,18348,13302,,
2022,GA,Georgia,Lowndes,13185,DIABETES,Diagnosed diabetes among adults,Age-adjusted prevalence,AgeAdjPrv,12.9,11.3,14.6,119739,90624,,
2022,GA,Georgia,Lowndes,13185,DIABETES,Diagnosed diabetes among adults,Crude prevalence,CrdPrv,12.2,10.7,13.8,119739,90624,,
2022,GA,Georgia,Lumpkin,13187,DIABETES,Diagnosed diabetes among adults,Age-adjusted prevalence,AgeAdjPrv,10.3,9.0,11.8,34796,28940,,
2022,GA,Georgia,Lumpkin,13187,DIABETES,Diagnosed diabetes among adults,Crude prevalence,CrdPrv,10.9,9.5,12.4,34796,28940,,
2022,GA,Georgia,McDuffie,13189,DIABETES,Diagnosed diabetes among adults,Age-adjusted prevalence,AgeAdjPrv,12.9,11.2,14.6,21713,16338,,
2022,GA,Georgia,McDuffie,13189,DIABETES,Diagnosed diabetes among adults,Crude prevalence,CrdPrv,15.6,13.6,17.6,21713,16338,,
2022,GA,Georgia,McIntosh,13191,DIABETES,Diagnosed diabetes among adults,Age-adjusted prevalence,AgeAdjPrv,13.2,11.5,14.9,11180,9461,,
2022,GA,Georgia,McIntosh,13191,DIABETES,Diagnosed diabetes among adults,Crude prevalence,CrdPrv,19.1,16.7,21.5,11180,9461,,
2022,GA,Georgia,Macon,13193,DIABETES,Diagnosed diabetes among adults,Age-adjusted prevalence,AgeAdjPrv,17.7,15.7,20.0,11765,9604,,
2022,GA,Georgia,Macon,13193,DIABETES,Diagnosed diabetes among adults,Crude prevalence,CrdPrv,20.3,18.0,22.8,11765,9604,,
2022,GA,Georgia,Madison,13195,DIABETES,Diagnosed diabetes among adults,Age-adjusted prevalence,AgeAdjPrv,11.7,10.3,13.4,31473,24184,,
2022,GA,Georgia,Madison,13195,DIABETES,Diagnosed diabetes among adults,Crude prevalence,CrdPrv,13.9,12.3,15.9,31473,24184,,
2022,GA,Georgia,Marion,13197,DIABETES,Diagnosed diabetes among adults,Age-adjusted prevalence,AgeAdjPrv,13.2,11.5,15.0,7449,5931,,
2022,GA,Georgia,Marion,13197,DIABETES,Diagnosed diabetes among adults,Crude prevalence,CrdPrv,16.9,14.8,19.1,7449,5931,,
2022,GA,Georgia,Meriwether,13199,DIABETES,Diagnosed diabetes among adults,Age-adjusted prevalence,AgeAdjPrv,13.4,11.7,15.1,20845,16453,,
2022,GA,Georgia,Meriwether,13199,DIABETES,Diagnosed diabetes among adults,Crude prevalence,CrdPrv,16.8,14.8,19.0,20845,16453,,
2022,GA,Georgia,Miller,13201,DIABETES,Diagnosed diabetes among adults,Age-adjusted prevalence,AgeAdjPrv,13.3,11.5,15.2,5807,4495,,
2022,GA,Georgia,Miller,13201,DIABETES,Diagnosed diabetes among adults,Crude prevalence,CrdPrv,16.9,14.8,19.2,5807,4495,,
2022,GA,Georgia,Mitchell,13205,DIABETES,Diagnosed diabetes among adults,Age-adjusted prevalence,AgeAdjPrv,15.3,13.4,17.2,21116,16346,,
2022,GA,Georgia,Mitchell,13205,DIABETES,Diagnosed diabetes among adults,Crude prevalence,CrdPrv,17.7,15.6,19.9,21116,16346,,
2022,GA,Georgia,Monroe,13207,DIABETES,Diagnosed diabetes among adults,Age-adjusted prevalence,AgeAdjPrv,10.9,9.5,12.5,29427,23345,,
2022,GA,Georgia,Monroe,13207,DIABETES,Diagnosed diabetes among adults,Crude prevalence,CrdPrv,13.1,11.4,14.9,29427,23345,,
2022,GA,Georgia,Montgomery,13209,DIABETES,Diagnosed diabetes among adults,Age-adjusted prevalence,AgeAdjPrv,13.9,12.1,15.8,8655,6914,,
2022,GA,Georgia,Montgomery,13209,DIABETES,Diagnosed diabetes among adults,Crude prevalence,CrdPrv,15.7,13.7,17.7,8655,6914,,
2022,GA,Georgia,Morgan,13211,DIABETES,Diagnosed diabetes among adults,Age-adjusted prevalence,AgeAdjPrv,9.7,8.4,11.1,21031,16417,,
2022,GA,Georgia,Morgan,13211,DIABETES,Diagnosed diabetes among adults,Crude prevalence,CrdPrv,12.4,10.8,14.2,21031,16417,,
2022,GA,Georgia,Murray,13213,DIABETES,Diagnosed diabetes among adults,Age-adjusted prevalence,AgeAdjPrv,11.4,9.9,13.0,40472,30972,,
2022,GA,Georgia,Murray,13213,DIABETES,Diagnosed diabetes among adults,Crude prevalence,CrdPrv,12.9,11.2,14.7,40472,30972,,
2022,GA,Georgia,Muscogee,13215,DIABETES,Diagnosed diabetes among adults,Age-adjusted prevalence,AgeAdjPrv,14.6,13.7,15.5,202616,152607,,
2022,GA,Georgia,Muscogee,13215,DIABETES,Diagnosed diabetes among adults,Crude prevalence,CrdPrv,15.4,14.5,16.4,202616,152607,,
2022,GA,Georgia,Newton,13217,DIABETES,Diagnosed diabetes among adults,Age-adjusted prevalence,AgeAdjPrv,12.7,11.1,14.5,117621,88140,,
2022,GA,Georgia,Newton,13217,DIABETES,Diagnosed diabetes among adults,Crude prevalence,CrdPrv,13.6,11.9,15.5,117621,88140,,
2022,GA,Georgia,Oconee,13219,DIABETES,Diagnosed diabetes among adults,Age-adjusted prevalence,AgeAdjPrv,8.3,7.2,9.5,43588,32332,,
2022,GA,Georgia,Oconee,13219,DIABETES,Diagnosed diabetes among adults,Crude prevalence,CrdPrv,10.0,8.6,11.4,43588,32332,,
2022,GA,Georgia,Oglethorpe,13221,DIABETES,Diagnosed diabetes among adults,Age-adjusted prevalence,AgeAdjPrv,11.2,9.7,12.8,15469,12205,,
2022,GA,Georgia,Oglethorpe,13221,DIABETES,Diagnosed diabetes among adults,Crude prevalence,CrdPrv,13.8,12.0,15.8,15469,12205,,
2022,GA,Georgia,Paulding,13223,DIABETES,Diagnosed diabetes among adults,Age-adjusted prevalence,AgeAdjPrv,10.4,9.1,11.9,178421,133467,,
2022,GA,Georgia,Paulding,13223,DIABETES,Diagnosed diabetes among adults,Crude prevalence,CrdPrv,10.9,9.5,12.5,178421,133467,,
2022,GA,Georgia,Peach,13225,DIABETES,Diagnosed diabetes among adults,Age-adjusted prevalence,AgeAdjPrv,13.0,11.3,14.8,28562,22632,,
2022,GA,Georgia,Peach,13225,DIABETES,Diagnosed diabetes among adults,Crude prevalence,CrdPrv,14.3,12.5,16.3,28562,22632,,
2022,GA,Georgia,Pickens,13227,DIABETES,Diagnosed diabetes among adults,Age-adjusted prevalence,AgeAdjPrv,9.3,7.9,10.9,34826,28371,,
2022,GA,Georgia,Pickens,13227,DIABETES,Diagnosed diabetes among adults,Crude prevalence,CrdPrv,12.5,10.7,14.5,34826,28371,,
2022,GA,Georgia,Pierce,13229,DIABETES,Diagnosed diabetes among adults,Age-adjusted prevalence,AgeAdjPrv,11.4,9.9,13.0,20168,15217,,
2022,GA,Georgia,Pierce,13229,DIABETES,Diagnosed diabetes among adults,Crude prevalence,CrdPrv,13.6,11.9,15.6,20168,15217,,
2022,GA,Georgia,Pike,13231,DIABETES,Diagnosed diabetes among adults,Age-adjusted prevalence,AgeAdjPrv,9.6,8.2,11.0,19990,15296,,
2022,GA,Georgia,Pike,13231,DIABETES,Diagnosed diabetes among adults,Crude prevalence,CrdPrv,11.3,9.7,12.9,19990,15296,,
2022,GA,Georgia,Polk,13233,DIABETES,Diagnosed diabetes among adults,Age-adjusted prevalence,AgeAdjPrv,11.9,10.3,13.6,43709,32688,,
2022,GA,Georgia,Polk,13233,DIABETES,Diagnosed diabetes among adults,Crude prevalence,CrdPrv,13.2,11.5,15.0,43709,32688,,
2022,GA,Georgia,Pulaski,13235,DIABETES,Diagnosed diabetes among adults,Age-adjusted prevalence,AgeAdjPrv,12.8,11.2,14.6,9984,8248,,
2022,GA,Georgia,Pulaski,13235,DIABETES,Diagnosed diabetes among adults,Crude prevalence,CrdPrv,15.6,13.7,17.7,9984,8248,,
2022,GA,Georgia,Putnam,13237,DIABETES,Diagnosed diabetes among adults,Age-adjusted prevalence,AgeAdjPrv,12.0,10.4,13.7,22984,18607,,
2022,GA,Georgia,Putnam,13237,DIABETES,Diagnosed diabetes among adults,Crude prevalence,CrdPrv,16.3,14.2,18.5,22984,18607,,
2022,GA,Georgia,Quitman,13239,DIABETES,Diagnosed diabetes among adults,Age-adjusted prevalence,AgeAdjPrv,14.3,12.5,16.3,2249,1837,,
2022,GA,Georgia,Quitman,13239,DIABETES,Diagnosed diabetes among adults,Crude prevalence,CrdPrv,20.9,18.4,23.6,2249,1837,,
2022,GA,Georgia,Rabun,13241,DIABETES,Diagnosed diabetes among adults,Age-adjusted prevalence,AgeAdjPrv,10.2,8.8,11.7,17206,14552,,
2022,GA,Georgia,Rabun,13241,DIABETES,Diagnosed diabetes among adults,Crude prevalence,CrdPrv,14.5,12.5,16.5,17206,14552,,
2022,GA,Georgia,Randolph,13243,DIABETES,Diagnosed diabetes among adults,Age-adjusted prevalence,AgeAdjPrv,18.1,15.9,20.3,6116,4838,,
2022,GA,Georgia,Randolph,13243,DIABETES,Diagnosed diabetes among adults,Crude prevalence,CrdPrv,23.6,20.9,26.3,6116,4838,,
2022,GA,Georgia,Richmond,13245,DIABETES,Diagnosed diabetes among adults,Age-adjusted prevalence,AgeAdjPrv,14.7,13.0,16.5,206640,159792,,
2022,GA,Georgia,Richmond,13245,DIABETES,Diagnosed diabetes among adults,Crude prevalence,CrdPrv,15.2,13.5,17.0,206640,159792,,
2022,GA,Georgia,Rockdale,13247,DIABETES,Diagnosed diabetes among adults,Age-adjusted prevalence,AgeAdjPrv,13.4,11.6,15.1,94984,72552,,
2022,GA,Georgia,Rockdale,13247,DIABETES,Diagnosed diabetes among adults,Crude prevalence,CrdPrv,15.4,13.5,17.3,94984,72552,,
2022,GA,Georgia,Schley,13249,DIABETES,Diagnosed diabetes among adults,Age-adjusted prevalence,AgeAdjPrv,11.8,10.3,13.4,4496,3428,,
2022,GA,Georgia,Schley,13249,DIABETES,Diagnosed diabetes among adults,Crude prevalence,CrdPrv,14.5,12.7,16.4,4496,3428,,
2022,GA,Georgia,Screven,13251,DIABETES,Diagnosed diabetes among adults,Age-adjusted prevalence,AgeAdjPrv,13.4,11.7,15.3,13977,11172,,
2022,GA,Georgia,Screven,13251,DIABETES,Diagnosed diabetes among adults,Crude prevalence,CrdPrv,16.7,14.6,18.9,13977,11172,,
2022,GA,Georgia,Seminole,13253,DIABETES,Diagnosed diabetes among adults,Age-adjusted prevalence,AgeAdjPrv,13.3,11.6,15.2,9127,7325,,
2022,GA,Georgia,Seminole,13253,DIABETES,Diagnosed diabetes among adults,Crude prevalence,CrdPrv,17.5,15.3,19.8,9127,7325,,
2022,GA,Georgia,Spalding,13255,DIABETES,Diagnosed diabetes among adults,Age-adjusted prevalence,AgeAdjPrv,12.7,11.1,14.5,68919,52974,,
2022,GA,Georgia,Spalding,13255,DIABETES,Diagnosed diabetes among adults,Crude prevalence,CrdPrv,14.8,13.0,16.8,68919,52974,,
2022,GA,Georgia,Stephens,13257,DIABETES,Diagnosed diabetes among adults,Age-adjusted prevalence,AgeAdjPrv,11.3,9.7,12.9,26767,20823,,
2022,GA,Georgia,Stephens,13257,DIABETES,Diagnosed diabetes among adults,Crude prevalence,CrdPrv,14.1,12.2,16.0,26767,20823,,
2022,GA,Georgia,Stewart,13259,DIABETES,Diagnosed diabetes among adults,Age-adjusted prevalence,AgeAdjPrv,16.5,14.5,18.6,4648,4097,,
2022,GA,Georgia,Stewart,13259,DIABETES,Diagnosed diabetes among adults,Crude prevalence,CrdPrv,15.4,13.6,17.4,4648,4097,,
2022,GA,Georgia,Sumter,13261,DIABETES,Diagnosed diabetes among adults,Age-adjusted prevalence,AgeAdjPrv,14.7,12.8,16.5,28877,22368,,
2022,GA,Georgia,Sumter,13261,DIABETES,Diagnosed diabetes among adults,Crude prevalence,CrdPrv,16.0,14.0,18.0,28877,22368,,
2022,GA,Georgia,Talbot,13263,DIABETES,Diagnosed diabetes among adults,Age-adjusted prevalence,AgeAdjPrv,14.6,12.8,16.6,5747,4810,,
2022,GA,Georgia,Talbot,13263,DIABETES,Diagnosed diabetes among adults,Crude prevalence,CrdPrv,19.8,17.4,22.3,5747,4810,,
2022,GA,Georgia,Taliaferro,13265,DIABETES,Diagnosed diabetes among adults,Age-adjusted prevalence,AgeAdjPrv,14.5,12.7,16.5,1600,1305,,
2022,GA,Georgia,Taliaferro,13265,DIABETES,Diagnosed diabetes among adults,Crude prevalence,CrdPrv,20.2,17.8,22.7,1600,1305,,
2022,GA,Georgia,Tattnall,13267,DIABETES,Diagnosed diabetes among adults,Age-adjusted prevalence,AgeAdjPrv,13.5,11.7,15.2,24064,19171,,
2022,GA,Georgia,Tattnall,13267,DIABETES,Diagnosed diabetes among adults,Crude prevalence,CrdPrv,14.3,12.5,16.1,24064,19171,,
2022,GA,Georgia,Taylor,13269,DIABETES,Diagnosed diabetes among adults,Age-adjusted prevalence,AgeAdjPrv,14.8,13.0,16.8,7737,6199,,
2022,GA,Georgia,Taylor,13269,DIABETES,Diagnosed diabetes among adults,Crude prevalence,CrdPrv,18.5,16.2,20.8,7737,6199,,
2022,GA,Georgia,Telfair,13271,DIABETES,Diagnosed diabetes among adults,Age-adjusted prevalence,AgeAdjPrv,16.3,14.3,18.3,12354,10485,,
2022,GA,Georgia,Telfair,13271,DIABETES,Diagnosed diabetes among adults,Crude prevalence,CrdPrv,17.8,15.6,20.0,12354,10485,,
2022,GA,Georgia,Terrell,13273,DIABETES,Diagnosed diabetes among adults,Age-adjusted prevalence,AgeAdjPrv,16.0,14.1,18.0,8754,6837,,
2022,GA,Georgia,Terrell,13273,DIABETES,Diagnosed diabetes among adults,Crude prevalence,CrdPrv,19.6,17.4,22.0,8754,6837,,
2022,GA,Georgia,Thomas,13275,DIABETES,Diagnosed diabetes among adults,Age-adjusted prevalence,AgeAdjPrv,12.3,10.7,14.0,45561,34820,,
2022,GA,Georgia,Thomas,13275,DIABETES,Diagnosed diabetes among adults,Crude prevalence,CrdPrv,15.1,13.2,17.2,45561,34820,,
2022,GA,Georgia,Tift,13277,DIABETES,Diagnosed diabetes among adults,Age-adjusted prevalence,AgeAdjPrv,13.4,11.7,15.2,41412,31127,,
2022,GA,Georgia,Tift,13277,DIABETES,Diagnosed diabetes among adults,Crude prevalence,CrdPrv,14.9,13.1,16.8,41412,31127,,
2022,GA,Georgia,Toombs,13279,DIABETES,Diagnosed diabetes among adults,Age-adjusted prevalence,AgeAdjPrv,12.5,11.0,14.3,26837,19747,,
2022,GA,Georgia,Toombs,13279,DIABETES,Diagnosed diabetes among adults,Crude prevalence,CrdPrv,14.2,12.5,16.1,26837,19747,,
2022,GA,Georgia,Towns,13281,DIABETES,Diagnosed diabetes among adults,Age-adjusted prevalence,AgeAdjPrv,9.6,8.2,11.0,12972,11266,,
2022,GA,Georgia,Towns,13281,DIABETES,Diagnosed diabetes among adults,Crude prevalence,CrdPrv,15.0,13.0,17.2,12972,11266,,
2022,GA,Georgia,Treutlen,13283,DIABETES,Diagnosed diabetes among adults,Age-adjusted prevalence,AgeAdjPrv,14.4,12.6,16.3,6365,4926,,
2022,GA,Georgia,Treutlen,13283,DIABETES,Diagnosed diabetes among adults,Crude prevalence,CrdPrv,16.5,14.5,18.5,6365,4926,,
2022,GA,Georgia,Troup,13285,DIABETES,Diagnosed diabetes among adults,Age-adjusted prevalence,AgeAdjPrv,12.6,11.0,14.3,70191,53269,,
2022,GA,Georgia,Troup,13285,DIABETES,Diagnosed diabetes among adults,Crude prevalence,CrdPrv,14.2,12.4,16.0,70191,53269,,
2022,GA,Georgia,Turner,13287,DIABETES,Diagnosed diabetes among adults,Age-adjusted prevalence,AgeAdjPrv,14.9,13.0,16.9,8842,6632,,
2022,GA,Georgia,Turner,13287,DIABETES,Diagnosed diabetes among adults,Crude prevalence,CrdPrv,17.8,15.6,20.1,8842,6632,,
2022,GA,Georgia,Twiggs,13289,DIABETES,Diagnosed diabetes among adults,Age-adjusted prevalence,AgeAdjPrv,13.0,11.3,14.7,7680,6256,,
2022,GA,Georgia,Twiggs,13289,DIABETES,Diagnosed diabetes among adults,Crude prevalence,CrdPrv,17.6,15.5,19.9,7680,6256,,
2022,GA,Georgia,Union,13291,DIABETES,Diagnosed diabetes among adults,Age-adjusted prevalence,AgeAdjPrv,10.1,8.7,11.7,26388,22398,,
2022,GA,Georgia,Union,13291,DIABETES,Diagnosed diabetes among adults,Crude prevalence,CrdPrv,15.5,13.4,17.7,26388,22398,,
2022,GA,Georgia,Upson,13293,DIABETES,Diagnosed diabetes among adults,Age-adjusted prevalence,AgeAdjPrv,12.9,11.2,14.7,28086,21702,,
2022,GA,Georgia,Upson,13293,DIABETES,Diagnosed diabetes among adults,Crude prevalence,CrdPrv,15.5,13.6,17.6,28086,21702,,
2022,GA,Georgia,Walker,13295,DIABETES,Diagnosed diabetes among adults,Age-adjusted prevalence,AgeAdjPrv,11.1,9.7,12.7,68915,54337,,
2022,GA,Georgia,Walker,13295,DIABETES,Diagnosed diabetes among adults,Crude prevalence,CrdPrv,13.3,11.6,15.1,68915,54337,,
2022,GA,Georgia,Walton,13297,DIABETES,Diagnosed diabetes among adults,Age-adjusted prevalence,AgeAdjPrv,11.4,9.9,13.0,103065,78843,,
2022,GA,Georgia,Walton,13297,DIABETES,Diagnosed diabetes among adults,Crude prevalence,CrdPrv,13.0,11.4,14.8,103065,78843,,
2022,GA,Georgia,Ware,13299,DIABETES,Diagnosed diabetes among adults,Age-adjusted prevalence,AgeAdjPrv,12.9,11.2,14.7,35614,26684,,
2022,GA,Georgia,Ware,13299,DIABETES,Diagnosed diabetes among adults,Crude prevalence,CrdPrv,14.8,12.9,16.8,35614,26684,,
2022,GA,Georgia,Warren,13301,DIABETES,Diagnosed diabetes among adults,Age-adjusted prevalence,AgeAdjPrv,14.4,12.6,16.3,5155,4112,,
2022,GA,Georgia,Warren,13301,DIABETES,Diagnosed diabetes among adults,Crude prevalence,CrdPrv,18.6,16.4,20.9,5155,4112,,
2022,GA,Georgia,Washington,13303,DIABETES,Diagnosed diabetes among adults,Age-adjusted prevalence,AgeAdjPrv,14.2,12.4,16.0,19738,15478,,
2022,GA,Georgia,Washington,13303,DIABETES,Diagnosed diabetes among adults,Crude prevalence,CrdPrv,16.7,14.6,18.8,19738,15478,,
2022,GA,Georgia,Wayne,13305,DIABETES,Diagnosed diabetes among adults,Age-adjusted prevalence,AgeAdjPrv,12.9,11.3,14.7,30896,23445,,
2022,GA,Georgia,Wayne,13305,DIABETES,Diagnosed diabetes among adults,Crude prevalence,CrdPrv,14.6,12.7,16.6,30896,23445,,
2022,GA,Georgia,Webster,13307,DIABETES,Diagnosed diabetes among adults,Age-adjusted prevalence,AgeAdjPrv,14.6,12.7,16.5,2328,1917,,
2022,GA,Georgia,Webster,13307,DIABETES,Diagnosed diabetes among adults,Crude prevalence,CrdPrv,19.2,16.8,21.6,2328,1917,,
2022,GA,Georgia,Wheeler,13309,DIABETES,Diagnosed diabetes among adults,Age-adjusted prevalence,AgeAdjPrv,15.7,13.8,17.8,7314,6140,,
2022,GA,Georgia,Wheeler,13309,DIABETES,Diagnosed diabetes among adults,Crude prevalence,CrdPrv,16.3,14.3,18.4,7314,6140,,
2022,GA,Georgia,White,13311,DIABETES,Diagnosed diabetes among adults,Age-adjusted prevalence,AgeAdjPrv,9.3,8.1,10.8,28806,23316,,
2022,GA,Georgia,White,13311,DIABETES,Diagnosed diabetes among adults,Crude prevalence,CrdPrv,12.3,10.8,14.2,28806,23316,,
2022,GA,Georgia,Whitfield,13313,DIABETES,Diagnosed diabetes among adults,Age-adjusted prevalence,AgeAdjPrv,13.2,11.6,15.0,103132,77485,,
2022,GA,Georgia,Whitfield,13313,DIABETES,Diagnosed diabetes among adults,Crude prevalence,CrdPrv,14.4,12.6,16.2,103132,77485,,
2022,GA,Georgia,Wilcox,13315,DIABETES,Diagnosed diabetes among adults,Age-adjusted prevalence,AgeAdjPrv,13.4,11.6,15.3,8761,7126,,
2022,GA,Georgia,Wilcox,13315,DIABETES,Diagnosed diabetes among adults,Crude prevalence,CrdPrv,15.3,13.3,17.5,8761,7126,,
2022,GA,Georgia,Wilkes,13317,DIABETES,Diagnosed diabetes among adults,Age-adjusted prevalence,AgeAdjPrv,13.2,11.5,15.0,9599,7615,,
2022,GA,Georgia,Wilkes,13317,DIABETES,Diagnosed diabetes among adults,Crude prevalence,CrdPrv,17.1,14.9,19.2,9599,7615,,
2022,GA,Georgia,Wilkinson,13319,DIABETES,Diagnosed diabetes among adults,Age-adjusted prevalence,AgeAdjPrv,13.6,11.9,15.4,8681,6780,,
2022,GA,Georgia,Wilkinson,13319,DIABETES,Diagnosed diabetes among adults,Crude prevalence,CrdPrv,17.1,14.9,19.3,8681,6780,,
2022,GA,Georgia,Worth,13321,DIABETES,Diagnosed diabetes among adults,Age-adjusted prevalence,AgeAdjPrv,12.4,10.7,14.1,20424,15976,,
2022,GA,Georgia,Worth,13321,DIABETES,Diagnosed diabetes among adults,Crude prevalence,CrdPrv,15.3,13.3,17.3,20424,15976,,
2022,HI,Hawaii,Hawaii,15001,DIABETES,Diagnosed diabetes among adults,Age-adjusted prevalence,AgeAdjPrv,9.2,8.1,10.5,206315,163060,,
2022,HI,Hawaii,Hawaii,15001,DIABETES,Diagnosed diabetes among adults,Crude prevalence,CrdPrv,11.9,10.4,13.4,206315,163060,,
2022,HI,Hawaii,Honolulu,15003,DIABETES,Diagnosed diabetes among adults,Age-adjusted prevalence,AgeAdjPrv,11.4,10.3,12.6,995638,791639,,
2022,HI,Hawaii,Honolulu,15003,DIABETES,Diagnosed diabetes among adults,Crude prevalence,CrdPrv,13.1,11.8,14.5,995638,791639,,
2022,HI,Hawaii,Kalawao,15005,DIABETES,Diagnosed diabetes among adults,Age-adjusted prevalence,AgeAdjPrv,10.1,8.8,11.3,82,80,,
2022,HI,Hawaii,Kalawao,15005,DIABETES,Diagnosed diabetes among adults,Crude prevalence,CrdPrv,16.4,14.4,18.4,82,80,,
2022,HI,Hawaii,Kauai,15007,DIABETES,Diagnosed diabetes among adults,Age-adjusted prevalence,AgeAdjPrv,9.8,8.6,11.1,73810,58155,,
2022,HI,Hawaii,Kauai,15007,DIABETES,Diagnosed diabetes among adults,Crude prevalence,CrdPrv,12.6,11.0,14.2,73810,58155,,
2022,HI,Hawaii,Maui,15009,DIABETES,Diagnosed diabetes among adults,Age-adjusted prevalence,AgeAdjPrv,10.0,8.8,11.3,164351,129936,,
2022,HI,Hawaii,Maui,15009,DIABETES,Diagnosed diabetes among adults,Crude prevalence,CrdPrv,12.3,10.9,13.9,164351,129936,,
2022,ID,Idaho,Ada,16001,DIABETES,Diagnosed diabetes among adults,Age-adjusted prevalence,AgeAdjPrv,7.7,6.7,8.7,518907,406062,,
2022,ID,Idaho,Ada,16001,DIABETES,Diagnosed diabetes among adults,Crude prevalence,CrdPrv,8.7,7.6,9.8,518907,406062,,
2022,ID,Idaho,Adams,16003,DIABETES,Diagnosed diabetes among adults,Age-adjusted prevalence,AgeAdjPrv,9.3,8.0,10.7,4817,3974,,
2022,ID,Idaho,Adams,16003,DIABETES,Diagnosed diabetes among adults,Crude prevalence,CrdPrv,14.2,12.2,16.2,4817,3974,,
2022,ID,Idaho,Bannock,16005,DIABETES,Diagnosed diabetes among adults,Age-adjusted prevalence,AgeAdjPrv,9.6,8.3,11.1,89517,67138,,
2022,ID,Idaho,Bannock,16005,DIABETES,Diagnosed diabetes among adults,Crude prevalence,CrdPrv,10.1,8.7,11.7,89517,67138,,
2022,ID,Idaho,Bear Lake,16007,DIABETES,Diagnosed diabetes among adults,Age-adjusted prevalence,AgeAdjPrv,8.9,7.5,10.3,6722,4937,,
2022,ID,Idaho,Bear Lake,16007,DIABETES,Diagnosed diabetes among adults,Crude prevalence,CrdPrv,11.4,9.7,13.2,6722,4937,,
2022,ID,Idaho,Benewah,16009,DIABETES,Diagnosed diabetes among adults,Age-adjusted prevalence,AgeAdjPrv,9.7,8.3,11.3,10370,8035,,
2022,ID,Idaho,Benewah,16009,DIABETES,Diagnosed diabetes among adults,Crude prevalence,CrdPrv,13.0,11.2,14.9,10370,8035,,
2022,ID,Idaho,Bingham,16011,DIABETES,Diagnosed diabetes among adults,Age-adjusted prevalence,AgeAdjPrv,9.8,8.4,11.3,49923,35421,,
2022,ID,Idaho,Bingham,16011,DIABETES,Diagnosed diabetes among adults,Crude prevalence,CrdPrv,10.8,9.3,12.4,49923,35421,,
2022,ID,Idaho,Blaine,16013,DIABETES,Diagnosed diabetes among adults,Age-adjusted prevalence,AgeAdjPrv,7.9,6.8,9.2,24866,20150,,
2022,ID,Idaho,Blaine,16013,DIABETES,Diagnosed diabetes among adults,Crude prevalence,CrdPrv,10.4,9.0,12.1,24866,20150,,
2022,ID,Idaho,Boise,16015,DIABETES,Diagnosed diabetes among adults,Age-adjusted prevalence,AgeAdjPrv,8.5,7.2,9.8,8333,7070,,
2022,ID,Idaho,Boise,16015,DIABETES,Diagnosed diabetes among adults,Crude prevalence,CrdPrv,12.5,10.8,14.3,8333,7070,,
2022,ID,Idaho,Bonner,16017,DIABETES,Diagnosed diabetes among adults,Age-adjusted prevalence,AgeAdjPrv,8.4,7.2,9.7,51414,41460,,
2022,ID,Idaho,Bonner,16017,DIABETES,Diagnosed diabetes among adults,Crude prevalence,CrdPrv,11.7,10.1,13.5,51414,41460,,
2022,ID,Idaho,Bonneville,16019,DIABETES,Diagnosed diabetes among adults,Age-adjusted prevalence,AgeAdjPrv,9.3,8.1,10.6,129496,91190,,
2022,ID,Idaho,Bonneville,16019,DIABETES,Diagnosed diabetes among adults,Crude prevalence,CrdPrv,9.9,8.6,11.2,129496,91190,,
2022,ID,Idaho,Boundary,16021,DIABETES,Diagnosed diabetes among adults,Age-adjusted prevalence,AgeAdjPrv,9.3,8.1,10.6,13345,10185,,
2022,ID,Idaho,Boundary,16021,DIABETES,Diagnosed diabetes among adults,Crude prevalence,CrdPrv,12.6,11.0,14.4,13345,10185,,
2022,ID,Idaho,Butte,16023,DIABETES,Diagnosed diabetes among adults,Age-adjusted prevalence,AgeAdjPrv,10.6,9.2,12.2,2684,2082,,
2022,ID,Idaho,Butte,16023,DIABETES,Diagnosed diabetes among adults,Crude prevalence,CrdPrv,14.6,12.6,16.8,2684,2082,,
2022,ID,Idaho,Camas,16025,DIABETES,Diagnosed diabetes among adults,Age-adjusted prevalence,AgeAdjPrv,8.3,7.0,9.6,1153,902,,
2022,ID,Idaho,Camas,16025,DIABETES,Diagnosed diabetes among adults,Crude prevalence,CrdPrv,11.1,9.4,12.9,1153,902,,
2022,ID,Idaho,Canyon,16027,DIABETES,Diagnosed diabetes among adults,Age-adjusted prevalence,AgeAdjPrv,10.1,8.7,11.4,251065,184758,,
2022,ID,Idaho,Canyon,16027,DIABETES,Diagnosed diabetes among adults,Crude prevalence,CrdPrv,10.5,9.1,11.9,251065,184758,,
2022,ID,Idaho,Caribou,16029,DIABETES,Diagnosed diabetes among adults,Age-adjusted prevalence,AgeAdjPrv,8.7,7.4,10.1,7190,5204,,
2022,ID,Idaho,Caribou,16029,DIABETES,Diagnosed diabetes among adults,Crude prevalence,CrdPrv,10.4,8.9,12.1,7190,5204,,
2022,ID,Idaho,Cassia,16031,DIABETES,Diagnosed diabetes among adults,Age-adjusted prevalence,AgeAdjPrv,9.9,8.5,11.4,25655,17774,,
2022,ID,Idaho,Cassia,16031,DIABETES,Diagnosed diabetes among adults,Crude prevalence,CrdPrv,10.7,9.2,12.3,25655,17774,,
2022,ID,Idaho,Clark,16033,DIABETES,Diagnosed diabetes among adults,Age-adjusted prevalence,AgeAdjPrv,11.6,10.0,13.2,806,612,,
2022,ID,Idaho,Clark,16033,DIABETES,Diagnosed diabetes among adults,Crude prevalence,CrdPrv,13.3,11.5,15.1,806,612,,
2022,ID,Idaho,Clearwater,16035,DIABETES,Diagnosed diabetes among adults,Age-adjusted prevalence,AgeAdjPrv,9.2,7.9,10.7,9015,7731,,
2022,ID,Idaho,Clearwater,16035,DIABETES,Diagnosed diabetes among adults,Crude prevalence,CrdPrv,13.0,11.3,15.0,9015,7731,,
2022,ID,Idaho,Custer,16037,DIABETES,Diagnosed diabetes among adults,Age-adjusted prevalence,AgeAdjPrv,8.7,7.5,10.0,4506,3755,,
2022,ID,Idaho,Custer,16037,DIABETES,Diagnosed diabetes among adults,Crude prevalence,CrdPrv,13.0,11.3,14.9,4506,3755,,
2022,ID,Idaho,Elmore,16039,DIABETES,Diagnosed diabetes among adults,Age-adjusted prevalence,AgeAdjPrv,10.4,8.9,12.0,29403,22428,,
2022,ID,Idaho,Elmore,16039,DIABETES,Diagnosed diabetes among adults,Crude prevalence,CrdPrv,10.4,8.9,11.9,29403,22428,,
2022,ID,Idaho,Franklin,16041,DIABETES,Diagnosed diabetes among adults,Age-adjusted prevalence,AgeAdjPrv,9.2,7.8,10.7,15189,10610,,
2022,ID,Idaho,Franklin,16041,DIABETES,Diagnosed diabetes among adults,Crude prevalence,CrdPrv,10.0,8.5,11.6,15189,10610,,
2022,ID,Idaho,Fremont,16043,DIABETES,Diagnosed diabetes among adults,Age-adjusted prevalence,AgeAdjPrv,9.5,8.1,10.9,13978,10721,,
2022,ID,Idaho,Fremont,16043,DIABETES,Diagnosed diabetes among adults,Crude prevalence,CrdPrv,11.1,9.5,12.8,13978,10721,,
2022,ID,Idaho,Gem,16045,DIABETES,Diagnosed diabetes among adults,Age-adjusted prevalence,AgeAdjPrv,8.6,7.5,9.9,20418,15931,,
2022,ID,Idaho,Gem,16045,DIABETES,Diagnosed diabetes among adults,Crude prevalence,CrdPrv,11.4,9.9,13.1,20418,15931,,
2022,ID,Idaho,Gooding,16047,DIABETES,Diagnosed diabetes among adults,Age-adjusted prevalence,AgeAdjPrv,10.7,9.2,12.4,15715,11688,,
2022,ID,Idaho,Gooding,16047,DIABETES,Diagnosed diabetes among adults,Crude prevalence,CrdPrv,12.6,10.8,14.5,15715,11688,,
2022,ID,Idaho,Idaho,16049,DIABETES,Diagnosed diabetes among adults,Age-adjusted prevalence,AgeAdjPrv,9.5,8.1,11.0,17593,14182,,
2022,ID,Idaho,Idaho,16049,DIABETES,Diagnosed diabetes among adults,Crude prevalence,CrdPrv,13.6,11.7,15.7,17593,14182,,
2022,ID,Idaho,Jefferson,16051,DIABETES,Diagnosed diabetes among adults,Age-adjusted prevalence,AgeAdjPrv,9.5,8.2,10.9,33428,22602,,
2022,ID,Idaho,Jefferson,16051,DIABETES,Diagnosed diabetes among adults,Crude prevalence,CrdPrv,10.1,8.7,11.6,33428,22602,,
2022,ID,Idaho,Jerome,16053,DIABETES,Diagnosed diabetes among adults,Age-adjusted prevalence,AgeAdjPrv,11.3,9.7,13.0,25311,17886,,
2022,ID,Idaho,Jerome,16053,DIABETES,Diagnosed diabetes among adults,Crude prevalence,CrdPrv,12.1,10.3,13.8,25311,17886,,
2022,ID,Idaho,Kootenai,16055,DIABETES,Diagnosed diabetes among adults,Age-adjusted prevalence,AgeAdjPrv,8.1,7.0,9.2,183578,142953,,
2022,ID,Idaho,Kootenai,16055,DIABETES,Diagnosed diabetes among adults,Crude prevalence,CrdPrv,9.9,8.6,11.3,183578,142953,,
2022,ID,Idaho,Latah,16057,DIABETES,Diagnosed diabetes among adults,Age-adjusted prevalence,AgeAdjPrv,8.7,7.5,10.0,40978,33228,,
2022,ID,Idaho,Latah,16057,DIABETES,Diagnosed diabetes among adults,Crude prevalence,CrdPrv,8.1,7.0,9.3,40978,33228,,
2022,ID,Idaho,Lemhi,16059,DIABETES,Diagnosed diabetes among adults,Age-adjusted prevalence,AgeAdjPrv,8.8,7.6,10.1,8240,6785,,
2022,ID,Idaho,Lemhi,16059,DIABETES,Diagnosed diabetes among adults,Crude prevalence,CrdPrv,13.0,11.3,14.9,8240,6785,,
2022,ID,Idaho,Lewis,16061,DIABETES,Diagnosed diabetes among adults,Age-adjusted prevalence,AgeAdjPrv,10.0,8.6,11.5,3763,2932,,
2022,ID,Idaho,Lewis,16061,DIABETES,Diagnosed diabetes among adults,Crude prevalence,CrdPrv,14.2,12.3,16.3,3763,2932,,
2022,ID,Idaho,Lincoln,16063,DIABETES,Diagnosed diabetes among adults,Age-adjusted prevalence,AgeAdjPrv,10.8,9.3,12.4,5329,3948,,
2022,ID,Idaho,Lincoln,16063,DIABETES,Diagnosed diabetes among adults,Crude prevalence,CrdPrv,11.7,10.1,13.4,5329,3948,,
2022,ID,Idaho,Madison,16065,DIABETES,Diagnosed diabetes among adults,Age-adjusted prevalence,AgeAdjPrv,10.6,9.1,12.1,54976,43767,,
2022,ID,Idaho,Madison,16065,DIABETES,Diagnosed diabetes among adults,Crude prevalence,CrdPrv,5.1,4.4,5.9,54976,43767,,
2022,ID,Idaho,Minidoka,16067,DIABETES,Diagnosed diabetes among adults,Age-adjusted prevalence,AgeAdjPrv,11.1,9.5,12.6,22194,15922,,
2022,ID,Idaho,Minidoka,16067,DIABETES,Diagnosed diabetes among adults,Crude prevalence,CrdPrv,12.4,10.7,14.1,22194,15922,,
2022,ID,Idaho,Nez Perce,16069,DIABETES,Diagnosed diabetes among adults,Age-adjusted prevalence,AgeAdjPrv,9.4,8.2,10.6,43004,33907,,
2022,ID,Idaho,Nez Perce,16069,DIABETES,Diagnosed diabetes among adults,Crude prevalence,CrdPrv,11.5,10.1,13.0,43004,33907,,
2022,ID,Idaho,Oneida,16071,DIABETES,Diagnosed diabetes among adults,Age-adjusted prevalence,AgeAdjPrv,8.6,7.4,10.0,4712,3458,,
2022,ID,Idaho,Oneida,16071,DIABETES,Diagnosed diabetes among adults,Crude prevalence,CrdPrv,11.0,9.5,12.8,4712,3458,,
2022,ID,Idaho,Owyhee,16073,DIABETES,Diagnosed diabetes among adults,Age-adjusted prevalence,AgeAdjPrv,10.5,9.0,12.2,12613,9502,,
2022,ID,Idaho,Owyhee,16073,DIABETES,Diagnosed diabetes among adults,Crude prevalence,CrdPrv,12.5,10.8,14.5,12613,9502,,
2022,ID,Idaho,Payette,16075,DIABETES,Diagnosed diabetes among adults,Age-adjusted prevalence,AgeAdjPrv,10.5,9.1,12.0,26956,20169,,
2022,ID,Idaho,Payette,16075,DIABETES,Diagnosed diabetes among adults,Crude prevalence,CrdPrv,12.9,11.2,14.8,26956,20169,,
2022,ID,Idaho,Power,16077,DIABETES,Diagnosed diabetes among adults,Age-adjusted prevalence,AgeAdjPrv,10.7,9.2,12.3,8068,5659,,
2022,ID,Idaho,Power,16077,DIABETES,Diagnosed diabetes among adults,Crude prevalence,CrdPrv,12.2,10.5,14.1,8068,5659,,
2022,ID,Idaho,Shoshone,16079,DIABETES,Diagnosed diabetes among adults,Age-adjusted prevalence,AgeAdjPrv,11.2,9.6,12.9,14012,11057,,
2022,ID,Idaho,Shoshone,16079,DIABETES,Diagnosed diabetes among adults,Crude prevalence,CrdPrv,15.0,12.9,17.1,14012,11057,,
2022,ID,Idaho,Teton,16081,DIABETES,Diagnosed diabetes among adults,Age-adjusted prevalence,AgeAdjPrv,8.2,7.0,9.5,12544,9808,,
2022,ID,Idaho,Teton,16081,DIABETES,Diagnosed diabetes among adults,Crude prevalence,CrdPrv,9.3,7.9,10.8,12544,9808,,
2022,ID,Idaho,Twin Falls,16083,DIABETES,Diagnosed diabetes among adults,Age-adjusted prevalence,AgeAdjPrv,9.2,8.0,10.5,93696,69142,,
2022,ID,Idaho,Twin Falls,16083,DIABETES,Diagnosed diabetes among adults,Crude prevalence,CrdPrv,10.2,8.9,11.5,93696,69142,,
2022,ID,Idaho,Valley,16085,DIABETES,Diagnosed diabetes among adults,Age-adjusted prevalence,AgeAdjPrv,9.5,8.2,11.0,12464,10261,,
2022,ID,Idaho,Valley,16085,DIABETES,Diagnosed diabetes among adults,Crude prevalence,CrdPrv,13.8,11.9,15.9,12464,10261,,
2022,ID,Idaho,Washington,16087,DIABETES,Diagnosed diabetes among adults,Age-adjusted prevalence,AgeAdjPrv,10.2,8.8,11.9,11087,8643,,
2022,ID,Idaho,Washington,16087,DIABETES,Diagnosed diabetes among adults,Crude prevalence,CrdPrv,13.6,11.7,15.7,11087,8643,,
2022,IL,Illinois,Adams,17001,DIABETES,Diagnosed diabetes among adults,Age-adjusted prevalence,AgeAdjPrv,9.7,8.2,11.1,64725,50266,,
2022,IL,Illinois,Adams,17001,DIABETES,Diagnosed diabetes among adults,Crude prevalence,CrdPrv,11.7,9.9,13.4,64725,50266,,
2022,IL,Illinois,Alexander,17003,DIABETES,Diagnosed diabetes among adults,Age-adjusted prevalence,AgeAdjPrv,13.5,11.7,15.6,4858,3814,,
2022,IL,Illinois,Alexander,17003,DIABETES,Diagnosed diabetes among adults,Crude prevalence,CrdPrv,18.4,16.1,21.0,4858,3814,,
2022,IL,Illinois,Bond,17005,DIABETES,Diagnosed diabetes among adults,Age-adjusted prevalence,AgeAdjPrv,11.3,9.7,13.0,16566,13584,,
2022,IL,Illinois,Bond,17005,DIABETES,Diagnosed diabetes among adults,Crude prevalence,CrdPrv,12.6,10.9,14.6,16566,13584,,
2022,IL,Illinois,Boone,17007,DIABETES,Diagnosed diabetes among adults,Age-adjusted prevalence,AgeAdjPrv,10.6,9.1,12.2,53154,40714,,
2022,IL,Illinois,Boone,17007,DIABETES,Diagnosed diabetes among adults,Crude prevalence,CrdPrv,12.4,10.7,14.4,53154,40714,,
2022,IL,Illinois,Brown,17009,DIABETES,Diagnosed diabetes among adults,Age-adjusted prevalence,AgeAdjPrv,11.7,10.0,13.6,6330,5247,,
2022,IL,Illinois,Brown,17009,DIABETES,Diagnosed diabetes among adults,Crude prevalence,CrdPrv,11.8,10.1,13.7,6330,5247,,
2022,IL,Illinois,Bureau,17011,DIABETES,Diagnosed diabetes among adults,Age-adjusted prevalence,AgeAdjPrv,10.9,9.3,12.6,32828,26060,,
2022,IL,Illinois,Bureau,17011,DIABETES,Diagnosed diabetes among adults,Crude prevalence,CrdPrv,14.4,12.4,16.6,32828,26060,,
2022,IL,Illinois,Calhoun,17013,DIABETES,Diagnosed diabetes among adults,Age-adjusted prevalence,AgeAdjPrv,8.8,7.6,10.2,4360,3485,,
2022,IL,Illinois,Calhoun,17013,DIABETES,Diagnosed diabetes among adults,Crude prevalence,CrdPrv,12.2,10.5,14.1,4360,3485,,
2022,IL,Illinois,Carroll,17015,DIABETES,Diagnosed diabetes among adults,Age-adjusted prevalence,AgeAdjPrv,9.9,8.5,11.5,15529,12722,,
2022,IL,Illinois,Carroll,17015,DIABETES,Diagnosed diabetes among adults,Crude prevalence,CrdPrv,13.0,11.1,15.0,15529,12722,,
2022,IL,Illinois,Cass,17017,DIABETES,Diagnosed diabetes among adults,Age-adjusted prevalence,AgeAdjPrv,11.1,10.1,12.1,12657,9582,,
2022,IL,Illinois,Cass,17017,DIABETES,Diagnosed diabetes among adults,Crude prevalence,CrdPrv,13.1,11.9,14.3,12657,9582,,
2022,IL,Illinois,Champaign,17019,DIABETES,Diagnosed diabetes among adults,Age-adjusted prevalence,AgeAdjPrv,10.5,9.0,12.1,206542,167887,,
2022,IL,Illinois,Champaign,17019,DIABETES,Diagnosed diabetes among adults,Crude prevalence,CrdPrv,9.3,8.0,10.8,206542,167887,,
2022,IL,Illinois,Christian,17021,DIABETES,Diagnosed diabetes among adults,Age-adjusted prevalence,AgeAdjPrv,9.9,8.5,11.6,33436,27126,,
2022,IL,Illinois,Christian,17021,DIABETES,Diagnosed diabetes among adults,Crude prevalence,CrdPrv,12.3,10.5,14.3,33436,27126,,
2022,IL,Illinois,Clark,17023,DIABETES,Diagnosed diabetes among adults,Age-adjusted prevalence,AgeAdjPrv,9.1,7.8,10.6,15229,11810,,
2022,IL,Illinois,Clark,17023,DIABETES,Diagnosed diabetes among adults,Crude prevalence,CrdPrv,11.6,9.9,13.4,15229,11810,,
2022,IL,Illinois,Clay,17025,DIABETES,Diagnosed diabetes among adults,Age-adjusted prevalence,AgeAdjPrv,10.6,9.0,12.3,13047,10083,,
2022,IL,Illinois,Clay,17025,DIABETES,Diagnosed diabetes among adults,Crude prevalence,CrdPrv,13.5,11.4,15.5,13047,10083,,
2022,IL,Illinois,Clinton,17027,DIABETES,Diagnosed diabetes among adults,Age-adjusted prevalence,AgeAdjPrv,9.3,7.9,10.9,36909,29071,,
2022,IL,Illinois,Clinton,17027,DIABETES,Diagnosed diabetes among adults,Crude prevalence,CrdPrv,11.0,9.4,12.9,36909,29071,,
2022,IL,Illinois,Coles,17029,DIABETES,Diagnosed diabetes among adults,Age-adjusted prevalence,AgeAdjPrv,10.7,9.2,12.4,46334,37967,,
2022,IL,Illinois,Coles,17029,DIABETES,Diagnosed diabetes among adults,Crude prevalence,CrdPrv,11.7,10.1,13.5,46334,37967,,
2022,IL,Illinois,Cook,17031,DIABETES,Diagnosed diabetes among adults,Age-adjusted prevalence,AgeAdjPrv,10.8,9.6,12.2,5109292,4039681,,
2022,IL,Illinois,Cook,17031,DIABETES,Diagnosed diabetes among adults,Crude prevalence,CrdPrv,11.9,10.5,13.3,5109292,4039681,,
2022,IL,Illinois,Crawford,17033,DIABETES,Diagnosed diabetes among adults,Age-adjusted prevalence,AgeAdjPrv,10.1,8.6,11.7,18536,14819,,
2022,IL,Illinois,Crawford,17033,DIABETES,Diagnosed diabetes among adults,Crude prevalence,CrdPrv,12.0,10.3,14.0,18536,14819,,
2022,IL,Illinois,Cumberland,17035,DIABETES,Diagnosed diabetes among adults,Age-adjusted prevalence,AgeAdjPrv,9.4,8.0,10.9,10324,8022,,
2022,IL,Illinois,Cumberland,17035,DIABETES,Diagnosed diabetes among adults,Crude prevalence,CrdPrv,12.2,10.4,14.1,10324,8022,,
2022,IL,Illinois,DeKalb,17037,DIABETES,Diagnosed diabetes among adults,Age-adjusted prevalence,AgeAdjPrv,10.3,8.7,11.9,100232,78964,,
2022,IL,Illinois,DeKalb,17037,DIABETES,Diagnosed diabetes among adults,Crude prevalence,CrdPrv,9.9,8.4,11.4,100232,78964,,
2022,IL,Illinois,De Witt,17039,DIABETES,Diagnosed diabetes among adults,Age-adjusted prevalence,AgeAdjPrv,9.5,8.1,11.2,15310,12099,,
2022,IL,Illinois,De Witt,17039,DIABETES,Diagnosed diabetes among adults,Crude prevalence,CrdPrv,12.0,10.2,14.0,15310,12099,,
2022,IL,Illinois,Douglas,17041,DIABETES,Diagnosed diabetes among adults,Age-adjusted prevalence,AgeAdjPrv,10.0,8.5,11.6,19755,14933,,
2022,IL,Illinois,Douglas,17041,DIABETES,Diagnosed diabetes among adults,Crude prevalence,CrdPrv,11.9,10.1,13.7,19755,14933,,
2022,IL,Illinois,DuPage,17043,DIABETES,Diagnosed diabetes among adults,Age-adjusted prevalence,AgeAdjPrv,9.3,8.0,10.9,920901,720511,,
2022,IL,Illinois,DuPage,17043,DIABETES,Diagnosed diabetes among adults,Crude prevalence,CrdPrv,10.9,9.3,12.6,920901,720511,,
2022,IL,Illinois,Edgar,17045,DIABETES,Diagnosed diabetes among adults,Age-adjusted prevalence,AgeAdjPrv,10.1,8.7,11.6,16433,13193,,
2022,IL,Illinois,Edgar,17045,DIABETES,Diagnosed diabetes among adults,Crude prevalence,CrdPrv,13.6,11.7,15.6,16433,13193,,
2022,IL,Illinois,Edwards,17047,DIABETES,Diagnosed diabetes among adults,Age-adjusted prevalence,AgeAdjPrv,9.7,8.3,11.2,6071,4726,,
2022,IL,Illinois,Edwards,17047,DIABETES,Diagnosed diabetes among adults,Crude prevalence,CrdPrv,12.6,10.9,14.6,6071,4726,,
2022,IL,Illinois,Effingham,17049,DIABETES,Diagnosed diabetes among adults,Age-adjusted prevalence,AgeAdjPrv,8.9,7.5,10.4,34325,26204,,
2022,IL,Illinois,Effingham,17049,DIABETES,Diagnosed diabetes among adults,Crude prevalence,CrdPrv,10.7,9.1,12.5,34325,26204,,
2022,IL,Illinois,Fayette,17051,DIABETES,Diagnosed diabetes among adults,Age-adjusted prevalence,AgeAdjPrv,10.5,8.9,12.3,21305,17059,,
2022,IL,Illinois,Fayette,17051,DIABETES,Diagnosed diabetes among adults,Crude prevalence,CrdPrv,12.2,10.4,14.2,21305,17059,,
2022,IL,Illinois,Ford,17053,DIABETES,Diagnosed diabetes among adults,Age-adjusted prevalence,AgeAdjPrv,9.6,8.2,11.2,13249,10205,,
2022,IL,Illinois,Ford,17053,DIABETES,Diagnosed diabetes among adults,Crude prevalence,CrdPrv,11.6,9.9,13.5,13249,10205,,
2022,IL,Illinois,Franklin,17055,DIABETES,Diagnosed diabetes among adults,Age-adjusted prevalence,AgeAdjPrv,11.1,9.5,12.9,37242,29208,,
2022,IL,Illinois,Franklin,17055,DIABETES,Diagnosed diabetes among adults,Crude prevalence,CrdPrv,14.1,12.2,16.3,37242,29208,,
2022,IL,Illinois,Fulton,17057,DIABETES,Diagnosed diabetes among adults,Age-adjusted prevalence,AgeAdjPrv,10.8,9.2,12.6,33021,26557,,
2022,IL,Illinois,Fulton,17057,DIABETES,Diagnosed diabetes among adults,Crude prevalence,CrdPrv,13.5,11.5,15.7,33021,26557,,
2022,IL,Illinois,Gallatin,17059,DIABETES,Diagnosed diabetes among adults,Age-adjusted prevalence,AgeAdjPrv,10.9,9.9,11.9,4855,3897,,
2022,IL,Illinois,Gallatin,17059,DIABETES,Diagnosed diabetes among adults,Crude prevalence,CrdPrv,14.8,13.5,16.1,4855,3897,,
2022,IL,Illinois,Greene,17061,DIABETES,Diagnosed diabetes among adults,Age-adjusted prevalence,AgeAdjPrv,10.0,8.5,11.6,11651,9181,,
2022,IL,Illinois,Greene,17061,DIABETES,Diagnosed diabetes among adults,Crude prevalence,CrdPrv,13.1,11.2,15.1,11651,9181,,
2022,IL,Illinois,Grundy,17063,DIABETES,Diagnosed diabetes among adults,Age-adjusted prevalence,AgeAdjPrv,9.1,7.7,10.5,53041,40320,,
2022,IL,Illinois,Grundy,17063,DIABETES,Diagnosed diabetes among adults,Crude prevalence,CrdPrv,10.2,8.7,11.8,53041,40320,,
2022,IL,Illinois,Hamilton,17065,DIABETES,Diagnosed diabetes among adults,Age-adjusted prevalence,AgeAdjPrv,10.3,8.8,12.0,7984,6181,,
2022,IL,Illinois,Hamilton,17065,DIABETES,Diagnosed diabetes among adults,Crude prevalence,CrdPrv,13.3,11.4,15.4,7984,6181,,
2022,IL,Illinois,Hancock,17067,DIABETES,Diagnosed diabetes among adults,Age-adjusted prevalence,AgeAdjPrv,9.3,7.9,10.8,17244,13566,,
2022,IL,Illinois,Hancock,17067,DIABETES,Diagnosed diabetes among adults,Crude prevalence,CrdPrv,12.6,10.7,14.5,17244,13566,,
2022,IL,Illinois,Hardin,17069,DIABETES,Diagnosed diabetes among adults,Age-adjusted prevalence,AgeAdjPrv,10.5,8.9,12.2,3597,2971,,
2022,IL,Illinois,Hardin,17069,DIABETES,Diagnosed diabetes among adults,Crude prevalence,CrdPrv,14.7,12.5,16.9,3597,2971,,
2022,IL,Illinois,Henderson,17071,DIABETES,Diagnosed diabetes among adults,Age-adjusted prevalence,AgeAdjPrv,9.5,8.2,11.1,6151,5025,,
2022,IL,Illinois,Henderson,17071,DIABETES,Diagnosed diabetes among adults,Crude prevalence,CrdPrv,13.5,11.7,15.7,6151,5025,,
2022,IL,Illinois,Henry,17073,DIABETES,Diagnosed diabetes among adults,Age-adjusted prevalence,AgeAdjPrv,8.8,7.5,10.3,48419,38045,,
2022,IL,Illinois,Henry,17073,DIABETES,Diagnosed diabetes among adults,Crude prevalence,CrdPrv,11.1,9.4,12.9,48419,38045,,
2022,IL,Illinois,Iroquois,17075,DIABETES,Diagnosed diabetes among adults,Age-adjusted prevalence,AgeAdjPrv,10.3,8.7,11.8,26473,20878,,
2022,IL,Illinois,Iroquois,17075,DIABETES,Diagnosed diabetes among adults,Crude prevalence,CrdPrv,13.5,11.5,15.5,26473,20878,,
2022,IL,Illinois,Jackson,17077,DIABETES,Diagnosed diabetes among adults,Age-adjusted prevalence,AgeAdjPrv,12.1,10.4,13.9,52617,42702,,
2022,IL,Illinois,Jackson,17077,DIABETES,Diagnosed diabetes among adults,Crude prevalence,CrdPrv,11.9,10.3,13.6,52617,42702,,
2022,IL,Illinois,Jasper,17079,DIABETES,Diagnosed diabetes among adults,Age-adjusted prevalence,AgeAdjPrv,9.0,7.6,10.4,9212,7130,,
2022,IL,Illinois,Jasper,17079,DIABETES,Diagnosed diabetes among adults,Crude prevalence,CrdPrv,11.8,10.0,13.6,9212,7130,,
2022,IL,Illinois,Jefferson,17081,DIABETES,Diagnosed diabetes among adults,Age-adjusted prevalence,AgeAdjPrv,10.5,8.9,12.1,36400,28370,,
2022,IL,Illinois,Jefferson,17081,DIABETES,Diagnosed diabetes among adults,Crude prevalence,CrdPrv,12.8,10.9,14.7,36400,28370,,
2022,IL,Illinois,Jersey,17083,DIABETES,Diagnosed diabetes among adults,Age-adjusted prevalence,AgeAdjPrv,9.4,8.0,11.0,21246,17015,,
2022,IL,Illinois,Jersey,17083,DIABETES,Diagnosed diabetes among adults,Crude prevalence,CrdPrv,11.7,10.0,13.6,21246,17015,,
2022,IL,Illinois,Jo Daviess,17085,DIABETES,Diagnosed diabetes among adults,Age-adjusted prevalence,AgeAdjPrv,9.0,7.7,10.5,21758,17885,,
2022,IL,Illinois,Jo Daviess,17085,DIABETES,Diagnosed diabetes among adults,Crude prevalence,CrdPrv,13.5,11.6,15.7,21758,17885,,
2022,IL,Illinois,Johnson,17087,DIABETES,Diagnosed diabetes among adults,Age-adjusted prevalence,AgeAdjPrv,10.8,9.3,12.5,13381,11187,,
2022,IL,Illinois,Johnson,17087,DIABETES,Diagnosed diabetes among adults,Crude prevalence,CrdPrv,12.3,10.7,14.2,13381,11187,,
2022,IL,Illinois,Kane,17089,DIABETES,Diagnosed diabetes among adults,Age-adjusted prevalence,AgeAdjPrv,10.0,8.6,11.6,514182,392633,,
2022,IL,Illinois,Kane,17089,DIABETES,Diagnosed diabetes among adults,Crude prevalence,CrdPrv,11.3,9.7,13.0,514182,392633,,
2022,IL,Illinois,Kankakee,17091,DIABETES,Diagnosed diabetes among adults,Age-adjusted prevalence,AgeAdjPrv,11.1,9.5,12.9,106074,82136,,
2022,IL,Illinois,Kankakee,17091,DIABETES,Diagnosed diabetes among adults,Crude prevalence,CrdPrv,12.7,10.9,14.7,106074,82136,,
2022,IL,Illinois,Kendall,17093,DIABETES,Diagnosed diabetes among adults,Age-adjusted prevalence,AgeAdjPrv,9.3,7.8,11.0,137254,100594,,
2022,IL,Illinois,Kendall,17093,DIABETES,Diagnosed diabetes among adults,Crude prevalence,CrdPrv,9.5,7.9,11.3,137254,100594,,
2022,IL,Illinois,Knox,17095,DIABETES,Diagnosed diabetes among adults,Age-adjusted prevalence,AgeAdjPrv,11.1,9.5,12.8,48640,38919,,
2022,IL,Illinois,Knox,17095,DIABETES,Diagnosed diabetes among adults,Crude prevalence,CrdPrv,13.7,11.8,15.8,48640,38919,,
2022,IL,Illinois,Lake,17097,DIABETES,Diagnosed diabetes among adults,Age-adjusted prevalence,AgeAdjPrv,10.6,9.1,12.1,709150,546991,,
2022,IL,Illinois,Lake,17097,DIABETES,Diagnosed diabetes among adults,Crude prevalence,CrdPrv,11.9,10.3,13.7,709150,546991,,
2022,IL,Illinois,LaSalle,17099,DIABETES,Diagnosed diabetes among adults,Age-adjusted prevalence,AgeAdjPrv,10.2,8.7,11.9,108078,85587,,
2022,IL,Illinois,LaSalle,17099,DIABETES,Diagnosed diabetes among adults,Crude prevalence,CrdPrv,12.6,10.8,14.5,108078,85587,,
2022,IL,Illinois,Lawrence,17101,DIABETES,Diagnosed diabetes among adults,Age-adjusted prevalence,AgeAdjPrv,11.5,9.9,13.2,14914,12145,,
2022,IL,Illinois,Lawrence,17101,DIABETES,Diagnosed diabetes among adults,Crude prevalence,CrdPrv,13.3,11.5,15.2,14914,12145,,
2022,IL,Illinois,Lee,17103,DIABETES,Diagnosed diabetes among adults,Age-adjusted prevalence,AgeAdjPrv,10.8,9.3,12.5,33848,27214,,
2022,IL,Illinois,Lee,17103,DIABETES,Diagnosed diabetes among adults,Crude prevalence,CrdPrv,13.3,11.5,15.4,33848,27214,,
2022,IL,Illinois,Livingston,17105,DIABETES,Diagnosed diabetes among adults,Age-adjusted prevalence,AgeAdjPrv,10.2,8.6,11.9,35521,27840,,
2022,IL,Illinois,Livingston,17105,DIABETES,Diagnosed diabetes among adults,Crude prevalence,CrdPrv,12.2,10.4,14.2,35521,27840,,
2022,IL,Illinois,Logan,17107,DIABETES,Diagnosed diabetes among adults,Age-adjusted prevalence,AgeAdjPrv,10.4,8.9,12.1,27591,22260,,
2022,IL,Illinois,Logan,17107,DIABETES,Diagnosed diabetes among adults,Crude prevalence,CrdPrv,12.1,10.3,14.1,27591,22260,,
2022,IL,Illinois,McDonough,17109,DIABETES,Diagnosed diabetes among adults,Age-adjusted prevalence,AgeAdjPrv,11.2,9.6,12.9,26861,22094,,
2022,IL,Illinois,McDonough,17109,DIABETES,Diagnosed diabetes among adults,Crude prevalence,CrdPrv,11.8,10.1,13.6,26861,22094,,
2022,IL,Illinois,McHenry,17111,DIABETES,Diagnosed diabetes among adults,Age-adjusted prevalence,AgeAdjPrv,9.1,7.7,10.5,311747,241902,,
2022,IL,Illinois,McHenry,17111,DIABETES,Diagnosed diabetes among adults,Crude prevalence,CrdPrv,10.8,9.2,12.4,311747,241902,,
2022,IL,Illinois,McLean,17113,DIABETES,Diagnosed diabetes among adults,Age-adjusted prevalence,AgeAdjPrv,10.0,8.5,11.6,171141,135462,,
2022,IL,Illinois,McLean,17113,DIABETES,Diagnosed diabetes among adults,Crude prevalence,CrdPrv,10.0,8.6,11.7,171141,135462,,
2022,IL,Illinois,Macon,17115,DIABETES,Diagnosed diabetes among adults,Age-adjusted prevalence,AgeAdjPrv,10.5,9.0,12.2,101483,78768,,
2022,IL,Illinois,Macon,17115,DIABETES,Diagnosed diabetes among adults,Crude prevalence,CrdPrv,12.9,11.1,14.9,101483,78768,,
2022,IL,Illinois,Macoupin,17117,DIABETES,Diagnosed diabetes among adults,Age-adjusted prevalence,AgeAdjPrv,10.1,8.6,11.9,44245,35183,,
2022,IL,Illinois,Macoupin,17117,DIABETES,Diagnosed diabetes among adults,Crude prevalence,CrdPrv,13.2,11.3,15.4,44245,35183,,
2022,IL,Illinois,Madison,17119,DIABETES,Diagnosed diabetes among adults,Age-adjusted prevalence,AgeAdjPrv,9.3,7.9,10.7,263864,208355,,
2022,IL,Illinois,Madison,17119,DIABETES,Diagnosed diabetes among adults,Crude prevalence,CrdPrv,10.9,9.3,12.5,263864,208355,,
2022,IL,Illinois,Marion,17121,DIABETES,Diagnosed diabetes among adults,Age-adjusted prevalence,AgeAdjPrv,10.8,9.2,12.5,36914,28259,,
2022,IL,Illinois,Marion,17121,DIABETES,Diagnosed diabetes among adults,Crude prevalence,CrdPrv,13.3,11.4,15.4,36914,28259,,
2022,IL,Illinois,Marshall,17123,DIABETES,Diagnosed diabetes among adults,Age-adjusted prevalence,AgeAdjPrv,10.0,8.5,11.7,11678,9320,,
2022,IL,Illinois,Marshall,17123,DIABETES,Diagnosed diabetes among adults,Crude prevalence,CrdPrv,13.3,11.3,15.4,11678,9320,,
2022,IL,Illinois,Mason,17125,DIABETES,Diagnosed diabetes among adults,Age-adjusted prevalence,AgeAdjPrv,9.8,8.3,11.3,12748,10098,,
2022,IL,Illinois,Mason,17125,DIABETES,Diagnosed diabetes among adults,Crude prevalence,CrdPrv,13.0,11.1,15.0,12748,10098,,
2022,IL,Illinois,Massac,17127,DIABETES,Diagnosed diabetes among adults,Age-adjusted prevalence,AgeAdjPrv,10.9,9.4,12.6,13896,10964,,
2022,IL,Illinois,Massac,17127,DIABETES,Diagnosed diabetes among adults,Crude prevalence,CrdPrv,14.4,12.4,16.5,13896,10964,,
2022,IL,Illinois,Menard,17129,DIABETES,Diagnosed diabetes among adults,Age-adjusted prevalence,AgeAdjPrv,9.1,7.7,10.6,12121,9553,,
2022,IL,Illinois,Menard,17129,DIABETES,Diagnosed diabetes among adults,Crude prevalence,CrdPrv,11.5,9.7,13.4,12121,9553,,
2022,IL,Illinois,Mercer,17131,DIABETES,Diagnosed diabetes among adults,Age-adjusted prevalence,AgeAdjPrv,9.6,8.2,11.3,15504,12302,,
2022,IL,Illinois,Mercer,17131,DIABETES,Diagnosed diabetes among adults,Crude prevalence,CrdPrv,12.5,10.5,14.5,15504,12302,,
2022,IL,Illinois,Monroe,17133,DIABETES,Diagnosed diabetes among adults,Age-adjusted prevalence,AgeAdjPrv,8.1,6.8,9.4,35033,27461,,
2022,IL,Illinois,Monroe,17133,DIABETES,Diagnosed diabetes among adults,Crude prevalence,CrdPrv,10.2,8.6,11.9,35033,27461,,
2022,IL,Illinois,Montgomery,17135,DIABETES,Diagnosed diabetes among adults,Age-adjusted prevalence,AgeAdjPrv,10.2,8.6,11.9,28020,22427,,
2022,IL,Illinois,Montgomery,17135,DIABETES,Diagnosed diabetes among adults,Crude prevalence,CrdPrv,12.5,10.6,14.6,28020,22427,,
2022,IL,Illinois,Morgan,17137,DIABETES,Diagnosed diabetes among adults,Age-adjusted prevalence,AgeAdjPrv,10.3,8.8,11.9,32209,26134,,
2022,IL,Illinois,Morgan,17137,DIABETES,Diagnosed diabetes among adults,Crude prevalence,CrdPrv,12.6,10.8,14.6,32209,26134,,
2022,IL,Illinois,Moultrie,17139,DIABETES,Diagnosed diabetes among adults,Age-adjusted prevalence,AgeAdjPrv,9.2,7.9,10.8,14323,10786,,
2022,IL,Illinois,Moultrie,17139,DIABETES,Diagnosed diabetes among adults,Crude prevalence,CrdPrv,11.1,9.5,13.0,14323,10786,,
2022,IL,Illinois,Ogle,17141,DIABETES,Diagnosed diabetes among adults,Age-adjusted prevalence,AgeAdjPrv,10.3,8.8,11.9,51351,40110,,
2022,IL,Illinois,Ogle,17141,DIABETES,Diagnosed diabetes among adults,Crude prevalence,CrdPrv,12.7,10.8,14.7,51351,40110,,
2022,IL,Illinois,Peoria,17143,DIABETES,Diagnosed diabetes among adults,Age-adjusted prevalence,AgeAdjPrv,10.5,9.0,12.1,178383,136302,,
2022,IL,Illinois,Peoria,17143,DIABETES,Diagnosed diabetes among adults,Crude prevalence,CrdPrv,12.0,10.3,13.8,178383,136302,,
2022,IL,Illinois,Perry,17145,DIABETES,Diagnosed diabetes among adults,Age-adjusted prevalence,AgeAdjPrv,11.9,10.1,13.7,20588,16700,,
2022,IL,Illinois,Perry,17145,DIABETES,Diagnosed diabetes among adults,Crude prevalence,CrdPrv,14.1,12.1,16.2,20588,16700,,
2022,IL,Illinois,Piatt,17147,DIABETES,Diagnosed diabetes among adults,Age-adjusted prevalence,AgeAdjPrv,8.6,7.3,10.0,16723,13113,,
2022,IL,Illinois,Piatt,17147,DIABETES,Diagnosed diabetes among adults,Crude prevalence,CrdPrv,11.0,9.4,12.9,16723,13113,,
2022,IL,Illinois,Pike,17149,DIABETES,Diagnosed diabetes among adults,Age-adjusted prevalence,AgeAdjPrv,10.1,8.6,11.8,14484,11181,,
2022,IL,Illinois,Pike,17149,DIABETES,Diagnosed diabetes among adults,Crude prevalence,CrdPrv,12.9,10.9,14.9,14484,11181,,
2022,IL,Illinois,Pope,17151,DIABETES,Diagnosed diabetes among adults,Age-adjusted prevalence,AgeAdjPrv,10.1,8.6,11.7,3770,3378,,
2022,IL,Illinois,Pope,17151,DIABETES,Diagnosed diabetes among adults,Crude prevalence,CrdPrv,15.1,12.9,17.4,3770,3378,,
2022,IL,Illinois,Pulaski,17153,DIABETES,Diagnosed diabetes among adults,Age-adjusted prevalence,AgeAdjPrv,13.5,11.7,15.4,4991,3984,,
2022,IL,Illinois,Pulaski,17153,DIABETES,Diagnosed diabetes among adults,Crude prevalence,CrdPrv,17.2,15.0,19.5,4991,3984,,
2022,IL,Illinois,Putnam,17155,DIABETES,Diagnosed diabetes among adults,Age-adjusted prevalence,AgeAdjPrv,9.0,7.6,10.5,5572,4516,,
2022,IL,Illinois,Putnam,17155,DIABETES,Diagnosed diabetes among adults,Crude prevalence,CrdPrv,12.0,10.2,14.0,5572,4516,,
2022,IL,Illinois,Randolph,17157,DIABETES,Diagnosed diabetes among adults,Age-adjusted prevalence,AgeAdjPrv,10.5,9.0,12.2,30068,24114,,
2022,IL,Illinois,Randolph,17157,DIABETES,Diagnosed diabetes among adults,Crude prevalence,CrdPrv,12.8,10.9,14.8,30068,24114,,
2022,IL,Illinois,Richland,17159,DIABETES,Diagnosed diabetes among adults,Age-adjusted prevalence,AgeAdjPrv,9.9,8.4,11.6,15435,12008,,
2022,IL,Illinois,Richland,17159,DIABETES,Diagnosed diabetes among adults,Crude prevalence,CrdPrv,12.6,10.7,14.7,15435,12008,,
2022,IL,Illinois,Rock Island,17161,DIABETES,Diagnosed diabetes among adults,Age-adjusted prevalence,AgeAdjPrv,10.6,9.2,12.3,141527,110045,,
2022,IL,Illinois,Rock Island,17161,DIABETES,Diagnosed diabetes among adults,Crude prevalence,CrdPrv,12.8,11.1,14.7,141527,110045,,
2022,IL,Illinois,St. Clair,17163,DIABETES,Diagnosed diabetes among adults,Age-adjusted prevalence,AgeAdjPrv,11.0,9.4,12.7,252671,194767,,
2022,IL,Illinois,St. Clair,17163,DIABETES,Diagnosed diabetes among adults,Crude prevalence,CrdPrv,12.8,10.9,14.7,252671,194767,,
2022,IL,Illinois,Saline,17165,DIABETES,Diagnosed diabetes among adults,Age-adjusted prevalence,AgeAdjPrv,10.9,9.3,12.5,23087,18462,,
2022,IL,Illinois,Saline,17165,DIABETES,Diagnosed diabetes among adults,Crude prevalence,CrdPrv,13.8,11.9,15.8,23087,18462,,
2022,IL,Illinois,Sangamon,17167,DIABETES,Diagnosed diabetes among adults,Age-adjusted prevalence,AgeAdjPrv,9.7,8.3,11.3,194534,152349,,
2022,IL,Illinois,Sangamon,17167,DIABETES,Diagnosed diabetes among adults,Crude prevalence,CrdPrv,11.5,9.9,13.3,194534,152349,,
2022,IL,Illinois,Schuyler,17169,DIABETES,Diagnosed diabetes among adults,Age-adjusted prevalence,AgeAdjPrv,10.5,9.1,12.2,6746,5560,,
2022,IL,Illinois,Schuyler,17169,DIABETES,Diagnosed diabetes among adults,Crude prevalence,CrdPrv,13.8,12.0,15.9,6746,5560,,
2022,IL,Illinois,Scott,17171,DIABETES,Diagnosed diabetes among adults,Age-adjusted prevalence,AgeAdjPrv,9.0,8.0,10.0,4790,3802,,
2022,IL,Illinois,Scott,17171,DIABETES,Diagnosed diabetes among adults,Crude prevalence,CrdPrv,11.8,10.6,13.2,4790,3802,,
2022,IL,Illinois,Shelby,17173,DIABETES,Diagnosed diabetes among adults,Age-adjusted prevalence,AgeAdjPrv,9.9,8.4,11.5,20761,16391,,
2022,IL,Illinois,Shelby,17173,DIABETES,Diagnosed diabetes among adults,Crude prevalence,CrdPrv,13.0,11.1,15.1,20761,16391,,
2022,IL,Illinois,Stark,17175,DIABETES,Diagnosed diabetes among adults,Age-adjusted prevalence,AgeAdjPrv,9.8,8.3,11.4,5345,4190,,
2022,IL,Illinois,Stark,17175,DIABETES,Diagnosed diabetes among adults,Crude prevalence,CrdPrv,12.6,10.7,14.7,5345,4190,,
2022,IL,Illinois,Stephenson,17177,DIABETES,Diagnosed diabetes among adults,Age-adjusted prevalence,AgeAdjPrv,10.5,8.9,12.2,43627,34473,,
2022,IL,Illinois,Stephenson,17177,DIABETES,Diagnosed diabetes among adults,Crude prevalence,CrdPrv,13.9,11.9,16.1,43627,34473,,
2022,IL,Illinois,Tazewell,17179,DIABETES,Diagnosed diabetes among adults,Age-adjusted prevalence,AgeAdjPrv,9.2,7.9,10.7,129911,101653,,
2022,IL,Illinois,Tazewell,17179,DIABETES,Diagnosed diabetes among adults,Crude prevalence,CrdPrv,11.5,9.8,13.3,129911,101653,,
2022,IL,Illinois,Union,17181,DIABETES,Diagnosed diabetes among adults,Age-adjusted prevalence,AgeAdjPrv,10.3,8.8,12.0,16767,13335,,
2022,IL,Illinois,Union,17181,DIABETES,Diagnosed diabetes among adults,Crude prevalence,CrdPrv,13.2,11.3,15.2,16767,13335,,
2022,IL,Illinois,Vermilion,17183,DIABETES,Diagnosed diabetes among adults,Age-adjusted prevalence,AgeAdjPrv,11.4,9.8,13.3,72337,55584,,
2022,IL,Illinois,Vermilion,17183,DIABETES,Diagnosed diabetes among adults,Crude prevalence,CrdPrv,14.0,12.0,16.3,72337,55584,,
2022,IL,Illinois,Wabash,17185,DIABETES,Diagnosed diabetes among adults,Age-adjusted prevalence,AgeAdjPrv,10.6,9.0,12.3,11087,8664,,
2022,IL,Illinois,Wabash,17185,DIABETES,Diagnosed diabetes among adults,Crude prevalence,CrdPrv,13.5,11.5,15.6,11087,8664,,
2022,IL,Illinois,Warren,17187,DIABETES,Diagnosed diabetes among adults,Age-adjusted prevalence,AgeAdjPrv,10.8,9.3,12.6,16354,12715,,
2022,IL,Illinois,Warren,17187,DIABETES,Diagnosed diabetes among adults,Crude prevalence,CrdPrv,13.0,11.1,15.0,16354,12715,,
2022,IL,Illinois,Washington,17189,DIABETES,Diagnosed diabetes among adults,Age-adjusted prevalence,AgeAdjPrv,8.9,7.6,10.4,13643,10811,,
2022,IL,Illinois,Washington,17189,DIABETES,Diagnosed diabetes among adults,Crude prevalence,CrdPrv,11.5,9.9,13.5,13643,10811,,
2022,IL,Illinois,Wayne,17191,DIABETES,Diagnosed diabetes among adults,Age-adjusted prevalence,AgeAdjPrv,10.2,8.8,11.8,15872,12372,,
2022,IL,Illinois,Wayne,17191,DIABETES,Diagnosed diabetes among adults,Crude prevalence,CrdPrv,13.1,11.3,15.2,15872,12372,,
2022,IL,Illinois,White,17193,DIABETES,Diagnosed diabetes among adults,Age-adjusted prevalence,AgeAdjPrv,10.9,9.4,12.7,13614,10705,,
2022,IL,Illinois,White,17193,DIABETES,Diagnosed diabetes among adults,Crude prevalence,CrdPrv,14.5,12.4,16.7,13614,10705,,
2022,IL,Illinois,Whiteside,17195,DIABETES,Diagnosed diabetes among adults,Age-adjusted prevalence,AgeAdjPrv,9.7,8.3,11.2,54658,42811,,
2022,IL,Illinois,Whiteside,17195,DIABETES,Diagnosed diabetes among adults,Crude prevalence,CrdPrv,12.3,10.5,14.1,54658,42811,,
2022,IL,Illinois,Will,17197,DIABETES,Diagnosed diabetes among adults,Age-adjusted prevalence,AgeAdjPrv,9.9,8.5,11.4,696757,534013,,
2022,IL,Illinois,Will,17197,DIABETES,Diagnosed diabetes among adults,Crude prevalence,CrdPrv,10.9,9.4,12.6,696757,534013,,
2022,IL,Illinois,Williamson,17199,DIABETES,Diagnosed diabetes among adults,Age-adjusted prevalence,AgeAdjPrv,10.2,8.6,11.8,66695,52567,,
2022,IL,Illinois,Williamson,17199,DIABETES,Diagnosed diabetes among adults,Crude prevalence,CrdPrv,12.3,10.5,14.2,66695,52567,,
2022,IL,Illinois,Winnebago,17201,DIABETES,Diagnosed diabetes among adults,Age-adjusted prevalence,AgeAdjPrv,11.5,10.0,13.3,282188,216726,,
2022,IL,Illinois,Winnebago,17201,DIABETES,Diagnosed diabetes among adults,Crude prevalence,CrdPrv,13.6,11.8,15.6,282188,216726,,
2022,IL,Illinois,Woodford,17203,DIABETES,Diagnosed diabetes among adults,Age-adjusted prevalence,AgeAdjPrv,9.3,8.0,10.8,38128,29161,,
2022,IL,Illinois,Woodford,17203,DIABETES,Diagnosed diabetes among adults,Crude prevalence,CrdPrv,11.7,10.0,13.5,38128,29161,,
2022,IN,Indiana,Adams,18001,DIABETES,Diagnosed diabetes among adults,Age-adjusted prevalence,AgeAdjPrv,12.5,10.9,14.2,36068,24877,,
2022,IN,Indiana,Adams,18001,DIABETES,Diagnosed diabetes among adults,Crude prevalence,CrdPrv,14.4,12.6,16.4,36068,24877,,
2022,IN,Indiana,Allen,18003,DIABETES,Diagnosed diabetes among adults,Age-adjusted prevalence,AgeAdjPrv,11.6,10.2,13.0,391449,293149,,
2022,IN,Indiana,Allen,18003,DIABETES,Diagnosed diabetes among adults,Crude prevalence,CrdPrv,12.6,11.2,14.2,391449,293149,,
2022,IN,Indiana,Bartholomew,18005,DIABETES,Diagnosed diabetes among adults,Age-adjusted prevalence,AgeAdjPrv,10.3,9.0,11.8,83540,63523,,
2022,IN,Indiana,Bartholomew,18005,DIABETES,Diagnosed diabetes among adults,Crude prevalence,CrdPrv,11.8,10.3,13.4,83540,63523,,
2022,IN,Indiana,Benton,18007,DIABETES,Diagnosed diabetes among adults,Age-adjusted prevalence,AgeAdjPrv,11.7,10.1,13.4,8719,6609,,
2022,IN,Indiana,Benton,18007,DIABETES,Diagnosed diabetes among adults,Crude prevalence,CrdPrv,14.2,12.3,16.2,8719,6609,,
2022,IN,Indiana,Blackford,18009,DIABETES,Diagnosed diabetes among adults,Age-adjusted prevalence,AgeAdjPrv,11.5,9.9,13.1,11919,9280,,
2022,IN,Indiana,Blackford,18009,DIABETES,Diagnosed diabetes among adults,Crude prevalence,CrdPrv,14.7,12.8,16.8,11919,9280,,
2022,IN,Indiana,Boone,18011,DIABETES,Diagnosed diabetes among adults,Age-adjusted prevalence,AgeAdjPrv,9.2,7.9,10.5,74164,55552,,
2022,IN,Indiana,Boone,18011,DIABETES,Diagnosed diabetes among adults,Crude prevalence,CrdPrv,10.3,8.9,11.8,74164,55552,,
2022,IN,Indiana,Brown,18013,DIABETES,Diagnosed diabetes among adults,Age-adjusted prevalence,AgeAdjPrv,9.8,8.4,11.2,15570,13001,,
2022,IN,Indiana,Brown,18013,DIABETES,Diagnosed diabetes among adults,Crude prevalence,CrdPrv,13.9,12.0,15.8,15570,13001,,
2022,IN,Indiana,Carroll,18015,DIABETES,Diagnosed diabetes among adults,Age-adjusted prevalence,AgeAdjPrv,10.3,8.9,11.9,20555,16105,,
2022,IN,Indiana,Carroll,18015,DIABETES,Diagnosed diabetes among adults,Crude prevalence,CrdPrv,12.9,11.2,14.9,20555,16105,,
2022,IN,Indiana,Cass,18017,DIABETES,Diagnosed diabetes among adults,Age-adjusted prevalence,AgeAdjPrv,11.8,10.2,13.4,37540,29117,,
2022,IN,Indiana,Cass,18017,DIABETES,Diagnosed diabetes among adults,Crude prevalence,CrdPrv,14.3,12.4,16.2,37540,29117,,
2022,IN,Indiana,Clark,18019,DIABETES,Diagnosed diabetes among adults,Age-adjusted prevalence,AgeAdjPrv,10.5,9.1,11.9,124237,97340,,
2022,IN,Indiana,Clark,18019,DIABETES,Diagnosed diabetes among adults,Crude prevalence,CrdPrv,11.8,10.2,13.4,124237,97340,,
2022,IN,Indiana,Clay,18021,DIABETES,Diagnosed diabetes among adults,Age-adjusted prevalence,AgeAdjPrv,10.4,9.1,12.0,26379,20373,,
2022,IN,Indiana,Clay,18021,DIABETES,Diagnosed diabetes among adults,Crude prevalence,CrdPrv,12.6,11.0,14.4,26379,20373,,
2022,IN,Indiana,Clinton,18023,DIABETES,Diagnosed diabetes among adults,Age-adjusted prevalence,AgeAdjPrv,11.0,9.6,12.6,32843,24276,,
2022,IN,Indiana,Clinton,18023,DIABETES,Diagnosed diabetes among adults,Crude prevalence,CrdPrv,12.8,11.1,14.6,32843,24276,,
2022,IN,Indiana,Crawford,18025,DIABETES,Diagnosed diabetes among adults,Age-adjusted prevalence,AgeAdjPrv,11.7,10.4,13.6,10536,8340,,
2022,IN,Indiana,Crawford,18025,DIABETES,Diagnosed diabetes among adults,Crude prevalence,CrdPrv,15.0,13.3,17.3,10536,8340,,
2022,IN,Indiana,Daviess,18027,DIABETES,Diagnosed diabetes among adults,Age-adjusted prevalence,AgeAdjPrv,11.5,9.9,13.0,33418,23585,,
2022,IN,Indiana,Daviess,18027,DIABETES,Diagnosed diabetes among adults,Crude prevalence,CrdPrv,13.1,11.3,14.9,33418,23585,,
2022,IN,Indiana,Dearborn,18029,DIABETES,Diagnosed diabetes among adults,Age-adjusted prevalence,AgeAdjPrv,9.1,7.9,10.4,51138,39998,,
2022,IN,Indiana,Dearborn,18029,DIABETES,Diagnosed diabetes among adults,Crude prevalence,CrdPrv,11.5,10.0,13.2,51138,39998,,
2022,IN,Indiana,Decatur,18031,DIABETES,Diagnosed diabetes among adults,Age-adjusted prevalence,AgeAdjPrv,9.8,8.4,11.2,26416,20257,,
2022,IN,Indiana,Decatur,18031,DIABETES,Diagnosed diabetes among adults,Crude prevalence,CrdPrv,11.7,10.1,13.4,26416,20257,,
2022,IN,Indiana,DeKalb,18033,DIABETES,Diagnosed diabetes among adults,Age-adjusted prevalence,AgeAdjPrv,9.7,8.3,11.1,43731,33248,,
2022,IN,Indiana,DeKalb,18033,DIABETES,Diagnosed diabetes among adults,Crude prevalence,CrdPrv,11.5,9.9,13.1,43731,33248,,
2022,IN,Indiana,Delaware,18035,DIABETES,Diagnosed diabetes among adults,Age-adjusted prevalence,AgeAdjPrv,11.9,10.3,13.5,112031,92091,,
2022,IN,Indiana,Delaware,18035,DIABETES,Diagnosed diabetes among adults,Crude prevalence,CrdPrv,12.4,10.8,14.1,112031,92091,,
2022,IN,Indiana,Dubois,18037,DIABETES,Diagnosed diabetes among adults,Age-adjusted prevalence,AgeAdjPrv,10.3,8.8,11.8,43632,33131,,
2022,IN,Indiana,Dubois,18037,DIABETES,Diagnosed diabetes among adults,Crude prevalence,CrdPrv,12.5,10.8,14.3,43632,33131,,
2022,IN,Indiana,Elkhart,18039,DIABETES,Diagnosed diabetes among adults,Age-adjusted prevalence,AgeAdjPrv,11.8,10.4,13.4,206890,151178,,
2022,IN,Indiana,Elkhart,18039,DIABETES,Diagnosed diabetes among adults,Crude prevalence,CrdPrv,13.1,11.5,14.8,206890,151178,,
2022,IN,Indiana,Fayette,18041,DIABETES,Diagnosed diabetes among adults,Age-adjusted prevalence,AgeAdjPrv,12.5,11.0,14.3,23349,18255,,
2022,IN,Indiana,Fayette,18041,DIABETES,Diagnosed diabetes among adults,Crude prevalence,CrdPrv,15.5,13.6,17.7,23349,18255,,
2022,IN,Indiana,Floyd,18043,DIABETES,Diagnosed diabetes among adults,Age-adjusted prevalence,AgeAdjPrv,10.6,9.2,12.0,80714,62706,,
2022,IN,Indiana,Floyd,18043,DIABETES,Diagnosed diabetes among adults,Crude prevalence,CrdPrv,12.5,10.9,14.2,80714,62706,,
2022,IN,Indiana,Fountain,18045,DIABETES,Diagnosed diabetes among adults,Age-adjusted prevalence,AgeAdjPrv,10.2,8.8,11.6,16574,13037,,
2022,IN,Indiana,Fountain,18045,DIABETES,Diagnosed diabetes among adults,Crude prevalence,CrdPrv,12.9,11.2,14.6,16574,13037,,
2022,IN,Indiana,Franklin,18047,DIABETES,Diagnosed diabetes among adults,Age-adjusted prevalence,AgeAdjPrv,9.3,8.0,10.7,23028,17872,,
2022,IN,Indiana,Franklin,18047,DIABETES,Diagnosed diabetes among adults,Crude prevalence,CrdPrv,11.8,10.2,13.5,23028,17872,,
2022,IN,Indiana,Fulton,18049,DIABETES,Diagnosed diabetes among adults,Age-adjusted prevalence,AgeAdjPrv,11.4,9.8,13.1,20327,15583,,
2022,IN,Indiana,Fulton,18049,DIABETES,Diagnosed diabetes among adults,Crude prevalence,CrdPrv,14.2,12.3,16.4,20327,15583,,
2022,IN,Indiana,Gibson,18051,DIABETES,Diagnosed diabetes among adults,Age-adjusted prevalence,AgeAdjPrv,11.2,9.7,12.8,32993,25203,,
2022,IN,Indiana,Gibson,18051,DIABETES,Diagnosed diabetes among adults,Crude prevalence,CrdPrv,13.3,11.5,15.2,32993,25203,,
2022,IN,Indiana,Grant,18053,DIABETES,Diagnosed diabetes among adults,Age-adjusted prevalence,AgeAdjPrv,12.1,10.5,13.7,66022,52043,,
2022,IN,Indiana,Grant,18053,DIABETES,Diagnosed diabetes among adults,Crude prevalence,CrdPrv,14.0,12.3,15.9,66022,52043,,
2022,IN,Indiana,Greene,18055,DIABETES,Diagnosed diabetes among adults,Age-adjusted prevalence,AgeAdjPrv,11.3,9.7,13.0,31006,24386,,
2022,IN,Indiana,Greene,18055,DIABETES,Diagnosed diabetes among adults,Crude prevalence,CrdPrv,14.0,12.1,16.1,31006,24386,,
2022,IN,Indiana,Hamilton,18057,DIABETES,Diagnosed diabetes among adults,Age-adjusted prevalence,AgeAdjPrv,8.2,7.1,9.3,364921,273629,,
2022,IN,Indiana,Hamilton,18057,DIABETES,Diagnosed diabetes among adults,Crude prevalence,CrdPrv,9.1,8.0,10.4,364921,273629,,
2022,IN,Indiana,Hancock,18059,DIABETES,Diagnosed diabetes among adults,Age-adjusted prevalence,AgeAdjPrv,9.5,8.3,10.9,83070,64147,,
2022,IN,Indiana,Hancock,18059,DIABETES,Diagnosed diabetes among adults,Crude prevalence,CrdPrv,11.3,9.9,13.0,83070,64147,,
2022,IN,Indiana,Harrison,18061,DIABETES,Diagnosed diabetes among adults,Age-adjusted prevalence,AgeAdjPrv,10.1,8.7,11.5,39851,31157,,
2022,IN,Indiana,Harrison,18061,DIABETES,Diagnosed diabetes among adults,Crude prevalence,CrdPrv,12.7,11.0,14.5,39851,31157,,
2022,IN,Indiana,Hendricks,18063,DIABETES,Diagnosed diabetes among adults,Age-adjusted prevalence,AgeAdjPrv,10.3,9.0,11.8,182534,138456,,
2022,IN,Indiana,Hendricks,18063,DIABETES,Diagnosed diabetes among adults,Crude prevalence,CrdPrv,11.5,10.0,13.1,182534,138456,,
2022,IN,Indiana,Henry,18065,DIABETES,Diagnosed diabetes among adults,Age-adjusted prevalence,AgeAdjPrv,11.8,10.3,13.4,48915,39041,,
2022,IN,Indiana,Henry,18065,DIABETES,Diagnosed diabetes among adults,Crude prevalence,CrdPrv,14.1,12.3,16.0,48915,39041,,
2022,IN,Indiana,Howard,18067,DIABETES,Diagnosed diabetes among adults,Age-adjusted prevalence,AgeAdjPrv,10.9,9.4,12.4,83574,64667,,
2022,IN,Indiana,Howard,18067,DIABETES,Diagnosed diabetes among adults,Crude prevalence,CrdPrv,13.1,11.3,14.9,83574,64667,,
2022,IN,Indiana,Huntington,18069,DIABETES,Diagnosed diabetes among adults,Age-adjusted prevalence,AgeAdjPrv,10.8,9.3,12.4,36834,28871,,
2022,IN,Indiana,Huntington,18069,DIABETES,Diagnosed diabetes among adults,Crude prevalence,CrdPrv,12.8,11.0,14.6,36834,28871,,
2022,IN,Indiana,Jackson,18071,DIABETES,Diagnosed diabetes among adults,Age-adjusted prevalence,AgeAdjPrv,11.4,10.0,13.1,46300,35009,,
2022,IN,Indiana,Jackson,18071,DIABETES,Diagnosed diabetes among adults,Crude prevalence,CrdPrv,13.5,11.8,15.4,46300,35009,,
2022,IN,Indiana,Jasper,18073,DIABETES,Diagnosed diabetes among adults,Age-adjusted prevalence,AgeAdjPrv,9.8,8.4,11.2,33281,25735,,
2022,IN,Indiana,Jasper,18073,DIABETES,Diagnosed diabetes among adults,Crude prevalence,CrdPrv,12.0,10.4,13.8,33281,25735,,
2022,IN,Indiana,Jay,18075,DIABETES,Diagnosed diabetes among adults,Age-adjusted prevalence,AgeAdjPrv,12.0,10.5,13.8,20198,15108,,
2022,IN,Indiana,Jay,18075,DIABETES,Diagnosed diabetes among adults,Crude prevalence,CrdPrv,14.8,12.9,16.9,20198,15108,,
2022,IN,Indiana,Jefferson,18077,DIABETES,Diagnosed diabetes among adults,Age-adjusted prevalence,AgeAdjPrv,10.8,9.3,12.5,32946,26424,,
2022,IN,Indiana,Jefferson,18077,DIABETES,Diagnosed diabetes among adults,Crude prevalence,CrdPrv,12.8,10.9,14.7,32946,26424,,
2022,IN,Indiana,Jennings,18079,DIABETES,Diagnosed diabetes among adults,Age-adjusted prevalence,AgeAdjPrv,10.9,9.4,12.4,27536,21190,,
2022,IN,Indiana,Jennings,18079,DIABETES,Diagnosed diabetes among adults,Crude prevalence,CrdPrv,12.9,11.2,14.7,27536,21190,,
2022,IN,Indiana,Johnson,18081,DIABETES,Diagnosed diabetes among adults,Age-adjusted prevalence,AgeAdjPrv,10.6,9.2,12.1,165782,125936,,
2022,IN,Indiana,Johnson,18081,DIABETES,Diagnosed diabetes among adults,Crude prevalence,CrdPrv,11.9,10.3,13.5,165782,125936,,
2022,IN,Indiana,Knox,18083,DIABETES,Diagnosed diabetes among adults,Age-adjusted prevalence,AgeAdjPrv,10.8,9.4,12.2,35789,28246,,
2022,IN,Indiana,Knox,18083,DIABETES,Diagnosed diabetes among adults,Crude prevalence,CrdPrv,12.6,11.0,14.2,35789,28246,,
2022,IN,Indiana,Kosciusko,18085,DIABETES,Diagnosed diabetes among adults,Age-adjusted prevalence,AgeAdjPrv,10.5,9.1,12.0,80826,62080,,
2022,IN,Indiana,Kosciusko,18085,DIABETES,Diagnosed diabetes among adults,Crude prevalence,CrdPrv,12.3,10.7,14.1,80826,62080,,
2022,IN,Indiana,LaGrange,18087,DIABETES,Diagnosed diabetes among adults,Age-adjusted prevalence,AgeAdjPrv,11.0,9.5,12.6,40866,28019,,
2022,IN,Indiana,LaGrange,18087,DIABETES,Diagnosed diabetes among adults,Crude prevalence,CrdPrv,12.2,10.6,13.8,40866,28019,,
2022,IN,Indiana,Lake,18089,DIABETES,Diagnosed diabetes among adults,Age-adjusted prevalence,AgeAdjPrv,11.7,10.5,13.0,499689,384581,,
2022,IN,Indiana,Lake,18089,DIABETES,Diagnosed diabetes among adults,Crude prevalence,CrdPrv,13.7,12.4,15.3,499689,384581,,
2022,IN,Indiana,LaPorte,18091,DIABETES,Diagnosed diabetes among adults,Age-adjusted prevalence,AgeAdjPrv,11.7,10.2,13.3,111675,88184,,
2022,IN,Indiana,LaPorte,18091,DIABETES,Diagnosed diabetes among adults,Crude prevalence,CrdPrv,14.0,12.2,15.8,111675,88184,,
2022,IN,Indiana,Lawrence,18093,DIABETES,Diagnosed diabetes among adults,Age-adjusted prevalence,AgeAdjPrv,11.1,9.6,12.7,45222,35682,,
2022,IN,Indiana,Lawrence,18093,DIABETES,Diagnosed diabetes among adults,Crude prevalence,CrdPrv,13.8,12.1,15.7,45222,35682,,
2022,IN,Indiana,Madison,18095,DIABETES,Diagnosed diabetes among adults,Age-adjusted prevalence,AgeAdjPrv,11.4,9.9,12.9,131744,103773,,
2022,IN,Indiana,Madison,18095,DIABETES,Diagnosed diabetes among adults,Crude prevalence,CrdPrv,13.3,11.6,15.1,131744,103773,,
2022,IN,Indiana,Marion,18097,DIABETES,Diagnosed diabetes among adults,Age-adjusted prevalence,AgeAdjPrv,13.0,11.8,14.4,969466,732482,,
2022,IN,Indiana,Marion,18097,DIABETES,Diagnosed diabetes among adults,Crude prevalence,CrdPrv,13.2,11.9,14.5,969466,732482,,
2022,IN,Indiana,Marshall,18099,DIABETES,Diagnosed diabetes among adults,Age-adjusted prevalence,AgeAdjPrv,10.9,9.4,12.5,46332,35095,,
2022,IN,Indiana,Marshall,18099,DIABETES,Diagnosed diabetes among adults,Crude prevalence,CrdPrv,13.1,11.3,14.9,46332,35095,,
2022,IN,Indiana,Martin,18101,DIABETES,Diagnosed diabetes among adults,Age-adjusted prevalence,AgeAdjPrv,10.9,9.5,12.5,9803,7673,,
2022,IN,Indiana,Martin,18101,DIABETES,Diagnosed diabetes among adults,Crude prevalence,CrdPrv,13.9,12.1,15.8,9803,7673,,
2022,IN,Indiana,Miami,18103,DIABETES,Diagnosed diabetes among adults,Age-adjusted prevalence,AgeAdjPrv,11.5,9.9,13.2,35674,28263,,
2022,IN,Indiana,Miami,18103,DIABETES,Diagnosed diabetes among adults,Crude prevalence,CrdPrv,13.2,11.5,15.2,35674,28263,,
2022,IN,Indiana,Monroe,18105,DIABETES,Diagnosed diabetes among adults,Age-adjusted prevalence,AgeAdjPrv,10.1,8.8,11.5,139745,118007,,
2022,IN,Indiana,Monroe,18105,DIABETES,Diagnosed diabetes among adults,Crude prevalence,CrdPrv,9.1,7.9,10.3,139745,118007,,
2022,IN,Indiana,Montgomery,18107,DIABETES,Diagnosed diabetes among adults,Age-adjusted prevalence,AgeAdjPrv,11.2,9.8,12.8,38273,29627,,
2022,IN,Indiana,Montgomery,18107,DIABETES,Diagnosed diabetes among adults,Crude prevalence,CrdPrv,13.6,11.9,15.4,38273,29627,,
2022,IN,Indiana,Morgan,18109,DIABETES,Diagnosed diabetes among adults,Age-adjusted prevalence,AgeAdjPrv,10.7,9.3,12.3,72236,56538,,
2022,IN,Indiana,Morgan,18109,DIABETES,Diagnosed diabetes among adults,Crude prevalence,CrdPrv,13.1,11.4,15.0,72236,56538,,
2022,IN,Indiana,Newton,18111,DIABETES,Diagnosed diabetes among adults,Age-adjusted prevalence,AgeAdjPrv,10.9,9.4,12.5,13823,10987,,
2022,IN,Indiana,Newton,18111,DIABETES,Diagnosed diabetes among adults,Crude prevalence,CrdPrv,13.7,11.9,15.7,13823,10987,,
2022,IN,Indiana,Noble,18113,DIABETES,Diagnosed diabetes among adults,Age-adjusted prevalence,AgeAdjPrv,10.2,8.8,11.8,47367,35921,,
2022,IN,Indiana,Noble,18113,DIABETES,Diagnosed diabetes among adults,Crude prevalence,CrdPrv,11.9,10.2,13.6,47367,35921,,
2022,IN,Indiana,Ohio,18115,DIABETES,Diagnosed diabetes among adults,Age-adjusted prevalence,AgeAdjPrv,10.2,8.8,11.6,6114,4871,,
2022,IN,Indiana,Ohio,18115,DIABETES,Diagnosed diabetes among adults,Crude prevalence,CrdPrv,13.7,11.8,15.5,6114,4871,,
2022,IN,Indiana,Orange,18117,DIABETES,Diagnosed diabetes among adults,Age-adjusted prevalence,AgeAdjPrv,10.9,9.6,12.7,19623,15211,,
2022,IN,Indiana,Orange,18117,DIABETES,Diagnosed diabetes among adults,Crude prevalence,CrdPrv,13.7,12.1,15.9,19623,15211,,
2022,IN,Indiana,Owen,18119,DIABETES,Diagnosed diabetes among adults,Age-adjusted prevalence,AgeAdjPrv,11.3,9.8,12.9,21482,17128,,
2022,IN,Indiana,Owen,18119,DIABETES,Diagnosed diabetes among adults,Crude prevalence,CrdPrv,14.5,12.6,16.4,21482,17128,,
2022,IN,Indiana,Parke,18121,DIABETES,Diagnosed diabetes among adults,Age-adjusted prevalence,AgeAdjPrv,10.8,9.3,12.5,16369,12710,,
2022,IN,Indiana,Parke,18121,DIABETES,Diagnosed diabetes among adults,Crude prevalence,CrdPrv,13.5,11.7,15.5,16369,12710,,
2022,IN,Indiana,Perry,18123,DIABETES,Diagnosed diabetes among adults,Age-adjusted prevalence,AgeAdjPrv,10.6,9.2,12.2,19183,15259,,
2022,IN,Indiana,Perry,18123,DIABETES,Diagnosed diabetes among adults,Crude prevalence,CrdPrv,12.8,11.0,14.6,19183,15259,,
2022,IN,Indiana,Pike,18125,DIABETES,Diagnosed diabetes among adults,Age-adjusted prevalence,AgeAdjPrv,10.6,9.2,12.2,12168,9474,,
2022,IN,Indiana,Pike,18125,DIABETES,Diagnosed diabetes among adults,Crude prevalence,CrdPrv,13.5,11.7,15.4,12168,9474,,
2022,IN,Indiana,Porter,18127,DIABETES,Diagnosed diabetes among adults,Age-adjusted prevalence,AgeAdjPrv,9.7,8.5,11.2,174791,137854,,
2022,IN,Indiana,Porter,18127,DIABETES,Diagnosed diabetes among adults,Crude prevalence,CrdPrv,11.4,9.9,13.0,174791,137854,,
2022,IN,Indiana,Posey,18129,DIABETES,Diagnosed diabetes among adults,Age-adjusted prevalence,AgeAdjPrv,9.2,7.9,10.7,25063,19665,,
2022,IN,Indiana,Posey,18129,DIABETES,Diagnosed diabetes among adults,Crude prevalence,CrdPrv,11.8,10.1,13.6,25063,19665,,
2022,IN,Indiana,Pulaski,18131,DIABETES,Diagnosed diabetes among adults,Age-adjusted prevalence,AgeAdjPrv,11.0,9.5,12.6,12485,9767,,
2022,IN,Indiana,Pulaski,18131,DIABETES,Diagnosed diabetes among adults,Crude prevalence,CrdPrv,13.8,11.9,15.8,12485,9767,,
2022,IN,Indiana,Putnam,18133,DIABETES,Diagnosed diabetes among adults,Age-adjusted prevalence,AgeAdjPrv,10.5,9.1,12.1,37301,30009,,
2022,IN,Indiana,Putnam,18133,DIABETES,Diagnosed diabetes among adults,Crude prevalence,CrdPrv,11.7,10.1,13.4,37301,30009,,
2022,IN,Indiana,Randolph,18135,DIABETES,Diagnosed diabetes among adults,Age-adjusted prevalence,AgeAdjPrv,11.2,9.7,12.8,24437,18979,,
2022,IN,Indiana,Randolph,18135,DIABETES,Diagnosed diabetes among adults,Crude prevalence,CrdPrv,14.2,12.3,16.1,24437,18979,,
2022,IN,Indiana,Ripley,18137,DIABETES,Diagnosed diabetes among adults,Age-adjusted prevalence,AgeAdjPrv,10.3,8.9,11.9,29087,22272,,
2022,IN,Indiana,Ripley,18137,DIABETES,Diagnosed diabetes among adults,Crude prevalence,CrdPrv,12.6,10.9,14.5,29087,22272,,
2022,IN,Indiana,Rush,18139,DIABETES,Diagnosed diabetes among adults,Age-adjusted prevalence,AgeAdjPrv,10.6,9.2,12.1,16673,12977,,
2022,IN,Indiana,Rush,18139,DIABETES,Diagnosed diabetes among adults,Crude prevalence,CrdPrv,13.1,11.3,14.8,16673,12977,,
2022,IN,Indiana,St. Joseph,18141,DIABETES,Diagnosed diabetes among adults,Age-adjusted prevalence,AgeAdjPrv,11.3,9.9,12.8,272234,209725,,
2022,IN,Indiana,St. Joseph,18141,DIABETES,Diagnosed diabetes among adults,Crude prevalence,CrdPrv,12.5,11.0,14.1,272234,209725,,
2022,IN,Indiana,Scott,18143,DIABETES,Diagnosed diabetes among adults,Age-adjusted prevalence,AgeAdjPrv,12.0,10.4,13.8,24588,19038,,
2022,IN,Indiana,Scott,18143,DIABETES,Diagnosed diabetes among adults,Crude prevalence,CrdPrv,14.2,12.4,16.3,24588,19038,,
2022,IN,Indiana,Shelby,18145,DIABETES,Diagnosed diabetes among adults,Age-adjusted prevalence,AgeAdjPrv,11.0,9.6,12.6,44991,35021,,
2022,IN,Indiana,Shelby,18145,DIABETES,Diagnosed diabetes among adults,Crude prevalence,CrdPrv,13.4,11.7,15.3,44991,35021,,
2022,IN,Indiana,Spencer,18147,DIABETES,Diagnosed diabetes among adults,Age-adjusted prevalence,AgeAdjPrv,9.7,8.3,11.1,19967,15666,,
2022,IN,Indiana,Spencer,18147,DIABETES,Diagnosed diabetes among adults,Crude prevalence,CrdPrv,12.4,10.6,14.2,19967,15666,,
2022,IN,Indiana,Starke,18149,DIABETES,Diagnosed diabetes among adults,Age-adjusted prevalence,AgeAdjPrv,10.5,9.2,11.9,23258,18069,,
2022,IN,Indiana,Starke,18149,DIABETES,Diagnosed diabetes among adults,Crude prevalence,CrdPrv,13.3,11.6,15.0,23258,18069,,
2022,IN,Indiana,Steuben,18151,DIABETES,Diagnosed diabetes among adults,Age-adjusted prevalence,AgeAdjPrv,9.7,8.4,11.1,34725,28004,,
2022,IN,Indiana,Steuben,18151,DIABETES,Diagnosed diabetes among adults,Crude prevalence,CrdPrv,12.3,10.7,14.1,34725,28004,,
2022,IN,Indiana,Sullivan,18153,DIABETES,Diagnosed diabetes among adults,Age-adjusted prevalence,AgeAdjPrv,11.2,9.7,12.8,20670,16866,,
2022,IN,Indiana,Sullivan,18153,DIABETES,Diagnosed diabetes among adults,Crude prevalence,CrdPrv,13.1,11.4,15.0,20670,16866,,
2022,IN,Indiana,Switzerland,18155,DIABETES,Diagnosed diabetes among adults,Age-adjusted prevalence,AgeAdjPrv,10.9,9.5,12.5,10006,7671,,
2022,IN,Indiana,Switzerland,18155,DIABETES,Diagnosed diabetes among adults,Crude prevalence,CrdPrv,13.6,11.9,15.6,10006,7671,,
2022,IN,Indiana,Tippecanoe,18157,DIABETES,Diagnosed diabetes among adults,Age-adjusted prevalence,AgeAdjPrv,11.7,10.2,13.3,188717,151016,,
2022,IN,Indiana,Tippecanoe,18157,DIABETES,Diagnosed diabetes among adults,Crude prevalence,CrdPrv,10.0,8.7,11.2,188717,151016,,
2022,IN,Indiana,Tipton,18159,DIABETES,Diagnosed diabetes among adults,Age-adjusted prevalence,AgeAdjPrv,9.5,8.1,11.0,15361,12200,,
2022,IN,Indiana,Tipton,18159,DIABETES,Diagnosed diabetes among adults,Crude prevalence,CrdPrv,12.5,10.8,14.4,15361,12200,,
2022,IN,Indiana,Union,18161,DIABETES,Diagnosed diabetes among adults,Age-adjusted prevalence,AgeAdjPrv,10.2,8.8,11.7,6952,5470,,
2022,IN,Indiana,Union,18161,DIABETES,Diagnosed diabetes among adults,Crude prevalence,CrdPrv,13.0,11.2,14.9,6952,5470,,
2022,IN,Indiana,Vanderburgh,18163,DIABETES,Diagnosed diabetes among adults,Age-adjusted prevalence,AgeAdjPrv,10.5,9.2,11.9,179744,141236,,
2022,IN,Indiana,Vanderburgh,18163,DIABETES,Diagnosed diabetes among adults,Crude prevalence,CrdPrv,11.9,10.4,13.5,179744,141236,,
2022,IN,Indiana,Vermillion,18165,DIABETES,Diagnosed diabetes among adults,Age-adjusted prevalence,AgeAdjPrv,10.7,9.2,12.1,15451,12113,,
2022,IN,Indiana,Vermillion,18165,DIABETES,Diagnosed diabetes among adults,Crude prevalence,CrdPrv,13.1,11.2,14.8,15451,12113,,
2022,IN,Indiana,Vigo,18167,DIABETES,Diagnosed diabetes among adults,Age-adjusted prevalence,AgeAdjPrv,11.9,10.4,13.5,106006,84510,,
2022,IN,Indiana,Vigo,18167,DIABETES,Diagnosed diabetes among adults,Crude prevalence,CrdPrv,12.5,11.0,14.2,106006,84510,,
2022,IN,Indiana,Wabash,18169,DIABETES,Diagnosed diabetes among adults,Age-adjusted prevalence,AgeAdjPrv,10.4,9.0,11.9,30828,24398,,
2022,IN,Indiana,Wabash,18169,DIABETES,Diagnosed diabetes among adults,Crude prevalence,CrdPrv,13.2,11.6,15.1,30828,24398,,
2022,IN,Indiana,Warren,18171,DIABETES,Diagnosed diabetes among adults,Age-adjusted prevalence,AgeAdjPrv,10.1,8.7,11.6,8461,6612,,
2022,IN,Indiana,Warren,18171,DIABETES,Diagnosed diabetes among adults,Crude prevalence,CrdPrv,12.8,11.1,14.7,8461,6612,,
2022,IN,Indiana,Warrick,18173,DIABETES,Diagnosed diabetes among adults,Age-adjusted prevalence,AgeAdjPrv,9.3,8.0,10.7,65185,50286,,
2022,IN,Indiana,Warrick,18173,DIABETES,Diagnosed diabetes among adults,Crude prevalence,CrdPrv,11.3,9.8,12.9,65185,50286,,
2022,IN,Indiana,Washington,18175,DIABETES,Diagnosed diabetes among adults,Age-adjusted prevalence,AgeAdjPrv,10.7,9.3,12.3,28224,21921,,
2022,IN,Indiana,Washington,18175,DIABETES,Diagnosed diabetes among adults,Crude prevalence,CrdPrv,13.3,11.5,15.2,28224,21921,,
2022,IN,Indiana,Wayne,18177,DIABETES,Diagnosed diabetes among adults,Age-adjusted prevalence,AgeAdjPrv,11.7,10.2,13.3,66273,51399,,
2022,IN,Indiana,Wayne,18177,DIABETES,Diagnosed diabetes among adults,Crude prevalence,CrdPrv,14.2,12.5,16.1,66273,51399,,
2022,IN,Indiana,Wells,18179,DIABETES,Diagnosed diabetes among adults,Age-adjusted prevalence,AgeAdjPrv,10.2,8.9,11.8,28335,21376,,
2022,IN,Indiana,Wells,18179,DIABETES,Diagnosed diabetes among adults,Crude prevalence,CrdPrv,12.5,10.9,14.3,28335,21376,,
2022,IN,Indiana,White,18181,DIABETES,Diagnosed diabetes among adults,Age-adjusted prevalence,AgeAdjPrv,10.6,9.1,12.2,24598,18943,,
2022,IN,Indiana,White,18181,DIABETES,Diagnosed diabetes among adults,Crude prevalence,CrdPrv,13.4,11.5,15.4,24598,18943,,
2022,IN,Indiana,Whitley,18183,DIABETES,Diagnosed diabetes among adults,Age-adjusted prevalence,AgeAdjPrv,9.6,8.3,11.0,34627,26755,,
2022,IN,Indiana,Whitley,18183,DIABETES,Diagnosed diabetes among adults,Crude prevalence,CrdPrv,11.8,10.2,13.6,34627,26755,,
2022,IA,Iowa,Adair,19001,DIABETES,Diagnosed diabetes among adults,Age-adjusted prevalence,AgeAdjPrv,9.8,8.4,11.2,7494,5812,,
2022,IA,Iowa,Adair,19001,DIABETES,Diagnosed diabetes among adults,Crude prevalence,CrdPrv,12.9,11.1,14.7,7494,5812,,
2022,IA,Iowa,Adams,19003,DIABETES,Diagnosed diabetes among adults,Age-adjusted prevalence,AgeAdjPrv,9.6,8.2,11.1,3611,2821,,
2022,IA,Iowa,Adams,19003,DIABETES,Diagnosed diabetes among adults,Crude prevalence,CrdPrv,13.2,11.3,15.2,3611,2821,,
2022,IA,Iowa,Allamakee,19005,DIABETES,Diagnosed diabetes among adults,Age-adjusted prevalence,AgeAdjPrv,9.9,8.5,11.3,13960,10622,,
2022,IA,Iowa,Allamakee,19005,DIABETES,Diagnosed diabetes among adults,Crude prevalence,CrdPrv,13.2,11.4,15.1,13960,10622,,
2022,IA,Iowa,Appanoose,19007,DIABETES,Diagnosed diabetes among adults,Age-adjusted prevalence,AgeAdjPrv,10.9,9.3,12.8,12094,9469,,
2022,IA,Iowa,Appanoose,19007,DIABETES,Diagnosed diabetes among adults,Crude prevalence,CrdPrv,14.5,12.4,17.0,12094,9469,,
2022,IA,Iowa,Audubon,19009,DIABETES,Diagnosed diabetes among adults,Age-adjusted prevalence,AgeAdjPrv,9.8,8.4,11.4,5598,4390,,
2022,IA,Iowa,Audubon,19009,DIABETES,Diagnosed diabetes among adults,Crude prevalence,CrdPrv,13.3,11.4,15.3,5598,4390,,
2022,IA,Iowa,Benton,19011,DIABETES,Diagnosed diabetes among adults,Age-adjusted prevalence,AgeAdjPrv,9.7,8.4,11.2,25711,19875,,
2022,IA,Iowa,Benton,19011,DIABETES,Diagnosed diabetes among adults,Crude prevalence,CrdPrv,12.3,10.7,14.2,25711,19875,,
2022,IA,Iowa,Black Hawk,19013,DIABETES,Diagnosed diabetes among adults,Age-adjusted prevalence,AgeAdjPrv,10.6,9.4,11.9,130274,102165,,
2022,IA,Iowa,Black Hawk,19013,DIABETES,Diagnosed diabetes among adults,Crude prevalence,CrdPrv,11.4,10.1,12.7,130274,102165,,
2022,IA,Iowa,Boone,19015,DIABETES,Diagnosed diabetes among adults,Age-adjusted prevalence,AgeAdjPrv,8.9,7.6,10.3,26609,21177,,
2022,IA,Iowa,Boone,19015,DIABETES,Diagnosed diabetes among adults,Crude prevalence,CrdPrv,10.7,9.3,12.4,26609,21177,,
2022,IA,Iowa,Bremer,19017,DIABETES,Diagnosed diabetes among adults,Age-adjusted prevalence,AgeAdjPrv,9.3,8.0,10.6,25259,19602,,
2022,IA,Iowa,Bremer,19017,DIABETES,Diagnosed diabetes among adults,Crude prevalence,CrdPrv,10.8,9.3,12.3,25259,19602,,
2022,IA,Iowa,Buchanan,19019,DIABETES,Diagnosed diabetes among adults,Age-adjusted prevalence,AgeAdjPrv,9.4,8.1,10.8,20714,15473,,
2022,IA,Iowa,Buchanan,19019,DIABETES,Diagnosed diabetes among adults,Crude prevalence,CrdPrv,11.7,10.2,13.5,20714,15473,,
2022,IA,Iowa,Buena Vista,19021,DIABETES,Diagnosed diabetes among adults,Age-adjusted prevalence,AgeAdjPrv,11.2,9.7,12.7,20600,15168,,
2022,IA,Iowa,Buena Vista,19021,DIABETES,Diagnosed diabetes among adults,Crude prevalence,CrdPrv,12.4,10.8,14.1,20600,15168,,
2022,IA,Iowa,Butler,19023,DIABETES,Diagnosed diabetes among adults,Age-adjusted prevalence,AgeAdjPrv,9.6,8.3,11.0,14269,11084,,
2022,IA,Iowa,Butler,19023,DIABETES,Diagnosed diabetes among adults,Crude prevalence,CrdPrv,12.9,11.2,14.7,14269,11084,,
2022,IA,Iowa,Calhoun,19025,DIABETES,Diagnosed diabetes among adults,Age-adjusted prevalence,AgeAdjPrv,9.6,8.3,11.0,9725,7657,,
2022,IA,Iowa,Calhoun,19025,DIABETES,Diagnosed diabetes among adults,Crude prevalence,CrdPrv,12.5,10.8,14.3,9725,7657,,
2022,IA,Iowa,Carroll,19027,DIABETES,Diagnosed diabetes among adults,Age-adjusted prevalence,AgeAdjPrv,9.6,8.3,10.9,20567,15610,,
2022,IA,Iowa,Carroll,19027,DIABETES,Diagnosed diabetes among adults,Crude prevalence,CrdPrv,12.1,10.6,13.8,20567,15610,,
2022,IA,Iowa,Cass,19029,DIABETES,Diagnosed diabetes among adults,Age-adjusted prevalence,AgeAdjPrv,10.6,9.2,12.3,13104,10137,,
2022,IA,Iowa,Cass,19029,DIABETES,Diagnosed diabetes among adults,Crude prevalence,CrdPrv,13.7,11.9,15.8,13104,10137,,
2022,IA,Iowa,Cedar,19031,DIABETES,Diagnosed diabetes among adults,Age-adjusted prevalence,AgeAdjPrv,8.9,7.7,10.2,18399,14524,,
2022,IA,Iowa,Cedar,19031,DIABETES,Diagnosed diabetes among adults,Crude prevalence,CrdPrv,11.5,9.9,13.0,18399,14524,,
2022,IA,Iowa,Cerro Gordo,19033,DIABETES,Diagnosed diabetes among adults,Age-adjusted prevalence,AgeAdjPrv,9.9,8.6,11.2,42409,33640,,
2022,IA,Iowa,Cerro Gordo,19033,DIABETES,Diagnosed diabetes among adults,Crude prevalence,CrdPrv,12.8,11.2,14.6,42409,33640,,
2022,IA,Iowa,Cherokee,19035,DIABETES,Diagnosed diabetes among adults,Age-adjusted prevalence,AgeAdjPrv,9.9,8.6,11.3,11491,8938,,
2022,IA,Iowa,Cherokee,19035,DIABETES,Diagnosed diabetes among adults,Crude prevalence,CrdPrv,13.5,11.7,15.3,11491,8938,,
2022,IA,Iowa,Chickasaw,19037,DIABETES,Diagnosed diabetes among adults,Age-adjusted prevalence,AgeAdjPrv,9.0,7.8,10.5,11716,9018,,
2022,IA,Iowa,Chickasaw,19037,DIABETES,Diagnosed diabetes among adults,Crude prevalence,CrdPrv,12.1,10.4,13.9,11716,9018,,
2022,IA,Iowa,Clarke,19039,DIABETES,Diagnosed diabetes among adults,Age-adjusted prevalence,AgeAdjPrv,11.4,9.9,13.1,9692,7187,,
2022,IA,Iowa,Clarke,19039,DIABETES,Diagnosed diabetes among adults,Crude prevalence,CrdPrv,13.7,11.9,15.7,9692,7187,,
2022,IA,Iowa,Clay,19041,DIABETES,Diagnosed diabetes among adults,Age-adjusted prevalence,AgeAdjPrv,9.2,8.0,10.6,16475,12760,,
2022,IA,Iowa,Clay,19041,DIABETES,Diagnosed diabetes among adults,Crude prevalence,CrdPrv,11.7,10.2,13.4,16475,12760,,
2022,IA,Iowa,Clayton,19043,DIABETES,Diagnosed diabetes among adults,Age-adjusted prevalence,AgeAdjPrv,9.6,8.3,11.1,17027,13378,,
2022,IA,Iowa,Clayton,19043,DIABETES,Diagnosed diabetes among adults,Crude prevalence,CrdPrv,13.3,11.6,15.3,17027,13378,,
2022,IA,Iowa,Clinton,19045,DIABETES,Diagnosed diabetes among adults,Age-adjusted prevalence,AgeAdjPrv,9.5,8.2,11.0,46344,35780,,
2022,IA,Iowa,Clinton,19045,DIABETES,Diagnosed diabetes among adults,Crude prevalence,CrdPrv,12.0,10.4,13.8,46344,35780,,
2022,IA,Iowa,Crawford,19047,DIABETES,Diagnosed diabetes among adults,Age-adjusted prevalence,AgeAdjPrv,12.4,10.7,14.1,16123,12130,,
2022,IA,Iowa,Crawford,19047,DIABETES,Diagnosed diabetes among adults,Crude prevalence,CrdPrv,14.5,12.5,16.4,16123,12130,,
2022,IA,Iowa,Dallas,19049,DIABETES,Diagnosed diabetes among adults,Age-adjusted prevalence,AgeAdjPrv,8.5,7.3,9.9,108016,79435,,
2022,IA,Iowa,Dallas,19049,DIABETES,Diagnosed diabetes among adults,Crude prevalence,CrdPrv,8.8,7.5,10.1,108016,79435,,
2022,IA,Iowa,Davis,19051,DIABETES,Diagnosed diabetes among adults,Age-adjusted prevalence,AgeAdjPrv,9.9,8.5,11.4,9130,6411,,
2022,IA,Iowa,Davis,19051,DIABETES,Diagnosed diabetes among adults,Crude prevalence,CrdPrv,12.2,10.5,14.0,9130,6411,,
2022,IA,Iowa,Decatur,19053,DIABETES,Diagnosed diabetes among adults,Age-adjusted prevalence,AgeAdjPrv,9.8,8.5,11.3,7683,5940,,
2022,IA,Iowa,Decatur,19053,DIABETES,Diagnosed diabetes among adults,Crude prevalence,CrdPrv,11.4,9.9,13.1,7683,5940,,
2022,IA,Iowa,Delaware,19055,DIABETES,Diagnosed diabetes among adults,Age-adjusted prevalence,AgeAdjPrv,8.9,7.6,10.4,17568,13516,,
2022,IA,Iowa,Delaware,19055,DIABETES,Diagnosed diabetes among adults,Crude prevalence,CrdPrv,11.6,9.9,13.4,17568,13516,,
2022,IA,Iowa,Des Moines,19057,DIABETES,Diagnosed diabetes among adults,Age-adjusted prevalence,AgeAdjPrv,10.1,8.8,11.5,38293,29786,,
2022,IA,Iowa,Des Moines,19057,DIABETES,Diagnosed diabetes among adults,Crude prevalence,CrdPrv,12.8,11.2,14.6,38293,29786,,
2022,IA,Iowa,Dickinson,19059,DIABETES,Diagnosed diabetes among adults,Age-adjusted prevalence,AgeAdjPrv,9.3,8.0,10.8,18028,14626,,
2022,IA,Iowa,Dickinson,19059,DIABETES,Diagnosed diabetes among adults,Crude prevalence,CrdPrv,13.2,11.3,15.2,18028,14626,,
2022,IA,Iowa,Dubuque,19061,DIABETES,Diagnosed diabetes among adults,Age-adjusted prevalence,AgeAdjPrv,9.7,8.4,11.1,98677,76858,,
2022,IA,Iowa,Dubuque,19061,DIABETES,Diagnosed diabetes among adults,Crude prevalence,CrdPrv,11.3,9.8,12.8,98677,76858,,
2022,IA,Iowa,Emmet,19063,DIABETES,Diagnosed diabetes among adults,Age-adjusted prevalence,AgeAdjPrv,10.3,8.8,11.7,9176,7498,,
2022,IA,Iowa,Emmet,19063,DIABETES,Diagnosed diabetes among adults,Crude prevalence,CrdPrv,12.9,11.1,14.8,9176,7498,,
2022,IA,Iowa,Fayette,19065,DIABETES,Diagnosed diabetes among adults,Age-adjusted prevalence,AgeAdjPrv,10.5,9.1,12.0,19294,15181,,
2022,IA,Iowa,Fayette,19065,DIABETES,Diagnosed diabetes among adults,Crude prevalence,CrdPrv,13.4,11.5,15.2,19294,15181,,
2022,IA,Iowa,Floyd,19067,DIABETES,Diagnosed diabetes among adults,Age-adjusted prevalence,AgeAdjPrv,9.8,8.4,11.2,15337,11812,,
2022,IA,Iowa,Floyd,19067,DIABETES,Diagnosed diabetes among adults,Crude prevalence,CrdPrv,12.8,11.1,14.6,15337,11812,,
2022,IA,Iowa,Franklin,19069,DIABETES,Diagnosed diabetes among adults,Age-adjusted prevalence,AgeAdjPrv,10.4,8.9,12.0,9916,7573,,
2022,IA,Iowa,Franklin,19069,DIABETES,Diagnosed diabetes among adults,Crude prevalence,CrdPrv,13.3,11.4,15.3,9916,7573,,
2022,IA,Iowa,Fremont,19071,DIABETES,Diagnosed diabetes among adults,Age-adjusted prevalence,AgeAdjPrv,8.9,7.6,10.2,6464,5043,,
2022,IA,Iowa,Fremont,19071,DIABETES,Diagnosed diabetes among adults,Crude prevalence,CrdPrv,12.0,10.3,13.7,6464,5043,,
2022,IA,Iowa,Greene,19073,DIABETES,Diagnosed diabetes among adults,Age-adjusted prevalence,AgeAdjPrv,9.8,8.4,11.3,8741,6775,,
2022,IA,Iowa,Greene,19073,DIABETES,Diagnosed diabetes among adults,Crude prevalence,CrdPrv,13.0,11.3,15.0,8741,6775,,
2022,IA,Iowa,Grundy,19075,DIABETES,Diagnosed diabetes among adults,Age-adjusted prevalence,AgeAdjPrv,8.7,7.5,10.1,12356,9477,,
2022,IA,Iowa,Grundy,19075,DIABETES,Diagnosed diabetes among adults,Crude prevalence,CrdPrv,11.1,9.6,12.8,12356,9477,,
2022,IA,Iowa,Guthrie,19077,DIABETES,Diagnosed diabetes among adults,Age-adjusted prevalence,AgeAdjPrv,8.8,7.6,10.2,10647,8416,,
2022,IA,Iowa,Guthrie,19077,DIABETES,Diagnosed diabetes among adults,Crude prevalence,CrdPrv,11.7,10.1,13.5,10647,8416,,
2022,IA,Iowa,Hamilton,19079,DIABETES,Diagnosed diabetes among adults,Age-adjusted prevalence,AgeAdjPrv,9.4,8.1,10.8,14820,11426,,
2022,IA,Iowa,Hamilton,19079,DIABETES,Diagnosed diabetes among adults,Crude prevalence,CrdPrv,12.1,10.4,13.9,14820,11426,,
2022,IA,Iowa,Hancock,19081,DIABETES,Diagnosed diabetes among adults,Age-adjusted prevalence,AgeAdjPrv,9.1,7.8,10.5,10685,8409,,
2022,IA,Iowa,Hancock,19081,DIABETES,Diagnosed diabetes among adults,Crude prevalence,CrdPrv,11.8,10.2,13.6,10685,8409,,
2022,IA,Iowa,Hardin,19083,DIABETES,Diagnosed diabetes among adults,Age-adjusted prevalence,AgeAdjPrv,10.1,8.7,11.7,16567,13522,,
2022,IA,Iowa,Hardin,19083,DIABETES,Diagnosed diabetes among adults,Crude prevalence,CrdPrv,12.9,11.1,14.8,16567,13522,,
2022,IA,Iowa,Harrison,19085,DIABETES,Diagnosed diabetes among adults,Age-adjusted prevalence,AgeAdjPrv,10.2,8.7,11.7,14658,11254,,
2022,IA,Iowa,Harrison,19085,DIABETES,Diagnosed diabetes among adults,Crude prevalence,CrdPrv,12.8,11.0,14.7,14658,11254,,
2022,IA,Iowa,Henry,19087,DIABETES,Diagnosed diabetes among adults,Age-adjusted prevalence,AgeAdjPrv,10.2,8.9,11.8,20196,16052,,
2022,IA,Iowa,Henry,19087,DIABETES,Diagnosed diabetes among adults,Crude prevalence,CrdPrv,12.0,10.4,13.7,20196,16052,,
2022,IA,Iowa,Howard,19089,DIABETES,Diagnosed diabetes among adults,Age-adjusted prevalence,AgeAdjPrv,9.7,8.4,11.2,9533,7132,,
2022,IA,Iowa,Howard,19089,DIABETES,Diagnosed diabetes among adults,Crude prevalence,CrdPrv,12.6,10.9,14.5,9533,7132,,
2022,IA,Iowa,Humboldt,19091,DIABETES,Diagnosed diabetes among adults,Age-adjusted prevalence,AgeAdjPrv,10.3,8.8,11.8,9572,7318,,
2022,IA,Iowa,Humboldt,19091,DIABETES,Diagnosed diabetes among adults,Crude prevalence,CrdPrv,13.3,11.5,15.3,9572,7318,,
2022,IA,Iowa,Ida,19093,DIABETES,Diagnosed diabetes among adults,Age-adjusted prevalence,AgeAdjPrv,9.5,8.1,10.9,6888,5211,,
2022,IA,Iowa,Ida,19093,DIABETES,Diagnosed diabetes among adults,Crude prevalence,CrdPrv,12.3,10.6,14.1,6888,5211,,
2022,IA,Iowa,Iowa,19095,DIABETES,Diagnosed diabetes among adults,Age-adjusted prevalence,AgeAdjPrv,8.8,7.6,10.2,16475,12646,,
2022,IA,Iowa,Iowa,19095,DIABETES,Diagnosed diabetes among adults,Crude prevalence,CrdPrv,11.5,9.9,13.1,16475,12646,,
2022,IA,Iowa,Jackson,19097,DIABETES,Diagnosed diabetes among adults,Age-adjusted prevalence,AgeAdjPrv,9.9,8.6,11.4,19324,15096,,
2022,IA,Iowa,Jackson,19097,DIABETES,Diagnosed diabetes among adults,Crude prevalence,CrdPrv,13.1,11.4,15.0,19324,15096,,
2022,IA,Iowa,Jasper,19099,DIABETES,Diagnosed diabetes among adults,Age-adjusted prevalence,AgeAdjPrv,9.0,7.8,10.5,37938,29592,,
2022,IA,Iowa,Jasper,19099,DIABETES,Diagnosed diabetes among adults,Crude prevalence,CrdPrv,11.1,9.6,12.7,37938,29592,,
2022,IA,Iowa,Jefferson,19101,DIABETES,Diagnosed diabetes among adults,Age-adjusted prevalence,AgeAdjPrv,10.7,9.2,12.3,15698,13101,,
2022,IA,Iowa,Jefferson,19101,DIABETES,Diagnosed diabetes among adults,Crude prevalence,CrdPrv,13.7,11.9,15.7,15698,13101,,
2022,IA,Iowa,Johnson,19103,DIABETES,Diagnosed diabetes among adults,Age-adjusted prevalence,AgeAdjPrv,9.5,8.4,10.8,156420,126657,,
2022,IA,Iowa,Johnson,19103,DIABETES,Diagnosed diabetes among adults,Crude prevalence,CrdPrv,8.4,7.4,9.5,156420,126657,,
2022,IA,Iowa,Jones,19105,DIABETES,Diagnosed diabetes among adults,Age-adjusted prevalence,AgeAdjPrv,9.5,8.2,11.0,20848,16606,,
2022,IA,Iowa,Jones,19105,DIABETES,Diagnosed diabetes among adults,Crude prevalence,CrdPrv,12.1,10.5,13.9,20848,16606,,
2022,IA,Iowa,Keokuk,19107,DIABETES,Diagnosed diabetes among adults,Age-adjusted prevalence,AgeAdjPrv,10.0,8.6,11.5,9904,7685,,
2022,IA,Iowa,Keokuk,19107,DIABETES,Diagnosed diabetes among adults,Crude prevalence,CrdPrv,13.1,11.3,15.1,9904,7685,,
2022,IA,Iowa,Kossuth,19109,DIABETES,Diagnosed diabetes among adults,Age-adjusted prevalence,AgeAdjPrv,9.8,8.4,11.3,14475,11303,,
2022,IA,Iowa,Kossuth,19109,DIABETES,Diagnosed diabetes among adults,Crude prevalence,CrdPrv,13.1,11.3,15.1,14475,11303,,
2022,IA,Iowa,Lee,19111,DIABETES,Diagnosed diabetes among adults,Age-adjusted prevalence,AgeAdjPrv,10.5,9.1,12.0,32840,25904,,
2022,IA,Iowa,Lee,19111,DIABETES,Diagnosed diabetes among adults,Crude prevalence,CrdPrv,13.5,11.8,15.4,32840,25904,,
2022,IA,Iowa,Linn,19113,DIABETES,Diagnosed diabetes among adults,Age-adjusted prevalence,AgeAdjPrv,10.1,8.8,11.4,229033,178088,,
2022,IA,Iowa,Linn,19113,DIABETES,Diagnosed diabetes among adults,Crude prevalence,CrdPrv,11.3,10.0,12.8,229033,178088,,
2022,IA,Iowa,Louisa,19115,DIABETES,Diagnosed diabetes among adults,Age-adjusted prevalence,AgeAdjPrv,11.4,10.4,12.6,10677,8391,,
2022,IA,Iowa,Louisa,19115,DIABETES,Diagnosed diabetes among adults,Crude prevalence,CrdPrv,14.4,13.2,15.9,10677,8391,,
2022,IA,Iowa,Lucas,19117,DIABETES,Diagnosed diabetes among adults,Age-adjusted prevalence,AgeAdjPrv,10.7,9.3,12.3,8689,6675,,
2022,IA,Iowa,Lucas,19117,DIABETES,Diagnosed diabetes among adults,Crude prevalence,CrdPrv,14.4,12.6,16.5,8689,6675,,
2022,IA,Iowa,Lyon,19119,DIABETES,Diagnosed diabetes among adults,Age-adjusted prevalence,AgeAdjPrv,8.7,7.5,10.1,12179,8777,,
2022,IA,Iowa,Lyon,19119,DIABETES,Diagnosed diabetes among adults,Crude prevalence,CrdPrv,10.7,9.2,12.4,12179,8777,,
2022,IA,Iowa,Madison,19121,DIABETES,Diagnosed diabetes among adults,Age-adjusted prevalence,AgeAdjPrv,8.5,7.4,9.8,17036,12823,,
2022,IA,Iowa,Madison,19121,DIABETES,Diagnosed diabetes among adults,Crude prevalence,CrdPrv,10.4,9.0,11.9,17036,12823,,
2022,IA,Iowa,Mahaska,19123,DIABETES,Diagnosed diabetes among adults,Age-adjusted prevalence,AgeAdjPrv,9.5,8.3,11.0,21946,16814,,
2022,IA,Iowa,Mahaska,19123,DIABETES,Diagnosed diabetes among adults,Crude prevalence,CrdPrv,11.6,10.0,13.4,21946,16814,,
2022,IA,Iowa,Marion,19125,DIABETES,Diagnosed diabetes among adults,Age-adjusted prevalence,AgeAdjPrv,8.3,7.1,9.6,33642,25886,,
2022,IA,Iowa,Marion,19125,DIABETES,Diagnosed diabetes among adults,Crude prevalence,CrdPrv,10.2,8.8,11.7,33642,25886,,
2022,IA,Iowa,Marshall,19127,DIABETES,Diagnosed diabetes among adults,Age-adjusted prevalence,AgeAdjPrv,10.7,9.4,12.2,39879,29770,,
2022,IA,Iowa,Marshall,19127,DIABETES,Diagnosed diabetes among adults,Crude prevalence,CrdPrv,12.4,10.9,14.0,39879,29770,,
2022,IA,Iowa,Mills,19129,DIABETES,Diagnosed diabetes among adults,Age-adjusted prevalence,AgeAdjPrv,9.6,8.3,11.0,14553,11275,,
2022,IA,Iowa,Mills,19129,DIABETES,Diagnosed diabetes among adults,Crude prevalence,CrdPrv,12.2,10.5,13.9,14553,11275,,
2022,IA,Iowa,Mitchell,19131,DIABETES,Diagnosed diabetes among adults,Age-adjusted prevalence,AgeAdjPrv,9.5,8.0,11.0,10532,8039,,
2022,IA,Iowa,Mitchell,19131,DIABETES,Diagnosed diabetes among adults,Crude prevalence,CrdPrv,12.1,10.3,14.0,10532,8039,,
2022,IA,Iowa,Monona,19133,DIABETES,Diagnosed diabetes among adults,Age-adjusted prevalence,AgeAdjPrv,10.2,8.8,11.7,8486,6610,,
2022,IA,Iowa,Monona,19133,DIABETES,Diagnosed diabetes among adults,Crude prevalence,CrdPrv,13.5,11.7,15.4,8486,6610,,
2022,IA,Iowa,Monroe,19135,DIABETES,Diagnosed diabetes among adults,Age-adjusted prevalence,AgeAdjPrv,9.1,7.8,10.5,7550,5808,,
2022,IA,Iowa,Monroe,19135,DIABETES,Diagnosed diabetes among adults,Crude prevalence,CrdPrv,11.3,9.7,13.1,7550,5808,,
2022,IA,Iowa,Montgomery,19137,DIABETES,Diagnosed diabetes among adults,Age-adjusted prevalence,AgeAdjPrv,10.4,9.0,11.9,10205,7922,,
2022,IA,Iowa,Montgomery,19137,DIABETES,Diagnosed diabetes among adults,Crude prevalence,CrdPrv,13.5,11.7,15.4,10205,7922,,
2022,IA,Iowa,Muscatine,19139,DIABETES,Diagnosed diabetes among adults,Age-adjusted prevalence,AgeAdjPrv,10.4,9.0,12.0,42377,32259,,
2022,IA,Iowa,Muscatine,19139,DIABETES,Diagnosed diabetes among adults,Crude prevalence,CrdPrv,12.3,10.6,14.1,42377,32259,,
2022,IA,Iowa,O'Brien,19141,DIABETES,Diagnosed diabetes among adults,Age-adjusted prevalence,AgeAdjPrv,10.4,9.0,11.9,14060,10690,,
2022,IA,Iowa,O'Brien,19141,DIABETES,Diagnosed diabetes among adults,Crude prevalence,CrdPrv,13.3,11.5,15.2,14060,10690,,
2022,IA,Iowa,Osceola,19143,DIABETES,Diagnosed diabetes among adults,Age-adjusted prevalence,AgeAdjPrv,10.2,8.9,11.7,6036,4655,,
2022,IA,Iowa,Osceola,19143,DIABETES,Diagnosed diabetes among adults,Crude prevalence,CrdPrv,13.1,11.5,15.0,6036,4655,,
2022,IA,Iowa,Page,19145,DIABETES,Diagnosed diabetes among adults,Age-adjusted prevalence,AgeAdjPrv,10.4,8.9,12.0,15143,12516,,
2022,IA,Iowa,Page,19145,DIABETES,Diagnosed diabetes among adults,Crude prevalence,CrdPrv,13.1,11.2,15.1,15143,12516,,
2022,IA,Iowa,Palo Alto,19147,DIABETES,Diagnosed diabetes among adults,Age-adjusted prevalence,AgeAdjPrv,9.6,8.2,10.9,8764,6764,,
2022,IA,Iowa,Palo Alto,19147,DIABETES,Diagnosed diabetes among adults,Crude prevalence,CrdPrv,12.2,10.6,13.9,8764,6764,,
2022,IA,Iowa,Plymouth,19149,DIABETES,Diagnosed diabetes among adults,Age-adjusted prevalence,AgeAdjPrv,9.1,7.9,10.5,25681,19373,,
2022,IA,Iowa,Plymouth,19149,DIABETES,Diagnosed diabetes among adults,Crude prevalence,CrdPrv,11.1,9.6,12.7,25681,19373,,
2022,IA,Iowa,Pocahontas,19151,DIABETES,Diagnosed diabetes among adults,Age-adjusted prevalence,AgeAdjPrv,9.3,8.0,10.7,7053,5440,,
2022,IA,Iowa,Pocahontas,19151,DIABETES,Diagnosed diabetes among adults,Crude prevalence,CrdPrv,12.7,10.9,14.6,7053,5440,,
2022,IA,Iowa,Polk,19153,DIABETES,Diagnosed diabetes among adults,Age-adjusted prevalence,AgeAdjPrv,10.0,8.8,11.2,501089,381192,,
2022,IA,Iowa,Polk,19153,DIABETES,Diagnosed diabetes among adults,Crude prevalence,CrdPrv,10.5,9.3,11.8,501089,381192,,
2022,IA,Iowa,Pottawattamie,19155,DIABETES,Diagnosed diabetes among adults,Age-adjusted prevalence,AgeAdjPrv,10.6,9.2,12.1,93173,71983,,
2022,IA,Iowa,Pottawattamie,19155,DIABETES,Diagnosed diabetes among adults,Crude prevalence,CrdPrv,12.8,11.1,14.5,93173,71983,,
2022,IA,Iowa,Poweshiek,19157,DIABETES,Diagnosed diabetes among adults,Age-adjusted prevalence,AgeAdjPrv,9.6,8.3,11.1,18467,14882,,
2022,IA,Iowa,Poweshiek,19157,DIABETES,Diagnosed diabetes among adults,Crude prevalence,CrdPrv,11.5,9.9,13.2,18467,14882,,
2022,IA,Iowa,Ringgold,19159,DIABETES,Diagnosed diabetes among adults,Age-adjusted prevalence,AgeAdjPrv,10.0,8.6,11.7,4670,3579,,
2022,IA,Iowa,Ringgold,19159,DIABETES,Diagnosed diabetes among adults,Crude prevalence,CrdPrv,13.4,11.5,15.6,4670,3579,,
2022,IA,Iowa,Sac,19161,DIABETES,Diagnosed diabetes among adults,Age-adjusted prevalence,AgeAdjPrv,9.0,7.7,10.4,9673,7510,,
2022,IA,Iowa,Sac,19161,DIABETES,Diagnosed diabetes among adults,Crude prevalence,CrdPrv,12.1,10.4,13.9,9673,7510,,
2022,IA,Iowa,Scott,19163,DIABETES,Diagnosed diabetes among adults,Age-adjusted prevalence,AgeAdjPrv,9.6,8.4,11.0,173924,133953,,
2022,IA,Iowa,Scott,19163,DIABETES,Diagnosed diabetes among adults,Crude prevalence,CrdPrv,11.1,9.7,12.6,173924,133953,,
2022,IA,Iowa,Shelby,19165,DIABETES,Diagnosed diabetes among adults,Age-adjusted prevalence,AgeAdjPrv,9.6,8.3,11.1,11645,9029,,
2022,IA,Iowa,Shelby,19165,DIABETES,Diagnosed diabetes among adults,Crude prevalence,CrdPrv,13.1,11.3,15.1,11645,9029,,
2022,IA,Iowa,Sioux,19167,DIABETES,Diagnosed diabetes among adults,Age-adjusted prevalence,AgeAdjPrv,9.2,7.9,10.6,36050,26444,,
2022,IA,Iowa,Sioux,19167,DIABETES,Diagnosed diabetes among adults,Crude prevalence,CrdPrv,10.2,8.8,11.8,36050,26444,,
2022,IA,Iowa,Story,19169,DIABETES,Diagnosed diabetes among adults,Age-adjusted prevalence,AgeAdjPrv,9.5,8.2,10.9,99673,83826,,
2022,IA,Iowa,Story,19169,DIABETES,Diagnosed diabetes among adults,Crude prevalence,CrdPrv,7.6,6.6,8.7,99673,83826,,
2022,IA,Iowa,Tama,19171,DIABETES,Diagnosed diabetes among adults,Age-adjusted prevalence,AgeAdjPrv,11.2,9.6,12.9,16903,12882,,
2022,IA,Iowa,Tama,19171,DIABETES,Diagnosed diabetes among adults,Crude prevalence,CrdPrv,14.0,12.0,15.9,16903,12882,,
2022,IA,Iowa,Taylor,19173,DIABETES,Diagnosed diabetes among adults,Age-adjusted prevalence,AgeAdjPrv,10.2,8.8,11.7,5858,4480,,
2022,IA,Iowa,Taylor,19173,DIABETES,Diagnosed diabetes among adults,Crude prevalence,CrdPrv,13.3,11.6,15.3,5858,4480,,
2022,IA,Iowa,Union,19175,DIABETES,Diagnosed diabetes among adults,Age-adjusted prevalence,AgeAdjPrv,9.6,8.2,11.0,11887,9253,,
2022,IA,Iowa,Union,19175,DIABETES,Diagnosed diabetes among adults,Crude prevalence,CrdPrv,11.8,10.2,13.6,11887,9253,,
2022,IA,Iowa,Van Buren,19177,DIABETES,Diagnosed diabetes among adults,Age-adjusted prevalence,AgeAdjPrv,10.5,9.1,12.0,7256,5556,,
2022,IA,Iowa,Van Buren,19177,DIABETES,Diagnosed diabetes among adults,Crude prevalence,CrdPrv,13.9,12.1,15.9,7256,5556,,
2022,IA,Iowa,Wapello,19179,DIABETES,Diagnosed diabetes among adults,Age-adjusted prevalence,AgeAdjPrv,11.9,10.3,13.7,35043,26794,,
2022,IA,Iowa,Wapello,19179,DIABETES,Diagnosed diabetes among adults,Crude prevalence,CrdPrv,13.9,12.1,16.0,35043,26794,,
2022,IA,Iowa,Warren,19181,DIABETES,Diagnosed diabetes among adults,Age-adjusted prevalence,AgeAdjPrv,9.6,8.2,11.0,54327,41161,,
2022,IA,Iowa,Warren,19181,DIABETES,Diagnosed diabetes among adults,Crude prevalence,CrdPrv,11.0,9.5,12.7,54327,41161,,
2022,IA,Iowa,Washington,19183,DIABETES,Diagnosed diabetes among adults,Age-adjusted prevalence,AgeAdjPrv,9.2,7.9,10.5,22571,17035,,
2022,IA,Iowa,Washington,19183,DIABETES,Diagnosed diabetes among adults,Crude prevalence,CrdPrv,11.6,10.0,13.2,22571,17035,,
2022,IA,Iowa,Wayne,19185,DIABETES,Diagnosed diabetes among adults,Age-adjusted prevalence,AgeAdjPrv,10.5,9.1,12.1,6467,4771,,
2022,IA,Iowa,Wayne,19185,DIABETES,Diagnosed diabetes among adults,Crude prevalence,CrdPrv,13.8,11.9,15.8,6467,4771,,
2022,IA,Iowa,Webster,19187,DIABETES,Diagnosed diabetes among adults,Age-adjusted prevalence,AgeAdjPrv,9.9,8.6,11.3,36626,28812,,
2022,IA,Iowa,Webster,19187,DIABETES,Diagnosed diabetes among adults,Crude prevalence,CrdPrv,11.6,10.0,13.1,36626,28812,,
2022,IA,Iowa,Winnebago,19189,DIABETES,Diagnosed diabetes among adults,Age-adjusted prevalence,AgeAdjPrv,8.7,7.4,10.1,10617,8308,,
2022,IA,Iowa,Winnebago,19189,DIABETES,Diagnosed diabetes among adults,Crude prevalence,CrdPrv,11.0,9.4,12.6,10617,8308,,
2022,IA,Iowa,Winneshiek,19191,DIABETES,Diagnosed diabetes among adults,Age-adjusted prevalence,AgeAdjPrv,8.1,7.0,9.3,19974,16305,,
2022,IA,Iowa,Winneshiek,19191,DIABETES,Diagnosed diabetes among adults,Crude prevalence,CrdPrv,10.1,8.8,11.6,19974,16305,,
2022,IA,Iowa,Woodbury,19193,DIABETES,Diagnosed diabetes among adults,Age-adjusted prevalence,AgeAdjPrv,11.4,10.1,12.8,105671,78682,,
2022,IA,Iowa,Woodbury,19193,DIABETES,Diagnosed diabetes among adults,Crude prevalence,CrdPrv,12.4,11.0,14.0,105671,78682,,
2022,IA,Iowa,Worth,19195,DIABETES,Diagnosed diabetes among adults,Age-adjusted prevalence,AgeAdjPrv,9.4,8.1,11.0,7319,5797,,
2022,IA,Iowa,Worth,19195,DIABETES,Diagnosed diabetes among adults,Crude prevalence,CrdPrv,12.4,10.7,14.3,7319,5797,,
2022,IA,Iowa,Wright,19197,DIABETES,Diagnosed diabetes among adults,Age-adjusted prevalence,AgeAdjPrv,10.9,9.4,12.4,12681,9541,,
2022,IA,Iowa,Wright,19197,DIABETES,Diagnosed diabetes among adults,Crude prevalence,CrdPrv,14.3,12.5,16.2,12681,9541,,
2022,KS,Kansas,Allen,20001,DIABETES,Diagnosed diabetes among adults,Age-adjusted prevalence,AgeAdjPrv,10.9,9.4,12.4,12579,9768,,
2022,KS,Kansas,Allen,20001,DIABETES,Diagnosed diabetes among adults,Crude prevalence,CrdPrv,13.4,11.6,15.2,12579,9768,,
2022,KS,Kansas,Anderson,20003,DIABETES,Diagnosed diabetes among adults,Age-adjusted prevalence,AgeAdjPrv,10.7,9.3,12.2,7776,5846,,
2022,KS,Kansas,Anderson,20003,DIABETES,Diagnosed diabetes among adults,Crude prevalence,CrdPrv,13.6,11.9,15.4,7776,5846,,
2022,KS,Kansas,Atchison,20005,DIABETES,Diagnosed diabetes among adults,Age-adjusted prevalence,AgeAdjPrv,10.6,9.2,12.1,16108,12602,,
2022,KS,Kansas,Atchison,20005,DIABETES,Diagnosed diabetes among adults,Crude prevalence,CrdPrv,11.9,10.3,13.5,16108,12602,,
2022,KS,Kansas,Barber,20007,DIABETES,Diagnosed diabetes among adults,Age-adjusted prevalence,AgeAdjPrv,10.7,9.2,12.4,4122,3151,,
2022,KS,Kansas,Barber,20007,DIABETES,Diagnosed diabetes among adults,Crude prevalence,CrdPrv,14.5,12.5,16.6,4122,3151,,
2022,KS,Kansas,Barton,20009,DIABETES,Diagnosed diabetes among adults,Age-adjusted prevalence,AgeAdjPrv,10.8,9.5,12.3,25080,19072,,
2022,KS,Kansas,Barton,20009,DIABETES,Diagnosed diabetes among adults,Crude prevalence,CrdPrv,13.2,11.6,14.9,25080,19072,,
2022,KS,Kansas,Bourbon,20011,DIABETES,Diagnosed diabetes among adults,Age-adjusted prevalence,AgeAdjPrv,11.2,9.6,12.8,14493,10727,,
2022,KS,Kansas,Bourbon,20011,DIABETES,Diagnosed diabetes among adults,Crude prevalence,CrdPrv,13.6,11.9,15.6,14493,10727,,
2022,KS,Kansas,Brown,20013,DIABETES,Diagnosed diabetes among adults,Age-adjusted prevalence,AgeAdjPrv,10.1,8.8,11.6,9364,6979,,
2022,KS,Kansas,Brown,20013,DIABETES,Diagnosed diabetes among adults,Crude prevalence,CrdPrv,13.3,11.5,15.2,9364,6979,,
2022,KS,Kansas,Butler,20015,DIABETES,Diagnosed diabetes among adults,Age-adjusted prevalence,AgeAdjPrv,9.7,8.4,11.0,68240,51536,,
2022,KS,Kansas,Butler,20015,DIABETES,Diagnosed diabetes among adults,Crude prevalence,CrdPrv,11.0,9.6,12.5,68240,51536,,
2022,KS,Kansas,Chase,20017,DIABETES,Diagnosed diabetes among adults,Age-adjusted prevalence,AgeAdjPrv,10.6,9.2,12.1,2548,2054,,
2022,KS,Kansas,Chase,20017,DIABETES,Diagnosed diabetes among adults,Crude prevalence,CrdPrv,13.9,12.1,15.9,2548,2054,,
2022,KS,Kansas,Chautauqua,20019,DIABETES,Diagnosed diabetes among adults,Age-adjusted prevalence,AgeAdjPrv,11.6,10.1,13.2,3415,2664,,
2022,KS,Kansas,Chautauqua,20019,DIABETES,Diagnosed diabetes among adults,Crude prevalence,CrdPrv,15.6,13.6,17.7,3415,2664,,
2022,KS,Kansas,Cherokee,20021,DIABETES,Diagnosed diabetes among adults,Age-adjusted prevalence,AgeAdjPrv,11.2,9.8,12.8,19088,14731,,
2022,KS,Kansas,Cherokee,20021,DIABETES,Diagnosed diabetes among adults,Crude prevalence,CrdPrv,14.2,12.4,16.2,19088,14731,,
2022,KS,Kansas,Cheyenne,20023,DIABETES,Diagnosed diabetes among adults,Age-adjusted prevalence,AgeAdjPrv,10.8,9.5,12.5,2583,2022,,
2022,KS,Kansas,Cheyenne,20023,DIABETES,Diagnosed diabetes among adults,Crude prevalence,CrdPrv,14.4,12.5,16.5,2583,2022,,
2022,KS,Kansas,Clark,20025,DIABETES,Diagnosed diabetes among adults,Age-adjusted prevalence,AgeAdjPrv,9.7,8.3,11.2,1933,1454,,
2022,KS,Kansas,Clark,20025,DIABETES,Diagnosed diabetes among adults,Crude prevalence,CrdPrv,12.1,10.4,13.9,1933,1454,,
2022,KS,Kansas,Clay,20027,DIABETES,Diagnosed diabetes among adults,Age-adjusted prevalence,AgeAdjPrv,10.5,9.1,12.1,8043,6181,,
2022,KS,Kansas,Clay,20027,DIABETES,Diagnosed diabetes among adults,Crude prevalence,CrdPrv,13.7,12.0,15.8,8043,6181,,
2022,KS,Kansas,Cloud,20029,DIABETES,Diagnosed diabetes among adults,Age-adjusted prevalence,AgeAdjPrv,10.9,9.4,12.5,8946,6835,,
2022,KS,Kansas,Cloud,20029,DIABETES,Diagnosed diabetes among adults,Crude prevalence,CrdPrv,13.5,11.6,15.3,8946,6835,,
2022,KS,Kansas,Coffey,20031,DIABETES,Diagnosed diabetes among adults,Age-adjusted prevalence,AgeAdjPrv,10.9,9.5,12.4,8280,6506,,
2022,KS,Kansas,Coffey,20031,DIABETES,Diagnosed diabetes among adults,Crude prevalence,CrdPrv,14.3,12.4,16.2,8280,6506,,
2022,KS,Kansas,Comanche,20033,DIABETES,Diagnosed diabetes among adults,Age-adjusted prevalence,AgeAdjPrv,9.6,8.3,11.0,1681,1298,,
2022,KS,Kansas,Comanche,20033,DIABETES,Diagnosed diabetes among adults,Crude prevalence,CrdPrv,12.9,11.2,14.8,1681,1298,,
2022,KS,Kansas,Cowley,20035,DIABETES,Diagnosed diabetes among adults,Age-adjusted prevalence,AgeAdjPrv,11.3,9.9,12.9,34453,26377,,
2022,KS,Kansas,Cowley,20035,DIABETES,Diagnosed diabetes among adults,Crude prevalence,CrdPrv,13.1,11.5,15.0,34453,26377,,
2022,KS,Kansas,Crawford,20037,DIABETES,Diagnosed diabetes among adults,Age-adjusted prevalence,AgeAdjPrv,10.9,9.6,12.5,39078,30517,,
2022,KS,Kansas,Crawford,20037,DIABETES,Diagnosed diabetes among adults,Crude prevalence,CrdPrv,11.3,9.9,12.9,39078,30517,,
2022,KS,Kansas,Decatur,20039,DIABETES,Diagnosed diabetes among adults,Age-adjusted prevalence,AgeAdjPrv,10.3,8.9,11.9,2689,2150,,
2022,KS,Kansas,Decatur,20039,DIABETES,Diagnosed diabetes among adults,Crude prevalence,CrdPrv,14.6,12.6,16.7,2689,2150,,
2022,KS,Kansas,Dickinson,20041,DIABETES,Diagnosed diabetes among adults,Age-adjusted prevalence,AgeAdjPrv,10.0,8.7,11.4,18430,14256,,
2022,KS,Kansas,Dickinson,20041,DIABETES,Diagnosed diabetes among adults,Crude prevalence,CrdPrv,12.8,11.1,14.5,18430,14256,,
2022,KS,Kansas,Doniphan,20043,DIABETES,Diagnosed diabetes among adults,Age-adjusted prevalence,AgeAdjPrv,9.9,8.5,11.4,7440,5889,,
2022,KS,Kansas,Doniphan,20043,DIABETES,Diagnosed diabetes among adults,Crude prevalence,CrdPrv,11.7,10.1,13.4,7440,5889,,
2022,KS,Kansas,Douglas,20045,DIABETES,Diagnosed diabetes among adults,Age-adjusted prevalence,AgeAdjPrv,10.2,9.0,11.7,119964,99208,,
2022,KS,Kansas,Douglas,20045,DIABETES,Diagnosed diabetes among adults,Crude prevalence,CrdPrv,9.1,8.0,10.4,119964,99208,,
2022,KS,Kansas,Edwards,20047,DIABETES,Diagnosed diabetes among adults,Age-adjusted prevalence,AgeAdjPrv,11.1,9.6,12.7,2739,2128,,
2022,KS,Kansas,Edwards,20047,DIABETES,Diagnosed diabetes among adults,Crude prevalence,CrdPrv,14.5,12.6,16.6,2739,2128,,
2022,KS,Kansas,Elk,20049,DIABETES,Diagnosed diabetes among adults,Age-adjusted prevalence,AgeAdjPrv,12.0,10.4,13.6,2441,1879,,
2022,KS,Kansas,Elk,20049,DIABETES,Diagnosed diabetes among adults,Crude prevalence,CrdPrv,17.5,15.3,19.9,2441,1879,,
2022,KS,Kansas,Ellis,20051,DIABETES,Diagnosed diabetes among adults,Age-adjusted prevalence,AgeAdjPrv,9.6,8.3,11.1,28941,23119,,
2022,KS,Kansas,Ellis,20051,DIABETES,Diagnosed diabetes among adults,Crude prevalence,CrdPrv,9.5,8.3,10.9,28941,23119,,
2022,KS,Kansas,Ellsworth,20053,DIABETES,Diagnosed diabetes among adults,Age-adjusted prevalence,AgeAdjPrv,11.3,9.7,13.0,6355,5262,,
2022,KS,Kansas,Ellsworth,20053,DIABETES,Diagnosed diabetes among adults,Crude prevalence,CrdPrv,13.6,11.8,15.6,6355,5262,,
2022,KS,Kansas,Finney,20055,DIABETES,Diagnosed diabetes among adults,Age-adjusted prevalence,AgeAdjPrv,13.9,12.2,15.7,37650,26502,,
2022,KS,Kansas,Finney,20055,DIABETES,Diagnosed diabetes among adults,Crude prevalence,CrdPrv,13.9,12.2,15.7,37650,26502,,
2022,KS,Kansas,Ford,20057,DIABETES,Diagnosed diabetes among adults,Age-adjusted prevalence,AgeAdjPrv,13.9,12.2,15.9,33848,23884,,
2022,KS,Kansas,Ford,20057,DIABETES,Diagnosed diabetes among adults,Crude prevalence,CrdPrv,14.1,12.4,16.0,33848,23884,,
2022,KS,Kansas,Franklin,20059,DIABETES,Diagnosed diabetes among adults,Age-adjusted prevalence,AgeAdjPrv,9.4,8.1,10.8,25992,20095,,
2022,KS,Kansas,Franklin,20059,DIABETES,Diagnosed diabetes among adults,Crude prevalence,CrdPrv,11.3,9.8,12.9,25992,20095,,
2022,KS,Kansas,Geary,20061,DIABETES,Diagnosed diabetes among adults,Age-adjusted prevalence,AgeAdjPrv,12.6,11.0,14.3,35691,24367,,
2022,KS,Kansas,Geary,20061,DIABETES,Diagnosed diabetes among adults,Crude prevalence,CrdPrv,9.6,8.3,10.9,35691,24367,,
2022,KS,Kansas,Gove,20063,DIABETES,Diagnosed diabetes among adults,Age-adjusted prevalence,AgeAdjPrv,9.6,8.4,11.1,2717,2037,,
2022,KS,Kansas,Gove,20063,DIABETES,Diagnosed diabetes among adults,Crude prevalence,CrdPrv,12.6,11.0,14.4,2717,2037,,
2022,KS,Kansas,Graham,20065,DIABETES,Diagnosed diabetes among adults,Age-adjusted prevalence,AgeAdjPrv,10.1,8.8,11.6,2411,1905,,
2022,KS,Kansas,Graham,20065,DIABETES,Diagnosed diabetes among adults,Crude prevalence,CrdPrv,14.8,12.8,16.8,2411,1905,,
2022,KS,Kansas,Grant,20067,DIABETES,Diagnosed diabetes among adults,Age-adjusted prevalence,AgeAdjPrv,11.6,10.1,13.2,7197,5071,,
2022,KS,Kansas,Grant,20067,DIABETES,Diagnosed diabetes among adults,Crude prevalence,CrdPrv,13.0,11.3,14.8,7197,5071,,
2022,KS,Kansas,Gray,20069,DIABETES,Diagnosed diabetes among adults,Age-adjusted prevalence,AgeAdjPrv,9.8,8.4,11.2,5729,4088,,
2022,KS,Kansas,Gray,20069,DIABETES,Diagnosed diabetes among adults,Crude prevalence,CrdPrv,11.0,9.4,12.7,5729,4088,,
2022,KS,Kansas,Greeley,20071,DIABETES,Diagnosed diabetes among adults,Age-adjusted prevalence,AgeAdjPrv,9.4,8.1,10.8,1223,886,,
2022,KS,Kansas,Greeley,20071,DIABETES,Diagnosed diabetes among adults,Crude prevalence,CrdPrv,11.6,10.0,13.3,1223,886,,
2022,KS,Kansas,Greenwood,20073,DIABETES,Diagnosed diabetes among adults,Age-adjusted prevalence,AgeAdjPrv,10.9,9.4,12.4,5939,4658,,
2022,KS,Kansas,Greenwood,20073,DIABETES,Diagnosed diabetes among adults,Crude prevalence,CrdPrv,15.6,13.5,17.8,5939,4658,,
2022,KS,Kansas,Hamilton,20075,DIABETES,Diagnosed diabetes among adults,Age-adjusted prevalence,AgeAdjPrv,11.2,9.7,12.8,2430,1775,,
2022,KS,Kansas,Hamilton,20075,DIABETES,Diagnosed diabetes among adults,Crude prevalence,CrdPrv,12.5,10.8,14.2,2430,1775,,
2022,KS,Kansas,Harper,20077,DIABETES,Diagnosed diabetes among adults,Age-adjusted prevalence,AgeAdjPrv,12.4,10.8,14.1,5323,3974,,
2022,KS,Kansas,Harper,20077,DIABETES,Diagnosed diabetes among adults,Crude prevalence,CrdPrv,16.1,14.1,18.3,5323,3974,,
2022,KS,Kansas,Harvey,20079,DIABETES,Diagnosed diabetes among adults,Age-adjusted prevalence,AgeAdjPrv,9.7,8.5,11.2,33801,25897,,
2022,KS,Kansas,Harvey,20079,DIABETES,Diagnosed diabetes among adults,Crude prevalence,CrdPrv,11.7,10.3,13.4,33801,25897,,
2022,KS,Kansas,Haskell,20081,DIABETES,Diagnosed diabetes among adults,Age-adjusted prevalence,AgeAdjPrv,11.8,10.2,13.4,3576,2661,,
2022,KS,Kansas,Haskell,20081,DIABETES,Diagnosed diabetes among adults,Crude prevalence,CrdPrv,13.6,11.9,15.5,3576,2661,,
2022,KS,Kansas,Hodgeman,20083,DIABETES,Diagnosed diabetes among adults,Age-adjusted prevalence,AgeAdjPrv,9.7,8.4,11.1,1755,1333,,
2022,KS,Kansas,Hodgeman,20083,DIABETES,Diagnosed diabetes among adults,Crude prevalence,CrdPrv,12.5,10.8,14.3,1755,1333,,
2022,KS,Kansas,Jackson,20085,DIABETES,Diagnosed diabetes among adults,Age-adjusted prevalence,AgeAdjPrv,10.3,9.0,11.7,13286,10001,,
2022,KS,Kansas,Jackson,20085,DIABETES,Diagnosed diabetes among adults,Crude prevalence,CrdPrv,13.1,11.5,14.9,13286,10001,,
2022,KS,Kansas,Jefferson,20087,DIABETES,Diagnosed diabetes among adults,Age-adjusted prevalence,AgeAdjPrv,9.3,8.0,10.6,18344,14375,,
2022,KS,Kansas,Jefferson,20087,DIABETES,Diagnosed diabetes among adults,Crude prevalence,CrdPrv,11.8,10.2,13.5,18344,14375,,
2022,KS,Kansas,Jewell,20089,DIABETES,Diagnosed diabetes among adults,Age-adjusted prevalence,AgeAdjPrv,10.6,9.2,12.1,2898,2293,,
2022,KS,Kansas,Jewell,20089,DIABETES,Diagnosed diabetes among adults,Crude prevalence,CrdPrv,15.5,13.5,17.6,2898,2293,,
2022,KS,Kansas,Johnson,20091,DIABETES,Diagnosed diabetes among adults,Age-adjusted prevalence,AgeAdjPrv,7.9,7.1,8.9,619195,475697,,
2022,KS,Kansas,Johnson,20091,DIABETES,Diagnosed diabetes among adults,Crude prevalence,CrdPrv,8.8,7.9,9.9,619195,475697,,
2022,KS,Kansas,Kearny,20093,DIABETES,Diagnosed diabetes among adults,Age-adjusted prevalence,AgeAdjPrv,12.8,11.1,14.6,3855,2760,,
2022,KS,Kansas,Kearny,20093,DIABETES,Diagnosed diabetes among adults,Crude prevalence,CrdPrv,14.5,12.7,16.5,3855,2760,,
2022,KS,Kansas,Kingman,20095,DIABETES,Diagnosed diabetes among adults,Age-adjusted prevalence,AgeAdjPrv,10.2,8.8,11.7,7193,5575,,
2022,KS,Kansas,Kingman,20095,DIABETES,Diagnosed diabetes among adults,Crude prevalence,CrdPrv,12.8,11.1,14.7,7193,5575,,
2022,KS,Kansas,Kiowa,20097,DIABETES,Diagnosed diabetes among adults,Age-adjusted prevalence,AgeAdjPrv,8.8,7.6,10.2,2404,1839,,
2022,KS,Kansas,Kiowa,20097,DIABETES,Diagnosed diabetes among adults,Crude prevalence,CrdPrv,11.1,9.5,12.7,2404,1839,,
2022,KS,Kansas,Labette,20099,DIABETES,Diagnosed diabetes among adults,Age-adjusted prevalence,AgeAdjPrv,11.2,9.7,12.7,19757,15008,,
2022,KS,Kansas,Labette,20099,DIABETES,Diagnosed diabetes among adults,Crude prevalence,CrdPrv,13.8,12.0,15.6,19757,15008,,
2022,KS,Kansas,Lane,20101,DIABETES,Diagnosed diabetes among adults,Age-adjusted prevalence,AgeAdjPrv,10.3,8.9,11.8,1556,1192,,
2022,KS,Kansas,Lane,20101,DIABETES,Diagnosed diabetes among adults,Crude prevalence,CrdPrv,13.9,12.1,15.9,1556,1192,,
2022,KS,Kansas,Leavenworth,20103,DIABETES,Diagnosed diabetes among adults,Age-adjusted prevalence,AgeAdjPrv,9.9,8.7,11.3,82892,63408,,
2022,KS,Kansas,Leavenworth,20103,DIABETES,Diagnosed diabetes among adults,Crude prevalence,CrdPrv,11.2,9.8,12.7,82892,63408,,
2022,KS,Kansas,Lincoln,20105,DIABETES,Diagnosed diabetes among adults,Age-adjusted prevalence,AgeAdjPrv,10.2,8.9,11.8,2899,2267,,
2022,KS,Kansas,Lincoln,20105,DIABETES,Diagnosed diabetes among adults,Crude prevalence,CrdPrv,14.4,12.6,16.5,2899,2267,,
2022,KS,Kansas,Linn,20107,DIABETES,Diagnosed diabetes among adults,Age-adjusted prevalence,AgeAdjPrv,10.4,9.1,11.9,9796,7649,,
2022,KS,Kansas,Linn,20107,DIABETES,Diagnosed diabetes among adults,Crude prevalence,CrdPrv,14.2,12.5,16.2,9796,7649,,
2022,KS,Kansas,Logan,20109,DIABETES,Diagnosed diabetes among adults,Age-adjusted prevalence,AgeAdjPrv,10.6,9.1,12.2,2705,2030,,
2022,KS,Kansas,Logan,20109,DIABETES,Diagnosed diabetes among adults,Crude prevalence,CrdPrv,13.6,11.9,15.6,2705,2030,,
2022,KS,Kansas,Lyon,20111,DIABETES,Diagnosed diabetes among adults,Age-adjusted prevalence,AgeAdjPrv,11.3,9.8,12.8,31898,24890,,
2022,KS,Kansas,Lyon,20111,DIABETES,Diagnosed diabetes among adults,Crude prevalence,CrdPrv,11.4,10.0,13.0,31898,24890,,
2022,KS,Kansas,McPherson,20113,DIABETES,Diagnosed diabetes among adults,Age-adjusted prevalence,AgeAdjPrv,9.4,8.1,10.9,30012,23531,,
2022,KS,Kansas,McPherson,20113,DIABETES,Diagnosed diabetes among adults,Crude prevalence,CrdPrv,11.1,9.6,12.8,30012,23531,,
2022,KS,Kansas,Marion,20115,DIABETES,Diagnosed diabetes among adults,Age-adjusted prevalence,AgeAdjPrv,9.5,8.3,10.8,11868,9349,,
2022,KS,Kansas,Marion,20115,DIABETES,Diagnosed diabetes among adults,Crude prevalence,CrdPrv,12.5,10.9,14.2,11868,9349,,
2022,KS,Kansas,Marshall,20117,DIABETES,Diagnosed diabetes among adults,Age-adjusted prevalence,AgeAdjPrv,10.0,8.7,11.5,9982,7596,,
2022,KS,Kansas,Marshall,20117,DIABETES,Diagnosed diabetes among adults,Crude prevalence,CrdPrv,13.4,11.6,15.3,9982,7596,,
2022,KS,Kansas,Meade,20119,DIABETES,Diagnosed diabetes among adults,Age-adjusted prevalence,AgeAdjPrv,10.9,9.5,12.5,3897,2863,,
2022,KS,Kansas,Meade,20119,DIABETES,Diagnosed diabetes among adults,Crude prevalence,CrdPrv,13.2,11.5,15.1,3897,2863,,
2022,KS,Kansas,Miami,20121,DIABETES,Diagnosed diabetes among adults,Age-adjusted prevalence,AgeAdjPrv,8.9,7.7,10.2,34867,26786,,
2022,KS,Kansas,Miami,20121,DIABETES,Diagnosed diabetes among adults,Crude prevalence,CrdPrv,11.0,9.6,12.6,34867,26786,,
2022,KS,Kansas,Mitchell,20123,DIABETES,Diagnosed diabetes among adults,Age-adjusted prevalence,AgeAdjPrv,10.0,8.7,11.5,5738,4351,,
2022,KS,Kansas,Mitchell,20123,DIABETES,Diagnosed diabetes among adults,Crude prevalence,CrdPrv,13.0,11.3,14.8,5738,4351,,
2022,KS,Kansas,Montgomery,20125,DIABETES,Diagnosed diabetes among adults,Age-adjusted prevalence,AgeAdjPrv,11.8,10.3,13.5,30996,23679,,
2022,KS,Kansas,Montgomery,20125,DIABETES,Diagnosed diabetes among adults,Crude prevalence,CrdPrv,14.7,12.9,16.8,30996,23679,,
2022,KS,Kansas,Morris,20127,DIABETES,Diagnosed diabetes among adults,Age-adjusted prevalence,AgeAdjPrv,10.2,8.8,11.8,5349,4234,,
2022,KS,Kansas,Morris,20127,DIABETES,Diagnosed diabetes among adults,Crude prevalence,CrdPrv,13.6,11.8,15.6,5349,4234,,
2022,KS,Kansas,Morton,20129,DIABETES,Diagnosed diabetes among adults,Age-adjusted prevalence,AgeAdjPrv,11.4,9.9,13.1,2599,1945,,
2022,KS,Kansas,Morton,20129,DIABETES,Diagnosed diabetes among adults,Crude prevalence,CrdPrv,14.2,12.4,16.2,2599,1945,,
2022,KS,Kansas,Nemaha,20131,DIABETES,Diagnosed diabetes among adults,Age-adjusted prevalence,AgeAdjPrv,9.0,7.8,10.4,10115,7405,,
2022,KS,Kansas,Nemaha,20131,DIABETES,Diagnosed diabetes among adults,Crude prevalence,CrdPrv,10.8,9.3,12.5,10115,7405,,
2022,KS,Kansas,Neosho,20133,DIABETES,Diagnosed diabetes among adults,Age-adjusted prevalence,AgeAdjPrv,11.1,9.6,12.7,15606,11836,,
2022,KS,Kansas,Neosho,20133,DIABETES,Diagnosed diabetes among adults,Crude prevalence,CrdPrv,13.7,11.8,15.7,15606,11836,,
2022,KS,Kansas,Ness,20135,DIABETES,Diagnosed diabetes among adults,Age-adjusted prevalence,AgeAdjPrv,10.7,9.2,12.3,2645,2058,,
2022,KS,Kansas,Ness,20135,DIABETES,Diagnosed diabetes among adults,Crude prevalence,CrdPrv,14.0,12.1,16.0,2645,2058,,
2022,KS,Kansas,Norton,20137,DIABETES,Diagnosed diabetes among adults,Age-adjusted prevalence,AgeAdjPrv,10.5,9.1,12.1,5301,4279,,
2022,KS,Kansas,Norton,20137,DIABETES,Diagnosed diabetes among adults,Crude prevalence,CrdPrv,12.3,10.7,14.1,5301,4279,,
2022,KS,Kansas,Osage,20139,DIABETES,Diagnosed diabetes among adults,Age-adjusted prevalence,AgeAdjPrv,10.1,8.7,11.4,15654,12025,,
2022,KS,Kansas,Osage,20139,DIABETES,Diagnosed diabetes among adults,Crude prevalence,CrdPrv,13.1,11.3,14.8,15654,12025,,
2022,KS,Kansas,Osborne,20141,DIABETES,Diagnosed diabetes among adults,Age-adjusted prevalence,AgeAdjPrv,9.9,8.6,11.4,3490,2678,,
2022,KS,Kansas,Osborne,20141,DIABETES,Diagnosed diabetes among adults,Crude prevalence,CrdPrv,13.7,11.9,15.7,3490,2678,,
2022,KS,Kansas,Ottawa,20143,DIABETES,Diagnosed diabetes among adults,Age-adjusted prevalence,AgeAdjPrv,9.9,8.6,11.5,5795,4469,,
2022,KS,Kansas,Ottawa,20143,DIABETES,Diagnosed diabetes among adults,Crude prevalence,CrdPrv,12.6,10.9,14.5,5795,4469,,
2022,KS,Kansas,Pawnee,20145,DIABETES,Diagnosed diabetes among adults,Age-adjusted prevalence,AgeAdjPrv,10.1,8.7,11.7,6179,5292,,
2022,KS,Kansas,Pawnee,20145,DIABETES,Diagnosed diabetes among adults,Crude prevalence,CrdPrv,12.7,11.0,14.7,6179,5292,,
2022,KS,Kansas,Phillips,20147,DIABETES,Diagnosed diabetes among adults,Age-adjusted prevalence,AgeAdjPrv,10.4,8.9,11.8,4809,3750,,
2022,KS,Kansas,Phillips,20147,DIABETES,Diagnosed diabetes among adults,Crude prevalence,CrdPrv,14.2,12.2,16.0,4809,3750,,
2022,KS,Kansas,Pottawatomie,20149,DIABETES,Diagnosed diabetes among adults,Age-adjusted prevalence,AgeAdjPrv,9.0,7.8,10.3,26273,18728,,
2022,KS,Kansas,Pottawatomie,20149,DIABETES,Diagnosed diabetes among adults,Crude prevalence,CrdPrv,10.1,8.8,11.6,26273,18728,,
2022,KS,Kansas,Pratt,20151,DIABETES,Diagnosed diabetes among adults,Age-adjusted prevalence,AgeAdjPrv,10.4,9.0,11.9,9067,6921,,
2022,KS,Kansas,Pratt,20151,DIABETES,Diagnosed diabetes among adults,Crude prevalence,CrdPrv,12.6,11.0,14.3,9067,6921,,
2022,KS,Kansas,Rawlins,20153,DIABETES,Diagnosed diabetes among adults,Age-adjusted prevalence,AgeAdjPrv,10.9,9.4,12.5,2528,1939,,
2022,KS,Kansas,Rawlins,20153,DIABETES,Diagnosed diabetes among adults,Crude prevalence,CrdPrv,15.1,13.1,17.2,2528,1939,,
2022,KS,Kansas,Reno,20155,DIABETES,Diagnosed diabetes among adults,Age-adjusted prevalence,AgeAdjPrv,10.8,9.4,12.2,61516,48058,,
2022,KS,Kansas,Reno,20155,DIABETES,Diagnosed diabetes among adults,Crude prevalence,CrdPrv,13.0,11.4,14.6,61516,48058,,
2022,KS,Kansas,Republic,20157,DIABETES,Diagnosed diabetes among adults,Age-adjusted prevalence,AgeAdjPrv,9.9,8.6,11.5,4642,3639,,
2022,KS,Kansas,Republic,20157,DIABETES,Diagnosed diabetes among adults,Crude prevalence,CrdPrv,14.2,12.3,16.2,4642,3639,,
2022,KS,Kansas,Rice,20159,DIABETES,Diagnosed diabetes among adults,Age-adjusted prevalence,AgeAdjPrv,10.2,8.9,11.7,9407,7247,,
2022,KS,Kansas,Rice,20159,DIABETES,Diagnosed diabetes among adults,Crude prevalence,CrdPrv,12.3,10.8,14.0,9407,7247,,
2022,KS,Kansas,Riley,20161,DIABETES,Diagnosed diabetes among adults,Age-adjusted prevalence,AgeAdjPrv,11.1,9.7,12.7,71108,59936,,
2022,KS,Kansas,Riley,20161,DIABETES,Diagnosed diabetes among adults,Crude prevalence,CrdPrv,7.7,6.7,8.9,71108,59936,,
2022,KS,Kansas,Rooks,20163,DIABETES,Diagnosed diabetes among adults,Age-adjusted prevalence,AgeAdjPrv,9.1,7.8,10.6,4813,3795,,
2022,KS,Kansas,Rooks,20163,DIABETES,Diagnosed diabetes among adults,Crude prevalence,CrdPrv,11.8,10.1,13.7,4813,3795,,
2022,KS,Kansas,Rush,20165,DIABETES,Diagnosed diabetes among adults,Age-adjusted prevalence,AgeAdjPrv,10.4,9.0,12.0,2927,2321,,
2022,KS,Kansas,Rush,20165,DIABETES,Diagnosed diabetes among adults,Crude prevalence,CrdPrv,13.9,12.1,15.8,2927,2321,,
2022,KS,Kansas,Russell,20167,DIABETES,Diagnosed diabetes among adults,Age-adjusted prevalence,AgeAdjPrv,10.1,8.7,11.6,6639,5163,,
2022,KS,Kansas,Russell,20167,DIABETES,Diagnosed diabetes among adults,Crude prevalence,CrdPrv,13.3,11.5,15.3,6639,5163,,
2022,KS,Kansas,Saline,20169,DIABETES,Diagnosed diabetes among adults,Age-adjusted prevalence,AgeAdjPrv,10.9,9.6,12.4,53596,41644,,
2022,KS,Kansas,Saline,20169,DIABETES,Diagnosed diabetes among adults,Crude prevalence,CrdPrv,13.2,11.6,14.9,53596,41644,,
2022,KS,Kansas,Scott,20171,DIABETES,Diagnosed diabetes among adults,Age-adjusted prevalence,AgeAdjPrv,11.2,9.8,12.8,5014,3733,,
2022,KS,Kansas,Scott,20171,DIABETES,Diagnosed diabetes among adults,Crude prevalence,CrdPrv,13.4,11.7,15.3,5014,3733,,
2022,KS,Kansas,Sedgwick,20173,DIABETES,Diagnosed diabetes among adults,Age-adjusted prevalence,AgeAdjPrv,10.8,9.6,12.0,525525,396046,,
2022,KS,Kansas,Sedgwick,20173,DIABETES,Diagnosed diabetes among adults,Crude prevalence,CrdPrv,11.7,10.4,13.0,525525,396046,,
2022,KS,Kansas,Seward,20175,DIABETES,Diagnosed diabetes among adults,Age-adjusted prevalence,AgeAdjPrv,14.3,12.4,16.3,21358,14775,,
2022,KS,Kansas,Seward,20175,DIABETES,Diagnosed diabetes among adults,Crude prevalence,CrdPrv,14.0,12.2,16.0,21358,14775,,
2022,KS,Kansas,Shawnee,20177,DIABETES,Diagnosed diabetes among adults,Age-adjusted prevalence,AgeAdjPrv,11.1,10.0,12.4,177480,136942,,
2022,KS,Kansas,Shawnee,20177,DIABETES,Diagnosed diabetes among adults,Crude prevalence,CrdPrv,13.0,11.7,14.4,177480,136942,,
2022,KS,Kansas,Sheridan,20179,DIABETES,Diagnosed diabetes among adults,Age-adjusted prevalence,AgeAdjPrv,9.2,8.0,10.7,2425,1831,,
2022,KS,Kansas,Sheridan,20179,DIABETES,Diagnosed diabetes among adults,Crude prevalence,CrdPrv,12.1,10.4,13.9,2425,1831,,
2022,KS,Kansas,Sherman,20181,DIABETES,Diagnosed diabetes among adults,Age-adjusted prevalence,AgeAdjPrv,11.3,9.8,13.0,5830,4476,,
2022,KS,Kansas,Sherman,20181,DIABETES,Diagnosed diabetes among adults,Crude prevalence,CrdPrv,13.6,11.9,15.6,5830,4476,,
2022,KS,Kansas,Smith,20183,DIABETES,Diagnosed diabetes among adults,Age-adjusted prevalence,AgeAdjPrv,9.5,8.1,10.9,3533,2833,,
2022,KS,Kansas,Smith,20183,DIABETES,Diagnosed diabetes among adults,Crude prevalence,CrdPrv,14.0,12.0,16.1,3533,2833,,
2022,KS,Kansas,Stafford,20185,DIABETES,Diagnosed diabetes among adults,Age-adjusted prevalence,AgeAdjPrv,10.4,8.9,12.0,3993,3016,,
2022,KS,Kansas,Stafford,20185,DIABETES,Diagnosed diabetes among adults,Crude prevalence,CrdPrv,13.3,11.4,15.2,3993,3016,,
2022,KS,Kansas,Stanton,20187,DIABETES,Diagnosed diabetes among adults,Age-adjusted prevalence,AgeAdjPrv,12.5,10.9,14.2,1963,1418,,
2022,KS,Kansas,Stanton,20187,DIABETES,Diagnosed diabetes among adults,Crude prevalence,CrdPrv,14.7,12.9,16.7,1963,1418,,
2022,KS,Kansas,Stevens,20189,DIABETES,Diagnosed diabetes among adults,Age-adjusted prevalence,AgeAdjPrv,12.4,10.9,14.1,5175,3680,,
2022,KS,Kansas,Stevens,20189,DIABETES,Diagnosed diabetes among adults,Crude prevalence,CrdPrv,14.3,12.5,16.2,5175,3680,,
2022,KS,Kansas,Sumner,20191,DIABETES,Diagnosed diabetes among adults,Age-adjusted prevalence,AgeAdjPrv,10.5,9.1,12.1,22473,17052,,
2022,KS,Kansas,Sumner,20191,DIABETES,Diagnosed diabetes among adults,Crude prevalence,CrdPrv,12.9,11.3,14.9,22473,17052,,
2022,KS,Kansas,Thomas,20193,DIABETES,Diagnosed diabetes among adults,Age-adjusted prevalence,AgeAdjPrv,9.6,8.4,11.0,7893,5996,,
2022,KS,Kansas,Thomas,20193,DIABETES,Diagnosed diabetes among adults,Crude prevalence,CrdPrv,10.9,9.5,12.4,7893,5996,,
2022,KS,Kansas,Trego,20195,DIABETES,Diagnosed diabetes among adults,Age-adjusted prevalence,AgeAdjPrv,9.5,8.2,11.0,2752,2246,,
2022,KS,Kansas,Trego,20195,DIABETES,Diagnosed diabetes among adults,Crude prevalence,CrdPrv,13.3,11.4,15.3,2752,2246,,
2022,KS,Kansas,Wabaunsee,20197,DIABETES,Diagnosed diabetes among adults,Age-adjusted prevalence,AgeAdjPrv,9.6,8.3,11.0,7019,5440,,
2022,KS,Kansas,Wabaunsee,20197,DIABETES,Diagnosed diabetes among adults,Crude prevalence,CrdPrv,12.7,11.0,14.5,7019,5440,,
2022,KS,Kansas,Wallace,20199,DIABETES,Diagnosed diabetes among adults,Age-adjusted prevalence,AgeAdjPrv,10.5,9.2,12.0,1488,1081,,
2022,KS,Kansas,Wallace,20199,DIABETES,Diagnosed diabetes among adults,Crude prevalence,CrdPrv,13.9,12.1,15.8,1488,1081,,
2022,KS,Kansas,Washington,20201,DIABETES,Diagnosed diabetes among adults,Age-adjusted prevalence,AgeAdjPrv,9.8,8.5,11.2,5501,4190,,
2022,KS,Kansas,Washington,20201,DIABETES,Diagnosed diabetes among adults,Crude prevalence,CrdPrv,12.9,11.2,14.7,5501,4190,,
2022,KS,Kansas,Wichita,20203,DIABETES,Diagnosed diabetes among adults,Age-adjusted prevalence,AgeAdjPrv,11.1,9.6,12.8,2064,1493,,
2022,KS,Kansas,Wichita,20203,DIABETES,Diagnosed diabetes among adults,Crude prevalence,CrdPrv,14.1,12.2,16.0,2064,1493,,
2022,KS,Kansas,Wilson,20205,DIABETES,Diagnosed diabetes among adults,Age-adjusted prevalence,AgeAdjPrv,10.5,9.1,12.1,8622,6558,,
2022,KS,Kansas,Wilson,20205,DIABETES,Diagnosed diabetes among adults,Crude prevalence,CrdPrv,13.6,11.9,15.6,8622,6558,,
2022,KS,Kansas,Woodson,20207,DIABETES,Diagnosed diabetes among adults,Age-adjusted prevalence,AgeAdjPrv,10.5,8.9,12.2,3109,2485,,
2022,KS,Kansas,Woodson,20207,DIABETES,Diagnosed diabetes among adults,Crude prevalence,CrdPrv,14.8,12.6,17.2,3109,2485,,
2022,KS,Kansas,Wyandotte,20209,DIABETES,Diagnosed diabetes among adults,Age-adjusted prevalence,AgeAdjPrv,15.1,13.6,16.6,165746,121182,,
2022,KS,Kansas,Wyandotte,20209,DIABETES,Diagnosed diabetes among adults,Crude prevalence,CrdPrv,16.0,14.4,17.5,165746,121182,,
2022,KY,Kentucky,Adair,21001,DIABETES,Diagnosed diabetes among adults,Age-adjusted prevalence,AgeAdjPrv,12.1,10.4,13.8,19067,15387,,
2022,KY,Kentucky,Adair,21001,DIABETES,Diagnosed diabetes among adults,Crude prevalence,CrdPrv,14.5,12.6,16.5,19067,15387,,
2022,KY,Kentucky,Allen,21003,DIABETES,Diagnosed diabetes among adults,Age-adjusted prevalence,AgeAdjPrv,12.1,10.5,13.7,21275,16454,,
2022,KY,Kentucky,Allen,21003,DIABETES,Diagnosed diabetes among adults,Crude prevalence,CrdPrv,14.7,12.8,16.7,21275,16454,,
2022,KY,Kentucky,Anderson,21005,DIABETES,Diagnosed diabetes among adults,Age-adjusted prevalence,AgeAdjPrv,11.4,9.7,13.1,24224,18672,,
2022,KY,Kentucky,Anderson,21005,DIABETES,Diagnosed diabetes among adults,Crude prevalence,CrdPrv,13.5,11.5,15.6,24224,18672,,
2022,KY,Kentucky,Ballard,21007,DIABETES,Diagnosed diabetes among adults,Age-adjusted prevalence,AgeAdjPrv,12.2,10.6,14.1,7650,6138,,
2022,KY,Kentucky,Ballard,21007,DIABETES,Diagnosed diabetes among adults,Crude prevalence,CrdPrv,15.4,13.4,17.8,7650,6138,,
2022,KY,Kentucky,Barren,21009,DIABETES,Diagnosed diabetes among adults,Age-adjusted prevalence,AgeAdjPrv,12.3,10.6,14.0,44854,34367,,
2022,KY,Kentucky,Barren,21009,DIABETES,Diagnosed diabetes among adults,Crude prevalence,CrdPrv,14.7,12.7,16.7,44854,34367,,
2022,KY,Kentucky,Bath,21011,DIABETES,Diagnosed diabetes among adults,Age-adjusted prevalence,AgeAdjPrv,11.5,9.9,13.3,12829,9587,,
2022,KY,Kentucky,Bath,21011,DIABETES,Diagnosed diabetes among adults,Crude prevalence,CrdPrv,13.6,11.7,15.7,12829,9587,,
2022,KY,Kentucky,Bell,21013,DIABETES,Diagnosed diabetes among adults,Age-adjusted prevalence,AgeAdjPrv,14.3,12.2,16.4,23568,18474,,
2022,KY,Kentucky,Bell,21013,DIABETES,Diagnosed diabetes among adults,Crude prevalence,CrdPrv,17.4,15.0,20.0,23568,18474,,
2022,KY,Kentucky,Boone,21015,DIABETES,Diagnosed diabetes among adults,Age-adjusted prevalence,AgeAdjPrv,10.6,9.2,12.2,139093,104132,,
2022,KY,Kentucky,Boone,21015,DIABETES,Diagnosed diabetes among adults,Crude prevalence,CrdPrv,11.7,10.1,13.4,139093,104132,,
2022,KY,Kentucky,Bourbon,21017,DIABETES,Diagnosed diabetes among adults,Age-adjusted prevalence,AgeAdjPrv,12.4,10.7,14.2,20093,15582,,
2022,KY,Kentucky,Bourbon,21017,DIABETES,Diagnosed diabetes among adults,Crude prevalence,CrdPrv,15.5,13.5,17.8,20093,15582,,
2022,KY,Kentucky,Boyd,21019,DIABETES,Diagnosed diabetes among adults,Age-adjusted prevalence,AgeAdjPrv,12.0,10.3,13.7,48110,37863,,
2022,KY,Kentucky,Boyd,21019,DIABETES,Diagnosed diabetes among adults,Crude prevalence,CrdPrv,14.8,12.8,16.9,48110,37863,,
2022,KY,Kentucky,Boyle,21021,DIABETES,Diagnosed diabetes among adults,Age-adjusted prevalence,AgeAdjPrv,11.5,9.9,13.3,30904,24603,,
2022,KY,Kentucky,Boyle,21021,DIABETES,Diagnosed diabetes among adults,Crude prevalence,CrdPrv,13.3,11.6,15.4,30904,24603,,
2022,KY,Kentucky,Bracken,21023,DIABETES,Diagnosed diabetes among adults,Age-adjusted prevalence,AgeAdjPrv,11.9,10.2,13.9,8452,6473,,
2022,KY,Kentucky,Bracken,21023,DIABETES,Diagnosed diabetes among adults,Crude prevalence,CrdPrv,14.6,12.7,17.1,8452,6473,,
2022,KY,Kentucky,Breathitt,21025,DIABETES,Diagnosed diabetes among adults,Age-adjusted prevalence,AgeAdjPrv,13.1,11.4,15.4,13351,10571,,
2022,KY,Kentucky,Breathitt,21025,DIABETES,Diagnosed diabetes among adults,Crude prevalence,CrdPrv,15.9,13.9,18.7,13351,10571,,
2022,KY,Kentucky,Breckinridge,21027,DIABETES,Diagnosed diabetes among adults,Age-adjusted prevalence,AgeAdjPrv,14.0,12.3,16.1,20943,16225,,
2022,KY,Kentucky,Breckinridge,21027,DIABETES,Diagnosed diabetes among adults,Crude prevalence,CrdPrv,17.4,15.3,19.9,20943,16225,,
2022,KY,Kentucky,Bullitt,21029,DIABETES,Diagnosed diabetes among adults,Age-adjusted prevalence,AgeAdjPrv,11.0,9.3,12.7,83836,66249,,
2022,KY,Kentucky,Bullitt,21029,DIABETES,Diagnosed diabetes among adults,Crude prevalence,CrdPrv,12.9,11.0,15.0,83836,66249,,
2022,KY,Kentucky,Butler,21031,DIABETES,Diagnosed diabetes among adults,Age-adjusted prevalence,AgeAdjPrv,12.7,10.9,14.6,12295,9524,,
2022,KY,Kentucky,Butler,21031,DIABETES,Diagnosed diabetes among adults,Crude prevalence,CrdPrv,15.6,13.5,17.8,12295,9524,,
2022,KY,Kentucky,Caldwell,21033,DIABETES,Diagnosed diabetes among adults,Age-adjusted prevalence,AgeAdjPrv,11.9,10.2,13.7,12570,9708,,
2022,KY,Kentucky,Caldwell,21033,DIABETES,Diagnosed diabetes among adults,Crude prevalence,CrdPrv,14.8,12.8,17.0,12570,9708,,
2022,KY,Kentucky,Calloway,21035,DIABETES,Diagnosed diabetes among adults,Age-adjusted prevalence,AgeAdjPrv,11.8,10.2,13.5,37685,30807,,
2022,KY,Kentucky,Calloway,21035,DIABETES,Diagnosed diabetes among adults,Crude prevalence,CrdPrv,12.4,10.8,14.2,37685,30807,,
2022,KY,Kentucky,Campbell,21037,DIABETES,Diagnosed diabetes among adults,Age-adjusted prevalence,AgeAdjPrv,10.3,8.8,11.9,93300,74368,,
2022,KY,Kentucky,Campbell,21037,DIABETES,Diagnosed diabetes among adults,Crude prevalence,CrdPrv,12.0,10.3,13.7,93300,74368,,
2022,KY,Kentucky,Carlisle,21039,DIABETES,Diagnosed diabetes among adults,Age-adjusted prevalence,AgeAdjPrv,12.4,10.7,14.1,4720,3619,,
2022,KY,Kentucky,Carlisle,21039,DIABETES,Diagnosed diabetes among adults,Crude prevalence,CrdPrv,15.4,13.3,17.5,4720,3619,,
2022,KY,Kentucky,Carroll,21041,DIABETES,Diagnosed diabetes among adults,Age-adjusted prevalence,AgeAdjPrv,12.9,11.1,14.8,10938,8050,,
2022,KY,Kentucky,Carroll,21041,DIABETES,Diagnosed diabetes among adults,Crude prevalence,CrdPrv,15.0,13.0,17.1,10938,8050,,
2022,KY,Kentucky,Carter,21043,DIABETES,Diagnosed diabetes among adults,Age-adjusted prevalence,AgeAdjPrv,12.8,10.9,14.9,26395,20528,,
2022,KY,Kentucky,Carter,21043,DIABETES,Diagnosed diabetes among adults,Crude prevalence,CrdPrv,16.0,13.7,18.3,26395,20528,,
2022,KY,Kentucky,Casey,21045,DIABETES,Diagnosed diabetes among adults,Age-adjusted prevalence,AgeAdjPrv,14.2,12.4,16.0,15920,12304,,
2022,KY,Kentucky,Casey,21045,DIABETES,Diagnosed diabetes among adults,Crude prevalence,CrdPrv,18.0,15.9,20.2,15920,12304,,
2022,KY,Kentucky,Christian,21047,DIABETES,Diagnosed diabetes among adults,Age-adjusted prevalence,AgeAdjPrv,13.9,12.2,15.8,73037,52823,,
2022,KY,Kentucky,Christian,21047,DIABETES,Diagnosed diabetes among adults,Crude prevalence,CrdPrv,12.6,11.0,14.3,73037,52823,,
2022,KY,Kentucky,Clark,21049,DIABETES,Diagnosed diabetes among adults,Age-adjusted prevalence,AgeAdjPrv,11.6,10.0,13.4,37061,28913,,
2022,KY,Kentucky,Clark,21049,DIABETES,Diagnosed diabetes among adults,Crude prevalence,CrdPrv,14.0,12.1,16.0,37061,28913,,
2022,KY,Kentucky,Clay,21051,DIABETES,Diagnosed diabetes among adults,Age-adjusted prevalence,AgeAdjPrv,14.6,12.7,16.7,19913,15843,,
2022,KY,Kentucky,Clay,21051,DIABETES,Diagnosed diabetes among adults,Crude prevalence,CrdPrv,16.3,14.2,18.6,19913,15843,,
2022,KY,Kentucky,Clinton,21053,DIABETES,Diagnosed diabetes among adults,Age-adjusted prevalence,AgeAdjPrv,13.1,11.3,15.0,9123,7142,,
2022,KY,Kentucky,Clinton,21053,DIABETES,Diagnosed diabetes among adults,Crude prevalence,CrdPrv,16.4,14.1,18.7,9123,7142,,
2022,KY,Kentucky,Crittenden,21055,DIABETES,Diagnosed diabetes among adults,Age-adjusted prevalence,AgeAdjPrv,12.1,10.6,13.9,8981,6975,,
2022,KY,Kentucky,Crittenden,21055,DIABETES,Diagnosed diabetes among adults,Crude prevalence,CrdPrv,15.4,13.5,17.6,8981,6975,,
2022,KY,Kentucky,Cumberland,21057,DIABETES,Diagnosed diabetes among adults,Age-adjusted prevalence,AgeAdjPrv,13.3,11.6,15.2,5946,4671,,
2022,KY,Kentucky,Cumberland,21057,DIABETES,Diagnosed diabetes among adults,Crude prevalence,CrdPrv,17.9,15.6,20.2,5946,4671,,
2022,KY,Kentucky,Daviess,21059,DIABETES,Diagnosed diabetes among adults,Age-adjusted prevalence,AgeAdjPrv,11.4,9.9,13.2,103222,78377,,
2022,KY,Kentucky,Daviess,21059,DIABETES,Diagnosed diabetes among adults,Crude prevalence,CrdPrv,13.3,11.6,15.3,103222,78377,,
2022,KY,Kentucky,Edmonson,21061,DIABETES,Diagnosed diabetes among adults,Age-adjusted prevalence,AgeAdjPrv,12.3,10.7,14.2,12269,10102,,
2022,KY,Kentucky,Edmonson,21061,DIABETES,Diagnosed diabetes among adults,Crude prevalence,CrdPrv,15.6,13.5,17.8,12269,10102,,
2022,KY,Kentucky,Elliott,21063,DIABETES,Diagnosed diabetes among adults,Age-adjusted prevalence,AgeAdjPrv,13.8,11.7,16.1,7293,6068,,
2022,KY,Kentucky,Elliott,21063,DIABETES,Diagnosed diabetes among adults,Crude prevalence,CrdPrv,16.7,14.2,19.3,7293,6068,,
2022,KY,Kentucky,Estill,21065,DIABETES,Diagnosed diabetes among adults,Age-adjusted prevalence,AgeAdjPrv,13.2,11.4,15.2,14044,11055,,
2022,KY,Kentucky,Estill,21065,DIABETES,Diagnosed diabetes among adults,Crude prevalence,CrdPrv,16.5,14.2,18.9,14044,11055,,
2022,KY,Kentucky,Fayette,21067,DIABETES,Diagnosed diabetes among adults,Age-adjusted prevalence,AgeAdjPrv,11.5,9.9,13.1,320347,255049,,
2022,KY,Kentucky,Fayette,21067,DIABETES,Diagnosed diabetes among adults,Crude prevalence,CrdPrv,11.6,10.0,13.2,320347,255049,,
2022,KY,Kentucky,Fleming,21069,DIABETES,Diagnosed diabetes among adults,Age-adjusted prevalence,AgeAdjPrv,13.0,11.2,14.8,15288,11654,,
2022,KY,Kentucky,Fleming,21069,DIABETES,Diagnosed diabetes among adults,Crude prevalence,CrdPrv,15.8,13.7,17.9,15288,11654,,
2022,KY,Kentucky,Floyd,21071,DIABETES,Diagnosed diabetes among adults,Age-adjusted prevalence,AgeAdjPrv,12.7,10.9,14.6,34978,27143,,
2022,KY,Kentucky,Floyd,21071,DIABETES,Diagnosed diabetes among adults,Crude prevalence,CrdPrv,15.7,13.5,17.9,34978,27143,,
2022,KY,Kentucky,Franklin,21073,DIABETES,Diagnosed diabetes among adults,Age-adjusted prevalence,AgeAdjPrv,11.1,9.5,12.8,51607,40857,,
2022,KY,Kentucky,Franklin,21073,DIABETES,Diagnosed diabetes among adults,Crude prevalence,CrdPrv,13.1,11.3,15.0,51607,40857,,
2022,KY,Kentucky,Fulton,21075,DIABETES,Diagnosed diabetes among adults,Age-adjusted prevalence,AgeAdjPrv,15.7,13.7,18.0,6382,5061,,
2022,KY,Kentucky,Fulton,21075,DIABETES,Diagnosed diabetes among adults,Crude prevalence,CrdPrv,18.8,16.5,21.4,6382,5061,,
2022,KY,Kentucky,Gallatin,21077,DIABETES,Diagnosed diabetes among adults,Age-adjusted prevalence,AgeAdjPrv,12.2,10.5,13.9,8763,6714,,
2022,KY,Kentucky,Gallatin,21077,DIABETES,Diagnosed diabetes among adults,Crude prevalence,CrdPrv,13.7,11.8,15.6,8763,6714,,
2022,KY,Kentucky,Garrard,21079,DIABETES,Diagnosed diabetes among adults,Age-adjusted prevalence,AgeAdjPrv,12.2,10.5,14.1,17589,13777,,
2022,KY,Kentucky,Garrard,21079,DIABETES,Diagnosed diabetes among adults,Crude prevalence,CrdPrv,15.6,13.5,17.9,17589,13777,,
2022,KY,Kentucky,Grant,21081,DIABETES,Diagnosed diabetes among adults,Age-adjusted prevalence,AgeAdjPrv,11.2,9.7,12.9,25502,18774,,
2022,KY,Kentucky,Grant,21081,DIABETES,Diagnosed diabetes among adults,Crude prevalence,CrdPrv,12.6,10.9,14.4,25502,18774,,
2022,KY,Kentucky,Graves,21083,DIABETES,Diagnosed diabetes among adults,Age-adjusted prevalence,AgeAdjPrv,12.2,10.6,14.0,36412,27683,,
2022,KY,Kentucky,Graves,21083,DIABETES,Diagnosed diabetes among adults,Crude prevalence,CrdPrv,14.7,12.8,16.8,36412,27683,,
2022,KY,Kentucky,Grayson,21085,DIABETES,Diagnosed diabetes among adults,Age-adjusted prevalence,AgeAdjPrv,12.5,10.8,14.5,26631,20459,,
2022,KY,Kentucky,Grayson,21085,DIABETES,Diagnosed diabetes among adults,Crude prevalence,CrdPrv,15.4,13.3,17.6,26631,20459,,
2022,KY,Kentucky,Green,21087,DIABETES,Diagnosed diabetes among adults,Age-adjusted prevalence,AgeAdjPrv,13.5,11.8,15.4,11365,8991,,
2022,KY,Kentucky,Green,21087,DIABETES,Diagnosed diabetes among adults,Crude prevalence,CrdPrv,17.3,15.2,19.6,11365,8991,,
2022,KY,Kentucky,Greenup,21089,DIABETES,Diagnosed diabetes among adults,Age-adjusted prevalence,AgeAdjPrv,11.7,10.1,13.4,35403,27956,,
2022,KY,Kentucky,Greenup,21089,DIABETES,Diagnosed diabetes among adults,Crude prevalence,CrdPrv,15.1,13.1,17.2,35403,27956,,
2022,KY,Kentucky,Hancock,21091,DIABETES,Diagnosed diabetes among adults,Age-adjusted prevalence,AgeAdjPrv,11.2,9.7,12.8,9021,6872,,
2022,KY,Kentucky,Hancock,21091,DIABETES,Diagnosed diabetes among adults,Crude prevalence,CrdPrv,13.6,11.8,15.5,9021,6872,,
2022,KY,Kentucky,Hardin,21093,DIABETES,Diagnosed diabetes among adults,Age-adjusted prevalence,AgeAdjPrv,12.1,10.5,13.8,111862,84395,,
2022,KY,Kentucky,Hardin,21093,DIABETES,Diagnosed diabetes among adults,Crude prevalence,CrdPrv,13.5,11.7,15.4,111862,84395,,
2022,KY,Kentucky,Harlan,21095,DIABETES,Diagnosed diabetes among adults,Age-adjusted prevalence,AgeAdjPrv,14.5,12.6,16.7,25662,19587,,
2022,KY,Kentucky,Harlan,21095,DIABETES,Diagnosed diabetes among adults,Crude prevalence,CrdPrv,17.9,15.6,20.5,25662,19587,,
2022,KY,Kentucky,Harrison,21097,DIABETES,Diagnosed diabetes among adults,Age-adjusted prevalence,AgeAdjPrv,11.5,10.0,13.4,19103,14780,,
2022,KY,Kentucky,Harrison,21097,DIABETES,Diagnosed diabetes among adults,Crude prevalence,CrdPrv,13.8,12.0,16.0,19103,14780,,
2022,KY,Kentucky,Hart,21099,DIABETES,Diagnosed diabetes among adults,Age-adjusted prevalence,AgeAdjPrv,13.5,11.7,15.4,19600,14835,,
2022,KY,Kentucky,Hart,21099,DIABETES,Diagnosed diabetes among adults,Crude prevalence,CrdPrv,16.4,14.3,18.6,19600,14835,,
2022,KY,Kentucky,Henderson,21101,DIABETES,Diagnosed diabetes among adults,Age-adjusted prevalence,AgeAdjPrv,11.0,9.4,12.6,44046,34196,,
2022,KY,Kentucky,Henderson,21101,DIABETES,Diagnosed diabetes among adults,Crude prevalence,CrdPrv,13.4,11.5,15.3,44046,34196,,
2022,KY,Kentucky,Henry,21103,DIABETES,Diagnosed diabetes among adults,Age-adjusted prevalence,AgeAdjPrv,12.5,10.9,14.3,15771,12142,,
2022,KY,Kentucky,Henry,21103,DIABETES,Diagnosed diabetes among adults,Crude prevalence,CrdPrv,15.5,13.5,17.6,15771,12142,,
2022,KY,Kentucky,Hickman,21105,DIABETES,Diagnosed diabetes among adults,Age-adjusted prevalence,AgeAdjPrv,11.7,10.2,13.6,4422,3570,,
2022,KY,Kentucky,Hickman,21105,DIABETES,Diagnosed diabetes among adults,Crude prevalence,CrdPrv,16.0,14.0,18.6,4422,3570,,
2022,KY,Kentucky,Hopkins,21107,DIABETES,Diagnosed diabetes among adults,Age-adjusted prevalence,AgeAdjPrv,13.2,11.5,15.0,44812,34572,,
2022,KY,Kentucky,Hopkins,21107,DIABETES,Diagnosed diabetes among adults,Crude prevalence,CrdPrv,16.1,14.1,18.3,44812,34572,,
2022,KY,Kentucky,Jackson,21109,DIABETES,Diagnosed diabetes among adults,Age-adjusted prevalence,AgeAdjPrv,13.9,12.2,15.9,12973,9956,,
2022,KY,Kentucky,Jackson,21109,DIABETES,Diagnosed diabetes among adults,Crude prevalence,CrdPrv,17.2,15.1,19.5,12973,9956,,
2022,KY,Kentucky,Jefferson,21111,DIABETES,Diagnosed diabetes among adults,Age-adjusted prevalence,AgeAdjPrv,12.0,10.5,13.6,773399,604730,,
2022,KY,Kentucky,Jefferson,21111,DIABETES,Diagnosed diabetes among adults,Crude prevalence,CrdPrv,13.5,11.8,15.2,773399,604730,,
2022,KY,Kentucky,Jessamine,21113,DIABETES,Diagnosed diabetes among adults,Age-adjusted prevalence,AgeAdjPrv,10.5,9.0,12.0,54254,41589,,
2022,KY,Kentucky,Jessamine,21113,DIABETES,Diagnosed diabetes among adults,Crude prevalence,CrdPrv,12.1,10.5,13.9,54254,41589,,
2022,KY,Kentucky,Johnson,21115,DIABETES,Diagnosed diabetes among adults,Age-adjusted prevalence,AgeAdjPrv,13.5,11.7,15.5,22244,17332,,
2022,KY,Kentucky,Johnson,21115,DIABETES,Diagnosed diabetes among adults,Crude prevalence,CrdPrv,16.3,14.2,18.7,22244,17332,,
2022,KY,Kentucky,Kenton,21117,DIABETES,Diagnosed diabetes among adults,Age-adjusted prevalence,AgeAdjPrv,10.4,9.0,11.9,170313,131246,,
2022,KY,Kentucky,Kenton,21117,DIABETES,Diagnosed diabetes among adults,Crude prevalence,CrdPrv,11.7,10.0,13.3,170313,131246,,
2022,KY,Kentucky,Knott,21119,DIABETES,Diagnosed diabetes among adults,Age-adjusted prevalence,AgeAdjPrv,14.1,12.2,16.1,13874,11097,,
2022,KY,Kentucky,Knott,21119,DIABETES,Diagnosed diabetes among adults,Crude prevalence,CrdPrv,17.8,15.5,20.2,13874,11097,,
2022,KY,Kentucky,Knox,21121,DIABETES,Diagnosed diabetes among adults,Age-adjusted prevalence,AgeAdjPrv,13.2,11.4,15.1,29791,22830,,
2022,KY,Kentucky,Knox,21121,DIABETES,Diagnosed diabetes among adults,Crude prevalence,CrdPrv,15.8,13.6,18.0,29791,22830,,
2022,KY,Kentucky,Larue,21123,DIABETES,Diagnosed diabetes among adults,Age-adjusted prevalence,AgeAdjPrv,13.0,11.2,14.9,15163,11759,,
2022,KY,Kentucky,Larue,21123,DIABETES,Diagnosed diabetes among adults,Crude prevalence,CrdPrv,15.3,13.3,17.5,15163,11759,,
2022,KY,Kentucky,Laurel,21125,DIABETES,Diagnosed diabetes among adults,Age-adjusted prevalence,AgeAdjPrv,12.6,11.0,14.4,62885,48695,,
2022,KY,Kentucky,Laurel,21125,DIABETES,Diagnosed diabetes among adults,Crude prevalence,CrdPrv,14.8,12.9,16.9,62885,48695,,
2022,KY,Kentucky,Lawrence,21127,DIABETES,Diagnosed diabetes among adults,Age-adjusted prevalence,AgeAdjPrv,12.9,11.2,14.7,16109,12247,,
2022,KY,Kentucky,Lawrence,21127,DIABETES,Diagnosed diabetes among adults,Crude prevalence,CrdPrv,16.0,13.9,18.2,16109,12247,,
2022,KY,Kentucky,Lee,21129,DIABETES,Diagnosed diabetes among adults,Age-adjusted prevalence,AgeAdjPrv,16.0,13.9,18.2,7261,5967,,
2022,KY,Kentucky,Lee,21129,DIABETES,Diagnosed diabetes among adults,Crude prevalence,CrdPrv,18.9,16.5,21.4,7261,5967,,
2022,KY,Kentucky,Leslie,21131,DIABETES,Diagnosed diabetes among adults,Age-adjusted prevalence,AgeAdjPrv,13.8,12.0,15.8,10093,7935,,
2022,KY,Kentucky,Leslie,21131,DIABETES,Diagnosed diabetes among adults,Crude prevalence,CrdPrv,17.5,15.2,19.8,10093,7935,,
2022,KY,Kentucky,Letcher,21133,DIABETES,Diagnosed diabetes among adults,Age-adjusted prevalence,AgeAdjPrv,12.7,10.9,14.5,20893,16374,,
2022,KY,Kentucky,Letcher,21133,DIABETES,Diagnosed diabetes among adults,Crude prevalence,CrdPrv,16.0,13.8,18.2,20893,16374,,
2022,KY,Kentucky,Lewis,21135,DIABETES,Diagnosed diabetes among adults,Age-adjusted prevalence,AgeAdjPrv,14.1,12.2,16.1,12954,10047,,
2022,KY,Kentucky,Lewis,21135,DIABETES,Diagnosed diabetes among adults,Crude prevalence,CrdPrv,17.7,15.4,20.1,12954,10047,,
2022,KY,Kentucky,Lincoln,21137,DIABETES,Diagnosed diabetes among adults,Age-adjusted prevalence,AgeAdjPrv,12.3,10.6,14.2,24360,18450,,
2022,KY,Kentucky,Lincoln,21137,DIABETES,Diagnosed diabetes among adults,Crude prevalence,CrdPrv,15.3,13.2,17.5,24360,18450,,
2022,KY,Kentucky,Livingston,21139,DIABETES,Diagnosed diabetes among adults,Age-adjusted prevalence,AgeAdjPrv,11.5,9.8,13.1,8963,7141,,
2022,KY,Kentucky,Livingston,21139,DIABETES,Diagnosed diabetes among adults,Crude prevalence,CrdPrv,15.0,13.0,17.2,8963,7141,,
2022,KY,Kentucky,Logan,21141,DIABETES,Diagnosed diabetes among adults,Age-adjusted prevalence,AgeAdjPrv,12.1,10.4,13.9,27877,21161,,
2022,KY,Kentucky,Logan,21141,DIABETES,Diagnosed diabetes among adults,Crude prevalence,CrdPrv,14.8,12.8,16.9,27877,21161,,
2022,KY,Kentucky,Lyon,21143,DIABETES,Diagnosed diabetes among adults,Age-adjusted prevalence,AgeAdjPrv,12.1,10.4,13.8,9101,7859,,
2022,KY,Kentucky,Lyon,21143,DIABETES,Diagnosed diabetes among adults,Crude prevalence,CrdPrv,15.2,13.1,17.3,9101,7859,,
2022,KY,Kentucky,McCracken,21145,DIABETES,Diagnosed diabetes among adults,Age-adjusted prevalence,AgeAdjPrv,12.3,10.5,14.2,67490,52965,,
2022,KY,Kentucky,McCracken,21145,DIABETES,Diagnosed diabetes among adults,Crude prevalence,CrdPrv,15.3,13.2,17.6,67490,52965,,
2022,KY,Kentucky,McCreary,21147,DIABETES,Diagnosed diabetes among adults,Age-adjusted prevalence,AgeAdjPrv,15.1,13.1,17.2,16701,13098,,
2022,KY,Kentucky,McCreary,21147,DIABETES,Diagnosed diabetes among adults,Crude prevalence,CrdPrv,17.0,14.9,19.4,16701,13098,,
2022,KY,Kentucky,McLean,21149,DIABETES,Diagnosed diabetes among adults,Age-adjusted prevalence,AgeAdjPrv,11.3,9.7,13.0,9105,6992,,
2022,KY,Kentucky,McLean,21149,DIABETES,Diagnosed diabetes among adults,Crude prevalence,CrdPrv,14.2,12.3,16.3,9105,6992,,
2022,KY,Kentucky,Madison,21151,DIABETES,Diagnosed diabetes among adults,Age-adjusted prevalence,AgeAdjPrv,11.1,9.7,12.7,95187,75308,,
2022,KY,Kentucky,Madison,21151,DIABETES,Diagnosed diabetes among adults,Crude prevalence,CrdPrv,11.3,9.9,13.0,95187,75308,,
2022,KY,Kentucky,Magoffin,21153,DIABETES,Diagnosed diabetes among adults,Age-adjusted prevalence,AgeAdjPrv,15.1,13.2,17.2,11357,8811,,
2022,KY,Kentucky,Magoffin,21153,DIABETES,Diagnosed diabetes among adults,Crude prevalence,CrdPrv,18.6,16.3,21.1,11357,8811,,
2022,KY,Kentucky,Marion,21155,DIABETES,Diagnosed diabetes among adults,Age-adjusted prevalence,AgeAdjPrv,12.9,11.1,14.8,19775,15109,,
2022,KY,Kentucky,Marion,21155,DIABETES,Diagnosed diabetes among adults,Crude prevalence,CrdPrv,15.2,13.1,17.3,19775,15109,,
2022,KY,Kentucky,Marshall,21157,DIABETES,Diagnosed diabetes among adults,Age-adjusted prevalence,AgeAdjPrv,10.9,9.4,12.7,31777,25456,,
2022,KY,Kentucky,Marshall,21157,DIABETES,Diagnosed diabetes among adults,Crude prevalence,CrdPrv,14.1,12.1,16.3,31777,25456,,
2022,KY,Kentucky,Martin,21159,DIABETES,Diagnosed diabetes among adults,Age-adjusted prevalence,AgeAdjPrv,15.3,13.2,17.5,11095,8986,,
2022,KY,Kentucky,Martin,21159,DIABETES,Diagnosed diabetes among adults,Crude prevalence,CrdPrv,17.0,14.8,19.4,11095,8986,,
2022,KY,Kentucky,Mason,21161,DIABETES,Diagnosed diabetes among adults,Age-adjusted prevalence,AgeAdjPrv,12.2,10.6,14.0,16930,13009,,
2022,KY,Kentucky,Mason,21161,DIABETES,Diagnosed diabetes among adults,Crude prevalence,CrdPrv,14.9,13.0,17.0,16930,13009,,
2022,KY,Kentucky,Meade,21163,DIABETES,Diagnosed diabetes among adults,Age-adjusted prevalence,AgeAdjPrv,11.2,9.6,12.9,30001,23472,,
2022,KY,Kentucky,Meade,21163,DIABETES,Diagnosed diabetes among adults,Crude prevalence,CrdPrv,12.6,10.8,14.5,30001,23472,,
2022,KY,Kentucky,Menifee,21165,DIABETES,Diagnosed diabetes among adults,Age-adjusted prevalence,AgeAdjPrv,13.4,11.6,15.4,6250,5144,,
2022,KY,Kentucky,Menifee,21165,DIABETES,Diagnosed diabetes among adults,Crude prevalence,CrdPrv,17.2,14.9,19.7,6250,5144,,
2022,KY,Kentucky,Mercer,21167,DIABETES,Diagnosed diabetes among adults,Age-adjusted prevalence,AgeAdjPrv,11.0,9.5,12.7,22902,17904,,
2022,KY,Kentucky,Mercer,21167,DIABETES,Diagnosed diabetes among adults,Crude prevalence,CrdPrv,14.1,12.2,16.1,22902,17904,,
2022,KY,Kentucky,Metcalfe,21169,DIABETES,Diagnosed diabetes among adults,Age-adjusted prevalence,AgeAdjPrv,12.6,10.9,14.5,10370,7957,,
2022,KY,Kentucky,Metcalfe,21169,DIABETES,Diagnosed diabetes among adults,Crude prevalence,CrdPrv,15.5,13.4,17.7,10370,7957,,
2022,KY,Kentucky,Monroe,21171,DIABETES,Diagnosed diabetes among adults,Age-adjusted prevalence,AgeAdjPrv,12.2,10.5,14.0,11355,8712,,
2022,KY,Kentucky,Monroe,21171,DIABETES,Diagnosed diabetes among adults,Crude prevalence,CrdPrv,14.9,12.9,17.1,11355,8712,,
2022,KY,Kentucky,Montgomery,21173,DIABETES,Diagnosed diabetes among adults,Age-adjusted prevalence,AgeAdjPrv,12.1,10.5,14.0,28367,21874,,
2022,KY,Kentucky,Montgomery,21173,DIABETES,Diagnosed diabetes among adults,Crude prevalence,CrdPrv,14.1,12.1,16.2,28367,21874,,
2022,KY,Kentucky,Morgan,21175,DIABETES,Diagnosed diabetes among adults,Age-adjusted prevalence,AgeAdjPrv,13.0,11.2,14.9,14120,11645,,
2022,KY,Kentucky,Morgan,21175,DIABETES,Diagnosed diabetes among adults,Crude prevalence,CrdPrv,14.6,12.6,16.7,14120,11645,,
2022,KY,Kentucky,Muhlenberg,21177,DIABETES,Diagnosed diabetes among adults,Age-adjusted prevalence,AgeAdjPrv,12.5,10.8,14.4,30455,24197,,
2022,KY,Kentucky,Muhlenberg,21177,DIABETES,Diagnosed diabetes among adults,Crude prevalence,CrdPrv,15.3,13.2,17.4,30455,24197,,
2022,KY,Kentucky,Nelson,21179,DIABETES,Diagnosed diabetes among adults,Age-adjusted prevalence,AgeAdjPrv,10.4,8.9,11.9,47392,36595,,
2022,KY,Kentucky,Nelson,21179,DIABETES,Diagnosed diabetes among adults,Crude prevalence,CrdPrv,12.5,10.7,14.2,47392,36595,,
2022,KY,Kentucky,Nicholas,21181,DIABETES,Diagnosed diabetes among adults,Age-adjusted prevalence,AgeAdjPrv,12.4,10.6,14.2,7805,5905,,
2022,KY,Kentucky,Nicholas,21181,DIABETES,Diagnosed diabetes among adults,Crude prevalence,CrdPrv,14.7,12.6,16.8,7805,5905,,
2022,KY,Kentucky,Ohio,21183,DIABETES,Diagnosed diabetes among adults,Age-adjusted prevalence,AgeAdjPrv,11.9,10.3,13.8,23527,17987,,
2022,KY,Kentucky,Ohio,21183,DIABETES,Diagnosed diabetes among adults,Crude prevalence,CrdPrv,14.6,12.7,16.8,23527,17987,,
2022,KY,Kentucky,Oldham,21185,DIABETES,Diagnosed diabetes among adults,Age-adjusted prevalence,AgeAdjPrv,9.0,7.7,10.5,69431,52476,,
2022,KY,Kentucky,Oldham,21185,DIABETES,Diagnosed diabetes among adults,Crude prevalence,CrdPrv,10.2,8.8,11.9,69431,52476,,
2022,KY,Kentucky,Owen,21187,DIABETES,Diagnosed diabetes among adults,Age-adjusted prevalence,AgeAdjPrv,11.6,10.0,13.3,11290,8902,,
2022,KY,Kentucky,Owen,21187,DIABETES,Diagnosed diabetes among adults,Crude prevalence,CrdPrv,14.5,12.5,16.6,11290,8902,,
2022,KY,Kentucky,Owsley,21189,DIABETES,Diagnosed diabetes among adults,Age-adjusted prevalence,AgeAdjPrv,13.7,11.9,15.8,3929,3036,,
2022,KY,Kentucky,Owsley,21189,DIABETES,Diagnosed diabetes among adults,Crude prevalence,CrdPrv,17.0,14.8,19.4,3929,3036,,
2022,KY,Kentucky,Pendleton,21191,DIABETES,Diagnosed diabetes among adults,Age-adjusted prevalence,AgeAdjPrv,12.1,10.5,13.8,14676,11324,,
2022,KY,Kentucky,Pendleton,21191,DIABETES,Diagnosed diabetes among adults,Crude prevalence,CrdPrv,14.7,12.9,16.7,14676,11324,,
2022,KY,Kentucky,Perry,21193,DIABETES,Diagnosed diabetes among adults,Age-adjusted prevalence,AgeAdjPrv,12.8,11.1,14.7,27361,21037,,
2022,KY,Kentucky,Perry,21193,DIABETES,Diagnosed diabetes among adults,Crude prevalence,CrdPrv,15.4,13.4,17.6,27361,21037,,
2022,KY,Kentucky,Pike,21195,DIABETES,Diagnosed diabetes among adults,Age-adjusted prevalence,AgeAdjPrv,12.9,11.1,14.7,56286,44855,,
2022,KY,Kentucky,Pike,21195,DIABETES,Diagnosed diabetes among adults,Crude prevalence,CrdPrv,15.6,13.5,17.7,56286,44855,,
2022,KY,Kentucky,Powell,21197,DIABETES,Diagnosed diabetes among adults,Age-adjusted prevalence,AgeAdjPrv,12.0,10.3,13.8,13083,9967,,
2022,KY,Kentucky,Powell,21197,DIABETES,Diagnosed diabetes among adults,Crude prevalence,CrdPrv,14.0,12.0,16.0,13083,9967,,
2022,KY,Kentucky,Pulaski,21199,DIABETES,Diagnosed diabetes among adults,Age-adjusted prevalence,AgeAdjPrv,12.9,11.2,14.6,65795,51486,,
2022,KY,Kentucky,Pulaski,21199,DIABETES,Diagnosed diabetes among adults,Crude prevalence,CrdPrv,15.8,13.8,18.0,65795,51486,,
2022,KY,Kentucky,Robertson,21201,DIABETES,Diagnosed diabetes among adults,Age-adjusted prevalence,AgeAdjPrv,13.2,11.3,15.3,2229,1758,,
2022,KY,Kentucky,Robertson,21201,DIABETES,Diagnosed diabetes among adults,Crude prevalence,CrdPrv,17.4,15.0,20.0,2229,1758,,
2022,KY,Kentucky,Rockcastle,21203,DIABETES,Diagnosed diabetes among adults,Age-adjusted prevalence,AgeAdjPrv,13.3,11.5,15.2,16242,12823,,
2022,KY,Kentucky,Rockcastle,21203,DIABETES,Diagnosed diabetes among adults,Crude prevalence,CrdPrv,16.4,14.3,18.7,16242,12823,,
2022,KY,Kentucky,Rowan,21205,DIABETES,Diagnosed diabetes among adults,Age-adjusted prevalence,AgeAdjPrv,13.2,11.6,14.9,24388,19568,,
2022,KY,Kentucky,Rowan,21205,DIABETES,Diagnosed diabetes among adults,Crude prevalence,CrdPrv,12.9,11.3,14.5,24388,19568,,
2022,KY,Kentucky,Russell,21207,DIABETES,Diagnosed diabetes among adults,Age-adjusted prevalence,AgeAdjPrv,13.7,11.9,15.7,18178,14074,,
2022,KY,Kentucky,Russell,21207,DIABETES,Diagnosed diabetes among adults,Crude prevalence,CrdPrv,17.6,15.4,20.0,18178,14074,,
2022,KY,Kentucky,Scott,21209,DIABETES,Diagnosed diabetes among adults,Age-adjusted prevalence,AgeAdjPrv,10.5,9.0,12.0,59099,44851,,
2022,KY,Kentucky,Scott,21209,DIABETES,Diagnosed diabetes among adults,Crude prevalence,CrdPrv,10.9,9.4,12.5,59099,44851,,
2022,KY,Kentucky,Shelby,21211,DIABETES,Diagnosed diabetes among adults,Age-adjusted prevalence,AgeAdjPrv,10.5,9.0,12.1,48886,38362,,
2022,KY,Kentucky,Shelby,21211,DIABETES,Diagnosed diabetes among adults,Crude prevalence,CrdPrv,12.3,10.5,14.1,48886,38362,,
2022,KY,Kentucky,Simpson,21213,DIABETES,Diagnosed diabetes among adults,Age-adjusted prevalence,AgeAdjPrv,11.6,9.9,13.4,19949,15377,,
2022,KY,Kentucky,Simpson,21213,DIABETES,Diagnosed diabetes among adults,Crude prevalence,CrdPrv,13.5,11.6,15.6,19949,15377,,
2022,KY,Kentucky,Spencer,21215,DIABETES,Diagnosed diabetes among adults,Age-adjusted prevalence,AgeAdjPrv,10.8,9.3,12.4,20204,15657,,
2022,KY,Kentucky,Spencer,21215,DIABETES,Diagnosed diabetes among adults,Crude prevalence,CrdPrv,12.8,11.0,14.6,20204,15657,,
2022,KY,Kentucky,Taylor,21217,DIABETES,Diagnosed diabetes among adults,Age-adjusted prevalence,AgeAdjPrv,11.8,10.1,13.6,26407,20420,,
2022,KY,Kentucky,Taylor,21217,DIABETES,Diagnosed diabetes among adults,Crude prevalence,CrdPrv,13.6,11.8,15.6,26407,20420,,
2022,KY,Kentucky,Todd,21219,DIABETES,Diagnosed diabetes among adults,Age-adjusted prevalence,AgeAdjPrv,13.7,11.9,15.7,12404,9047,,
2022,KY,Kentucky,Todd,21219,DIABETES,Diagnosed diabetes among adults,Crude prevalence,CrdPrv,16.3,14.3,18.6,12404,9047,,
2022,KY,Kentucky,Trigg,21221,DIABETES,Diagnosed diabetes among adults,Age-adjusted prevalence,AgeAdjPrv,12.5,10.9,14.4,14332,11236,,
2022,KY,Kentucky,Trigg,21221,DIABETES,Diagnosed diabetes among adults,Crude prevalence,CrdPrv,17.1,15.0,19.5,14332,11236,,
2022,KY,Kentucky,Trimble,21223,DIABETES,Diagnosed diabetes among adults,Age-adjusted prevalence,AgeAdjPrv,11.2,10.3,12.3,8539,6660,,
2022,KY,Kentucky,Trimble,21223,DIABETES,Diagnosed diabetes among adults,Crude prevalence,CrdPrv,13.8,12.6,15.1,8539,6660,,
2022,KY,Kentucky,Union,21225,DIABETES,Diagnosed diabetes among adults,Age-adjusted prevalence,AgeAdjPrv,12.2,10.5,14.0,12961,10597,,
2022,KY,Kentucky,Union,21225,DIABETES,Diagnosed diabetes among adults,Crude prevalence,CrdPrv,15.0,13.0,17.1,12961,10597,,
2022,KY,Kentucky,Warren,21227,DIABETES,Diagnosed diabetes among adults,Age-adjusted prevalence,AgeAdjPrv,12.1,10.5,13.9,139843,107505,,
2022,KY,Kentucky,Warren,21227,DIABETES,Diagnosed diabetes among adults,Crude prevalence,CrdPrv,12.0,10.4,13.7,139843,107505,,
2022,KY,Kentucky,Washington,21229,DIABETES,Diagnosed diabetes among adults,Age-adjusted prevalence,AgeAdjPrv,11.8,10.2,13.5,12061,9333,,
2022,KY,Kentucky,Washington,21229,DIABETES,Diagnosed diabetes among adults,Crude prevalence,CrdPrv,14.6,12.7,16.7,12061,9333,,
2022,KY,Kentucky,Wayne,21231,DIABETES,Diagnosed diabetes among adults,Age-adjusted prevalence,AgeAdjPrv,14.2,12.3,16.3,19681,15707,,
2022,KY,Kentucky,Wayne,21231,DIABETES,Diagnosed diabetes among adults,Crude prevalence,CrdPrv,18.2,15.8,20.8,19681,15707,,
2022,KY,Kentucky,Webster,21233,DIABETES,Diagnosed diabetes among adults,Age-adjusted prevalence,AgeAdjPrv,12.8,11.0,14.7,12726,9744,,
2022,KY,Kentucky,Webster,21233,DIABETES,Diagnosed diabetes among adults,Crude prevalence,CrdPrv,15.3,13.3,17.6,12726,9744,,
2022,KY,Kentucky,Whitley,21235,DIABETES,Diagnosed diabetes among adults,Age-adjusted prevalence,AgeAdjPrv,12.4,10.7,14.4,36873,27375,,
2022,KY,Kentucky,Whitley,21235,DIABETES,Diagnosed diabetes among adults,Crude prevalence,CrdPrv,13.8,11.9,15.9,36873,27375,,
2022,KY,Kentucky,Wolfe,21237,DIABETES,Diagnosed diabetes among adults,Age-adjusted prevalence,AgeAdjPrv,16.1,14.0,18.2,6400,4968,,
2022,KY,Kentucky,Wolfe,21237,DIABETES,Diagnosed diabetes among adults,Crude prevalence,CrdPrv,20.2,17.6,22.7,6400,4968,,
2022,KY,Kentucky,Woodford,21239,DIABETES,Diagnosed diabetes among adults,Age-adjusted prevalence,AgeAdjPrv,10.0,8.5,11.5,27062,21328,,
2022,KY,Kentucky,Woodford,21239,DIABETES,Diagnosed diabetes among adults,Crude prevalence,CrdPrv,12.9,11.1,14.8,27062,21328,,
2022,LA,Louisiana,Acadia,22001,DIABETES,Diagnosed diabetes among adults,Age-adjusted prevalence,AgeAdjPrv,12.4,10.7,14.2,56744,42224,,
2022,LA,Louisiana,Acadia,22001,DIABETES,Diagnosed diabetes among adults,Crude prevalence,CrdPrv,14.3,12.5,16.3,56744,42224,,
2022,LA,Louisiana,Allen,22003,DIABETES,Diagnosed diabetes among adults,Age-adjusted prevalence,AgeAdjPrv,13.2,11.5,15.0,22320,17202,,
2022,LA,Louisiana,Allen,22003,DIABETES,Diagnosed diabetes among adults,Crude prevalence,CrdPrv,14.3,12.5,16.3,22320,17202,,
2022,LA,Louisiana,Ascension,22005,DIABETES,Diagnosed diabetes among adults,Age-adjusted prevalence,AgeAdjPrv,11.2,9.7,12.8,130458,96547,,
2022,LA,Louisiana,Ascension,22005,DIABETES,Diagnosed diabetes among adults,Crude prevalence,CrdPrv,12.1,10.5,13.8,130458,96547,,
2022,LA,Louisiana,Assumption,22007,DIABETES,Diagnosed diabetes among adults,Age-adjusted prevalence,AgeAdjPrv,13.7,11.9,15.6,20604,16410,,
2022,LA,Louisiana,Assumption,22007,DIABETES,Diagnosed diabetes among adults,Crude prevalence,CrdPrv,16.7,14.6,19.0,20604,16410,,
2022,LA,Louisiana,Avoyelles,22009,DIABETES,Diagnosed diabetes among adults,Age-adjusted prevalence,AgeAdjPrv,15.0,13.2,16.9,38751,29628,,
2022,LA,Louisiana,Avoyelles,22009,DIABETES,Diagnosed diabetes among adults,Crude prevalence,CrdPrv,17.3,15.3,19.6,38751,29628,,
2022,LA,Louisiana,Beauregard,22011,DIABETES,Diagnosed diabetes among adults,Age-adjusted prevalence,AgeAdjPrv,11.8,10.2,13.6,36570,27360,,
2022,LA,Louisiana,Beauregard,22011,DIABETES,Diagnosed diabetes among adults,Crude prevalence,CrdPrv,13.2,11.5,15.2,36570,27360,,
2022,LA,Louisiana,Bienville,22013,DIABETES,Diagnosed diabetes among adults,Age-adjusted prevalence,AgeAdjPrv,16.3,14.3,18.3,12641,9770,,
2022,LA,Louisiana,Bienville,22013,DIABETES,Diagnosed diabetes among adults,Crude prevalence,CrdPrv,20.4,18.0,22.8,12641,9770,,
2022,LA,Louisiana,Bossier,22015,DIABETES,Diagnosed diabetes among adults,Age-adjusted prevalence,AgeAdjPrv,12.0,10.5,13.6,129276,97608,,
2022,LA,Louisiana,Bossier,22015,DIABETES,Diagnosed diabetes among adults,Crude prevalence,CrdPrv,13.2,11.6,15.0,129276,97608,,
2022,LA,Louisiana,Caddo,22017,DIABETES,Diagnosed diabetes among adults,Age-adjusted prevalence,AgeAdjPrv,14.9,13.2,16.8,229025,175805,,
2022,LA,Louisiana,Caddo,22017,DIABETES,Diagnosed diabetes among adults,Crude prevalence,CrdPrv,17.2,15.3,19.3,229025,175805,,
2022,LA,Louisiana,Calcasieu,22019,DIABETES,Diagnosed diabetes among adults,Age-adjusted prevalence,AgeAdjPrv,13.4,11.8,15.1,202418,152767,,
2022,LA,Louisiana,Calcasieu,22019,DIABETES,Diagnosed diabetes among adults,Crude prevalence,CrdPrv,15.2,13.4,17.1,202418,152767,,
2022,LA,Louisiana,Caldwell,22021,DIABETES,Diagnosed diabetes among adults,Age-adjusted prevalence,AgeAdjPrv,13.9,12.1,15.8,9554,7348,,
2022,LA,Louisiana,Caldwell,22021,DIABETES,Diagnosed diabetes among adults,Crude prevalence,CrdPrv,16.2,14.2,18.4,9554,7348,,
2022,LA,Louisiana,Cameron,22023,DIABETES,Diagnosed diabetes among adults,Age-adjusted prevalence,AgeAdjPrv,11.7,9.9,13.7,4902,3816,,
2022,LA,Louisiana,Cameron,22023,DIABETES,Diagnosed diabetes among adults,Crude prevalence,CrdPrv,14.4,12.2,16.7,4902,3816,,
2022,LA,Louisiana,Catahoula,22025,DIABETES,Diagnosed diabetes among adults,Age-adjusted prevalence,AgeAdjPrv,13.7,12.0,15.6,8566,6731,,
2022,LA,Louisiana,Catahoula,22025,DIABETES,Diagnosed diabetes among adults,Crude prevalence,CrdPrv,16.5,14.4,18.7,8566,6731,,
2022,LA,Louisiana,Claiborne,22027,DIABETES,Diagnosed diabetes among adults,Age-adjusted prevalence,AgeAdjPrv,17.9,15.6,20.2,13744,11123,,
2022,LA,Louisiana,Claiborne,22027,DIABETES,Diagnosed diabetes among adults,Crude prevalence,CrdPrv,21.5,18.9,24.2,13744,11123,,
2022,LA,Louisiana,Concordia,22029,DIABETES,Diagnosed diabetes among adults,Age-adjusted prevalence,AgeAdjPrv,15.4,13.4,17.4,18116,13807,,
2022,LA,Louisiana,Concordia,22029,DIABETES,Diagnosed diabetes among adults,Crude prevalence,CrdPrv,18.1,15.9,20.5,18116,13807,,
2022,LA,Louisiana,De Soto,22031,DIABETES,Diagnosed diabetes among adults,Age-adjusted prevalence,AgeAdjPrv,13.5,11.8,15.3,26853,20506,,
2022,LA,Louisiana,De Soto,22031,DIABETES,Diagnosed diabetes among adults,Crude prevalence,CrdPrv,16.3,14.3,18.5,26853,20506,,
2022,LA,Louisiana,East Baton Rouge,22033,DIABETES,Diagnosed diabetes among adults,Age-adjusted prevalence,AgeAdjPrv,12.7,11.2,14.3,450544,350872,,
2022,LA,Louisiana,East Baton Rouge,22033,DIABETES,Diagnosed diabetes among adults,Crude prevalence,CrdPrv,12.8,11.3,14.4,450544,350872,,
2022,LA,Louisiana,East Carroll,22035,DIABETES,Diagnosed diabetes among adults,Age-adjusted prevalence,AgeAdjPrv,20.4,17.9,22.8,6990,5567,,
2022,LA,Louisiana,East Carroll,22035,DIABETES,Diagnosed diabetes among adults,Crude prevalence,CrdPrv,21.1,18.6,23.6,6990,5567,,
2022,LA,Louisiana,East Feliciana,22037,DIABETES,Diagnosed diabetes among adults,Age-adjusted prevalence,AgeAdjPrv,13.2,11.6,14.9,19135,15880,,
2022,LA,Louisiana,East Feliciana,22037,DIABETES,Diagnosed diabetes among adults,Crude prevalence,CrdPrv,15.8,13.9,17.8,19135,15880,,
2022,LA,Louisiana,Evangeline,22039,DIABETES,Diagnosed diabetes among adults,Age-adjusted prevalence,AgeAdjPrv,15.6,13.7,17.7,31986,23976,,
2022,LA,Louisiana,Evangeline,22039,DIABETES,Diagnosed diabetes among adults,Crude prevalence,CrdPrv,17.4,15.4,19.7,31986,23976,,
2022,LA,Louisiana,Franklin,22041,DIABETES,Diagnosed diabetes among adults,Age-adjusted prevalence,AgeAdjPrv,14.7,12.8,16.7,19308,14461,,
2022,LA,Louisiana,Franklin,22041,DIABETES,Diagnosed diabetes among adults,Crude prevalence,CrdPrv,17.7,15.6,20.0,19308,14461,,
2022,LA,Louisiana,Grant,22043,DIABETES,Diagnosed diabetes among adults,Age-adjusted prevalence,AgeAdjPrv,13.2,11.5,15.1,22000,17432,,
2022,LA,Louisiana,Grant,22043,DIABETES,Diagnosed diabetes among adults,Crude prevalence,CrdPrv,14.3,12.4,16.3,22000,17432,,
2022,LA,Louisiana,Iberia,22045,DIABETES,Diagnosed diabetes among adults,Age-adjusted prevalence,AgeAdjPrv,14.4,12.7,16.4,68327,51194,,
2022,LA,Louisiana,Iberia,22045,DIABETES,Diagnosed diabetes among adults,Crude prevalence,CrdPrv,16.5,14.6,18.8,68327,51194,,
2022,LA,Louisiana,Iberville,22047,DIABETES,Diagnosed diabetes among adults,Age-adjusted prevalence,AgeAdjPrv,14.1,12.3,16.0,29506,23540,,
2022,LA,Louisiana,Iberville,22047,DIABETES,Diagnosed diabetes among adults,Crude prevalence,CrdPrv,16.0,14.0,18.2,29506,23540,,
2022,LA,Louisiana,Jackson,22049,DIABETES,Diagnosed diabetes among adults,Age-adjusted prevalence,AgeAdjPrv,14.1,12.3,16.0,14839,11687,,
2022,LA,Louisiana,Jackson,22049,DIABETES,Diagnosed diabetes among adults,Crude prevalence,CrdPrv,17.3,15.2,19.6,14839,11687,,
2022,LA,Louisiana,Jefferson,22051,DIABETES,Diagnosed diabetes among adults,Age-adjusted prevalence,AgeAdjPrv,12.7,11.3,14.3,425884,332555,,
2022,LA,Louisiana,Jefferson,22051,DIABETES,Diagnosed diabetes among adults,Crude prevalence,CrdPrv,15.0,13.4,16.9,425884,332555,,
2022,LA,Louisiana,Jefferson Davis,22053,DIABETES,Diagnosed diabetes among adults,Age-adjusted prevalence,AgeAdjPrv,11.8,10.2,13.5,32026,23961,,
2022,LA,Louisiana,Jefferson Davis,22053,DIABETES,Diagnosed diabetes among adults,Crude prevalence,CrdPrv,13.9,12.1,15.7,32026,23961,,
2022,LA,Louisiana,Lafayette,22055,DIABETES,Diagnosed diabetes among adults,Age-adjusted prevalence,AgeAdjPrv,12.0,10.5,13.6,247866,188900,,
2022,LA,Louisiana,Lafayette,22055,DIABETES,Diagnosed diabetes among adults,Crude prevalence,CrdPrv,12.9,11.3,14.6,247866,188900,,
2022,LA,Louisiana,Lafourche,22057,DIABETES,Diagnosed diabetes among adults,Age-adjusted prevalence,AgeAdjPrv,12.7,11.0,14.4,95870,74351,,
2022,LA,Louisiana,Lafourche,22057,DIABETES,Diagnosed diabetes among adults,Crude prevalence,CrdPrv,14.5,12.7,16.4,95870,74351,,
2022,LA,Louisiana,LaSalle,22059,DIABETES,Diagnosed diabetes among adults,Age-adjusted prevalence,AgeAdjPrv,12.2,10.6,14.0,14729,11594,,
2022,LA,Louisiana,LaSalle,22059,DIABETES,Diagnosed diabetes among adults,Crude prevalence,CrdPrv,13.1,11.3,14.9,14729,11594,,
2022,LA,Louisiana,Lincoln,22061,DIABETES,Diagnosed diabetes among adults,Age-adjusted prevalence,AgeAdjPrv,14.2,12.3,16.1,48129,38727,,
2022,LA,Louisiana,Lincoln,22061,DIABETES,Diagnosed diabetes among adults,Crude prevalence,CrdPrv,12.6,11.0,14.2,48129,38727,,
2022,LA,Louisiana,Livingston,22063,DIABETES,Diagnosed diabetes among adults,Age-adjusted prevalence,AgeAdjPrv,11.0,9.5,12.6,148425,110991,,
2022,LA,Louisiana,Livingston,22063,DIABETES,Diagnosed diabetes among adults,Crude prevalence,CrdPrv,11.9,10.4,13.5,148425,110991,,
2022,LA,Louisiana,Madison,22065,DIABETES,Diagnosed diabetes among adults,Age-adjusted prevalence,AgeAdjPrv,18.5,16.3,20.7,9478,7107,,
2022,LA,Louisiana,Madison,22065,DIABETES,Diagnosed diabetes among adults,Crude prevalence,CrdPrv,21.3,18.9,23.7,9478,7107,,
2022,LA,Louisiana,Morehouse,22067,DIABETES,Diagnosed diabetes among adults,Age-adjusted prevalence,AgeAdjPrv,16.1,14.1,18.1,24446,18783,,
2022,LA,Louisiana,Morehouse,22067,DIABETES,Diagnosed diabetes among adults,Crude prevalence,CrdPrv,19.1,16.8,21.5,24446,18783,,
2022,LA,Louisiana,Natchitoches,22069,DIABETES,Diagnosed diabetes among adults,Age-adjusted prevalence,AgeAdjPrv,14.7,12.8,16.7,36663,28452,,
2022,LA,Louisiana,Natchitoches,22069,DIABETES,Diagnosed diabetes among adults,Crude prevalence,CrdPrv,15.3,13.4,17.2,36663,28452,,
2022,LA,Louisiana,Orleans,22071,DIABETES,Diagnosed diabetes among adults,Age-adjusted prevalence,AgeAdjPrv,13.6,12.0,15.3,369749,298236,,
2022,LA,Louisiana,Orleans,22071,DIABETES,Diagnosed diabetes among adults,Crude prevalence,CrdPrv,14.9,13.2,16.8,369749,298236,,
2022,LA,Louisiana,Ouachita,22073,DIABETES,Diagnosed diabetes among adults,Age-adjusted prevalence,AgeAdjPrv,13.0,11.4,14.8,157702,119574,,
2022,LA,Louisiana,Ouachita,22073,DIABETES,Diagnosed diabetes among adults,Crude prevalence,CrdPrv,14.5,12.7,16.4,157702,119574,,
2022,LA,Louisiana,Plaquemines,22075,DIABETES,Diagnosed diabetes among adults,Age-adjusted prevalence,AgeAdjPrv,12.7,11.1,14.5,22516,17057,,
2022,LA,Louisiana,Plaquemines,22075,DIABETES,Diagnosed diabetes among adults,Crude prevalence,CrdPrv,14.1,12.3,16.1,22516,17057,,
2022,LA,Louisiana,Pointe Coupee,22077,DIABETES,Diagnosed diabetes among adults,Age-adjusted prevalence,AgeAdjPrv,13.6,11.9,15.5,20151,15900,,
2022,LA,Louisiana,Pointe Coupee,22077,DIABETES,Diagnosed diabetes among adults,Crude prevalence,CrdPrv,17.5,15.3,19.7,20151,15900,,
2022,LA,Louisiana,Rapides,22079,DIABETES,Diagnosed diabetes among adults,Age-adjusted prevalence,AgeAdjPrv,13.7,12.0,15.5,127189,95774,,
2022,LA,Louisiana,Rapides,22079,DIABETES,Diagnosed diabetes among adults,Crude prevalence,CrdPrv,15.6,13.8,17.7,127189,95774,,
2022,LA,Louisiana,Red River,22081,DIABETES,Diagnosed diabetes among adults,Age-adjusted prevalence,AgeAdjPrv,14.9,13.0,16.8,7420,5694,,
2022,LA,Louisiana,Red River,22081,DIABETES,Diagnosed diabetes among adults,Crude prevalence,CrdPrv,18.3,16.1,20.6,7420,5694,,
2022,LA,Louisiana,Richland,22083,DIABETES,Diagnosed diabetes among adults,Age-adjusted prevalence,AgeAdjPrv,14.8,13.0,16.8,19826,15135,,
2022,LA,Louisiana,Richland,22083,DIABETES,Diagnosed diabetes among adults,Crude prevalence,CrdPrv,17.4,15.3,19.7,19826,15135,,
2022,LA,Louisiana,Sabine,22085,DIABETES,Diagnosed diabetes among adults,Age-adjusted prevalence,AgeAdjPrv,14.0,12.1,16.0,21985,16936,,
2022,LA,Louisiana,Sabine,22085,DIABETES,Diagnosed diabetes among adults,Crude prevalence,CrdPrv,17.4,15.2,19.8,21985,16936,,
2022,LA,Louisiana,St. Bernard,22087,DIABETES,Diagnosed diabetes among adults,Age-adjusted prevalence,AgeAdjPrv,14.1,12.2,16.1,44479,33127,,
2022,LA,Louisiana,St. Bernard,22087,DIABETES,Diagnosed diabetes among adults,Crude prevalence,CrdPrv,14.9,13.0,17.0,44479,33127,,
2022,LA,Louisiana,St. Charles,22089,DIABETES,Diagnosed diabetes among adults,Age-adjusted prevalence,AgeAdjPrv,11.0,9.6,12.6,50998,38804,,
2022,LA,Louisiana,St. Charles,22089,DIABETES,Diagnosed diabetes among adults,Crude prevalence,CrdPrv,12.7,11.0,14.5,50998,38804,,
2022,LA,Louisiana,St. Helena,22091,DIABETES,Diagnosed diabetes among adults,Age-adjusted prevalence,AgeAdjPrv,15.2,13.4,17.3,10822,8642,,
2022,LA,Louisiana,St. Helena,22091,DIABETES,Diagnosed diabetes among adults,Crude prevalence,CrdPrv,18.4,16.2,20.9,10822,8642,,
2022,LA,Louisiana,St. James,22093,DIABETES,Diagnosed diabetes among adults,Age-adjusted prevalence,AgeAdjPrv,13.5,11.8,15.3,19423,15164,,
2022,LA,Louisiana,St. James,22093,DIABETES,Diagnosed diabetes among adults,Crude prevalence,CrdPrv,16.4,14.4,18.6,19423,15164,,
2022,LA,Louisiana,St. John the Baptist,22095,DIABETES,Diagnosed diabetes among adults,Age-adjusted prevalence,AgeAdjPrv,14.8,12.9,16.7,39864,30431,,
2022,LA,Louisiana,St. John the Baptist,22095,DIABETES,Diagnosed diabetes among adults,Crude prevalence,CrdPrv,17.0,14.9,19.2,39864,30431,,
2022,LA,Louisiana,St. Landry,22097,DIABETES,Diagnosed diabetes among adults,Age-adjusted prevalence,AgeAdjPrv,15.0,13.1,17.0,81773,60183,,
2022,LA,Louisiana,St. Landry,22097,DIABETES,Diagnosed diabetes among adults,Crude prevalence,CrdPrv,17.3,15.2,19.6,81773,60183,,
2022,LA,Louisiana,St. Martin,22099,DIABETES,Diagnosed diabetes among adults,Age-adjusted prevalence,AgeAdjPrv,13.1,11.5,14.9,51236,38973,,
2022,LA,Louisiana,St. Martin,22099,DIABETES,Diagnosed diabetes among adults,Crude prevalence,CrdPrv,15.3,13.5,17.4,51236,38973,,
2022,LA,Louisiana,St. Mary,22101,DIABETES,Diagnosed diabetes among adults,Age-adjusted prevalence,AgeAdjPrv,15.1,13.1,17.0,47789,36391,,
2022,LA,Louisiana,St. Mary,22101,DIABETES,Diagnosed diabetes among adults,Crude prevalence,CrdPrv,18.4,16.1,20.7,47789,36391,,
2022,LA,Louisiana,St. Tammany,22103,DIABETES,Diagnosed diabetes among adults,Age-adjusted prevalence,AgeAdjPrv,11.0,9.7,12.4,273263,209599,,
2022,LA,Louisiana,St. Tammany,22103,DIABETES,Diagnosed diabetes among adults,Crude prevalence,CrdPrv,13.4,11.8,15.1,273263,209599,,
2022,LA,Louisiana,Tangipahoa,22105,DIABETES,Diagnosed diabetes among adults,Age-adjusted prevalence,AgeAdjPrv,13.0,11.5,14.8,137048,103880,,
2022,LA,Louisiana,Tangipahoa,22105,DIABETES,Diagnosed diabetes among adults,Crude prevalence,CrdPrv,14.0,12.5,15.9,137048,103880,,
2022,LA,Louisiana,Tensas,22107,DIABETES,Diagnosed diabetes among adults,Age-adjusted prevalence,AgeAdjPrv,17.8,15.6,20.2,3846,3034,,
2022,LA,Louisiana,Tensas,22107,DIABETES,Diagnosed diabetes among adults,Crude prevalence,CrdPrv,24.6,21.8,27.7,3846,3034,,
2022,LA,Louisiana,Terrebonne,22109,DIABETES,Diagnosed diabetes among adults,Age-adjusted prevalence,AgeAdjPrv,12.1,10.5,13.8,104786,79010,,
2022,LA,Louisiana,Terrebonne,22109,DIABETES,Diagnosed diabetes among adults,Crude prevalence,CrdPrv,13.9,12.0,15.8,104786,79010,,
2022,LA,Louisiana,Union,22111,DIABETES,Diagnosed diabetes among adults,Age-adjusted prevalence,AgeAdjPrv,13.6,11.8,15.5,20721,16278,,
2022,LA,Louisiana,Union,22111,DIABETES,Diagnosed diabetes among adults,Crude prevalence,CrdPrv,17.2,15.1,19.5,20721,16278,,
2022,LA,Louisiana,Vermilion,22113,DIABETES,Diagnosed diabetes among adults,Age-adjusted prevalence,AgeAdjPrv,12.6,10.9,14.3,56952,42736,,
2022,LA,Louisiana,Vermilion,22113,DIABETES,Diagnosed diabetes among adults,Crude prevalence,CrdPrv,14.5,12.6,16.4,56952,42736,,
2022,LA,Louisiana,Vernon,22115,DIABETES,Diagnosed diabetes among adults,Age-adjusted prevalence,AgeAdjPrv,12.3,10.7,14.0,47247,35323,,
2022,LA,Louisiana,Vernon,22115,DIABETES,Diagnosed diabetes among adults,Crude prevalence,CrdPrv,12.0,10.4,13.6,47247,35323,,
2022,LA,Louisiana,Washington,22117,DIABETES,Diagnosed diabetes among adults,Age-adjusted prevalence,AgeAdjPrv,14.8,13.1,16.9,45025,34461,,
2022,LA,Louisiana,Washington,22117,DIABETES,Diagnosed diabetes among adults,Crude prevalence,CrdPrv,17.7,15.8,20.0,45025,34461,,
2022,LA,Louisiana,Webster,22119,DIABETES,Diagnosed diabetes among adults,Age-adjusted prevalence,AgeAdjPrv,15.5,13.6,17.6,35643,27638,,
2022,LA,Louisiana,Webster,22119,DIABETES,Diagnosed diabetes among adults,Crude prevalence,CrdPrv,19.0,16.7,21.5,35643,27638,,
2022,LA,Louisiana,West Baton Rouge,22121,DIABETES,Diagnosed diabetes among adults,Age-adjusted prevalence,AgeAdjPrv,13.1,11.5,14.9,28034,21107,,
2022,LA,Louisiana,West Baton Rouge,22121,DIABETES,Diagnosed diabetes among adults,Crude prevalence,CrdPrv,14.2,12.5,16.2,28034,21107,,
2022,LA,Louisiana,West Carroll,22123,DIABETES,Diagnosed diabetes among adults,Age-adjusted prevalence,AgeAdjPrv,13.4,11.5,15.2,9475,7335,,
2022,LA,Louisiana,West Carroll,22123,DIABETES,Diagnosed diabetes among adults,Crude prevalence,CrdPrv,16.5,14.3,18.8,9475,7335,,
2022,LA,Louisiana,West Feliciana,22125,DIABETES,Diagnosed diabetes among adults,Age-adjusted prevalence,AgeAdjPrv,13.1,11.4,15.0,15381,12921,,
2022,LA,Louisiana,West Feliciana,22125,DIABETES,Diagnosed diabetes among adults,Crude prevalence,CrdPrv,14.9,13.0,17.0,15381,12921,,
2022,LA,Louisiana,Winn,22127,DIABETES,Diagnosed diabetes among adults,Age-adjusted prevalence,AgeAdjPrv,13.9,12.1,15.8,13205,10523,,
2022,LA,Louisiana,Winn,22127,DIABETES,Diagnosed diabetes among adults,Crude prevalence,CrdPrv,16.4,14.4,18.6,13205,10523,,
2022,ME,Maine,Androscoggin,23001,DIABETES,Diagnosed diabetes among adults,Age-adjusted prevalence,AgeAdjPrv,9.4,8.2,10.6,113023,89923,,
2022,ME,Maine,Androscoggin,23001,DIABETES,Diagnosed diabetes among adults,Crude prevalence,CrdPrv,11.1,9.7,12.5,113023,89923,,
2022,ME,Maine,Aroostook,23003,DIABETES,Diagnosed diabetes among adults,Age-adjusted prevalence,AgeAdjPrv,10.0,8.8,11.3,67255,54845,,
2022,ME,Maine,Aroostook,23003,DIABETES,Diagnosed diabetes among adults,Crude prevalence,CrdPrv,13.7,12.1,15.5,67255,54845,,
2022,ME,Maine,Cumberland,23005,DIABETES,Diagnosed diabetes among adults,Age-adjusted prevalence,AgeAdjPrv,7.4,6.5,8.4,307451,252606,,
2022,ME,Maine,Cumberland,23005,DIABETES,Diagnosed diabetes among adults,Crude prevalence,CrdPrv,9.1,8.0,10.3,307451,252606,,
2022,ME,Maine,Franklin,23007,DIABETES,Diagnosed diabetes among adults,Age-adjusted prevalence,AgeAdjPrv,8.2,7.1,9.3,30474,25295,,
2022,ME,Maine,Franklin,23007,DIABETES,Diagnosed diabetes among adults,Crude prevalence,CrdPrv,10.6,9.2,12.0,30474,25295,,
2022,ME,Maine,Hancock,23009,DIABETES,Diagnosed diabetes among adults,Age-adjusted prevalence,AgeAdjPrv,7.5,6.5,8.4,56701,47585,,
2022,ME,Maine,Hancock,23009,DIABETES,Diagnosed diabetes among adults,Crude prevalence,CrdPrv,10.5,9.2,11.9,56701,47585,,
2022,ME,Maine,Kennebec,23011,DIABETES,Diagnosed diabetes among adults,Age-adjusted prevalence,AgeAdjPrv,8.6,7.5,9.7,125540,102126,,
2022,ME,Maine,Kennebec,23011,DIABETES,Diagnosed diabetes among adults,Crude prevalence,CrdPrv,10.7,9.3,12.0,125540,102126,,
2022,ME,Maine,Knox,23013,DIABETES,Diagnosed diabetes among adults,Age-adjusted prevalence,AgeAdjPrv,7.3,6.4,8.4,41164,34265,,
2022,ME,Maine,Knox,23013,DIABETES,Diagnosed diabetes among adults,Crude prevalence,CrdPrv,10.4,9.1,11.9,41164,34265,,
2022,ME,Maine,Lincoln,23015,DIABETES,Diagnosed diabetes among adults,Age-adjusted prevalence,AgeAdjPrv,7.6,6.6,8.6,36215,30291,,
2022,ME,Maine,Lincoln,23015,DIABETES,Diagnosed diabetes among adults,Crude prevalence,CrdPrv,11.0,9.6,12.5,36215,30291,,
2022,ME,Maine,Oxford,23017,DIABETES,Diagnosed diabetes among adults,Age-adjusted prevalence,AgeAdjPrv,9.1,7.9,10.3,59495,49166,,
2022,ME,Maine,Oxford,23017,DIABETES,Diagnosed diabetes among adults,Crude prevalence,CrdPrv,12.4,10.9,14.0,59495,49166,,
2022,ME,Maine,Penobscot,23019,DIABETES,Diagnosed diabetes among adults,Age-adjusted prevalence,AgeAdjPrv,8.8,7.8,10.0,153704,127008,,
2022,ME,Maine,Penobscot,23019,DIABETES,Diagnosed diabetes among adults,Crude prevalence,CrdPrv,10.6,9.3,12.0,153704,127008,,
2022,ME,Maine,Piscataquis,23021,DIABETES,Diagnosed diabetes among adults,Age-adjusted prevalence,AgeAdjPrv,8.9,7.7,10.1,17417,14392,,
2022,ME,Maine,Piscataquis,23021,DIABETES,Diagnosed diabetes among adults,Crude prevalence,CrdPrv,13.1,11.4,14.9,17417,14392,,
2022,ME,Maine,Sagadahoc,23023,DIABETES,Diagnosed diabetes among adults,Age-adjusted prevalence,AgeAdjPrv,8.0,7.0,9.1,37393,30775,,
2022,ME,Maine,Sagadahoc,23023,DIABETES,Diagnosed diabetes among adults,Crude prevalence,CrdPrv,10.7,9.3,12.1,37393,30775,,
2022,ME,Maine,Somerset,23025,DIABETES,Diagnosed diabetes among adults,Age-adjusted prevalence,AgeAdjPrv,9.1,8.0,10.3,51098,41776,,
2022,ME,Maine,Somerset,23025,DIABETES,Diagnosed diabetes among adults,Crude prevalence,CrdPrv,12.2,10.8,13.9,51098,41776,,
2022,ME,Maine,Waldo,23027,DIABETES,Diagnosed diabetes among adults,Age-adjusted prevalence,AgeAdjPrv,7.7,6.7,8.8,40241,33131,,
2022,ME,Maine,Waldo,23027,DIABETES,Diagnosed diabetes among adults,Crude prevalence,CrdPrv,10.5,9.1,11.9,40241,33131,,
2022,ME,Maine,Washington,23029,DIABETES,Diagnosed diabetes among adults,Age-adjusted prevalence,AgeAdjPrv,9.4,8.3,10.7,31437,25626,,
2022,ME,Maine,Washington,23029,DIABETES,Diagnosed diabetes among adults,Crude prevalence,CrdPrv,13.1,11.5,14.9,31437,25626,,
2022,ME,Maine,York,23031,DIABETES,Diagnosed diabetes among adults,Age-adjusted prevalence,AgeAdjPrv,7.8,6.8,8.9,216732,178632,,
2022,ME,Maine,York,23031,DIABETES,Diagnosed diabetes among adults,Crude prevalence,CrdPrv,10.2,9.0,11.6,216732,178632,,
2022,MD,Maryland,Allegany,24001,DIABETES,Diagnosed diabetes among adults,Age-adjusted prevalence,AgeAdjPrv,11.6,10.3,13.0,67267,55356,,
2022,MD,Maryland,Allegany,24001,DIABETES,Diagnosed diabetes among adults,Crude prevalence,CrdPrv,13.7,12.2,15.3,67267,55356,,
2022,MD,Maryland,Anne Arundel,24003,DIABETES,Diagnosed diabetes among adults,Age-adjusted prevalence,AgeAdjPrv,8.8,7.8,9.8,593286,461599,,
2022,MD,Maryland,Anne Arundel,24003,DIABETES,Diagnosed diabetes among adults,Crude prevalence,CrdPrv,9.8,8.7,11.0,593286,461599,,
2022,MD,Maryland,Baltimore,24005,DIABETES,Diagnosed diabetes among adults,Age-adjusted prevalence,AgeAdjPrv,10.6,9.5,11.7,846161,664543,,
2022,MD,Maryland,Baltimore,24005,DIABETES,Diagnosed diabetes among adults,Crude prevalence,CrdPrv,12.4,11.1,13.6,846161,664543,,
2022,MD,Maryland,Calvert,24009,DIABETES,Diagnosed diabetes among adults,Age-adjusted prevalence,AgeAdjPrv,9.2,8.1,10.4,94573,73001,,
2022,MD,Maryland,Calvert,24009,DIABETES,Diagnosed diabetes among adults,Crude prevalence,CrdPrv,11.0,9.6,12.4,94573,73001,,
2022,MD,Maryland,Caroline,24011,DIABETES,Diagnosed diabetes among adults,Age-adjusted prevalence,AgeAdjPrv,11.7,10.3,13.5,33433,25636,,
2022,MD,Maryland,Caroline,24011,DIABETES,Diagnosed diabetes among adults,Crude prevalence,CrdPrv,14.0,12.4,16.0,33433,25636,,
2022,MD,Maryland,Carroll,24013,DIABETES,Diagnosed diabetes among adults,Age-adjusted prevalence,AgeAdjPrv,8.5,7.4,9.7,175305,137271,,
2022,MD,Maryland,Carroll,24013,DIABETES,Diagnosed diabetes among adults,Crude prevalence,CrdPrv,10.4,9.1,11.9,175305,137271,,
2022,MD,Maryland,Cecil,24015,DIABETES,Diagnosed diabetes among adults,Age-adjusted prevalence,AgeAdjPrv,10.7,9.5,12.1,104942,81893,,
2022,MD,Maryland,Cecil,24015,DIABETES,Diagnosed diabetes among adults,Crude prevalence,CrdPrv,12.8,11.3,14.5,104942,81893,,
2022,MD,Maryland,Charles,24017,DIABETES,Diagnosed diabetes among adults,Age-adjusted prevalence,AgeAdjPrv,11.7,10.5,13.1,170102,129891,,
2022,MD,Maryland,Charles,24017,DIABETES,Diagnosed diabetes among adults,Crude prevalence,CrdPrv,13.2,11.8,14.7,170102,129891,,
2022,MD,Maryland,Dorchester,24019,DIABETES,Diagnosed diabetes among adults,Age-adjusted prevalence,AgeAdjPrv,12.0,10.5,13.5,32726,25899,,
2022,MD,Maryland,Dorchester,24019,DIABETES,Diagnosed diabetes among adults,Crude prevalence,CrdPrv,15.4,13.6,17.4,32726,25899,,
2022,MD,Maryland,Frederick,24021,DIABETES,Diagnosed diabetes among adults,Age-adjusted prevalence,AgeAdjPrv,9.9,8.9,11.1,287079,221043,,
2022,MD,Maryland,Frederick,24021,DIABETES,Diagnosed diabetes among adults,Crude prevalence,CrdPrv,11.2,10.0,12.5,287079,221043,,
2022,MD,Maryland,Garrett,24023,DIABETES,Diagnosed diabetes among adults,Age-adjusted prevalence,AgeAdjPrv,10.4,9.0,11.8,28579,23551,,
2022,MD,Maryland,Garrett,24023,DIABETES,Diagnosed diabetes among adults,Crude prevalence,CrdPrv,13.7,12.0,15.5,28579,23551,,
2022,MD,Maryland,Harford,24025,DIABETES,Diagnosed diabetes among adults,Age-adjusted prevalence,AgeAdjPrv,9.1,8.0,10.3,263867,205713,,
2022,MD,Maryland,Harford,24025,DIABETES,Diagnosed diabetes among adults,Crude prevalence,CrdPrv,10.8,9.5,12.2,263867,205713,,
2022,MD,Maryland,Howard,24027,DIABETES,Diagnosed diabetes among adults,Age-adjusted prevalence,AgeAdjPrv,8.8,7.6,10.1,335411,256484,,
2022,MD,Maryland,Howard,24027,DIABETES,Diagnosed diabetes among adults,Crude prevalence,CrdPrv,10.0,8.6,11.4,335411,256484,,
2022,MD,Maryland,Kent,24029,DIABETES,Diagnosed diabetes among adults,Age-adjusted prevalence,AgeAdjPrv,9.5,8.3,10.8,19320,16406,,
2022,MD,Maryland,Kent,24029,DIABETES,Diagnosed diabetes among adults,Crude prevalence,CrdPrv,12.8,11.3,14.5,19320,16406,,
2022,MD,Maryland,Montgomery,24031,DIABETES,Diagnosed diabetes among adults,Age-adjusted prevalence,AgeAdjPrv,9.1,8.1,10.2,1052521,815652,,
2022,MD,Maryland,Montgomery,24031,DIABETES,Diagnosed diabetes among adults,Crude prevalence,CrdPrv,10.6,9.4,11.7,1052521,815652,,
2022,MD,Maryland,Prince George's,24033,DIABETES,Diagnosed diabetes among adults,Age-adjusted prevalence,AgeAdjPrv,13.0,11.7,14.3,946971,741272,,
2022,MD,Maryland,Prince George's,24033,DIABETES,Diagnosed diabetes among adults,Crude prevalence,CrdPrv,14.5,13.2,15.9,946971,741272,,
2022,MD,Maryland,Queen Anne's,24035,DIABETES,Diagnosed diabetes among adults,Age-adjusted prevalence,AgeAdjPrv,8.6,7.5,9.7,51711,41070,,
2022,MD,Maryland,Queen Anne's,24035,DIABETES,Diagnosed diabetes among adults,Crude prevalence,CrdPrv,11.0,9.6,12.5,51711,41070,,
2022,MD,Maryland,St. Mary's,24037,DIABETES,Diagnosed diabetes among adults,Age-adjusted prevalence,AgeAdjPrv,10.8,9.6,12.1,114877,87599,,
2022,MD,Maryland,St. Mary's,24037,DIABETES,Diagnosed diabetes among adults,Crude prevalence,CrdPrv,11.9,10.6,13.3,114877,87599,,
2022,MD,Maryland,Somerset,24039,DIABETES,Diagnosed diabetes among adults,Age-adjusted prevalence,AgeAdjPrv,13.6,12.0,15.3,24546,20340,,
2022,MD,Maryland,Somerset,24039,DIABETES,Diagnosed diabetes among adults,Crude prevalence,CrdPrv,14.6,12.9,16.4,24546,20340,,
2022,MD,Maryland,Talbot,24041,DIABETES,Diagnosed diabetes among adults,Age-adjusted prevalence,AgeAdjPrv,9.1,7.9,10.3,37932,31095,,
2022,MD,Maryland,Talbot,24041,DIABETES,Diagnosed diabetes among adults,Crude prevalence,CrdPrv,13.1,11.5,14.8,37932,31095,,
2022,MD,Maryland,Washington,24043,DIABETES,Diagnosed diabetes among adults,Age-adjusted prevalence,AgeAdjPrv,11.1,9.9,12.3,155590,122115,,
2022,MD,Maryland,Washington,24043,DIABETES,Diagnosed diabetes among adults,Crude prevalence,CrdPrv,12.9,11.5,14.3,155590,122115,,
2022,MD,Maryland,Wicomico,24045,DIABETES,Diagnosed diabetes among adults,Age-adjusted prevalence,AgeAdjPrv,12.0,10.5,13.2,104664,81778,,
2022,MD,Maryland,Wicomico,24045,DIABETES,Diagnosed diabetes among adults,Crude prevalence,CrdPrv,13.0,11.5,14.3,104664,81778,,
2022,MD,Maryland,Worcester,24047,DIABETES,Diagnosed diabetes among adults,Age-adjusted prevalence,AgeAdjPrv,10.3,9.1,11.7,53866,44739,,
2022,MD,Maryland,Worcester,24047,DIABETES,Diagnosed diabetes among adults,Crude prevalence,CrdPrv,14.3,12.7,16.1,53866,44739,,
2022,MD,Maryland,Baltimore,24510,DIABETES,Diagnosed diabetes among adults,Age-adjusted prevalence,AgeAdjPrv,13.8,12.4,15.2,569931,454125,,
2022,MD,Maryland,Baltimore,24510,DIABETES,Diagnosed diabetes among adults,Crude prevalence,CrdPrv,14.3,12.9,15.8,569931,454125,,
2022,MA,Massachusetts,Barnstable,25001,DIABETES,Diagnosed diabetes among adults,Age-adjusted prevalence,AgeAdjPrv,7.2,6.2,8.3,232457,200320,,
2022,MA,Massachusetts,Barnstable,25001,DIABETES,Diagnosed diabetes among adults,Crude prevalence,CrdPrv,10.7,9.3,12.1,232457,200320,,
2022,MA,Massachusetts,Berkshire,25003,DIABETES,Diagnosed diabetes among adults,Age-adjusted prevalence,AgeAdjPrv,8.1,7.0,9.2,127859,107611,,
2022,MA,Massachusetts,Berkshire,25003,DIABETES,Diagnosed diabetes among adults,Crude prevalence,CrdPrv,10.9,9.5,12.4,127859,107611,,
2022,MA,Massachusetts,Bristol,25005,DIABETES,Diagnosed diabetes among adults,Age-adjusted prevalence,AgeAdjPrv,9.6,8.5,10.9,580068,462889,,
2022,MA,Massachusetts,Bristol,25005,DIABETES,Diagnosed diabetes among adults,Crude prevalence,CrdPrv,11.3,10.0,12.8,580068,462889,,
2022,MA,Massachusetts,Dukes,25007,DIABETES,Diagnosed diabetes among adults,Age-adjusted prevalence,AgeAdjPrv,8.0,6.9,9.2,20868,17259,,
2022,MA,Massachusetts,Dukes,25007,DIABETES,Diagnosed diabetes among adults,Crude prevalence,CrdPrv,11.6,10.0,13.4,20868,17259,,
2022,MA,Massachusetts,Essex,25009,DIABETES,Diagnosed diabetes among adults,Age-adjusted prevalence,AgeAdjPrv,8.5,7.4,9.7,806765,640704,,
2022,MA,Massachusetts,Essex,25009,DIABETES,Diagnosed diabetes among adults,Crude prevalence,CrdPrv,9.7,8.5,11.0,806765,640704,,
2022,MA,Massachusetts,Franklin,25011,DIABETES,Diagnosed diabetes among adults,Age-adjusted prevalence,AgeAdjPrv,7.2,6.2,8.2,70894,59255,,
2022,MA,Massachusetts,Franklin,25011,DIABETES,Diagnosed diabetes among adults,Crude prevalence,CrdPrv,9.7,8.4,11.1,70894,59255,,
2022,MA,Massachusetts,Hampden,25013,DIABETES,Diagnosed diabetes among adults,Age-adjusted prevalence,AgeAdjPrv,11.2,9.8,12.6,461041,365329,,
2022,MA,Massachusetts,Hampden,25013,DIABETES,Diagnosed diabetes among adults,Crude prevalence,CrdPrv,12.7,11.2,14.3,461041,365329,,
2022,MA,Massachusetts,Hampshire,25015,DIABETES,Diagnosed diabetes among adults,Age-adjusted prevalence,AgeAdjPrv,8.3,7.2,9.6,162588,140072,,
2022,MA,Massachusetts,Hampshire,25015,DIABETES,Diagnosed diabetes among adults,Crude prevalence,CrdPrv,8.8,7.6,10.1,162588,140072,,
2022,MA,Massachusetts,Middlesex,25017,DIABETES,Diagnosed diabetes among adults,Age-adjusted prevalence,AgeAdjPrv,7.1,6.3,8.0,1617105,1305661,,
2022,MA,Massachusetts,Middlesex,25017,DIABETES,Diagnosed diabetes among adults,Crude prevalence,CrdPrv,7.7,6.8,8.7,1617105,1305661,,
2022,MA,Massachusetts,Nantucket,25019,DIABETES,Diagnosed diabetes among adults,Age-adjusted prevalence,AgeAdjPrv,7.5,6.5,8.8,14421,11533,,
2022,MA,Massachusetts,Nantucket,25019,DIABETES,Diagnosed diabetes among adults,Crude prevalence,CrdPrv,8.8,7.5,10.2,14421,11533,,
2022,MA,Massachusetts,Norfolk,25021,DIABETES,Diagnosed diabetes among adults,Age-adjusted prevalence,AgeAdjPrv,7.8,6.8,8.9,725531,578736,,
2022,MA,Massachusetts,Norfolk,25021,DIABETES,Diagnosed diabetes among adults,Crude prevalence,CrdPrv,9.1,7.9,10.4,725531,578736,,
2022,MA,Massachusetts,Plymouth,25023,DIABETES,Diagnosed diabetes among adults,Age-adjusted prevalence,AgeAdjPrv,8.0,7.0,9.1,533069,424350,,
2022,MA,Massachusetts,Plymouth,25023,DIABETES,Diagnosed diabetes among adults,Crude prevalence,CrdPrv,10.1,8.8,11.5,533069,424350,,
2022,MA,Massachusetts,Suffolk,25025,DIABETES,Diagnosed diabetes among adults,Age-adjusted prevalence,AgeAdjPrv,10.2,9.0,11.4,766381,643180,,
2022,MA,Massachusetts,Suffolk,25025,DIABETES,Diagnosed diabetes among adults,Crude prevalence,CrdPrv,9.3,8.3,10.4,766381,643180,,
2022,MA,Massachusetts,Worcester,25027,DIABETES,Diagnosed diabetes among adults,Age-adjusted prevalence,AgeAdjPrv,9.3,8.2,10.5,862927,687641,,
2022,MA,Massachusetts,Worcester,25027,DIABETES,Diagnosed diabetes among adults,Crude prevalence,CrdPrv,10.7,9.5,12.1,862927,687641,,
2022,MI,Michigan,Alcona,26001,DIABETES,Diagnosed diabetes among adults,Age-adjusted prevalence,AgeAdjPrv,9.9,8.5,11.4,10417,9084,,
2022,MI,Michigan,Alcona,26001,DIABETES,Diagnosed diabetes among adults,Crude prevalence,CrdPrv,15.8,13.7,18.0,10417,9084,,
2022,MI,Michigan,Alger,26003,DIABETES,Diagnosed diabetes among adults,Age-adjusted prevalence,AgeAdjPrv,9.6,8.3,11.1,8807,7523,,
2022,MI,Michigan,Alger,26003,DIABETES,Diagnosed diabetes among adults,Crude prevalence,CrdPrv,12.9,11.2,14.9,8807,7523,,
2022,MI,Michigan,Allegan,26005,DIABETES,Diagnosed diabetes among adults,Age-adjusted prevalence,AgeAdjPrv,9.1,7.9,10.4,121210,93294,,
2022,MI,Michigan,Allegan,26005,DIABETES,Diagnosed diabetes among adults,Crude prevalence,CrdPrv,11.0,9.5,12.6,121210,93294,,
2022,MI,Michigan,Alpena,26007,DIABETES,Diagnosed diabetes among adults,Age-adjusted prevalence,AgeAdjPrv,9.7,8.3,11.2,28847,23571,,
2022,MI,Michigan,Alpena,26007,DIABETES,Diagnosed diabetes among adults,Crude prevalence,CrdPrv,13.1,11.3,15.1,28847,23571,,
2022,MI,Michigan,Antrim,26009,DIABETES,Diagnosed diabetes among adults,Age-adjusted prevalence,AgeAdjPrv,8.1,6.9,9.3,24249,20203,,
2022,MI,Michigan,Antrim,26009,DIABETES,Diagnosed diabetes among adults,Crude prevalence,CrdPrv,11.8,10.1,13.6,24249,20203,,
2022,MI,Michigan,Arenac,26011,DIABETES,Diagnosed diabetes among adults,Age-adjusted prevalence,AgeAdjPrv,9.9,8.6,11.4,15089,12338,,
2022,MI,Michigan,Arenac,26011,DIABETES,Diagnosed diabetes among adults,Crude prevalence,CrdPrv,14.1,12.2,16.1,15089,12338,,
2022,MI,Michigan,Baraga,26013,DIABETES,Diagnosed diabetes among adults,Age-adjusted prevalence,AgeAdjPrv,10.4,9.1,12.0,8277,6819,,
2022,MI,Michigan,Baraga,26013,DIABETES,Diagnosed diabetes among adults,Crude prevalence,CrdPrv,13.1,11.5,15.1,8277,6819,,
2022,MI,Michigan,Barry,26015,DIABETES,Diagnosed diabetes among adults,Age-adjusted prevalence,AgeAdjPrv,8.2,7.0,9.4,63554,49936,,
2022,MI,Michigan,Barry,26015,DIABETES,Diagnosed diabetes among adults,Crude prevalence,CrdPrv,10.3,8.9,11.8,63554,49936,,
2022,MI,Michigan,Bay,26017,DIABETES,Diagnosed diabetes among adults,Age-adjusted prevalence,AgeAdjPrv,8.8,7.6,10.1,102821,82933,,
2022,MI,Michigan,Bay,26017,DIABETES,Diagnosed diabetes among adults,Crude prevalence,CrdPrv,11.3,9.7,12.9,102821,82933,,
2022,MI,Michigan,Benzie,26019,DIABETES,Diagnosed diabetes among adults,Age-adjusted prevalence,AgeAdjPrv,8.9,7.6,10.4,18297,15201,,
2022,MI,Michigan,Benzie,26019,DIABETES,Diagnosed diabetes among adults,Crude prevalence,CrdPrv,12.7,10.9,14.8,18297,15201,,
2022,MI,Michigan,Berrien,26021,DIABETES,Diagnosed diabetes among adults,Age-adjusted prevalence,AgeAdjPrv,9.9,8.6,11.3,152900,120647,,
2022,MI,Michigan,Berrien,26021,DIABETES,Diagnosed diabetes among adults,Crude prevalence,CrdPrv,12.5,10.9,14.2,152900,120647,,
2022,MI,Michigan,Branch,26023,DIABETES,Diagnosed diabetes among adults,Age-adjusted prevalence,AgeAdjPrv,10.1,8.7,11.6,44531,34119,,
2022,MI,Michigan,Branch,26023,DIABETES,Diagnosed diabetes among adults,Crude prevalence,CrdPrv,12.6,10.9,14.4,44531,34119,,
2022,MI,Michigan,Calhoun,26025,DIABETES,Diagnosed diabetes among adults,Age-adjusted prevalence,AgeAdjPrv,10.5,9.1,12.0,133289,103020,,
2022,MI,Michigan,Calhoun,26025,DIABETES,Diagnosed diabetes among adults,Crude prevalence,CrdPrv,12.5,10.9,14.2,133289,103020,,
2022,MI,Michigan,Cass,26027,DIABETES,Diagnosed diabetes among adults,Age-adjusted prevalence,AgeAdjPrv,9.4,8.0,10.7,51403,41097,,
2022,MI,Michigan,Cass,26027,DIABETES,Diagnosed diabetes among adults,Crude prevalence,CrdPrv,12.5,10.7,14.2,51403,41097,,
2022,MI,Michigan,Charlevoix,26029,DIABETES,Diagnosed diabetes among adults,Age-adjusted prevalence,AgeAdjPrv,9.1,7.8,10.5,26293,21745,,
2022,MI,Michigan,Charlevoix,26029,DIABETES,Diagnosed diabetes among adults,Crude prevalence,CrdPrv,12.8,11.0,14.7,26293,21745,,
2022,MI,Michigan,Cheboygan,26031,DIABETES,Diagnosed diabetes among adults,Age-adjusted prevalence,AgeAdjPrv,9.6,8.2,11.1,25940,22032,,
2022,MI,Michigan,Cheboygan,26031,DIABETES,Diagnosed diabetes among adults,Crude prevalence,CrdPrv,13.9,12.0,15.9,25940,22032,,
2022,MI,Michigan,Chippewa,26033,DIABETES,Diagnosed diabetes among adults,Age-adjusted prevalence,AgeAdjPrv,10.6,9.2,12.2,36293,29813,,
2022,MI,Michigan,Chippewa,26033,DIABETES,Diagnosed diabetes among adults,Crude prevalence,CrdPrv,11.9,10.3,13.6,36293,29813,,
2022,MI,Michigan,Clare,26035,DIABETES,Diagnosed diabetes among adults,Age-adjusted prevalence,AgeAdjPrv,10.3,8.8,11.7,31352,25285,,
2022,MI,Michigan,Clare,26035,DIABETES,Diagnosed diabetes among adults,Crude prevalence,CrdPrv,14.3,12.4,16.2,31352,25285,,
2022,MI,Michigan,Clinton,26037,DIABETES,Diagnosed diabetes among adults,Age-adjusted prevalence,AgeAdjPrv,7.9,6.7,9.0,79748,62889,,
2022,MI,Michigan,Clinton,26037,DIABETES,Diagnosed diabetes among adults,Crude prevalence,CrdPrv,9.6,8.3,11.0,79748,62889,,
2022,MI,Michigan,Crawford,26039,DIABETES,Diagnosed diabetes among adults,Age-adjusted prevalence,AgeAdjPrv,10.1,8.7,11.7,13491,11133,,
2022,MI,Michigan,Crawford,26039,DIABETES,Diagnosed diabetes among adults,Crude prevalence,CrdPrv,14.2,12.3,16.4,13491,11133,,
2022,MI,Michigan,Delta,26041,DIABETES,Diagnosed diabetes among adults,Age-adjusted prevalence,AgeAdjPrv,8.8,7.6,10.1,36741,29776,,
2022,MI,Michigan,Delta,26041,DIABETES,Diagnosed diabetes among adults,Crude prevalence,CrdPrv,12.2,10.5,13.9,36741,29776,,
2022,MI,Michigan,Dickinson,26043,DIABETES,Diagnosed diabetes among adults,Age-adjusted prevalence,AgeAdjPrv,8.5,7.4,9.8,25874,20766,,
2022,MI,Michigan,Dickinson,26043,DIABETES,Diagnosed diabetes among adults,Crude prevalence,CrdPrv,11.1,9.6,12.7,25874,20766,,
2022,MI,Michigan,Eaton,26045,DIABETES,Diagnosed diabetes among adults,Age-adjusted prevalence,AgeAdjPrv,8.7,7.5,10.0,108992,86981,,
2022,MI,Michigan,Eaton,26045,DIABETES,Diagnosed diabetes among adults,Crude prevalence,CrdPrv,10.6,9.2,12.2,108992,86981,,
2022,MI,Michigan,Emmet,26047,DIABETES,Diagnosed diabetes among adults,Age-adjusted prevalence,AgeAdjPrv,8.2,7.1,9.4,34163,28015,,
2022,MI,Michigan,Emmet,26047,DIABETES,Diagnosed diabetes among adults,Crude prevalence,CrdPrv,11.0,9.5,12.5,34163,28015,,
2022,MI,Michigan,Genesee,26049,DIABETES,Diagnosed diabetes among adults,Age-adjusted prevalence,AgeAdjPrv,10.4,9.1,11.7,401983,313945,,
2022,MI,Michigan,Genesee,26049,DIABETES,Diagnosed diabetes among adults,Crude prevalence,CrdPrv,12.5,10.9,14.0,401983,313945,,
2022,MI,Michigan,Gladwin,26051,DIABETES,Diagnosed diabetes among adults,Age-adjusted prevalence,AgeAdjPrv,9.6,8.3,11.1,25728,20851,,
2022,MI,Michigan,Gladwin,26051,DIABETES,Diagnosed diabetes among adults,Crude prevalence,CrdPrv,13.8,11.9,15.7,25728,20851,,
2022,MI,Michigan,Gogebic,26053,DIABETES,Diagnosed diabetes among adults,Age-adjusted prevalence,AgeAdjPrv,9.9,8.6,11.3,14319,11958,,
2022,MI,Michigan,Gogebic,26053,DIABETES,Diagnosed diabetes among adults,Crude prevalence,CrdPrv,14.5,12.6,16.5,14319,11958,,
2022,MI,Michigan,Grand Traverse,26055,DIABETES,Diagnosed diabetes among adults,Age-adjusted prevalence,AgeAdjPrv,7.9,6.9,9.1,96464,77930,,
2022,MI,Michigan,Grand Traverse,26055,DIABETES,Diagnosed diabetes among adults,Crude prevalence,CrdPrv,10.1,8.8,11.7,96464,77930,,
2022,MI,Michigan,Gratiot,26057,DIABETES,Diagnosed diabetes among adults,Age-adjusted prevalence,AgeAdjPrv,9.5,8.2,11.0,41100,33173,,
2022,MI,Michigan,Gratiot,26057,DIABETES,Diagnosed diabetes among adults,Crude prevalence,CrdPrv,10.5,9.0,12.1,41100,33173,,
2022,MI,Michigan,Hillsdale,26059,DIABETES,Diagnosed diabetes among adults,Age-adjusted prevalence,AgeAdjPrv,9.8,8.4,11.3,45762,36000,,
2022,MI,Michigan,Hillsdale,26059,DIABETES,Diagnosed diabetes among adults,Crude prevalence,CrdPrv,12.4,10.7,14.2,45762,36000,,
2022,MI,Michigan,Houghton,26061,DIABETES,Diagnosed diabetes among adults,Age-adjusted prevalence,AgeAdjPrv,9.3,7.9,10.7,37035,29703,,
2022,MI,Michigan,Houghton,26061,DIABETES,Diagnosed diabetes among adults,Crude prevalence,CrdPrv,9.4,8.1,10.9,37035,29703,,
2022,MI,Michigan,Huron,26063,DIABETES,Diagnosed diabetes among adults,Age-adjusted prevalence,AgeAdjPrv,9.4,8.1,10.9,31248,25351,,
2022,MI,Michigan,Huron,26063,DIABETES,Diagnosed diabetes among adults,Crude prevalence,CrdPrv,13.2,11.4,15.3,31248,25351,,
2022,MI,Michigan,Ingham,26065,DIABETES,Diagnosed diabetes among adults,Age-adjusted prevalence,AgeAdjPrv,9.2,8.0,10.5,284108,229447,,
2022,MI,Michigan,Ingham,26065,DIABETES,Diagnosed diabetes among adults,Crude prevalence,CrdPrv,8.8,7.7,10.1,284108,229447,,
2022,MI,Michigan,Ionia,26067,DIABETES,Diagnosed diabetes among adults,Age-adjusted prevalence,AgeAdjPrv,9.7,8.4,11.1,66809,52992,,
2022,MI,Michigan,Ionia,26067,DIABETES,Diagnosed diabetes among adults,Crude prevalence,CrdPrv,10.7,9.3,12.2,66809,52992,,
2022,MI,Michigan,Iosco,26069,DIABETES,Diagnosed diabetes among adults,Age-adjusted prevalence,AgeAdjPrv,10.6,9.2,12.2,25521,21235,,
2022,MI,Michigan,Iosco,26069,DIABETES,Diagnosed diabetes among adults,Crude prevalence,CrdPrv,15.3,13.4,17.7,25521,21235,,
2022,MI,Michigan,Iron,26071,DIABETES,Diagnosed diabetes among adults,Age-adjusted prevalence,AgeAdjPrv,10.0,8.6,11.4,11622,9599,,
2022,MI,Michigan,Iron,26071,DIABETES,Diagnosed diabetes among adults,Crude prevalence,CrdPrv,14.9,12.9,17.0,11622,9599,,
2022,MI,Michigan,Isabella,26073,DIABETES,Diagnosed diabetes among adults,Age-adjusted prevalence,AgeAdjPrv,10.5,9.1,12.1,64447,53116,,
2022,MI,Michigan,Isabella,26073,DIABETES,Diagnosed diabetes among adults,Crude prevalence,CrdPrv,9.3,8.1,10.7,64447,53116,,
2022,MI,Michigan,Jackson,26075,DIABETES,Diagnosed diabetes among adults,Age-adjusted prevalence,AgeAdjPrv,10.0,8.7,11.3,160066,126880,,
2022,MI,Michigan,Jackson,26075,DIABETES,Diagnosed diabetes among adults,Crude prevalence,CrdPrv,11.7,10.2,13.3,160066,126880,,
2022,MI,Michigan,Kalamazoo,26077,DIABETES,Diagnosed diabetes among adults,Age-adjusted prevalence,AgeAdjPrv,9.1,7.8,10.6,261173,206067,,
2022,MI,Michigan,Kalamazoo,26077,DIABETES,Diagnosed diabetes among adults,Crude prevalence,CrdPrv,9.5,8.1,11.0,261173,206067,,
2022,MI,Michigan,Kalkaska,26079,DIABETES,Diagnosed diabetes among adults,Age-adjusted prevalence,AgeAdjPrv,10.2,8.8,11.7,18182,14555,,
2022,MI,Michigan,Kalkaska,26079,DIABETES,Diagnosed diabetes among adults,Crude prevalence,CrdPrv,13.3,11.6,15.3,18182,14555,,
2022,MI,Michigan,Kent,26081,DIABETES,Diagnosed diabetes among adults,Age-adjusted prevalence,AgeAdjPrv,9.6,8.4,10.9,659083,506192,,
2022,MI,Michigan,Kent,26081,DIABETES,Diagnosed diabetes among adults,Crude prevalence,CrdPrv,10.2,8.9,11.5,659083,506192,,
2022,MI,Michigan,Keweenaw,26083,DIABETES,Diagnosed diabetes among adults,Age-adjusted prevalence,AgeAdjPrv,8.0,6.9,9.3,2180,1834,,
2022,MI,Michigan,Keweenaw,26083,DIABETES,Diagnosed diabetes among adults,Crude prevalence,CrdPrv,12.5,10.8,14.4,2180,1834,,
2022,MI,Michigan,Lake,26085,DIABETES,Diagnosed diabetes among adults,Age-adjusted prevalence,AgeAdjPrv,11.8,10.2,13.4,12594,10786,,
2022,MI,Michigan,Lake,26085,DIABETES,Diagnosed diabetes among adults,Crude prevalence,CrdPrv,16.2,13.9,18.4,12594,10786,,
2022,MI,Michigan,Lapeer,26087,DIABETES,Diagnosed diabetes among adults,Age-adjusted prevalence,AgeAdjPrv,9.4,8.1,10.7,88780,71269,,
2022,MI,Michigan,Lapeer,26087,DIABETES,Diagnosed diabetes among adults,Crude prevalence,CrdPrv,12.0,10.4,13.7,88780,71269,,
2022,MI,Michigan,Leelanau,26089,DIABETES,Diagnosed diabetes among adults,Age-adjusted prevalence,AgeAdjPrv,7.7,6.6,8.9,22870,19421,,
2022,MI,Michigan,Leelanau,26089,DIABETES,Diagnosed diabetes among adults,Crude prevalence,CrdPrv,11.9,10.3,13.8,22870,19421,,
2022,MI,Michigan,Lenawee,26091,DIABETES,Diagnosed diabetes among adults,Age-adjusted prevalence,AgeAdjPrv,9.4,8.2,10.8,98567,78539,,
2022,MI,Michigan,Lenawee,26091,DIABETES,Diagnosed diabetes among adults,Crude prevalence,CrdPrv,11.5,10.1,13.3,98567,78539,,
2022,MI,Michigan,Livingston,26093,DIABETES,Diagnosed diabetes among adults,Age-adjusted prevalence,AgeAdjPrv,7.6,6.6,8.7,196161,156910,,
2022,MI,Michigan,Livingston,26093,DIABETES,Diagnosed diabetes among adults,Crude prevalence,CrdPrv,9.6,8.3,11.0,196161,156910,,
2022,MI,Michigan,Luce,26095,DIABETES,Diagnosed diabetes among adults,Age-adjusted prevalence,AgeAdjPrv,10.5,9.0,12.1,5330,4304,,
2022,MI,Michigan,Luce,26095,DIABETES,Diagnosed diabetes among adults,Crude prevalence,CrdPrv,14.5,12.5,16.7,5330,4304,,
2022,MI,Michigan,Mackinac,26097,DIABETES,Diagnosed diabetes among adults,Age-adjusted prevalence,AgeAdjPrv,10.5,9.1,12.1,10941,9284,,
2022,MI,Michigan,Mackinac,26097,DIABETES,Diagnosed diabetes among adults,Crude prevalence,CrdPrv,15.2,13.2,17.4,10941,9284,,
2022,MI,Michigan,Macomb,26099,DIABETES,Diagnosed diabetes among adults,Age-adjusted prevalence,AgeAdjPrv,9.7,8.6,11.0,874195,695270,,
2022,MI,Michigan,Macomb,26099,DIABETES,Diagnosed diabetes among adults,Crude prevalence,CrdPrv,11.6,10.2,13.1,874195,695270,,
2022,MI,Michigan,Manistee,26101,DIABETES,Diagnosed diabetes among adults,Age-adjusted prevalence,AgeAdjPrv,8.9,7.6,10.2,25287,21105,,
2022,MI,Michigan,Manistee,26101,DIABETES,Diagnosed diabetes among adults,Crude prevalence,CrdPrv,12.0,10.4,13.9,25287,21105,,
2022,MI,Michigan,Marquette,26103,DIABETES,Diagnosed diabetes among adults,Age-adjusted prevalence,AgeAdjPrv,8.9,7.7,10.2,66661,54988,,
2022,MI,Michigan,Marquette,26103,DIABETES,Diagnosed diabetes among adults,Crude prevalence,CrdPrv,10.3,8.9,11.8,66661,54988,,
2022,MI,Michigan,Mason,26105,DIABETES,Diagnosed diabetes among adults,Age-adjusted prevalence,AgeAdjPrv,9.3,8.0,10.8,29409,23672,,
2022,MI,Michigan,Mason,26105,DIABETES,Diagnosed diabetes among adults,Crude prevalence,CrdPrv,12.4,10.7,14.3,29409,23672,,
2022,MI,Michigan,Mecosta,26107,DIABETES,Diagnosed diabetes among adults,Age-adjusted prevalence,AgeAdjPrv,10.1,8.7,11.6,40720,32922,,
2022,MI,Michigan,Mecosta,26107,DIABETES,Diagnosed diabetes among adults,Crude prevalence,CrdPrv,12.1,10.4,13.8,40720,32922,,
2022,MI,Michigan,Menominee,26109,DIABETES,Diagnosed diabetes among adults,Age-adjusted prevalence,AgeAdjPrv,9.4,8.1,10.9,23266,19225,,
2022,MI,Michigan,Menominee,26109,DIABETES,Diagnosed diabetes among adults,Crude prevalence,CrdPrv,13.0,11.2,14.9,23266,19225,,
2022,MI,Michigan,Midland,26111,DIABETES,Diagnosed diabetes among adults,Age-adjusted prevalence,AgeAdjPrv,8.4,7.2,9.6,83674,66413,,
2022,MI,Michigan,Midland,26111,DIABETES,Diagnosed diabetes among adults,Crude prevalence,CrdPrv,10.3,8.9,11.7,83674,66413,,
2022,MI,Michigan,Missaukee,26113,DIABETES,Diagnosed diabetes among adults,Age-adjusted prevalence,AgeAdjPrv,9.7,8.4,11.2,15213,11858,,
2022,MI,Michigan,Missaukee,26113,DIABETES,Diagnosed diabetes among adults,Crude prevalence,CrdPrv,12.6,10.9,14.4,15213,11858,,
2022,MI,Michigan,Monroe,26115,DIABETES,Diagnosed diabetes among adults,Age-adjusted prevalence,AgeAdjPrv,9.8,8.5,11.1,155609,123308,,
2022,MI,Michigan,Monroe,26115,DIABETES,Diagnosed diabetes among adults,Crude prevalence,CrdPrv,12.1,10.6,13.8,155609,123308,,
2022,MI,Michigan,Montcalm,26117,DIABETES,Diagnosed diabetes among adults,Age-adjusted prevalence,AgeAdjPrv,9.8,8.5,11.4,67433,53352,,
2022,MI,Michigan,Montcalm,26117,DIABETES,Diagnosed diabetes among adults,Crude prevalence,CrdPrv,11.4,9.9,13.1,67433,53352,,
2022,MI,Michigan,Montmorency,26119,DIABETES,Diagnosed diabetes among adults,Age-adjusted prevalence,AgeAdjPrv,9.7,8.3,11.2,9569,8113,,
2022,MI,Michigan,Montmorency,26119,DIABETES,Diagnosed diabetes among adults,Crude prevalence,CrdPrv,14.8,12.7,17.0,9569,8113,,
2022,MI,Michigan,Muskegon,26121,DIABETES,Diagnosed diabetes among adults,Age-adjusted prevalence,AgeAdjPrv,11.2,9.8,12.7,176565,137478,,
2022,MI,Michigan,Muskegon,26121,DIABETES,Diagnosed diabetes among adults,Crude prevalence,CrdPrv,13.2,11.6,14.9,176565,137478,,
2022,MI,Michigan,Newaygo,26123,DIABETES,Diagnosed diabetes among adults,Age-adjusted prevalence,AgeAdjPrv,9.8,8.4,11.3,50886,39812,,
2022,MI,Michigan,Newaygo,26123,DIABETES,Diagnosed diabetes among adults,Crude prevalence,CrdPrv,12.3,10.7,14.2,50886,39812,,
2022,MI,Michigan,Oakland,26125,DIABETES,Diagnosed diabetes among adults,Age-adjusted prevalence,AgeAdjPrv,7.9,6.9,8.8,1269431,1015540,,
2022,MI,Michigan,Oakland,26125,DIABETES,Diagnosed diabetes among adults,Crude prevalence,CrdPrv,9.3,8.2,10.4,1269431,1015540,,
2022,MI,Michigan,Oceana,26127,DIABETES,Diagnosed diabetes among adults,Age-adjusted prevalence,AgeAdjPrv,10.0,8.6,11.5,26973,21264,,
2022,MI,Michigan,Oceana,26127,DIABETES,Diagnosed diabetes among adults,Crude prevalence,CrdPrv,12.7,10.9,14.5,26973,21264,,
2022,MI,Michigan,Ogemaw,26129,DIABETES,Diagnosed diabetes among adults,Age-adjusted prevalence,AgeAdjPrv,9.9,8.5,11.5,20970,17225,,
2022,MI,Michigan,Ogemaw,26129,DIABETES,Diagnosed diabetes among adults,Crude prevalence,CrdPrv,14.0,12.0,16.1,20970,17225,,
2022,MI,Michigan,Ontonagon,26131,DIABETES,Diagnosed diabetes among adults,Age-adjusted prevalence,AgeAdjPrv,9.9,8.6,11.4,5863,5136,,
2022,MI,Michigan,Ontonagon,26131,DIABETES,Diagnosed diabetes among adults,Crude prevalence,CrdPrv,15.8,13.7,18.0,5863,5136,,
2022,MI,Michigan,Osceola,26133,DIABETES,Diagnosed diabetes among adults,Age-adjusted prevalence,AgeAdjPrv,9.8,8.4,11.1,23274,18122,,
2022,MI,Michigan,Osceola,26133,DIABETES,Diagnosed diabetes among adults,Crude prevalence,CrdPrv,12.7,11.1,14.5,23274,18122,,
2022,MI,Michigan,Oscoda,26135,DIABETES,Diagnosed diabetes among adults,Age-adjusted prevalence,AgeAdjPrv,10.0,8.7,11.5,8404,6783,,
2022,MI,Michigan,Oscoda,26135,DIABETES,Diagnosed diabetes among adults,Crude prevalence,CrdPrv,15.2,13.2,17.4,8404,6783,,
2022,MI,Michigan,Otsego,26137,DIABETES,Diagnosed diabetes among adults,Age-adjusted prevalence,AgeAdjPrv,9.6,8.3,11.0,25644,20375,,
2022,MI,Michigan,Otsego,26137,DIABETES,Diagnosed diabetes among adults,Crude prevalence,CrdPrv,12.5,10.9,14.3,25644,20375,,
2022,MI,Michigan,Ottawa,26139,DIABETES,Diagnosed diabetes among adults,Age-adjusted prevalence,AgeAdjPrv,8.1,7.0,9.3,300873,232336,,
2022,MI,Michigan,Ottawa,26139,DIABETES,Diagnosed diabetes among adults,Crude prevalence,CrdPrv,8.8,7.6,10.1,300873,232336,,
2022,MI,Michigan,Presque Isle,26141,DIABETES,Diagnosed diabetes among adults,Age-adjusted prevalence,AgeAdjPrv,9.4,8.1,10.9,13361,11319,,
2022,MI,Michigan,Presque Isle,26141,DIABETES,Diagnosed diabetes among adults,Crude prevalence,CrdPrv,14.5,12.5,16.7,13361,11319,,
2022,MI,Michigan,Roscommon,26143,DIABETES,Diagnosed diabetes among adults,Age-adjusted prevalence,AgeAdjPrv,9.8,8.5,11.4,23708,20306,,
2022,MI,Michigan,Roscommon,26143,DIABETES,Diagnosed diabetes among adults,Crude prevalence,CrdPrv,15.3,13.3,17.5,23708,20306,,
2022,MI,Michigan,Saginaw,26145,DIABETES,Diagnosed diabetes among adults,Age-adjusted prevalence,AgeAdjPrv,11.1,9.6,12.6,188330,148511,,
2022,MI,Michigan,Saginaw,26145,DIABETES,Diagnosed diabetes among adults,Crude prevalence,CrdPrv,13.2,11.6,15.0,188330,148511,,
2022,MI,Michigan,St. Clair,26147,DIABETES,Diagnosed diabetes among adults,Age-adjusted prevalence,AgeAdjPrv,9.6,8.3,11.0,160151,127952,,
2022,MI,Michigan,St. Clair,26147,DIABETES,Diagnosed diabetes among adults,Crude prevalence,CrdPrv,12.4,10.8,14.2,160151,127952,,
2022,MI,Michigan,St. Joseph,26149,DIABETES,Diagnosed diabetes among adults,Age-adjusted prevalence,AgeAdjPrv,10.5,9.0,12.0,60874,46309,,
2022,MI,Michigan,St. Joseph,26149,DIABETES,Diagnosed diabetes among adults,Crude prevalence,CrdPrv,12.5,10.8,14.4,60874,46309,,
2022,MI,Michigan,Sanilac,26151,DIABETES,Diagnosed diabetes among adults,Age-adjusted prevalence,AgeAdjPrv,10.1,8.8,11.6,40657,32220,,
2022,MI,Michigan,Sanilac,26151,DIABETES,Diagnosed diabetes among adults,Crude prevalence,CrdPrv,13.2,11.5,15.1,40657,32220,,
2022,MI,Michigan,Schoolcraft,26153,DIABETES,Diagnosed diabetes among adults,Age-adjusted prevalence,AgeAdjPrv,10.8,9.4,12.4,8188,6720,,
2022,MI,Michigan,Schoolcraft,26153,DIABETES,Diagnosed diabetes among adults,Crude prevalence,CrdPrv,15.8,13.7,18.0,8188,6720,,
2022,MI,Michigan,Shiawassee,26155,DIABETES,Diagnosed diabetes among adults,Age-adjusted prevalence,AgeAdjPrv,9.1,7.9,10.6,68022,54114,,
2022,MI,Michigan,Shiawassee,26155,DIABETES,Diagnosed diabetes among adults,Crude prevalence,CrdPrv,11.6,10.0,13.4,68022,54114,,
2022,MI,Michigan,Tuscola,26157,DIABETES,Diagnosed diabetes among adults,Age-adjusted prevalence,AgeAdjPrv,10.3,8.9,11.8,52945,42362,,
2022,MI,Michigan,Tuscola,26157,DIABETES,Diagnosed diabetes among adults,Crude prevalence,CrdPrv,13.4,11.6,15.3,52945,42362,,
2022,MI,Michigan,Van Buren,26159,DIABETES,Diagnosed diabetes among adults,Age-adjusted prevalence,AgeAdjPrv,10.3,8.8,11.9,75692,58530,,
2022,MI,Michigan,Van Buren,26159,DIABETES,Diagnosed diabetes among adults,Crude prevalence,CrdPrv,12.9,11.1,14.8,75692,58530,,
2022,MI,Michigan,Washtenaw,26161,DIABETES,Diagnosed diabetes among adults,Age-adjusted prevalence,AgeAdjPrv,8.5,7.4,9.5,366376,300606,,
2022,MI,Michigan,Washtenaw,26161,DIABETES,Diagnosed diabetes among adults,Crude prevalence,CrdPrv,8.3,7.3,9.3,366376,300606,,
2022,MI,Michigan,Wayne,26163,DIABETES,Diagnosed diabetes among adults,Age-adjusted prevalence,AgeAdjPrv,11.6,10.4,12.8,1757043,1345110,,
2022,MI,Michigan,Wayne,26163,DIABETES,Diagnosed diabetes among adults,Crude prevalence,CrdPrv,13.1,11.8,14.4,1757043,1345110,,
2022,MI,Michigan,Wexford,26165,DIABETES,Diagnosed diabetes among adults,Age-adjusted prevalence,AgeAdjPrv,9.6,8.2,11.0,34196,26501,,
2022,MI,Michigan,Wexford,26165,DIABETES,Diagnosed diabetes among adults,Crude prevalence,CrdPrv,12.1,10.4,13.9,34196,26501,,
2022,MN,Minnesota,Aitkin,27001,DIABETES,Diagnosed diabetes among adults,Age-adjusted prevalence,AgeAdjPrv,9.3,8.2,11.0,16126,13674,,
2022,MN,Minnesota,Aitkin,27001,DIABETES,Diagnosed diabetes among adults,Crude prevalence,CrdPrv,14.1,12.5,16.5,16126,13674,,
2022,MN,Minnesota,Anoka,27003,DIABETES,Diagnosed diabetes among adults,Age-adjusted prevalence,AgeAdjPrv,8.6,7.6,9.7,368864,282455,,
2022,MN,Minnesota,Anoka,27003,DIABETES,Diagnosed diabetes among adults,Crude prevalence,CrdPrv,9.9,8.8,11.2,368864,282455,,
2022,MN,Minnesota,Becker,27005,DIABETES,Diagnosed diabetes among adults,Age-adjusted prevalence,AgeAdjPrv,8.9,7.7,10.3,35371,27112,,
2022,MN,Minnesota,Becker,27005,DIABETES,Diagnosed diabetes among adults,Crude prevalence,CrdPrv,11.7,10.2,13.4,35371,27112,,
2022,MN,Minnesota,Beltrami,27007,DIABETES,Diagnosed diabetes among adults,Age-adjusted prevalence,AgeAdjPrv,10.4,9.1,11.8,46799,35314,,
2022,MN,Minnesota,Beltrami,27007,DIABETES,Diagnosed diabetes among adults,Crude prevalence,CrdPrv,11.5,10.1,13.1,46799,35314,,
2022,MN,Minnesota,Benton,27009,DIABETES,Diagnosed diabetes among adults,Age-adjusted prevalence,AgeAdjPrv,8.6,7.4,9.9,41463,31075,,
2022,MN,Minnesota,Benton,27009,DIABETES,Diagnosed diabetes among adults,Crude prevalence,CrdPrv,9.3,8.0,10.7,41463,31075,,
2022,MN,Minnesota,Big Stone,27011,DIABETES,Diagnosed diabetes among adults,Age-adjusted prevalence,AgeAdjPrv,9.4,8.1,10.9,5144,4040,,
2022,MN,Minnesota,Big Stone,27011,DIABETES,Diagnosed diabetes among adults,Crude prevalence,CrdPrv,13.5,11.6,15.5,5144,4040,,
2022,MN,Minnesota,Blue Earth,27013,DIABETES,Diagnosed diabetes among adults,Age-adjusted prevalence,AgeAdjPrv,9.9,8.6,11.3,69631,56029,,
2022,MN,Minnesota,Blue Earth,27013,DIABETES,Diagnosed diabetes among adults,Crude prevalence,CrdPrv,9.3,8.1,10.6,69631,56029,,
2022,MN,Minnesota,Brown,27015,DIABETES,Diagnosed diabetes among adults,Age-adjusted prevalence,AgeAdjPrv,9.3,8.1,10.7,25723,20087,,
2022,MN,Minnesota,Brown,27015,DIABETES,Diagnosed diabetes among adults,Crude prevalence,CrdPrv,11.5,10.0,13.2,25723,20087,,
2022,MN,Minnesota,Carlton,27017,DIABETES,Diagnosed diabetes among adults,Age-adjusted prevalence,AgeAdjPrv,9.1,7.9,10.4,36708,28726,,
2022,MN,Minnesota,Carlton,27017,DIABETES,Diagnosed diabetes among adults,Crude prevalence,CrdPrv,10.9,9.5,12.4,36708,28726,,
2022,MN,Minnesota,Carver,27019,DIABETES,Diagnosed diabetes among adults,Age-adjusted prevalence,AgeAdjPrv,7.3,6.3,8.3,110034,82650,,
2022,MN,Minnesota,Carver,27019,DIABETES,Diagnosed diabetes among adults,Crude prevalence,CrdPrv,8.3,7.2,9.5,110034,82650,,
2022,MN,Minnesota,Cass,27021,DIABETES,Diagnosed diabetes among adults,Age-adjusted prevalence,AgeAdjPrv,9.8,8.5,11.1,31274,24956,,
2022,MN,Minnesota,Cass,27021,DIABETES,Diagnosed diabetes among adults,Crude prevalence,CrdPrv,13.6,11.9,15.5,31274,24956,,
2022,MN,Minnesota,Chippewa,27023,DIABETES,Diagnosed diabetes among adults,Age-adjusted prevalence,AgeAdjPrv,9.0,7.8,10.3,12284,9297,,
2022,MN,Minnesota,Chippewa,27023,DIABETES,Diagnosed diabetes among adults,Crude prevalence,CrdPrv,11.7,10.1,13.5,12284,9297,,
2022,MN,Minnesota,Chisago,27025,DIABETES,Diagnosed diabetes among adults,Age-adjusted prevalence,AgeAdjPrv,8.5,7.3,9.7,57988,45118,,
2022,MN,Minnesota,Chisago,27025,DIABETES,Diagnosed diabetes among adults,Crude prevalence,CrdPrv,10.1,8.7,11.6,57988,45118,,
2022,MN,Minnesota,Clay,27027,DIABETES,Diagnosed diabetes among adults,Age-adjusted prevalence,AgeAdjPrv,8.9,7.7,10.2,65929,49687,,
2022,MN,Minnesota,Clay,27027,DIABETES,Diagnosed diabetes among adults,Crude prevalence,CrdPrv,8.8,7.6,10.1,65929,49687,,
2022,MN,Minnesota,Clearwater,27029,DIABETES,Diagnosed diabetes among adults,Age-adjusted prevalence,AgeAdjPrv,9.6,8.3,11.0,8649,6475,,
2022,MN,Minnesota,Clearwater,27029,DIABETES,Diagnosed diabetes among adults,Crude prevalence,CrdPrv,12.1,10.5,13.8,8649,6475,,
2022,MN,Minnesota,Cook,27031,DIABETES,Diagnosed diabetes among adults,Age-adjusted prevalence,AgeAdjPrv,8.4,7.2,9.7,5708,4868,,
2022,MN,Minnesota,Cook,27031,DIABETES,Diagnosed diabetes among adults,Crude prevalence,CrdPrv,12.5,10.7,14.2,5708,4868,,
2022,MN,Minnesota,Cottonwood,27033,DIABETES,Diagnosed diabetes among adults,Age-adjusted prevalence,AgeAdjPrv,10.0,8.7,11.5,11356,8493,,
2022,MN,Minnesota,Cottonwood,27033,DIABETES,Diagnosed diabetes among adults,Crude prevalence,CrdPrv,12.8,11.0,14.6,11356,8493,,
2022,MN,Minnesota,Crow Wing,27035,DIABETES,Diagnosed diabetes among adults,Age-adjusted prevalence,AgeAdjPrv,8.9,7.7,10.1,67948,54164,,
2022,MN,Minnesota,Crow Wing,27035,DIABETES,Diagnosed diabetes among adults,Crude prevalence,CrdPrv,11.7,10.2,13.3,67948,54164,,
2022,MN,Minnesota,Dakota,27037,DIABETES,Diagnosed diabetes among adults,Age-adjusted prevalence,AgeAdjPrv,8.9,7.9,9.9,443341,338325,,
2022,MN,Minnesota,Dakota,27037,DIABETES,Diagnosed diabetes among adults,Crude prevalence,CrdPrv,10.2,9.0,11.3,443341,338325,,
2022,MN,Minnesota,Dodge,27039,DIABETES,Diagnosed diabetes among adults,Age-adjusted prevalence,AgeAdjPrv,8.0,6.9,9.3,20981,15784,,
2022,MN,Minnesota,Dodge,27039,DIABETES,Diagnosed diabetes among adults,Crude prevalence,CrdPrv,9.2,7.9,10.7,20981,15784,,
2022,MN,Minnesota,Douglas,27041,DIABETES,Diagnosed diabetes among adults,Age-adjusted prevalence,AgeAdjPrv,9.1,7.8,10.4,39668,31229,,
2022,MN,Minnesota,Douglas,27041,DIABETES,Diagnosed diabetes among adults,Crude prevalence,CrdPrv,12.0,10.3,13.6,39668,31229,,
2022,MN,Minnesota,Faribault,27043,DIABETES,Diagnosed diabetes among adults,Age-adjusted prevalence,AgeAdjPrv,9.0,7.7,10.4,13926,10880,,
2022,MN,Minnesota,Faribault,27043,DIABETES,Diagnosed diabetes among adults,Crude prevalence,CrdPrv,12.2,10.5,14.0,13926,10880,,
2022,MN,Minnesota,Fillmore,27045,DIABETES,Diagnosed diabetes among adults,Age-adjusted prevalence,AgeAdjPrv,9.3,8.0,10.6,21414,16233,,
2022,MN,Minnesota,Fillmore,27045,DIABETES,Diagnosed diabetes among adults,Crude prevalence,CrdPrv,12.2,10.7,14.0,21414,16233,,
2022,MN,Minnesota,Freeborn,27047,DIABETES,Diagnosed diabetes among adults,Age-adjusted prevalence,AgeAdjPrv,10.4,9.0,11.9,30718,24067,,
2022,MN,Minnesota,Freeborn,27047,DIABETES,Diagnosed diabetes among adults,Crude prevalence,CrdPrv,13.4,11.7,15.4,30718,24067,,
2022,MN,Minnesota,Goodhue,27049,DIABETES,Diagnosed diabetes among adults,Age-adjusted prevalence,AgeAdjPrv,8.3,7.2,9.5,48013,37538,,
2022,MN,Minnesota,Goodhue,27049,DIABETES,Diagnosed diabetes among adults,Crude prevalence,CrdPrv,10.4,9.0,11.8,48013,37538,,
2022,MN,Minnesota,Grant,27051,DIABETES,Diagnosed diabetes among adults,Age-adjusted prevalence,AgeAdjPrv,9.4,8.1,10.8,6136,4724,,
2022,MN,Minnesota,Grant,27051,DIABETES,Diagnosed diabetes among adults,Crude prevalence,CrdPrv,12.8,11.1,14.6,6136,4724,,
2022,MN,Minnesota,Hennepin,27053,DIABETES,Diagnosed diabetes among adults,Age-adjusted prevalence,AgeAdjPrv,7.9,7.2,8.7,1260121,991808,,
2022,MN,Minnesota,Hennepin,27053,DIABETES,Diagnosed diabetes among adults,Crude prevalence,CrdPrv,8.5,7.7,9.3,1260121,991808,,
2022,MN,Minnesota,Houston,27055,DIABETES,Diagnosed diabetes among adults,Age-adjusted prevalence,AgeAdjPrv,9.0,7.8,10.4,18800,14765,,
2022,MN,Minnesota,Houston,27055,DIABETES,Diagnosed diabetes among adults,Crude prevalence,CrdPrv,11.8,10.2,13.6,18800,14765,,
2022,MN,Minnesota,Hubbard,27057,DIABETES,Diagnosed diabetes among adults,Age-adjusted prevalence,AgeAdjPrv,8.7,7.6,10.0,21960,17386,,
2022,MN,Minnesota,Hubbard,27057,DIABETES,Diagnosed diabetes among adults,Crude prevalence,CrdPrv,12.4,10.8,14.2,21960,17386,,
2022,MN,Minnesota,Isanti,27059,DIABETES,Diagnosed diabetes among adults,Age-adjusted prevalence,AgeAdjPrv,8.6,7.4,10.0,42727,32866,,
2022,MN,Minnesota,Isanti,27059,DIABETES,Diagnosed diabetes among adults,Crude prevalence,CrdPrv,10.3,8.9,11.8,42727,32866,,
2022,MN,Minnesota,Itasca,27061,DIABETES,Diagnosed diabetes among adults,Age-adjusted prevalence,AgeAdjPrv,8.4,7.3,9.7,45205,36175,,
2022,MN,Minnesota,Itasca,27061,DIABETES,Diagnosed diabetes among adults,Crude prevalence,CrdPrv,11.7,10.1,13.5,45205,36175,,
2022,MN,Minnesota,Jackson,27063,DIABETES,Diagnosed diabetes among adults,Age-adjusted prevalence,AgeAdjPrv,8.3,7.2,9.6,9893,7801,,
2022,MN,Minnesota,Jackson,27063,DIABETES,Diagnosed diabetes among adults,Crude prevalence,CrdPrv,11.0,9.6,12.7,9893,7801,,
2022,MN,Minnesota,Kanabec,27065,DIABETES,Diagnosed diabetes among adults,Age-adjusted prevalence,AgeAdjPrv,9.2,8.0,10.5,16463,12924,,
2022,MN,Minnesota,Kanabec,27065,DIABETES,Diagnosed diabetes among adults,Crude prevalence,CrdPrv,12.0,10.4,13.6,16463,12924,,
2022,MN,Minnesota,Kandiyohi,27067,DIABETES,Diagnosed diabetes among adults,Age-adjusted prevalence,AgeAdjPrv,9.5,8.1,10.9,43839,33323,,
2022,MN,Minnesota,Kandiyohi,27067,DIABETES,Diagnosed diabetes among adults,Crude prevalence,CrdPrv,11.8,10.1,13.5,43839,33323,,
2022,MN,Minnesota,Kittson,27069,DIABETES,Diagnosed diabetes among adults,Age-adjusted prevalence,AgeAdjPrv,9.1,7.8,10.5,4059,3182,,
2022,MN,Minnesota,Kittson,27069,DIABETES,Diagnosed diabetes among adults,Crude prevalence,CrdPrv,12.6,10.9,14.6,4059,3182,,
2022,MN,Minnesota,Koochiching,27071,DIABETES,Diagnosed diabetes among adults,Age-adjusted prevalence,AgeAdjPrv,9.3,8.0,10.7,11844,9783,,
2022,MN,Minnesota,Koochiching,27071,DIABETES,Diagnosed diabetes among adults,Crude prevalence,CrdPrv,13.4,11.6,15.4,11844,9783,,
2022,MN,Minnesota,Lac qui Parle,27073,DIABETES,Diagnosed diabetes among adults,Age-adjusted prevalence,AgeAdjPrv,8.8,7.6,10.2,6689,5278,,
2022,MN,Minnesota,Lac qui Parle,27073,DIABETES,Diagnosed diabetes among adults,Crude prevalence,CrdPrv,12.7,11.0,14.6,6689,5278,,
2022,MN,Minnesota,Lake,27075,DIABETES,Diagnosed diabetes among adults,Age-adjusted prevalence,AgeAdjPrv,8.7,7.5,10.0,10939,8845,,
2022,MN,Minnesota,Lake,27075,DIABETES,Diagnosed diabetes among adults,Crude prevalence,CrdPrv,12.6,11.0,14.5,10939,8845,,
2022,MN,Minnesota,Lake of the Woods,27077,DIABETES,Diagnosed diabetes among adults,Age-adjusted prevalence,AgeAdjPrv,9.3,8.0,10.7,3871,3120,,
2022,MN,Minnesota,Lake of the Woods,27077,DIABETES,Diagnosed diabetes among adults,Crude prevalence,CrdPrv,13.0,11.2,14.9,3871,3120,,
2022,MN,Minnesota,Le Sueur,27079,DIABETES,Diagnosed diabetes among adults,Age-adjusted prevalence,AgeAdjPrv,9.4,8.2,10.9,29153,22454,,
2022,MN,Minnesota,Le Sueur,27079,DIABETES,Diagnosed diabetes among adults,Crude prevalence,CrdPrv,11.6,10.1,13.3,29153,22454,,
2022,MN,Minnesota,Lincoln,27081,DIABETES,Diagnosed diabetes among adults,Age-adjusted prevalence,AgeAdjPrv,9.2,7.9,10.6,5580,4278,,
2022,MN,Minnesota,Lincoln,27081,DIABETES,Diagnosed diabetes among adults,Crude prevalence,CrdPrv,12.4,10.8,14.2,5580,4278,,
2022,MN,Minnesota,Lyon,27083,DIABETES,Diagnosed diabetes among adults,Age-adjusted prevalence,AgeAdjPrv,9.4,8.1,10.8,25262,18614,,
2022,MN,Minnesota,Lyon,27083,DIABETES,Diagnosed diabetes among adults,Crude prevalence,CrdPrv,11.0,9.5,12.7,25262,18614,,
2022,MN,Minnesota,McLeod,27085,DIABETES,Diagnosed diabetes among adults,Age-adjusted prevalence,AgeAdjPrv,8.9,7.7,10.1,36714,28768,,
2022,MN,Minnesota,McLeod,27085,DIABETES,Diagnosed diabetes among adults,Crude prevalence,CrdPrv,10.9,9.4,12.4,36714,28768,,
2022,MN,Minnesota,Mahnomen,27087,DIABETES,Diagnosed diabetes among adults,Age-adjusted prevalence,AgeAdjPrv,13.3,11.5,15.1,5328,3642,,
2022,MN,Minnesota,Mahnomen,27087,DIABETES,Diagnosed diabetes among adults,Crude prevalence,CrdPrv,15.6,13.6,17.6,5328,3642,,
2022,MN,Minnesota,Marshall,27089,DIABETES,Diagnosed diabetes among adults,Age-adjusted prevalence,AgeAdjPrv,9.0,7.8,10.3,8861,6843,,
2022,MN,Minnesota,Marshall,27089,DIABETES,Diagnosed diabetes among adults,Crude prevalence,CrdPrv,11.7,10.1,13.4,8861,6843,,
2022,MN,Minnesota,Martin,27091,DIABETES,Diagnosed diabetes among adults,Age-adjusted prevalence,AgeAdjPrv,9.0,7.7,10.3,19650,15250,,
2022,MN,Minnesota,Martin,27091,DIABETES,Diagnosed diabetes among adults,Crude prevalence,CrdPrv,12.3,10.6,14.1,19650,15250,,
2022,MN,Minnesota,Meeker,27093,DIABETES,Diagnosed diabetes among adults,Age-adjusted prevalence,AgeAdjPrv,8.8,7.6,10.2,23496,17923,,
2022,MN,Minnesota,Meeker,27093,DIABETES,Diagnosed diabetes among adults,Crude prevalence,CrdPrv,11.1,9.6,12.8,23496,17923,,
2022,MN,Minnesota,Mille Lacs,27095,DIABETES,Diagnosed diabetes among adults,Age-adjusted prevalence,AgeAdjPrv,9.9,8.6,11.3,27280,20953,,
2022,MN,Minnesota,Mille Lacs,27095,DIABETES,Diagnosed diabetes among adults,Crude prevalence,CrdPrv,12.1,10.5,13.9,27280,20953,,
2022,MN,Minnesota,Morrison,27097,DIABETES,Diagnosed diabetes among adults,Age-adjusted prevalence,AgeAdjPrv,8.8,7.6,10.0,34246,26425,,
2022,MN,Minnesota,Morrison,27097,DIABETES,Diagnosed diabetes among adults,Crude prevalence,CrdPrv,11.4,9.9,13.0,34246,26425,,
2022,MN,Minnesota,Mower,27099,DIABETES,Diagnosed diabetes among adults,Age-adjusted prevalence,AgeAdjPrv,10.4,9.0,11.9,40140,30127,,
2022,MN,Minnesota,Mower,27099,DIABETES,Diagnosed diabetes among adults,Crude prevalence,CrdPrv,12.2,10.6,13.9,40140,30127,,
2022,MN,Minnesota,Murray,27101,DIABETES,Diagnosed diabetes among adults,Age-adjusted prevalence,AgeAdjPrv,9.5,8.2,10.9,8060,6323,,
2022,MN,Minnesota,Murray,27101,DIABETES,Diagnosed diabetes among adults,Crude prevalence,CrdPrv,13.4,11.7,15.3,8060,6323,,
2022,MN,Minnesota,Nicollet,27103,DIABETES,Diagnosed diabetes among adults,Age-adjusted prevalence,AgeAdjPrv,8.8,7.6,10.1,34441,27121,,
2022,MN,Minnesota,Nicollet,27103,DIABETES,Diagnosed diabetes among adults,Crude prevalence,CrdPrv,9.8,8.4,11.2,34441,27121,,
2022,MN,Minnesota,Nobles,27105,DIABETES,Diagnosed diabetes among adults,Age-adjusted prevalence,AgeAdjPrv,11.3,9.8,12.9,21947,15735,,
2022,MN,Minnesota,Nobles,27105,DIABETES,Diagnosed diabetes among adults,Crude prevalence,CrdPrv,13.1,11.4,14.9,21947,15735,,
2022,MN,Minnesota,Norman,27107,DIABETES,Diagnosed diabetes among adults,Age-adjusted prevalence,AgeAdjPrv,9.0,7.7,10.4,6377,4876,,
2022,MN,Minnesota,Norman,27107,DIABETES,Diagnosed diabetes among adults,Crude prevalence,CrdPrv,11.4,9.9,13.1,6377,4876,,
2022,MN,Minnesota,Olmsted,27109,DIABETES,Diagnosed diabetes among adults,Age-adjusted prevalence,AgeAdjPrv,8.7,7.5,10.0,164020,125201,,
2022,MN,Minnesota,Olmsted,27109,DIABETES,Diagnosed diabetes among adults,Crude prevalence,CrdPrv,9.8,8.4,11.3,164020,125201,,
2022,MN,Minnesota,Otter Tail,27111,DIABETES,Diagnosed diabetes among adults,Age-adjusted prevalence,AgeAdjPrv,10.1,8.9,11.5,60519,47527,,
2022,MN,Minnesota,Otter Tail,27111,DIABETES,Diagnosed diabetes among adults,Crude prevalence,CrdPrv,13.9,12.2,15.7,60519,47527,,
2022,MN,Minnesota,Pennington,27113,DIABETES,Diagnosed diabetes among adults,Age-adjusted prevalence,AgeAdjPrv,8.8,7.6,10.2,13845,10760,,
2022,MN,Minnesota,Pennington,27113,DIABETES,Diagnosed diabetes among adults,Crude prevalence,CrdPrv,10.8,9.4,12.5,13845,10760,,
2022,MN,Minnesota,Pine,27115,DIABETES,Diagnosed diabetes among adults,Age-adjusted prevalence,AgeAdjPrv,9.6,8.3,11.0,29446,23777,,
2022,MN,Minnesota,Pine,27115,DIABETES,Diagnosed diabetes among adults,Crude prevalence,CrdPrv,12.7,11.0,14.6,29446,23777,,
2022,MN,Minnesota,Pipestone,27117,DIABETES,Diagnosed diabetes among adults,Age-adjusted prevalence,AgeAdjPrv,9.5,8.2,10.9,9355,6833,,
2022,MN,Minnesota,Pipestone,27117,DIABETES,Diagnosed diabetes among adults,Crude prevalence,CrdPrv,12.1,10.5,13.9,9355,6833,,
2022,MN,Minnesota,Polk,27119,DIABETES,Diagnosed diabetes among adults,Age-adjusted prevalence,AgeAdjPrv,9.3,8.0,10.5,30731,23218,,
2022,MN,Minnesota,Polk,27119,DIABETES,Diagnosed diabetes among adults,Crude prevalence,CrdPrv,11.3,9.8,12.8,30731,23218,,
2022,MN,Minnesota,Pope,27121,DIABETES,Diagnosed diabetes among adults,Age-adjusted prevalence,AgeAdjPrv,8.8,7.6,10.2,11431,8963,,
2022,MN,Minnesota,Pope,27121,DIABETES,Diagnosed diabetes among adults,Crude prevalence,CrdPrv,12.1,10.4,13.8,11431,8963,,
2022,MN,Minnesota,Ramsey,27123,DIABETES,Diagnosed diabetes among adults,Age-adjusted prevalence,AgeAdjPrv,9.8,8.8,11.0,536413,413897,,
2022,MN,Minnesota,Ramsey,27123,DIABETES,Diagnosed diabetes among adults,Crude prevalence,CrdPrv,10.5,9.4,11.7,536413,413897,,
2022,MN,Minnesota,Red Lake,27125,DIABETES,Diagnosed diabetes among adults,Age-adjusted prevalence,AgeAdjPrv,9.6,8.3,11.0,3874,2963,,
2022,MN,Minnesota,Red Lake,27125,DIABETES,Diagnosed diabetes among adults,Crude prevalence,CrdPrv,12.8,11.0,14.6,3874,2963,,
2022,MN,Minnesota,Redwood,27127,DIABETES,Diagnosed diabetes among adults,Age-adjusted prevalence,AgeAdjPrv,9.2,7.9,10.6,15361,11530,,
2022,MN,Minnesota,Redwood,27127,DIABETES,Diagnosed diabetes among adults,Crude prevalence,CrdPrv,11.6,10.0,13.2,15361,11530,,
2022,MN,Minnesota,Renville,27129,DIABETES,Diagnosed diabetes among adults,Age-adjusted prevalence,AgeAdjPrv,9.8,8.4,11.3,14525,11183,,
2022,MN,Minnesota,Renville,27129,DIABETES,Diagnosed diabetes among adults,Crude prevalence,CrdPrv,12.6,10.9,14.5,14525,11183,,
2022,MN,Minnesota,Rice,27131,DIABETES,Diagnosed diabetes among adults,Age-adjusted prevalence,AgeAdjPrv,9.0,7.9,10.4,67693,53549,,
2022,MN,Minnesota,Rice,27131,DIABETES,Diagnosed diabetes among adults,Crude prevalence,CrdPrv,9.9,8.6,11.3,67693,53549,,
2022,MN,Minnesota,Rock,27133,DIABETES,Diagnosed diabetes among adults,Age-adjusted prevalence,AgeAdjPrv,9.1,7.8,10.5,9537,7248,,
2022,MN,Minnesota,Rock,27133,DIABETES,Diagnosed diabetes among adults,Crude prevalence,CrdPrv,11.4,9.8,13.1,9537,7248,,
2022,MN,Minnesota,Roseau,27135,DIABETES,Diagnosed diabetes among adults,Age-adjusted prevalence,AgeAdjPrv,8.6,7.4,9.9,15292,11686,,
2022,MN,Minnesota,Roseau,27135,DIABETES,Diagnosed diabetes among adults,Crude prevalence,CrdPrv,11.2,9.7,12.9,15292,11686,,
2022,MN,Minnesota,St. Louis,27137,DIABETES,Diagnosed diabetes among adults,Age-adjusted prevalence,AgeAdjPrv,9.2,8.1,10.4,199532,162877,,
2022,MN,Minnesota,St. Louis,27137,DIABETES,Diagnosed diabetes among adults,Crude prevalence,CrdPrv,11.0,9.8,12.4,199532,162877,,
2022,MN,Minnesota,Scott,27139,DIABETES,Diagnosed diabetes among adults,Age-adjusted prevalence,AgeAdjPrv,8.4,7.3,9.5,154520,114931,,
2022,MN,Minnesota,Scott,27139,DIABETES,Diagnosed diabetes among adults,Crude prevalence,CrdPrv,9.1,7.9,10.4,154520,114931,,
2022,MN,Minnesota,Sherburne,27141,DIABETES,Diagnosed diabetes among adults,Age-adjusted prevalence,AgeAdjPrv,8.6,7.4,9.8,100824,75019,,
2022,MN,Minnesota,Sherburne,27141,DIABETES,Diagnosed diabetes among adults,Crude prevalence,CrdPrv,9.1,7.9,10.4,100824,75019,,
2022,MN,Minnesota,Sibley,27143,DIABETES,Diagnosed diabetes among adults,Age-adjusted prevalence,AgeAdjPrv,9.2,7.9,10.6,14955,11606,,
2022,MN,Minnesota,Sibley,27143,DIABETES,Diagnosed diabetes among adults,Crude prevalence,CrdPrv,11.4,9.8,13.2,14955,11606,,
2022,MN,Minnesota,Stearns,27145,DIABETES,Diagnosed diabetes among adults,Age-adjusted prevalence,AgeAdjPrv,9.6,8.4,10.9,160405,123115,,
2022,MN,Minnesota,Stearns,27145,DIABETES,Diagnosed diabetes among adults,Crude prevalence,CrdPrv,10.4,9.0,11.7,160405,123115,,
2022,MN,Minnesota,Steele,27147,DIABETES,Diagnosed diabetes among adults,Age-adjusted prevalence,AgeAdjPrv,8.8,7.6,10.1,37398,28412,,
2022,MN,Minnesota,Steele,27147,DIABETES,Diagnosed diabetes among adults,Crude prevalence,CrdPrv,11.0,9.5,12.5,37398,28412,,
2022,MN,Minnesota,Stevens,27149,DIABETES,Diagnosed diabetes among adults,Age-adjusted prevalence,AgeAdjPrv,9.4,8.0,10.8,9637,7486,,
2022,MN,Minnesota,Stevens,27149,DIABETES,Diagnosed diabetes among adults,Crude prevalence,CrdPrv,9.7,8.3,11.2,9637,7486,,
2022,MN,Minnesota,Swift,27151,DIABETES,Diagnosed diabetes among adults,Age-adjusted prevalence,AgeAdjPrv,9.7,8.4,11.2,9755,7572,,
2022,MN,Minnesota,Swift,27151,DIABETES,Diagnosed diabetes among adults,Crude prevalence,CrdPrv,12.4,10.8,14.3,9755,7572,,
2022,MN,Minnesota,Todd,27153,DIABETES,Diagnosed diabetes among adults,Age-adjusted prevalence,AgeAdjPrv,9.5,8.3,11.0,25538,19447,,
2022,MN,Minnesota,Todd,27153,DIABETES,Diagnosed diabetes among adults,Crude prevalence,CrdPrv,13.0,11.3,14.9,25538,19447,,
2022,MN,Minnesota,Traverse,27155,DIABETES,Diagnosed diabetes among adults,Age-adjusted prevalence,AgeAdjPrv,9.2,7.9,10.5,3275,2555,,
2022,MN,Minnesota,Traverse,27155,DIABETES,Diagnosed diabetes among adults,Crude prevalence,CrdPrv,12.6,10.8,14.4,3275,2555,,
2022,MN,Minnesota,Wabasha,27157,DIABETES,Diagnosed diabetes among adults,Age-adjusted prevalence,AgeAdjPrv,8.0,6.9,9.3,21658,16977,,
2022,MN,Minnesota,Wabasha,27157,DIABETES,Diagnosed diabetes among adults,Crude prevalence,CrdPrv,10.9,9.4,12.6,21658,16977,,
2022,MN,Minnesota,Wadena,27159,DIABETES,Diagnosed diabetes among adults,Age-adjusted prevalence,AgeAdjPrv,9.8,8.4,11.2,14307,10540,,
2022,MN,Minnesota,Wadena,27159,DIABETES,Diagnosed diabetes among adults,Crude prevalence,CrdPrv,12.4,10.7,14.2,14307,10540,,
2022,MN,Minnesota,Waseca,27161,DIABETES,Diagnosed diabetes among adults,Age-adjusted prevalence,AgeAdjPrv,8.7,7.6,10.0,18893,14645,,
2022,MN,Minnesota,Waseca,27161,DIABETES,Diagnosed diabetes among adults,Crude prevalence,CrdPrv,10.4,9.0,11.9,18893,14645,,
2022,MN,Minnesota,Washington,27163,DIABETES,Diagnosed diabetes among adults,Age-adjusted prevalence,AgeAdjPrv,7.1,6.2,8.0,275912,210397,,
2022,MN,Minnesota,Washington,27163,DIABETES,Diagnosed diabetes among adults,Crude prevalence,CrdPrv,8.3,7.3,9.4,275912,210397,,
2022,MN,Minnesota,Watonwan,27165,DIABETES,Diagnosed diabetes among adults,Age-adjusted prevalence,AgeAdjPrv,10.3,8.9,11.8,11075,8286,,
2022,MN,Minnesota,Watonwan,27165,DIABETES,Diagnosed diabetes among adults,Crude prevalence,CrdPrv,12.7,11.1,14.6,11075,8286,,
2022,MN,Minnesota,Wilkin,27167,DIABETES,Diagnosed diabetes among adults,Age-adjusted prevalence,AgeAdjPrv,9.3,8.0,10.7,6350,4911,,
2022,MN,Minnesota,Wilkin,27167,DIABETES,Diagnosed diabetes among adults,Crude prevalence,CrdPrv,11.8,10.2,13.6,6350,4911,,
2022,MN,Minnesota,Winona,27169,DIABETES,Diagnosed diabetes among adults,Age-adjusted prevalence,AgeAdjPrv,8.9,7.6,10.1,49478,40896,,
2022,MN,Minnesota,Winona,27169,DIABETES,Diagnosed diabetes among adults,Crude prevalence,CrdPrv,9.4,8.1,10.7,49478,40896,,
2022,MN,Minnesota,Wright,27171,DIABETES,Diagnosed diabetes among adults,Age-adjusted prevalence,AgeAdjPrv,8.5,7.4,9.7,148003,108139,,
2022,MN,Minnesota,Wright,27171,DIABETES,Diagnosed diabetes among adults,Crude prevalence,CrdPrv,9.6,8.3,10.9,148003,108139,,
2022,MN,Minnesota,Yellow Medicine,27173,DIABETES,Diagnosed diabetes among adults,Age-adjusted prevalence,AgeAdjPrv,9.4,8.1,10.9,9486,7288,,
2022,MN,Minnesota,Yellow Medicine,27173,DIABETES,Diagnosed diabetes among adults,Crude prevalence,CrdPrv,12.0,10.4,13.8,9486,7288,,
2022,MS,Mississippi,Adams,28001,DIABETES,Diagnosed diabetes among adults,Age-adjusted prevalence,AgeAdjPrv,16.0,14.1,18.2,28408,22639,,
2022,MS,Mississippi,Adams,28001,DIABETES,Diagnosed diabetes among adults,Crude prevalence,CrdPrv,20.0,17.7,22.5,28408,22639,,
2022,MS,Mississippi,Alcorn,28003,DIABETES,Diagnosed diabetes among adults,Age-adjusted prevalence,AgeAdjPrv,12.3,10.6,14.1,34204,26597,,
2022,MS,Mississippi,Alcorn,28003,DIABETES,Diagnosed diabetes among adults,Crude prevalence,CrdPrv,14.8,12.8,16.8,34204,26597,,
2022,MS,Mississippi,Amite,28005,DIABETES,Diagnosed diabetes among adults,Age-adjusted prevalence,AgeAdjPrv,15.0,13.0,17.0,12619,10055,,
2022,MS,Mississippi,Amite,28005,DIABETES,Diagnosed diabetes among adults,Crude prevalence,CrdPrv,20.5,17.9,23.1,12619,10055,,
2022,MS,Mississippi,Attala,28007,DIABETES,Diagnosed diabetes among adults,Age-adjusted prevalence,AgeAdjPrv,14.6,12.7,16.6,17509,13130,,
2022,MS,Mississippi,Attala,28007,DIABETES,Diagnosed diabetes among adults,Crude prevalence,CrdPrv,17.7,15.4,20.0,17509,13130,,
2022,MS,Mississippi,Benton,28009,DIABETES,Diagnosed diabetes among adults,Age-adjusted prevalence,AgeAdjPrv,13.8,12.0,15.9,7550,5979,,
2022,MS,Mississippi,Benton,28009,DIABETES,Diagnosed diabetes among adults,Crude prevalence,CrdPrv,17.0,14.9,19.5,7550,5979,,
2022,MS,Mississippi,Bolivar,28011,DIABETES,Diagnosed diabetes among adults,Age-adjusted prevalence,AgeAdjPrv,15.5,13.6,17.5,29370,22209,,
2022,MS,Mississippi,Bolivar,28011,DIABETES,Diagnosed diabetes among adults,Crude prevalence,CrdPrv,17.6,15.5,19.8,29370,22209,,
2022,MS,Mississippi,Calhoun,28013,DIABETES,Diagnosed diabetes among adults,Age-adjusted prevalence,AgeAdjPrv,14.2,12.3,16.2,12781,9957,,
2022,MS,Mississippi,Calhoun,28013,DIABETES,Diagnosed diabetes among adults,Crude prevalence,CrdPrv,17.5,15.2,19.9,12781,9957,,
2022,MS,Mississippi,Carroll,28015,DIABETES,Diagnosed diabetes among adults,Age-adjusted prevalence,AgeAdjPrv,14.8,12.9,16.9,9731,8062,,
2022,MS,Mississippi,Carroll,28015,DIABETES,Diagnosed diabetes among adults,Crude prevalence,CrdPrv,19.1,16.7,21.5,9731,8062,,
2022,MS,Mississippi,Chickasaw,28017,DIABETES,Diagnosed diabetes among adults,Age-adjusted prevalence,AgeAdjPrv,15.1,13.1,17.2,16812,12664,,
2022,MS,Mississippi,Chickasaw,28017,DIABETES,Diagnosed diabetes among adults,Crude prevalence,CrdPrv,17.7,15.4,20.0,16812,12664,,
2022,MS,Mississippi,Choctaw,28019,DIABETES,Diagnosed diabetes among adults,Age-adjusted prevalence,AgeAdjPrv,12.7,11.0,14.5,8037,6355,,
2022,MS,Mississippi,Choctaw,28019,DIABETES,Diagnosed diabetes among adults,Crude prevalence,CrdPrv,16.5,14.3,18.7,8037,6355,,
2022,MS,Mississippi,Claiborne,28021,DIABETES,Diagnosed diabetes among adults,Age-adjusted prevalence,AgeAdjPrv,18.2,16.0,20.5,8805,6919,,
2022,MS,Mississippi,Claiborne,28021,DIABETES,Diagnosed diabetes among adults,Crude prevalence,CrdPrv,19.6,17.2,21.9,8805,6919,,
2022,MS,Mississippi,Clarke,28023,DIABETES,Diagnosed diabetes among adults,Age-adjusted prevalence,AgeAdjPrv,13.6,11.8,15.5,15271,11895,,
2022,MS,Mississippi,Clarke,28023,DIABETES,Diagnosed diabetes among adults,Crude prevalence,CrdPrv,17.2,15.0,19.5,15271,11895,,
2022,MS,Mississippi,Clay,28025,DIABETES,Diagnosed diabetes among adults,Age-adjusted prevalence,AgeAdjPrv,16.0,14.0,18.2,18380,14241,,
2022,MS,Mississippi,Clay,28025,DIABETES,Diagnosed diabetes among adults,Crude prevalence,CrdPrv,18.8,16.6,21.3,18380,14241,,
2022,MS,Mississippi,Coahoma,28027,DIABETES,Diagnosed diabetes among adults,Age-adjusted prevalence,AgeAdjPrv,19.0,16.8,21.5,20197,14716,,
2022,MS,Mississippi,Coahoma,28027,DIABETES,Diagnosed diabetes among adults,Crude prevalence,CrdPrv,21.7,19.2,24.3,20197,14716,,
2022,MS,Mississippi,Copiah,28029,DIABETES,Diagnosed diabetes among adults,Age-adjusted prevalence,AgeAdjPrv,14.7,12.7,17.0,27719,21622,,
2022,MS,Mississippi,Copiah,28029,DIABETES,Diagnosed diabetes among adults,Crude prevalence,CrdPrv,17.6,15.3,20.1,27719,21622,,
2022,MS,Mississippi,Covington,28031,DIABETES,Diagnosed diabetes among adults,Age-adjusted prevalence,AgeAdjPrv,13.7,11.9,15.6,18098,13625,,
2022,MS,Mississippi,Covington,28031,DIABETES,Diagnosed diabetes among adults,Crude prevalence,CrdPrv,16.0,13.9,18.2,18098,13625,,
2022,MS,Mississippi,DeSoto,28033,DIABETES,Diagnosed diabetes among adults,Age-adjusted prevalence,AgeAdjPrv,11.3,9.7,12.9,191723,144155,,
2022,MS,Mississippi,DeSoto,28033,DIABETES,Diagnosed diabetes among adults,Crude prevalence,CrdPrv,12.2,10.6,13.9,191723,144155,,
2022,MS,Mississippi,Forrest,28035,DIABETES,Diagnosed diabetes among adults,Age-adjusted prevalence,AgeAdjPrv,13.6,11.9,15.5,78110,60593,,
2022,MS,Mississippi,Forrest,28035,DIABETES,Diagnosed diabetes among adults,Crude prevalence,CrdPrv,13.1,11.4,14.9,78110,60593,,
2022,MS,Mississippi,Franklin,28037,DIABETES,Diagnosed diabetes among adults,Age-adjusted prevalence,AgeAdjPrv,14.0,12.1,16.0,7642,5885,,
2022,MS,Mississippi,Franklin,28037,DIABETES,Diagnosed diabetes among adults,Crude prevalence,CrdPrv,17.4,15.1,19.9,7642,5885,,
2022,MS,Mississippi,George,28039,DIABETES,Diagnosed diabetes among adults,Age-adjusted prevalence,AgeAdjPrv,12.1,10.5,13.9,25206,18519,,
2022,MS,Mississippi,George,28039,DIABETES,Diagnosed diabetes among adults,Crude prevalence,CrdPrv,13.6,11.8,15.7,25206,18519,,
2022,MS,Mississippi,Greene,28041,DIABETES,Diagnosed diabetes among adults,Age-adjusted prevalence,AgeAdjPrv,13.1,11.3,15.0,13552,11055,,
2022,MS,Mississippi,Greene,28041,DIABETES,Diagnosed diabetes among adults,Crude prevalence,CrdPrv,13.8,12.0,15.8,13552,11055,,
2022,MS,Mississippi,Grenada,28043,DIABETES,Diagnosed diabetes among adults,Age-adjusted prevalence,AgeAdjPrv,14.7,12.8,16.8,21088,16046,,
2022,MS,Mississippi,Grenada,28043,DIABETES,Diagnosed diabetes among adults,Crude prevalence,CrdPrv,17.4,15.2,19.8,21088,16046,,
2022,MS,Mississippi,Hancock,28045,DIABETES,Diagnosed diabetes among adults,Age-adjusted prevalence,AgeAdjPrv,11.2,9.7,12.9,46094,37424,,
2022,MS,Mississippi,Hancock,28045,DIABETES,Diagnosed diabetes among adults,Crude prevalence,CrdPrv,14.7,12.8,16.8,46094,37424,,
2022,MS,Mississippi,Harrison,28047,DIABETES,Diagnosed diabetes among adults,Age-adjusted prevalence,AgeAdjPrv,12.3,10.7,14.0,211044,161954,,
2022,MS,Mississippi,Harrison,28047,DIABETES,Diagnosed diabetes among adults,Crude prevalence,CrdPrv,13.9,12.1,15.8,211044,161954,,
2022,MS,Mississippi,Hinds,28049,DIABETES,Diagnosed diabetes among adults,Age-adjusted prevalence,AgeAdjPrv,16.1,14.1,18.2,217730,167418,,
2022,MS,Mississippi,Hinds,28049,DIABETES,Diagnosed diabetes among adults,Crude prevalence,CrdPrv,17.5,15.4,19.7,217730,167418,,
2022,MS,Mississippi,Holmes,28051,DIABETES,Diagnosed diabetes among adults,Age-adjusted prevalence,AgeAdjPrv,19.6,17.1,22.0,16121,12171,,
2022,MS,Mississippi,Holmes,28051,DIABETES,Diagnosed diabetes among adults,Crude prevalence,CrdPrv,21.7,19.2,24.3,16121,12171,,
2022,MS,Mississippi,Humphreys,28053,DIABETES,Diagnosed diabetes among adults,Age-adjusted prevalence,AgeAdjPrv,20.1,17.8,22.5,7333,5516,,
2022,MS,Mississippi,Humphreys,28053,DIABETES,Diagnosed diabetes among adults,Crude prevalence,CrdPrv,23.7,21.1,26.4,7333,5516,,
2022,MS,Mississippi,Issaquena,28055,DIABETES,Diagnosed diabetes among adults,Age-adjusted prevalence,AgeAdjPrv,16.4,14.2,18.5,1273,1175,,
2022,MS,Mississippi,Issaquena,28055,DIABETES,Diagnosed diabetes among adults,Crude prevalence,CrdPrv,15.7,13.7,17.8,1273,1175,,
2022,MS,Mississippi,Itawamba,28057,DIABETES,Diagnosed diabetes among adults,Age-adjusted prevalence,AgeAdjPrv,11.4,9.8,13.1,23903,18903,,
2022,MS,Mississippi,Itawamba,28057,DIABETES,Diagnosed diabetes among adults,Crude prevalence,CrdPrv,12.8,11.0,14.7,23903,18903,,
2022,MS,Mississippi,Jackson,28059,DIABETES,Diagnosed diabetes among adults,Age-adjusted prevalence,AgeAdjPrv,11.4,9.9,13.0,144975,112299,,
2022,MS,Mississippi,Jackson,28059,DIABETES,Diagnosed diabetes among adults,Crude prevalence,CrdPrv,13.2,11.5,15.0,144975,112299,,
2022,MS,Mississippi,Jasper,28061,DIABETES,Diagnosed diabetes among adults,Age-adjusted prevalence,AgeAdjPrv,14.7,12.8,16.8,16167,12480,,
2022,MS,Mississippi,Jasper,28061,DIABETES,Diagnosed diabetes among adults,Crude prevalence,CrdPrv,18.3,16.0,20.8,16167,12480,,
2022,MS,Mississippi,Jefferson,28063,DIABETES,Diagnosed diabetes among adults,Age-adjusted prevalence,AgeAdjPrv,18.8,16.5,21.1,7087,5529,,
2022,MS,Mississippi,Jefferson,28063,DIABETES,Diagnosed diabetes among adults,Crude prevalence,CrdPrv,22.1,19.4,24.8,7087,5529,,
2022,MS,Mississippi,Jefferson Davis,28065,DIABETES,Diagnosed diabetes among adults,Age-adjusted prevalence,AgeAdjPrv,15.6,13.5,17.6,11088,8875,,
2022,MS,Mississippi,Jefferson Davis,28065,DIABETES,Diagnosed diabetes among adults,Crude prevalence,CrdPrv,20.2,17.6,22.6,11088,8875,,
2022,MS,Mississippi,Jones,28067,DIABETES,Diagnosed diabetes among adults,Age-adjusted prevalence,AgeAdjPrv,12.6,11.0,14.4,66569,50242,,
2022,MS,Mississippi,Jones,28067,DIABETES,Diagnosed diabetes among adults,Crude prevalence,CrdPrv,14.9,13.0,16.9,66569,50242,,
2022,MS,Mississippi,Kemper,28069,DIABETES,Diagnosed diabetes among adults,Age-adjusted prevalence,AgeAdjPrv,15.0,13.1,17.2,8654,7134,,
2022,MS,Mississippi,Kemper,28069,DIABETES,Diagnosed diabetes among adults,Crude prevalence,CrdPrv,17.5,15.3,19.8,8654,7134,,
2022,MS,Mississippi,Lafayette,28071,DIABETES,Diagnosed diabetes among adults,Age-adjusted prevalence,AgeAdjPrv,11.8,10.1,13.4,57615,47293,,
2022,MS,Mississippi,Lafayette,28071,DIABETES,Diagnosed diabetes among adults,Crude prevalence,CrdPrv,10.9,9.4,12.4,57615,47293,,
2022,MS,Mississippi,Lamar,28073,DIABETES,Diagnosed diabetes among adults,Age-adjusted prevalence,AgeAdjPrv,11.4,9.9,13.1,65783,50052,,
2022,MS,Mississippi,Lamar,28073,DIABETES,Diagnosed diabetes among adults,Crude prevalence,CrdPrv,12.5,10.9,14.3,65783,50052,,
2022,MS,Mississippi,Lauderdale,28075,DIABETES,Diagnosed diabetes among adults,Age-adjusted prevalence,AgeAdjPrv,14.3,12.5,16.3,70904,54382,,
2022,MS,Mississippi,Lauderdale,28075,DIABETES,Diagnosed diabetes among adults,Crude prevalence,CrdPrv,16.5,14.5,18.7,70904,54382,,
2022,MS,Mississippi,Lawrence,28077,DIABETES,Diagnosed diabetes among adults,Age-adjusted prevalence,AgeAdjPrv,14.5,12.7,16.4,11713,8918,,
2022,MS,Mississippi,Lawrence,28077,DIABETES,Diagnosed diabetes among adults,Crude prevalence,CrdPrv,17.9,15.7,20.2,11713,8918,,
2022,MS,Mississippi,Leake,28079,DIABETES,Diagnosed diabetes among adults,Age-adjusted prevalence,AgeAdjPrv,15.4,13.4,17.4,21135,16333,,
2022,MS,Mississippi,Leake,28079,DIABETES,Diagnosed diabetes among adults,Crude prevalence,CrdPrv,18.1,15.8,20.4,21135,16333,,
2022,MS,Mississippi,Lee,28081,DIABETES,Diagnosed diabetes among adults,Age-adjusted prevalence,AgeAdjPrv,12.5,10.8,14.3,82959,62379,,
2022,MS,Mississippi,Lee,28081,DIABETES,Diagnosed diabetes among adults,Crude prevalence,CrdPrv,14.1,12.2,16.0,82959,62379,,
2022,MS,Mississippi,Leflore,28083,DIABETES,Diagnosed diabetes among adults,Age-adjusted prevalence,AgeAdjPrv,18.9,16.5,21.3,26570,19181,,
2022,MS,Mississippi,Leflore,28083,DIABETES,Diagnosed diabetes among adults,Crude prevalence,CrdPrv,20.6,18.1,23.1,26570,19181,,
2022,MS,Mississippi,Lincoln,28085,DIABETES,Diagnosed diabetes among adults,Age-adjusted prevalence,AgeAdjPrv,13.6,11.9,15.6,34717,26769,,
2022,MS,Mississippi,Lincoln,28085,DIABETES,Diagnosed diabetes among adults,Crude prevalence,CrdPrv,16.0,14.1,18.3,34717,26769,,
2022,MS,Mississippi,Lowndes,28087,DIABETES,Diagnosed diabetes among adults,Age-adjusted prevalence,AgeAdjPrv,13.6,11.9,15.5,57603,43961,,
2022,MS,Mississippi,Lowndes,28087,DIABETES,Diagnosed diabetes among adults,Crude prevalence,CrdPrv,15.5,13.6,17.6,57603,43961,,
2022,MS,Mississippi,Madison,28089,DIABETES,Diagnosed diabetes among adults,Age-adjusted prevalence,AgeAdjPrv,10.7,9.2,12.4,111113,84529,,
2022,MS,Mississippi,Madison,28089,DIABETES,Diagnosed diabetes among adults,Crude prevalence,CrdPrv,12.0,10.3,13.8,111113,84529,,
2022,MS,Mississippi,Marion,28091,DIABETES,Diagnosed diabetes among adults,Age-adjusted prevalence,AgeAdjPrv,14.1,12.3,16.2,24050,18536,,
2022,MS,Mississippi,Marion,28091,DIABETES,Diagnosed diabetes among adults,Crude prevalence,CrdPrv,16.8,14.6,19.1,24050,18536,,
2022,MS,Mississippi,Marshall,28093,DIABETES,Diagnosed diabetes among adults,Age-adjusted prevalence,AgeAdjPrv,14.6,12.7,16.6,34110,27040,,
2022,MS,Mississippi,Marshall,28093,DIABETES,Diagnosed diabetes among adults,Crude prevalence,CrdPrv,17.2,15.0,19.4,34110,27040,,
2022,MS,Mississippi,Monroe,28095,DIABETES,Diagnosed diabetes among adults,Age-adjusted prevalence,AgeAdjPrv,13.5,11.7,15.3,33577,26021,,
2022,MS,Mississippi,Monroe,28095,DIABETES,Diagnosed diabetes among adults,Crude prevalence,CrdPrv,16.6,14.4,18.7,33577,26021,,
2022,MS,Mississippi,Montgomery,28097,DIABETES,Diagnosed diabetes among adults,Age-adjusted prevalence,AgeAdjPrv,16.1,14.1,18.2,9530,7375,,
2022,MS,Mississippi,Montgomery,28097,DIABETES,Diagnosed diabetes among adults,Crude prevalence,CrdPrv,20.8,18.4,23.4,9530,7375,,
2022,MS,Mississippi,Neshoba,28099,DIABETES,Diagnosed diabetes among adults,Age-adjusted prevalence,AgeAdjPrv,14.8,12.9,16.8,28673,20727,,
2022,MS,Mississippi,Neshoba,28099,DIABETES,Diagnosed diabetes among adults,Crude prevalence,CrdPrv,16.7,14.6,18.9,28673,20727,,
2022,MS,Mississippi,Newton,28101,DIABETES,Diagnosed diabetes among adults,Age-adjusted prevalence,AgeAdjPrv,14.2,12.3,16.1,21029,15905,,
2022,MS,Mississippi,Newton,28101,DIABETES,Diagnosed diabetes among adults,Crude prevalence,CrdPrv,16.1,14.0,18.2,21029,15905,,
2022,MS,Mississippi,Noxubee,28103,DIABETES,Diagnosed diabetes among adults,Age-adjusted prevalence,AgeAdjPrv,16.7,14.7,18.9,9990,7455,,
2022,MS,Mississippi,Noxubee,28103,DIABETES,Diagnosed diabetes among adults,Crude prevalence,CrdPrv,19.5,17.2,21.9,9990,7455,,
2022,MS,Mississippi,Oktibbeha,28105,DIABETES,Diagnosed diabetes among adults,Age-adjusted prevalence,AgeAdjPrv,14.4,12.6,16.4,51427,42620,,
2022,MS,Mississippi,Oktibbeha,28105,DIABETES,Diagnosed diabetes among adults,Crude prevalence,CrdPrv,11.1,9.7,12.6,51427,42620,,
2022,MS,Mississippi,Panola,28107,DIABETES,Diagnosed diabetes among adults,Age-adjusted prevalence,AgeAdjPrv,15.5,13.5,17.5,32661,24739,,
2022,MS,Mississippi,Panola,28107,DIABETES,Diagnosed diabetes among adults,Crude prevalence,CrdPrv,18.3,16.0,20.6,32661,24739,,
2022,MS,Mississippi,Pearl River,28109,DIABETES,Diagnosed diabetes among adults,Age-adjusted prevalence,AgeAdjPrv,11.4,9.8,13.1,57261,44356,,
2022,MS,Mississippi,Pearl River,28109,DIABETES,Diagnosed diabetes among adults,Crude prevalence,CrdPrv,13.8,11.9,15.9,57261,44356,,
2022,MS,Mississippi,Perry,28111,DIABETES,Diagnosed diabetes among adults,Age-adjusted prevalence,AgeAdjPrv,14.0,12.0,15.8,11368,8866,,
2022,MS,Mississippi,Perry,28111,DIABETES,Diagnosed diabetes among adults,Crude prevalence,CrdPrv,17.0,14.7,19.1,11368,8866,,
2022,MS,Mississippi,Pike,28113,DIABETES,Diagnosed diabetes among adults,Age-adjusted prevalence,AgeAdjPrv,16.0,14.0,18.1,39644,29629,,
2022,MS,Mississippi,Pike,28113,DIABETES,Diagnosed diabetes among adults,Crude prevalence,CrdPrv,18.3,16.1,20.6,39644,29629,,
2022,MS,Mississippi,Pontotoc,28115,DIABETES,Diagnosed diabetes among adults,Age-adjusted prevalence,AgeAdjPrv,11.9,10.2,13.7,31389,23223,,
2022,MS,Mississippi,Pontotoc,28115,DIABETES,Diagnosed diabetes among adults,Crude prevalence,CrdPrv,13.1,11.3,15.0,31389,23223,,
2022,MS,Mississippi,Prentiss,28117,DIABETES,Diagnosed diabetes among adults,Age-adjusted prevalence,AgeAdjPrv,11.8,10.2,13.5,24792,19332,,
2022,MS,Mississippi,Prentiss,28117,DIABETES,Diagnosed diabetes among adults,Crude prevalence,CrdPrv,13.3,11.5,15.2,24792,19332,,
2022,MS,Mississippi,Quitman,28119,DIABETES,Diagnosed diabetes among adults,Age-adjusted prevalence,AgeAdjPrv,18.4,16.2,20.9,5701,4388,,
2022,MS,Mississippi,Quitman,28119,DIABETES,Diagnosed diabetes among adults,Crude prevalence,CrdPrv,21.6,19.1,24.4,5701,4388,,
2022,MS,Mississippi,Rankin,28121,DIABETES,Diagnosed diabetes among adults,Age-adjusted prevalence,AgeAdjPrv,10.6,9.2,12.2,158979,123960,,
2022,MS,Mississippi,Rankin,28121,DIABETES,Diagnosed diabetes among adults,Crude prevalence,CrdPrv,12.0,10.4,13.8,158979,123960,,
2022,MS,Mississippi,Scott,28123,DIABETES,Diagnosed diabetes among adults,Age-adjusted prevalence,AgeAdjPrv,15.8,13.9,17.8,27707,20035,,
2022,MS,Mississippi,Scott,28123,DIABETES,Diagnosed diabetes among adults,Crude prevalence,CrdPrv,18.3,16.2,20.6,27707,20035,,
2022,MS,Mississippi,Sharkey,28125,DIABETES,Diagnosed diabetes among adults,Age-adjusted prevalence,AgeAdjPrv,18.9,16.7,21.3,3488,2649,,
2022,MS,Mississippi,Sharkey,28125,DIABETES,Diagnosed diabetes among adults,Crude prevalence,CrdPrv,24.1,21.4,27.0,3488,2649,,
2022,MS,Mississippi,Simpson,28127,DIABETES,Diagnosed diabetes among adults,Age-adjusted prevalence,AgeAdjPrv,13.2,11.4,15.1,25587,19705,,
2022,MS,Mississippi,Simpson,28127,DIABETES,Diagnosed diabetes among adults,Crude prevalence,CrdPrv,16.0,14.0,18.3,25587,19705,,
2022,MS,Mississippi,Smith,28129,DIABETES,Diagnosed diabetes among adults,Age-adjusted prevalence,AgeAdjPrv,13.5,11.6,15.7,14092,10891,,
2022,MS,Mississippi,Smith,28129,DIABETES,Diagnosed diabetes among adults,Crude prevalence,CrdPrv,16.6,14.3,19.2,14092,10891,,
2022,MS,Mississippi,Stone,28131,DIABETES,Diagnosed diabetes among adults,Age-adjusted prevalence,AgeAdjPrv,12.8,11.0,14.5,18669,14687,,
2022,MS,Mississippi,Stone,28131,DIABETES,Diagnosed diabetes among adults,Crude prevalence,CrdPrv,14.8,12.8,16.8,18669,14687,,
2022,MS,Mississippi,Sunflower,28133,DIABETES,Diagnosed diabetes among adults,Age-adjusted prevalence,AgeAdjPrv,17.4,15.4,19.6,24811,19533,,
2022,MS,Mississippi,Sunflower,28133,DIABETES,Diagnosed diabetes among adults,Crude prevalence,CrdPrv,18.3,16.2,20.5,24811,19533,,
2022,MS,Mississippi,Tallahatchie,28135,DIABETES,Diagnosed diabetes among adults,Age-adjusted prevalence,AgeAdjPrv,16.3,14.5,18.2,12035,9630,,
2022,MS,Mississippi,Tallahatchie,28135,DIABETES,Diagnosed diabetes among adults,Crude prevalence,CrdPrv,17.8,15.9,19.9,12035,9630,,
2022,MS,Mississippi,Tate,28137,DIABETES,Diagnosed diabetes among adults,Age-adjusted prevalence,AgeAdjPrv,12.8,11.1,14.8,28296,21977,,
2022,MS,Mississippi,Tate,28137,DIABETES,Diagnosed diabetes among adults,Crude prevalence,CrdPrv,14.3,12.4,16.4,28296,21977,,
2022,MS,Mississippi,Tippah,28139,DIABETES,Diagnosed diabetes among adults,Age-adjusted prevalence,AgeAdjPrv,12.4,10.8,14.2,21431,16438,,
2022,MS,Mississippi,Tippah,28139,DIABETES,Diagnosed diabetes among adults,Crude prevalence,CrdPrv,14.3,12.5,16.3,21431,16438,,
2022,MS,Mississippi,Tishomingo,28141,DIABETES,Diagnosed diabetes among adults,Age-adjusted prevalence,AgeAdjPrv,11.5,9.8,13.2,18619,14655,,
2022,MS,Mississippi,Tishomingo,28141,DIABETES,Diagnosed diabetes among adults,Crude prevalence,CrdPrv,14.5,12.4,16.6,18619,14655,,
2022,MS,Mississippi,Tunica,28143,DIABETES,Diagnosed diabetes among adults,Age-adjusted prevalence,AgeAdjPrv,18.6,16.3,21.1,9458,6844,,
2022,MS,Mississippi,Tunica,28143,DIABETES,Diagnosed diabetes among adults,Crude prevalence,CrdPrv,19.8,17.5,22.4,9458,6844,,
2022,MS,Mississippi,Union,28145,DIABETES,Diagnosed diabetes among adults,Age-adjusted prevalence,AgeAdjPrv,11.7,10.0,13.2,28125,21138,,
2022,MS,Mississippi,Union,28145,DIABETES,Diagnosed diabetes among adults,Crude prevalence,CrdPrv,13.6,11.7,15.4,28125,21138,,
2022,MS,Mississippi,Walthall,28147,DIABETES,Diagnosed diabetes among adults,Age-adjusted prevalence,AgeAdjPrv,14.3,12.4,16.2,13761,10679,,
2022,MS,Mississippi,Walthall,28147,DIABETES,Diagnosed diabetes among adults,Crude prevalence,CrdPrv,17.5,15.3,19.8,13761,10679,,
2022,MS,Mississippi,Warren,28149,DIABETES,Diagnosed diabetes among adults,Age-adjusted prevalence,AgeAdjPrv,13.2,11.2,15.2,42649,32730,,
2022,MS,Mississippi,Warren,28149,DIABETES,Diagnosed diabetes among adults,Crude prevalence,CrdPrv,15.7,13.4,18.1,42649,32730,,
2022,MS,Mississippi,Washington,28151,DIABETES,Diagnosed diabetes among adults,Age-adjusted prevalence,AgeAdjPrv,16.1,14.1,18.4,42514,31706,,
2022,MS,Mississippi,Washington,28151,DIABETES,Diagnosed diabetes among adults,Crude prevalence,CrdPrv,19.0,16.6,21.5,42514,31706,,
2022,MS,Mississippi,Wayne,28153,DIABETES,Diagnosed diabetes among adults,Age-adjusted prevalence,AgeAdjPrv,13.9,12.0,15.9,19681,14839,,
2022,MS,Mississippi,Wayne,28153,DIABETES,Diagnosed diabetes among adults,Crude prevalence,CrdPrv,16.1,14.0,18.4,19681,14839,,
2022,MS,Mississippi,Webster,28155,DIABETES,Diagnosed diabetes among adults,Age-adjusted prevalence,AgeAdjPrv,11.8,10.1,13.5,9993,7626,,
2022,MS,Mississippi,Webster,28155,DIABETES,Diagnosed diabetes among adults,Crude prevalence,CrdPrv,14.4,12.5,16.5,9993,7626,,
2022,MS,Mississippi,Wilkinson,28157,DIABETES,Diagnosed diabetes among adults,Age-adjusted prevalence,AgeAdjPrv,17.4,15.3,19.7,8143,6501,,
2022,MS,Mississippi,Wilkinson,28157,DIABETES,Diagnosed diabetes among adults,Crude prevalence,CrdPrv,20.0,17.6,22.5,8143,6501,,
2022,MS,Mississippi,Winston,28159,DIABETES,Diagnosed diabetes among adults,Age-adjusted prevalence,AgeAdjPrv,14.6,12.6,16.6,17543,13689,,
2022,MS,Mississippi,Winston,28159,DIABETES,Diagnosed diabetes among adults,Crude prevalence,CrdPrv,17.7,15.5,20.1,17543,13689,,
2022,MS,Mississippi,Yalobusha,28161,DIABETES,Diagnosed diabetes among adults,Age-adjusted prevalence,AgeAdjPrv,14.4,12.5,16.4,12364,9672,,
2022,MS,Mississippi,Yalobusha,28161,DIABETES,Diagnosed diabetes among adults,Crude prevalence,CrdPrv,18.1,15.8,20.5,12364,9672,,
2022,MS,Mississippi,Yazoo,28163,DIABETES,Diagnosed diabetes among adults,Age-adjusted prevalence,AgeAdjPrv,16.8,14.6,19.1,25948,20365,,
2022,MS,Mississippi,Yazoo,28163,DIABETES,Diagnosed diabetes among adults,Crude prevalence,CrdPrv,17.1,14.9,19.4,25948,20365,,
2022,MO,Missouri,Adair,29001,DIABETES,Diagnosed diabetes among adults,Age-adjusted prevalence,AgeAdjPrv,11.1,9.6,12.7,25165,20719,,
2022,MO,Missouri,Adair,29001,DIABETES,Diagnosed diabetes among adults,Crude prevalence,CrdPrv,10.2,8.8,11.6,25165,20719,,
2022,MO,Missouri,Andrew,29003,DIABETES,Diagnosed diabetes among adults,Age-adjusted prevalence,AgeAdjPrv,9.4,8.1,10.8,18003,13954,,
2022,MO,Missouri,Andrew,29003,DIABETES,Diagnosed diabetes among adults,Crude prevalence,CrdPrv,11.8,10.2,13.6,18003,13954,,
2022,MO,Missouri,Atchison,29005,DIABETES,Diagnosed diabetes among adults,Age-adjusted prevalence,AgeAdjPrv,10.1,8.8,11.7,5182,4136,,
2022,MO,Missouri,Atchison,29005,DIABETES,Diagnosed diabetes among adults,Crude prevalence,CrdPrv,13.7,11.9,15.8,5182,4136,,
2022,MO,Missouri,Audrain,29007,DIABETES,Diagnosed diabetes among adults,Age-adjusted prevalence,AgeAdjPrv,11.4,9.8,13.1,24434,18866,,
2022,MO,Missouri,Audrain,29007,DIABETES,Diagnosed diabetes among adults,Crude prevalence,CrdPrv,13.6,11.8,15.6,24434,18866,,
2022,MO,Missouri,Barry,29009,DIABETES,Diagnosed diabetes among adults,Age-adjusted prevalence,AgeAdjPrv,10.7,9.2,12.4,34926,27078,,
2022,MO,Missouri,Barry,29009,DIABETES,Diagnosed diabetes among adults,Crude prevalence,CrdPrv,13.7,11.8,15.8,34926,27078,,
2022,MO,Missouri,Barton,29011,DIABETES,Diagnosed diabetes among adults,Age-adjusted prevalence,AgeAdjPrv,11.9,10.1,13.9,11694,8968,,
2022,MO,Missouri,Barton,29011,DIABETES,Diagnosed diabetes among adults,Crude prevalence,CrdPrv,15.0,12.8,17.5,11694,8968,,
2022,MO,Missouri,Bates,29013,DIABETES,Diagnosed diabetes among adults,Age-adjusted prevalence,AgeAdjPrv,10.3,9.0,11.9,16177,12416,,
2022,MO,Missouri,Bates,29013,DIABETES,Diagnosed diabetes among adults,Crude prevalence,CrdPrv,12.8,11.2,14.7,16177,12416,,
2022,MO,Missouri,Benton,29015,DIABETES,Diagnosed diabetes among adults,Age-adjusted prevalence,AgeAdjPrv,10.7,9.3,12.3,20224,16733,,
2022,MO,Missouri,Benton,29015,DIABETES,Diagnosed diabetes among adults,Crude prevalence,CrdPrv,16.0,13.9,18.2,20224,16733,,
2022,MO,Missouri,Bollinger,29017,DIABETES,Diagnosed diabetes among adults,Age-adjusted prevalence,AgeAdjPrv,10.9,9.4,12.5,10518,8247,,
2022,MO,Missouri,Bollinger,29017,DIABETES,Diagnosed diabetes among adults,Crude prevalence,CrdPrv,14.1,12.2,16.1,10518,8247,,
2022,MO,Missouri,Boone,29019,DIABETES,Diagnosed diabetes among adults,Age-adjusted prevalence,AgeAdjPrv,9.6,8.3,11.0,187690,150446,,
2022,MO,Missouri,Boone,29019,DIABETES,Diagnosed diabetes among adults,Crude prevalence,CrdPrv,8.8,7.7,10.1,187690,150446,,
2022,MO,Missouri,Buchanan,29021,DIABETES,Diagnosed diabetes among adults,Age-adjusted prevalence,AgeAdjPrv,11.0,9.6,12.5,82911,64391,,
2022,MO,Missouri,Buchanan,29021,DIABETES,Diagnosed diabetes among adults,Crude prevalence,CrdPrv,12.6,10.9,14.2,82911,64391,,
2022,MO,Missouri,Butler,29023,DIABETES,Diagnosed diabetes among adults,Age-adjusted prevalence,AgeAdjPrv,11.2,9.8,13.0,42179,32329,,
2022,MO,Missouri,Butler,29023,DIABETES,Diagnosed diabetes among adults,Crude prevalence,CrdPrv,13.6,11.9,15.6,42179,32329,,
2022,MO,Missouri,Caldwell,29025,DIABETES,Diagnosed diabetes among adults,Age-adjusted prevalence,AgeAdjPrv,10.7,9.2,12.4,8933,6846,,
2022,MO,Missouri,Caldwell,29025,DIABETES,Diagnosed diabetes among adults,Crude prevalence,CrdPrv,13.6,11.7,15.6,8933,6846,,
2022,MO,Missouri,Callaway,29027,DIABETES,Diagnosed diabetes among adults,Age-adjusted prevalence,AgeAdjPrv,10.6,9.1,12.1,44762,35616,,
2022,MO,Missouri,Callaway,29027,DIABETES,Diagnosed diabetes among adults,Crude prevalence,CrdPrv,12.1,10.5,13.9,44762,35616,,
2022,MO,Missouri,Camden,29029,DIABETES,Diagnosed diabetes among adults,Age-adjusted prevalence,AgeAdjPrv,9.7,8.4,11.1,43768,36356,,
2022,MO,Missouri,Camden,29029,DIABETES,Diagnosed diabetes among adults,Crude prevalence,CrdPrv,14.4,12.5,16.6,43768,36356,,
2022,MO,Missouri,Cape Girardeau,29031,DIABETES,Diagnosed diabetes among adults,Age-adjusted prevalence,AgeAdjPrv,10.5,9.0,12.0,82899,65412,,
2022,MO,Missouri,Cape Girardeau,29031,DIABETES,Diagnosed diabetes among adults,Crude prevalence,CrdPrv,11.3,9.7,12.9,82899,65412,,
2022,MO,Missouri,Carroll,29033,DIABETES,Diagnosed diabetes among adults,Age-adjusted prevalence,AgeAdjPrv,10.0,8.7,11.5,8423,6583,,
2022,MO,Missouri,Carroll,29033,DIABETES,Diagnosed diabetes among adults,Crude prevalence,CrdPrv,13.1,11.4,14.8,8423,6583,,
2022,MO,Missouri,Carter,29035,DIABETES,Diagnosed diabetes among adults,Age-adjusted prevalence,AgeAdjPrv,11.1,9.6,12.7,5268,4010,,
2022,MO,Missouri,Carter,29035,DIABETES,Diagnosed diabetes among adults,Crude prevalence,CrdPrv,14.4,12.5,16.3,5268,4010,,
2022,MO,Missouri,Cass,29037,DIABETES,Diagnosed diabetes among adults,Age-adjusted prevalence,AgeAdjPrv,9.0,7.8,10.4,110394,84811,,
2022,MO,Missouri,Cass,29037,DIABETES,Diagnosed diabetes among adults,Crude prevalence,CrdPrv,10.9,9.4,12.5,110394,84811,,
2022,MO,Missouri,Cedar,29039,DIABETES,Diagnosed diabetes among adults,Age-adjusted prevalence,AgeAdjPrv,11.5,10.1,13.2,14601,11081,,
2022,MO,Missouri,Cedar,29039,DIABETES,Diagnosed diabetes among adults,Crude prevalence,CrdPrv,15.4,13.5,17.5,14601,11081,,
2022,MO,Missouri,Chariton,29041,DIABETES,Diagnosed diabetes among adults,Age-adjusted prevalence,AgeAdjPrv,9.4,8.1,10.8,7386,5699,,
2022,MO,Missouri,Chariton,29041,DIABETES,Diagnosed diabetes among adults,Crude prevalence,CrdPrv,13.1,11.4,15.1,7386,5699,,
2022,MO,Missouri,Christian,29043,DIABETES,Diagnosed diabetes among adults,Age-adjusted prevalence,AgeAdjPrv,9.3,8.1,10.8,93114,69752,,
2022,MO,Missouri,Christian,29043,DIABETES,Diagnosed diabetes among adults,Crude prevalence,CrdPrv,10.8,9.4,12.5,93114,69752,,
2022,MO,Missouri,Clark,29045,DIABETES,Diagnosed diabetes among adults,Age-adjusted prevalence,AgeAdjPrv,11.1,9.6,12.7,6723,5154,,
2022,MO,Missouri,Clark,29045,DIABETES,Diagnosed diabetes among adults,Crude prevalence,CrdPrv,14.6,12.7,16.8,6723,5154,,
2022,MO,Missouri,Clay,29047,DIABETES,Diagnosed diabetes among adults,Age-adjusted prevalence,AgeAdjPrv,9.6,8.3,10.8,257033,197023,,
2022,MO,Missouri,Clay,29047,DIABETES,Diagnosed diabetes among adults,Crude prevalence,CrdPrv,10.5,9.2,11.9,257033,197023,,
2022,MO,Missouri,Clinton,29049,DIABETES,Diagnosed diabetes among adults,Age-adjusted prevalence,AgeAdjPrv,9.2,8.0,10.6,21328,16476,,
2022,MO,Missouri,Clinton,29049,DIABETES,Diagnosed diabetes among adults,Crude prevalence,CrdPrv,11.3,9.8,13.0,21328,16476,,
2022,MO,Missouri,Cole,29051,DIABETES,Diagnosed diabetes among adults,Age-adjusted prevalence,AgeAdjPrv,9.2,7.9,10.6,76969,60209,,
2022,MO,Missouri,Cole,29051,DIABETES,Diagnosed diabetes among adults,Crude prevalence,CrdPrv,10.6,9.1,12.1,76969,60209,,
2022,MO,Missouri,Cooper,29053,DIABETES,Diagnosed diabetes among adults,Age-adjusted prevalence,AgeAdjPrv,10.4,9.0,12.0,16772,13075,,
2022,MO,Missouri,Cooper,29053,DIABETES,Diagnosed diabetes among adults,Crude prevalence,CrdPrv,12.6,10.9,14.5,16772,13075,,
2022,MO,Missouri,Crawford,29055,DIABETES,Diagnosed diabetes among adults,Age-adjusted prevalence,AgeAdjPrv,11.2,9.8,12.9,22659,17699,,
2022,MO,Missouri,Crawford,29055,DIABETES,Diagnosed diabetes among adults,Crude prevalence,CrdPrv,14.2,12.4,16.3,22659,17699,,
2022,MO,Missouri,Dade,29057,DIABETES,Diagnosed diabetes among adults,Age-adjusted prevalence,AgeAdjPrv,11.4,9.9,13.2,7660,6072,,
2022,MO,Missouri,Dade,29057,DIABETES,Diagnosed diabetes among adults,Crude prevalence,CrdPrv,15.5,13.5,17.7,7660,6072,,
2022,MO,Missouri,Dallas,29059,DIABETES,Diagnosed diabetes among adults,Age-adjusted prevalence,AgeAdjPrv,10.9,9.4,12.5,17626,13410,,
2022,MO,Missouri,Dallas,29059,DIABETES,Diagnosed diabetes among adults,Crude prevalence,CrdPrv,14.0,12.1,16.0,17626,13410,,
2022,MO,Missouri,Daviess,29061,DIABETES,Diagnosed diabetes among adults,Age-adjusted prevalence,AgeAdjPrv,10.7,9.3,12.3,8435,6339,,
2022,MO,Missouri,Daviess,29061,DIABETES,Diagnosed diabetes among adults,Crude prevalence,CrdPrv,13.9,12.1,15.9,8435,6339,,
2022,MO,Missouri,DeKalb,29063,DIABETES,Diagnosed diabetes among adults,Age-adjusted prevalence,AgeAdjPrv,10.0,8.6,11.4,11336,9168,,
2022,MO,Missouri,DeKalb,29063,DIABETES,Diagnosed diabetes among adults,Crude prevalence,CrdPrv,11.6,10.0,13.2,11336,9168,,
2022,MO,Missouri,Dent,29065,DIABETES,Diagnosed diabetes among adults,Age-adjusted prevalence,AgeAdjPrv,11.3,9.8,12.8,14467,11267,,
2022,MO,Missouri,Dent,29065,DIABETES,Diagnosed diabetes among adults,Crude prevalence,CrdPrv,14.9,12.9,17.0,14467,11267,,
2022,MO,Missouri,Douglas,29067,DIABETES,Diagnosed diabetes among adults,Age-adjusted prevalence,AgeAdjPrv,11.0,9.5,12.6,11975,9238,,
2022,MO,Missouri,Douglas,29067,DIABETES,Diagnosed diabetes among adults,Crude prevalence,CrdPrv,15.1,13.1,17.3,11975,9238,,
2022,MO,Missouri,Dunklin,29069,DIABETES,Diagnosed diabetes among adults,Age-adjusted prevalence,AgeAdjPrv,12.1,10.6,13.8,27406,20288,,
2022,MO,Missouri,Dunklin,29069,DIABETES,Diagnosed diabetes among adults,Crude prevalence,CrdPrv,14.9,13.0,16.8,27406,20288,,
2022,MO,Missouri,Franklin,29071,DIABETES,Diagnosed diabetes among adults,Age-adjusted prevalence,AgeAdjPrv,9.3,8.0,10.7,105879,82474,,
2022,MO,Missouri,Franklin,29071,DIABETES,Diagnosed diabetes among adults,Crude prevalence,CrdPrv,11.7,10.1,13.5,105879,82474,,
2022,MO,Missouri,Gasconade,29073,DIABETES,Diagnosed diabetes among adults,Age-adjusted prevalence,AgeAdjPrv,9.7,8.4,11.0,14768,11745,,
2022,MO,Missouri,Gasconade,29073,DIABETES,Diagnosed diabetes among adults,Crude prevalence,CrdPrv,12.9,11.2,14.6,14768,11745,,
2022,MO,Missouri,Gentry,29075,DIABETES,Diagnosed diabetes among adults,Age-adjusted prevalence,AgeAdjPrv,10.4,9.0,11.9,6253,4604,,
2022,MO,Missouri,Gentry,29075,DIABETES,Diagnosed diabetes among adults,Crude prevalence,CrdPrv,12.9,11.1,14.7,6253,4604,,
2022,MO,Missouri,Greene,29077,DIABETES,Diagnosed diabetes among adults,Age-adjusted prevalence,AgeAdjPrv,9.5,8.2,10.9,303293,241128,,
2022,MO,Missouri,Greene,29077,DIABETES,Diagnosed diabetes among adults,Crude prevalence,CrdPrv,10.1,8.8,11.6,303293,241128,,
2022,MO,Missouri,Grundy,29079,DIABETES,Diagnosed diabetes among adults,Age-adjusted prevalence,AgeAdjPrv,10.9,9.4,12.5,9838,7378,,
2022,MO,Missouri,Grundy,29079,DIABETES,Diagnosed diabetes among adults,Crude prevalence,CrdPrv,14.1,12.3,16.1,9838,7378,,
2022,MO,Missouri,Harrison,29081,DIABETES,Diagnosed diabetes among adults,Age-adjusted prevalence,AgeAdjPrv,10.7,9.3,12.2,8199,6182,,
2022,MO,Missouri,Harrison,29081,DIABETES,Diagnosed diabetes among adults,Crude prevalence,CrdPrv,14.1,12.3,16.1,8199,6182,,
2022,MO,Missouri,Henry,29083,DIABETES,Diagnosed diabetes among adults,Age-adjusted prevalence,AgeAdjPrv,10.5,9.1,12.0,22438,17436,,
2022,MO,Missouri,Henry,29083,DIABETES,Diagnosed diabetes among adults,Crude prevalence,CrdPrv,13.9,12.1,15.8,22438,17436,,
2022,MO,Missouri,Hickory,29085,DIABETES,Diagnosed diabetes among adults,Age-adjusted prevalence,AgeAdjPrv,11.6,10.0,13.3,8630,7118,,
2022,MO,Missouri,Hickory,29085,DIABETES,Diagnosed diabetes among adults,Crude prevalence,CrdPrv,17.6,15.4,20.1,8630,7118,,
2022,MO,Missouri,Holt,29087,DIABETES,Diagnosed diabetes among adults,Age-adjusted prevalence,AgeAdjPrv,10.3,8.9,12.0,4262,3375,,
2022,MO,Missouri,Holt,29087,DIABETES,Diagnosed diabetes among adults,Crude prevalence,CrdPrv,14.2,12.3,16.4,4262,3375,,
2022,MO,Missouri,Howard,29089,DIABETES,Diagnosed diabetes among adults,Age-adjusted prevalence,AgeAdjPrv,10.3,8.9,11.9,10168,7969,,
2022,MO,Missouri,Howard,29089,DIABETES,Diagnosed diabetes among adults,Crude prevalence,CrdPrv,12.0,10.4,13.8,10168,7969,,
2022,MO,Missouri,Howell,29091,DIABETES,Diagnosed diabetes among adults,Age-adjusted prevalence,AgeAdjPrv,11.9,10.4,13.7,40631,30878,,
2022,MO,Missouri,Howell,29091,DIABETES,Diagnosed diabetes among adults,Crude prevalence,CrdPrv,14.8,13.0,16.9,40631,30878,,
2022,MO,Missouri,Iron,29093,DIABETES,Diagnosed diabetes among adults,Age-adjusted prevalence,AgeAdjPrv,10.9,9.3,12.6,9414,7451,,
2022,MO,Missouri,Iron,29093,DIABETES,Diagnosed diabetes among adults,Crude prevalence,CrdPrv,14.7,12.6,16.8,9414,7451,,
2022,MO,Missouri,Jackson,29095,DIABETES,Diagnosed diabetes among adults,Age-adjusted prevalence,AgeAdjPrv,10.7,9.4,12.0,716531,552531,,
2022,MO,Missouri,Jackson,29095,DIABETES,Diagnosed diabetes among adults,Crude prevalence,CrdPrv,11.7,10.3,13.1,716531,552531,,
2022,MO,Missouri,Jasper,29097,DIABETES,Diagnosed diabetes among adults,Age-adjusted prevalence,AgeAdjPrv,10.7,9.2,12.3,124075,93941,,
2022,MO,Missouri,Jasper,29097,DIABETES,Diagnosed diabetes among adults,Crude prevalence,CrdPrv,11.7,10.1,13.4,124075,93941,,
2022,MO,Missouri,Jefferson,29099,DIABETES,Diagnosed diabetes among adults,Age-adjusted prevalence,AgeAdjPrv,9.4,8.2,10.8,229336,178040,,
2022,MO,Missouri,Jefferson,29099,DIABETES,Diagnosed diabetes among adults,Crude prevalence,CrdPrv,11.1,9.6,12.6,229336,178040,,
2022,MO,Missouri,Johnson,29101,DIABETES,Diagnosed diabetes among adults,Age-adjusted prevalence,AgeAdjPrv,10.1,8.8,11.6,54368,42457,,
2022,MO,Missouri,Johnson,29101,DIABETES,Diagnosed diabetes among adults,Crude prevalence,CrdPrv,9.5,8.3,10.9,54368,42457,,
2022,MO,Missouri,Knox,29103,DIABETES,Diagnosed diabetes among adults,Age-adjusted prevalence,AgeAdjPrv,10.9,9.5,12.6,3776,2867,,
2022,MO,Missouri,Knox,29103,DIABETES,Diagnosed diabetes among adults,Crude prevalence,CrdPrv,14.0,12.1,16.0,3776,2867,,
2022,MO,Missouri,Laclede,29105,DIABETES,Diagnosed diabetes among adults,Age-adjusted prevalence,AgeAdjPrv,11.1,9.6,12.7,36313,27306,,
2022,MO,Missouri,Laclede,29105,DIABETES,Diagnosed diabetes among adults,Crude prevalence,CrdPrv,13.6,11.7,15.5,36313,27306,,
2022,MO,Missouri,Lafayette,29107,DIABETES,Diagnosed diabetes among adults,Age-adjusted prevalence,AgeAdjPrv,9.7,8.4,11.2,32961,25433,,
2022,MO,Missouri,Lafayette,29107,DIABETES,Diagnosed diabetes among adults,Crude prevalence,CrdPrv,12.0,10.4,13.8,32961,25433,,
2022,MO,Missouri,Lawrence,29109,DIABETES,Diagnosed diabetes among adults,Age-adjusted prevalence,AgeAdjPrv,10.8,9.3,12.4,38683,28829,,
2022,MO,Missouri,Lawrence,29109,DIABETES,Diagnosed diabetes among adults,Crude prevalence,CrdPrv,12.8,11.1,14.8,38683,28829,,
2022,MO,Missouri,Lewis,29111,DIABETES,Diagnosed diabetes among adults,Age-adjusted prevalence,AgeAdjPrv,11.1,9.6,12.7,9891,7780,,
2022,MO,Missouri,Lewis,29111,DIABETES,Diagnosed diabetes among adults,Crude prevalence,CrdPrv,12.9,11.2,14.7,9891,7780,,
2022,MO,Missouri,Lincoln,29113,DIABETES,Diagnosed diabetes among adults,Age-adjusted prevalence,AgeAdjPrv,9.5,8.2,10.9,63155,47482,,
2022,MO,Missouri,Lincoln,29113,DIABETES,Diagnosed diabetes among adults,Crude prevalence,CrdPrv,10.6,9.2,12.2,63155,47482,,
2022,MO,Missouri,Linn,29115,DIABETES,Diagnosed diabetes among adults,Age-adjusted prevalence,AgeAdjPrv,10.9,9.4,12.4,11820,9034,,
2022,MO,Missouri,Linn,29115,DIABETES,Diagnosed diabetes among adults,Crude prevalence,CrdPrv,14.1,12.2,16.0,11820,9034,,
2022,MO,Missouri,Livingston,29117,DIABETES,Diagnosed diabetes among adults,Age-adjusted prevalence,AgeAdjPrv,10.0,8.6,11.5,14402,11260,,
2022,MO,Missouri,Livingston,29117,DIABETES,Diagnosed diabetes among adults,Crude prevalence,CrdPrv,12.0,10.4,13.9,14402,11260,,
2022,MO,Missouri,McDonald,29119,DIABETES,Diagnosed diabetes among adults,Age-adjusted prevalence,AgeAdjPrv,12.7,11.1,14.6,23588,17681,,
2022,MO,Missouri,McDonald,29119,DIABETES,Diagnosed diabetes among adults,Crude prevalence,CrdPrv,14.8,13.0,17.0,23588,17681,,
2022,MO,Missouri,Macon,29121,DIABETES,Diagnosed diabetes among adults,Age-adjusted prevalence,AgeAdjPrv,10.0,8.6,11.5,15049,11554,,
2022,MO,Missouri,Macon,29121,DIABETES,Diagnosed diabetes among adults,Crude prevalence,CrdPrv,13.0,11.2,14.8,15049,11554,,
2022,MO,Missouri,Madison,29123,DIABETES,Diagnosed diabetes among adults,Age-adjusted prevalence,AgeAdjPrv,10.2,8.8,11.7,12753,9897,,
2022,MO,Missouri,Madison,29123,DIABETES,Diagnosed diabetes among adults,Crude prevalence,CrdPrv,12.5,10.8,14.3,12753,9897,,
2022,MO,Missouri,Maries,29125,DIABETES,Diagnosed diabetes among adults,Age-adjusted prevalence,AgeAdjPrv,10.6,9.2,12.2,8431,6692,,
2022,MO,Missouri,Maries,29125,DIABETES,Diagnosed diabetes among adults,Crude prevalence,CrdPrv,13.9,12.1,15.9,8431,6692,,
2022,MO,Missouri,Marion,29127,DIABETES,Diagnosed diabetes among adults,Age-adjusted prevalence,AgeAdjPrv,10.3,8.9,11.8,28438,21886,,
2022,MO,Missouri,Marion,29127,DIABETES,Diagnosed diabetes among adults,Crude prevalence,CrdPrv,12.2,10.5,14.0,28438,21886,,
2022,MO,Missouri,Mercer,29129,DIABETES,Diagnosed diabetes among adults,Age-adjusted prevalence,AgeAdjPrv,10.3,8.9,11.8,3437,2615,,
2022,MO,Missouri,Mercer,29129,DIABETES,Diagnosed diabetes among adults,Crude prevalence,CrdPrv,13.9,12.0,15.8,3437,2615,,
2022,MO,Missouri,Miller,29131,DIABETES,Diagnosed diabetes among adults,Age-adjusted prevalence,AgeAdjPrv,10.4,9.0,11.9,25403,19383,,
2022,MO,Missouri,Miller,29131,DIABETES,Diagnosed diabetes among adults,Crude prevalence,CrdPrv,12.8,11.1,14.6,25403,19383,,
2022,MO,Missouri,Mississippi,29133,DIABETES,Diagnosed diabetes among adults,Age-adjusted prevalence,AgeAdjPrv,13.7,11.9,15.6,11688,9025,,
2022,MO,Missouri,Mississippi,29133,DIABETES,Diagnosed diabetes among adults,Crude prevalence,CrdPrv,16.3,14.2,18.6,11688,9025,,
2022,MO,Missouri,Moniteau,29135,DIABETES,Diagnosed diabetes among adults,Age-adjusted prevalence,AgeAdjPrv,10.7,9.2,12.2,15220,11399,,
2022,MO,Missouri,Moniteau,29135,DIABETES,Diagnosed diabetes among adults,Crude prevalence,CrdPrv,12.4,10.7,14.2,15220,11399,,
2022,MO,Missouri,Monroe,29137,DIABETES,Diagnosed diabetes among adults,Age-adjusted prevalence,AgeAdjPrv,10.6,9.2,12.1,8652,6783,,
2022,MO,Missouri,Monroe,29137,DIABETES,Diagnosed diabetes among adults,Crude prevalence,CrdPrv,14.6,12.7,16.6,8652,6783,,
2022,MO,Missouri,Montgomery,29139,DIABETES,Diagnosed diabetes among adults,Age-adjusted prevalence,AgeAdjPrv,10.5,9.0,12.1,11470,8979,,
2022,MO,Missouri,Montgomery,29139,DIABETES,Diagnosed diabetes among adults,Crude prevalence,CrdPrv,13.3,11.5,15.2,11470,8979,,
2022,MO,Missouri,Morgan,29141,DIABETES,Diagnosed diabetes among adults,Age-adjusted prevalence,AgeAdjPrv,11.2,9.7,12.9,21785,16815,,
2022,MO,Missouri,Morgan,29141,DIABETES,Diagnosed diabetes among adults,Crude prevalence,CrdPrv,15.1,13.1,17.1,21785,16815,,
2022,MO,Missouri,New Madrid,29143,DIABETES,Diagnosed diabetes among adults,Age-adjusted prevalence,AgeAdjPrv,11.9,10.4,13.7,15695,11956,,
2022,MO,Missouri,New Madrid,29143,DIABETES,Diagnosed diabetes among adults,Crude prevalence,CrdPrv,15.0,13.0,17.0,15695,11956,,
2022,MO,Missouri,Newton,29145,DIABETES,Diagnosed diabetes among adults,Age-adjusted prevalence,AgeAdjPrv,9.9,8.6,11.4,60011,45880,,
2022,MO,Missouri,Newton,29145,DIABETES,Diagnosed diabetes among adults,Crude prevalence,CrdPrv,12.1,10.5,13.8,60011,45880,,
2022,MO,Missouri,Nodaway,29147,DIABETES,Diagnosed diabetes among adults,Age-adjusted prevalence,AgeAdjPrv,10.9,9.4,12.5,20670,17259,,
2022,MO,Missouri,Nodaway,29147,DIABETES,Diagnosed diabetes among adults,Crude prevalence,CrdPrv,10.9,9.5,12.6,20670,17259,,
2022,MO,Missouri,Oregon,29149,DIABETES,Diagnosed diabetes among adults,Age-adjusted prevalence,AgeAdjPrv,11.6,10.1,13.3,8732,6712,,
2022,MO,Missouri,Oregon,29149,DIABETES,Diagnosed diabetes among adults,Crude prevalence,CrdPrv,15.3,13.3,17.5,8732,6712,,
2022,MO,Missouri,Osage,29151,DIABETES,Diagnosed diabetes among adults,Age-adjusted prevalence,AgeAdjPrv,8.7,7.5,10.0,13399,10377,,
2022,MO,Missouri,Osage,29151,DIABETES,Diagnosed diabetes among adults,Crude prevalence,CrdPrv,10.5,9.0,12.0,13399,10377,,
2022,MO,Missouri,Ozark,29153,DIABETES,Diagnosed diabetes among adults,Age-adjusted prevalence,AgeAdjPrv,12.4,10.7,14.1,8940,7219,,
2022,MO,Missouri,Ozark,29153,DIABETES,Diagnosed diabetes among adults,Crude prevalence,CrdPrv,17.7,15.4,20.1,8940,7219,,
2022,MO,Missouri,Pemiscot,29155,DIABETES,Diagnosed diabetes among adults,Age-adjusted prevalence,AgeAdjPrv,13.8,12.0,15.9,14841,10978,,
2022,MO,Missouri,Pemiscot,29155,DIABETES,Diagnosed diabetes among adults,Crude prevalence,CrdPrv,16.5,14.4,18.8,14841,10978,,
2022,MO,Missouri,Perry,29157,DIABETES,Diagnosed diabetes among adults,Age-adjusted prevalence,AgeAdjPrv,10.1,8.7,11.6,18858,14659,,
2022,MO,Missouri,Perry,29157,DIABETES,Diagnosed diabetes among adults,Crude prevalence,CrdPrv,12.9,11.1,14.7,18858,14659,,
2022,MO,Missouri,Pettis,29159,DIABETES,Diagnosed diabetes among adults,Age-adjusted prevalence,AgeAdjPrv,10.4,9.0,11.9,43353,32511,,
2022,MO,Missouri,Pettis,29159,DIABETES,Diagnosed diabetes among adults,Crude prevalence,CrdPrv,12.1,10.6,13.9,43353,32511,,
2022,MO,Missouri,Phelps,29161,DIABETES,Diagnosed diabetes among adults,Age-adjusted prevalence,AgeAdjPrv,10.6,9.1,12.1,45313,35822,,
2022,MO,Missouri,Phelps,29161,DIABETES,Diagnosed diabetes among adults,Crude prevalence,CrdPrv,11.2,9.7,12.8,45313,35822,,
2022,MO,Missouri,Pike,29163,DIABETES,Diagnosed diabetes among adults,Age-adjusted prevalence,AgeAdjPrv,11.2,9.7,12.8,17664,13652,,
2022,MO,Missouri,Pike,29163,DIABETES,Diagnosed diabetes among adults,Crude prevalence,CrdPrv,13.5,11.8,15.4,17664,13652,,
2022,MO,Missouri,Platte,29165,DIABETES,Diagnosed diabetes among adults,Age-adjusted prevalence,AgeAdjPrv,9.3,8.0,10.7,110534,85221,,
2022,MO,Missouri,Platte,29165,DIABETES,Diagnosed diabetes among adults,Crude prevalence,CrdPrv,10.5,9.1,12.1,110534,85221,,
2022,MO,Missouri,Polk,29167,DIABETES,Diagnosed diabetes among adults,Age-adjusted prevalence,AgeAdjPrv,11.4,9.8,13.0,32693,25166,,
2022,MO,Missouri,Polk,29167,DIABETES,Diagnosed diabetes among adults,Crude prevalence,CrdPrv,13.2,11.4,15.0,32693,25166,,
2022,MO,Missouri,Pulaski,29169,DIABETES,Diagnosed diabetes among adults,Age-adjusted prevalence,AgeAdjPrv,10.5,9.1,12.2,53941,42173,,
2022,MO,Missouri,Pulaski,29169,DIABETES,Diagnosed diabetes among adults,Crude prevalence,CrdPrv,8.3,7.2,9.6,53941,42173,,
2022,MO,Missouri,Putnam,29171,DIABETES,Diagnosed diabetes among adults,Age-adjusted prevalence,AgeAdjPrv,9.5,8.1,10.9,4666,3594,,
2022,MO,Missouri,Putnam,29171,DIABETES,Diagnosed diabetes among adults,Crude prevalence,CrdPrv,12.7,10.9,14.6,4666,3594,,
2022,MO,Missouri,Ralls,29173,DIABETES,Diagnosed diabetes among adults,Age-adjusted prevalence,AgeAdjPrv,10.3,8.9,11.9,10420,8287,,
2022,MO,Missouri,Ralls,29173,DIABETES,Diagnosed diabetes among adults,Crude prevalence,CrdPrv,13.9,12.0,16.0,10420,8287,,
2022,MO,Missouri,Randolph,29175,DIABETES,Diagnosed diabetes among adults,Age-adjusted prevalence,AgeAdjPrv,10.9,9.4,12.6,24622,19257,,
2022,MO,Missouri,Randolph,29175,DIABETES,Diagnosed diabetes among adults,Crude prevalence,CrdPrv,12.4,10.7,14.2,24622,19257,,
2022,MO,Missouri,Ray,29177,DIABETES,Diagnosed diabetes among adults,Age-adjusted prevalence,AgeAdjPrv,10.2,8.6,11.9,23107,17904,,
2022,MO,Missouri,Ray,29177,DIABETES,Diagnosed diabetes among adults,Crude prevalence,CrdPrv,12.6,10.7,14.8,23107,17904,,
2022,MO,Missouri,Reynolds,29179,DIABETES,Diagnosed diabetes among adults,Age-adjusted prevalence,AgeAdjPrv,11.3,9.8,13.0,6006,4852,,
2022,MO,Missouri,Reynolds,29179,DIABETES,Diagnosed diabetes among adults,Crude prevalence,CrdPrv,15.2,13.2,17.3,6006,4852,,
2022,MO,Missouri,Ripley,29181,DIABETES,Diagnosed diabetes among adults,Age-adjusted prevalence,AgeAdjPrv,11.3,9.8,12.9,10703,8139,,
2022,MO,Missouri,Ripley,29181,DIABETES,Diagnosed diabetes among adults,Crude prevalence,CrdPrv,14.2,12.3,16.1,10703,8139,,
2022,MO,Missouri,St. Charles,29183,DIABETES,Diagnosed diabetes among adults,Age-adjusted prevalence,AgeAdjPrv,8.5,7.1,9.9,413803,321507,,
2022,MO,Missouri,St. Charles,29183,DIABETES,Diagnosed diabetes among adults,Crude prevalence,CrdPrv,9.9,8.4,11.6,413803,321507,,
2022,MO,Missouri,St. Clair,29185,DIABETES,Diagnosed diabetes among adults,Age-adjusted prevalence,AgeAdjPrv,11.1,9.5,12.8,9576,7570,,
2022,MO,Missouri,St. Clair,29185,DIABETES,Diagnosed diabetes among adults,Crude prevalence,CrdPrv,15.2,13.1,17.4,9576,7570,,
2022,MO,Missouri,Ste. Genevieve,29186,DIABETES,Diagnosed diabetes among adults,Age-adjusted prevalence,AgeAdjPrv,10.3,8.9,11.9,18644,14699,,
2022,MO,Missouri,Ste. Genevieve,29186,DIABETES,Diagnosed diabetes among adults,Crude prevalence,CrdPrv,13.1,11.4,15.1,18644,14699,,
2022,MO,Missouri,St. Francois,29187,DIABETES,Diagnosed diabetes among adults,Age-adjusted prevalence,AgeAdjPrv,10.8,9.4,12.4,66969,52905,,
2022,MO,Missouri,St. Francois,29187,DIABETES,Diagnosed diabetes among adults,Crude prevalence,CrdPrv,12.2,10.6,13.9,66969,52905,,
2022,MO,Missouri,St. Louis,29189,DIABETES,Diagnosed diabetes among adults,Age-adjusted prevalence,AgeAdjPrv,10.2,8.7,11.9,990414,775153,,
2022,MO,Missouri,St. Louis,29189,DIABETES,Diagnosed diabetes among adults,Crude prevalence,CrdPrv,12.1,10.4,14.0,990414,775153,,
2022,MO,Missouri,Saline,29195,DIABETES,Diagnosed diabetes among adults,Age-adjusted prevalence,AgeAdjPrv,10.9,9.5,12.5,23007,18116,,
2022,MO,Missouri,Saline,29195,DIABETES,Diagnosed diabetes among adults,Crude prevalence,CrdPrv,12.2,10.6,13.9,23007,18116,,
2022,MO,Missouri,Schuyler,29197,DIABETES,Diagnosed diabetes among adults,Age-adjusted prevalence,AgeAdjPrv,9.5,8.2,10.9,4002,2945,,
2022,MO,Missouri,Schuyler,29197,DIABETES,Diagnosed diabetes among adults,Crude prevalence,CrdPrv,11.8,10.2,13.5,4002,2945,,
2022,MO,Missouri,Scotland,29199,DIABETES,Diagnosed diabetes among adults,Age-adjusted prevalence,AgeAdjPrv,10.8,9.3,12.3,4643,3299,,
2022,MO,Missouri,Scotland,29199,DIABETES,Diagnosed diabetes among adults,Crude prevalence,CrdPrv,13.2,11.4,15.0,4643,3299,,
2022,MO,Missouri,Scott,29201,DIABETES,Diagnosed diabetes among adults,Age-adjusted prevalence,AgeAdjPrv,12.0,10.4,13.8,37840,28772,,
2022,MO,Missouri,Scott,29201,DIABETES,Diagnosed diabetes among adults,Crude prevalence,CrdPrv,14.5,12.6,16.6,37840,28772,,
2022,MO,Missouri,Shannon,29203,DIABETES,Diagnosed diabetes among adults,Age-adjusted prevalence,AgeAdjPrv,11.4,9.9,13.1,7193,5588,,
2022,MO,Missouri,Shannon,29203,DIABETES,Diagnosed diabetes among adults,Crude prevalence,CrdPrv,15.2,13.2,17.3,7193,5588,,
2022,MO,Missouri,Shelby,29205,DIABETES,Diagnosed diabetes among adults,Age-adjusted prevalence,AgeAdjPrv,11.4,9.9,12.9,5982,4515,,
2022,MO,Missouri,Shelby,29205,DIABETES,Diagnosed diabetes among adults,Crude prevalence,CrdPrv,14.7,12.8,16.6,5982,4515,,
2022,MO,Missouri,Stoddard,29207,DIABETES,Diagnosed diabetes among adults,Age-adjusted prevalence,AgeAdjPrv,11.3,9.8,13.0,28377,22244,,
2022,MO,Missouri,Stoddard,29207,DIABETES,Diagnosed diabetes among adults,Crude prevalence,CrdPrv,14.1,12.3,16.2,28377,22244,,
2022,MO,Missouri,Stone,29209,DIABETES,Diagnosed diabetes among adults,Age-adjusted prevalence,AgeAdjPrv,10.3,8.9,11.8,32136,26826,,
2022,MO,Missouri,Stone,29209,DIABETES,Diagnosed diabetes among adults,Crude prevalence,CrdPrv,15.8,13.7,18.0,32136,26826,,
2022,MO,Missouri,Sullivan,29211,DIABETES,Diagnosed diabetes among adults,Age-adjusted prevalence,AgeAdjPrv,12.0,10.2,14.1,5840,4526,,
2022,MO,Missouri,Sullivan,29211,DIABETES,Diagnosed diabetes among adults,Crude prevalence,CrdPrv,15.1,12.8,17.6,5840,4526,,
2022,MO,Missouri,Taney,29213,DIABETES,Diagnosed diabetes among adults,Age-adjusted prevalence,AgeAdjPrv,11.0,9.4,12.6,56821,45198,,
2022,MO,Missouri,Taney,29213,DIABETES,Diagnosed diabetes among adults,Crude prevalence,CrdPrv,13.8,11.9,15.8,56821,45198,,
2022,MO,Missouri,Texas,29215,DIABETES,Diagnosed diabetes among adults,Age-adjusted prevalence,AgeAdjPrv,11.3,9.8,12.9,25336,19879,,
2022,MO,Missouri,Texas,29215,DIABETES,Diagnosed diabetes among adults,Crude prevalence,CrdPrv,14.0,12.1,15.9,25336,19879,,
2022,MO,Missouri,Vernon,29217,DIABETES,Diagnosed diabetes among adults,Age-adjusted prevalence,AgeAdjPrv,10.7,9.3,12.3,19651,15021,,
2022,MO,Missouri,Vernon,29217,DIABETES,Diagnosed diabetes among adults,Crude prevalence,CrdPrv,13.1,11.4,15.1,19651,15021,,
2022,MO,Missouri,Warren,29219,DIABETES,Diagnosed diabetes among adults,Age-adjusted prevalence,AgeAdjPrv,9.8,8.5,11.3,37260,28694,,
2022,MO,Missouri,Warren,29219,DIABETES,Diagnosed diabetes among adults,Crude prevalence,CrdPrv,12.0,10.4,13.7,37260,28694,,
2022,MO,Missouri,Washington,29221,DIABETES,Diagnosed diabetes among adults,Age-adjusted prevalence,AgeAdjPrv,11.1,9.6,12.7,23441,18161,,
2022,MO,Missouri,Washington,29221,DIABETES,Diagnosed diabetes among adults,Crude prevalence,CrdPrv,13.3,11.5,15.2,23441,18161,,
2022,MO,Missouri,Wayne,29223,DIABETES,Diagnosed diabetes among adults,Age-adjusted prevalence,AgeAdjPrv,10.9,9.5,12.6,10792,8623,,
2022,MO,Missouri,Wayne,29223,DIABETES,Diagnosed diabetes among adults,Crude prevalence,CrdPrv,15.5,13.5,17.7,10792,8623,,
2022,MO,Missouri,Webster,29225,DIABETES,Diagnosed diabetes among adults,Age-adjusted prevalence,AgeAdjPrv,10.3,8.9,11.9,40335,29188,,
2022,MO,Missouri,Webster,29225,DIABETES,Diagnosed diabetes among adults,Crude prevalence,CrdPrv,11.9,10.3,13.7,40335,29188,,
2022,MO,Missouri,Worth,29227,DIABETES,Diagnosed diabetes among adults,Age-adjusted prevalence,AgeAdjPrv,10.7,9.2,12.3,1955,1589,,
2022,MO,Missouri,Worth,29227,DIABETES,Diagnosed diabetes among adults,Crude prevalence,CrdPrv,14.8,12.8,17.0,1955,1589,,
2022,MO,Missouri,Wright,29229,DIABETES,Diagnosed diabetes among adults,Age-adjusted prevalence,AgeAdjPrv,11.8,10.3,13.5,19156,14127,,
2022,MO,Missouri,Wright,29229,DIABETES,Diagnosed diabetes among adults,Crude prevalence,CrdPrv,14.8,12.9,16.8,19156,14127,,
2022,MO,Missouri,St. Louis,29510,DIABETES,Diagnosed diabetes among adults,Age-adjusted prevalence,AgeAdjPrv,12.0,10.6,13.4,286578,235012,,
2022,MO,Missouri,St. Louis,29510,DIABETES,Diagnosed diabetes among adults,Crude prevalence,CrdPrv,12.4,11.0,13.9,286578,235012,,
2022,MT,Montana,Beaverhead,30001,DIABETES,Diagnosed diabetes among adults,Age-adjusted prevalence,AgeAdjPrv,8.0,6.9,9.3,9719,8046,,
2022,MT,Montana,Beaverhead,30001,DIABETES,Diagnosed diabetes among adults,Crude prevalence,CrdPrv,9.9,8.5,11.4,9719,8046,,
2022,MT,Montana,Big Horn,30003,DIABETES,Diagnosed diabetes among adults,Age-adjusted prevalence,AgeAdjPrv,12.4,10.9,14.2,12851,8688,,
2022,MT,Montana,Big Horn,30003,DIABETES,Diagnosed diabetes among adults,Crude prevalence,CrdPrv,13.6,12.0,15.5,12851,8688,,
2022,MT,Montana,Blaine,30005,DIABETES,Diagnosed diabetes among adults,Age-adjusted prevalence,AgeAdjPrv,11.3,9.8,12.9,6936,4917,,
2022,MT,Montana,Blaine,30005,DIABETES,Diagnosed diabetes among adults,Crude prevalence,CrdPrv,13.3,11.6,15.1,6936,4917,,
2022,MT,Montana,Broadwater,30007,DIABETES,Diagnosed diabetes among adults,Age-adjusted prevalence,AgeAdjPrv,8.3,7.1,9.6,7793,6260,,
2022,MT,Montana,Broadwater,30007,DIABETES,Diagnosed diabetes among adults,Crude prevalence,CrdPrv,11.5,9.8,13.2,7793,6260,,
2022,MT,Montana,Carbon,30009,DIABETES,Diagnosed diabetes among adults,Age-adjusted prevalence,AgeAdjPrv,7.6,6.5,8.8,11179,9236,,
2022,MT,Montana,Carbon,30009,DIABETES,Diagnosed diabetes among adults,Crude prevalence,CrdPrv,10.6,9.1,12.4,11179,9236,,
2022,MT,Montana,Carter,30011,DIABETES,Diagnosed diabetes among adults,Age-adjusted prevalence,AgeAdjPrv,8.2,7.0,9.5,1382,1093,,
2022,MT,Montana,Carter,30011,DIABETES,Diagnosed diabetes among adults,Crude prevalence,CrdPrv,11.9,10.2,13.6,1382,1093,,
2022,MT,Montana,Cascade,30013,DIABETES,Diagnosed diabetes among adults,Age-adjusted prevalence,AgeAdjPrv,8.0,6.9,9.1,84864,66135,,
2022,MT,Montana,Cascade,30013,DIABETES,Diagnosed diabetes among adults,Crude prevalence,CrdPrv,9.5,8.3,10.9,84864,66135,,
2022,MT,Montana,Chouteau,30015,DIABETES,Diagnosed diabetes among adults,Age-adjusted prevalence,AgeAdjPrv,8.9,7.7,10.3,5898,4666,,
2022,MT,Montana,Chouteau,30015,DIABETES,Diagnosed diabetes among adults,Crude prevalence,CrdPrv,11.4,9.8,13.2,5898,4666,,
2022,MT,Montana,Custer,30017,DIABETES,Diagnosed diabetes among adults,Age-adjusted prevalence,AgeAdjPrv,8.1,6.9,9.3,12032,9711,,
2022,MT,Montana,Custer,30017,DIABETES,Diagnosed diabetes among adults,Crude prevalence,CrdPrv,9.9,8.5,11.4,12032,9711,,
2022,MT,Montana,Daniels,30019,DIABETES,Diagnosed diabetes among adults,Age-adjusted prevalence,AgeAdjPrv,8.0,6.8,9.2,1628,1284,,
2022,MT,Montana,Daniels,30019,DIABETES,Diagnosed diabetes among adults,Crude prevalence,CrdPrv,11.0,9.4,12.6,1628,1284,,
2022,MT,Montana,Dawson,30021,DIABETES,Diagnosed diabetes among adults,Age-adjusted prevalence,AgeAdjPrv,7.6,6.5,8.8,8830,6937,,
2022,MT,Montana,Dawson,30021,DIABETES,Diagnosed diabetes among adults,Crude prevalence,CrdPrv,9.4,8.1,11.0,8830,6937,,
2022,MT,Montana,Deer Lodge,30023,DIABETES,Diagnosed diabetes among adults,Age-adjusted prevalence,AgeAdjPrv,8.2,7.1,9.5,9510,8336,,
2022,MT,Montana,Deer Lodge,30023,DIABETES,Diagnosed diabetes among adults,Crude prevalence,CrdPrv,11.1,9.5,12.6,9510,8336,,
2022,MT,Montana,Fallon,30025,DIABETES,Diagnosed diabetes among adults,Age-adjusted prevalence,AgeAdjPrv,7.7,6.6,8.9,3011,2229,,
2022,MT,Montana,Fallon,30025,DIABETES,Diagnosed diabetes among adults,Crude prevalence,CrdPrv,9.2,7.8,10.6,3011,2229,,
2022,MT,Montana,Fergus,30027,DIABETES,Diagnosed diabetes among adults,Age-adjusted prevalence,AgeAdjPrv,7.8,6.6,9.0,11663,9240,,
2022,MT,Montana,Fergus,30027,DIABETES,Diagnosed diabetes among adults,Crude prevalence,CrdPrv,10.7,9.1,12.3,11663,9240,,
2022,MT,Montana,Flathead,30029,DIABETES,Diagnosed diabetes among adults,Age-adjusted prevalence,AgeAdjPrv,7.0,6.0,8.0,111814,87804,,
2022,MT,Montana,Flathead,30029,DIABETES,Diagnosed diabetes among adults,Crude prevalence,CrdPrv,8.4,7.3,9.7,111814,87804,,
2022,MT,Montana,Gallatin,30031,DIABETES,Diagnosed diabetes among adults,Age-adjusted prevalence,AgeAdjPrv,6.6,5.7,7.7,124857,101640,,
2022,MT,Montana,Gallatin,30031,DIABETES,Diagnosed diabetes among adults,Crude prevalence,CrdPrv,6.2,5.3,7.2,124857,101640,,
2022,MT,Montana,Garfield,30033,DIABETES,Diagnosed diabetes among adults,Age-adjusted prevalence,AgeAdjPrv,7.9,6.7,9.2,1218,943,,
2022,MT,Montana,Garfield,30033,DIABETES,Diagnosed diabetes among adults,Crude prevalence,CrdPrv,10.8,9.3,12.6,1218,943,,
2022,MT,Montana,Glacier,30035,DIABETES,Diagnosed diabetes among adults,Age-adjusted prevalence,AgeAdjPrv,14.2,12.3,16.2,13681,9543,,
2022,MT,Montana,Glacier,30035,DIABETES,Diagnosed diabetes among adults,Crude prevalence,CrdPrv,15.0,13.1,17.1,13681,9543,,
2022,MT,Montana,Golden Valley,30037,DIABETES,Diagnosed diabetes among adults,Age-adjusted prevalence,AgeAdjPrv,9.1,7.7,10.5,835,689,,
2022,MT,Montana,Golden Valley,30037,DIABETES,Diagnosed diabetes among adults,Crude prevalence,CrdPrv,14.3,12.1,16.4,835,689,,
2022,MT,Montana,Granite,30039,DIABETES,Diagnosed diabetes among adults,Age-adjusted prevalence,AgeAdjPrv,8.1,7.0,9.4,3502,3017,,
2022,MT,Montana,Granite,30039,DIABETES,Diagnosed diabetes among adults,Crude prevalence,CrdPrv,11.9,10.2,13.7,3502,3017,,
2022,MT,Montana,Hill,30041,DIABETES,Diagnosed diabetes among adults,Age-adjusted prevalence,AgeAdjPrv,9.5,8.2,10.9,16068,11607,,
2022,MT,Montana,Hill,30041,DIABETES,Diagnosed diabetes among adults,Crude prevalence,CrdPrv,10.5,9.1,12.1,16068,11607,,
2022,MT,Montana,Jefferson,30043,DIABETES,Diagnosed diabetes among adults,Age-adjusted prevalence,AgeAdjPrv,7.3,6.2,8.4,12826,10257,,
2022,MT,Montana,Jefferson,30043,DIABETES,Diagnosed diabetes among adults,Crude prevalence,CrdPrv,9.9,8.5,11.4,12826,10257,,
2022,MT,Montana,Judith Basin,30045,DIABETES,Diagnosed diabetes among adults,Age-adjusted prevalence,AgeAdjPrv,7.9,6.7,9.1,2105,1695,,
2022,MT,Montana,Judith Basin,30045,DIABETES,Diagnosed diabetes among adults,Crude prevalence,CrdPrv,11.6,9.9,13.3,2105,1695,,
2022,MT,Montana,Lake,30047,DIABETES,Diagnosed diabetes among adults,Age-adjusted prevalence,AgeAdjPrv,9.1,7.9,10.5,32853,25724,,
2022,MT,Montana,Lake,30047,DIABETES,Diagnosed diabetes among adults,Crude prevalence,CrdPrv,12.0,10.4,13.8,32853,25724,,
2022,MT,Montana,Lewis and Clark,30049,DIABETES,Diagnosed diabetes among adults,Age-adjusted prevalence,AgeAdjPrv,6.5,5.6,7.4,73832,58344,,
2022,MT,Montana,Lewis and Clark,30049,DIABETES,Diagnosed diabetes among adults,Crude prevalence,CrdPrv,8.2,7.1,9.3,73832,58344,,
2022,MT,Montana,Liberty,30051,DIABETES,Diagnosed diabetes among adults,Age-adjusted prevalence,AgeAdjPrv,10.1,8.7,11.6,1972,1533,,
2022,MT,Montana,Liberty,30051,DIABETES,Diagnosed diabetes among adults,Crude prevalence,CrdPrv,13.3,11.4,15.2,1972,1533,,
2022,MT,Montana,Lincoln,30053,DIABETES,Diagnosed diabetes among adults,Age-adjusted prevalence,AgeAdjPrv,8.6,7.4,9.9,21525,17725,,
2022,MT,Montana,Lincoln,30053,DIABETES,Diagnosed diabetes among adults,Crude prevalence,CrdPrv,12.5,10.7,14.3,21525,17725,,
2022,MT,Montana,McCone,30055,DIABETES,Diagnosed diabetes among adults,Age-adjusted prevalence,AgeAdjPrv,7.1,6.0,8.2,1709,1381,,
2022,MT,Montana,McCone,30055,DIABETES,Diagnosed diabetes among adults,Crude prevalence,CrdPrv,10.0,8.6,11.7,1709,1381,,
2022,MT,Montana,Madison,30057,DIABETES,Diagnosed diabetes among adults,Age-adjusted prevalence,AgeAdjPrv,7.1,6.1,8.4,9265,7843,,
2022,MT,Montana,Madison,30057,DIABETES,Diagnosed diabetes among adults,Crude prevalence,CrdPrv,10.4,8.9,12.2,9265,7843,,
2022,MT,Montana,Meagher,30059,DIABETES,Diagnosed diabetes among adults,Age-adjusted prevalence,AgeAdjPrv,7.4,6.3,8.6,2013,1647,,
2022,MT,Montana,Meagher,30059,DIABETES,Diagnosed diabetes among adults,Crude prevalence,CrdPrv,11.2,9.6,12.9,2013,1647,,
2022,MT,Montana,Mineral,30061,DIABETES,Diagnosed diabetes among adults,Age-adjusted prevalence,AgeAdjPrv,8.1,6.9,9.3,5058,4084,,
2022,MT,Montana,Mineral,30061,DIABETES,Diagnosed diabetes among adults,Crude prevalence,CrdPrv,11.7,10.1,13.4,5058,4084,,
2022,MT,Montana,Missoula,30063,DIABETES,Diagnosed diabetes among adults,Age-adjusted prevalence,AgeAdjPrv,7.1,6.2,8.2,121041,99549,,
2022,MT,Montana,Missoula,30063,DIABETES,Diagnosed diabetes among adults,Crude prevalence,CrdPrv,7.3,6.4,8.5,121041,99549,,
2022,MT,Montana,Musselshell,30065,DIABETES,Diagnosed diabetes among adults,Age-adjusted prevalence,AgeAdjPrv,8.2,7.0,9.5,5197,4164,,
2022,MT,Montana,Musselshell,30065,DIABETES,Diagnosed diabetes among adults,Crude prevalence,CrdPrv,11.7,10.1,13.6,5197,4164,,
2022,MT,Montana,Park,30067,DIABETES,Diagnosed diabetes among adults,Age-adjusted prevalence,AgeAdjPrv,7.2,6.2,8.3,17790,14827,,
2022,MT,Montana,Park,30067,DIABETES,Diagnosed diabetes among adults,Crude prevalence,CrdPrv,9.7,8.4,11.3,17790,14827,,
2022,MT,Montana,Petroleum,30069,DIABETES,Diagnosed diabetes among adults,Age-adjusted prevalence,AgeAdjPrv,7.8,6.7,9.1,524,443,,
2022,MT,Montana,Petroleum,30069,DIABETES,Diagnosed diabetes among adults,Crude prevalence,CrdPrv,11.8,10.0,13.6,524,443,,
2022,MT,Montana,Phillips,30071,DIABETES,Diagnosed diabetes among adults,Age-adjusted prevalence,AgeAdjPrv,7.7,6.7,9.0,4240,3230,,
2022,MT,Montana,Phillips,30071,DIABETES,Diagnosed diabetes among adults,Crude prevalence,CrdPrv,10.7,9.3,12.4,4240,3230,,
2022,MT,Montana,Pondera,30073,DIABETES,Diagnosed diabetes among adults,Age-adjusted prevalence,AgeAdjPrv,8.8,7.6,10.2,6078,4632,,
2022,MT,Montana,Pondera,30073,DIABETES,Diagnosed diabetes among adults,Crude prevalence,CrdPrv,11.4,9.8,13.1,6078,4632,,
2022,MT,Montana,Powder River,30075,DIABETES,Diagnosed diabetes among adults,Age-adjusted prevalence,AgeAdjPrv,8.4,7.2,9.7,1725,1429,,
2022,MT,Montana,Powder River,30075,DIABETES,Diagnosed diabetes among adults,Crude prevalence,CrdPrv,12.1,10.4,14.0,1725,1429,,
2022,MT,Montana,Powell,30077,DIABETES,Diagnosed diabetes among adults,Age-adjusted prevalence,AgeAdjPrv,8.6,7.4,10.0,7051,6019,,
2022,MT,Montana,Powell,30077,DIABETES,Diagnosed diabetes among adults,Crude prevalence,CrdPrv,10.5,9.1,12.2,7051,6019,,
2022,MT,Montana,Prairie,30079,DIABETES,Diagnosed diabetes among adults,Age-adjusted prevalence,AgeAdjPrv,10.3,8.9,11.8,1107,875,,
2022,MT,Montana,Prairie,30079,DIABETES,Diagnosed diabetes among adults,Crude prevalence,CrdPrv,16.3,14.1,18.7,1107,875,,
2022,MT,Montana,Ravalli,30081,DIABETES,Diagnosed diabetes among adults,Age-adjusted prevalence,AgeAdjPrv,7.1,6.1,8.2,47298,38588,,
2022,MT,Montana,Ravalli,30081,DIABETES,Diagnosed diabetes among adults,Crude prevalence,CrdPrv,10.1,8.7,11.7,47298,38588,,
2022,MT,Montana,Richland,30083,DIABETES,Diagnosed diabetes among adults,Age-adjusted prevalence,AgeAdjPrv,7.8,6.6,9.0,11237,8404,,
2022,MT,Montana,Richland,30083,DIABETES,Diagnosed diabetes among adults,Crude prevalence,CrdPrv,9.3,7.9,10.7,11237,8404,,
2022,MT,Montana,Roosevelt,30085,DIABETES,Diagnosed diabetes among adults,Age-adjusted prevalence,AgeAdjPrv,13.0,11.3,14.9,10572,7010,,
2022,MT,Montana,Roosevelt,30085,DIABETES,Diagnosed diabetes among adults,Crude prevalence,CrdPrv,13.4,11.6,15.2,10572,7010,,
2022,MT,Montana,Rosebud,30087,DIABETES,Diagnosed diabetes among adults,Age-adjusted prevalence,AgeAdjPrv,10.8,9.3,12.4,8088,5711,,
2022,MT,Montana,Rosebud,30087,DIABETES,Diagnosed diabetes among adults,Crude prevalence,CrdPrv,12.5,10.8,14.2,8088,5711,,
2022,MT,Montana,Sanders,30089,DIABETES,Diagnosed diabetes among adults,Age-adjusted prevalence,AgeAdjPrv,8.6,7.4,10.0,13442,11178,,
2022,MT,Montana,Sanders,30089,DIABETES,Diagnosed diabetes among adults,Crude prevalence,CrdPrv,13.3,11.5,15.4,13442,11178,,
2022,MT,Montana,Sheridan,30091,DIABETES,Diagnosed diabetes among adults,Age-adjusted prevalence,AgeAdjPrv,7.4,6.3,8.6,3564,2829,,
2022,MT,Montana,Sheridan,30091,DIABETES,Diagnosed diabetes among adults,Crude prevalence,CrdPrv,10.2,8.7,11.8,3564,2829,,
2022,MT,Montana,Silver Bow,30093,DIABETES,Diagnosed diabetes among adults,Age-adjusted prevalence,AgeAdjPrv,8.1,7.0,9.3,36068,28941,,
2022,MT,Montana,Silver Bow,30093,DIABETES,Diagnosed diabetes among adults,Crude prevalence,CrdPrv,9.5,8.3,11.0,36068,28941,,
2022,MT,Montana,Stillwater,30095,DIABETES,Diagnosed diabetes among adults,Age-adjusted prevalence,AgeAdjPrv,6.8,5.9,7.9,9177,7307,,
2022,MT,Montana,Stillwater,30095,DIABETES,Diagnosed diabetes among adults,Crude prevalence,CrdPrv,9.7,8.3,11.1,9177,7307,,
2022,MT,Montana,Sweet Grass,30097,DIABETES,Diagnosed diabetes among adults,Age-adjusted prevalence,AgeAdjPrv,7.3,6.2,8.4,3715,3013,,
2022,MT,Montana,Sweet Grass,30097,DIABETES,Diagnosed diabetes among adults,Crude prevalence,CrdPrv,10.4,8.8,11.9,3715,3013,,
2022,MT,Montana,Teton,30099,DIABETES,Diagnosed diabetes among adults,Age-adjusted prevalence,AgeAdjPrv,7.6,6.5,8.8,6368,4812,,
2022,MT,Montana,Teton,30099,DIABETES,Diagnosed diabetes among adults,Crude prevalence,CrdPrv,10.2,8.7,11.8,6368,4812,,
2022,MT,Montana,Toole,30101,DIABETES,Diagnosed diabetes among adults,Age-adjusted prevalence,AgeAdjPrv,8.8,7.5,10.1,5082,4012,,
2022,MT,Montana,Toole,30101,DIABETES,Diagnosed diabetes among adults,Crude prevalence,CrdPrv,9.9,8.5,11.4,5082,4012,,
2022,MT,Montana,Treasure,30103,DIABETES,Diagnosed diabetes among adults,Age-adjusted prevalence,AgeAdjPrv,7.6,6.6,8.8,758,585,,
2022,MT,Montana,Treasure,30103,DIABETES,Diagnosed diabetes among adults,Crude prevalence,CrdPrv,11.6,10.0,13.3,758,585,,
2022,MT,Montana,Valley,30105,DIABETES,Diagnosed diabetes among adults,Age-adjusted prevalence,AgeAdjPrv,8.3,7.1,9.6,7513,5884,,
2022,MT,Montana,Valley,30105,DIABETES,Diagnosed diabetes among adults,Crude prevalence,CrdPrv,11.2,9.6,12.9,7513,5884,,
2022,MT,Montana,Wheatland,30107,DIABETES,Diagnosed diabetes among adults,Age-adjusted prevalence,AgeAdjPrv,9.0,7.8,10.4,2032,1531,,
2022,MT,Montana,Wheatland,30107,DIABETES,Diagnosed diabetes among adults,Crude prevalence,CrdPrv,12.4,10.6,14.1,2032,1531,,
2022,MT,Montana,Wibaux,30109,DIABETES,Diagnosed diabetes among adults,Age-adjusted prevalence,AgeAdjPrv,8.3,7.1,9.6,919,723,,
2022,MT,Montana,Wibaux,30109,DIABETES,Diagnosed diabetes among adults,Crude prevalence,CrdPrv,11.4,9.8,13.1,919,723,,
2022,MT,Montana,Yellowstone,30111,DIABETES,Diagnosed diabetes among adults,Age-adjusted prevalence,AgeAdjPrv,8.2,7.1,9.4,169852,131164,,
2022,MT,Montana,Yellowstone,30111,DIABETES,Diagnosed diabetes among adults,Crude prevalence,CrdPrv,9.3,8.2,10.7,169852,131164,,
2022,NE,Nebraska,Adams,31001,DIABETES,Diagnosed diabetes among adults,Age-adjusted prevalence,AgeAdjPrv,9.6,8.3,11.0,30970,23697,,
2022,NE,Nebraska,Adams,31001,DIABETES,Diagnosed diabetes among adults,Crude prevalence,CrdPrv,11.3,9.8,12.9,30970,23697,,
2022,NE,Nebraska,Antelope,31003,DIABETES,Diagnosed diabetes among adults,Age-adjusted prevalence,AgeAdjPrv,8.9,7.6,10.3,6293,4740,,
2022,NE,Nebraska,Antelope,31003,DIABETES,Diagnosed diabetes among adults,Crude prevalence,CrdPrv,11.9,10.2,13.6,6293,4740,,
2022,NE,Nebraska,Arthur,31005,DIABETES,Diagnosed diabetes among adults,Age-adjusted prevalence,AgeAdjPrv,9.3,8.0,10.7,433,333,,
2022,NE,Nebraska,Arthur,31005,DIABETES,Diagnosed diabetes among adults,Crude prevalence,CrdPrv,11.7,10.2,13.5,433,333,,
2022,NE,Nebraska,Banner,31007,DIABETES,Diagnosed diabetes among adults,Age-adjusted prevalence,AgeAdjPrv,9.0,7.7,10.3,660,515,,
2022,NE,Nebraska,Banner,31007,DIABETES,Diagnosed diabetes among adults,Crude prevalence,CrdPrv,13.1,11.3,15.0,660,515,,
2022,NE,Nebraska,Blaine,31009,DIABETES,Diagnosed diabetes among adults,Age-adjusted prevalence,AgeAdjPrv,9.8,8.5,11.3,453,360,,
2022,NE,Nebraska,Blaine,31009,DIABETES,Diagnosed diabetes among adults,Crude prevalence,CrdPrv,13.6,11.8,15.6,453,360,,
2022,NE,Nebraska,Boone,31011,DIABETES,Diagnosed diabetes among adults,Age-adjusted prevalence,AgeAdjPrv,9.0,7.8,10.3,5385,4082,,
2022,NE,Nebraska,Boone,31011,DIABETES,Diagnosed diabetes among adults,Crude prevalence,CrdPrv,12.0,10.5,13.7,5385,4082,,
2022,NE,Nebraska,Box Butte,31013,DIABETES,Diagnosed diabetes among adults,Age-adjusted prevalence,AgeAdjPrv,9.8,8.5,11.3,10672,7978,,
2022,NE,Nebraska,Box Butte,31013,DIABETES,Diagnosed diabetes among adults,Crude prevalence,CrdPrv,12.2,10.5,14.0,10672,7978,,
2022,NE,Nebraska,Boyd,31015,DIABETES,Diagnosed diabetes among adults,Age-adjusted prevalence,AgeAdjPrv,9.7,8.3,11.2,1741,1419,,
2022,NE,Nebraska,Boyd,31015,DIABETES,Diagnosed diabetes among adults,Crude prevalence,CrdPrv,14.1,12.1,16.2,1741,1419,,
2022,NE,Nebraska,Brown,31017,DIABETES,Diagnosed diabetes among adults,Age-adjusted prevalence,AgeAdjPrv,9.4,8.1,10.8,2872,2257,,
2022,NE,Nebraska,Brown,31017,DIABETES,Diagnosed diabetes among adults,Crude prevalence,CrdPrv,12.7,11.0,14.6,2872,2257,,
2022,NE,Nebraska,Buffalo,31019,DIABETES,Diagnosed diabetes among adults,Age-adjusted prevalence,AgeAdjPrv,10.2,8.8,11.7,50586,39327,,
2022,NE,Nebraska,Buffalo,31019,DIABETES,Diagnosed diabetes among adults,Crude prevalence,CrdPrv,10.5,9.2,12.0,50586,39327,,
2022,NE,Nebraska,Burt,31021,DIABETES,Diagnosed diabetes among adults,Age-adjusted prevalence,AgeAdjPrv,9.7,8.3,11.2,6755,5190,,
2022,NE,Nebraska,Burt,31021,DIABETES,Diagnosed diabetes among adults,Crude prevalence,CrdPrv,13.0,11.2,14.9,6755,5190,,
2022,NE,Nebraska,Butler,31023,DIABETES,Diagnosed diabetes among adults,Age-adjusted prevalence,AgeAdjPrv,8.4,7.2,9.9,8427,6421,,
2022,NE,Nebraska,Butler,31023,DIABETES,Diagnosed diabetes among adults,Crude prevalence,CrdPrv,10.7,9.2,12.5,8427,6421,,
2022,NE,Nebraska,Cass,31025,DIABETES,Diagnosed diabetes among adults,Age-adjusted prevalence,AgeAdjPrv,8.3,7.1,9.6,27122,20908,,
2022,NE,Nebraska,Cass,31025,DIABETES,Diagnosed diabetes among adults,Crude prevalence,CrdPrv,10.5,9.0,12.2,27122,20908,,
2022,NE,Nebraska,Cedar,31027,DIABETES,Diagnosed diabetes among adults,Age-adjusted prevalence,AgeAdjPrv,8.8,7.6,10.1,8371,6215,,
2022,NE,Nebraska,Cedar,31027,DIABETES,Diagnosed diabetes among adults,Crude prevalence,CrdPrv,11.8,10.2,13.5,8371,6215,,
2022,NE,Nebraska,Chase,31029,DIABETES,Diagnosed diabetes among adults,Age-adjusted prevalence,AgeAdjPrv,10.0,8.6,11.5,3772,2833,,
2022,NE,Nebraska,Chase,31029,DIABETES,Diagnosed diabetes among adults,Crude prevalence,CrdPrv,13.0,11.2,14.8,3772,2833,,
2022,NE,Nebraska,Cherry,31031,DIABETES,Diagnosed diabetes among adults,Age-adjusted prevalence,AgeAdjPrv,10.8,9.5,12.2,5464,4100,,
2022,NE,Nebraska,Cherry,31031,DIABETES,Diagnosed diabetes among adults,Crude prevalence,CrdPrv,13.8,12.1,15.4,5464,4100,,
2022,NE,Nebraska,Cheyenne,31033,DIABETES,Diagnosed diabetes among adults,Age-adjusted prevalence,AgeAdjPrv,9.7,8.3,11.1,9511,7343,,
2022,NE,Nebraska,Cheyenne,31033,DIABETES,Diagnosed diabetes among adults,Crude prevalence,CrdPrv,12.6,10.9,14.4,9511,7343,,
2022,NE,Nebraska,Clay,31035,DIABETES,Diagnosed diabetes among adults,Age-adjusted prevalence,AgeAdjPrv,9.9,8.5,11.4,6049,4553,,
2022,NE,Nebraska,Clay,31035,DIABETES,Diagnosed diabetes among adults,Crude prevalence,CrdPrv,12.4,10.7,14.3,6049,4553,,
2022,NE,Nebraska,Colfax,31037,DIABETES,Diagnosed diabetes among adults,Age-adjusted prevalence,AgeAdjPrv,12.2,10.6,14.0,10444,7323,,
2022,NE,Nebraska,Colfax,31037,DIABETES,Diagnosed diabetes among adults,Crude prevalence,CrdPrv,13.4,11.7,15.3,10444,7323,,
2022,NE,Nebraska,Cuming,31039,DIABETES,Diagnosed diabetes among adults,Age-adjusted prevalence,AgeAdjPrv,9.7,8.4,11.1,8929,6770,,
2022,NE,Nebraska,Cuming,31039,DIABETES,Diagnosed diabetes among adults,Crude prevalence,CrdPrv,12.4,10.8,14.2,8929,6770,,
2022,NE,Nebraska,Custer,31041,DIABETES,Diagnosed diabetes among adults,Age-adjusted prevalence,AgeAdjPrv,9.6,8.3,11.0,10476,7976,,
2022,NE,Nebraska,Custer,31041,DIABETES,Diagnosed diabetes among adults,Crude prevalence,CrdPrv,12.7,11.0,14.5,10476,7976,,
2022,NE,Nebraska,Dakota,31043,DIABETES,Diagnosed diabetes among adults,Age-adjusted prevalence,AgeAdjPrv,12.7,11.2,14.4,21042,14922,,
2022,NE,Nebraska,Dakota,31043,DIABETES,Diagnosed diabetes among adults,Crude prevalence,CrdPrv,13.6,12.0,15.4,21042,14922,,
2022,NE,Nebraska,Dawes,31045,DIABETES,Diagnosed diabetes among adults,Age-adjusted prevalence,AgeAdjPrv,9.7,8.4,11.1,8241,6769,,
2022,NE,Nebraska,Dawes,31045,DIABETES,Diagnosed diabetes among adults,Crude prevalence,CrdPrv,10.4,9.0,11.9,8241,6769,,
2022,NE,Nebraska,Dawson,31047,DIABETES,Diagnosed diabetes among adults,Age-adjusted prevalence,AgeAdjPrv,11.9,10.3,13.6,23884,17373,,
2022,NE,Nebraska,Dawson,31047,DIABETES,Diagnosed diabetes among adults,Crude prevalence,CrdPrv,13.6,11.8,15.5,23884,17373,,
2022,NE,Nebraska,Deuel,31049,DIABETES,Diagnosed diabetes among adults,Age-adjusted prevalence,AgeAdjPrv,9.7,8.3,11.1,1902,1505,,
2022,NE,Nebraska,Deuel,31049,DIABETES,Diagnosed diabetes among adults,Crude prevalence,CrdPrv,14.2,12.3,16.4,1902,1505,,
2022,NE,Nebraska,Dixon,31051,DIABETES,Diagnosed diabetes among adults,Age-adjusted prevalence,AgeAdjPrv,10.2,8.8,11.8,5464,4099,,
2022,NE,Nebraska,Dixon,31051,DIABETES,Diagnosed diabetes among adults,Crude prevalence,CrdPrv,13.4,11.6,15.3,5464,4099,,
2022,NE,Nebraska,Dodge,31053,DIABETES,Diagnosed diabetes among adults,Age-adjusted prevalence,AgeAdjPrv,9.6,8.2,11.0,36997,27941,,
2022,NE,Nebraska,Dodge,31053,DIABETES,Diagnosed diabetes among adults,Crude prevalence,CrdPrv,11.5,10.0,13.2,36997,27941,,
2022,NE,Nebraska,Douglas,31055,DIABETES,Diagnosed diabetes among adults,Age-adjusted prevalence,AgeAdjPrv,10.0,8.9,11.3,586327,439902,,
2022,NE,Nebraska,Douglas,31055,DIABETES,Diagnosed diabetes among adults,Crude prevalence,CrdPrv,10.5,9.4,11.9,586327,439902,,
2022,NE,Nebraska,Dundy,31057,DIABETES,Diagnosed diabetes among adults,Age-adjusted prevalence,AgeAdjPrv,9.5,8.2,11.0,1590,1286,,
2022,NE,Nebraska,Dundy,31057,DIABETES,Diagnosed diabetes among adults,Crude prevalence,CrdPrv,12.9,11.0,14.7,1590,1286,,
2022,NE,Nebraska,Fillmore,31059,DIABETES,Diagnosed diabetes among adults,Age-adjusted prevalence,AgeAdjPrv,9.1,7.9,10.5,5553,4519,,
2022,NE,Nebraska,Fillmore,31059,DIABETES,Diagnosed diabetes among adults,Crude prevalence,CrdPrv,12.2,10.6,14.0,5553,4519,,
2022,NE,Nebraska,Franklin,31061,DIABETES,Diagnosed diabetes among adults,Age-adjusted prevalence,AgeAdjPrv,9.9,8.5,11.3,2873,2264,,
2022,NE,Nebraska,Franklin,31061,DIABETES,Diagnosed diabetes among adults,Crude prevalence,CrdPrv,13.9,12.0,16.0,2873,2264,,
2022,NE,Nebraska,Frontier,31063,DIABETES,Diagnosed diabetes among adults,Age-adjusted prevalence,AgeAdjPrv,9.7,8.4,11.1,2633,2089,,
2022,NE,Nebraska,Frontier,31063,DIABETES,Diagnosed diabetes among adults,Crude prevalence,CrdPrv,12.8,11.0,14.6,2633,2089,,
2022,NE,Nebraska,Furnas,31065,DIABETES,Diagnosed diabetes among adults,Age-adjusted prevalence,AgeAdjPrv,10.0,8.5,11.5,4575,3585,,
2022,NE,Nebraska,Furnas,31065,DIABETES,Diagnosed diabetes among adults,Crude prevalence,CrdPrv,13.5,11.7,15.5,4575,3585,,
2022,NE,Nebraska,Gage,31067,DIABETES,Diagnosed diabetes among adults,Age-adjusted prevalence,AgeAdjPrv,10.2,8.9,11.7,21583,16802,,
2022,NE,Nebraska,Gage,31067,DIABETES,Diagnosed diabetes among adults,Crude prevalence,CrdPrv,13.4,11.6,15.2,21583,16802,,
2022,NE,Nebraska,Garden,31069,DIABETES,Diagnosed diabetes among adults,Age-adjusted prevalence,AgeAdjPrv,10.7,9.3,12.3,1837,1485,,
2022,NE,Nebraska,Garden,31069,DIABETES,Diagnosed diabetes among adults,Crude prevalence,CrdPrv,15.3,13.3,17.5,1837,1485,,
2022,NE,Nebraska,Garfield,31071,DIABETES,Diagnosed diabetes among adults,Age-adjusted prevalence,AgeAdjPrv,8.5,7.3,9.9,1801,1477,,
2022,NE,Nebraska,Garfield,31071,DIABETES,Diagnosed diabetes among adults,Crude prevalence,CrdPrv,12.2,10.4,14.0,1801,1477,,
2022,NE,Nebraska,Gosper,31073,DIABETES,Diagnosed diabetes among adults,Age-adjusted prevalence,AgeAdjPrv,9.0,7.7,10.3,1808,1421,,
2022,NE,Nebraska,Gosper,31073,DIABETES,Diagnosed diabetes among adults,Crude prevalence,CrdPrv,11.8,10.2,13.6,1808,1421,,
2022,NE,Nebraska,Grant,31075,DIABETES,Diagnosed diabetes among adults,Age-adjusted prevalence,AgeAdjPrv,8.4,7.3,9.8,576,434,,
2022,NE,Nebraska,Grant,31075,DIABETES,Diagnosed diabetes among adults,Crude prevalence,CrdPrv,11.8,10.2,13.6,576,434,,
2022,NE,Nebraska,Greeley,31077,DIABETES,Diagnosed diabetes among adults,Age-adjusted prevalence,AgeAdjPrv,9.0,7.7,10.4,2227,1680,,
2022,NE,Nebraska,Greeley,31077,DIABETES,Diagnosed diabetes among adults,Crude prevalence,CrdPrv,12.2,10.4,14.0,2227,1680,,
2022,NE,Nebraska,Hall,31079,DIABETES,Diagnosed diabetes among adults,Age-adjusted prevalence,AgeAdjPrv,11.0,9.7,12.5,62097,45370,,
2022,NE,Nebraska,Hall,31079,DIABETES,Diagnosed diabetes among adults,Crude prevalence,CrdPrv,12.2,10.8,13.9,62097,45370,,
2022,NE,Nebraska,Hamilton,31081,DIABETES,Diagnosed diabetes among adults,Age-adjusted prevalence,AgeAdjPrv,9.0,7.7,10.4,9429,7157,,
2022,NE,Nebraska,Hamilton,31081,DIABETES,Diagnosed diabetes among adults,Crude prevalence,CrdPrv,11.3,9.7,13.0,9429,7157,,
2022,NE,Nebraska,Harlan,31083,DIABETES,Diagnosed diabetes among adults,Age-adjusted prevalence,AgeAdjPrv,8.8,7.6,10.2,3054,2405,,
2022,NE,Nebraska,Harlan,31083,DIABETES,Diagnosed diabetes among adults,Crude prevalence,CrdPrv,12.7,11.0,14.6,3054,2405,,
2022,NE,Nebraska,Hayes,31085,DIABETES,Diagnosed diabetes among adults,Age-adjusted prevalence,AgeAdjPrv,10.6,9.1,12.2,849,640,,
2022,NE,Nebraska,Hayes,31085,DIABETES,Diagnosed diabetes among adults,Crude prevalence,CrdPrv,15.5,13.4,17.8,849,640,,
2022,NE,Nebraska,Hitchcock,31087,DIABETES,Diagnosed diabetes among adults,Age-adjusted prevalence,AgeAdjPrv,10.0,8.5,11.4,2598,1982,,
2022,NE,Nebraska,Hitchcock,31087,DIABETES,Diagnosed diabetes among adults,Crude prevalence,CrdPrv,13.5,11.6,15.5,2598,1982,,
2022,NE,Nebraska,Holt,31089,DIABETES,Diagnosed diabetes among adults,Age-adjusted prevalence,AgeAdjPrv,9.9,8.6,11.4,10043,7470,,
2022,NE,Nebraska,Holt,31089,DIABETES,Diagnosed diabetes among adults,Crude prevalence,CrdPrv,13.5,11.6,15.4,10043,7470,,
2022,NE,Nebraska,Hooker,31091,DIABETES,Diagnosed diabetes among adults,Age-adjusted prevalence,AgeAdjPrv,9.2,7.9,10.5,686,540,,
2022,NE,Nebraska,Hooker,31091,DIABETES,Diagnosed diabetes among adults,Crude prevalence,CrdPrv,12.3,10.7,14.1,686,540,,
2022,NE,Nebraska,Howard,31093,DIABETES,Diagnosed diabetes among adults,Age-adjusted prevalence,AgeAdjPrv,8.8,7.6,10.2,6515,4964,,
2022,NE,Nebraska,Howard,31093,DIABETES,Diagnosed diabetes among adults,Crude prevalence,CrdPrv,11.5,9.9,13.2,6515,4964,,
2022,NE,Nebraska,Jefferson,31095,DIABETES,Diagnosed diabetes among adults,Age-adjusted prevalence,AgeAdjPrv,9.9,8.5,11.4,7154,5519,,
2022,NE,Nebraska,Jefferson,31095,DIABETES,Diagnosed diabetes among adults,Crude prevalence,CrdPrv,13.5,11.7,15.5,7154,5519,,
2022,NE,Nebraska,Johnson,31097,DIABETES,Diagnosed diabetes among adults,Age-adjusted prevalence,AgeAdjPrv,9.8,8.3,11.1,5287,4333,,
2022,NE,Nebraska,Johnson,31097,DIABETES,Diagnosed diabetes among adults,Crude prevalence,CrdPrv,11.2,9.6,12.8,5287,4333,,
2022,NE,Nebraska,Kearney,31099,DIABETES,Diagnosed diabetes among adults,Age-adjusted prevalence,AgeAdjPrv,9.4,8.1,10.9,6690,5000,,
2022,NE,Nebraska,Kearney,31099,DIABETES,Diagnosed diabetes among adults,Crude prevalence,CrdPrv,12.1,10.3,13.9,6690,5000,,
2022,NE,Nebraska,Keith,31101,DIABETES,Diagnosed diabetes among adults,Age-adjusted prevalence,AgeAdjPrv,9.5,8.2,10.9,8269,6605,,
2022,NE,Nebraska,Keith,31101,DIABETES,Diagnosed diabetes among adults,Crude prevalence,CrdPrv,13.6,11.8,15.5,8269,6605,,
2022,NE,Nebraska,Keya Paha,31103,DIABETES,Diagnosed diabetes among adults,Age-adjusted prevalence,AgeAdjPrv,9.7,8.3,11.1,787,640,,
2022,NE,Nebraska,Keya Paha,31103,DIABETES,Diagnosed diabetes among adults,Crude prevalence,CrdPrv,14.4,12.4,16.5,787,640,,
2022,NE,Nebraska,Kimball,31105,DIABETES,Diagnosed diabetes among adults,Age-adjusted prevalence,AgeAdjPrv,11.0,9.4,12.5,3315,2661,,
2022,NE,Nebraska,Kimball,31105,DIABETES,Diagnosed diabetes among adults,Crude prevalence,CrdPrv,15.0,12.9,17.0,3315,2661,,
2022,NE,Nebraska,Knox,31107,DIABETES,Diagnosed diabetes among adults,Age-adjusted prevalence,AgeAdjPrv,10.1,8.7,11.6,8336,6269,,
2022,NE,Nebraska,Knox,31107,DIABETES,Diagnosed diabetes among adults,Crude prevalence,CrdPrv,13.9,12.0,15.9,8336,6269,,
2022,NE,Nebraska,Lancaster,31109,DIABETES,Diagnosed diabetes among adults,Age-adjusted prevalence,AgeAdjPrv,9.2,8.1,10.5,324756,252856,,
2022,NE,Nebraska,Lancaster,31109,DIABETES,Diagnosed diabetes among adults,Crude prevalence,CrdPrv,9.5,8.3,10.8,324756,252856,,
2022,NE,Nebraska,Lincoln,31111,DIABETES,Diagnosed diabetes among adults,Age-adjusted prevalence,AgeAdjPrv,11.3,9.9,12.9,33685,26036,,
2022,NE,Nebraska,Lincoln,31111,DIABETES,Diagnosed diabetes among adults,Crude prevalence,CrdPrv,14.5,12.7,16.4,33685,26036,,
2022,NE,Nebraska,Logan,31113,DIABETES,Diagnosed diabetes among adults,Age-adjusted prevalence,AgeAdjPrv,7.8,6.7,9.0,675,525,,
2022,NE,Nebraska,Logan,31113,DIABETES,Diagnosed diabetes among adults,Crude prevalence,CrdPrv,10.0,8.6,11.6,675,525,,
2022,NE,Nebraska,Loup,31115,DIABETES,Diagnosed diabetes among adults,Age-adjusted prevalence,AgeAdjPrv,9.4,8.1,10.9,599,487,,
2022,NE,Nebraska,Loup,31115,DIABETES,Diagnosed diabetes among adults,Crude prevalence,CrdPrv,13.8,11.9,15.9,599,487,,
2022,NE,Nebraska,McPherson,31117,DIABETES,Diagnosed diabetes among adults,Age-adjusted prevalence,AgeAdjPrv,10.0,8.6,11.4,372,304,,
2022,NE,Nebraska,McPherson,31117,DIABETES,Diagnosed diabetes among adults,Crude prevalence,CrdPrv,13.7,11.9,15.6,372,304,,
2022,NE,Nebraska,Madison,31119,DIABETES,Diagnosed diabetes among adults,Age-adjusted prevalence,AgeAdjPrv,10.2,8.6,11.9,35368,26467,,
2022,NE,Nebraska,Madison,31119,DIABETES,Diagnosed diabetes among adults,Crude prevalence,CrdPrv,11.7,9.8,13.6,35368,26467,,
2022,NE,Nebraska,Merrick,31121,DIABETES,Diagnosed diabetes among adults,Age-adjusted prevalence,AgeAdjPrv,9.5,8.2,11.0,7721,6010,,
2022,NE,Nebraska,Merrick,31121,DIABETES,Diagnosed diabetes among adults,Crude prevalence,CrdPrv,12.1,10.4,14.0,7721,6010,,
2022,NE,Nebraska,Morrill,31123,DIABETES,Diagnosed diabetes among adults,Age-adjusted prevalence,AgeAdjPrv,9.7,8.4,11.1,4527,3498,,
2022,NE,Nebraska,Morrill,31123,DIABETES,Diagnosed diabetes among adults,Crude prevalence,CrdPrv,12.6,10.9,14.4,4527,3498,,
2022,NE,Nebraska,Nance,31125,DIABETES,Diagnosed diabetes among adults,Age-adjusted prevalence,AgeAdjPrv,9.9,8.6,11.5,3326,2543,,
2022,NE,Nebraska,Nance,31125,DIABETES,Diagnosed diabetes among adults,Crude prevalence,CrdPrv,12.8,11.2,14.8,3326,2543,,
2022,NE,Nebraska,Nemaha,31127,DIABETES,Diagnosed diabetes among adults,Age-adjusted prevalence,AgeAdjPrv,9.5,8.2,10.9,7035,5423,,
2022,NE,Nebraska,Nemaha,31127,DIABETES,Diagnosed diabetes among adults,Crude prevalence,CrdPrv,11.3,9.8,12.9,7035,5423,,
2022,NE,Nebraska,Nuckolls,31129,DIABETES,Diagnosed diabetes among adults,Age-adjusted prevalence,AgeAdjPrv,8.8,7.5,10.1,4041,3222,,
2022,NE,Nebraska,Nuckolls,31129,DIABETES,Diagnosed diabetes among adults,Crude prevalence,CrdPrv,12.5,10.8,14.4,4041,3222,,
2022,NE,Nebraska,Otoe,31131,DIABETES,Diagnosed diabetes among adults,Age-adjusted prevalence,AgeAdjPrv,9.4,8.1,10.9,16198,12325,,
2022,NE,Nebraska,Otoe,31131,DIABETES,Diagnosed diabetes among adults,Crude prevalence,CrdPrv,11.7,10.1,13.5,16198,12325,,
2022,NE,Nebraska,Pawnee,31133,DIABETES,Diagnosed diabetes among adults,Age-adjusted prevalence,AgeAdjPrv,9.9,8.5,11.4,2528,1957,,
2022,NE,Nebraska,Pawnee,31133,DIABETES,Diagnosed diabetes among adults,Crude prevalence,CrdPrv,14.4,12.5,16.5,2528,1957,,
2022,NE,Nebraska,Perkins,31135,DIABETES,Diagnosed diabetes among adults,Age-adjusted prevalence,AgeAdjPrv,9.6,8.3,11.1,2829,2157,,
2022,NE,Nebraska,Perkins,31135,DIABETES,Diagnosed diabetes among adults,Crude prevalence,CrdPrv,12.5,10.8,14.3,2829,2157,,
2022,NE,Nebraska,Phelps,31137,DIABETES,Diagnosed diabetes among adults,Age-adjusted prevalence,AgeAdjPrv,8.7,7.5,10.1,8988,6813,,
2022,NE,Nebraska,Phelps,31137,DIABETES,Diagnosed diabetes among adults,Crude prevalence,CrdPrv,10.7,9.3,12.3,8988,6813,,
2022,NE,Nebraska,Pierce,31139,DIABETES,Diagnosed diabetes among adults,Age-adjusted prevalence,AgeAdjPrv,8.6,7.4,9.9,7332,5459,,
2022,NE,Nebraska,Pierce,31139,DIABETES,Diagnosed diabetes among adults,Crude prevalence,CrdPrv,10.8,9.3,12.4,7332,5459,,
2022,NE,Nebraska,Platte,31141,DIABETES,Diagnosed diabetes among adults,Age-adjusted prevalence,AgeAdjPrv,9.6,8.3,11.0,34296,25404,,
2022,NE,Nebraska,Platte,31141,DIABETES,Diagnosed diabetes among adults,Crude prevalence,CrdPrv,11.3,9.8,12.9,34296,25404,,
2022,NE,Nebraska,Polk,31143,DIABETES,Diagnosed diabetes among adults,Age-adjusted prevalence,AgeAdjPrv,9.4,8.1,10.8,5166,3987,,
2022,NE,Nebraska,Polk,31143,DIABETES,Diagnosed diabetes among adults,Crude prevalence,CrdPrv,12.3,10.6,14.1,5166,3987,,
2022,NE,Nebraska,Red Willow,31145,DIABETES,Diagnosed diabetes among adults,Age-adjusted prevalence,AgeAdjPrv,9.0,7.8,10.3,10573,8205,,
2022,NE,Nebraska,Red Willow,31145,DIABETES,Diagnosed diabetes among adults,Crude prevalence,CrdPrv,11.2,9.7,12.8,10573,8205,,
2022,NE,Nebraska,Richardson,31147,DIABETES,Diagnosed diabetes among adults,Age-adjusted prevalence,AgeAdjPrv,10.5,9.1,12.0,7705,6023,,
2022,NE,Nebraska,Richardson,31147,DIABETES,Diagnosed diabetes among adults,Crude prevalence,CrdPrv,14.3,12.5,16.4,7705,6023,,
2022,NE,Nebraska,Rock,31149,DIABETES,Diagnosed diabetes among adults,Age-adjusted prevalence,AgeAdjPrv,9.0,7.8,10.4,1245,971,,
2022,NE,Nebraska,Rock,31149,DIABETES,Diagnosed diabetes among adults,Crude prevalence,CrdPrv,12.9,11.2,14.8,1245,971,,
2022,NE,Nebraska,Saline,31151,DIABETES,Diagnosed diabetes among adults,Age-adjusted prevalence,AgeAdjPrv,11.4,9.8,13.0,14116,10344,,
2022,NE,Nebraska,Saline,31151,DIABETES,Diagnosed diabetes among adults,Crude prevalence,CrdPrv,13.3,11.5,15.2,14116,10344,,
2022,NE,Nebraska,Sarpy,31153,DIABETES,Diagnosed diabetes among adults,Age-adjusted prevalence,AgeAdjPrv,10.0,8.7,11.3,196553,145286,,
2022,NE,Nebraska,Sarpy,31153,DIABETES,Diagnosed diabetes among adults,Crude prevalence,CrdPrv,10.3,9.0,11.7,196553,145286,,
2022,NE,Nebraska,Saunders,31155,DIABETES,Diagnosed diabetes among adults,Age-adjusted prevalence,AgeAdjPrv,8.6,7.4,9.9,23118,17404,,
2022,NE,Nebraska,Saunders,31155,DIABETES,Diagnosed diabetes among adults,Crude prevalence,CrdPrv,10.7,9.2,12.3,23118,17404,,
2022,NE,Nebraska,Scotts Bluff,31157,DIABETES,Diagnosed diabetes among adults,Age-adjusted prevalence,AgeAdjPrv,10.8,9.3,12.2,35603,26966,,
2022,NE,Nebraska,Scotts Bluff,31157,DIABETES,Diagnosed diabetes among adults,Crude prevalence,CrdPrv,13.0,11.3,14.7,35603,26966,,
2022,NE,Nebraska,Seward,31159,DIABETES,Diagnosed diabetes among adults,Age-adjusted prevalence,AgeAdjPrv,8.0,6.8,9.2,17692,13549,,
2022,NE,Nebraska,Seward,31159,DIABETES,Diagnosed diabetes among adults,Crude prevalence,CrdPrv,9.2,7.9,10.6,17692,13549,,
2022,NE,Nebraska,Sheridan,31161,DIABETES,Diagnosed diabetes among adults,Age-adjusted prevalence,AgeAdjPrv,9.8,8.4,11.1,4996,3915,,
2022,NE,Nebraska,Sheridan,31161,DIABETES,Diagnosed diabetes among adults,Crude prevalence,CrdPrv,13.1,11.3,14.8,4996,3915,,
2022,NE,Nebraska,Sherman,31163,DIABETES,Diagnosed diabetes among adults,Age-adjusted prevalence,AgeAdjPrv,10.0,8.6,11.5,2980,2320,,
2022,NE,Nebraska,Sherman,31163,DIABETES,Diagnosed diabetes among adults,Crude prevalence,CrdPrv,14.1,12.2,16.1,2980,2320,,
2022,NE,Nebraska,Sioux,31165,DIABETES,Diagnosed diabetes among adults,Age-adjusted prevalence,AgeAdjPrv,11.2,9.8,12.7,1127,942,,
2022,NE,Nebraska,Sioux,31165,DIABETES,Diagnosed diabetes among adults,Crude prevalence,CrdPrv,16.2,14.2,18.3,1127,942,,
2022,NE,Nebraska,Stanton,31167,DIABETES,Diagnosed diabetes among adults,Age-adjusted prevalence,AgeAdjPrv,9.5,8.1,11.0,5717,4351,,
2022,NE,Nebraska,Stanton,31167,DIABETES,Diagnosed diabetes among adults,Crude prevalence,CrdPrv,12.1,10.3,13.9,5717,4351,,
2022,NE,Nebraska,Thayer,31169,DIABETES,Diagnosed diabetes among adults,Age-adjusted prevalence,AgeAdjPrv,10.3,8.9,11.9,4885,3788,,
2022,NE,Nebraska,Thayer,31169,DIABETES,Diagnosed diabetes among adults,Crude prevalence,CrdPrv,14.1,12.3,16.3,4885,3788,,
2022,NE,Nebraska,Thomas,31171,DIABETES,Diagnosed diabetes among adults,Age-adjusted prevalence,AgeAdjPrv,8.9,7.6,10.4,671,522,,
2022,NE,Nebraska,Thomas,31171,DIABETES,Diagnosed diabetes among adults,Crude prevalence,CrdPrv,12.5,10.7,14.5,671,522,,
2022,NE,Nebraska,Thurston,31173,DIABETES,Diagnosed diabetes among adults,Age-adjusted prevalence,AgeAdjPrv,14.4,12.6,16.3,6507,4191,,
2022,NE,Nebraska,Thurston,31173,DIABETES,Diagnosed diabetes among adults,Crude prevalence,CrdPrv,14.7,12.8,16.6,6507,4191,,
2022,NE,Nebraska,Valley,31175,DIABETES,Diagnosed diabetes among adults,Age-adjusted prevalence,AgeAdjPrv,9.1,8.0,10.4,4073,3136,,
2022,NE,Nebraska,Valley,31175,DIABETES,Diagnosed diabetes among adults,Crude prevalence,CrdPrv,12.6,11.0,14.4,4073,3136,,
2022,NE,Nebraska,Washington,31177,DIABETES,Diagnosed diabetes among adults,Age-adjusted prevalence,AgeAdjPrv,8.1,7.0,9.3,21167,16210,,
2022,NE,Nebraska,Washington,31177,DIABETES,Diagnosed diabetes among adults,Crude prevalence,CrdPrv,10.4,8.9,11.9,21167,16210,,
2022,NE,Nebraska,Wayne,31179,DIABETES,Diagnosed diabetes among adults,Age-adjusted prevalence,AgeAdjPrv,9.6,8.3,11.0,9871,7957,,
2022,NE,Nebraska,Wayne,31179,DIABETES,Diagnosed diabetes among adults,Crude prevalence,CrdPrv,9.4,8.2,10.8,9871,7957,,
2022,NE,Nebraska,Webster,31181,DIABETES,Diagnosed diabetes among adults,Age-adjusted prevalence,AgeAdjPrv,10.1,8.6,11.6,3336,2573,,
2022,NE,Nebraska,Webster,31181,DIABETES,Diagnosed diabetes among adults,Crude prevalence,CrdPrv,13.2,11.3,15.1,3336,2573,,
2022,NE,Nebraska,Wheeler,31183,DIABETES,Diagnosed diabetes among adults,Age-adjusted prevalence,AgeAdjPrv,9.4,8.2,10.9,785,603,,
2022,NE,Nebraska,Wheeler,31183,DIABETES,Diagnosed diabetes among adults,Crude prevalence,CrdPrv,14.0,12.4,16.3,785,603,,
2022,NE,Nebraska,York,31185,DIABETES,Diagnosed diabetes among adults,Age-adjusted prevalence,AgeAdjPrv,8.5,7.3,9.8,14354,11069,,
2022,NE,Nebraska,York,31185,DIABETES,Diagnosed diabetes among adults,Crude prevalence,CrdPrv,10.5,9.0,12.2,14354,11069,,
2022,NV,Nevada,Churchill,32001,DIABETES,Diagnosed diabetes among adults,Age-adjusted prevalence,AgeAdjPrv,9.6,8.2,11.2,25843,19999,,
2022,NV,Nevada,Churchill,32001,DIABETES,Diagnosed diabetes among adults,Crude prevalence,CrdPrv,11.2,9.6,13.0,25843,19999,,
2022,NV,Nevada,Clark,32003,DIABETES,Diagnosed diabetes among adults,Age-adjusted prevalence,AgeAdjPrv,10.3,9.0,11.7,2322985,1807784,,
2022,NV,Nevada,Clark,32003,DIABETES,Diagnosed diabetes among adults,Crude prevalence,CrdPrv,11.2,9.8,12.8,2322985,1807784,,
2022,NV,Nevada,Douglas,32005,DIABETES,Diagnosed diabetes among adults,Age-adjusted prevalence,AgeAdjPrv,7.6,6.5,8.9,49628,42229,,
2022,NV,Nevada,Douglas,32005,DIABETES,Diagnosed diabetes among adults,Crude prevalence,CrdPrv,11.5,9.9,13.3,49628,42229,,
2022,NV,Nevada,Elko,32007,DIABETES,Diagnosed diabetes among adults,Age-adjusted prevalence,AgeAdjPrv,9.6,8.2,11.1,54046,39741,,
2022,NV,Nevada,Elko,32007,DIABETES,Diagnosed diabetes among adults,Crude prevalence,CrdPrv,10.1,8.7,11.7,54046,39741,,
2022,NV,Nevada,Esmeralda,32009,DIABETES,Diagnosed diabetes among adults,Age-adjusted prevalence,AgeAdjPrv,11.2,9.5,13.0,744,641,,
2022,NV,Nevada,Esmeralda,32009,DIABETES,Diagnosed diabetes among adults,Crude prevalence,CrdPrv,15.9,13.6,18.3,744,641,,
2022,NV,Nevada,Eureka,32011,DIABETES,Diagnosed diabetes among adults,Age-adjusted prevalence,AgeAdjPrv,10.1,8.7,11.7,1863,1455,,
2022,NV,Nevada,Eureka,32011,DIABETES,Diagnosed diabetes among adults,Crude prevalence,CrdPrv,13.3,11.4,15.3,1863,1455,,
2022,NV,Nevada,Humboldt,32013,DIABETES,Diagnosed diabetes among adults,Age-adjusted prevalence,AgeAdjPrv,10.8,9.3,12.5,17272,12680,,
2022,NV,Nevada,Humboldt,32013,DIABETES,Diagnosed diabetes among adults,Crude prevalence,CrdPrv,12.2,10.5,14.1,17272,12680,,
2022,NV,Nevada,Lander,32015,DIABETES,Diagnosed diabetes among adults,Age-adjusted prevalence,AgeAdjPrv,10.2,8.8,11.9,5766,4249,,
2022,NV,Nevada,Lander,32015,DIABETES,Diagnosed diabetes among adults,Crude prevalence,CrdPrv,11.9,10.2,13.8,5766,4249,,
2022,NV,Nevada,Lincoln,32017,DIABETES,Diagnosed diabetes among adults,Age-adjusted prevalence,AgeAdjPrv,9.1,7.6,10.7,4482,3541,,
2022,NV,Nevada,Lincoln,32017,DIABETES,Diagnosed diabetes among adults,Crude prevalence,CrdPrv,12.2,10.3,14.3,4482,3541,,
2022,NV,Nevada,Lyon,32019,DIABETES,Diagnosed diabetes among adults,Age-adjusted prevalence,AgeAdjPrv,9.8,8.3,11.3,61585,49044,,
2022,NV,Nevada,Lyon,32019,DIABETES,Diagnosed diabetes among adults,Crude prevalence,CrdPrv,12.2,10.4,14.2,61585,49044,,
2022,NV,Nevada,Mineral,32021,DIABETES,Diagnosed diabetes among adults,Age-adjusted prevalence,AgeAdjPrv,11.7,10.1,13.5,4525,3664,,
2022,NV,Nevada,Mineral,32021,DIABETES,Diagnosed diabetes among adults,Crude prevalence,CrdPrv,15.7,13.6,18.1,4525,3664,,
2022,NV,Nevada,Nye,32023,DIABETES,Diagnosed diabetes among adults,Age-adjusted prevalence,AgeAdjPrv,10.7,9.3,12.4,54738,45684,,
2022,NV,Nevada,Nye,32023,DIABETES,Diagnosed diabetes among adults,Crude prevalence,CrdPrv,15.4,13.3,17.7,54738,45684,,
2022,NV,Nevada,Pershing,32027,DIABETES,Diagnosed diabetes among adults,Age-adjusted prevalence,AgeAdjPrv,10.0,8.5,11.7,6462,5350,,
2022,NV,Nevada,Pershing,32027,DIABETES,Diagnosed diabetes among adults,Crude prevalence,CrdPrv,11.5,9.8,13.3,6462,5350,,
2022,NV,Nevada,Storey,32029,DIABETES,Diagnosed diabetes among adults,Age-adjusted prevalence,AgeAdjPrv,8.1,6.9,9.4,4170,3653,,
2022,NV,Nevada,Storey,32029,DIABETES,Diagnosed diabetes among adults,Crude prevalence,CrdPrv,12.4,10.5,14.3,4170,3653,,
2022,NV,Nevada,Washoe,32031,DIABETES,Diagnosed diabetes among adults,Age-adjusted prevalence,AgeAdjPrv,9.6,8.4,11.1,496745,394685,,
2022,NV,Nevada,Washoe,32031,DIABETES,Diagnosed diabetes among adults,Crude prevalence,CrdPrv,10.8,9.4,12.3,496745,394685,,
2022,NV,Nevada,White Pine,32033,DIABETES,Diagnosed diabetes among adults,Age-adjusted prevalence,AgeAdjPrv,10.1,8.7,11.7,8788,7008,,
2022,NV,Nevada,White Pine,32033,DIABETES,Diagnosed diabetes among adults,Crude prevalence,CrdPrv,12.2,10.4,14.1,8788,7008,,
2022,NV,Nevada,Carson City,32510,DIABETES,Diagnosed diabetes among adults,Age-adjusted prevalence,AgeAdjPrv,9.9,8.6,11.6,58130,46587,,
2022,NV,Nevada,Carson City,32510,DIABETES,Diagnosed diabetes among adults,Crude prevalence,CrdPrv,12.1,10.5,14.2,58130,46587,,
2022,NH,New Hampshire,Belknap,33001,DIABETES,Diagnosed diabetes among adults,Age-adjusted prevalence,AgeAdjPrv,8.1,7.0,9.2,64781,53686,,
2022,NH,New Hampshire,Belknap,33001,DIABETES,Diagnosed diabetes among adults,Crude prevalence,CrdPrv,11.0,9.6,12.6,64781,53686,,
2022,NH,New Hampshire,Carroll,33003,DIABETES,Diagnosed diabetes among adults,Age-adjusted prevalence,AgeAdjPrv,7.0,6.1,8.1,52199,44606,,
2022,NH,New Hampshire,Carroll,33003,DIABETES,Diagnosed diabetes among adults,Crude prevalence,CrdPrv,10.6,9.2,12.1,52199,44606,,
2022,NH,New Hampshire,Cheshire,33005,DIABETES,Diagnosed diabetes among adults,Age-adjusted prevalence,AgeAdjPrv,8.1,7.1,9.3,77350,63633,,
2022,NH,New Hampshire,Cheshire,33005,DIABETES,Diagnosed diabetes among adults,Crude prevalence,CrdPrv,10.4,9.0,11.8,77350,63633,,
2022,NH,New Hampshire,Coos,33007,DIABETES,Diagnosed diabetes among adults,Age-adjusted prevalence,AgeAdjPrv,9.1,7.8,10.4,31504,26410,,
2022,NH,New Hampshire,Coos,33007,DIABETES,Diagnosed diabetes among adults,Crude prevalence,CrdPrv,12.1,10.5,13.8,31504,26410,,
2022,NH,New Hampshire,Grafton,33009,DIABETES,Diagnosed diabetes among adults,Age-adjusted prevalence,AgeAdjPrv,7.6,6.6,8.8,91126,76667,,
2022,NH,New Hampshire,Grafton,33009,DIABETES,Diagnosed diabetes among adults,Crude prevalence,CrdPrv,9.6,8.4,11.0,91126,76667,,
2022,NH,New Hampshire,Hillsborough,33011,DIABETES,Diagnosed diabetes among adults,Age-adjusted prevalence,AgeAdjPrv,7.7,6.8,8.7,426594,343571,,
2022,NH,New Hampshire,Hillsborough,33011,DIABETES,Diagnosed diabetes among adults,Crude prevalence,CrdPrv,9.0,8.0,10.1,426594,343571,,
2022,NH,New Hampshire,Merrimack,33013,DIABETES,Diagnosed diabetes among adults,Age-adjusted prevalence,AgeAdjPrv,7.9,7.0,9.0,156020,127420,,
2022,NH,New Hampshire,Merrimack,33013,DIABETES,Diagnosed diabetes among adults,Crude prevalence,CrdPrv,9.7,8.5,11.0,156020,127420,,
2022,NH,New Hampshire,Rockingham,33015,DIABETES,Diagnosed diabetes among adults,Age-adjusted prevalence,AgeAdjPrv,7.5,6.5,8.5,319424,260968,,
2022,NH,New Hampshire,Rockingham,33015,DIABETES,Diagnosed diabetes among adults,Crude prevalence,CrdPrv,9.4,8.2,10.7,319424,260968,,
2022,NH,New Hampshire,Strafford,33017,DIABETES,Diagnosed diabetes among adults,Age-adjusted prevalence,AgeAdjPrv,9.1,8.1,10.3,132275,109065,,
2022,NH,New Hampshire,Strafford,33017,DIABETES,Diagnosed diabetes among adults,Crude prevalence,CrdPrv,9.8,8.7,11.1,132275,109065,,
2022,NH,New Hampshire,Sullivan,33019,DIABETES,Diagnosed diabetes among adults,Age-adjusted prevalence,AgeAdjPrv,8.6,7.4,9.8,43958,36281,,
2022,NH,New Hampshire,Sullivan,33019,DIABETES,Diagnosed diabetes among adults,Crude prevalence,CrdPrv,11.5,10.0,13.1,43958,36281,,
2022,NJ,New Jersey,Atlantic,34001,DIABETES,Diagnosed diabetes among adults,Age-adjusted prevalence,AgeAdjPrv,10.0,8.6,11.3,275638,218708,,
2022,NJ,New Jersey,Atlantic,34001,DIABETES,Diagnosed diabetes among adults,Crude prevalence,CrdPrv,12.1,10.5,13.7,275638,218708,,
2022,NJ,New Jersey,Bergen,34003,DIABETES,Diagnosed diabetes among adults,Age-adjusted prevalence,AgeAdjPrv,8.4,7.3,9.6,952997,756270,,
2022,NJ,New Jersey,Bergen,34003,DIABETES,Diagnosed diabetes among adults,Crude prevalence,CrdPrv,10.1,8.8,11.5,952997,756270,,
2022,NJ,New Jersey,Burlington,34005,DIABETES,Diagnosed diabetes among adults,Age-adjusted prevalence,AgeAdjPrv,8.4,7.2,9.5,466103,371279,,
2022,NJ,New Jersey,Burlington,34005,DIABETES,Diagnosed diabetes among adults,Crude prevalence,CrdPrv,10.1,8.8,11.4,466103,371279,,
2022,NJ,New Jersey,Camden,34007,DIABETES,Diagnosed diabetes among adults,Age-adjusted prevalence,AgeAdjPrv,10.1,8.8,11.5,524907,406743,,
2022,NJ,New Jersey,Camden,34007,DIABETES,Diagnosed diabetes among adults,Crude prevalence,CrdPrv,11.3,9.9,12.9,524907,406743,,
2022,NJ,New Jersey,Cape May,34009,DIABETES,Diagnosed diabetes among adults,Age-adjusted prevalence,AgeAdjPrv,8.5,7.2,9.9,95634,79399,,
2022,NJ,New Jersey,Cape May,34009,DIABETES,Diagnosed diabetes among adults,Crude prevalence,CrdPrv,12.1,10.3,14.1,95634,79399,,
2022,NJ,New Jersey,Cumberland,34011,DIABETES,Diagnosed diabetes among adults,Age-adjusted prevalence,AgeAdjPrv,11.3,10.0,12.7,151356,115030,,
2022,NJ,New Jersey,Cumberland,34011,DIABETES,Diagnosed diabetes among adults,Crude prevalence,CrdPrv,12.6,11.2,14.1,151356,115030,,
2022,NJ,New Jersey,Essex,34013,DIABETES,Diagnosed diabetes among adults,Age-adjusted prevalence,AgeAdjPrv,10.2,8.9,11.5,849477,651523,,
2022,NJ,New Jersey,Essex,34013,DIABETES,Diagnosed diabetes among adults,Crude prevalence,CrdPrv,11.0,9.7,12.4,849477,651523,,
2022,NJ,New Jersey,Gloucester,34015,DIABETES,Diagnosed diabetes among adults,Age-adjusted prevalence,AgeAdjPrv,8.7,7.5,10.1,306601,242244,,
2022,NJ,New Jersey,Gloucester,34015,DIABETES,Diagnosed diabetes among adults,Crude prevalence,CrdPrv,10.1,8.7,11.6,306601,242244,,
2022,NJ,New Jersey,Hudson,34017,DIABETES,Diagnosed diabetes among adults,Age-adjusted prevalence,AgeAdjPrv,10.1,8.9,11.5,703366,563977,,
2022,NJ,New Jersey,Hudson,34017,DIABETES,Diagnosed diabetes among adults,Crude prevalence,CrdPrv,9.8,8.6,11.1,703366,563977,,
2022,NJ,New Jersey,Hunterdon,34019,DIABETES,Diagnosed diabetes among adults,Age-adjusted prevalence,AgeAdjPrv,7.5,6.5,8.7,129777,105499,,
2022,NJ,New Jersey,Hunterdon,34019,DIABETES,Diagnosed diabetes among adults,Crude prevalence,CrdPrv,9.8,8.5,11.3,129777,105499,,
2022,NJ,New Jersey,Mercer,34021,DIABETES,Diagnosed diabetes among adults,Age-adjusted prevalence,AgeAdjPrv,8.9,7.7,10.2,380688,299195,,
2022,NJ,New Jersey,Mercer,34021,DIABETES,Diagnosed diabetes among adults,Crude prevalence,CrdPrv,10.0,8.7,11.5,380688,299195,,
2022,NJ,New Jersey,Middlesex,34023,DIABETES,Diagnosed diabetes among adults,Age-adjusted prevalence,AgeAdjPrv,9.9,8.7,11.1,861418,678411,,
2022,NJ,New Jersey,Middlesex,34023,DIABETES,Diagnosed diabetes among adults,Crude prevalence,CrdPrv,11.1,9.8,12.5,861418,678411,,
2022,NJ,New Jersey,Monmouth,34025,DIABETES,Diagnosed diabetes among adults,Age-adjusted prevalence,AgeAdjPrv,7.9,6.9,9.1,644098,512604,,
2022,NJ,New Jersey,Monmouth,34025,DIABETES,Diagnosed diabetes among adults,Crude prevalence,CrdPrv,9.8,8.5,11.2,644098,512604,,
2022,NJ,New Jersey,Morris,34027,DIABETES,Diagnosed diabetes among adults,Age-adjusted prevalence,AgeAdjPrv,7.3,6.3,8.4,511151,407308,,
2022,NJ,New Jersey,Morris,34027,DIABETES,Diagnosed diabetes among adults,Crude prevalence,CrdPrv,8.9,7.7,10.2,511151,407308,,
2022,NJ,New Jersey,Ocean,34029,DIABETES,Diagnosed diabetes among adults,Age-adjusted prevalence,AgeAdjPrv,8.5,7.3,9.7,655735,494183,,
2022,NJ,New Jersey,Ocean,34029,DIABETES,Diagnosed diabetes among adults,Crude prevalence,CrdPrv,10.9,9.4,12.4,655735,494183,,
2022,NJ,New Jersey,Passaic,34031,DIABETES,Diagnosed diabetes among adults,Age-adjusted prevalence,AgeAdjPrv,10.7,9.3,12.3,513936,393751,,
2022,NJ,New Jersey,Passaic,34031,DIABETES,Diagnosed diabetes among adults,Crude prevalence,CrdPrv,11.9,10.3,13.6,513936,393751,,
2022,NJ,New Jersey,Salem,34033,DIABETES,Diagnosed diabetes among adults,Age-adjusted prevalence,AgeAdjPrv,8.8,7.6,10.2,65117,51008,,
2022,NJ,New Jersey,Salem,34033,DIABETES,Diagnosed diabetes among adults,Crude prevalence,CrdPrv,10.7,9.3,12.4,65117,51008,,
2022,NJ,New Jersey,Somerset,34035,DIABETES,Diagnosed diabetes among adults,Age-adjusted prevalence,AgeAdjPrv,7.8,6.7,9.0,346875,274744,,
2022,NJ,New Jersey,Somerset,34035,DIABETES,Diagnosed diabetes among adults,Crude prevalence,CrdPrv,9.2,7.9,10.5,346875,274744,,
2022,NJ,New Jersey,Sussex,34037,DIABETES,Diagnosed diabetes among adults,Age-adjusted prevalence,AgeAdjPrv,7.6,6.5,8.7,146084,118091,,
2022,NJ,New Jersey,Sussex,34037,DIABETES,Diagnosed diabetes among adults,Crude prevalence,CrdPrv,9.3,8.0,10.8,146084,118091,,
2022,NJ,New Jersey,Union,34039,DIABETES,Diagnosed diabetes among adults,Age-adjusted prevalence,AgeAdjPrv,9.3,8.1,10.6,569815,437770,,
2022,NJ,New Jersey,Union,34039,DIABETES,Diagnosed diabetes among adults,Crude prevalence,CrdPrv,10.5,9.1,11.9,569815,437770,,
2022,NJ,New Jersey,Warren,34041,DIABETES,Diagnosed diabetes among adults,Age-adjusted prevalence,AgeAdjPrv,7.7,6.6,8.9,110926,89853,,
2022,NJ,New Jersey,Warren,34041,DIABETES,Diagnosed diabetes among adults,Crude prevalence,CrdPrv,9.7,8.3,11.2,110926,89853,,
2022,NM,New Mexico,Bernalillo,35001,DIABETES,Diagnosed diabetes among adults,Age-adjusted prevalence,AgeAdjPrv,9.3,8.1,10.5,672508,536413,,
2022,NM,New Mexico,Bernalillo,35001,DIABETES,Diagnosed diabetes among adults,Crude prevalence,CrdPrv,10.3,9.0,11.7,672508,536413,,
2022,NM,New Mexico,Catron,35003,DIABETES,Diagnosed diabetes among adults,Age-adjusted prevalence,AgeAdjPrv,11.2,9.7,12.9,3827,3383,,
2022,NM,New Mexico,Catron,35003,DIABETES,Diagnosed diabetes among adults,Crude prevalence,CrdPrv,19.0,16.6,21.7,3827,3383,,
2022,NM,New Mexico,Chaves,35005,DIABETES,Diagnosed diabetes among adults,Age-adjusted prevalence,AgeAdjPrv,12.0,10.5,13.8,63894,47911,,
2022,NM,New Mexico,Chaves,35005,DIABETES,Diagnosed diabetes among adults,Crude prevalence,CrdPrv,13.1,11.5,15.0,63894,47911,,
2022,NM,New Mexico,Cibola,35006,DIABETES,Diagnosed diabetes among adults,Age-adjusted prevalence,AgeAdjPrv,13.8,12.1,15.6,26950,20569,,
2022,NM,New Mexico,Cibola,35006,DIABETES,Diagnosed diabetes among adults,Crude prevalence,CrdPrv,15.6,13.7,17.6,26950,20569,,
2022,NM,New Mexico,Colfax,35007,DIABETES,Diagnosed diabetes among adults,Age-adjusted prevalence,AgeAdjPrv,11.0,9.5,12.7,12246,10224,,
2022,NM,New Mexico,Colfax,35007,DIABETES,Diagnosed diabetes among adults,Crude prevalence,CrdPrv,15.0,13.1,17.2,12246,10224,,
2022,NM,New Mexico,Curry,35009,DIABETES,Diagnosed diabetes among adults,Age-adjusted prevalence,AgeAdjPrv,10.7,9.3,12.3,47532,35038,,
2022,NM,New Mexico,Curry,35009,DIABETES,Diagnosed diabetes among adults,Crude prevalence,CrdPrv,10.6,9.2,12.1,47532,35038,,
2022,NM,New Mexico,De Baca,35011,DIABETES,Diagnosed diabetes among adults,Age-adjusted prevalence,AgeAdjPrv,11.0,9.5,12.7,1693,1315,,
2022,NM,New Mexico,De Baca,35011,DIABETES,Diagnosed diabetes among adults,Crude prevalence,CrdPrv,15.6,13.6,17.9,1693,1315,,
2022,NM,New Mexico,DoÃ±a Ana,35013,DIABETES,Diagnosed diabetes among adults,Age-adjusted prevalence,AgeAdjPrv,12.1,10.6,13.8,223337,171713,,
2022,NM,New Mexico,DoÃ±a Ana,35013,DIABETES,Diagnosed diabetes among adults,Crude prevalence,CrdPrv,12.4,10.9,14.1,223337,171713,,
2022,NM,New Mexico,Eddy,35015,DIABETES,Diagnosed diabetes among adults,Age-adjusted prevalence,AgeAdjPrv,11.6,10.1,13.3,60400,44538,,
2022,NM,New Mexico,Eddy,35015,DIABETES,Diagnosed diabetes among adults,Crude prevalence,CrdPrv,12.6,10.9,14.3,60400,44538,,
2022,NM,New Mexico,Grant,35017,DIABETES,Diagnosed diabetes among adults,Age-adjusted prevalence,AgeAdjPrv,11.2,9.6,12.8,27686,22586,,
2022,NM,New Mexico,Grant,35017,DIABETES,Diagnosed diabetes among adults,Crude prevalence,CrdPrv,15.6,13.5,17.6,27686,22586,,
2022,NM,New Mexico,Guadalupe,35019,DIABETES,Diagnosed diabetes among adults,Age-adjusted prevalence,AgeAdjPrv,14.0,12.1,16.0,4310,3480,,
2022,NM,New Mexico,Guadalupe,35019,DIABETES,Diagnosed diabetes among adults,Crude prevalence,CrdPrv,16.1,14.1,18.4,4310,3480,,
2022,NM,New Mexico,Harding,35021,DIABETES,Diagnosed diabetes among adults,Age-adjusted prevalence,AgeAdjPrv,11.3,9.7,13.0,628,544,,
2022,NM,New Mexico,Harding,35021,DIABETES,Diagnosed diabetes among adults,Crude prevalence,CrdPrv,17.9,15.6,20.5,628,544,,
2022,NM,New Mexico,Hidalgo,35023,DIABETES,Diagnosed diabetes among adults,Age-adjusted prevalence,AgeAdjPrv,12.5,10.9,14.4,4003,3120,,
2022,NM,New Mexico,Hidalgo,35023,DIABETES,Diagnosed diabetes among adults,Crude prevalence,CrdPrv,15.6,13.5,17.8,4003,3120,,
2022,NM,New Mexico,Lea,35025,DIABETES,Diagnosed diabetes among adults,Age-adjusted prevalence,AgeAdjPrv,12.7,11.0,14.5,72452,51145,,
2022,NM,New Mexico,Lea,35025,DIABETES,Diagnosed diabetes among adults,Crude prevalence,CrdPrv,12.5,10.8,14.3,72452,51145,,
2022,NM,New Mexico,Lincoln,35027,DIABETES,Diagnosed diabetes among adults,Age-adjusted prevalence,AgeAdjPrv,9.8,8.4,11.4,20411,16777,,
2022,NM,New Mexico,Lincoln,35027,DIABETES,Diagnosed diabetes among adults,Crude prevalence,CrdPrv,14.5,12.5,16.7,20411,16777,,
2022,NM,New Mexico,Los Alamos,35028,DIABETES,Diagnosed diabetes among adults,Age-adjusted prevalence,AgeAdjPrv,6.4,5.5,7.5,19187,15215,,
2022,NM,New Mexico,Los Alamos,35028,DIABETES,Diagnosed diabetes among adults,Crude prevalence,CrdPrv,7.7,6.5,8.9,19187,15215,,
2022,NM,New Mexico,Luna,35029,DIABETES,Diagnosed diabetes among adults,Age-adjusted prevalence,AgeAdjPrv,14.8,12.9,16.9,25749,19016,,
2022,NM,New Mexico,Luna,35029,DIABETES,Diagnosed diabetes among adults,Crude prevalence,CrdPrv,17.6,15.4,19.9,25749,19016,,
2022,NM,New Mexico,McKinley,35031,DIABETES,Diagnosed diabetes among adults,Age-adjusted prevalence,AgeAdjPrv,16.6,14.4,18.8,69830,50756,,
2022,NM,New Mexico,McKinley,35031,DIABETES,Diagnosed diabetes among adults,Crude prevalence,CrdPrv,17.2,15.0,19.5,69830,50756,,
2022,NM,New Mexico,Mora,35033,DIABETES,Diagnosed diabetes among adults,Age-adjusted prevalence,AgeAdjPrv,13.2,11.5,15.2,4169,3487,,
2022,NM,New Mexico,Mora,35033,DIABETES,Diagnosed diabetes among adults,Crude prevalence,CrdPrv,19.0,16.7,21.7,4169,3487,,
2022,NM,New Mexico,Otero,35035,DIABETES,Diagnosed diabetes among adults,Age-adjusted prevalence,AgeAdjPrv,11.2,9.7,12.8,68823,53831,,
2022,NM,New Mexico,Otero,35035,DIABETES,Diagnosed diabetes among adults,Crude prevalence,CrdPrv,12.0,10.4,13.7,68823,53831,,
2022,NM,New Mexico,Quay,35037,DIABETES,Diagnosed diabetes among adults,Age-adjusted prevalence,AgeAdjPrv,11.9,10.4,13.8,8546,6769,,
2022,NM,New Mexico,Quay,35037,DIABETES,Diagnosed diabetes among adults,Crude prevalence,CrdPrv,16.1,14.0,18.4,8546,6769,,
2022,NM,New Mexico,Rio Arriba,35039,DIABETES,Diagnosed diabetes among adults,Age-adjusted prevalence,AgeAdjPrv,13.2,11.5,15.1,40048,31087,,
2022,NM,New Mexico,Rio Arriba,35039,DIABETES,Diagnosed diabetes among adults,Crude prevalence,CrdPrv,16.6,14.5,18.9,40048,31087,,
2022,NM,New Mexico,Roosevelt,35041,DIABETES,Diagnosed diabetes among adults,Age-adjusted prevalence,AgeAdjPrv,11.4,9.8,13.0,18934,14459,,
2022,NM,New Mexico,Roosevelt,35041,DIABETES,Diagnosed diabetes among adults,Crude prevalence,CrdPrv,11.2,9.7,12.7,18934,14459,,
2022,NM,New Mexico,Sandoval,35043,DIABETES,Diagnosed diabetes among adults,Age-adjusted prevalence,AgeAdjPrv,10.0,8.7,11.6,153501,120248,,
2022,NM,New Mexico,Sandoval,35043,DIABETES,Diagnosed diabetes among adults,Crude prevalence,CrdPrv,11.9,10.3,13.7,153501,120248,,
2022,NM,New Mexico,San Juan,35045,DIABETES,Diagnosed diabetes among adults,Age-adjusted prevalence,AgeAdjPrv,12.1,10.7,13.7,120418,90223,,
2022,NM,New Mexico,San Juan,35045,DIABETES,Diagnosed diabetes among adults,Crude prevalence,CrdPrv,13.8,12.2,15.6,120418,90223,,
2022,NM,New Mexico,San Miguel,35047,DIABETES,Diagnosed diabetes among adults,Age-adjusted prevalence,AgeAdjPrv,12.7,11.0,14.6,26953,22593,,
2022,NM,New Mexico,San Miguel,35047,DIABETES,Diagnosed diabetes among adults,Crude prevalence,CrdPrv,16.3,14.2,18.6,26953,22593,,
2022,NM,New Mexico,Santa Fe,35049,DIABETES,Diagnosed diabetes among adults,Age-adjusted prevalence,AgeAdjPrv,8.9,7.7,10.2,155664,130494,,
2022,NM,New Mexico,Santa Fe,35049,DIABETES,Diagnosed diabetes among adults,Crude prevalence,CrdPrv,11.9,10.4,13.6,155664,130494,,
2022,NM,New Mexico,Sierra,35051,DIABETES,Diagnosed diabetes among adults,Age-adjusted prevalence,AgeAdjPrv,11.1,9.5,12.7,11436,9559,,
2022,NM,New Mexico,Sierra,35051,DIABETES,Diagnosed diabetes among adults,Crude prevalence,CrdPrv,16.7,14.5,19.1,11436,9559,,
2022,NM,New Mexico,Socorro,35053,DIABETES,Diagnosed diabetes among adults,Age-adjusted prevalence,AgeAdjPrv,13.4,11.7,15.2,16115,12686,,
2022,NM,New Mexico,Socorro,35053,DIABETES,Diagnosed diabetes among adults,Crude prevalence,CrdPrv,15.7,13.7,17.8,16115,12686,,
2022,NM,New Mexico,Taos,35055,DIABETES,Diagnosed diabetes among adults,Age-adjusted prevalence,AgeAdjPrv,10.5,9.0,12.1,34580,28987,,
2022,NM,New Mexico,Taos,35055,DIABETES,Diagnosed diabetes among adults,Crude prevalence,CrdPrv,14.7,12.7,16.8,34580,28987,,
2022,NM,New Mexico,Torrance,35057,DIABETES,Diagnosed diabetes among adults,Age-adjusted prevalence,AgeAdjPrv,12.1,10.4,13.9,15454,12228,,
2022,NM,New Mexico,Torrance,35057,DIABETES,Diagnosed diabetes among adults,Crude prevalence,CrdPrv,15.4,13.4,17.6,15454,12228,,
2022,NM,New Mexico,Union,35059,DIABETES,Diagnosed diabetes among adults,Age-adjusted prevalence,AgeAdjPrv,12.1,10.5,13.9,3980,3166,,
2022,NM,New Mexico,Union,35059,DIABETES,Diagnosed diabetes among adults,Crude prevalence,CrdPrv,15.0,13.1,17.1,3980,3166,,
2022,NM,New Mexico,Valencia,35061,DIABETES,Diagnosed diabetes among adults,Age-adjusted prevalence,AgeAdjPrv,11.5,10.0,13.3,78080,60271,,
2022,NM,New Mexico,Valencia,35061,DIABETES,Diagnosed diabetes among adults,Crude prevalence,CrdPrv,13.5,11.7,15.4,78080,60271,,
2022,NY,New York,Albany,36001,DIABETES,Diagnosed diabetes among adults,Age-adjusted prevalence,AgeAdjPrv,8.4,7.4,9.6,315811,259956,,
2022,NY,New York,Albany,36001,DIABETES,Diagnosed diabetes among adults,Crude prevalence,CrdPrv,9.1,8.0,10.4,315811,259956,,
2022,NY,New York,Allegany,36003,DIABETES,Diagnosed diabetes among adults,Age-adjusted prevalence,AgeAdjPrv,9.1,7.8,10.5,46694,37582,,
2022,NY,New York,Allegany,36003,DIABETES,Diagnosed diabetes among adults,Crude prevalence,CrdPrv,10.7,9.2,12.3,46694,37582,,
2022,NY,New York,Bronx,36005,DIABETES,Diagnosed diabetes among adults,Age-adjusted prevalence,AgeAdjPrv,15.0,13.5,16.5,1379946,1045141,,
2022,NY,New York,Bronx,36005,DIABETES,Diagnosed diabetes among adults,Crude prevalence,CrdPrv,16.0,14.5,17.6,1379946,1045141,,
2022,NY,New York,Broome,36007,DIABETES,Diagnosed diabetes among adults,Age-adjusted prevalence,AgeAdjPrv,8.9,7.8,10.1,197117,160058,,
2022,NY,New York,Broome,36007,DIABETES,Diagnosed diabetes among adults,Crude prevalence,CrdPrv,10.3,9.0,11.6,197117,160058,,
2022,NY,New York,Cattaraugus,36009,DIABETES,Diagnosed diabetes among adults,Age-adjusted prevalence,AgeAdjPrv,9.6,8.3,11.0,76439,59937,,
2022,NY,New York,Cattaraugus,36009,DIABETES,Diagnosed diabetes among adults,Crude prevalence,CrdPrv,12.1,10.6,13.8,76439,59937,,
2022,NY,New York,Cayuga,36011,DIABETES,Diagnosed diabetes among adults,Age-adjusted prevalence,AgeAdjPrv,9.2,8.0,10.6,74998,60631,,
2022,NY,New York,Cayuga,36011,DIABETES,Diagnosed diabetes among adults,Crude prevalence,CrdPrv,11.7,10.1,13.3,74998,60631,,
2022,NY,New York,Chautauqua,36013,DIABETES,Diagnosed diabetes among adults,Age-adjusted prevalence,AgeAdjPrv,9.5,8.2,10.9,126027,100780,,
2022,NY,New York,Chautauqua,36013,DIABETES,Diagnosed diabetes among adults,Crude prevalence,CrdPrv,11.8,10.3,13.6,126027,100780,,
2022,NY,New York,Chemung,36015,DIABETES,Diagnosed diabetes among adults,Age-adjusted prevalence,AgeAdjPrv,9.6,8.4,11.1,81426,64456,,
2022,NY,New York,Chemung,36015,DIABETES,Diagnosed diabetes among adults,Crude prevalence,CrdPrv,11.9,10.4,13.7,81426,64456,,
2022,NY,New York,Chenango,36017,DIABETES,Diagnosed diabetes among adults,Age-adjusted prevalence,AgeAdjPrv,9.7,8.5,11.1,46458,37030,,
2022,NY,New York,Chenango,36017,DIABETES,Diagnosed diabetes among adults,Crude prevalence,CrdPrv,12.6,11.0,14.4,46458,37030,,
2022,NY,New York,Clinton,36019,DIABETES,Diagnosed diabetes among adults,Age-adjusted prevalence,AgeAdjPrv,9.8,8.7,11.3,78753,64684,,
2022,NY,New York,Clinton,36019,DIABETES,Diagnosed diabetes among adults,Crude prevalence,CrdPrv,11.4,10.2,13.1,78753,64684,,
2022,NY,New York,Columbia,36021,DIABETES,Diagnosed diabetes among adults,Age-adjusted prevalence,AgeAdjPrv,8.1,6.9,9.3,61286,51741,,
2022,NY,New York,Columbia,36021,DIABETES,Diagnosed diabetes among adults,Crude prevalence,CrdPrv,10.9,9.4,12.5,61286,51741,,
2022,NY,New York,Cortland,36023,DIABETES,Diagnosed diabetes among adults,Age-adjusted prevalence,AgeAdjPrv,9.3,8.0,10.6,46126,37614,,
2022,NY,New York,Cortland,36023,DIABETES,Diagnosed diabetes among adults,Crude prevalence,CrdPrv,9.9,8.5,11.3,46126,37614,,
2022,NY,New York,Delaware,36025,DIABETES,Diagnosed diabetes among adults,Age-adjusted prevalence,AgeAdjPrv,9.2,7.9,10.6,44740,37728,,
2022,NY,New York,Delaware,36025,DIABETES,Diagnosed diabetes among adults,Crude prevalence,CrdPrv,12.7,11.0,14.5,44740,37728,,
2022,NY,New York,Dutchess,36027,DIABETES,Diagnosed diabetes among adults,Age-adjusted prevalence,AgeAdjPrv,8.4,7.3,9.5,297545,243769,,
2022,NY,New York,Dutchess,36027,DIABETES,Diagnosed diabetes among adults,Crude prevalence,CrdPrv,10.1,8.8,11.4,297545,243769,,
2022,NY,New York,Erie,36029,DIABETES,Diagnosed diabetes among adults,Age-adjusted prevalence,AgeAdjPrv,8.9,7.9,10.0,950312,761793,,
2022,NY,New York,Erie,36029,DIABETES,Diagnosed diabetes among adults,Crude prevalence,CrdPrv,10.3,9.1,11.6,950312,761793,,
2022,NY,New York,Essex,36031,DIABETES,Diagnosed diabetes among adults,Age-adjusted prevalence,AgeAdjPrv,8.4,7.3,9.6,36910,31204,,
2022,NY,New York,Essex,36031,DIABETES,Diagnosed diabetes among adults,Crude prevalence,CrdPrv,11.4,9.9,13.1,36910,31204,,
2022,NY,New York,Franklin,36033,DIABETES,Diagnosed diabetes among adults,Age-adjusted prevalence,AgeAdjPrv,9.8,8.5,11.1,46373,37023,,
2022,NY,New York,Franklin,36033,DIABETES,Diagnosed diabetes among adults,Crude prevalence,CrdPrv,12.0,10.5,13.7,46373,37023,,
2022,NY,New York,Fulton,36035,DIABETES,Diagnosed diabetes among adults,Age-adjusted prevalence,AgeAdjPrv,9.7,8.5,11.0,52669,42388,,
2022,NY,New York,Fulton,36035,DIABETES,Diagnosed diabetes among adults,Crude prevalence,CrdPrv,12.3,10.7,13.9,52669,42388,,
2022,NY,New York,Genesee,36037,DIABETES,Diagnosed diabetes among adults,Age-adjusted prevalence,AgeAdjPrv,9.0,7.7,10.3,57535,46019,,
2022,NY,New York,Genesee,36037,DIABETES,Diagnosed diabetes among adults,Crude prevalence,CrdPrv,11.3,9.8,13.0,57535,46019,,
2022,NY,New York,Greene,36039,DIABETES,Diagnosed diabetes among adults,Age-adjusted prevalence,AgeAdjPrv,8.3,7.2,9.6,48061,40478,,
2022,NY,New York,Greene,36039,DIABETES,Diagnosed diabetes among adults,Crude prevalence,CrdPrv,10.9,9.4,12.4,48061,40478,,
2022,NY,New York,Hamilton,36041,DIABETES,Diagnosed diabetes among adults,Age-adjusted prevalence,AgeAdjPrv,9.1,7.8,10.5,5118,4482,,
2022,NY,New York,Hamilton,36041,DIABETES,Diagnosed diabetes among adults,Crude prevalence,CrdPrv,14.6,12.6,16.7,5118,4482,,
2022,NY,New York,Herkimer,36043,DIABETES,Diagnosed diabetes among adults,Age-adjusted prevalence,AgeAdjPrv,8.8,7.6,10.0,59822,47739,,
2022,NY,New York,Herkimer,36043,DIABETES,Diagnosed diabetes among adults,Crude prevalence,CrdPrv,11.4,9.9,13.0,59822,47739,,
2022,NY,New York,Jefferson,36045,DIABETES,Diagnosed diabetes among adults,Age-adjusted prevalence,AgeAdjPrv,9.9,8.6,11.2,116637,89240,,
2022,NY,New York,Jefferson,36045,DIABETES,Diagnosed diabetes among adults,Crude prevalence,CrdPrv,10.0,8.7,11.3,116637,89240,,
2022,NY,New York,Kings,36047,DIABETES,Diagnosed diabetes among adults,Age-adjusted prevalence,AgeAdjPrv,10.9,9.8,12.0,2590516,2017623,,
2022,NY,New York,Kings,36047,DIABETES,Diagnosed diabetes among adults,Crude prevalence,CrdPrv,11.6,10.5,12.8,2590516,2017623,,
2022,NY,New York,Lewis,36049,DIABETES,Diagnosed diabetes among adults,Age-adjusted prevalence,AgeAdjPrv,8.7,7.6,10.0,26699,20744,,
2022,NY,New York,Lewis,36049,DIABETES,Diagnosed diabetes among adults,Crude prevalence,CrdPrv,11.2,9.7,12.8,26699,20744,,
2022,NY,New York,Livingston,36051,DIABETES,Diagnosed diabetes among adults,Age-adjusted prevalence,AgeAdjPrv,8.7,7.5,10.0,61516,50735,,
2022,NY,New York,Livingston,36051,DIABETES,Diagnosed diabetes among adults,Crude prevalence,CrdPrv,10.3,8.9,11.8,61516,50735,,
2022,NY,New York,Madison,36053,DIABETES,Diagnosed diabetes among adults,Age-adjusted prevalence,AgeAdjPrv,8.1,6.9,9.3,67097,54769,,
2022,NY,New York,Madison,36053,DIABETES,Diagnosed diabetes among adults,Crude prevalence,CrdPrv,9.8,8.4,11.2,67097,54769,,
2022,NY,New York,Monroe,36055,DIABETES,Diagnosed diabetes among adults,Age-adjusted prevalence,AgeAdjPrv,8.8,7.8,10.1,752035,601049,,
2022,NY,New York,Monroe,36055,DIABETES,Diagnosed diabetes among adults,Crude prevalence,CrdPrv,10.2,8.9,11.6,752035,601049,,
2022,NY,New York,Montgomery,36057,DIABETES,Diagnosed diabetes among adults,Age-adjusted prevalence,AgeAdjPrv,10.2,8.9,11.7,49623,38196,,
2022,NY,New York,Montgomery,36057,DIABETES,Diagnosed diabetes among adults,Crude prevalence,CrdPrv,12.5,11.0,14.2,49623,38196,,
2022,NY,New York,Nassau,36059,DIABETES,Diagnosed diabetes among adults,Age-adjusted prevalence,AgeAdjPrv,9.0,8.0,10.0,1383726,1090558,,
2022,NY,New York,Nassau,36059,DIABETES,Diagnosed diabetes among adults,Crude prevalence,CrdPrv,10.9,9.7,12.1,1383726,1090558,,
2022,NY,New York,New York,36061,DIABETES,Diagnosed diabetes among adults,Age-adjusted prevalence,AgeAdjPrv,8.6,7.6,9.6,1596273,1372389,,
2022,NY,New York,New York,36061,DIABETES,Diagnosed diabetes among adults,Crude prevalence,CrdPrv,9.1,8.1,10.2,1596273,1372389,,
2022,NY,New York,Niagara,36063,DIABETES,Diagnosed diabetes among adults,Age-adjusted prevalence,AgeAdjPrv,8.9,7.7,10.2,210880,169614,,
2022,NY,New York,Niagara,36063,DIABETES,Diagnosed diabetes among adults,Crude prevalence,CrdPrv,11.3,9.8,12.9,210880,169614,,
2022,NY,New York,Oneida,36065,DIABETES,Diagnosed diabetes among adults,Age-adjusted prevalence,AgeAdjPrv,9.0,7.9,10.3,228846,180453,,
2022,NY,New York,Oneida,36065,DIABETES,Diagnosed diabetes among adults,Crude prevalence,CrdPrv,11.1,9.6,12.6,228846,180453,,
2022,NY,New York,Onondaga,36067,DIABETES,Diagnosed diabetes among adults,Age-adjusted prevalence,AgeAdjPrv,9.2,8.1,10.5,468249,371134,,
2022,NY,New York,Onondaga,36067,DIABETES,Diagnosed diabetes among adults,Crude prevalence,CrdPrv,10.9,9.5,12.3,468249,371134,,
2022,NY,New York,Ontario,36069,DIABETES,Diagnosed diabetes among adults,Age-adjusted prevalence,AgeAdjPrv,8.3,7.2,9.5,112707,91416,,
2022,NY,New York,Ontario,36069,DIABETES,Diagnosed diabetes among adults,Crude prevalence,CrdPrv,10.5,9.1,12.0,112707,91416,,
2022,NY,New York,Orange,36071,DIABETES,Diagnosed diabetes among adults,Age-adjusted prevalence,AgeAdjPrv,9.4,8.2,10.7,405941,303067,,
2022,NY,New York,Orange,36071,DIABETES,Diagnosed diabetes among adults,Crude prevalence,CrdPrv,10.3,9.1,11.7,405941,303067,,
2022,NY,New York,Orleans,36073,DIABETES,Diagnosed diabetes among adults,Age-adjusted prevalence,AgeAdjPrv,8.6,7.4,9.9,39318,31898,,
2022,NY,New York,Orleans,36073,DIABETES,Diagnosed diabetes among adults,Crude prevalence,CrdPrv,10.7,9.2,12.3,39318,31898,,
2022,NY,New York,Oswego,36075,DIABETES,Diagnosed diabetes among adults,Age-adjusted prevalence,AgeAdjPrv,9.2,8.0,10.5,118287,94232,,
2022,NY,New York,Oswego,36075,DIABETES,Diagnosed diabetes among adults,Crude prevalence,CrdPrv,10.9,9.5,12.5,118287,94232,,
2022,NY,New York,Otsego,36077,DIABETES,Diagnosed diabetes among adults,Age-adjusted prevalence,AgeAdjPrv,8.9,7.8,10.2,60636,51721,,
2022,NY,New York,Otsego,36077,DIABETES,Diagnosed diabetes among adults,Crude prevalence,CrdPrv,10.3,9.0,11.6,60636,51721,,
2022,NY,New York,Putnam,36079,DIABETES,Diagnosed diabetes among adults,Age-adjusted prevalence,AgeAdjPrv,8.2,7.0,9.3,98045,79373,,
2022,NY,New York,Putnam,36079,DIABETES,Diagnosed diabetes among adults,Crude prevalence,CrdPrv,10.2,8.8,11.6,98045,79373,,
2022,NY,New York,Queens,36081,DIABETES,Diagnosed diabetes among adults,Age-adjusted prevalence,AgeAdjPrv,10.7,9.6,11.9,2278029,1835438,,
2022,NY,New York,Queens,36081,DIABETES,Diagnosed diabetes among adults,Crude prevalence,CrdPrv,12.3,11.0,13.6,2278029,1835438,,
2022,NY,New York,Rensselaer,36083,DIABETES,Diagnosed diabetes among adults,Age-adjusted prevalence,AgeAdjPrv,8.7,7.6,10.0,159853,129725,,
2022,NY,New York,Rensselaer,36083,DIABETES,Diagnosed diabetes among adults,Crude prevalence,CrdPrv,10.1,8.8,11.6,159853,129725,,
2022,NY,New York,Richmond,36085,DIABETES,Diagnosed diabetes among adults,Age-adjusted prevalence,AgeAdjPrv,9.7,8.6,10.9,491133,386283,,
2022,NY,New York,Richmond,36085,DIABETES,Diagnosed diabetes among adults,Crude prevalence,CrdPrv,11.3,10.0,12.6,491133,386283,,
2022,NY,New York,Rockland,36087,DIABETES,Diagnosed diabetes among adults,Age-adjusted prevalence,AgeAdjPrv,10.2,8.9,11.6,339022,239811,,
2022,NY,New York,Rockland,36087,DIABETES,Diagnosed diabetes among adults,Crude prevalence,CrdPrv,11.6,10.1,13.2,339022,239811,,
2022,NY,New York,St. Lawrence,36089,DIABETES,Diagnosed diabetes among adults,Age-adjusted prevalence,AgeAdjPrv,9.9,8.5,11.3,107733,86590,,
2022,NY,New York,St. Lawrence,36089,DIABETES,Diagnosed diabetes among adults,Crude prevalence,CrdPrv,11.4,9.8,13.0,107733,86590,,
2022,NY,New York,Saratoga,36091,DIABETES,Diagnosed diabetes among adults,Age-adjusted prevalence,AgeAdjPrv,7.1,6.2,8.2,238797,193928,,
2022,NY,New York,Saratoga,36091,DIABETES,Diagnosed diabetes among adults,Crude prevalence,CrdPrv,8.9,7.7,10.2,238797,193928,,
2022,NY,New York,Schenectady,36093,DIABETES,Diagnosed diabetes among adults,Age-adjusted prevalence,AgeAdjPrv,8.9,7.7,10.2,160093,126251,,
2022,NY,New York,Schenectady,36093,DIABETES,Diagnosed diabetes among adults,Crude prevalence,CrdPrv,10.2,8.9,11.7,160093,126251,,
2022,NY,New York,Schoharie,36095,DIABETES,Diagnosed diabetes among adults,Age-adjusted prevalence,AgeAdjPrv,9.1,7.9,10.5,30063,24953,,
2022,NY,New York,Schoharie,36095,DIABETES,Diagnosed diabetes among adults,Crude prevalence,CrdPrv,11.7,10.2,13.4,30063,24953,,
2022,NY,New York,Schuyler,36097,DIABETES,Diagnosed diabetes among adults,Age-adjusted prevalence,AgeAdjPrv,9.2,8.0,10.5,17650,14362,,
2022,NY,New York,Schuyler,36097,DIABETES,Diagnosed diabetes among adults,Crude prevalence,CrdPrv,12.3,10.7,14.1,17650,14362,,
2022,NY,New York,Seneca,36099,DIABETES,Diagnosed diabetes among adults,Age-adjusted prevalence,AgeAdjPrv,8.9,8.0,9.9,32882,26182,,
2022,NY,New York,Seneca,36099,DIABETES,Diagnosed diabetes among adults,Crude prevalence,CrdPrv,11.3,10.2,12.5,32882,26182,,
2022,NY,New York,Steuben,36101,DIABETES,Diagnosed diabetes among adults,Age-adjusted prevalence,AgeAdjPrv,8.8,7.6,10.1,92599,73029,,
2022,NY,New York,Steuben,36101,DIABETES,Diagnosed diabetes among adults,Crude prevalence,CrdPrv,10.9,9.4,12.5,92599,73029,,
2022,NY,New York,Suffolk,36103,DIABETES,Diagnosed diabetes among adults,Age-adjusted prevalence,AgeAdjPrv,8.4,7.4,9.4,1525465,1216015,,
2022,NY,New York,Suffolk,36103,DIABETES,Diagnosed diabetes among adults,Crude prevalence,CrdPrv,10.0,8.9,11.2,1525465,1216015,,
2022,NY,New York,Sullivan,36105,DIABETES,Diagnosed diabetes among adults,Age-adjusted prevalence,AgeAdjPrv,10.6,9.1,12.1,79658,62961,,
2022,NY,New York,Sullivan,36105,DIABETES,Diagnosed diabetes among adults,Crude prevalence,CrdPrv,12.8,11.1,14.7,79658,62961,,
2022,NY,New York,Tioga,36107,DIABETES,Diagnosed diabetes among adults,Age-adjusted prevalence,AgeAdjPrv,8.3,7.2,9.6,47772,38263,,
2022,NY,New York,Tioga,36107,DIABETES,Diagnosed diabetes among adults,Crude prevalence,CrdPrv,11.0,9.6,12.8,47772,38263,,
2022,NY,New York,Tompkins,36109,DIABETES,Diagnosed diabetes among adults,Age-adjusted prevalence,AgeAdjPrv,8.4,7.1,9.6,104777,90427,,
2022,NY,New York,Tompkins,36109,DIABETES,Diagnosed diabetes among adults,Crude prevalence,CrdPrv,7.7,6.6,8.8,104777,90427,,
2022,NY,New York,Ulster,36111,DIABETES,Diagnosed diabetes among adults,Age-adjusted prevalence,AgeAdjPrv,8.9,7.7,10.1,182319,151775,,
2022,NY,New York,Ulster,36111,DIABETES,Diagnosed diabetes among adults,Crude prevalence,CrdPrv,10.8,9.3,12.3,182319,151775,,
2022,NY,New York,Warren,36113,DIABETES,Diagnosed diabetes among adults,Age-adjusted prevalence,AgeAdjPrv,8.4,7.2,9.7,65599,54347,,
2022,NY,New York,Warren,36113,DIABETES,Diagnosed diabetes among adults,Crude prevalence,CrdPrv,11.0,9.6,12.7,65599,54347,,
2022,NY,New York,Washington,36115,DIABETES,Diagnosed diabetes among adults,Age-adjusted prevalence,AgeAdjPrv,8.8,7.7,10.1,60841,49768,,
2022,NY,New York,Washington,36115,DIABETES,Diagnosed diabetes among adults,Crude prevalence,CrdPrv,11.3,9.8,12.9,60841,49768,,
2022,NY,New York,Wayne,36117,DIABETES,Diagnosed diabetes among adults,Age-adjusted prevalence,AgeAdjPrv,8.4,7.3,9.7,91125,72198,,
2022,NY,New York,Wayne,36117,DIABETES,Diagnosed diabetes among adults,Crude prevalence,CrdPrv,10.8,9.4,12.5,91125,72198,,
2022,NY,New York,Westchester,36119,DIABETES,Diagnosed diabetes among adults,Age-adjusted prevalence,AgeAdjPrv,8.2,7.3,9.1,990427,783613,,
2022,NY,New York,Westchester,36119,DIABETES,Diagnosed diabetes among adults,Crude prevalence,CrdPrv,9.8,8.8,10.9,990427,783613,,
2022,NY,New York,Wyoming,36121,DIABETES,Diagnosed diabetes among adults,Age-adjusted prevalence,AgeAdjPrv,8.8,7.6,10.2,39666,32444,,
2022,NY,New York,Wyoming,36121,DIABETES,Diagnosed diabetes among adults,Crude prevalence,CrdPrv,10.8,9.3,12.4,39666,32444,,
2022,NY,New York,Yates,36123,DIABETES,Diagnosed diabetes among adults,Age-adjusted prevalence,AgeAdjPrv,9.5,8.3,10.8,24451,19056,,
2022,NY,New York,Yates,36123,DIABETES,Diagnosed diabetes among adults,Crude prevalence,CrdPrv,12.0,10.5,13.7,24451,19056,,
2022,NC,North Carolina,Alamance,37001,DIABETES,Diagnosed diabetes among adults,Age-adjusted prevalence,AgeAdjPrv,11.3,9.8,13.1,176353,137937,,
2022,NC,North Carolina,Alamance,37001,DIABETES,Diagnosed diabetes among adults,Crude prevalence,CrdPrv,12.7,11.0,14.7,176353,137937,,
2022,NC,North Carolina,Alexander,37003,DIABETES,Diagnosed diabetes among adults,Age-adjusted prevalence,AgeAdjPrv,9.7,8.3,11.2,36512,29357,,
2022,NC,North Carolina,Alexander,37003,DIABETES,Diagnosed diabetes among adults,Crude prevalence,CrdPrv,12.1,10.5,14.1,36512,29357,,
2022,NC,North Carolina,Alleghany,37005,DIABETES,Diagnosed diabetes among adults,Age-adjusted prevalence,AgeAdjPrv,11.1,9.5,12.8,11185,9346,,
2022,NC,North Carolina,Alleghany,37005,DIABETES,Diagnosed diabetes among adults,Crude prevalence,CrdPrv,15.7,13.6,18.0,11185,9346,,
2022,NC,North Carolina,Anson,37007,DIABETES,Diagnosed diabetes among adults,Age-adjusted prevalence,AgeAdjPrv,13.9,12.1,15.9,22202,17846,,
2022,NC,North Carolina,Anson,37007,DIABETES,Diagnosed diabetes among adults,Crude prevalence,CrdPrv,16.4,14.3,18.5,22202,17846,,
2022,NC,North Carolina,Ashe,37009,DIABETES,Diagnosed diabetes among adults,Age-adjusted prevalence,AgeAdjPrv,9.6,8.3,11.1,27110,22615,,
2022,NC,North Carolina,Ashe,37009,DIABETES,Diagnosed diabetes among adults,Crude prevalence,CrdPrv,13.4,11.5,15.4,27110,22615,,
2022,NC,North Carolina,Avery,37011,DIABETES,Diagnosed diabetes among adults,Age-adjusted prevalence,AgeAdjPrv,10.1,8.7,11.6,17571,15070,,
2022,NC,North Carolina,Avery,37011,DIABETES,Diagnosed diabetes among adults,Crude prevalence,CrdPrv,12.5,10.8,14.5,17571,15070,,
2022,NC,North Carolina,Beaufort,37013,DIABETES,Diagnosed diabetes among adults,Age-adjusted prevalence,AgeAdjPrv,11.5,9.9,13.3,44272,35727,,
2022,NC,North Carolina,Beaufort,37013,DIABETES,Diagnosed diabetes among adults,Crude prevalence,CrdPrv,15.7,13.6,18.2,44272,35727,,
2022,NC,North Carolina,Bertie,37015,DIABETES,Diagnosed diabetes among adults,Age-adjusted prevalence,AgeAdjPrv,14.9,13.1,17.1,17240,14342,,
2022,NC,North Carolina,Bertie,37015,DIABETES,Diagnosed diabetes among adults,Crude prevalence,CrdPrv,19.0,16.7,21.7,17240,14342,,
2022,NC,North Carolina,Bladen,37017,DIABETES,Diagnosed diabetes among adults,Age-adjusted prevalence,AgeAdjPrv,12.7,11.0,14.6,29446,23540,,
2022,NC,North Carolina,Bladen,37017,DIABETES,Diagnosed diabetes among adults,Crude prevalence,CrdPrv,16.8,14.7,19.1,29446,23540,,
2022,NC,North Carolina,Brunswick,37019,DIABETES,Diagnosed diabetes among adults,Age-adjusted prevalence,AgeAdjPrv,9.2,7.9,10.6,153064,131836,,
2022,NC,North Carolina,Brunswick,37019,DIABETES,Diagnosed diabetes among adults,Crude prevalence,CrdPrv,14.2,12.3,16.3,153064,131836,,
2022,NC,North Carolina,Buncombe,37021,DIABETES,Diagnosed diabetes among adults,Age-adjusted prevalence,AgeAdjPrv,8.0,6.9,9.3,273589,225801,,
2022,NC,North Carolina,Buncombe,37021,DIABETES,Diagnosed diabetes among adults,Crude prevalence,CrdPrv,9.9,8.5,11.4,273589,225801,,
2022,NC,North Carolina,Burke,37023,DIABETES,Diagnosed diabetes among adults,Age-adjusted prevalence,AgeAdjPrv,10.4,8.9,12.0,87881,72247,,
2022,NC,North Carolina,Burke,37023,DIABETES,Diagnosed diabetes among adults,Crude prevalence,CrdPrv,13.0,11.3,15.0,87881,72247,,
2022,NC,North Carolina,Cabarrus,37025,DIABETES,Diagnosed diabetes among adults,Age-adjusted prevalence,AgeAdjPrv,9.9,8.5,11.5,235797,177234,,
2022,NC,North Carolina,Cabarrus,37025,DIABETES,Diagnosed diabetes among adults,Crude prevalence,CrdPrv,10.8,9.3,12.5,235797,177234,,
2022,NC,North Carolina,Caldwell,37027,DIABETES,Diagnosed diabetes among adults,Age-adjusted prevalence,AgeAdjPrv,10.5,9.0,12.1,80492,64779,,
2022,NC,North Carolina,Caldwell,37027,DIABETES,Diagnosed diabetes among adults,Crude prevalence,CrdPrv,13.1,11.3,15.1,80492,64779,,
2022,NC,North Carolina,Camden,37029,DIABETES,Diagnosed diabetes among adults,Age-adjusted prevalence,AgeAdjPrv,9.4,8.0,10.9,11088,8570,,
2022,NC,North Carolina,Camden,37029,DIABETES,Diagnosed diabetes among adults,Crude prevalence,CrdPrv,11.2,9.6,13.0,11088,8570,,
2022,NC,North Carolina,Carteret,37031,DIABETES,Diagnosed diabetes among adults,Age-adjusted prevalence,AgeAdjPrv,9.2,7.9,10.6,69380,57810,,
2022,NC,North Carolina,Carteret,37031,DIABETES,Diagnosed diabetes among adults,Crude prevalence,CrdPrv,13.1,11.3,15.1,69380,57810,,
2022,NC,North Carolina,Caswell,37033,DIABETES,Diagnosed diabetes among adults,Age-adjusted prevalence,AgeAdjPrv,12.2,10.7,14.0,22614,18570,,
2022,NC,North Carolina,Caswell,37033,DIABETES,Diagnosed diabetes among adults,Crude prevalence,CrdPrv,15.9,13.9,18.2,22614,18570,,
2022,NC,North Carolina,Catawba,37035,DIABETES,Diagnosed diabetes among adults,Age-adjusted prevalence,AgeAdjPrv,10.1,8.7,11.6,163462,128493,,
2022,NC,North Carolina,Catawba,37035,DIABETES,Diagnosed diabetes among adults,Crude prevalence,CrdPrv,12.0,10.4,13.8,163462,128493,,
2022,NC,North Carolina,Chatham,37037,DIABETES,Diagnosed diabetes among adults,Age-adjusted prevalence,AgeAdjPrv,9.9,8.4,11.4,79864,64854,,
2022,NC,North Carolina,Chatham,37037,DIABETES,Diagnosed diabetes among adults,Crude prevalence,CrdPrv,13.5,11.6,15.5,79864,64854,,
2022,NC,North Carolina,Cherokee,37039,DIABETES,Diagnosed diabetes among adults,Age-adjusted prevalence,AgeAdjPrv,10.6,9.2,12.2,29512,24916,,
2022,NC,North Carolina,Cherokee,37039,DIABETES,Diagnosed diabetes among adults,Crude prevalence,CrdPrv,15.6,13.6,17.8,29512,24916,,
2022,NC,North Carolina,Chowan,37041,DIABETES,Diagnosed diabetes among adults,Age-adjusted prevalence,AgeAdjPrv,12.2,10.5,14.0,13940,11202,,
2022,NC,North Carolina,Chowan,37041,DIABETES,Diagnosed diabetes among adults,Crude prevalence,CrdPrv,16.3,14.2,18.6,13940,11202,,
2022,NC,North Carolina,Clay,37043,DIABETES,Diagnosed diabetes among adults,Age-adjusted prevalence,AgeAdjPrv,9.6,8.2,11.2,11614,9847,,
2022,NC,North Carolina,Clay,37043,DIABETES,Diagnosed diabetes among adults,Crude prevalence,CrdPrv,14.3,12.3,16.5,11614,9847,,
2022,NC,North Carolina,Cleveland,37045,DIABETES,Diagnosed diabetes among adults,Age-adjusted prevalence,AgeAdjPrv,11.3,9.7,13.0,100670,78292,,
2022,NC,North Carolina,Cleveland,37045,DIABETES,Diagnosed diabetes among adults,Crude prevalence,CrdPrv,13.6,11.8,15.5,100670,78292,,
2022,NC,North Carolina,Columbus,37047,DIABETES,Diagnosed diabetes among adults,Age-adjusted prevalence,AgeAdjPrv,13.4,11.6,15.2,49885,39531,,
2022,NC,North Carolina,Columbus,37047,DIABETES,Diagnosed diabetes among adults,Crude prevalence,CrdPrv,16.2,14.1,18.3,49885,39531,,
2022,NC,North Carolina,Craven,37049,DIABETES,Diagnosed diabetes among adults,Age-adjusted prevalence,AgeAdjPrv,11.6,10.0,13.3,100874,79170,,
2022,NC,North Carolina,Craven,37049,DIABETES,Diagnosed diabetes among adults,Crude prevalence,CrdPrv,13.7,11.9,15.6,100874,79170,,
2022,NC,North Carolina,Cumberland,37051,DIABETES,Diagnosed diabetes among adults,Age-adjusted prevalence,AgeAdjPrv,12.2,10.5,13.9,336699,252559,,
2022,NC,North Carolina,Cumberland,37051,DIABETES,Diagnosed diabetes among adults,Crude prevalence,CrdPrv,11.6,10.0,13.3,336699,252559,,
2022,NC,North Carolina,Currituck,37053,DIABETES,Diagnosed diabetes among adults,Age-adjusted prevalence,AgeAdjPrv,9.0,7.8,10.4,31015,24131,,
2022,NC,North Carolina,Currituck,37053,DIABETES,Diagnosed diabetes among adults,Crude prevalence,CrdPrv,11.2,9.6,12.8,31015,24131,,
2022,NC,North Carolina,Dare,37055,DIABETES,Diagnosed diabetes among adults,Age-adjusted prevalence,AgeAdjPrv,8.2,7.0,9.6,37956,31156,,
2022,NC,North Carolina,Dare,37055,DIABETES,Diagnosed diabetes among adults,Crude prevalence,CrdPrv,11.4,9.8,13.3,37956,31156,,
2022,NC,North Carolina,Davidson,37057,DIABETES,Diagnosed diabetes among adults,Age-adjusted prevalence,AgeAdjPrv,10.3,8.9,12.1,172586,135652,,
2022,NC,North Carolina,Davidson,37057,DIABETES,Diagnosed diabetes among adults,Crude prevalence,CrdPrv,12.3,10.7,14.4,172586,135652,,
2022,NC,North Carolina,Davie,37059,DIABETES,Diagnosed diabetes among adults,Age-adjusted prevalence,AgeAdjPrv,9.7,8.2,11.2,44090,35045,,
2022,NC,North Carolina,Davie,37059,DIABETES,Diagnosed diabetes among adults,Crude prevalence,CrdPrv,12.5,10.6,14.4,44090,35045,,
2022,NC,North Carolina,Duplin,37061,DIABETES,Diagnosed diabetes among adults,Age-adjusted prevalence,AgeAdjPrv,12.6,10.8,14.5,48990,37227,,
2022,NC,North Carolina,Duplin,37061,DIABETES,Diagnosed diabetes among adults,Crude prevalence,CrdPrv,15.3,13.3,17.6,48990,37227,,
2022,NC,North Carolina,Durham,37063,DIABETES,Diagnosed diabetes among adults,Age-adjusted prevalence,AgeAdjPrv,10.2,8.8,11.7,332680,268509,,
2022,NC,North Carolina,Durham,37063,DIABETES,Diagnosed diabetes among adults,Crude prevalence,CrdPrv,10.3,8.9,11.9,332680,268509,,
2022,NC,North Carolina,Edgecombe,37065,DIABETES,Diagnosed diabetes among adults,Age-adjusted prevalence,AgeAdjPrv,14.3,12.4,16.3,48301,37386,,
2022,NC,North Carolina,Edgecombe,37065,DIABETES,Diagnosed diabetes among adults,Crude prevalence,CrdPrv,17.5,15.3,19.9,48301,37386,,
2022,NC,North Carolina,Forsyth,37067,DIABETES,Diagnosed diabetes among adults,Age-adjusted prevalence,AgeAdjPrv,10.6,9.1,12.2,389157,302280,,
2022,NC,North Carolina,Forsyth,37067,DIABETES,Diagnosed diabetes among adults,Crude prevalence,CrdPrv,12.1,10.4,13.8,389157,302280,,
2022,NC,North Carolina,Franklin,37069,DIABETES,Diagnosed diabetes among adults,Age-adjusted prevalence,AgeAdjPrv,11.2,9.7,12.9,74539,58589,,
2022,NC,North Carolina,Franklin,37069,DIABETES,Diagnosed diabetes among adults,Crude prevalence,CrdPrv,13.3,11.5,15.2,74539,58589,,
2022,NC,North Carolina,Gaston,37071,DIABETES,Diagnosed diabetes among adults,Age-adjusted prevalence,AgeAdjPrv,10.9,9.3,12.4,234215,182451,,
2022,NC,North Carolina,Gaston,37071,DIABETES,Diagnosed diabetes among adults,Crude prevalence,CrdPrv,12.5,10.7,14.3,234215,182451,,
2022,NC,North Carolina,Gates,37073,DIABETES,Diagnosed diabetes among adults,Age-adjusted prevalence,AgeAdjPrv,11.5,9.9,13.2,10383,8389,,
2022,NC,North Carolina,Gates,37073,DIABETES,Diagnosed diabetes among adults,Crude prevalence,CrdPrv,15.4,13.3,17.6,10383,8389,,
2022,NC,North Carolina,Graham,37075,DIABETES,Diagnosed diabetes among adults,Age-adjusted prevalence,AgeAdjPrv,10.4,8.9,12.0,7980,6411,,
2022,NC,North Carolina,Graham,37075,DIABETES,Diagnosed diabetes among adults,Crude prevalence,CrdPrv,13.8,11.8,15.8,7980,6411,,
2022,NC,North Carolina,Granville,37077,DIABETES,Diagnosed diabetes among adults,Age-adjusted prevalence,AgeAdjPrv,11.8,10.2,13.6,61903,49520,,
2022,NC,North Carolina,Granville,37077,DIABETES,Diagnosed diabetes among adults,Crude prevalence,CrdPrv,14.3,12.4,16.3,61903,49520,,
2022,NC,North Carolina,Greene,37079,DIABETES,Diagnosed diabetes among adults,Age-adjusted prevalence,AgeAdjPrv,13.8,12.0,15.8,20211,16362,,
2022,NC,North Carolina,Greene,37079,DIABETES,Diagnosed diabetes among adults,Crude prevalence,CrdPrv,15.3,13.2,17.4,20211,16362,,
2022,NC,North Carolina,Guilford,37081,DIABETES,Diagnosed diabetes among adults,Age-adjusted prevalence,AgeAdjPrv,11.0,9.6,12.7,546101,427983,,
2022,NC,North Carolina,Guilford,37081,DIABETES,Diagnosed diabetes among adults,Crude prevalence,CrdPrv,11.8,10.3,13.6,546101,427983,,
2022,NC,North Carolina,Halifax,37083,DIABETES,Diagnosed diabetes among adults,Age-adjusted prevalence,AgeAdjPrv,14.5,12.7,16.7,47848,37624,,
2022,NC,North Carolina,Halifax,37083,DIABETES,Diagnosed diabetes among adults,Crude prevalence,CrdPrv,18.6,16.4,21.3,47848,37624,,
2022,NC,North Carolina,Harnett,37085,DIABETES,Diagnosed diabetes among adults,Age-adjusted prevalence,AgeAdjPrv,11.5,9.9,13.3,138832,103786,,
2022,NC,North Carolina,Harnett,37085,DIABETES,Diagnosed diabetes among adults,Crude prevalence,CrdPrv,12.2,10.5,14.1,138832,103786,,
2022,NC,North Carolina,Haywood,37087,DIABETES,Diagnosed diabetes among adults,Age-adjusted prevalence,AgeAdjPrv,9.2,7.9,10.7,62609,51693,,
2022,NC,North Carolina,Haywood,37087,DIABETES,Diagnosed diabetes among adults,Crude prevalence,CrdPrv,12.4,10.6,14.3,62609,51693,,
2022,NC,North Carolina,Henderson,37089,DIABETES,Diagnosed diabetes among adults,Age-adjusted prevalence,AgeAdjPrv,9.2,7.9,10.6,118106,96745,,
2022,NC,North Carolina,Henderson,37089,DIABETES,Diagnosed diabetes among adults,Crude prevalence,CrdPrv,12.4,10.7,14.4,118106,96745,,
2022,NC,North Carolina,Hertford,37091,DIABETES,Diagnosed diabetes among adults,Age-adjusted prevalence,AgeAdjPrv,15.0,13.1,17.2,20875,17171,,
2022,NC,North Carolina,Hertford,37091,DIABETES,Diagnosed diabetes among adults,Crude prevalence,CrdPrv,18.1,15.8,20.5,20875,17171,,
2022,NC,North Carolina,Hoke,37093,DIABETES,Diagnosed diabetes among adults,Age-adjusted prevalence,AgeAdjPrv,13.0,11.3,14.9,53787,39354,,
2022,NC,North Carolina,Hoke,37093,DIABETES,Diagnosed diabetes among adults,Crude prevalence,CrdPrv,13.0,11.3,14.9,53787,39354,,
2022,NC,North Carolina,Hyde,37095,DIABETES,Diagnosed diabetes among adults,Age-adjusted prevalence,AgeAdjPrv,13.5,11.7,15.6,4576,3862,,
2022,NC,North Carolina,Hyde,37095,DIABETES,Diagnosed diabetes among adults,Crude prevalence,CrdPrv,17.0,14.7,19.4,4576,3862,,
2022,NC,North Carolina,Iredell,37097,DIABETES,Diagnosed diabetes among adults,Age-adjusted prevalence,AgeAdjPrv,9.7,8.3,11.2,195897,152777,,
2022,NC,North Carolina,Iredell,37097,DIABETES,Diagnosed diabetes among adults,Crude prevalence,CrdPrv,11.4,9.8,13.2,195897,152777,,
2022,NC,North Carolina,Jackson,37099,DIABETES,Diagnosed diabetes among adults,Age-adjusted prevalence,AgeAdjPrv,10.1,8.7,11.7,42955,36071,,
2022,NC,North Carolina,Jackson,37099,DIABETES,Diagnosed diabetes among adults,Crude prevalence,CrdPrv,11.4,9.8,13.1,42955,36071,,
2022,NC,North Carolina,Johnston,37101,DIABETES,Diagnosed diabetes among adults,Age-adjusted prevalence,AgeAdjPrv,11.0,9.5,12.6,234778,177552,,
2022,NC,North Carolina,Johnston,37101,DIABETES,Diagnosed diabetes among adults,Crude prevalence,CrdPrv,12.1,10.5,13.9,234778,177552,,
2022,NC,North Carolina,Jones,37103,DIABETES,Diagnosed diabetes among adults,Age-adjusted prevalence,AgeAdjPrv,12.3,10.6,14.1,9233,7545,,
2022,NC,North Carolina,Jones,37103,DIABETES,Diagnosed diabetes among adults,Crude prevalence,CrdPrv,16.5,14.4,18.8,9233,7545,,
2022,NC,North Carolina,Lee,37105,DIABETES,Diagnosed diabetes among adults,Age-adjusted prevalence,AgeAdjPrv,11.7,10.1,13.4,65476,50217,,
2022,NC,North Carolina,Lee,37105,DIABETES,Diagnosed diabetes among adults,Crude prevalence,CrdPrv,13.7,11.8,15.6,65476,50217,,
2022,NC,North Carolina,Lenoir,37107,DIABETES,Diagnosed diabetes among adults,Age-adjusted prevalence,AgeAdjPrv,13.6,11.8,15.6,54633,42248,,
2022,NC,North Carolina,Lenoir,37107,DIABETES,Diagnosed diabetes among adults,Crude prevalence,CrdPrv,17.2,14.9,19.6,54633,42248,,
2022,NC,North Carolina,Lincoln,37109,DIABETES,Diagnosed diabetes among adults,Age-adjusted prevalence,AgeAdjPrv,9.7,8.3,11.2,93095,74084,,
2022,NC,North Carolina,Lincoln,37109,DIABETES,Diagnosed diabetes among adults,Crude prevalence,CrdPrv,12.2,10.4,14.0,93095,74084,,
2022,NC,North Carolina,McDowell,37111,DIABETES,Diagnosed diabetes among adults,Age-adjusted prevalence,AgeAdjPrv,11.0,9.5,12.7,44753,36114,,
2022,NC,North Carolina,McDowell,37111,DIABETES,Diagnosed diabetes among adults,Crude prevalence,CrdPrv,13.9,11.9,15.9,44753,36114,,
2022,NC,North Carolina,Macon,37113,DIABETES,Diagnosed diabetes among adults,Age-adjusted prevalence,AgeAdjPrv,10.0,8.6,11.7,38065,31219,,
2022,NC,North Carolina,Macon,37113,DIABETES,Diagnosed diabetes among adults,Crude prevalence,CrdPrv,14.1,12.2,16.3,38065,31219,,
2022,NC,North Carolina,Madison,37115,DIABETES,Diagnosed diabetes among adults,Age-adjusted prevalence,AgeAdjPrv,9.8,8.3,11.3,21768,18131,,
2022,NC,North Carolina,Madison,37115,DIABETES,Diagnosed diabetes among adults,Crude prevalence,CrdPrv,12.3,10.5,14.1,21768,18131,,
2022,NC,North Carolina,Martin,37117,DIABETES,Diagnosed diabetes among adults,Age-adjusted prevalence,AgeAdjPrv,13.3,11.5,15.2,21508,17181,,
2022,NC,North Carolina,Martin,37117,DIABETES,Diagnosed diabetes among adults,Crude prevalence,CrdPrv,18.2,15.8,20.6,21508,17181,,
2022,NC,North Carolina,Mecklenburg,37119,DIABETES,Diagnosed diabetes among adults,Age-adjusted prevalence,AgeAdjPrv,10.6,9.0,12.3,1145392,888818,,
2022,NC,North Carolina,Mecklenburg,37119,DIABETES,Diagnosed diabetes among adults,Crude prevalence,CrdPrv,10.5,8.9,12.3,1145392,888818,,
2022,NC,North Carolina,Mitchell,37121,DIABETES,Diagnosed diabetes among adults,Age-adjusted prevalence,AgeAdjPrv,9.5,8.1,10.8,15094,12320,,
2022,NC,North Carolina,Mitchell,37121,DIABETES,Diagnosed diabetes among adults,Crude prevalence,CrdPrv,12.9,11.0,14.7,15094,12320,,
2022,NC,North Carolina,Montgomery,37123,DIABETES,Diagnosed diabetes among adults,Age-adjusted prevalence,AgeAdjPrv,11.4,9.8,13.1,25894,20532,,
2022,NC,North Carolina,Montgomery,37123,DIABETES,Diagnosed diabetes among adults,Crude prevalence,CrdPrv,14.5,12.6,16.7,25894,20532,,
2022,NC,North Carolina,Moore,37125,DIABETES,Diagnosed diabetes among adults,Age-adjusted prevalence,AgeAdjPrv,9.2,7.8,10.6,105531,82726,,
2022,NC,North Carolina,Moore,37125,DIABETES,Diagnosed diabetes among adults,Crude prevalence,CrdPrv,12.1,10.3,13.9,105531,82726,,
2022,NC,North Carolina,Nash,37127,DIABETES,Diagnosed diabetes among adults,Age-adjusted prevalence,AgeAdjPrv,12.2,10.5,14.0,95789,74919,,
2022,NC,North Carolina,Nash,37127,DIABETES,Diagnosed diabetes among adults,Crude prevalence,CrdPrv,14.6,12.6,16.8,95789,74919,,
2022,NC,North Carolina,New Hanover,37129,DIABETES,Diagnosed diabetes among adults,Age-adjusted prevalence,AgeAdjPrv,9.1,7.8,10.5,234921,194120,,
2022,NC,North Carolina,New Hanover,37129,DIABETES,Diagnosed diabetes among adults,Crude prevalence,CrdPrv,10.2,8.9,11.8,234921,194120,,
2022,NC,North Carolina,Northampton,37131,DIABETES,Diagnosed diabetes among adults,Age-adjusted prevalence,AgeAdjPrv,13.9,12.1,15.7,16779,13851,,
2022,NC,North Carolina,Northampton,37131,DIABETES,Diagnosed diabetes among adults,Crude prevalence,CrdPrv,20.0,17.5,22.4,16779,13851,,
2022,NC,North Carolina,Onslow,37133,DIABETES,Diagnosed diabetes among adults,Age-adjusted prevalence,AgeAdjPrv,10.6,9.1,12.2,207298,156300,,
2022,NC,North Carolina,Onslow,37133,DIABETES,Diagnosed diabetes among adults,Crude prevalence,CrdPrv,8.5,7.3,9.7,207298,156300,,
2022,NC,North Carolina,Orange,37135,DIABETES,Diagnosed diabetes among adults,Age-adjusted prevalence,AgeAdjPrv,8.7,7.5,10.0,150477,122960,,
2022,NC,North Carolina,Orange,37135,DIABETES,Diagnosed diabetes among adults,Crude prevalence,CrdPrv,8.8,7.6,10.1,150477,122960,,
2022,NC,North Carolina,Pamlico,37137,DIABETES,Diagnosed diabetes among adults,Age-adjusted prevalence,AgeAdjPrv,10.9,9.4,12.5,12381,10671,,
2022,NC,North Carolina,Pamlico,37137,DIABETES,Diagnosed diabetes among adults,Crude prevalence,CrdPrv,15.8,13.6,18.1,12381,10671,,
2022,NC,North Carolina,Pasquotank,37139,DIABETES,Diagnosed diabetes among adults,Age-adjusted prevalence,AgeAdjPrv,11.4,9.8,13.1,40938,32327,,
2022,NC,North Carolina,Pasquotank,37139,DIABETES,Diagnosed diabetes among adults,Crude prevalence,CrdPrv,13.0,11.1,14.9,40938,32327,,
2022,NC,North Carolina,Pender,37141,DIABETES,Diagnosed diabetes among adults,Age-adjusted prevalence,AgeAdjPrv,10.1,8.7,11.6,65737,51154,,
2022,NC,North Carolina,Pender,37141,DIABETES,Diagnosed diabetes among adults,Crude prevalence,CrdPrv,12.3,10.6,14.1,65737,51154,,
2022,NC,North Carolina,Perquimans,37143,DIABETES,Diagnosed diabetes among adults,Age-adjusted prevalence,AgeAdjPrv,10.6,9.2,12.3,13210,10767,,
2022,NC,North Carolina,Perquimans,37143,DIABETES,Diagnosed diabetes among adults,Crude prevalence,CrdPrv,15.1,13.0,17.3,13210,10767,,
2022,NC,North Carolina,Person,37145,DIABETES,Diagnosed diabetes among adults,Age-adjusted prevalence,AgeAdjPrv,11.9,10.3,13.6,39386,31351,,
2022,NC,North Carolina,Person,37145,DIABETES,Diagnosed diabetes among adults,Crude prevalence,CrdPrv,14.9,13.0,17.1,39386,31351,,
2022,NC,North Carolina,Pitt,37147,DIABETES,Diagnosed diabetes among adults,Age-adjusted prevalence,AgeAdjPrv,11.6,10.0,13.2,173542,136973,,
2022,NC,North Carolina,Pitt,37147,DIABETES,Diagnosed diabetes among adults,Crude prevalence,CrdPrv,11.4,9.9,12.9,173542,136973,,
2022,NC,North Carolina,Polk,37149,DIABETES,Diagnosed diabetes among adults,Age-adjusted prevalence,AgeAdjPrv,8.3,7.1,9.7,19986,16898,,
2022,NC,North Carolina,Polk,37149,DIABETES,Diagnosed diabetes among adults,Crude prevalence,CrdPrv,12.2,10.5,14.1,19986,16898,,
2022,NC,North Carolina,Randolph,37151,DIABETES,Diagnosed diabetes among adults,Age-adjusted prevalence,AgeAdjPrv,10.9,9.4,12.5,146043,113982,,
2022,NC,North Carolina,Randolph,37151,DIABETES,Diagnosed diabetes among adults,Crude prevalence,CrdPrv,13.1,11.3,15.1,146043,113982,,
2022,NC,North Carolina,Richmond,37153,DIABETES,Diagnosed diabetes among adults,Age-adjusted prevalence,AgeAdjPrv,12.8,11.0,14.7,42778,32808,,
2022,NC,North Carolina,Richmond,37153,DIABETES,Diagnosed diabetes among adults,Crude prevalence,CrdPrv,14.8,12.8,17.0,42778,32808,,
2022,NC,North Carolina,Robeson,37155,DIABETES,Diagnosed diabetes among adults,Age-adjusted prevalence,AgeAdjPrv,15.6,13.7,17.5,116663,87156,,
2022,NC,North Carolina,Robeson,37155,DIABETES,Diagnosed diabetes among adults,Crude prevalence,CrdPrv,17.4,15.4,19.6,116663,87156,,
2022,NC,North Carolina,Rockingham,37157,DIABETES,Diagnosed diabetes among adults,Age-adjusted prevalence,AgeAdjPrv,11.8,10.1,13.3,91957,73468,,
2022,NC,North Carolina,Rockingham,37157,DIABETES,Diagnosed diabetes among adults,Crude prevalence,CrdPrv,14.9,12.9,16.9,91957,73468,,
2022,NC,North Carolina,Rowan,37159,DIABETES,Diagnosed diabetes among adults,Age-adjusted prevalence,AgeAdjPrv,11.3,9.7,13.0,149645,117165,,
2022,NC,North Carolina,Rowan,37159,DIABETES,Diagnosed diabetes among adults,Crude prevalence,CrdPrv,13.2,11.4,15.1,149645,117165,,
2022,NC,North Carolina,Rutherford,37161,DIABETES,Diagnosed diabetes among adults,Age-adjusted prevalence,AgeAdjPrv,11.0,9.5,12.6,64963,52036,,
2022,NC,North Carolina,Rutherford,37161,DIABETES,Diagnosed diabetes among adults,Crude prevalence,CrdPrv,14.4,12.5,16.4,64963,52036,,
2022,NC,North Carolina,Sampson,37163,DIABETES,Diagnosed diabetes among adults,Age-adjusted prevalence,AgeAdjPrv,13.3,11.5,15.1,59120,44784,,
2022,NC,North Carolina,Sampson,37163,DIABETES,Diagnosed diabetes among adults,Crude prevalence,CrdPrv,15.7,13.7,17.8,59120,44784,,
2022,NC,North Carolina,Scotland,37165,DIABETES,Diagnosed diabetes among adults,Age-adjusted prevalence,AgeAdjPrv,14.8,12.9,16.8,34162,26314,,
2022,NC,North Carolina,Scotland,37165,DIABETES,Diagnosed diabetes among adults,Crude prevalence,CrdPrv,16.9,14.8,19.1,34162,26314,,
2022,NC,North Carolina,Stanly,37167,DIABETES,Diagnosed diabetes among adults,Age-adjusted prevalence,AgeAdjPrv,10.3,8.9,11.9,64153,50302,,
2022,NC,North Carolina,Stanly,37167,DIABETES,Diagnosed diabetes among adults,Crude prevalence,CrdPrv,12.2,10.5,14.1,64153,50302,,
2022,NC,North Carolina,Stokes,37169,DIABETES,Diagnosed diabetes among adults,Age-adjusted prevalence,AgeAdjPrv,9.9,8.5,11.5,45175,36874,,
2022,NC,North Carolina,Stokes,37169,DIABETES,Diagnosed diabetes among adults,Crude prevalence,CrdPrv,13.1,11.3,15.2,45175,36874,,
2022,NC,North Carolina,Surry,37171,DIABETES,Diagnosed diabetes among adults,Age-adjusted prevalence,AgeAdjPrv,11.1,9.7,12.8,71403,56506,,
2022,NC,North Carolina,Surry,37171,DIABETES,Diagnosed diabetes among adults,Crude prevalence,CrdPrv,14.2,12.4,16.2,71403,56506,,
2022,NC,North Carolina,Swain,37173,DIABETES,Diagnosed diabetes among adults,Age-adjusted prevalence,AgeAdjPrv,12.0,10.3,13.8,13967,10864,,
2022,NC,North Carolina,Swain,37173,DIABETES,Diagnosed diabetes among adults,Crude prevalence,CrdPrv,14.3,12.4,16.5,13967,10864,,
2022,NC,North Carolina,Transylvania,37175,DIABETES,Diagnosed diabetes among adults,Age-adjusted prevalence,AgeAdjPrv,8.8,7.5,10.2,33355,28332,,
2022,NC,North Carolina,Transylvania,37175,DIABETES,Diagnosed diabetes among adults,Crude prevalence,CrdPrv,12.6,10.8,14.5,33355,28332,,
2022,NC,North Carolina,Tyrrell,37177,DIABETES,Diagnosed diabetes among adults,Age-adjusted prevalence,AgeAdjPrv,12.3,10.6,14.1,3365,2644,,
2022,NC,North Carolina,Tyrrell,37177,DIABETES,Diagnosed diabetes among adults,Crude prevalence,CrdPrv,16.2,14.1,18.5,3365,2644,,
2022,NC,North Carolina,Union,37179,DIABETES,Diagnosed diabetes among adults,Age-adjusted prevalence,AgeAdjPrv,9.5,8.2,11.0,249070,186219,,
2022,NC,North Carolina,Union,37179,DIABETES,Diagnosed diabetes among adults,Crude prevalence,CrdPrv,10.8,9.3,12.4,249070,186219,,
2022,NC,North Carolina,Vance,37181,DIABETES,Diagnosed diabetes among adults,Age-adjusted prevalence,AgeAdjPrv,13.6,11.7,15.4,42138,32110,,
2022,NC,North Carolina,Vance,37181,DIABETES,Diagnosed diabetes among adults,Crude prevalence,CrdPrv,16.2,14.1,18.3,42138,32110,,
2022,NC,North Carolina,Wake,37183,DIABETES,Diagnosed diabetes among adults,Age-adjusted prevalence,AgeAdjPrv,8.9,7.7,10.2,1175021,908531,,
2022,NC,North Carolina,Wake,37183,DIABETES,Diagnosed diabetes among adults,Crude prevalence,CrdPrv,9.2,7.9,10.6,1175021,908531,,
2022,NC,North Carolina,Warren,37185,DIABETES,Diagnosed diabetes among adults,Age-adjusted prevalence,AgeAdjPrv,14.5,12.5,16.5,18713,15455,,
2022,NC,North Carolina,Warren,37185,DIABETES,Diagnosed diabetes among adults,Crude prevalence,CrdPrv,19.1,16.6,21.6,18713,15455,,
2022,NC,North Carolina,Washington,37187,DIABETES,Diagnosed diabetes among adults,Age-adjusted prevalence,AgeAdjPrv,13.8,11.9,15.7,10828,8655,,
2022,NC,North Carolina,Washington,37187,DIABETES,Diagnosed diabetes among adults,Crude prevalence,CrdPrv,18.9,16.5,21.4,10828,8655,,
2022,NC,North Carolina,Watauga,37189,DIABETES,Diagnosed diabetes among adults,Age-adjusted prevalence,AgeAdjPrv,9.9,8.4,11.4,55089,48616,,
2022,NC,North Carolina,Watauga,37189,DIABETES,Diagnosed diabetes among adults,Crude prevalence,CrdPrv,9.2,7.9,10.6,55089,48616,,
2022,NC,North Carolina,Wayne,37191,DIABETES,Diagnosed diabetes among adults,Age-adjusted prevalence,AgeAdjPrv,12.2,10.5,14.0,117286,89675,,
2022,NC,North Carolina,Wayne,37191,DIABETES,Diagnosed diabetes among adults,Crude prevalence,CrdPrv,13.9,12.0,15.9,117286,89675,,
2022,NC,North Carolina,Wilkes,37193,DIABETES,Diagnosed diabetes among adults,Age-adjusted prevalence,AgeAdjPrv,10.6,9.1,12.2,65784,52904,,
2022,NC,North Carolina,Wilkes,37193,DIABETES,Diagnosed diabetes among adults,Crude prevalence,CrdPrv,13.7,11.8,15.7,65784,52904,,
2022,NC,North Carolina,Wilson,37195,DIABETES,Diagnosed diabetes among adults,Age-adjusted prevalence,AgeAdjPrv,13.7,11.9,15.7,78449,60652,,
2022,NC,North Carolina,Wilson,37195,DIABETES,Diagnosed diabetes among adults,Crude prevalence,CrdPrv,16.4,14.3,18.6,78449,60652,,
2022,NC,North Carolina,Yadkin,37197,DIABETES,Diagnosed diabetes among adults,Age-adjusted prevalence,AgeAdjPrv,10.7,9.2,12.3,37463,29910,,
2022,NC,North Carolina,Yadkin,37197,DIABETES,Diagnosed diabetes among adults,Crude prevalence,CrdPrv,13.7,11.8,15.7,37463,29910,,
2022,NC,North Carolina,Yancey,37199,DIABETES,Diagnosed diabetes among adults,Age-adjusted prevalence,AgeAdjPrv,9.8,8.4,11.4,18811,15489,,
2022,NC,North Carolina,Yancey,37199,DIABETES,Diagnosed diabetes among adults,Crude prevalence,CrdPrv,13.9,12.0,16.0,18811,15489,,
2022,ND,North Dakota,Adams,38001,DIABETES,Diagnosed diabetes among adults,Age-adjusted prevalence,AgeAdjPrv,9.5,8.1,11.0,2115,1698,,
2022,ND,North Dakota,Adams,38001,DIABETES,Diagnosed diabetes among adults,Crude prevalence,CrdPrv,13.2,11.3,15.3,2115,1698,,
2022,ND,North Dakota,Barnes,38003,DIABETES,Diagnosed diabetes among adults,Age-adjusted prevalence,AgeAdjPrv,8.5,7.2,9.9,10758,8647,,
2022,ND,North Dakota,Barnes,38003,DIABETES,Diagnosed diabetes among adults,Crude prevalence,CrdPrv,10.7,9.2,12.5,10758,8647,,
2022,ND,North Dakota,Benson,38005,DIABETES,Diagnosed diabetes among adults,Age-adjusted prevalence,AgeAdjPrv,13.5,11.7,15.4,5770,3770,,
2022,ND,North Dakota,Benson,38005,DIABETES,Diagnosed diabetes among adults,Crude prevalence,CrdPrv,15.1,13.1,17.2,5770,3770,,
2022,ND,North Dakota,Billings,38007,DIABETES,Diagnosed diabetes among adults,Age-adjusted prevalence,AgeAdjPrv,8.4,7.2,9.8,1018,808,,
2022,ND,North Dakota,Billings,38007,DIABETES,Diagnosed diabetes among adults,Crude prevalence,CrdPrv,10.9,9.3,12.7,1018,808,,
2022,ND,North Dakota,Bottineau,38009,DIABETES,Diagnosed diabetes among adults,Age-adjusted prevalence,AgeAdjPrv,9.2,7.8,10.6,6376,4970,,
2022,ND,North Dakota,Bottineau,38009,DIABETES,Diagnosed diabetes among adults,Crude prevalence,CrdPrv,12.2,10.5,14.1,6376,4970,,
2022,ND,North Dakota,Bowman,38011,DIABETES,Diagnosed diabetes among adults,Age-adjusted prevalence,AgeAdjPrv,9.0,7.7,10.4,2894,2191,,
2022,ND,North Dakota,Bowman,38011,DIABETES,Diagnosed diabetes among adults,Crude prevalence,CrdPrv,12.2,10.5,13.9,2894,2191,,
2022,ND,North Dakota,Burke,38013,DIABETES,Diagnosed diabetes among adults,Age-adjusted prevalence,AgeAdjPrv,7.9,6.8,9.2,2155,1622,,
2022,ND,North Dakota,Burke,38013,DIABETES,Diagnosed diabetes among adults,Crude prevalence,CrdPrv,10.6,9.0,12.2,2155,1622,,
2022,ND,North Dakota,Burleigh,38015,DIABETES,Diagnosed diabetes among adults,Age-adjusted prevalence,AgeAdjPrv,8.3,7.1,9.6,99280,76281,,
2022,ND,North Dakota,Burleigh,38015,DIABETES,Diagnosed diabetes among adults,Crude prevalence,CrdPrv,9.4,8.1,10.8,99280,76281,,
2022,ND,North Dakota,Cass,38017,DIABETES,Diagnosed diabetes among adults,Age-adjusted prevalence,AgeAdjPrv,8.4,7.3,9.6,192734,150610,,
2022,ND,North Dakota,Cass,38017,DIABETES,Diagnosed diabetes among adults,Crude prevalence,CrdPrv,7.8,6.8,8.9,192734,150610,,
2022,ND,North Dakota,Cavalier,38019,DIABETES,Diagnosed diabetes among adults,Age-adjusted prevalence,AgeAdjPrv,8.3,7.0,9.7,3597,2781,,
2022,ND,North Dakota,Cavalier,38019,DIABETES,Diagnosed diabetes among adults,Crude prevalence,CrdPrv,11.9,10.0,13.8,3597,2781,,
2022,ND,North Dakota,Dickey,38021,DIABETES,Diagnosed diabetes among adults,Age-adjusted prevalence,AgeAdjPrv,9.3,8.0,10.9,4923,3727,,
2022,ND,North Dakota,Dickey,38021,DIABETES,Diagnosed diabetes among adults,Crude prevalence,CrdPrv,11.5,9.8,13.4,4923,3727,,
2022,ND,North Dakota,Divide,38023,DIABETES,Diagnosed diabetes among adults,Age-adjusted prevalence,AgeAdjPrv,9.1,7.8,10.7,2187,1660,,
2022,ND,North Dakota,Divide,38023,DIABETES,Diagnosed diabetes among adults,Crude prevalence,CrdPrv,12.9,11.0,14.9,2187,1660,,
2022,ND,North Dakota,Dunn,38025,DIABETES,Diagnosed diabetes among adults,Age-adjusted prevalence,AgeAdjPrv,9.0,7.7,10.5,4015,2954,,
2022,ND,North Dakota,Dunn,38025,DIABETES,Diagnosed diabetes among adults,Crude prevalence,CrdPrv,10.8,9.2,12.5,4015,2954,,
2022,ND,North Dakota,Eddy,38027,DIABETES,Diagnosed diabetes among adults,Age-adjusted prevalence,AgeAdjPrv,9.8,8.4,11.3,2314,1733,,
2022,ND,North Dakota,Eddy,38027,DIABETES,Diagnosed diabetes among adults,Crude prevalence,CrdPrv,12.8,11.0,14.7,2314,1733,,
2022,ND,North Dakota,Emmons,38029,DIABETES,Diagnosed diabetes among adults,Age-adjusted prevalence,AgeAdjPrv,8.6,7.3,9.9,3250,2594,,
2022,ND,North Dakota,Emmons,38029,DIABETES,Diagnosed diabetes among adults,Crude prevalence,CrdPrv,12.7,10.8,14.6,3250,2594,,
2022,ND,North Dakota,Foster,38031,DIABETES,Diagnosed diabetes among adults,Age-adjusted prevalence,AgeAdjPrv,8.3,7.1,9.7,3378,2591,,
2022,ND,North Dakota,Foster,38031,DIABETES,Diagnosed diabetes among adults,Crude prevalence,CrdPrv,11.1,9.5,12.9,3378,2591,,
2022,ND,North Dakota,Golden Valley,38033,DIABETES,Diagnosed diabetes among adults,Age-adjusted prevalence,AgeAdjPrv,9.1,7.8,10.5,1744,1408,,
2022,ND,North Dakota,Golden Valley,38033,DIABETES,Diagnosed diabetes among adults,Crude prevalence,CrdPrv,12.9,11.1,15.0,1744,1408,,
2022,ND,North Dakota,Grand Forks,38035,DIABETES,Diagnosed diabetes among adults,Age-adjusted prevalence,AgeAdjPrv,9.3,8.1,10.7,72413,57365,,
2022,ND,North Dakota,Grand Forks,38035,DIABETES,Diagnosed diabetes among adults,Crude prevalence,CrdPrv,8.5,7.4,9.7,72413,57365,,
2022,ND,North Dakota,Grant,38037,DIABETES,Diagnosed diabetes among adults,Age-adjusted prevalence,AgeAdjPrv,10.0,8.6,11.6,2243,1790,,
2022,ND,North Dakota,Grant,38037,DIABETES,Diagnosed diabetes among adults,Crude prevalence,CrdPrv,15.2,13.1,17.5,2243,1790,,
2022,ND,North Dakota,Griggs,38039,DIABETES,Diagnosed diabetes among adults,Age-adjusted prevalence,AgeAdjPrv,8.5,7.2,9.7,2252,1797,,
2022,ND,North Dakota,Griggs,38039,DIABETES,Diagnosed diabetes among adults,Crude prevalence,CrdPrv,12.7,10.8,14.6,2252,1797,,
2022,ND,North Dakota,Hettinger,38041,DIABETES,Diagnosed diabetes among adults,Age-adjusted prevalence,AgeAdjPrv,8.8,7.5,10.2,2406,1818,,
2022,ND,North Dakota,Hettinger,38041,DIABETES,Diagnosed diabetes among adults,Crude prevalence,CrdPrv,11.5,9.9,13.3,2406,1818,,
2022,ND,North Dakota,Kidder,38043,DIABETES,Diagnosed diabetes among adults,Age-adjusted prevalence,AgeAdjPrv,9.0,7.7,10.5,2393,1862,,
2022,ND,North Dakota,Kidder,38043,DIABETES,Diagnosed diabetes among adults,Crude prevalence,CrdPrv,12.1,10.4,13.9,2393,1862,,
2022,ND,North Dakota,LaMoure,38045,DIABETES,Diagnosed diabetes among adults,Age-adjusted prevalence,AgeAdjPrv,8.2,7.0,9.6,4098,3226,,
2022,ND,North Dakota,LaMoure,38045,DIABETES,Diagnosed diabetes among adults,Crude prevalence,CrdPrv,11.6,9.8,13.4,4098,3226,,
2022,ND,North Dakota,Logan,38047,DIABETES,Diagnosed diabetes among adults,Age-adjusted prevalence,AgeAdjPrv,9.4,8.1,11.0,1855,1426,,
2022,ND,North Dakota,Logan,38047,DIABETES,Diagnosed diabetes among adults,Crude prevalence,CrdPrv,13.4,11.5,15.4,1855,1426,,
2022,ND,North Dakota,McHenry,38049,DIABETES,Diagnosed diabetes among adults,Age-adjusted prevalence,AgeAdjPrv,8.7,7.4,10.1,5189,3961,,
2022,ND,North Dakota,McHenry,38049,DIABETES,Diagnosed diabetes among adults,Crude prevalence,CrdPrv,11.6,9.9,13.4,5189,3961,,
2022,ND,North Dakota,McIntosh,38051,DIABETES,Diagnosed diabetes among adults,Age-adjusted prevalence,AgeAdjPrv,9.6,8.2,11.2,2475,1965,,
2022,ND,North Dakota,McIntosh,38051,DIABETES,Diagnosed diabetes among adults,Crude prevalence,CrdPrv,14.5,12.4,16.7,2475,1965,,
2022,ND,North Dakota,McKenzie,38053,DIABETES,Diagnosed diabetes among adults,Age-adjusted prevalence,AgeAdjPrv,9.9,8.4,11.4,13908,9419,,
2022,ND,North Dakota,McKenzie,38053,DIABETES,Diagnosed diabetes among adults,Crude prevalence,CrdPrv,9.6,8.2,11.0,13908,9419,,
2022,ND,North Dakota,McLean,38055,DIABETES,Diagnosed diabetes among adults,Age-adjusted prevalence,AgeAdjPrv,8.3,7.1,9.6,9824,7681,,
2022,ND,North Dakota,McLean,38055,DIABETES,Diagnosed diabetes among adults,Crude prevalence,CrdPrv,11.3,9.7,13.1,9824,7681,,
2022,ND,North Dakota,Mercer,38057,DIABETES,Diagnosed diabetes among adults,Age-adjusted prevalence,AgeAdjPrv,9.2,7.9,10.6,8333,6414,,
2022,ND,North Dakota,Mercer,38057,DIABETES,Diagnosed diabetes among adults,Crude prevalence,CrdPrv,12.1,10.4,14.0,8333,6414,,
2022,ND,North Dakota,Morton,38059,DIABETES,Diagnosed diabetes among adults,Age-adjusted prevalence,AgeAdjPrv,9.0,7.8,10.4,33710,25785,,
2022,ND,North Dakota,Morton,38059,DIABETES,Diagnosed diabetes among adults,Crude prevalence,CrdPrv,10.3,8.9,11.9,33710,25785,,
2022,ND,North Dakota,Mountrail,38061,DIABETES,Diagnosed diabetes among adults,Age-adjusted prevalence,AgeAdjPrv,10.9,9.4,12.6,9290,6606,,
2022,ND,North Dakota,Mountrail,38061,DIABETES,Diagnosed diabetes among adults,Crude prevalence,CrdPrv,11.8,10.1,13.6,9290,6606,,
2022,ND,North Dakota,Nelson,38063,DIABETES,Diagnosed diabetes among adults,Age-adjusted prevalence,AgeAdjPrv,8.6,7.4,10.1,2995,2390,,
2022,ND,North Dakota,Nelson,38063,DIABETES,Diagnosed diabetes among adults,Crude prevalence,CrdPrv,12.2,10.4,14.2,2995,2390,,
2022,ND,North Dakota,Oliver,38065,DIABETES,Diagnosed diabetes among adults,Age-adjusted prevalence,AgeAdjPrv,8.9,7.6,10.3,1856,1412,,
2022,ND,North Dakota,Oliver,38065,DIABETES,Diagnosed diabetes among adults,Crude prevalence,CrdPrv,12.5,10.7,14.4,1856,1412,,
2022,ND,North Dakota,Pembina,38067,DIABETES,Diagnosed diabetes among adults,Age-adjusted prevalence,AgeAdjPrv,9.1,7.7,10.5,6763,5320,,
2022,ND,North Dakota,Pembina,38067,DIABETES,Diagnosed diabetes among adults,Crude prevalence,CrdPrv,12.5,10.7,14.3,6763,5320,,
2022,ND,North Dakota,Pierce,38069,DIABETES,Diagnosed diabetes among adults,Age-adjusted prevalence,AgeAdjPrv,8.3,7.0,9.7,3942,3028,,
2022,ND,North Dakota,Pierce,38069,DIABETES,Diagnosed diabetes among adults,Crude prevalence,CrdPrv,11.0,9.3,12.8,3942,3028,,
2022,ND,North Dakota,Ramsey,38071,DIABETES,Diagnosed diabetes among adults,Age-adjusted prevalence,AgeAdjPrv,9.1,7.7,10.5,11515,8770,,
2022,ND,North Dakota,Ramsey,38071,DIABETES,Diagnosed diabetes among adults,Crude prevalence,CrdPrv,11.3,9.7,13.1,11515,8770,,
2022,ND,North Dakota,Ransom,38073,DIABETES,Diagnosed diabetes among adults,Age-adjusted prevalence,AgeAdjPrv,8.8,7.5,10.2,5640,4395,,
2022,ND,North Dakota,Ransom,38073,DIABETES,Diagnosed diabetes among adults,Crude prevalence,CrdPrv,11.2,9.6,13.0,5640,4395,,
2022,ND,North Dakota,Renville,38075,DIABETES,Diagnosed diabetes among adults,Age-adjusted prevalence,AgeAdjPrv,8.5,7.3,9.9,2220,1734,,
2022,ND,North Dakota,Renville,38075,DIABETES,Diagnosed diabetes among adults,Crude prevalence,CrdPrv,11.0,9.4,12.7,2220,1734,,
2022,ND,North Dakota,Richland,38077,DIABETES,Diagnosed diabetes among adults,Age-adjusted prevalence,AgeAdjPrv,9.1,7.8,10.7,16580,12993,,
2022,ND,North Dakota,Richland,38077,DIABETES,Diagnosed diabetes among adults,Crude prevalence,CrdPrv,10.3,9.0,12.1,16580,12993,,
2022,ND,North Dakota,Rolette,38079,DIABETES,Diagnosed diabetes among adults,Age-adjusted prevalence,AgeAdjPrv,15.4,13.3,17.5,11933,7972,,
2022,ND,North Dakota,Rolette,38079,DIABETES,Diagnosed diabetes among adults,Crude prevalence,CrdPrv,16.7,14.5,19.0,11933,7972,,
2022,ND,North Dakota,Sargent,38081,DIABETES,Diagnosed diabetes among adults,Age-adjusted prevalence,AgeAdjPrv,8.8,7.5,10.2,3795,2994,,
2022,ND,North Dakota,Sargent,38081,DIABETES,Diagnosed diabetes among adults,Crude prevalence,CrdPrv,11.5,9.8,13.3,3795,2994,,
2022,ND,North Dakota,Sheridan,38083,DIABETES,Diagnosed diabetes among adults,Age-adjusted prevalence,AgeAdjPrv,8.7,7.5,10.1,1295,1048,,
2022,ND,North Dakota,Sheridan,38083,DIABETES,Diagnosed diabetes among adults,Crude prevalence,CrdPrv,13.3,11.4,15.3,1295,1048,,
2022,ND,North Dakota,Sioux,38085,DIABETES,Diagnosed diabetes among adults,Age-adjusted prevalence,AgeAdjPrv,19.2,16.9,21.7,3711,2392,,
2022,ND,North Dakota,Sioux,38085,DIABETES,Diagnosed diabetes among adults,Crude prevalence,CrdPrv,19.1,16.7,21.5,3711,2392,,
2022,ND,North Dakota,Slope,38087,DIABETES,Diagnosed diabetes among adults,Age-adjusted prevalence,AgeAdjPrv,8.6,7.4,10.0,672,538,,
2022,ND,North Dakota,Slope,38087,DIABETES,Diagnosed diabetes among adults,Crude prevalence,CrdPrv,12.5,10.7,14.4,672,538,,
2022,ND,North Dakota,Stark,38089,DIABETES,Diagnosed diabetes among adults,Age-adjusted prevalence,AgeAdjPrv,9.0,7.7,10.4,32803,23812,,
2022,ND,North Dakota,Stark,38089,DIABETES,Diagnosed diabetes among adults,Crude prevalence,CrdPrv,9.4,8.1,10.8,32803,23812,,
2022,ND,North Dakota,Steele,38091,DIABETES,Diagnosed diabetes among adults,Age-adjusted prevalence,AgeAdjPrv,8.5,7.2,9.8,1788,1385,,
2022,ND,North Dakota,Steele,38091,DIABETES,Diagnosed diabetes among adults,Crude prevalence,CrdPrv,11.5,9.9,13.3,1788,1385,,
2022,ND,North Dakota,Stutsman,38093,DIABETES,Diagnosed diabetes among adults,Age-adjusted prevalence,AgeAdjPrv,9.2,7.9,10.6,21487,17155,,
2022,ND,North Dakota,Stutsman,38093,DIABETES,Diagnosed diabetes among adults,Crude prevalence,CrdPrv,11.0,9.4,12.6,21487,17155,,
2022,ND,North Dakota,Towner,38095,DIABETES,Diagnosed diabetes among adults,Age-adjusted prevalence,AgeAdjPrv,10.3,9.0,11.8,2064,1612,,
2022,ND,North Dakota,Towner,38095,DIABETES,Diagnosed diabetes among adults,Crude prevalence,CrdPrv,14.8,13.0,16.9,2064,1612,,
2022,ND,North Dakota,Traill,38097,DIABETES,Diagnosed diabetes among adults,Age-adjusted prevalence,AgeAdjPrv,8.6,7.3,9.9,7958,6115,,
2022,ND,North Dakota,Traill,38097,DIABETES,Diagnosed diabetes among adults,Crude prevalence,CrdPrv,10.4,8.9,12.1,7958,6115,,
2022,ND,North Dakota,Walsh,38099,DIABETES,Diagnosed diabetes among adults,Age-adjusted prevalence,AgeAdjPrv,10.0,8.5,11.6,10438,8028,,
2022,ND,North Dakota,Walsh,38099,DIABETES,Diagnosed diabetes among adults,Crude prevalence,CrdPrv,13.1,11.2,15.1,10438,8028,,
2022,ND,North Dakota,Ward,38101,DIABETES,Diagnosed diabetes among adults,Age-adjusted prevalence,AgeAdjPrv,8.9,7.7,10.3,68870,52404,,
2022,ND,North Dakota,Ward,38101,DIABETES,Diagnosed diabetes among adults,Crude prevalence,CrdPrv,8.9,7.7,10.3,68870,52404,,
2022,ND,North Dakota,Wells,38103,DIABETES,Diagnosed diabetes among adults,Age-adjusted prevalence,AgeAdjPrv,8.6,7.3,10.1,3930,3106,,
2022,ND,North Dakota,Wells,38103,DIABETES,Diagnosed diabetes among adults,Crude prevalence,CrdPrv,12.4,10.6,14.6,3930,3106,,
2022,ND,North Dakota,Williams,38105,DIABETES,Diagnosed diabetes among adults,Age-adjusted prevalence,AgeAdjPrv,9.2,7.9,10.6,38109,26723,,
2022,ND,North Dakota,Williams,38105,DIABETES,Diagnosed diabetes among adults,Crude prevalence,CrdPrv,8.8,7.5,10.1,38109,26723,,
2022,OH,Ohio,Adams,39001,DIABETES,Diagnosed diabetes among adults,Age-adjusted prevalence,AgeAdjPrv,13.2,11.5,14.9,27420,20825,,
2022,OH,Ohio,Adams,39001,DIABETES,Diagnosed diabetes among adults,Crude prevalence,CrdPrv,16.4,14.4,18.5,27420,20825,,
2022,OH,Ohio,Allen,39003,DIABETES,Diagnosed diabetes among adults,Age-adjusted prevalence,AgeAdjPrv,12.9,11.4,14.5,101115,77523,,
2022,OH,Ohio,Allen,39003,DIABETES,Diagnosed diabetes among adults,Crude prevalence,CrdPrv,15.2,13.4,17.0,101115,77523,,
2022,OH,Ohio,Ashland,39005,DIABETES,Diagnosed diabetes among adults,Age-adjusted prevalence,AgeAdjPrv,11.5,10.1,13.0,52181,40624,,
2022,OH,Ohio,Ashland,39005,DIABETES,Diagnosed diabetes among adults,Crude prevalence,CrdPrv,14.0,12.4,15.9,52181,40624,,
2022,OH,Ohio,Ashtabula,39007,DIABETES,Diagnosed diabetes among adults,Age-adjusted prevalence,AgeAdjPrv,12.3,10.8,13.8,97014,76002,,
2022,OH,Ohio,Ashtabula,39007,DIABETES,Diagnosed diabetes among adults,Crude prevalence,CrdPrv,15.1,13.3,16.9,97014,76002,,
2022,OH,Ohio,Athens,39009,DIABETES,Diagnosed diabetes among adults,Age-adjusted prevalence,AgeAdjPrv,11.7,10.4,13.2,58979,50122,,
2022,OH,Ohio,Athens,39009,DIABETES,Diagnosed diabetes among adults,Crude prevalence,CrdPrv,11.3,10.0,12.7,58979,50122,,
2022,OH,Ohio,Auglaize,39011,DIABETES,Diagnosed diabetes among adults,Age-adjusted prevalence,AgeAdjPrv,10.1,8.8,11.6,45948,35074,,
2022,OH,Ohio,Auglaize,39011,DIABETES,Diagnosed diabetes among adults,Crude prevalence,CrdPrv,12.5,10.9,14.2,45948,35074,,
2022,OH,Ohio,Belmont,39013,DIABETES,Diagnosed diabetes among adults,Age-adjusted prevalence,AgeAdjPrv,12.2,10.7,13.7,65509,53278,,
2022,OH,Ohio,Belmont,39013,DIABETES,Diagnosed diabetes among adults,Crude prevalence,CrdPrv,15.1,13.2,16.9,65509,53278,,
2022,OH,Ohio,Brown,39015,DIABETES,Diagnosed diabetes among adults,Age-adjusted prevalence,AgeAdjPrv,11.5,10.0,13.1,43680,33820,,
2022,OH,Ohio,Brown,39015,DIABETES,Diagnosed diabetes among adults,Crude prevalence,CrdPrv,14.3,12.5,16.2,43680,33820,,
2022,OH,Ohio,Butler,39017,DIABETES,Diagnosed diabetes among adults,Age-adjusted prevalence,AgeAdjPrv,11.6,10.2,13.0,388420,298743,,
2022,OH,Ohio,Butler,39017,DIABETES,Diagnosed diabetes among adults,Crude prevalence,CrdPrv,12.9,11.4,14.5,388420,298743,,
2022,OH,Ohio,Carroll,39019,DIABETES,Diagnosed diabetes among adults,Age-adjusted prevalence,AgeAdjPrv,12.3,10.7,14.0,26659,21168,,
2022,OH,Ohio,Carroll,39019,DIABETES,Diagnosed diabetes among adults,Crude prevalence,CrdPrv,16.1,14.1,18.3,26659,21168,,
2022,OH,Ohio,Champaign,39021,DIABETES,Diagnosed diabetes among adults,Age-adjusted prevalence,AgeAdjPrv,11.1,9.6,12.7,38709,30246,,
2022,OH,Ohio,Champaign,39021,DIABETES,Diagnosed diabetes among adults,Crude prevalence,CrdPrv,13.8,12.0,15.7,38709,30246,,
2022,OH,Ohio,Clark,39023,DIABETES,Diagnosed diabetes among adults,Age-adjusted prevalence,AgeAdjPrv,12.3,10.7,13.9,134831,104795,,
2022,OH,Ohio,Clark,39023,DIABETES,Diagnosed diabetes among adults,Crude prevalence,CrdPrv,15.0,13.2,17.0,134831,104795,,
2022,OH,Ohio,Clermont,39025,DIABETES,Diagnosed diabetes among adults,Age-adjusted prevalence,AgeAdjPrv,10.7,9.3,12.2,210805,164528,,
2022,OH,Ohio,Clermont,39025,DIABETES,Diagnosed diabetes among adults,Crude prevalence,CrdPrv,12.8,11.2,14.6,210805,164528,,
2022,OH,Ohio,Clinton,39027,DIABETES,Diagnosed diabetes among adults,Age-adjusted prevalence,AgeAdjPrv,12.0,10.4,13.6,41964,32647,,
2022,OH,Ohio,Clinton,39027,DIABETES,Diagnosed diabetes among adults,Crude prevalence,CrdPrv,14.2,12.4,16.1,41964,32647,,
2022,OH,Ohio,Columbiana,39029,DIABETES,Diagnosed diabetes among adults,Age-adjusted prevalence,AgeAdjPrv,12.2,10.6,13.8,100511,80353,,
2022,OH,Ohio,Columbiana,39029,DIABETES,Diagnosed diabetes among adults,Crude prevalence,CrdPrv,15.4,13.4,17.3,100511,80353,,
2022,OH,Ohio,Coshocton,39031,DIABETES,Diagnosed diabetes among adults,Age-adjusted prevalence,AgeAdjPrv,12.4,10.8,14.0,36571,27883,,
2022,OH,Ohio,Coshocton,39031,DIABETES,Diagnosed diabetes among adults,Crude prevalence,CrdPrv,15.3,13.4,17.3,36571,27883,,
2022,OH,Ohio,Crawford,39033,DIABETES,Diagnosed diabetes among adults,Age-adjusted prevalence,AgeAdjPrv,12.4,10.7,14.1,41522,32608,,
2022,OH,Ohio,Crawford,39033,DIABETES,Diagnosed diabetes among adults,Crude prevalence,CrdPrv,15.6,13.6,17.8,41522,32608,,
2022,OH,Ohio,Cuyahoga,39035,DIABETES,Diagnosed diabetes among adults,Age-adjusted prevalence,AgeAdjPrv,11.1,10.0,12.4,1236041,985264,,
2022,OH,Ohio,Cuyahoga,39035,DIABETES,Diagnosed diabetes among adults,Crude prevalence,CrdPrv,12.9,11.6,14.3,1236041,985264,,
2022,OH,Ohio,Darke,39037,DIABETES,Diagnosed diabetes among adults,Age-adjusted prevalence,AgeAdjPrv,11.7,10.3,13.4,51529,39444,,
2022,OH,Ohio,Darke,39037,DIABETES,Diagnosed diabetes among adults,Crude prevalence,CrdPrv,14.6,12.8,16.6,51529,39444,,
2022,OH,Ohio,Defiance,39039,DIABETES,Diagnosed diabetes among adults,Age-adjusted prevalence,AgeAdjPrv,11.2,9.8,12.8,38187,29606,,
2022,OH,Ohio,Defiance,39039,DIABETES,Diagnosed diabetes among adults,Crude prevalence,CrdPrv,13.9,12.1,15.7,38187,29606,,
2022,OH,Ohio,Delaware,39041,DIABETES,Diagnosed diabetes among adults,Age-adjusted prevalence,AgeAdjPrv,8.9,7.9,10.1,226296,170900,,
2022,OH,Ohio,Delaware,39041,DIABETES,Diagnosed diabetes among adults,Crude prevalence,CrdPrv,10.2,9.0,11.5,226296,170900,,
2022,OH,Ohio,Erie,39043,DIABETES,Diagnosed diabetes among adults,Age-adjusted prevalence,AgeAdjPrv,10.5,9.3,11.9,74501,59951,,
2022,OH,Ohio,Erie,39043,DIABETES,Diagnosed diabetes among adults,Crude prevalence,CrdPrv,13.9,12.3,15.7,74501,59951,,
2022,OH,Ohio,Fairfield,39045,DIABETES,Diagnosed diabetes among adults,Age-adjusted prevalence,AgeAdjPrv,11.4,10.0,12.9,162898,124397,,
2022,OH,Ohio,Fairfield,39045,DIABETES,Diagnosed diabetes among adults,Crude prevalence,CrdPrv,13.1,11.4,14.7,162898,124397,,
2022,OH,Ohio,Fayette,39047,DIABETES,Diagnosed diabetes among adults,Age-adjusted prevalence,AgeAdjPrv,13.0,11.3,14.8,28839,22120,,
2022,OH,Ohio,Fayette,39047,DIABETES,Diagnosed diabetes among adults,Crude prevalence,CrdPrv,15.8,13.8,17.9,28839,22120,,
2022,OH,Ohio,Franklin,39049,DIABETES,Diagnosed diabetes among adults,Age-adjusted prevalence,AgeAdjPrv,11.8,10.6,13.0,1321820,1018815,,
2022,OH,Ohio,Franklin,39049,DIABETES,Diagnosed diabetes among adults,Crude prevalence,CrdPrv,11.8,10.6,13.0,1321820,1018815,,
2022,OH,Ohio,Fulton,39051,DIABETES,Diagnosed diabetes among adults,Age-adjusted prevalence,AgeAdjPrv,11.5,9.9,13.1,42171,32496,,
2022,OH,Ohio,Fulton,39051,DIABETES,Diagnosed diabetes among adults,Crude prevalence,CrdPrv,14.3,12.4,16.3,42171,32496,,
2022,OH,Ohio,Gallia,39053,DIABETES,Diagnosed diabetes among adults,Age-adjusted prevalence,AgeAdjPrv,12.7,11.1,14.2,29068,22281,,
2022,OH,Ohio,Gallia,39053,DIABETES,Diagnosed diabetes among adults,Crude prevalence,CrdPrv,15.7,13.9,17.6,29068,22281,,
2022,OH,Ohio,Geauga,39055,DIABETES,Diagnosed diabetes among adults,Age-adjusted prevalence,AgeAdjPrv,9.9,8.6,11.5,95469,74460,,
2022,OH,Ohio,Geauga,39055,DIABETES,Diagnosed diabetes among adults,Crude prevalence,CrdPrv,12.9,11.2,14.8,95469,74460,,
2022,OH,Ohio,Greene,39057,DIABETES,Diagnosed diabetes among adults,Age-adjusted prevalence,AgeAdjPrv,10.7,9.4,12.2,168456,133968,,
2022,OH,Ohio,Greene,39057,DIABETES,Diagnosed diabetes among adults,Crude prevalence,CrdPrv,12.2,10.7,13.9,168456,133968,,
2022,OH,Ohio,Guernsey,39059,DIABETES,Diagnosed diabetes among adults,Age-adjusted prevalence,AgeAdjPrv,12.3,10.7,13.9,38098,29746,,
2022,OH,Ohio,Guernsey,39059,DIABETES,Diagnosed diabetes among adults,Crude prevalence,CrdPrv,15.4,13.4,17.3,38098,29746,,
2022,OH,Ohio,Hamilton,39061,DIABETES,Diagnosed diabetes among adults,Age-adjusted prevalence,AgeAdjPrv,12.9,11.5,14.4,825037,638597,,
2022,OH,Ohio,Hamilton,39061,DIABETES,Diagnosed diabetes among adults,Crude prevalence,CrdPrv,14.2,12.6,15.8,825037,638597,,
2022,OH,Ohio,Hancock,39063,DIABETES,Diagnosed diabetes among adults,Age-adjusted prevalence,AgeAdjPrv,10.9,9.6,12.5,74861,58728,,
2022,OH,Ohio,Hancock,39063,DIABETES,Diagnosed diabetes among adults,Crude prevalence,CrdPrv,12.8,11.3,14.6,74861,58728,,
2022,OH,Ohio,Hardin,39065,DIABETES,Diagnosed diabetes among adults,Age-adjusted prevalence,AgeAdjPrv,12.9,11.3,14.6,30416,23363,,
2022,OH,Ohio,Hardin,39065,DIABETES,Diagnosed diabetes among adults,Crude prevalence,CrdPrv,14.0,12.3,15.8,30416,23363,,
2022,OH,Ohio,Harrison,39067,DIABETES,Diagnosed diabetes among adults,Age-adjusted prevalence,AgeAdjPrv,11.6,10.1,13.2,14378,11389,,
2022,OH,Ohio,Harrison,39067,DIABETES,Diagnosed diabetes among adults,Crude prevalence,CrdPrv,15.3,13.3,17.4,14378,11389,,
2022,OH,Ohio,Henry,39069,DIABETES,Diagnosed diabetes among adults,Age-adjusted prevalence,AgeAdjPrv,11.3,9.9,13.0,27512,21208,,
2022,OH,Ohio,Henry,39069,DIABETES,Diagnosed diabetes among adults,Crude prevalence,CrdPrv,13.9,12.1,15.8,27512,21208,,
2022,OH,Ohio,Highland,39071,DIABETES,Diagnosed diabetes among adults,Age-adjusted prevalence,AgeAdjPrv,12.4,11.0,13.8,43391,33171,,
2022,OH,Ohio,Highland,39071,DIABETES,Diagnosed diabetes among adults,Crude prevalence,CrdPrv,15.0,13.4,16.6,43391,33171,,
2022,OH,Ohio,Hocking,39073,DIABETES,Diagnosed diabetes among adults,Age-adjusted prevalence,AgeAdjPrv,12.8,11.2,14.5,27858,21851,,
2022,OH,Ohio,Hocking,39073,DIABETES,Diagnosed diabetes among adults,Crude prevalence,CrdPrv,16.1,14.1,18.2,27858,21851,,
2022,OH,Ohio,Holmes,39075,DIABETES,Diagnosed diabetes among adults,Age-adjusted prevalence,AgeAdjPrv,12.3,10.7,14.0,44390,31071,,
2022,OH,Ohio,Holmes,39075,DIABETES,Diagnosed diabetes among adults,Crude prevalence,CrdPrv,13.3,11.6,15.1,44390,31071,,
2022,OH,Ohio,Huron,39077,DIABETES,Diagnosed diabetes among adults,Age-adjusted prevalence,AgeAdjPrv,11.7,10.1,13.2,58218,44548,,
2022,OH,Ohio,Huron,39077,DIABETES,Diagnosed diabetes among adults,Crude prevalence,CrdPrv,13.9,12.1,15.6,58218,44548,,
2022,OH,Ohio,Jackson,39079,DIABETES,Diagnosed diabetes among adults,Age-adjusted prevalence,AgeAdjPrv,12.4,10.9,14.1,32586,24880,,
2022,OH,Ohio,Jackson,39079,DIABETES,Diagnosed diabetes among adults,Crude prevalence,CrdPrv,15.0,13.1,17.0,32586,24880,,
2022,OH,Ohio,Jefferson,39081,DIABETES,Diagnosed diabetes among adults,Age-adjusted prevalence,AgeAdjPrv,11.1,9.8,12.6,64330,51914,,
2022,OH,Ohio,Jefferson,39081,DIABETES,Diagnosed diabetes among adults,Crude prevalence,CrdPrv,14.2,12.5,16.0,64330,51914,,
2022,OH,Ohio,Knox,39083,DIABETES,Diagnosed diabetes among adults,Age-adjusted prevalence,AgeAdjPrv,10.2,8.9,11.6,63183,48910,,
2022,OH,Ohio,Knox,39083,DIABETES,Diagnosed diabetes among adults,Crude prevalence,CrdPrv,11.8,10.3,13.4,63183,48910,,
2022,OH,Ohio,Lake,39085,DIABETES,Diagnosed diabetes among adults,Age-adjusted prevalence,AgeAdjPrv,10.8,9.5,12.3,231842,187697,,
2022,OH,Ohio,Lake,39085,DIABETES,Diagnosed diabetes among adults,Crude prevalence,CrdPrv,13.7,12.1,15.5,231842,187697,,
2022,OH,Ohio,Lawrence,39087,DIABETES,Diagnosed diabetes among adults,Age-adjusted prevalence,AgeAdjPrv,13.0,11.5,14.6,56653,44509,,
2022,OH,Ohio,Lawrence,39087,DIABETES,Diagnosed diabetes among adults,Crude prevalence,CrdPrv,15.6,13.8,17.5,56653,44509,,
2022,OH,Ohio,Licking,39089,DIABETES,Diagnosed diabetes among adults,Age-adjusted prevalence,AgeAdjPrv,10.8,9.4,12.3,181359,140209,,
2022,OH,Ohio,Licking,39089,DIABETES,Diagnosed diabetes among adults,Crude prevalence,CrdPrv,12.8,11.1,14.5,181359,140209,,
2022,OH,Ohio,Logan,39091,DIABETES,Diagnosed diabetes among adults,Age-adjusted prevalence,AgeAdjPrv,11.6,10.0,13.2,46040,35671,,
2022,OH,Ohio,Logan,39091,DIABETES,Diagnosed diabetes among adults,Crude prevalence,CrdPrv,14.4,12.5,16.4,46040,35671,,
2022,OH,Ohio,Lorain,39093,DIABETES,Diagnosed diabetes among adults,Age-adjusted prevalence,AgeAdjPrv,11.6,10.2,13.1,316268,248544,,
2022,OH,Ohio,Lorain,39093,DIABETES,Diagnosed diabetes among adults,Crude prevalence,CrdPrv,14.1,12.4,15.8,316268,248544,,
2022,OH,Ohio,Lucas,39095,DIABETES,Diagnosed diabetes among adults,Age-adjusted prevalence,AgeAdjPrv,12.8,11.5,14.3,426643,329973,,
2022,OH,Ohio,Lucas,39095,DIABETES,Diagnosed diabetes among adults,Crude prevalence,CrdPrv,14.5,13.0,16.1,426643,329973,,
2022,OH,Ohio,Madison,39097,DIABETES,Diagnosed diabetes among adults,Age-adjusted prevalence,AgeAdjPrv,11.6,10.2,13.3,43540,34825,,
2022,OH,Ohio,Madison,39097,DIABETES,Diagnosed diabetes among adults,Crude prevalence,CrdPrv,13.2,11.6,15.1,43540,34825,,
2022,OH,Ohio,Mahoning,39099,DIABETES,Diagnosed diabetes among adults,Age-adjusted prevalence,AgeAdjPrv,12.5,11.1,14.1,225636,180235,,
2022,OH,Ohio,Mahoning,39099,DIABETES,Diagnosed diabetes among adults,Crude prevalence,CrdPrv,15.4,13.7,17.3,225636,180235,,
2022,OH,Ohio,Marion,39101,DIABETES,Diagnosed diabetes among adults,Age-adjusted prevalence,AgeAdjPrv,12.8,11.3,14.4,64642,50880,,
2022,OH,Ohio,Marion,39101,DIABETES,Diagnosed diabetes among adults,Crude prevalence,CrdPrv,14.7,13.0,16.6,64642,50880,,
2022,OH,Ohio,Medina,39103,DIABETES,Diagnosed diabetes among adults,Age-adjusted prevalence,AgeAdjPrv,10.4,9.1,11.8,183512,144713,,
2022,OH,Ohio,Medina,39103,DIABETES,Diagnosed diabetes among adults,Crude prevalence,CrdPrv,13.3,11.6,15.1,183512,144713,,
2022,OH,Ohio,Meigs,39105,DIABETES,Diagnosed diabetes among adults,Age-adjusted prevalence,AgeAdjPrv,13.1,11.5,14.8,21969,17454,,
2022,OH,Ohio,Meigs,39105,DIABETES,Diagnosed diabetes among adults,Crude prevalence,CrdPrv,16.7,14.8,18.9,21969,17454,,
2022,OH,Ohio,Mercer,39107,DIABETES,Diagnosed diabetes among adults,Age-adjusted prevalence,AgeAdjPrv,10.9,9.5,12.4,42348,31316,,
2022,OH,Ohio,Mercer,39107,DIABETES,Diagnosed diabetes among adults,Crude prevalence,CrdPrv,13.3,11.7,15.1,42348,31316,,
2022,OH,Ohio,Miami,39109,DIABETES,Diagnosed diabetes among adults,Age-adjusted prevalence,AgeAdjPrv,10.5,9.2,12.1,110247,85193,,
2022,OH,Ohio,Miami,39109,DIABETES,Diagnosed diabetes among adults,Crude prevalence,CrdPrv,13.0,11.4,14.9,110247,85193,,
2022,OH,Ohio,Monroe,39111,DIABETES,Diagnosed diabetes among adults,Age-adjusted prevalence,AgeAdjPrv,12.1,10.5,13.8,13234,10548,,
2022,OH,Ohio,Monroe,39111,DIABETES,Diagnosed diabetes among adults,Crude prevalence,CrdPrv,15.8,13.9,18.0,13234,10548,,
2022,OH,Ohio,Montgomery,39113,DIABETES,Diagnosed diabetes among adults,Age-adjusted prevalence,AgeAdjPrv,12.4,11.4,13.4,533892,417262,,
2022,OH,Ohio,Montgomery,39113,DIABETES,Diagnosed diabetes among adults,Crude prevalence,CrdPrv,14.2,13.0,15.4,533892,417262,,
2022,OH,Ohio,Morgan,39115,DIABETES,Diagnosed diabetes among adults,Age-adjusted prevalence,AgeAdjPrv,11.8,10.4,13.5,13668,10826,,
2022,OH,Ohio,Morgan,39115,DIABETES,Diagnosed diabetes among adults,Crude prevalence,CrdPrv,15.4,13.5,17.5,13668,10826,,
2022,OH,Ohio,Morrow,39117,DIABETES,Diagnosed diabetes among adults,Age-adjusted prevalence,AgeAdjPrv,12.5,10.9,14.1,35339,27724,,
2022,OH,Ohio,Morrow,39117,DIABETES,Diagnosed diabetes among adults,Crude prevalence,CrdPrv,15.6,13.6,17.5,35339,27724,,
2022,OH,Ohio,Muskingum,39119,DIABETES,Diagnosed diabetes among adults,Age-adjusted prevalence,AgeAdjPrv,11.8,10.3,13.2,86113,66796,,
2022,OH,Ohio,Muskingum,39119,DIABETES,Diagnosed diabetes among adults,Crude prevalence,CrdPrv,14.1,12.3,15.7,86113,66796,,
2022,OH,Ohio,Noble,39121,DIABETES,Diagnosed diabetes among adults,Age-adjusted prevalence,AgeAdjPrv,12.7,11.1,14.5,14335,11638,,
2022,OH,Ohio,Noble,39121,DIABETES,Diagnosed diabetes among adults,Crude prevalence,CrdPrv,18.9,16.6,21.4,14335,11638,,
2022,OH,Ohio,Ottawa,39123,DIABETES,Diagnosed diabetes among adults,Age-adjusted prevalence,AgeAdjPrv,10.3,9.0,11.8,39978,32977,,
2022,OH,Ohio,Ottawa,39123,DIABETES,Diagnosed diabetes among adults,Crude prevalence,CrdPrv,14.6,12.9,16.7,39978,32977,,
2022,OH,Ohio,Paulding,39125,DIABETES,Diagnosed diabetes among adults,Age-adjusted prevalence,AgeAdjPrv,11.8,10.2,13.5,18757,14346,,
2022,OH,Ohio,Paulding,39125,DIABETES,Diagnosed diabetes among adults,Crude prevalence,CrdPrv,14.7,12.8,16.7,18757,14346,,
2022,OH,Ohio,Perry,39127,DIABETES,Diagnosed diabetes among adults,Age-adjusted prevalence,AgeAdjPrv,12.0,10.4,13.6,35480,27219,,
2022,OH,Ohio,Perry,39127,DIABETES,Diagnosed diabetes among adults,Crude prevalence,CrdPrv,14.5,12.6,16.4,35480,27219,,
2022,OH,Ohio,Pickaway,39129,DIABETES,Diagnosed diabetes among adults,Age-adjusted prevalence,AgeAdjPrv,11.2,9.8,12.8,60023,47111,,
2022,OH,Ohio,Pickaway,39129,DIABETES,Diagnosed diabetes among adults,Crude prevalence,CrdPrv,12.6,11.0,14.4,60023,47111,,
2022,OH,Ohio,Pike,39131,DIABETES,Diagnosed diabetes among adults,Age-adjusted prevalence,AgeAdjPrv,13.3,11.7,15.1,27005,20657,,
2022,OH,Ohio,Pike,39131,DIABETES,Diagnosed diabetes among adults,Crude prevalence,CrdPrv,16.1,14.2,18.2,27005,20657,,
2022,OH,Ohio,Portage,39133,DIABETES,Diagnosed diabetes among adults,Age-adjusted prevalence,AgeAdjPrv,10.6,9.4,12.1,161745,132730,,
2022,OH,Ohio,Portage,39133,DIABETES,Diagnosed diabetes among adults,Crude prevalence,CrdPrv,11.8,10.4,13.3,161745,132730,,
2022,OH,Ohio,Preble,39135,DIABETES,Diagnosed diabetes among adults,Age-adjusted prevalence,AgeAdjPrv,11.4,9.8,13.2,40596,31654,,
2022,OH,Ohio,Preble,39135,DIABETES,Diagnosed diabetes among adults,Crude prevalence,CrdPrv,14.3,12.3,16.5,40596,31654,,
2022,OH,Ohio,Putnam,39137,DIABETES,Diagnosed diabetes among adults,Age-adjusted prevalence,AgeAdjPrv,10.1,8.9,11.6,34334,25624,,
2022,OH,Ohio,Putnam,39137,DIABETES,Diagnosed diabetes among adults,Crude prevalence,CrdPrv,12.5,11.0,14.4,34334,25624,,
2022,OH,Ohio,Richland,39139,DIABETES,Diagnosed diabetes among adults,Age-adjusted prevalence,AgeAdjPrv,12.0,10.5,13.5,125319,98268,,
2022,OH,Ohio,Richland,39139,DIABETES,Diagnosed diabetes among adults,Crude prevalence,CrdPrv,14.5,12.8,16.3,125319,98268,,
2022,OH,Ohio,Ross,39141,DIABETES,Diagnosed diabetes among adults,Age-adjusted prevalence,AgeAdjPrv,13.0,11.5,14.7,76606,60517,,
2022,OH,Ohio,Ross,39141,DIABETES,Diagnosed diabetes among adults,Crude prevalence,CrdPrv,15.5,13.7,17.4,76606,60517,,
2022,OH,Ohio,Sandusky,39143,DIABETES,Diagnosed diabetes among adults,Age-adjusted prevalence,AgeAdjPrv,12.1,10.6,13.7,58667,45983,,
2022,OH,Ohio,Sandusky,39143,DIABETES,Diagnosed diabetes among adults,Crude prevalence,CrdPrv,14.8,13.0,16.8,58667,45983,,
2022,OH,Ohio,Scioto,39145,DIABETES,Diagnosed diabetes among adults,Age-adjusted prevalence,AgeAdjPrv,12.9,11.4,14.5,72194,56645,,
2022,OH,Ohio,Scioto,39145,DIABETES,Diagnosed diabetes among adults,Crude prevalence,CrdPrv,15.1,13.3,16.9,72194,56645,,
2022,OH,Ohio,Seneca,39147,DIABETES,Diagnosed diabetes among adults,Age-adjusted prevalence,AgeAdjPrv,12.1,10.7,13.7,54632,43023,,
2022,OH,Ohio,Seneca,39147,DIABETES,Diagnosed diabetes among adults,Crude prevalence,CrdPrv,14.1,12.5,15.9,54632,43023,,
2022,OH,Ohio,Shelby,39149,DIABETES,Diagnosed diabetes among adults,Age-adjusted prevalence,AgeAdjPrv,11.4,9.9,13.0,47671,36084,,
2022,OH,Ohio,Shelby,39149,DIABETES,Diagnosed diabetes among adults,Crude prevalence,CrdPrv,13.6,11.8,15.4,47671,36084,,
2022,OH,Ohio,Stark,39151,DIABETES,Diagnosed diabetes among adults,Age-adjusted prevalence,AgeAdjPrv,10.8,9.5,12.2,372657,293217,,
2022,OH,Ohio,Stark,39151,DIABETES,Diagnosed diabetes among adults,Crude prevalence,CrdPrv,13.3,11.7,15.0,372657,293217,,
2022,OH,Ohio,Summit,39153,DIABETES,Diagnosed diabetes among adults,Age-adjusted prevalence,AgeAdjPrv,11.2,10.0,12.5,535882,426254,,
2022,OH,Ohio,Summit,39153,DIABETES,Diagnosed diabetes among adults,Crude prevalence,CrdPrv,13.0,11.7,14.5,535882,426254,,
2022,OH,Ohio,Trumbull,39155,DIABETES,Diagnosed diabetes among adults,Age-adjusted prevalence,AgeAdjPrv,12.8,11.4,14.3,200643,159684,,
2022,OH,Ohio,Trumbull,39155,DIABETES,Diagnosed diabetes among adults,Crude prevalence,CrdPrv,16.1,14.4,18.0,200643,159684,,
2022,OH,Ohio,Tuscarawas,39157,DIABETES,Diagnosed diabetes among adults,Age-adjusted prevalence,AgeAdjPrv,12.0,10.6,13.5,91937,71061,,
2022,OH,Ohio,Tuscarawas,39157,DIABETES,Diagnosed diabetes among adults,Crude prevalence,CrdPrv,15.0,13.2,16.8,91937,71061,,
2022,OH,Ohio,Union,39159,DIABETES,Diagnosed diabetes among adults,Age-adjusted prevalence,AgeAdjPrv,8.7,7.5,10.0,66898,50934,,
2022,OH,Ohio,Union,39159,DIABETES,Diagnosed diabetes among adults,Crude prevalence,CrdPrv,9.3,8.1,10.7,66898,50934,,
2022,OH,Ohio,Van Wert,39161,DIABETES,Diagnosed diabetes among adults,Age-adjusted prevalence,AgeAdjPrv,10.9,9.5,12.4,28769,22136,,
2022,OH,Ohio,Van Wert,39161,DIABETES,Diagnosed diabetes among adults,Crude prevalence,CrdPrv,13.3,11.6,15.1,28769,22136,,
2022,OH,Ohio,Vinton,39163,DIABETES,Diagnosed diabetes among adults,Age-adjusted prevalence,AgeAdjPrv,12.8,11.2,14.6,12565,9920,,
2022,OH,Ohio,Vinton,39163,DIABETES,Diagnosed diabetes among adults,Crude prevalence,CrdPrv,16.0,14.0,18.1,12565,9920,,
2022,OH,Ohio,Warren,39165,DIABETES,Diagnosed diabetes among adults,Age-adjusted prevalence,AgeAdjPrv,9.9,8.6,11.2,249778,191037,,
2022,OH,Ohio,Warren,39165,DIABETES,Diagnosed diabetes among adults,Crude prevalence,CrdPrv,11.5,10.1,13.0,249778,191037,,
2022,OH,Ohio,Washington,39167,DIABETES,Diagnosed diabetes among adults,Age-adjusted prevalence,AgeAdjPrv,12.0,10.5,13.6,58901,47490,,
2022,OH,Ohio,Washington,39167,DIABETES,Diagnosed diabetes among adults,Crude prevalence,CrdPrv,15.0,13.3,17.0,58901,47490,,
2022,OH,Ohio,Wayne,39169,DIABETES,Diagnosed diabetes among adults,Age-adjusted prevalence,AgeAdjPrv,10.6,9.2,12.1,116559,88921,,
2022,OH,Ohio,Wayne,39169,DIABETES,Diagnosed diabetes among adults,Crude prevalence,CrdPrv,12.3,10.8,14.0,116559,88921,,
2022,OH,Ohio,Williams,39171,DIABETES,Diagnosed diabetes among adults,Age-adjusted prevalence,AgeAdjPrv,11.5,10.0,13.0,36652,28687,,
2022,OH,Ohio,Williams,39171,DIABETES,Diagnosed diabetes among adults,Crude prevalence,CrdPrv,14.4,12.5,16.2,36652,28687,,
2022,OH,Ohio,Wood,39173,DIABETES,Diagnosed diabetes among adults,Age-adjusted prevalence,AgeAdjPrv,10.6,9.4,12.0,131592,105161,,
2022,OH,Ohio,Wood,39173,DIABETES,Diagnosed diabetes among adults,Crude prevalence,CrdPrv,11.1,9.9,12.6,131592,105161,,
2022,OH,Ohio,Wyandot,39175,DIABETES,Diagnosed diabetes among adults,Age-adjusted prevalence,AgeAdjPrv,10.3,8.9,11.7,21567,16838,,
2022,OH,Ohio,Wyandot,39175,DIABETES,Diagnosed diabetes among adults,Crude prevalence,CrdPrv,12.9,11.2,14.7,21567,16838,,
2022,OK,Oklahoma,Adair,40001,DIABETES,Diagnosed diabetes among adults,Age-adjusted prevalence,AgeAdjPrv,15.6,13.6,17.7,19576,14403,,
2022,OK,Oklahoma,Adair,40001,DIABETES,Diagnosed diabetes among adults,Crude prevalence,CrdPrv,17.6,15.5,20.0,19576,14403,,
2022,OK,Oklahoma,Alfalfa,40003,DIABETES,Diagnosed diabetes among adults,Age-adjusted prevalence,AgeAdjPrv,11.1,9.6,12.8,5637,4535,,
2022,OK,Oklahoma,Alfalfa,40003,DIABETES,Diagnosed diabetes among adults,Crude prevalence,CrdPrv,13.3,11.5,15.4,5637,4535,,
2022,OK,Oklahoma,Atoka,40005,DIABETES,Diagnosed diabetes among adults,Age-adjusted prevalence,AgeAdjPrv,13.4,11.6,15.3,14262,11269,,
2022,OK,Oklahoma,Atoka,40005,DIABETES,Diagnosed diabetes among adults,Crude prevalence,CrdPrv,15.5,13.4,17.6,14262,11269,,
2022,OK,Oklahoma,Beaver,40007,DIABETES,Diagnosed diabetes among adults,Age-adjusted prevalence,AgeAdjPrv,11.3,9.8,13.1,5016,3809,,
2022,OK,Oklahoma,Beaver,40007,DIABETES,Diagnosed diabetes among adults,Crude prevalence,CrdPrv,13.6,11.8,15.6,5016,3809,,
2022,OK,Oklahoma,Beckham,40009,DIABETES,Diagnosed diabetes among adults,Age-adjusted prevalence,AgeAdjPrv,12.1,10.3,13.7,22009,16696,,
2022,OK,Oklahoma,Beckham,40009,DIABETES,Diagnosed diabetes among adults,Crude prevalence,CrdPrv,12.8,11.0,14.5,22009,16696,,
2022,OK,Oklahoma,Blaine,40011,DIABETES,Diagnosed diabetes among adults,Age-adjusted prevalence,AgeAdjPrv,12.6,10.9,14.3,8409,6240,,
2022,OK,Oklahoma,Blaine,40011,DIABETES,Diagnosed diabetes among adults,Crude prevalence,CrdPrv,15.5,13.4,17.5,8409,6240,,
2022,OK,Oklahoma,Bryan,40013,DIABETES,Diagnosed diabetes among adults,Age-adjusted prevalence,AgeAdjPrv,12.6,11.0,14.4,48182,37054,,
2022,OK,Oklahoma,Bryan,40013,DIABETES,Diagnosed diabetes among adults,Crude prevalence,CrdPrv,14.1,12.3,16.1,48182,37054,,
2022,OK,Oklahoma,Caddo,40015,DIABETES,Diagnosed diabetes among adults,Age-adjusted prevalence,AgeAdjPrv,14.2,12.3,16.2,26198,20254,,
2022,OK,Oklahoma,Caddo,40015,DIABETES,Diagnosed diabetes among adults,Crude prevalence,CrdPrv,15.2,13.2,17.3,26198,20254,,
2022,OK,Oklahoma,Canadian,40017,DIABETES,Diagnosed diabetes among adults,Age-adjusted prevalence,AgeAdjPrv,10.9,9.5,12.4,169149,126161,,
2022,OK,Oklahoma,Canadian,40017,DIABETES,Diagnosed diabetes among adults,Crude prevalence,CrdPrv,11.5,10.1,13.1,169149,126161,,
2022,OK,Oklahoma,Carter,40019,DIABETES,Diagnosed diabetes among adults,Age-adjusted prevalence,AgeAdjPrv,12.1,10.5,13.8,48510,36401,,
2022,OK,Oklahoma,Carter,40019,DIABETES,Diagnosed diabetes among adults,Crude prevalence,CrdPrv,13.8,12.0,15.6,48510,36401,,
2022,OK,Oklahoma,Cherokee,40021,DIABETES,Diagnosed diabetes among adults,Age-adjusted prevalence,AgeAdjPrv,14.2,12.4,16.0,48098,37893,,
2022,OK,Oklahoma,Cherokee,40021,DIABETES,Diagnosed diabetes among adults,Crude prevalence,CrdPrv,15.4,13.5,17.3,48098,37893,,
2022,OK,Oklahoma,Choctaw,40023,DIABETES,Diagnosed diabetes among adults,Age-adjusted prevalence,AgeAdjPrv,13.8,12.0,15.8,14358,10797,,
2022,OK,Oklahoma,Choctaw,40023,DIABETES,Diagnosed diabetes among adults,Crude prevalence,CrdPrv,17.1,14.9,19.5,14358,10797,,
2022,OK,Oklahoma,Cimarron,40025,DIABETES,Diagnosed diabetes among adults,Age-adjusted prevalence,AgeAdjPrv,10.7,9.1,12.3,2252,1665,,
2022,OK,Oklahoma,Cimarron,40025,DIABETES,Diagnosed diabetes among adults,Crude prevalence,CrdPrv,13.9,11.9,16.0,2252,1665,,
2022,OK,Oklahoma,Cleveland,40027,DIABETES,Diagnosed diabetes among adults,Age-adjusted prevalence,AgeAdjPrv,11.4,10.0,13.0,299587,239280,,
2022,OK,Oklahoma,Cleveland,40027,DIABETES,Diagnosed diabetes among adults,Crude prevalence,CrdPrv,11.4,10.0,13.0,299587,239280,,
2022,OK,Oklahoma,Coal,40029,DIABETES,Diagnosed diabetes among adults,Age-adjusted prevalence,AgeAdjPrv,14.1,12.3,16.2,5313,4033,,
2022,OK,Oklahoma,Coal,40029,DIABETES,Diagnosed diabetes among adults,Crude prevalence,CrdPrv,17.2,15.0,19.7,5313,4033,,
2022,OK,Oklahoma,Comanche,40031,DIABETES,Diagnosed diabetes among adults,Age-adjusted prevalence,AgeAdjPrv,12.7,11.2,14.4,123046,93733,,
2022,OK,Oklahoma,Comanche,40031,DIABETES,Diagnosed diabetes among adults,Crude prevalence,CrdPrv,12.5,11.0,14.2,123046,93733,,
2022,OK,Oklahoma,Cotton,40033,DIABETES,Diagnosed diabetes among adults,Age-adjusted prevalence,AgeAdjPrv,12.8,11.1,14.4,5477,4206,,
2022,OK,Oklahoma,Cotton,40033,DIABETES,Diagnosed diabetes among adults,Crude prevalence,CrdPrv,16.1,14.0,18.1,5477,4206,,
2022,OK,Oklahoma,Craig,40035,DIABETES,Diagnosed diabetes among adults,Age-adjusted prevalence,AgeAdjPrv,14.4,12.5,16.3,14123,10951,,
2022,OK,Oklahoma,Craig,40035,DIABETES,Diagnosed diabetes among adults,Crude prevalence,CrdPrv,17.4,15.2,19.7,14123,10951,,
2022,OK,Oklahoma,Creek,40037,DIABETES,Diagnosed diabetes among adults,Age-adjusted prevalence,AgeAdjPrv,11.8,10.2,13.6,72699,55945,,
2022,OK,Oklahoma,Creek,40037,DIABETES,Diagnosed diabetes among adults,Crude prevalence,CrdPrv,14.1,12.3,16.1,72699,55945,,
2022,OK,Oklahoma,Custer,40039,DIABETES,Diagnosed diabetes among adults,Age-adjusted prevalence,AgeAdjPrv,11.8,10.2,13.5,27886,21000,,
2022,OK,Oklahoma,Custer,40039,DIABETES,Diagnosed diabetes among adults,Crude prevalence,CrdPrv,11.7,10.1,13.3,27886,21000,,
2022,OK,Oklahoma,Delaware,40041,DIABETES,Diagnosed diabetes among adults,Age-adjusted prevalence,AgeAdjPrv,13.0,11.3,14.9,41413,33279,,
2022,OK,Oklahoma,Delaware,40041,DIABETES,Diagnosed diabetes among adults,Crude prevalence,CrdPrv,17.3,15.1,19.7,41413,33279,,
2022,OK,Oklahoma,Dewey,40043,DIABETES,Diagnosed diabetes among adults,Age-adjusted prevalence,AgeAdjPrv,11.8,10.1,13.5,4401,3231,,
2022,OK,Oklahoma,Dewey,40043,DIABETES,Diagnosed diabetes among adults,Crude prevalence,CrdPrv,14.4,12.5,16.5,4401,3231,,
2022,OK,Oklahoma,Ellis,40045,DIABETES,Diagnosed diabetes among adults,Age-adjusted prevalence,AgeAdjPrv,11.1,9.7,12.8,3657,2861,,
2022,OK,Oklahoma,Ellis,40045,DIABETES,Diagnosed diabetes among adults,Crude prevalence,CrdPrv,14.7,12.8,16.8,3657,2861,,
2022,OK,Oklahoma,Garfield,40047,DIABETES,Diagnosed diabetes among adults,Age-adjusted prevalence,AgeAdjPrv,11.4,9.9,13.0,61920,46034,,
2022,OK,Oklahoma,Garfield,40047,DIABETES,Diagnosed diabetes among adults,Crude prevalence,CrdPrv,12.7,11.1,14.5,61920,46034,,
2022,OK,Oklahoma,Garvin,40049,DIABETES,Diagnosed diabetes among adults,Age-adjusted prevalence,AgeAdjPrv,12.3,10.7,14.1,25713,19349,,
2022,OK,Oklahoma,Garvin,40049,DIABETES,Diagnosed diabetes among adults,Crude prevalence,CrdPrv,14.4,12.5,16.4,25713,19349,,
2022,OK,Oklahoma,Grady,40051,DIABETES,Diagnosed diabetes among adults,Age-adjusted prevalence,AgeAdjPrv,11.1,9.6,12.7,56658,43566,,
2022,OK,Oklahoma,Grady,40051,DIABETES,Diagnosed diabetes among adults,Crude prevalence,CrdPrv,12.9,11.2,14.7,56658,43566,,
2022,OK,Oklahoma,Grant,40053,DIABETES,Diagnosed diabetes among adults,Age-adjusted prevalence,AgeAdjPrv,12.2,10.6,14.0,4124,3126,,
2022,OK,Oklahoma,Grant,40053,DIABETES,Diagnosed diabetes among adults,Crude prevalence,CrdPrv,15.6,13.6,17.8,4124,3126,,
2022,OK,Oklahoma,Greer,40055,DIABETES,Diagnosed diabetes among adults,Age-adjusted prevalence,AgeAdjPrv,12.7,11.0,14.5,5547,4412,,
2022,OK,Oklahoma,Greer,40055,DIABETES,Diagnosed diabetes among adults,Crude prevalence,CrdPrv,14.0,12.1,16.0,5547,4412,,
2022,OK,Oklahoma,Harmon,40057,DIABETES,Diagnosed diabetes among adults,Age-adjusted prevalence,AgeAdjPrv,13.6,11.9,15.5,2428,1778,,
2022,OK,Oklahoma,Harmon,40057,DIABETES,Diagnosed diabetes among adults,Crude prevalence,CrdPrv,17.1,15.0,19.4,2428,1778,,
2022,OK,Oklahoma,Harper,40059,DIABETES,Diagnosed diabetes among adults,Age-adjusted prevalence,AgeAdjPrv,12.0,10.4,13.7,3129,2376,,
2022,OK,Oklahoma,Harper,40059,DIABETES,Diagnosed diabetes among adults,Crude prevalence,CrdPrv,14.8,12.9,16.9,3129,2376,,
2022,OK,Oklahoma,Haskell,40061,DIABETES,Diagnosed diabetes among adults,Age-adjusted prevalence,AgeAdjPrv,13.5,11.7,15.4,11641,8933,,
2022,OK,Oklahoma,Haskell,40061,DIABETES,Diagnosed diabetes among adults,Crude prevalence,CrdPrv,16.5,14.4,18.7,11641,8933,,
2022,OK,Oklahoma,Hughes,40063,DIABETES,Diagnosed diabetes among adults,Age-adjusted prevalence,AgeAdjPrv,14.2,12.2,16.3,13407,10481,,
2022,OK,Oklahoma,Hughes,40063,DIABETES,Diagnosed diabetes among adults,Crude prevalence,CrdPrv,16.1,13.8,18.3,13407,10481,,
2022,OK,Oklahoma,Jackson,40065,DIABETES,Diagnosed diabetes among adults,Age-adjusted prevalence,AgeAdjPrv,12.8,11.1,14.6,24556,18377,,
2022,OK,Oklahoma,Jackson,40065,DIABETES,Diagnosed diabetes among adults,Crude prevalence,CrdPrv,13.6,11.8,15.5,24556,18377,,
2022,OK,Oklahoma,Jefferson,40067,DIABETES,Diagnosed diabetes among adults,Age-adjusted prevalence,AgeAdjPrv,13.3,11.6,15.2,5389,4067,,
2022,OK,Oklahoma,Jefferson,40067,DIABETES,Diagnosed diabetes among adults,Crude prevalence,CrdPrv,16.6,14.6,18.9,5389,4067,,
2022,OK,Oklahoma,Johnston,40069,DIABETES,Diagnosed diabetes among adults,Age-adjusted prevalence,AgeAdjPrv,13.6,11.8,15.6,10406,7952,,
2022,OK,Oklahoma,Johnston,40069,DIABETES,Diagnosed diabetes among adults,Crude prevalence,CrdPrv,15.5,13.5,17.7,10406,7952,,
2022,OK,Oklahoma,Kay,40071,DIABETES,Diagnosed diabetes among adults,Age-adjusted prevalence,AgeAdjPrv,11.9,10.3,13.7,43668,32884,,
2022,OK,Oklahoma,Kay,40071,DIABETES,Diagnosed diabetes among adults,Crude prevalence,CrdPrv,14.0,12.1,16.0,43668,32884,,
2022,OK,Oklahoma,Kingfisher,40073,DIABETES,Diagnosed diabetes among adults,Age-adjusted prevalence,AgeAdjPrv,11.0,9.5,12.6,15293,11262,,
2022,OK,Oklahoma,Kingfisher,40073,DIABETES,Diagnosed diabetes among adults,Crude prevalence,CrdPrv,12.7,11.0,14.5,15293,11262,,
2022,OK,Oklahoma,Kiowa,40075,DIABETES,Diagnosed diabetes among adults,Age-adjusted prevalence,AgeAdjPrv,13.5,11.8,15.5,8345,6317,,
2022,OK,Oklahoma,Kiowa,40075,DIABETES,Diagnosed diabetes among adults,Crude prevalence,CrdPrv,17.2,15.1,19.5,8345,6317,,
2022,OK,Oklahoma,Latimer,40077,DIABETES,Diagnosed diabetes among adults,Age-adjusted prevalence,AgeAdjPrv,14.3,12.4,16.3,9630,7458,,
2022,OK,Oklahoma,Latimer,40077,DIABETES,Diagnosed diabetes among adults,Crude prevalence,CrdPrv,17.2,15.0,19.5,9630,7458,,
2022,OK,Oklahoma,Le Flore,40079,DIABETES,Diagnosed diabetes among adults,Age-adjusted prevalence,AgeAdjPrv,13.5,11.8,15.3,48907,37115,,
2022,OK,Oklahoma,Le Flore,40079,DIABETES,Diagnosed diabetes among adults,Crude prevalence,CrdPrv,15.8,13.8,17.8,48907,37115,,
2022,OK,Oklahoma,Lincoln,40081,DIABETES,Diagnosed diabetes among adults,Age-adjusted prevalence,AgeAdjPrv,11.8,10.2,13.5,34188,26260,,
2022,OK,Oklahoma,Lincoln,40081,DIABETES,Diagnosed diabetes among adults,Crude prevalence,CrdPrv,14.4,12.5,16.5,34188,26260,,
2022,OK,Oklahoma,Logan,40083,DIABETES,Diagnosed diabetes among adults,Age-adjusted prevalence,AgeAdjPrv,11.2,9.5,12.8,51933,40678,,
2022,OK,Oklahoma,Logan,40083,DIABETES,Diagnosed diabetes among adults,Crude prevalence,CrdPrv,12.9,11.1,14.7,51933,40678,,
2022,OK,Oklahoma,Love,40085,DIABETES,Diagnosed diabetes among adults,Age-adjusted prevalence,AgeAdjPrv,12.2,10.5,14.0,10218,7741,,
2022,OK,Oklahoma,Love,40085,DIABETES,Diagnosed diabetes among adults,Crude prevalence,CrdPrv,14.5,12.4,16.5,10218,7741,,
2022,OK,Oklahoma,McClain,40087,DIABETES,Diagnosed diabetes among adults,Age-adjusted prevalence,AgeAdjPrv,11.0,9.5,12.6,45306,34083,,
2022,OK,Oklahoma,McClain,40087,DIABETES,Diagnosed diabetes among adults,Crude prevalence,CrdPrv,12.5,10.9,14.3,45306,34083,,
2022,OK,Oklahoma,McCurtain,40089,DIABETES,Diagnosed diabetes among adults,Age-adjusted prevalence,AgeAdjPrv,14.5,12.6,16.5,30931,22781,,
2022,OK,Oklahoma,McCurtain,40089,DIABETES,Diagnosed diabetes among adults,Crude prevalence,CrdPrv,16.9,14.8,19.2,30931,22781,,
2022,OK,Oklahoma,McIntosh,40091,DIABETES,Diagnosed diabetes among adults,Age-adjusted prevalence,AgeAdjPrv,13.5,11.7,15.3,19451,15495,,
2022,OK,Oklahoma,McIntosh,40091,DIABETES,Diagnosed diabetes among adults,Crude prevalence,CrdPrv,17.9,15.6,20.3,19451,15495,,
2022,OK,Oklahoma,Major,40093,DIABETES,Diagnosed diabetes among adults,Age-adjusted prevalence,AgeAdjPrv,10.8,9.3,12.4,7502,5609,,
2022,OK,Oklahoma,Major,40093,DIABETES,Diagnosed diabetes among adults,Crude prevalence,CrdPrv,13.7,11.9,15.6,7502,5609,,
2022,OK,Oklahoma,Marshall,40095,DIABETES,Diagnosed diabetes among adults,Age-adjusted prevalence,AgeAdjPrv,13.1,11.3,15.0,15882,12263,,
2022,OK,Oklahoma,Marshall,40095,DIABETES,Diagnosed diabetes among adults,Crude prevalence,CrdPrv,16.2,14.1,18.5,15882,12263,,
2022,OK,Oklahoma,Mayes,40097,DIABETES,Diagnosed diabetes among adults,Age-adjusted prevalence,AgeAdjPrv,13.1,11.4,14.9,39589,30485,,
2022,OK,Oklahoma,Mayes,40097,DIABETES,Diagnosed diabetes among adults,Crude prevalence,CrdPrv,15.5,13.6,17.6,39589,30485,,
2022,OK,Oklahoma,Murray,40099,DIABETES,Diagnosed diabetes among adults,Age-adjusted prevalence,AgeAdjPrv,12.0,10.3,13.7,13672,10602,,
2022,OK,Oklahoma,Murray,40099,DIABETES,Diagnosed diabetes among adults,Crude prevalence,CrdPrv,14.9,13.0,17.1,13672,10602,,
2022,OK,Oklahoma,Muskogee,40101,DIABETES,Diagnosed diabetes among adults,Age-adjusted prevalence,AgeAdjPrv,12.9,11.3,14.7,66354,50168,,
2022,OK,Oklahoma,Muskogee,40101,DIABETES,Diagnosed diabetes among adults,Crude prevalence,CrdPrv,14.6,12.7,16.5,66354,50168,,
2022,OK,Oklahoma,Noble,40103,DIABETES,Diagnosed diabetes among adults,Age-adjusted prevalence,AgeAdjPrv,11.2,9.7,12.9,10896,8412,,
2022,OK,Oklahoma,Noble,40103,DIABETES,Diagnosed diabetes among adults,Crude prevalence,CrdPrv,14.1,12.2,16.1,10896,8412,,
2022,OK,Oklahoma,Nowata,40105,DIABETES,Diagnosed diabetes among adults,Age-adjusted prevalence,AgeAdjPrv,12.6,11.0,14.6,9483,7259,,
2022,OK,Oklahoma,Nowata,40105,DIABETES,Diagnosed diabetes among adults,Crude prevalence,CrdPrv,15.4,13.5,17.7,9483,7259,,
2022,OK,Oklahoma,Okfuskee,40107,DIABETES,Diagnosed diabetes among adults,Age-adjusted prevalence,AgeAdjPrv,14.7,12.8,16.8,11134,8630,,
2022,OK,Oklahoma,Okfuskee,40107,DIABETES,Diagnosed diabetes among adults,Crude prevalence,CrdPrv,17.2,15.1,19.6,11134,8630,,
2022,OK,Oklahoma,Oklahoma,40109,DIABETES,Diagnosed diabetes among adults,Age-adjusted prevalence,AgeAdjPrv,11.9,10.5,13.4,802559,602103,,
2022,OK,Oklahoma,Oklahoma,40109,DIABETES,Diagnosed diabetes among adults,Crude prevalence,CrdPrv,12.5,11.1,14.0,802559,602103,,
2022,OK,Oklahoma,Okmulgee,40111,DIABETES,Diagnosed diabetes among adults,Age-adjusted prevalence,AgeAdjPrv,13.8,12.1,15.7,36990,28339,,
2022,OK,Oklahoma,Okmulgee,40111,DIABETES,Diagnosed diabetes among adults,Crude prevalence,CrdPrv,16.2,14.3,18.5,36990,28339,,
2022,OK,Oklahoma,Osage,40113,DIABETES,Diagnosed diabetes among adults,Age-adjusted prevalence,AgeAdjPrv,12.3,10.7,14.0,45839,36412,,
2022,OK,Oklahoma,Osage,40113,DIABETES,Diagnosed diabetes among adults,Crude prevalence,CrdPrv,15.5,13.6,17.6,45839,36412,,
2022,OK,Oklahoma,Ottawa,40115,DIABETES,Diagnosed diabetes among adults,Age-adjusted prevalence,AgeAdjPrv,13.9,12.1,15.7,30338,22746,,
2022,OK,Oklahoma,Ottawa,40115,DIABETES,Diagnosed diabetes among adults,Crude prevalence,CrdPrv,16.1,14.1,18.2,30338,22746,,
2022,OK,Oklahoma,Pawnee,40117,DIABETES,Diagnosed diabetes among adults,Age-adjusted prevalence,AgeAdjPrv,11.4,9.8,13.1,15757,12040,,
2022,OK,Oklahoma,Pawnee,40117,DIABETES,Diagnosed diabetes among adults,Crude prevalence,CrdPrv,14.1,12.2,16.1,15757,12040,,
2022,OK,Oklahoma,Payne,40119,DIABETES,Diagnosed diabetes among adults,Age-adjusted prevalence,AgeAdjPrv,11.8,10.2,13.5,82794,67885,,
2022,OK,Oklahoma,Payne,40119,DIABETES,Diagnosed diabetes among adults,Crude prevalence,CrdPrv,10.0,8.6,11.4,82794,67885,,
2022,OK,Oklahoma,Pittsburg,40121,DIABETES,Diagnosed diabetes among adults,Age-adjusted prevalence,AgeAdjPrv,12.4,10.8,14.3,43613,33679,,
2022,OK,Oklahoma,Pittsburg,40121,DIABETES,Diagnosed diabetes among adults,Crude prevalence,CrdPrv,15.0,13.1,17.2,43613,33679,,
2022,OK,Oklahoma,Pontotoc,40123,DIABETES,Diagnosed diabetes among adults,Age-adjusted prevalence,AgeAdjPrv,12.5,10.8,14.3,38141,28623,,
2022,OK,Oklahoma,Pontotoc,40123,DIABETES,Diagnosed diabetes among adults,Crude prevalence,CrdPrv,14.1,12.3,16.2,38141,28623,,
2022,OK,Oklahoma,Pottawatomie,40125,DIABETES,Diagnosed diabetes among adults,Age-adjusted prevalence,AgeAdjPrv,12.2,10.7,14.1,73533,56646,,
2022,OK,Oklahoma,Pottawatomie,40125,DIABETES,Diagnosed diabetes among adults,Crude prevalence,CrdPrv,13.8,12.1,15.8,73533,56646,,
2022,OK,Oklahoma,Pushmataha,40127,DIABETES,Diagnosed diabetes among adults,Age-adjusted prevalence,AgeAdjPrv,14.3,12.0,16.6,10769,8509,,
2022,OK,Oklahoma,Pushmataha,40127,DIABETES,Diagnosed diabetes among adults,Crude prevalence,CrdPrv,18.6,15.6,21.4,10769,8509,,
2022,OK,Oklahoma,Roger Mills,40129,DIABETES,Diagnosed diabetes among adults,Age-adjusted prevalence,AgeAdjPrv,11.5,9.9,13.2,3320,2523,,
2022,OK,Oklahoma,Roger Mills,40129,DIABETES,Diagnosed diabetes among adults,Crude prevalence,CrdPrv,15.2,13.1,17.4,3320,2523,,
2022,OK,Oklahoma,Rogers,40131,DIABETES,Diagnosed diabetes among adults,Age-adjusted prevalence,AgeAdjPrv,10.6,9.3,12.1,98836,76252,,
2022,OK,Oklahoma,Rogers,40131,DIABETES,Diagnosed diabetes among adults,Crude prevalence,CrdPrv,12.4,10.8,14.1,98836,76252,,
2022,OK,Oklahoma,Seminole,40133,DIABETES,Diagnosed diabetes among adults,Age-adjusted prevalence,AgeAdjPrv,13.8,12.0,15.7,23351,17739,,
2022,OK,Oklahoma,Seminole,40133,DIABETES,Diagnosed diabetes among adults,Crude prevalence,CrdPrv,16.0,14.0,18.2,23351,17739,,
2022,OK,Oklahoma,Sequoyah,40135,DIABETES,Diagnosed diabetes among adults,Age-adjusted prevalence,AgeAdjPrv,14.1,12.3,16.0,39667,30281,,
2022,OK,Oklahoma,Sequoyah,40135,DIABETES,Diagnosed diabetes among adults,Crude prevalence,CrdPrv,16.8,14.7,19.1,39667,30281,,
2022,OK,Oklahoma,Stephens,40137,DIABETES,Diagnosed diabetes among adults,Age-adjusted prevalence,AgeAdjPrv,11.4,10.0,13.2,43710,33851,,
2022,OK,Oklahoma,Stephens,40137,DIABETES,Diagnosed diabetes among adults,Crude prevalence,CrdPrv,14.2,12.3,16.2,43710,33851,,
2022,OK,Oklahoma,Texas,40139,DIABETES,Diagnosed diabetes among adults,Age-adjusted prevalence,AgeAdjPrv,14.0,12.2,16.0,20495,14689,,
2022,OK,Oklahoma,Texas,40139,DIABETES,Diagnosed diabetes among adults,Crude prevalence,CrdPrv,14.5,12.6,16.5,20495,14689,,
2022,OK,Oklahoma,Tillman,40141,DIABETES,Diagnosed diabetes among adults,Age-adjusted prevalence,AgeAdjPrv,13.7,11.9,15.6,6977,5285,,
2022,OK,Oklahoma,Tillman,40141,DIABETES,Diagnosed diabetes among adults,Crude prevalence,CrdPrv,17.0,14.9,19.3,6977,5285,,
2022,OK,Oklahoma,Tulsa,40143,DIABETES,Diagnosed diabetes among adults,Age-adjusted prevalence,AgeAdjPrv,11.6,10.2,13.0,677358,510302,,
2022,OK,Oklahoma,Tulsa,40143,DIABETES,Diagnosed diabetes among adults,Crude prevalence,CrdPrv,12.5,11.0,14.0,677358,510302,,
2022,OK,Oklahoma,Wagoner,40145,DIABETES,Diagnosed diabetes among adults,Age-adjusted prevalence,AgeAdjPrv,10.7,9.3,12.3,86644,66500,,
2022,OK,Oklahoma,Wagoner,40145,DIABETES,Diagnosed diabetes among adults,Crude prevalence,CrdPrv,12.2,10.7,14.1,86644,66500,,
2022,OK,Oklahoma,Washington,40147,DIABETES,Diagnosed diabetes among adults,Age-adjusted prevalence,AgeAdjPrv,12.3,10.8,14.1,53242,40508,,
2022,OK,Oklahoma,Washington,40147,DIABETES,Diagnosed diabetes among adults,Crude prevalence,CrdPrv,14.8,12.9,16.8,53242,40508,,
2022,OK,Oklahoma,Washita,40149,DIABETES,Diagnosed diabetes among adults,Age-adjusted prevalence,AgeAdjPrv,11.4,9.9,13.2,10732,8078,,
2022,OK,Oklahoma,Washita,40149,DIABETES,Diagnosed diabetes among adults,Crude prevalence,CrdPrv,14.0,12.1,16.1,10732,8078,,
2022,OK,Oklahoma,Woods,40151,DIABETES,Diagnosed diabetes among adults,Age-adjusted prevalence,AgeAdjPrv,11.0,9.6,12.8,8587,6793,,
2022,OK,Oklahoma,Woods,40151,DIABETES,Diagnosed diabetes among adults,Crude prevalence,CrdPrv,11.3,9.8,13.1,8587,6793,,
2022,OK,Oklahoma,Woodward,40153,DIABETES,Diagnosed diabetes among adults,Age-adjusted prevalence,AgeAdjPrv,11.8,10.2,13.6,19990,15222,,
2022,OK,Oklahoma,Woodward,40153,DIABETES,Diagnosed diabetes among adults,Crude prevalence,CrdPrv,13.3,11.5,15.3,19990,15222,,
2022,OR,Oregon,Baker,41001,DIABETES,Diagnosed diabetes among adults,Age-adjusted prevalence,AgeAdjPrv,9.5,8.1,10.9,16938,13606,,
2022,OR,Oregon,Baker,41001,DIABETES,Diagnosed diabetes among adults,Crude prevalence,CrdPrv,13.1,11.4,15.2,16938,13606,,
2022,OR,Oregon,Benton,41003,DIABETES,Diagnosed diabetes among adults,Age-adjusted prevalence,AgeAdjPrv,8.8,7.6,10.2,97630,82795,,
2022,OR,Oregon,Benton,41003,DIABETES,Diagnosed diabetes among adults,Crude prevalence,CrdPrv,8.7,7.5,10.1,97630,82795,,
2022,OR,Oregon,Clackamas,41005,DIABETES,Diagnosed diabetes among adults,Age-adjusted prevalence,AgeAdjPrv,7.8,6.8,9.0,423177,335876,,
2022,OR,Oregon,Clackamas,41005,DIABETES,Diagnosed diabetes among adults,Crude prevalence,CrdPrv,9.5,8.3,10.9,423177,335876,,
2022,OR,Oregon,Clatsop,41007,DIABETES,Diagnosed diabetes among adults,Age-adjusted prevalence,AgeAdjPrv,8.4,7.2,9.7,41695,34311,,
2022,OR,Oregon,Clatsop,41007,DIABETES,Diagnosed diabetes among adults,Crude prevalence,CrdPrv,11.2,9.6,12.9,41695,34311,,
2022,OR,Oregon,Columbia,41009,DIABETES,Diagnosed diabetes among adults,Age-adjusted prevalence,AgeAdjPrv,9.0,7.7,10.4,53588,42749,,
2022,OR,Oregon,Columbia,41009,DIABETES,Diagnosed diabetes among adults,Crude prevalence,CrdPrv,11.2,9.7,12.9,53588,42749,,
2022,OR,Oregon,Coos,41011,DIABETES,Diagnosed diabetes among adults,Age-adjusted prevalence,AgeAdjPrv,9.5,8.1,10.9,64990,53486,,
2022,OR,Oregon,Coos,41011,DIABETES,Diagnosed diabetes among adults,Crude prevalence,CrdPrv,13.3,11.5,15.2,64990,53486,,
2022,OR,Oregon,Crook,41013,DIABETES,Diagnosed diabetes among adults,Age-adjusted prevalence,AgeAdjPrv,9.3,7.9,10.7,26375,21208,,
2022,OR,Oregon,Crook,41013,DIABETES,Diagnosed diabetes among adults,Crude prevalence,CrdPrv,12.5,10.6,14.4,26375,21208,,
2022,OR,Oregon,Curry,41015,DIABETES,Diagnosed diabetes among adults,Age-adjusted prevalence,AgeAdjPrv,9.8,8.3,11.3,23598,20248,,
2022,OR,Oregon,Curry,41015,DIABETES,Diagnosed diabetes among adults,Crude prevalence,CrdPrv,15.8,13.6,18.1,23598,20248,,
2022,OR,Oregon,Deschutes,41017,DIABETES,Diagnosed diabetes among adults,Age-adjusted prevalence,AgeAdjPrv,8.2,7.1,9.5,206549,167830,,
2022,OR,Oregon,Deschutes,41017,DIABETES,Diagnosed diabetes among adults,Crude prevalence,CrdPrv,10.1,8.7,11.6,206549,167830,,
2022,OR,Oregon,Douglas,41019,DIABETES,Diagnosed diabetes among adults,Age-adjusted prevalence,AgeAdjPrv,9.7,8.3,11.0,112297,90750,,
2022,OR,Oregon,Douglas,41019,DIABETES,Diagnosed diabetes among adults,Crude prevalence,CrdPrv,13.0,11.3,14.8,112297,90750,,
2022,OR,Oregon,Gilliam,41021,DIABETES,Diagnosed diabetes among adults,Age-adjusted prevalence,AgeAdjPrv,9.1,7.8,10.5,2018,1620,,
2022,OR,Oregon,Gilliam,41021,DIABETES,Diagnosed diabetes among adults,Crude prevalence,CrdPrv,13.2,11.4,15.2,2018,1620,,
2022,OR,Oregon,Grant,41023,DIABETES,Diagnosed diabetes among adults,Age-adjusted prevalence,AgeAdjPrv,9.3,8.0,10.8,7218,5909,,
2022,OR,Oregon,Grant,41023,DIABETES,Diagnosed diabetes among adults,Crude prevalence,CrdPrv,13.6,11.7,15.6,7218,5909,,
2022,OR,Oregon,Harney,41025,DIABETES,Diagnosed diabetes among adults,Age-adjusted prevalence,AgeAdjPrv,10.1,8.7,11.6,7515,6060,,
2022,OR,Oregon,Harney,41025,DIABETES,Diagnosed diabetes among adults,Crude prevalence,CrdPrv,13.6,11.7,15.6,7515,6060,,
2022,OR,Oregon,Hood River,41027,DIABETES,Diagnosed diabetes among adults,Age-adjusted prevalence,AgeAdjPrv,9.0,7.8,10.4,24048,18721,,
2022,OR,Oregon,Hood River,41027,DIABETES,Diagnosed diabetes among adults,Crude prevalence,CrdPrv,10.7,9.2,12.3,24048,18721,,
2022,OR,Oregon,Jackson,41029,DIABETES,Diagnosed diabetes among adults,Age-adjusted prevalence,AgeAdjPrv,9.7,8.3,11.2,221644,176722,,
2022,OR,Oregon,Jackson,41029,DIABETES,Diagnosed diabetes among adults,Crude prevalence,CrdPrv,12.0,10.4,13.8,221644,176722,,
2022,OR,Oregon,Jefferson,41031,DIABETES,Diagnosed diabetes among adults,Age-adjusted prevalence,AgeAdjPrv,10.3,8.8,12.1,25330,19595,,
2022,OR,Oregon,Jefferson,41031,DIABETES,Diagnosed diabetes among adults,Crude prevalence,CrdPrv,12.4,10.7,14.4,25330,19595,,
2022,OR,Oregon,Josephine,41033,DIABETES,Diagnosed diabetes among adults,Age-adjusted prevalence,AgeAdjPrv,9.9,8.6,11.4,87730,71108,,
2022,OR,Oregon,Josephine,41033,DIABETES,Diagnosed diabetes among adults,Crude prevalence,CrdPrv,13.7,11.9,15.6,87730,71108,,
2022,OR,Oregon,Klamath,41035,DIABETES,Diagnosed diabetes among adults,Age-adjusted prevalence,AgeAdjPrv,10.2,8.9,11.7,70212,54845,,
2022,OR,Oregon,Klamath,41035,DIABETES,Diagnosed diabetes among adults,Crude prevalence,CrdPrv,12.9,11.2,14.6,70212,54845,,
2022,OR,Oregon,Lake,41037,DIABETES,Diagnosed diabetes among adults,Age-adjusted prevalence,AgeAdjPrv,10.3,8.8,11.9,8385,6775,,
2022,OR,Oregon,Lake,41037,DIABETES,Diagnosed diabetes among adults,Crude prevalence,CrdPrv,13.7,11.8,15.8,8385,6775,,
2022,OR,Oregon,Lane,41039,DIABETES,Diagnosed diabetes among adults,Age-adjusted prevalence,AgeAdjPrv,9.2,8.0,10.5,382353,316323,,
2022,OR,Oregon,Lane,41039,DIABETES,Diagnosed diabetes among adults,Crude prevalence,CrdPrv,10.3,9.0,11.7,382353,316323,,
2022,OR,Oregon,Lincoln,41041,DIABETES,Diagnosed diabetes among adults,Age-adjusted prevalence,AgeAdjPrv,9.6,8.2,10.9,50813,43011,,
2022,OR,Oregon,Lincoln,41041,DIABETES,Diagnosed diabetes among adults,Crude prevalence,CrdPrv,14.2,12.2,16.2,50813,43011,,
2022,OR,Oregon,Linn,41043,DIABETES,Diagnosed diabetes among adults,Age-adjusted prevalence,AgeAdjPrv,9.2,7.9,10.7,130467,102022,,
2022,OR,Oregon,Linn,41043,DIABETES,Diagnosed diabetes among adults,Crude prevalence,CrdPrv,10.8,9.3,12.5,130467,102022,,
2022,OR,Oregon,Malheur,41045,DIABETES,Diagnosed diabetes among adults,Age-adjusted prevalence,AgeAdjPrv,12.1,10.4,14.0,31879,23682,,
2022,OR,Oregon,Malheur,41045,DIABETES,Diagnosed diabetes among adults,Crude prevalence,CrdPrv,13.4,11.6,15.4,31879,23682,,
2022,OR,Oregon,Marion,41047,DIABETES,Diagnosed diabetes among adults,Age-adjusted prevalence,AgeAdjPrv,11.1,9.7,12.5,346703,265675,,
2022,OR,Oregon,Marion,41047,DIABETES,Diagnosed diabetes among adults,Crude prevalence,CrdPrv,12.3,10.8,13.9,346703,265675,,
2022,OR,Oregon,Morrow,41049,DIABETES,Diagnosed diabetes among adults,Age-adjusted prevalence,AgeAdjPrv,11.7,10.1,13.5,12300,9022,,
2022,OR,Oregon,Morrow,41049,DIABETES,Diagnosed diabetes among adults,Crude prevalence,CrdPrv,13.5,11.7,15.5,12300,9022,,
2022,OR,Oregon,Multnomah,41051,DIABETES,Diagnosed diabetes among adults,Age-adjusted prevalence,AgeAdjPrv,8.5,7.5,9.7,795083,656989,,
2022,OR,Oregon,Multnomah,41051,DIABETES,Diagnosed diabetes among adults,Crude prevalence,CrdPrv,8.7,7.7,9.9,795083,656989,,
2022,OR,Oregon,Polk,41053,DIABETES,Diagnosed diabetes among adults,Age-adjusted prevalence,AgeAdjPrv,9.9,8.6,11.5,89614,70343,,
2022,OR,Oregon,Polk,41053,DIABETES,Diagnosed diabetes among adults,Crude prevalence,CrdPrv,11.3,9.8,13.1,89614,70343,,
2022,OR,Oregon,Sherman,41055,DIABETES,Diagnosed diabetes among adults,Age-adjusted prevalence,AgeAdjPrv,9.5,8.2,11.0,1955,1564,,
2022,OR,Oregon,Sherman,41055,DIABETES,Diagnosed diabetes among adults,Crude prevalence,CrdPrv,12.9,11.1,14.8,1955,1564,,
2022,OR,Oregon,Tillamook,41057,DIABETES,Diagnosed diabetes among adults,Age-adjusted prevalence,AgeAdjPrv,9.1,7.7,10.4,27574,22595,,
2022,OR,Oregon,Tillamook,41057,DIABETES,Diagnosed diabetes among adults,Crude prevalence,CrdPrv,12.9,11.0,14.8,27574,22595,,
2022,OR,Oregon,Umatilla,41059,DIABETES,Diagnosed diabetes among adults,Age-adjusted prevalence,AgeAdjPrv,10.8,9.3,12.4,80215,60761,,
2022,OR,Oregon,Umatilla,41059,DIABETES,Diagnosed diabetes among adults,Crude prevalence,CrdPrv,11.7,10.1,13.4,80215,60761,,
2022,OR,Oregon,Union,41061,DIABETES,Diagnosed diabetes among adults,Age-adjusted prevalence,AgeAdjPrv,9.5,8.1,10.9,26177,20497,,
2022,OR,Oregon,Union,41061,DIABETES,Diagnosed diabetes among adults,Crude prevalence,CrdPrv,11.2,9.6,12.9,26177,20497,,
2022,OR,Oregon,Wallowa,41063,DIABETES,Diagnosed diabetes among adults,Age-adjusted prevalence,AgeAdjPrv,8.2,6.9,9.5,7659,6152,,
2022,OR,Oregon,Wallowa,41063,DIABETES,Diagnosed diabetes among adults,Crude prevalence,CrdPrv,11.8,10.1,13.6,7659,6152,,
2022,OR,Oregon,Wasco,41065,DIABETES,Diagnosed diabetes among adults,Age-adjusted prevalence,AgeAdjPrv,9.6,8.2,11.0,26561,20862,,
2022,OR,Oregon,Wasco,41065,DIABETES,Diagnosed diabetes among adults,Crude prevalence,CrdPrv,11.8,10.2,13.5,26561,20862,,
2022,OR,Oregon,Washington,41067,DIABETES,Diagnosed diabetes among adults,Age-adjusted prevalence,AgeAdjPrv,8.8,7.6,10.0,600176,472453,,
2022,OR,Oregon,Washington,41067,DIABETES,Diagnosed diabetes among adults,Crude prevalence,CrdPrv,9.3,8.1,10.6,600176,472453,,
2022,OR,Oregon,Wheeler,41069,DIABETES,Diagnosed diabetes among adults,Age-adjusted prevalence,AgeAdjPrv,9.8,8.4,11.5,1445,1256,,
2022,OR,Oregon,Wheeler,41069,DIABETES,Diagnosed diabetes among adults,Crude prevalence,CrdPrv,15.6,13.3,18.0,1445,1256,,
2022,OR,Oregon,Yamhill,41071,DIABETES,Diagnosed diabetes among adults,Age-adjusted prevalence,AgeAdjPrv,9.2,7.9,10.7,108226,85728,,
2022,OR,Oregon,Yamhill,41071,DIABETES,Diagnosed diabetes among adults,Crude prevalence,CrdPrv,10.7,9.2,12.3,108226,85728,,
2022,PA,Pennsylvania,Adams,42001,DIABETES,Diagnosed diabetes among adults,Age-adjusted prevalence,AgeAdjPrv,8.8,7.5,10.3,106027,85792,,
2022,PA,Pennsylvania,Adams,42001,DIABETES,Diagnosed diabetes among adults,Crude prevalence,CrdPrv,10.9,9.3,12.8,106027,85792,,
2022,PA,Pennsylvania,Allegheny,42003,DIABETES,Diagnosed diabetes among adults,Age-adjusted prevalence,AgeAdjPrv,9.4,8.1,10.7,1233253,1006931,,
2022,PA,Pennsylvania,Allegheny,42003,DIABETES,Diagnosed diabetes among adults,Crude prevalence,CrdPrv,11.0,9.6,12.5,1233253,1006931,,
2022,PA,Pennsylvania,Armstrong,42005,DIABETES,Diagnosed diabetes among adults,Age-adjusted prevalence,AgeAdjPrv,9.3,8.0,10.8,64747,52537,,
2022,PA,Pennsylvania,Armstrong,42005,DIABETES,Diagnosed diabetes among adults,Crude prevalence,CrdPrv,12.3,10.6,14.2,64747,52537,,
2022,PA,Pennsylvania,Beaver,42007,DIABETES,Diagnosed diabetes among adults,Age-adjusted prevalence,AgeAdjPrv,9.0,7.7,10.4,165677,133925,,
2022,PA,Pennsylvania,Beaver,42007,DIABETES,Diagnosed diabetes among adults,Crude prevalence,CrdPrv,11.8,10.2,13.6,165677,133925,,
2022,PA,Pennsylvania,Bedford,42009,DIABETES,Diagnosed diabetes among adults,Age-adjusted prevalence,AgeAdjPrv,9.5,8.1,11.0,47418,38295,,
2022,PA,Pennsylvania,Bedford,42009,DIABETES,Diagnosed diabetes among adults,Crude prevalence,CrdPrv,12.6,10.9,14.7,47418,38295,,
2022,PA,Pennsylvania,Berks,42011,DIABETES,Diagnosed diabetes among adults,Age-adjusted prevalence,AgeAdjPrv,9.8,8.4,11.3,430449,336756,,
2022,PA,Pennsylvania,Berks,42011,DIABETES,Diagnosed diabetes among adults,Crude prevalence,CrdPrv,11.5,9.9,13.2,430449,336756,,
2022,PA,Pennsylvania,Blair,42013,DIABETES,Diagnosed diabetes among adults,Age-adjusted prevalence,AgeAdjPrv,10.1,8.8,11.8,121032,96919,,
2022,PA,Pennsylvania,Blair,42013,DIABETES,Diagnosed diabetes among adults,Crude prevalence,CrdPrv,12.7,11.0,14.7,121032,96919,,
2022,PA,Pennsylvania,Bradford,42015,DIABETES,Diagnosed diabetes among adults,Age-adjusted prevalence,AgeAdjPrv,9.3,8.0,10.9,59866,46750,,
2022,PA,Pennsylvania,Bradford,42015,DIABETES,Diagnosed diabetes among adults,Crude prevalence,CrdPrv,12.2,10.4,14.1,59866,46750,,
2022,PA,Pennsylvania,Bucks,42017,DIABETES,Diagnosed diabetes among adults,Age-adjusted prevalence,AgeAdjPrv,8.8,7.5,10.1,645054,518232,,
2022,PA,Pennsylvania,Bucks,42017,DIABETES,Diagnosed diabetes among adults,Crude prevalence,CrdPrv,11.1,9.5,12.7,645054,518232,,
2022,PA,Pennsylvania,Butler,42019,DIABETES,Diagnosed diabetes among adults,Age-adjusted prevalence,AgeAdjPrv,7.8,6.6,9.1,197300,160035,,
2022,PA,Pennsylvania,Butler,42019,DIABETES,Diagnosed diabetes among adults,Crude prevalence,CrdPrv,9.7,8.2,11.3,197300,160035,,
2022,PA,Pennsylvania,Cambria,42021,DIABETES,Diagnosed diabetes among adults,Age-adjusted prevalence,AgeAdjPrv,9.7,8.3,11.3,131441,106415,,
2022,PA,Pennsylvania,Cambria,42021,DIABETES,Diagnosed diabetes among adults,Crude prevalence,CrdPrv,12.6,10.9,14.6,131441,106415,,
2022,PA,Pennsylvania,Cameron,42023,DIABETES,Diagnosed diabetes among adults,Age-adjusted prevalence,AgeAdjPrv,10.6,9.1,12.3,4418,3654,,
2022,PA,Pennsylvania,Cameron,42023,DIABETES,Diagnosed diabetes among adults,Crude prevalence,CrdPrv,15.4,13.3,17.7,4418,3654,,
2022,PA,Pennsylvania,Carbon,42025,DIABETES,Diagnosed diabetes among adults,Age-adjusted prevalence,AgeAdjPrv,9.5,8.1,11.0,65460,53135,,
2022,PA,Pennsylvania,Carbon,42025,DIABETES,Diagnosed diabetes among adults,Crude prevalence,CrdPrv,12.4,10.7,14.2,65460,53135,,
2022,PA,Pennsylvania,Centre,42027,DIABETES,Diagnosed diabetes among adults,Age-adjusted prevalence,AgeAdjPrv,9.2,7.8,10.6,158425,135709,,
2022,PA,Pennsylvania,Centre,42027,DIABETES,Diagnosed diabetes among adults,Crude prevalence,CrdPrv,8.7,7.5,10.0,158425,135709,,
2022,PA,Pennsylvania,Chester,42029,DIABETES,Diagnosed diabetes among adults,Age-adjusted prevalence,AgeAdjPrv,7.9,6.7,9.1,545823,427058,,
2022,PA,Pennsylvania,Chester,42029,DIABETES,Diagnosed diabetes among adults,Crude prevalence,CrdPrv,9.2,7.9,10.6,545823,427058,,
2022,PA,Pennsylvania,Clarion,42031,DIABETES,Diagnosed diabetes among adults,Age-adjusted prevalence,AgeAdjPrv,9.4,8.0,10.9,37346,30392,,
2022,PA,Pennsylvania,Clarion,42031,DIABETES,Diagnosed diabetes among adults,Crude prevalence,CrdPrv,11.3,9.6,13.1,37346,30392,,
2022,PA,Pennsylvania,Clearfield,42033,DIABETES,Diagnosed diabetes among adults,Age-adjusted prevalence,AgeAdjPrv,10.1,8.6,11.6,77904,63674,,
2022,PA,Pennsylvania,Clearfield,42033,DIABETES,Diagnosed diabetes among adults,Crude prevalence,CrdPrv,13.0,11.2,14.9,77904,63674,,
2022,PA,Pennsylvania,Clinton,42035,DIABETES,Diagnosed diabetes among adults,Age-adjusted prevalence,AgeAdjPrv,9.4,8.0,10.9,37931,30401,,
2022,PA,Pennsylvania,Clinton,42035,DIABETES,Diagnosed diabetes among adults,Crude prevalence,CrdPrv,10.8,9.3,12.6,37931,30401,,
2022,PA,Pennsylvania,Columbia,42037,DIABETES,Diagnosed diabetes among adults,Age-adjusted prevalence,AgeAdjPrv,9.5,8.1,11.0,64926,53628,,
2022,PA,Pennsylvania,Columbia,42037,DIABETES,Diagnosed diabetes among adults,Crude prevalence,CrdPrv,11.1,9.5,12.8,64926,53628,,
2022,PA,Pennsylvania,Crawford,42039,DIABETES,Diagnosed diabetes among adults,Age-adjusted prevalence,AgeAdjPrv,9.5,8.2,11.1,82670,65836,,
2022,PA,Pennsylvania,Crawford,42039,DIABETES,Diagnosed diabetes among adults,Crude prevalence,CrdPrv,12.2,10.5,14.1,82670,65836,,
2022,PA,Pennsylvania,Cumberland,42041,DIABETES,Diagnosed diabetes among adults,Age-adjusted prevalence,AgeAdjPrv,8.8,7.4,10.2,268579,214378,,
2022,PA,Pennsylvania,Cumberland,42041,DIABETES,Diagnosed diabetes among adults,Crude prevalence,CrdPrv,10.2,8.6,11.8,268579,214378,,
2022,PA,Pennsylvania,Dauphin,42043,DIABETES,Diagnosed diabetes among adults,Age-adjusted prevalence,AgeAdjPrv,10.6,9.1,12.2,288800,225073,,
2022,PA,Pennsylvania,Dauphin,42043,DIABETES,Diagnosed diabetes among adults,Crude prevalence,CrdPrv,12.2,10.5,14.0,288800,225073,,
2022,PA,Pennsylvania,Delaware,42045,DIABETES,Diagnosed diabetes among adults,Age-adjusted prevalence,AgeAdjPrv,9.5,8.2,10.9,575182,450325,,
2022,PA,Pennsylvania,Delaware,42045,DIABETES,Diagnosed diabetes among adults,Crude prevalence,CrdPrv,10.8,9.3,12.4,575182,450325,,
2022,PA,Pennsylvania,Elk,42047,DIABETES,Diagnosed diabetes among adults,Age-adjusted prevalence,AgeAdjPrv,9.2,7.9,10.5,30477,24685,,
2022,PA,Pennsylvania,Elk,42047,DIABETES,Diagnosed diabetes among adults,Crude prevalence,CrdPrv,12.7,11.1,14.6,30477,24685,,
2022,PA,Pennsylvania,Erie,42049,DIABETES,Diagnosed diabetes among adults,Age-adjusted prevalence,AgeAdjPrv,9.8,8.5,11.2,267689,212575,,
2022,PA,Pennsylvania,Erie,42049,DIABETES,Diagnosed diabetes among adults,Crude prevalence,CrdPrv,11.6,10.0,13.3,267689,212575,,
2022,PA,Pennsylvania,Fayette,42051,DIABETES,Diagnosed diabetes among adults,Age-adjusted prevalence,AgeAdjPrv,10.3,8.9,11.8,125755,101724,,
2022,PA,Pennsylvania,Fayette,42051,DIABETES,Diagnosed diabetes among adults,Crude prevalence,CrdPrv,13.2,11.4,15.1,125755,101724,,
2022,PA,Pennsylvania,Forest,42053,DIABETES,Diagnosed diabetes among adults,Age-adjusted prevalence,AgeAdjPrv,11.9,10.3,13.8,6626,6391,,
2022,PA,Pennsylvania,Forest,42053,DIABETES,Diagnosed diabetes among adults,Crude prevalence,CrdPrv,13.6,11.8,15.7,6626,6391,,
2022,PA,Pennsylvania,Franklin,42055,DIABETES,Diagnosed diabetes among adults,Age-adjusted prevalence,AgeAdjPrv,9.4,8.0,10.9,156902,123143,,
2022,PA,Pennsylvania,Franklin,42055,DIABETES,Diagnosed diabetes among adults,Crude prevalence,CrdPrv,11.5,9.9,13.3,156902,123143,,
2022,PA,Pennsylvania,Fulton,42057,DIABETES,Diagnosed diabetes among adults,Age-adjusted prevalence,AgeAdjPrv,9.0,7.7,10.4,14533,11723,,
2022,PA,Pennsylvania,Fulton,42057,DIABETES,Diagnosed diabetes among adults,Crude prevalence,CrdPrv,11.6,10.0,13.3,14533,11723,,
2022,PA,Pennsylvania,Greene,42059,DIABETES,Diagnosed diabetes among adults,Age-adjusted prevalence,AgeAdjPrv,9.7,8.2,11.2,34663,28028,,
2022,PA,Pennsylvania,Greene,42059,DIABETES,Diagnosed diabetes among adults,Crude prevalence,CrdPrv,12.0,10.3,13.8,34663,28028,,
2022,PA,Pennsylvania,Huntingdon,42061,DIABETES,Diagnosed diabetes among adults,Age-adjusted prevalence,AgeAdjPrv,9.4,8.0,11.0,43281,35608,,
2022,PA,Pennsylvania,Huntingdon,42061,DIABETES,Diagnosed diabetes among adults,Crude prevalence,CrdPrv,11.5,9.8,13.3,43281,35608,,
2022,PA,Pennsylvania,Indiana,42063,DIABETES,Diagnosed diabetes among adults,Age-adjusted prevalence,AgeAdjPrv,9.6,8.2,11.2,82957,68262,,
2022,PA,Pennsylvania,Indiana,42063,DIABETES,Diagnosed diabetes among adults,Crude prevalence,CrdPrv,10.9,9.4,12.7,82957,68262,,
2022,PA,Pennsylvania,Jefferson,42065,DIABETES,Diagnosed diabetes among adults,Age-adjusted prevalence,AgeAdjPrv,9.8,8.5,11.4,43794,34562,,
2022,PA,Pennsylvania,Jefferson,42065,DIABETES,Diagnosed diabetes among adults,Crude prevalence,CrdPrv,12.6,10.9,14.6,43794,34562,,
2022,PA,Pennsylvania,Juniata,42067,DIABETES,Diagnosed diabetes among adults,Age-adjusted prevalence,AgeAdjPrv,9.7,8.2,11.3,23339,18241,,
2022,PA,Pennsylvania,Juniata,42067,DIABETES,Diagnosed diabetes among adults,Crude prevalence,CrdPrv,12.3,10.5,14.3,23339,18241,,
2022,PA,Pennsylvania,Lackawanna,42069,DIABETES,Diagnosed diabetes among adults,Age-adjusted prevalence,AgeAdjPrv,9.5,8.1,11.2,215615,171812,,
2022,PA,Pennsylvania,Lackawanna,42069,DIABETES,Diagnosed diabetes among adults,Crude prevalence,CrdPrv,11.5,9.9,13.5,215615,171812,,
2022,PA,Pennsylvania,Lancaster,42071,DIABETES,Diagnosed diabetes among adults,Age-adjusted prevalence,AgeAdjPrv,8.9,7.7,10.3,556629,429358,,
2022,PA,Pennsylvania,Lancaster,42071,DIABETES,Diagnosed diabetes among adults,Crude prevalence,CrdPrv,10.6,9.1,12.2,556629,429358,,
2022,PA,Pennsylvania,Lawrence,42073,DIABETES,Diagnosed diabetes among adults,Age-adjusted prevalence,AgeAdjPrv,9.6,8.2,10.9,84849,68087,,
2022,PA,Pennsylvania,Lawrence,42073,DIABETES,Diagnosed diabetes among adults,Crude prevalence,CrdPrv,12.5,10.7,14.3,84849,68087,,
2022,PA,Pennsylvania,Lebanon,42075,DIABETES,Diagnosed diabetes among adults,Age-adjusted prevalence,AgeAdjPrv,9.4,8.0,10.9,144011,111779,,
2022,PA,Pennsylvania,Lebanon,42075,DIABETES,Diagnosed diabetes among adults,Crude prevalence,CrdPrv,11.5,9.8,13.2,144011,111779,,
2022,PA,Pennsylvania,Lehigh,42077,DIABETES,Diagnosed diabetes among adults,Age-adjusted prevalence,AgeAdjPrv,10.2,8.8,11.7,376317,292434,,
2022,PA,Pennsylvania,Lehigh,42077,DIABETES,Diagnosed diabetes among adults,Crude prevalence,CrdPrv,11.6,10.1,13.2,376317,292434,,
2022,PA,Pennsylvania,Luzerne,42079,DIABETES,Diagnosed diabetes among adults,Age-adjusted prevalence,AgeAdjPrv,10.1,8.7,11.7,326369,260524,,
2022,PA,Pennsylvania,Luzerne,42079,DIABETES,Diagnosed diabetes among adults,Crude prevalence,CrdPrv,12.0,10.3,13.8,326369,260524,,
2022,PA,Pennsylvania,Lycoming,42081,DIABETES,Diagnosed diabetes among adults,Age-adjusted prevalence,AgeAdjPrv,9.1,7.7,10.5,113104,89932,,
2022,PA,Pennsylvania,Lycoming,42081,DIABETES,Diagnosed diabetes among adults,Crude prevalence,CrdPrv,11.4,9.7,13.1,113104,89932,,
2022,PA,Pennsylvania,McKean,42083,DIABETES,Diagnosed diabetes among adults,Age-adjusted prevalence,AgeAdjPrv,9.6,8.2,11.0,39866,32229,,
2022,PA,Pennsylvania,McKean,42083,DIABETES,Diagnosed diabetes among adults,Crude prevalence,CrdPrv,11.8,10.1,13.5,39866,32229,,
2022,PA,Pennsylvania,Mercer,42085,DIABETES,Diagnosed diabetes among adults,Age-adjusted prevalence,AgeAdjPrv,9.2,7.9,10.7,109220,88800,,
2022,PA,Pennsylvania,Mercer,42085,DIABETES,Diagnosed diabetes among adults,Crude prevalence,CrdPrv,11.6,9.9,13.4,109220,88800,,
2022,PA,Pennsylvania,Mifflin,42087,DIABETES,Diagnosed diabetes among adults,Age-adjusted prevalence,AgeAdjPrv,10.1,8.7,11.8,45988,35646,,
2022,PA,Pennsylvania,Mifflin,42087,DIABETES,Diagnosed diabetes among adults,Crude prevalence,CrdPrv,13.0,11.2,15.1,45988,35646,,
2022,PA,Pennsylvania,Monroe,42089,DIABETES,Diagnosed diabetes among adults,Age-adjusted prevalence,AgeAdjPrv,10.3,8.8,11.9,167198,135315,,
2022,PA,Pennsylvania,Monroe,42089,DIABETES,Diagnosed diabetes among adults,Crude prevalence,CrdPrv,12.6,10.9,14.5,167198,135315,,
2022,PA,Pennsylvania,Montgomery,42091,DIABETES,Diagnosed diabetes among adults,Age-adjusted prevalence,AgeAdjPrv,8.5,7.3,9.7,864683,683434,,
2022,PA,Pennsylvania,Montgomery,42091,DIABETES,Diagnosed diabetes among adults,Crude prevalence,CrdPrv,10.3,8.9,11.7,864683,683434,,
2022,PA,Pennsylvania,Montour,42093,DIABETES,Diagnosed diabetes among adults,Age-adjusted prevalence,AgeAdjPrv,9.6,8.2,11.2,18091,14496,,
2022,PA,Pennsylvania,Montour,42093,DIABETES,Diagnosed diabetes among adults,Crude prevalence,CrdPrv,12.0,10.2,13.9,18091,14496,,
2022,PA,Pennsylvania,Northampton,42095,DIABETES,Diagnosed diabetes among adults,Age-adjusted prevalence,AgeAdjPrv,9.2,7.9,10.7,318526,258105,,
2022,PA,Pennsylvania,Northampton,42095,DIABETES,Diagnosed diabetes among adults,Crude prevalence,CrdPrv,10.9,9.4,12.6,318526,258105,,
2022,PA,Pennsylvania,Northumberland,42097,DIABETES,Diagnosed diabetes among adults,Age-adjusted prevalence,AgeAdjPrv,9.6,8.2,11.1,90133,72563,,
2022,PA,Pennsylvania,Northumberland,42097,DIABETES,Diagnosed diabetes among adults,Crude prevalence,CrdPrv,12.5,10.7,14.4,90133,72563,,
2022,PA,Pennsylvania,Perry,42099,DIABETES,Diagnosed diabetes among adults,Age-adjusted prevalence,AgeAdjPrv,8.8,7.5,10.2,46114,36580,,
2022,PA,Pennsylvania,Perry,42099,DIABETES,Diagnosed diabetes among adults,Crude prevalence,CrdPrv,11.2,9.6,13.0,46114,36580,,
2022,PA,Pennsylvania,Philadelphia,42101,DIABETES,Diagnosed diabetes among adults,Age-adjusted prevalence,AgeAdjPrv,14.4,12.7,16.1,1567258,1236852,,
2022,PA,Pennsylvania,Philadelphia,42101,DIABETES,Diagnosed diabetes among adults,Crude prevalence,CrdPrv,14.6,12.9,16.3,1567258,1236852,,
2022,PA,Pennsylvania,Pike,42103,DIABETES,Diagnosed diabetes among adults,Age-adjusted prevalence,AgeAdjPrv,9.2,7.8,10.6,60558,50297,,
2022,PA,Pennsylvania,Pike,42103,DIABETES,Diagnosed diabetes among adults,Crude prevalence,CrdPrv,12.4,10.7,14.3,60558,50297,,
2022,PA,Pennsylvania,Potter,42105,DIABETES,Diagnosed diabetes among adults,Age-adjusted prevalence,AgeAdjPrv,9.5,8.1,10.8,16220,12970,,
2022,PA,Pennsylvania,Potter,42105,DIABETES,Diagnosed diabetes among adults,Crude prevalence,CrdPrv,13.2,11.3,15.0,16220,12970,,
2022,PA,Pennsylvania,Schuylkill,42107,DIABETES,Diagnosed diabetes among adults,Age-adjusted prevalence,AgeAdjPrv,10.0,8.5,11.5,143104,114785,,
2022,PA,Pennsylvania,Schuylkill,42107,DIABETES,Diagnosed diabetes among adults,Crude prevalence,CrdPrv,12.5,10.7,14.4,143104,114785,,
2022,PA,Pennsylvania,Snyder,42109,DIABETES,Diagnosed diabetes among adults,Age-adjusted prevalence,AgeAdjPrv,9.4,8.0,10.9,39652,31599,,
2022,PA,Pennsylvania,Snyder,42109,DIABETES,Diagnosed diabetes among adults,Crude prevalence,CrdPrv,11.3,9.7,13.2,39652,31599,,
2022,PA,Pennsylvania,Somerset,42111,DIABETES,Diagnosed diabetes among adults,Age-adjusted prevalence,AgeAdjPrv,9.3,8.0,10.8,72710,59580,,
2022,PA,Pennsylvania,Somerset,42111,DIABETES,Diagnosed diabetes among adults,Crude prevalence,CrdPrv,12.1,10.5,14.0,72710,59580,,
2022,PA,Pennsylvania,Sullivan,42113,DIABETES,Diagnosed diabetes among adults,Age-adjusted prevalence,AgeAdjPrv,10.1,8.6,11.7,5855,5291,,
2022,PA,Pennsylvania,Sullivan,42113,DIABETES,Diagnosed diabetes among adults,Crude prevalence,CrdPrv,14.9,12.8,17.2,5855,5291,,
2022,PA,Pennsylvania,Susquehanna,42115,DIABETES,Diagnosed diabetes among adults,Age-adjusted prevalence,AgeAdjPrv,8.4,7.2,9.8,38074,31026,,
2022,PA,Pennsylvania,Susquehanna,42115,DIABETES,Diagnosed diabetes among adults,Crude prevalence,CrdPrv,11.4,9.8,13.1,38074,31026,,
2022,PA,Pennsylvania,Tioga,42117,DIABETES,Diagnosed diabetes among adults,Age-adjusted prevalence,AgeAdjPrv,9.6,8.2,11.1,41106,33211,,
2022,PA,Pennsylvania,Tioga,42117,DIABETES,Diagnosed diabetes among adults,Crude prevalence,CrdPrv,12.8,10.9,14.7,41106,33211,,
2022,PA,Pennsylvania,Union,42119,DIABETES,Diagnosed diabetes among adults,Age-adjusted prevalence,AgeAdjPrv,9.8,8.3,11.2,42744,35288,,
2022,PA,Pennsylvania,Union,42119,DIABETES,Diagnosed diabetes among adults,Crude prevalence,CrdPrv,10.7,9.2,12.3,42744,35288,,
2022,PA,Pennsylvania,Venango,42121,DIABETES,Diagnosed diabetes among adults,Age-adjusted prevalence,AgeAdjPrv,9.5,8.2,11.1,49777,40467,,
2022,PA,Pennsylvania,Venango,42121,DIABETES,Diagnosed diabetes among adults,Crude prevalence,CrdPrv,13.3,11.3,15.3,49777,40467,,
2022,PA,Pennsylvania,Warren,42123,DIABETES,Diagnosed diabetes among adults,Age-adjusted prevalence,AgeAdjPrv,9.0,7.8,10.5,37808,30451,,
2022,PA,Pennsylvania,Warren,42123,DIABETES,Diagnosed diabetes among adults,Crude prevalence,CrdPrv,12.5,10.7,14.4,37808,30451,,
2022,PA,Pennsylvania,Washington,42125,DIABETES,Diagnosed diabetes among adults,Age-adjusted prevalence,AgeAdjPrv,8.9,7.6,10.3,210383,169635,,
2022,PA,Pennsylvania,Washington,42125,DIABETES,Diagnosed diabetes among adults,Crude prevalence,CrdPrv,11.2,9.6,13.0,210383,169635,,
2022,PA,Pennsylvania,Wayne,42127,DIABETES,Diagnosed diabetes among adults,Age-adjusted prevalence,AgeAdjPrv,10.0,8.6,11.6,51173,42711,,
2022,PA,Pennsylvania,Wayne,42127,DIABETES,Diagnosed diabetes among adults,Crude prevalence,CrdPrv,13.5,11.7,15.6,51173,42711,,
2022,PA,Pennsylvania,Westmoreland,42129,DIABETES,Diagnosed diabetes among adults,Age-adjusted prevalence,AgeAdjPrv,8.0,6.8,9.4,352057,288902,,
2022,PA,Pennsylvania,Westmoreland,42129,DIABETES,Diagnosed diabetes among adults,Crude prevalence,CrdPrv,10.6,9.1,12.3,352057,288902,,
2022,PA,Pennsylvania,Wyoming,42131,DIABETES,Diagnosed diabetes among adults,Age-adjusted prevalence,AgeAdjPrv,9.3,8.0,10.8,26014,21071,,
2022,PA,Pennsylvania,Wyoming,42131,DIABETES,Diagnosed diabetes among adults,Crude prevalence,CrdPrv,12.4,10.6,14.3,26014,21071,,
2022,PA,Pennsylvania,York,42133,DIABETES,Diagnosed diabetes among adults,Age-adjusted prevalence,AgeAdjPrv,8.8,7.5,10.2,461058,361521,,
2022,PA,Pennsylvania,York,42133,DIABETES,Diagnosed diabetes among adults,Crude prevalence,CrdPrv,10.3,8.8,12.0,461058,361521,,
2022,RI,Rhode Island,Bristol,44001,DIABETES,Diagnosed diabetes among adults,Age-adjusted prevalence,AgeAdjPrv,7.9,6.8,9.0,50360,41532,,
2022,RI,Rhode Island,Bristol,44001,DIABETES,Diagnosed diabetes among adults,Crude prevalence,CrdPrv,9.9,8.5,11.4,50360,41532,,
2022,RI,Rhode Island,Kent,44003,DIABETES,Diagnosed diabetes among adults,Age-adjusted prevalence,AgeAdjPrv,8.8,7.7,10.0,171275,140529,,
2022,RI,Rhode Island,Kent,44003,DIABETES,Diagnosed diabetes among adults,Crude prevalence,CrdPrv,10.7,9.4,12.1,171275,140529,,
2022,RI,Rhode Island,Newport,44005,DIABETES,Diagnosed diabetes among adults,Age-adjusted prevalence,AgeAdjPrv,7.4,6.4,8.6,84481,71154,,
2022,RI,Rhode Island,Newport,44005,DIABETES,Diagnosed diabetes among adults,Crude prevalence,CrdPrv,9.7,8.4,11.1,84481,71154,,
2022,RI,Rhode Island,Providence,44007,DIABETES,Diagnosed diabetes among adults,Age-adjusted prevalence,AgeAdjPrv,10.7,9.5,12.1,657288,525915,,
2022,RI,Rhode Island,Providence,44007,DIABETES,Diagnosed diabetes among adults,Crude prevalence,CrdPrv,11.6,10.3,13.0,657288,525915,,
2022,RI,Rhode Island,Washington,44009,DIABETES,Diagnosed diabetes among adults,Age-adjusted prevalence,AgeAdjPrv,7.7,6.7,8.8,130330,110692,,
2022,RI,Rhode Island,Washington,44009,DIABETES,Diagnosed diabetes among adults,Crude prevalence,CrdPrv,9.8,8.5,11.2,130330,110692,,
2022,SC,South Carolina,Abbeville,45001,DIABETES,Diagnosed diabetes among adults,Age-adjusted prevalence,AgeAdjPrv,11.7,10.1,13.3,24356,19614,,
2022,SC,South Carolina,Abbeville,45001,DIABETES,Diagnosed diabetes among adults,Crude prevalence,CrdPrv,15.2,13.2,17.2,24356,19614,,
2022,SC,South Carolina,Aiken,45003,DIABETES,Diagnosed diabetes among adults,Age-adjusted prevalence,AgeAdjPrv,10.5,9.3,11.9,174150,137393,,
2022,SC,South Carolina,Aiken,45003,DIABETES,Diagnosed diabetes among adults,Crude prevalence,CrdPrv,13.0,11.5,14.7,174150,137393,,
2022,SC,South Carolina,Allendale,45005,DIABETES,Diagnosed diabetes among adults,Age-adjusted prevalence,AgeAdjPrv,16.6,14.5,18.7,7579,6242,,
2022,SC,South Carolina,Allendale,45005,DIABETES,Diagnosed diabetes among adults,Crude prevalence,CrdPrv,19.9,17.5,22.4,7579,6242,,
2022,SC,South Carolina,Anderson,45007,DIABETES,Diagnosed diabetes among adults,Age-adjusted prevalence,AgeAdjPrv,11.0,9.6,12.5,209581,162780,,
2022,SC,South Carolina,Anderson,45007,DIABETES,Diagnosed diabetes among adults,Crude prevalence,CrdPrv,13.2,11.5,14.9,209581,162780,,
2022,SC,South Carolina,Bamberg,45009,DIABETES,Diagnosed diabetes among adults,Age-adjusted prevalence,AgeAdjPrv,14.4,12.6,16.3,12908,10550,,
2022,SC,South Carolina,Bamberg,45009,DIABETES,Diagnosed diabetes among adults,Crude prevalence,CrdPrv,18.0,15.9,20.2,12908,10550,,
2022,SC,South Carolina,Barnwell,45011,DIABETES,Diagnosed diabetes among adults,Age-adjusted prevalence,AgeAdjPrv,14.0,12.4,15.8,20414,15564,,
2022,SC,South Carolina,Barnwell,45011,DIABETES,Diagnosed diabetes among adults,Crude prevalence,CrdPrv,16.8,14.9,18.9,20414,15564,,
2022,SC,South Carolina,Beaufort,45013,DIABETES,Diagnosed diabetes among adults,Age-adjusted prevalence,AgeAdjPrv,9.2,8.1,10.4,196371,162749,,
2022,SC,South Carolina,Beaufort,45013,DIABETES,Diagnosed diabetes among adults,Crude prevalence,CrdPrv,12.5,11.0,14.1,196371,162749,,
2022,SC,South Carolina,Berkeley,45015,DIABETES,Diagnosed diabetes among adults,Age-adjusted prevalence,AgeAdjPrv,11.0,9.6,12.5,245117,188009,,
2022,SC,South Carolina,Berkeley,45015,DIABETES,Diagnosed diabetes among adults,Crude prevalence,CrdPrv,11.8,10.3,13.4,245117,188009,,
2022,SC,South Carolina,Calhoun,45017,DIABETES,Diagnosed diabetes among adults,Age-adjusted prevalence,AgeAdjPrv,12.5,10.9,14.4,14179,11557,,
2022,SC,South Carolina,Calhoun,45017,DIABETES,Diagnosed diabetes among adults,Crude prevalence,CrdPrv,16.6,14.5,18.9,14179,11557,,
2022,SC,South Carolina,Charleston,45019,DIABETES,Diagnosed diabetes among adults,Age-adjusted prevalence,AgeAdjPrv,9.4,8.2,10.6,419279,339388,,
2022,SC,South Carolina,Charleston,45019,DIABETES,Diagnosed diabetes among adults,Crude prevalence,CrdPrv,10.6,9.3,11.9,419279,339388,,
2022,SC,South Carolina,Cherokee,45021,DIABETES,Diagnosed diabetes among adults,Age-adjusted prevalence,AgeAdjPrv,11.5,10.0,13.1,56121,43431,,
2022,SC,South Carolina,Cherokee,45021,DIABETES,Diagnosed diabetes among adults,Crude prevalence,CrdPrv,13.6,11.9,15.4,56121,43431,,
2022,SC,South Carolina,Chester,45023,DIABETES,Diagnosed diabetes among adults,Age-adjusted prevalence,AgeAdjPrv,12.3,10.7,13.9,31931,24881,,
2022,SC,South Carolina,Chester,45023,DIABETES,Diagnosed diabetes among adults,Crude prevalence,CrdPrv,15.1,13.2,17.0,31931,24881,,
2022,SC,South Carolina,Chesterfield,45025,DIABETES,Diagnosed diabetes among adults,Age-adjusted prevalence,AgeAdjPrv,12.6,11.0,14.3,43683,34115,,
2022,SC,South Carolina,Chesterfield,45025,DIABETES,Diagnosed diabetes among adults,Crude prevalence,CrdPrv,15.2,13.3,17.2,43683,34115,,
2022,SC,South Carolina,Clarendon,45027,DIABETES,Diagnosed diabetes among adults,Age-adjusted prevalence,AgeAdjPrv,13.5,11.9,15.4,30913,25332,,
2022,SC,South Carolina,Clarendon,45027,DIABETES,Diagnosed diabetes among adults,Crude prevalence,CrdPrv,17.6,15.6,20.0,30913,25332,,
2022,SC,South Carolina,Colleton,45029,DIABETES,Diagnosed diabetes among adults,Age-adjusted prevalence,AgeAdjPrv,13.5,11.8,15.4,38599,29881,,
2022,SC,South Carolina,Colleton,45029,DIABETES,Diagnosed diabetes among adults,Crude prevalence,CrdPrv,16.9,14.8,19.1,38599,29881,,
2022,SC,South Carolina,Darlington,45031,DIABETES,Diagnosed diabetes among adults,Age-adjusted prevalence,AgeAdjPrv,12.6,11.0,14.3,62398,48574,,
2022,SC,South Carolina,Darlington,45031,DIABETES,Diagnosed diabetes among adults,Crude prevalence,CrdPrv,15.2,13.2,17.2,62398,48574,,
2022,SC,South Carolina,Dillon,45033,DIABETES,Diagnosed diabetes among adults,Age-adjusted prevalence,AgeAdjPrv,16.6,14.7,18.7,27738,20770,,
2022,SC,South Carolina,Dillon,45033,DIABETES,Diagnosed diabetes among adults,Crude prevalence,CrdPrv,19.4,17.2,21.7,27738,20770,,
2022,SC,South Carolina,Dorchester,45035,DIABETES,Diagnosed diabetes among adults,Age-adjusted prevalence,AgeAdjPrv,10.9,9.5,12.4,166133,126682,,
2022,SC,South Carolina,Dorchester,45035,DIABETES,Diagnosed diabetes among adults,Crude prevalence,CrdPrv,12.2,10.7,13.8,166133,126682,,
2022,SC,South Carolina,Edgefield,45037,DIABETES,Diagnosed diabetes among adults,Age-adjusted prevalence,AgeAdjPrv,12.9,11.3,14.6,26932,22448,,
2022,SC,South Carolina,Edgefield,45037,DIABETES,Diagnosed diabetes among adults,Crude prevalence,CrdPrv,15.3,13.4,17.2,26932,22448,,
2022,SC,South Carolina,Fairfield,45039,DIABETES,Diagnosed diabetes among adults,Age-adjusted prevalence,AgeAdjPrv,14.8,13.0,16.8,20455,16795,,
2022,SC,South Carolina,Fairfield,45039,DIABETES,Diagnosed diabetes among adults,Crude prevalence,CrdPrv,19.6,17.3,22.1,20455,16795,,
2022,SC,South Carolina,Florence,45041,DIABETES,Diagnosed diabetes among adults,Age-adjusted prevalence,AgeAdjPrv,12.3,10.8,13.9,136721,104673,,
2022,SC,South Carolina,Florence,45041,DIABETES,Diagnosed diabetes among adults,Crude prevalence,CrdPrv,14.5,12.8,16.4,136721,104673,,
2022,SC,South Carolina,Georgetown,45043,DIABETES,Diagnosed diabetes among adults,Age-adjusted prevalence,AgeAdjPrv,10.5,9.2,12.0,64722,53959,,
2022,SC,South Carolina,Georgetown,45043,DIABETES,Diagnosed diabetes among adults,Crude prevalence,CrdPrv,15.4,13.5,17.4,64722,53959,,
2022,SC,South Carolina,Greenville,45045,DIABETES,Diagnosed diabetes among adults,Age-adjusted prevalence,AgeAdjPrv,8.9,7.7,10.0,547950,423982,,
2022,SC,South Carolina,Greenville,45045,DIABETES,Diagnosed diabetes among adults,Crude prevalence,CrdPrv,10.1,8.8,11.4,547950,423982,,
2022,SC,South Carolina,Greenwood,45047,DIABETES,Diagnosed diabetes among adults,Age-adjusted prevalence,AgeAdjPrv,12.1,10.7,13.7,69267,53874,,
2022,SC,South Carolina,Greenwood,45047,DIABETES,Diagnosed diabetes among adults,Crude prevalence,CrdPrv,14.3,12.6,16.2,69267,53874,,
2022,SC,South Carolina,Hampton,45049,DIABETES,Diagnosed diabetes among adults,Age-adjusted prevalence,AgeAdjPrv,14.9,13.1,16.9,18113,14404,,
2022,SC,South Carolina,Hampton,45049,DIABETES,Diagnosed diabetes among adults,Crude prevalence,CrdPrv,17.7,15.6,20.0,18113,14404,,
2022,SC,South Carolina,Horry,45051,DIABETES,Diagnosed diabetes among adults,Age-adjusted prevalence,AgeAdjPrv,10.4,9.3,11.7,383101,318937,,
2022,SC,South Carolina,Horry,45051,DIABETES,Diagnosed diabetes among adults,Crude prevalence,CrdPrv,13.9,12.4,15.6,383101,318937,,
2022,SC,South Carolina,Jasper,45053,DIABETES,Diagnosed diabetes among adults,Age-adjusted prevalence,AgeAdjPrv,12.8,11.1,14.5,32039,26362,,
2022,SC,South Carolina,Jasper,45053,DIABETES,Diagnosed diabetes among adults,Crude prevalence,CrdPrv,16.3,14.3,18.3,32039,26362,,
2022,SC,South Carolina,Kershaw,45055,DIABETES,Diagnosed diabetes among adults,Age-adjusted prevalence,AgeAdjPrv,11.5,10.1,13.1,67751,52155,,
2022,SC,South Carolina,Kershaw,45055,DIABETES,Diagnosed diabetes among adults,Crude prevalence,CrdPrv,14.0,12.4,15.9,67751,52155,,
2022,SC,South Carolina,Lancaster,45057,DIABETES,Diagnosed diabetes among adults,Age-adjusted prevalence,AgeAdjPrv,10.3,9.0,11.6,104577,82418,,
2022,SC,South Carolina,Lancaster,45057,DIABETES,Diagnosed diabetes among adults,Crude prevalence,CrdPrv,12.7,11.1,14.3,104577,82418,,
2022,SC,South Carolina,Laurens,45059,DIABETES,Diagnosed diabetes among adults,Age-adjusted prevalence,AgeAdjPrv,12.2,10.7,13.8,67965,53273,,
2022,SC,South Carolina,Laurens,45059,DIABETES,Diagnosed diabetes among adults,Crude prevalence,CrdPrv,14.7,12.9,16.6,67965,53273,,
2022,SC,South Carolina,Lee,45061,DIABETES,Diagnosed diabetes among adults,Age-adjusted prevalence,AgeAdjPrv,16.0,14.0,18.1,16153,13080,,
2022,SC,South Carolina,Lee,45061,DIABETES,Diagnosed diabetes among adults,Crude prevalence,CrdPrv,19.0,16.7,21.3,16153,13080,,
2022,SC,South Carolina,Lexington,45063,DIABETES,Diagnosed diabetes among adults,Age-adjusted prevalence,AgeAdjPrv,10.1,8.8,11.5,304797,235939,,
2022,SC,South Carolina,Lexington,45063,DIABETES,Diagnosed diabetes among adults,Crude prevalence,CrdPrv,11.8,10.4,13.4,304797,235939,,
2022,SC,South Carolina,McCormick,45065,DIABETES,Diagnosed diabetes among adults,Age-adjusted prevalence,AgeAdjPrv,12.4,10.9,14.2,9764,8765,,
2022,SC,South Carolina,McCormick,45065,DIABETES,Diagnosed diabetes among adults,Crude prevalence,CrdPrv,18.2,16.1,20.7,9764,8765,,
2022,SC,South Carolina,Marion,45067,DIABETES,Diagnosed diabetes among adults,Age-adjusted prevalence,AgeAdjPrv,15.8,13.9,17.8,28450,22149,,
2022,SC,South Carolina,Marion,45067,DIABETES,Diagnosed diabetes among adults,Crude prevalence,CrdPrv,19.7,17.4,22.0,28450,22149,,
2022,SC,South Carolina,Marlboro,45069,DIABETES,Diagnosed diabetes among adults,Age-adjusted prevalence,AgeAdjPrv,16.0,14.1,18.0,26039,20850,,
2022,SC,South Carolina,Marlboro,45069,DIABETES,Diagnosed diabetes among adults,Crude prevalence,CrdPrv,18.7,16.5,21.0,26039,20850,,
2022,SC,South Carolina,Newberry,45071,DIABETES,Diagnosed diabetes among adults,Age-adjusted prevalence,AgeAdjPrv,11.9,10.4,13.4,38247,30135,,
2022,SC,South Carolina,Newberry,45071,DIABETES,Diagnosed diabetes among adults,Crude prevalence,CrdPrv,14.8,12.9,16.7,38247,30135,,
2022,SC,South Carolina,Oconee,45073,DIABETES,Diagnosed diabetes among adults,Age-adjusted prevalence,AgeAdjPrv,10.2,8.9,11.7,80180,65034,,
2022,SC,South Carolina,Oconee,45073,DIABETES,Diagnosed diabetes among adults,Crude prevalence,CrdPrv,14.3,12.4,16.3,80180,65034,,
2022,SC,South Carolina,Orangeburg,45075,DIABETES,Diagnosed diabetes among adults,Age-adjusted prevalence,AgeAdjPrv,15.3,13.5,17.2,83094,65407,,
2022,SC,South Carolina,Orangeburg,45075,DIABETES,Diagnosed diabetes among adults,Crude prevalence,CrdPrv,18.4,16.3,20.5,83094,65407,,
2022,SC,South Carolina,Pickens,45077,DIABETES,Diagnosed diabetes among adults,Age-adjusted prevalence,AgeAdjPrv,10.3,8.9,11.7,133462,109036,,
2022,SC,South Carolina,Pickens,45077,DIABETES,Diagnosed diabetes among adults,Crude prevalence,CrdPrv,10.9,9.5,12.5,133462,109036,,
2022,SC,South Carolina,Richland,45079,DIABETES,Diagnosed diabetes among adults,Age-adjusted prevalence,AgeAdjPrv,11.9,10.6,13.4,421566,332001,,
2022,SC,South Carolina,Richland,45079,DIABETES,Diagnosed diabetes among adults,Crude prevalence,CrdPrv,11.9,10.5,13.3,421566,332001,,
2022,SC,South Carolina,Saluda,45081,DIABETES,Diagnosed diabetes among adults,Age-adjusted prevalence,AgeAdjPrv,12.5,10.8,14.1,18938,14824,,
2022,SC,South Carolina,Saluda,45081,DIABETES,Diagnosed diabetes among adults,Crude prevalence,CrdPrv,15.7,13.6,17.7,18938,14824,,
2022,SC,South Carolina,Spartanburg,45083,DIABETES,Diagnosed diabetes among adults,Age-adjusted prevalence,AgeAdjPrv,11.1,9.8,12.5,345831,266171,,
2022,SC,South Carolina,Spartanburg,45083,DIABETES,Diagnosed diabetes among adults,Crude prevalence,CrdPrv,12.5,11.0,14.0,345831,266171,,
2022,SC,South Carolina,Sumter,45085,DIABETES,Diagnosed diabetes among adults,Age-adjusted prevalence,AgeAdjPrv,12.9,11.7,14.4,104012,79494,,
2022,SC,South Carolina,Sumter,45085,DIABETES,Diagnosed diabetes among adults,Crude prevalence,CrdPrv,14.5,13.2,16.1,104012,79494,,
2022,SC,South Carolina,Union,45087,DIABETES,Diagnosed diabetes among adults,Age-adjusted prevalence,AgeAdjPrv,13.3,11.7,15.1,26752,21189,,
2022,SC,South Carolina,Union,45087,DIABETES,Diagnosed diabetes among adults,Crude prevalence,CrdPrv,16.9,14.8,19.1,26752,21189,,
2022,SC,South Carolina,Williamsburg,45089,DIABETES,Diagnosed diabetes among adults,Age-adjusted prevalence,AgeAdjPrv,14.4,12.7,16.2,30058,24305,,
2022,SC,South Carolina,Williamsburg,45089,DIABETES,Diagnosed diabetes among adults,Crude prevalence,CrdPrv,18.0,16.0,20.2,30058,24305,,
2022,SC,South Carolina,York,45091,DIABETES,Diagnosed diabetes among adults,Age-adjusted prevalence,AgeAdjPrv,9.4,8.3,10.6,294248,225591,,
2022,SC,South Carolina,York,45091,DIABETES,Diagnosed diabetes among adults,Crude prevalence,CrdPrv,10.6,9.4,11.9,294248,225591,,
2022,SD,South Dakota,Aurora,46003,DIABETES,Diagnosed diabetes among adults,Age-adjusted prevalence,AgeAdjPrv,8.3,7.1,9.6,2755,2077,,
2022,SD,South Dakota,Aurora,46003,DIABETES,Diagnosed diabetes among adults,Crude prevalence,CrdPrv,10.4,9.0,12.0,2755,2077,,
2022,SD,South Dakota,Beadle,46005,DIABETES,Diagnosed diabetes among adults,Age-adjusted prevalence,AgeAdjPrv,10.2,8.8,11.7,19376,14036,,
2022,SD,South Dakota,Beadle,46005,DIABETES,Diagnosed diabetes among adults,Crude prevalence,CrdPrv,12.2,10.6,14.1,19376,14036,,
2022,SD,South Dakota,Bennett,46007,DIABETES,Diagnosed diabetes among adults,Age-adjusted prevalence,AgeAdjPrv,12.6,11.0,14.2,3336,2269,,
2022,SD,South Dakota,Bennett,46007,DIABETES,Diagnosed diabetes among adults,Crude prevalence,CrdPrv,13.6,11.9,15.3,3336,2269,,
2022,SD,South Dakota,Bon Homme,46009,DIABETES,Diagnosed diabetes among adults,Age-adjusted prevalence,AgeAdjPrv,9.3,8.0,10.4,7062,5711,,
2022,SD,South Dakota,Bon Homme,46009,DIABETES,Diagnosed diabetes among adults,Crude prevalence,CrdPrv,11.1,9.6,12.4,7062,5711,,
2022,SD,South Dakota,Brookings,46011,DIABETES,Diagnosed diabetes among adults,Age-adjusted prevalence,AgeAdjPrv,8.3,7.3,9.4,35484,28111,,
2022,SD,South Dakota,Brookings,46011,DIABETES,Diagnosed diabetes among adults,Crude prevalence,CrdPrv,7.1,6.2,8.1,35484,28111,,
2022,SD,South Dakota,Brown,46013,DIABETES,Diagnosed diabetes among adults,Age-adjusted prevalence,AgeAdjPrv,7.9,6.9,9.0,37972,29106,,
2022,SD,South Dakota,Brown,46013,DIABETES,Diagnosed diabetes among adults,Crude prevalence,CrdPrv,9.1,8.0,10.3,37972,29106,,
2022,SD,South Dakota,Brule,46015,DIABETES,Diagnosed diabetes among adults,Age-adjusted prevalence,AgeAdjPrv,9.3,7.7,11.1,5321,4023,,
2022,SD,South Dakota,Brule,46015,DIABETES,Diagnosed diabetes among adults,Crude prevalence,CrdPrv,11.6,9.7,13.7,5321,4023,,
2022,SD,South Dakota,Buffalo,46017,DIABETES,Diagnosed diabetes among adults,Age-adjusted prevalence,AgeAdjPrv,16.6,14.4,18.8,1861,1177,,
2022,SD,South Dakota,Buffalo,46017,DIABETES,Diagnosed diabetes among adults,Crude prevalence,CrdPrv,15.7,13.7,17.8,1861,1177,,
2022,SD,South Dakota,Butte,46019,DIABETES,Diagnosed diabetes among adults,Age-adjusted prevalence,AgeAdjPrv,8.7,7.4,10.1,10774,8085,,
2022,SD,South Dakota,Butte,46019,DIABETES,Diagnosed diabetes among adults,Crude prevalence,CrdPrv,10.7,9.1,12.3,10774,8085,,
2022,SD,South Dakota,Campbell,46021,DIABETES,Diagnosed diabetes among adults,Age-adjusted prevalence,AgeAdjPrv,8.1,6.9,9.4,1349,1106,,
2022,SD,South Dakota,Campbell,46021,DIABETES,Diagnosed diabetes among adults,Crude prevalence,CrdPrv,12.3,10.6,14.2,1349,1106,,
2022,SD,South Dakota,Charles Mix,46023,DIABETES,Diagnosed diabetes among adults,Age-adjusted prevalence,AgeAdjPrv,10.5,9.1,12.0,9213,6354,,
2022,SD,South Dakota,Charles Mix,46023,DIABETES,Diagnosed diabetes among adults,Crude prevalence,CrdPrv,12.8,11.1,14.5,9213,6354,,
2022,SD,South Dakota,Clark,46025,DIABETES,Diagnosed diabetes among adults,Age-adjusted prevalence,AgeAdjPrv,8.3,7.1,9.6,3912,2828,,
2022,SD,South Dakota,Clark,46025,DIABETES,Diagnosed diabetes among adults,Crude prevalence,CrdPrv,11.0,9.4,12.7,3912,2828,,
2022,SD,South Dakota,Clay,46027,DIABETES,Diagnosed diabetes among adults,Age-adjusted prevalence,AgeAdjPrv,9.4,8.1,10.8,15280,12690,,
2022,SD,South Dakota,Clay,46027,DIABETES,Diagnosed diabetes among adults,Crude prevalence,CrdPrv,7.4,6.4,8.5,15280,12690,,
2022,SD,South Dakota,Codington,46029,DIABETES,Diagnosed diabetes among adults,Age-adjusted prevalence,AgeAdjPrv,8.8,7.7,9.9,28721,22168,,
2022,SD,South Dakota,Codington,46029,DIABETES,Diagnosed diabetes among adults,Crude prevalence,CrdPrv,10.7,9.4,12.0,28721,22168,,
2022,SD,South Dakota,Corson,46031,DIABETES,Diagnosed diabetes among adults,Age-adjusted prevalence,AgeAdjPrv,15.0,13.2,17.0,3826,2457,,
2022,SD,South Dakota,Corson,46031,DIABETES,Diagnosed diabetes among adults,Crude prevalence,CrdPrv,16.1,14.1,18.1,3826,2457,,
2022,SD,South Dakota,Custer,46033,DIABETES,Diagnosed diabetes among adults,Age-adjusted prevalence,AgeAdjPrv,8.2,7.4,9.0,9006,7809,,
2022,SD,South Dakota,Custer,46033,DIABETES,Diagnosed diabetes among adults,Crude prevalence,CrdPrv,13.0,11.7,14.3,9006,7809,,
2022,SD,South Dakota,Davison,46035,DIABETES,Diagnosed diabetes among adults,Age-adjusted prevalence,AgeAdjPrv,9.0,7.6,10.3,19973,15295,,
2022,SD,South Dakota,Davison,46035,DIABETES,Diagnosed diabetes among adults,Crude prevalence,CrdPrv,11.1,9.5,12.7,19973,15295,,
2022,SD,South Dakota,Day,46037,DIABETES,Diagnosed diabetes among adults,Age-adjusted prevalence,AgeAdjPrv,9.1,7.8,10.6,5479,4270,,
2022,SD,South Dakota,Day,46037,DIABETES,Diagnosed diabetes among adults,Crude prevalence,CrdPrv,12.6,10.8,14.5,5479,4270,,
2022,SD,South Dakota,Deuel,46039,DIABETES,Diagnosed diabetes among adults,Age-adjusted prevalence,AgeAdjPrv,8.6,7.4,9.9,4352,3290,,
2022,SD,South Dakota,Deuel,46039,DIABETES,Diagnosed diabetes among adults,Crude prevalence,CrdPrv,11.5,9.9,13.2,4352,3290,,
2022,SD,South Dakota,Dewey,46041,DIABETES,Diagnosed diabetes among adults,Age-adjusted prevalence,AgeAdjPrv,15.0,13.3,17.0,5140,3177,,
2022,SD,South Dakota,Dewey,46041,DIABETES,Diagnosed diabetes among adults,Crude prevalence,CrdPrv,15.2,13.4,17.2,5140,3177,,
2022,SD,South Dakota,Douglas,46043,DIABETES,Diagnosed diabetes among adults,Age-adjusted prevalence,AgeAdjPrv,8.5,7.2,9.7,2776,2041,,
2022,SD,South Dakota,Douglas,46043,DIABETES,Diagnosed diabetes among adults,Crude prevalence,CrdPrv,11.3,9.7,12.9,2776,2041,,
2022,SD,South Dakota,Edmunds,46045,DIABETES,Diagnosed diabetes among adults,Age-adjusted prevalence,AgeAdjPrv,8.2,7.0,9.4,4065,3167,,
2022,SD,South Dakota,Edmunds,46045,DIABETES,Diagnosed diabetes among adults,Crude prevalence,CrdPrv,10.6,9.2,12.2,4065,3167,,
2022,SD,South Dakota,Fall River,46047,DIABETES,Diagnosed diabetes among adults,Age-adjusted prevalence,AgeAdjPrv,9.7,8.3,11.3,7370,6153,,
2022,SD,South Dakota,Fall River,46047,DIABETES,Diagnosed diabetes among adults,Crude prevalence,CrdPrv,14.4,12.4,16.6,7370,6153,,
2022,SD,South Dakota,Faulk,46049,DIABETES,Diagnosed diabetes among adults,Age-adjusted prevalence,AgeAdjPrv,9.1,7.8,10.5,2126,1582,,
2022,SD,South Dakota,Faulk,46049,DIABETES,Diagnosed diabetes among adults,Crude prevalence,CrdPrv,12.6,10.8,14.5,2126,1582,,
2022,SD,South Dakota,Grant,46051,DIABETES,Diagnosed diabetes among adults,Age-adjusted prevalence,AgeAdjPrv,8.0,6.8,9.3,7463,5851,,
2022,SD,South Dakota,Grant,46051,DIABETES,Diagnosed diabetes among adults,Crude prevalence,CrdPrv,10.9,9.2,12.5,7463,5851,,
2022,SD,South Dakota,Gregory,46053,DIABETES,Diagnosed diabetes among adults,Age-adjusted prevalence,AgeAdjPrv,9.3,8.1,10.7,3962,3005,,
2022,SD,South Dakota,Gregory,46053,DIABETES,Diagnosed diabetes among adults,Crude prevalence,CrdPrv,13.0,11.3,14.9,3962,3005,,
2022,SD,South Dakota,Haakon,46055,DIABETES,Diagnosed diabetes among adults,Age-adjusted prevalence,AgeAdjPrv,8.7,7.4,10.1,1826,1413,,
2022,SD,South Dakota,Haakon,46055,DIABETES,Diagnosed diabetes among adults,Crude prevalence,CrdPrv,11.8,10.0,13.7,1826,1413,,
2022,SD,South Dakota,Hamlin,46057,DIABETES,Diagnosed diabetes among adults,Age-adjusted prevalence,AgeAdjPrv,7.9,6.8,9.1,6352,4252,,
2022,SD,South Dakota,Hamlin,46057,DIABETES,Diagnosed diabetes among adults,Crude prevalence,CrdPrv,8.8,7.6,10.1,6352,4252,,
2022,SD,South Dakota,Hand,46059,DIABETES,Diagnosed diabetes among adults,Age-adjusted prevalence,AgeAdjPrv,7.9,6.7,9.1,3140,2429,,
2022,SD,South Dakota,Hand,46059,DIABETES,Diagnosed diabetes among adults,Crude prevalence,CrdPrv,10.8,9.3,12.5,3140,2429,,
2022,SD,South Dakota,Hanson,46061,DIABETES,Diagnosed diabetes among adults,Age-adjusted prevalence,AgeAdjPrv,7.9,6.7,9.3,3461,2499,,
2022,SD,South Dakota,Hanson,46061,DIABETES,Diagnosed diabetes among adults,Crude prevalence,CrdPrv,9.9,8.5,11.6,3461,2499,,
2022,SD,South Dakota,Harding,46063,DIABETES,Diagnosed diabetes among adults,Age-adjusted prevalence,AgeAdjPrv,7.6,6.6,8.8,1330,1026,,
2022,SD,South Dakota,Harding,46063,DIABETES,Diagnosed diabetes among adults,Crude prevalence,CrdPrv,9.9,8.6,11.5,1330,1026,,
2022,SD,South Dakota,Hughes,46065,DIABETES,Diagnosed diabetes among adults,Age-adjusted prevalence,AgeAdjPrv,7.4,6.4,8.7,17692,13360,,
2022,SD,South Dakota,Hughes,46065,DIABETES,Diagnosed diabetes among adults,Crude prevalence,CrdPrv,9.0,7.7,10.4,17692,13360,,
2022,SD,South Dakota,Hutchinson,46067,DIABETES,Diagnosed diabetes among adults,Age-adjusted prevalence,AgeAdjPrv,8.0,6.9,9.2,7368,5447,,
2022,SD,South Dakota,Hutchinson,46067,DIABETES,Diagnosed diabetes among adults,Crude prevalence,CrdPrv,10.2,8.8,11.7,7368,5447,,
2022,SD,South Dakota,Hyde,46069,DIABETES,Diagnosed diabetes among adults,Age-adjusted prevalence,AgeAdjPrv,8.1,6.9,9.4,1184,918,,
2022,SD,South Dakota,Hyde,46069,DIABETES,Diagnosed diabetes among adults,Crude prevalence,CrdPrv,10.5,9.0,12.2,1184,918,,
2022,SD,South Dakota,Jackson,46071,DIABETES,Diagnosed diabetes among adults,Age-adjusted prevalence,AgeAdjPrv,14.3,12.5,16.2,2821,1780,,
2022,SD,South Dakota,Jackson,46071,DIABETES,Diagnosed diabetes among adults,Crude prevalence,CrdPrv,15.5,13.6,17.5,2821,1780,,
2022,SD,South Dakota,Jerauld,46073,DIABETES,Diagnosed diabetes among adults,Age-adjusted prevalence,AgeAdjPrv,8.6,7.3,9.9,1650,1279,,
2022,SD,South Dakota,Jerauld,46073,DIABETES,Diagnosed diabetes among adults,Crude prevalence,CrdPrv,12.4,10.6,14.3,1650,1279,,
2022,SD,South Dakota,Jones,46075,DIABETES,Diagnosed diabetes among adults,Age-adjusted prevalence,AgeAdjPrv,8.1,7.0,9.4,884,677,,
2022,SD,South Dakota,Jones,46075,DIABETES,Diagnosed diabetes among adults,Crude prevalence,CrdPrv,11.8,10.2,13.6,884,677,,
2022,SD,South Dakota,Kingsbury,46077,DIABETES,Diagnosed diabetes among adults,Age-adjusted prevalence,AgeAdjPrv,8.2,7.1,9.5,5294,3987,,
2022,SD,South Dakota,Kingsbury,46077,DIABETES,Diagnosed diabetes among adults,Crude prevalence,CrdPrv,10.8,9.4,12.5,5294,3987,,
2022,SD,South Dakota,Lake,46079,DIABETES,Diagnosed diabetes among adults,Age-adjusted prevalence,AgeAdjPrv,7.7,6.6,8.9,10972,8804,,
2022,SD,South Dakota,Lake,46079,DIABETES,Diagnosed diabetes among adults,Crude prevalence,CrdPrv,10.2,8.8,11.8,10972,8804,,
2022,SD,South Dakota,Lawrence,46081,DIABETES,Diagnosed diabetes among adults,Age-adjusted prevalence,AgeAdjPrv,7.9,6.8,9.2,27214,22753,,
2022,SD,South Dakota,Lawrence,46081,DIABETES,Diagnosed diabetes among adults,Crude prevalence,CrdPrv,9.9,8.5,11.5,27214,22753,,
2022,SD,South Dakota,Lincoln,46083,DIABETES,Diagnosed diabetes among adults,Age-adjusted prevalence,AgeAdjPrv,7.3,6.4,8.3,70987,52308,,
2022,SD,South Dakota,Lincoln,46083,DIABETES,Diagnosed diabetes among adults,Crude prevalence,CrdPrv,7.8,6.8,8.9,70987,52308,,
2022,SD,South Dakota,Lyman,46085,DIABETES,Diagnosed diabetes among adults,Age-adjusted prevalence,AgeAdjPrv,12.0,10.4,13.8,3692,2651,,
2022,SD,South Dakota,Lyman,46085,DIABETES,Diagnosed diabetes among adults,Crude prevalence,CrdPrv,14.3,12.5,16.4,3692,2651,,
2022,SD,South Dakota,McCook,46087,DIABETES,Diagnosed diabetes among adults,Age-adjusted prevalence,AgeAdjPrv,7.9,6.7,9.1,5778,4150,,
2022,SD,South Dakota,McCook,46087,DIABETES,Diagnosed diabetes among adults,Crude prevalence,CrdPrv,9.6,8.2,11.1,5778,4150,,
2022,SD,South Dakota,McPherson,46089,DIABETES,Diagnosed diabetes among adults,Age-adjusted prevalence,AgeAdjPrv,8.5,7.3,9.8,2395,1863,,
2022,SD,South Dakota,McPherson,46089,DIABETES,Diagnosed diabetes among adults,Crude prevalence,CrdPrv,12.4,10.7,14.3,2395,1863,,
2022,SD,South Dakota,Marshall,46091,DIABETES,Diagnosed diabetes among adults,Age-adjusted prevalence,AgeAdjPrv,7.9,6.7,9.2,4374,3314,,
2022,SD,South Dakota,Marshall,46091,DIABETES,Diagnosed diabetes among adults,Crude prevalence,CrdPrv,10.4,8.9,12.0,4374,3314,,
2022,SD,South Dakota,Meade,46093,DIABETES,Diagnosed diabetes among adults,Age-adjusted prevalence,AgeAdjPrv,7.5,6.5,8.7,30698,24320,,
2022,SD,South Dakota,Meade,46093,DIABETES,Diagnosed diabetes among adults,Crude prevalence,CrdPrv,8.2,7.1,9.5,30698,24320,,
2022,SD,South Dakota,Mellette,46095,DIABETES,Diagnosed diabetes among adults,Age-adjusted prevalence,AgeAdjPrv,14.3,12.6,16.2,1892,1297,,
2022,SD,South Dakota,Mellette,46095,DIABETES,Diagnosed diabetes among adults,Crude prevalence,CrdPrv,16.4,14.5,18.5,1892,1297,,
2022,SD,South Dakota,Miner,46097,DIABETES,Diagnosed diabetes among adults,Age-adjusted prevalence,AgeAdjPrv,8.4,7.3,9.7,2304,1768,,
2022,SD,South Dakota,Miner,46097,DIABETES,Diagnosed diabetes among adults,Crude prevalence,CrdPrv,11.4,9.9,13.0,2304,1768,,
2022,SD,South Dakota,Minnehaha,46099,DIABETES,Diagnosed diabetes among adults,Age-adjusted prevalence,AgeAdjPrv,7.5,6.5,8.5,203971,152690,,
2022,SD,South Dakota,Minnehaha,46099,DIABETES,Diagnosed diabetes among adults,Crude prevalence,CrdPrv,8.0,6.9,9.1,203971,152690,,
2022,SD,South Dakota,Moody,46101,DIABETES,Diagnosed diabetes among adults,Age-adjusted prevalence,AgeAdjPrv,8.7,7.4,10.1,6349,4709,,
2022,SD,South Dakota,Moody,46101,DIABETES,Diagnosed diabetes among adults,Crude prevalence,CrdPrv,11.0,9.5,12.7,6349,4709,,
2022,SD,South Dakota,Oglala Lakota,46102,DIABETES,Diagnosed diabetes among adults,Age-adjusted prevalence,AgeAdjPrv,20.0,17.9,22.2,13519,8617,,
2022,SD,South Dakota,Oglala Lakota,46102,DIABETES,Diagnosed diabetes among adults,Crude prevalence,CrdPrv,18.0,16.1,20.0,13519,8617,,
2022,SD,South Dakota,Pennington,46103,DIABETES,Diagnosed diabetes among adults,Age-adjusted prevalence,AgeAdjPrv,8.2,7.1,9.3,114461,89468,,
2022,SD,South Dakota,Pennington,46103,DIABETES,Diagnosed diabetes among adults,Crude prevalence,CrdPrv,9.9,8.6,11.3,114461,89468,,
2022,SD,South Dakota,Perkins,46105,DIABETES,Diagnosed diabetes among adults,Age-adjusted prevalence,AgeAdjPrv,7.4,6.4,8.6,2804,2200,,
2022,SD,South Dakota,Perkins,46105,DIABETES,Diagnosed diabetes among adults,Crude prevalence,CrdPrv,10.3,8.8,11.9,2804,2200,,
2022,SD,South Dakota,Potter,46107,DIABETES,Diagnosed diabetes among adults,Age-adjusted prevalence,AgeAdjPrv,8.0,6.8,9.3,2438,1898,,
2022,SD,South Dakota,Potter,46107,DIABETES,Diagnosed diabetes among adults,Crude prevalence,CrdPrv,11.6,9.9,13.5,2438,1898,,
2022,SD,South Dakota,Roberts,46109,DIABETES,Diagnosed diabetes among adults,Age-adjusted prevalence,AgeAdjPrv,11.5,10.0,13.3,10163,7208,,
2022,SD,South Dakota,Roberts,46109,DIABETES,Diagnosed diabetes among adults,Crude prevalence,CrdPrv,14.6,12.7,16.7,10163,7208,,
2022,SD,South Dakota,Sanborn,46111,DIABETES,Diagnosed diabetes among adults,Age-adjusted prevalence,AgeAdjPrv,8.3,7.1,9.6,2415,1812,,
2022,SD,South Dakota,Sanborn,46111,DIABETES,Diagnosed diabetes among adults,Crude prevalence,CrdPrv,10.8,9.2,12.4,2415,1812,,
2022,SD,South Dakota,Spink,46115,DIABETES,Diagnosed diabetes among adults,Age-adjusted prevalence,AgeAdjPrv,8.4,7.2,9.7,6235,4850,,
2022,SD,South Dakota,Spink,46115,DIABETES,Diagnosed diabetes among adults,Crude prevalence,CrdPrv,11.2,9.6,12.9,6235,4850,,
2022,SD,South Dakota,Stanley,46117,DIABETES,Diagnosed diabetes among adults,Age-adjusted prevalence,AgeAdjPrv,7.8,6.6,9.1,2999,2306,,
2022,SD,South Dakota,Stanley,46117,DIABETES,Diagnosed diabetes among adults,Crude prevalence,CrdPrv,10.2,8.6,11.8,2999,2306,,
2022,SD,South Dakota,Sully,46119,DIABETES,Diagnosed diabetes among adults,Age-adjusted prevalence,AgeAdjPrv,8.0,6.8,9.4,1471,1174,,
2022,SD,South Dakota,Sully,46119,DIABETES,Diagnosed diabetes among adults,Crude prevalence,CrdPrv,11.0,9.4,12.9,1471,1174,,
2022,SD,South Dakota,Todd,46121,DIABETES,Diagnosed diabetes among adults,Age-adjusted prevalence,AgeAdjPrv,18.5,16.3,20.6,9220,5401,,
2022,SD,South Dakota,Todd,46121,DIABETES,Diagnosed diabetes among adults,Crude prevalence,CrdPrv,16.4,14.5,18.3,9220,5401,,
2022,SD,South Dakota,Tripp,46123,DIABETES,Diagnosed diabetes among adults,Age-adjusted prevalence,AgeAdjPrv,10.4,9.0,12.0,5565,4279,,
2022,SD,South Dakota,Tripp,46123,DIABETES,Diagnosed diabetes among adults,Crude prevalence,CrdPrv,13.6,11.8,15.7,5565,4279,,
2022,SD,South Dakota,Turner,46125,DIABETES,Diagnosed diabetes among adults,Age-adjusted prevalence,AgeAdjPrv,7.9,6.7,9.1,8856,6666,,
2022,SD,South Dakota,Turner,46125,DIABETES,Diagnosed diabetes among adults,Crude prevalence,CrdPrv,10.1,8.6,11.6,8856,6666,,
2022,SD,South Dakota,Union,46127,DIABETES,Diagnosed diabetes among adults,Age-adjusted prevalence,AgeAdjPrv,7.9,6.8,9.2,17063,13050,,
2022,SD,South Dakota,Union,46127,DIABETES,Diagnosed diabetes among adults,Crude prevalence,CrdPrv,9.6,8.3,11.1,17063,13050,,
2022,SD,South Dakota,Walworth,46129,DIABETES,Diagnosed diabetes among adults,Age-adjusted prevalence,AgeAdjPrv,9.1,7.8,10.6,5265,4035,,
2022,SD,South Dakota,Walworth,46129,DIABETES,Diagnosed diabetes among adults,Crude prevalence,CrdPrv,11.9,10.2,13.8,5265,4035,,
2022,SD,South Dakota,Yankton,46135,DIABETES,Diagnosed diabetes among adults,Age-adjusted prevalence,AgeAdjPrv,8.1,6.9,9.3,23373,18393,,
2022,SD,South Dakota,Yankton,46135,DIABETES,Diagnosed diabetes among adults,Crude prevalence,CrdPrv,9.9,8.6,11.5,23373,18393,,
2022,SD,South Dakota,Ziebach,46137,DIABETES,Diagnosed diabetes among adults,Age-adjusted prevalence,AgeAdjPrv,15.3,13.4,17.3,2395,1770,,
2022,SD,South Dakota,Ziebach,46137,DIABETES,Diagnosed diabetes among adults,Crude prevalence,CrdPrv,15.1,13.2,17.1,2395,1770,,
2022,TN,Tennessee,Anderson,47001,DIABETES,Diagnosed diabetes among adults,Age-adjusted prevalence,AgeAdjPrv,11.5,10.0,13.3,78913,62377,,
2022,TN,Tennessee,Anderson,47001,DIABETES,Diagnosed diabetes among adults,Crude prevalence,CrdPrv,14.3,12.5,16.4,78913,62377,,
2022,TN,Tennessee,Bedford,47003,DIABETES,Diagnosed diabetes among adults,Age-adjusted prevalence,AgeAdjPrv,12.3,10.6,14.0,51950,39132,,
2022,TN,Tennessee,Bedford,47003,DIABETES,Diagnosed diabetes among adults,Crude prevalence,CrdPrv,13.6,11.8,15.5,51950,39132,,
2022,TN,Tennessee,Benton,47005,DIABETES,Diagnosed diabetes among adults,Age-adjusted prevalence,AgeAdjPrv,12.6,10.9,14.4,16002,12733,,
2022,TN,Tennessee,Benton,47005,DIABETES,Diagnosed diabetes among adults,Crude prevalence,CrdPrv,16.9,14.6,19.1,16002,12733,,
2022,TN,Tennessee,Bledsoe,47007,DIABETES,Diagnosed diabetes among adults,Age-adjusted prevalence,AgeAdjPrv,13.8,11.9,15.8,14798,12640,,
2022,TN,Tennessee,Bledsoe,47007,DIABETES,Diagnosed diabetes among adults,Crude prevalence,CrdPrv,16.9,14.6,19.3,14798,12640,,
2022,TN,Tennessee,Blount,47009,DIABETES,Diagnosed diabetes among adults,Age-adjusted prevalence,AgeAdjPrv,10.7,9.3,12.2,139958,112470,,
2022,TN,Tennessee,Blount,47009,DIABETES,Diagnosed diabetes among adults,Crude prevalence,CrdPrv,13.6,11.8,15.5,139958,112470,,
2022,TN,Tennessee,Bradley,47011,DIABETES,Diagnosed diabetes among adults,Age-adjusted prevalence,AgeAdjPrv,11.5,10.0,13.1,110616,86901,,
2022,TN,Tennessee,Bradley,47011,DIABETES,Diagnosed diabetes among adults,Crude prevalence,CrdPrv,13.3,11.6,15.1,110616,86901,,
2022,TN,Tennessee,Campbell,47013,DIABETES,Diagnosed diabetes among adults,Age-adjusted prevalence,AgeAdjPrv,12.5,10.8,14.3,39584,31472,,
2022,TN,Tennessee,Campbell,47013,DIABETES,Diagnosed diabetes among adults,Crude prevalence,CrdPrv,15.6,13.5,17.7,39584,31472,,
2022,TN,Tennessee,Cannon,47015,DIABETES,Diagnosed diabetes among adults,Age-adjusted prevalence,AgeAdjPrv,11.8,10.3,13.6,14788,11609,,
2022,TN,Tennessee,Cannon,47015,DIABETES,Diagnosed diabetes among adults,Crude prevalence,CrdPrv,14.3,12.4,16.4,14788,11609,,
2022,TN,Tennessee,Carroll,47017,DIABETES,Diagnosed diabetes among adults,Age-adjusted prevalence,AgeAdjPrv,13.1,11.3,14.9,28458,22259,,
2022,TN,Tennessee,Carroll,47017,DIABETES,Diagnosed diabetes among adults,Crude prevalence,CrdPrv,15.8,13.7,17.9,28458,22259,,
2022,TN,Tennessee,Carter,47019,DIABETES,Diagnosed diabetes among adults,Age-adjusted prevalence,AgeAdjPrv,12.8,11.1,14.6,56410,46489,,
2022,TN,Tennessee,Carter,47019,DIABETES,Diagnosed diabetes among adults,Crude prevalence,CrdPrv,16.6,14.4,18.8,56410,46489,,
2022,TN,Tennessee,Cheatham,47021,DIABETES,Diagnosed diabetes among adults,Age-adjusted prevalence,AgeAdjPrv,10.7,9.3,12.3,41830,33043,,
2022,TN,Tennessee,Cheatham,47021,DIABETES,Diagnosed diabetes among adults,Crude prevalence,CrdPrv,12.9,11.1,14.7,41830,33043,,
2022,TN,Tennessee,Chester,47023,DIABETES,Diagnosed diabetes among adults,Age-adjusted prevalence,AgeAdjPrv,13.1,11.4,15.0,17609,13866,,
2022,TN,Tennessee,Chester,47023,DIABETES,Diagnosed diabetes among adults,Crude prevalence,CrdPrv,14.6,12.7,16.7,17609,13866,,
2022,TN,Tennessee,Claiborne,47025,DIABETES,Diagnosed diabetes among adults,Age-adjusted prevalence,AgeAdjPrv,12.3,10.7,14.3,32431,26269,,
2022,TN,Tennessee,Claiborne,47025,DIABETES,Diagnosed diabetes among adults,Crude prevalence,CrdPrv,14.8,12.8,17.0,32431,26269,,
2022,TN,Tennessee,Clay,47027,DIABETES,Diagnosed diabetes among adults,Age-adjusted prevalence,AgeAdjPrv,13.2,11.3,15.1,7620,6097,,
2022,TN,Tennessee,Clay,47027,DIABETES,Diagnosed diabetes among adults,Crude prevalence,CrdPrv,18.1,15.7,20.7,7620,6097,,
2022,TN,Tennessee,Cocke,47029,DIABETES,Diagnosed diabetes among adults,Age-adjusted prevalence,AgeAdjPrv,13.2,11.4,15.0,36879,29403,,
2022,TN,Tennessee,Cocke,47029,DIABETES,Diagnosed diabetes among adults,Crude prevalence,CrdPrv,17.2,15.0,19.5,36879,29403,,
2022,TN,Tennessee,Coffee,47031,DIABETES,Diagnosed diabetes among adults,Age-adjusted prevalence,AgeAdjPrv,12.7,11.0,14.5,59728,45507,,
2022,TN,Tennessee,Coffee,47031,DIABETES,Diagnosed diabetes among adults,Crude prevalence,CrdPrv,15.0,13.0,17.1,59728,45507,,
2022,TN,Tennessee,Crockett,47033,DIABETES,Diagnosed diabetes among adults,Age-adjusted prevalence,AgeAdjPrv,13.2,11.4,15.2,13888,10627,,
2022,TN,Tennessee,Crockett,47033,DIABETES,Diagnosed diabetes among adults,Crude prevalence,CrdPrv,16.1,13.9,18.4,13888,10627,,
2022,TN,Tennessee,Cumberland,47035,DIABETES,Diagnosed diabetes among adults,Age-adjusted prevalence,AgeAdjPrv,12.1,10.4,13.8,63522,52841,,
2022,TN,Tennessee,Cumberland,47035,DIABETES,Diagnosed diabetes among adults,Crude prevalence,CrdPrv,18.1,15.7,20.5,63522,52841,,
2022,TN,Tennessee,Davidson,47037,DIABETES,Diagnosed diabetes among adults,Age-adjusted prevalence,AgeAdjPrv,12.4,10.8,14.0,708144,567393,,
2022,TN,Tennessee,Davidson,47037,DIABETES,Diagnosed diabetes among adults,Crude prevalence,CrdPrv,12.0,10.5,13.5,708144,567393,,
2022,TN,Tennessee,Decatur,47039,DIABETES,Diagnosed diabetes among adults,Age-adjusted prevalence,AgeAdjPrv,13.1,11.3,15.1,11564,9220,,
2022,TN,Tennessee,Decatur,47039,DIABETES,Diagnosed diabetes among adults,Crude prevalence,CrdPrv,17.5,15.1,20.0,11564,9220,,
2022,TN,Tennessee,DeKalb,47041,DIABETES,Diagnosed diabetes among adults,Age-adjusted prevalence,AgeAdjPrv,13.4,11.6,15.3,21003,16466,,
2022,TN,Tennessee,DeKalb,47041,DIABETES,Diagnosed diabetes among adults,Crude prevalence,CrdPrv,16.4,14.2,18.6,21003,16466,,
2022,TN,Tennessee,Dickson,47043,DIABETES,Diagnosed diabetes among adults,Age-adjusted prevalence,AgeAdjPrv,11.4,9.8,13.0,55761,43346,,
2022,TN,Tennessee,Dickson,47043,DIABETES,Diagnosed diabetes among adults,Crude prevalence,CrdPrv,13.2,11.4,15.1,55761,43346,,
2022,TN,Tennessee,Dyer,47045,DIABETES,Diagnosed diabetes among adults,Age-adjusted prevalence,AgeAdjPrv,12.8,11.2,14.5,36410,27775,,
2022,TN,Tennessee,Dyer,47045,DIABETES,Diagnosed diabetes among adults,Crude prevalence,CrdPrv,15.1,13.2,17.0,36410,27775,,
2022,TN,Tennessee,Fayette,47047,DIABETES,Diagnosed diabetes among adults,Age-adjusted prevalence,AgeAdjPrv,12.2,10.6,13.8,43630,35887,,
2022,TN,Tennessee,Fayette,47047,DIABETES,Diagnosed diabetes among adults,Crude prevalence,CrdPrv,16.2,14.1,18.3,43630,35887,,
2022,TN,Tennessee,Fentress,47049,DIABETES,Diagnosed diabetes among adults,Age-adjusted prevalence,AgeAdjPrv,13.0,11.2,14.9,19332,15400,,
2022,TN,Tennessee,Fentress,47049,DIABETES,Diagnosed diabetes among adults,Crude prevalence,CrdPrv,17.1,14.9,19.6,19332,15400,,
2022,TN,Tennessee,Franklin,47051,DIABETES,Diagnosed diabetes among adults,Age-adjusted prevalence,AgeAdjPrv,12.5,10.8,14.1,43942,35346,,
2022,TN,Tennessee,Franklin,47051,DIABETES,Diagnosed diabetes among adults,Crude prevalence,CrdPrv,15.1,13.1,17.0,43942,35346,,
2022,TN,Tennessee,Gibson,47053,DIABETES,Diagnosed diabetes among adults,Age-adjusted prevalence,AgeAdjPrv,13.1,11.5,15.0,50837,38529,,
2022,TN,Tennessee,Gibson,47053,DIABETES,Diagnosed diabetes among adults,Crude prevalence,CrdPrv,15.6,13.7,17.8,50837,38529,,
2022,TN,Tennessee,Giles,47055,DIABETES,Diagnosed diabetes among adults,Age-adjusted prevalence,AgeAdjPrv,12.4,10.7,14.1,30554,24154,,
2022,TN,Tennessee,Giles,47055,DIABETES,Diagnosed diabetes among adults,Crude prevalence,CrdPrv,15.4,13.5,17.6,30554,24154,,
2022,TN,Tennessee,Grainger,47057,DIABETES,Diagnosed diabetes among adults,Age-adjusted prevalence,AgeAdjPrv,13.3,11.6,15.3,24277,19616,,
2022,TN,Tennessee,Grainger,47057,DIABETES,Diagnosed diabetes among adults,Crude prevalence,CrdPrv,17.5,15.3,20.0,24277,19616,,
2022,TN,Tennessee,Greene,47059,DIABETES,Diagnosed diabetes among adults,Age-adjusted prevalence,AgeAdjPrv,12.4,10.7,14.3,71405,58050,,
2022,TN,Tennessee,Greene,47059,DIABETES,Diagnosed diabetes among adults,Crude prevalence,CrdPrv,15.8,13.7,18.1,71405,58050,,
2022,TN,Tennessee,Grundy,47061,DIABETES,Diagnosed diabetes among adults,Age-adjusted prevalence,AgeAdjPrv,12.5,10.9,14.3,13783,10865,,
2022,TN,Tennessee,Grundy,47061,DIABETES,Diagnosed diabetes among adults,Crude prevalence,CrdPrv,15.8,13.8,18.0,13783,10865,,
2022,TN,Tennessee,Hamblen,47063,DIABETES,Diagnosed diabetes among adults,Age-adjusted prevalence,AgeAdjPrv,12.3,10.8,14.3,65168,50071,,
2022,TN,Tennessee,Hamblen,47063,DIABETES,Diagnosed diabetes among adults,Crude prevalence,CrdPrv,14.4,12.7,16.7,65168,50071,,
2022,TN,Tennessee,Hamilton,47065,DIABETES,Diagnosed diabetes among adults,Age-adjusted prevalence,AgeAdjPrv,11.6,10.1,13.1,374682,297155,,
2022,TN,Tennessee,Hamilton,47065,DIABETES,Diagnosed diabetes among adults,Crude prevalence,CrdPrv,13.3,11.7,15.0,374682,297155,,
2022,TN,Tennessee,Hancock,47067,DIABETES,Diagnosed diabetes among adults,Age-adjusted prevalence,AgeAdjPrv,14.8,12.8,16.8,6845,5399,,
2022,TN,Tennessee,Hancock,47067,DIABETES,Diagnosed diabetes among adults,Crude prevalence,CrdPrv,19.4,17.0,21.9,6845,5399,,
2022,TN,Tennessee,Hardeman,47069,DIABETES,Diagnosed diabetes among adults,Age-adjusted prevalence,AgeAdjPrv,15.0,13.1,17.2,25529,20600,,
2022,TN,Tennessee,Hardeman,47069,DIABETES,Diagnosed diabetes among adults,Crude prevalence,CrdPrv,17.1,15.0,19.5,25529,20600,,
2022,TN,Tennessee,Hardin,47071,DIABETES,Diagnosed diabetes among adults,Age-adjusted prevalence,AgeAdjPrv,11.9,10.2,13.5,27077,21662,,
2022,TN,Tennessee,Hardin,47071,DIABETES,Diagnosed diabetes among adults,Crude prevalence,CrdPrv,15.7,13.6,17.8,27077,21662,,
2022,TN,Tennessee,Hawkins,47073,DIABETES,Diagnosed diabetes among adults,Age-adjusted prevalence,AgeAdjPrv,11.5,9.9,13.2,58043,46936,,
2022,TN,Tennessee,Hawkins,47073,DIABETES,Diagnosed diabetes among adults,Crude prevalence,CrdPrv,14.7,12.8,16.8,58043,46936,,
2022,TN,Tennessee,Haywood,47075,DIABETES,Diagnosed diabetes among adults,Age-adjusted prevalence,AgeAdjPrv,16.5,14.5,18.7,17550,13752,,
2022,TN,Tennessee,Haywood,47075,DIABETES,Diagnosed diabetes among adults,Crude prevalence,CrdPrv,20.3,17.9,22.9,17550,13752,,
2022,TN,Tennessee,Henderson,47077,DIABETES,Diagnosed diabetes among adults,Age-adjusted prevalence,AgeAdjPrv,13.3,11.6,15.2,27929,21660,,
2022,TN,Tennessee,Henderson,47077,DIABETES,Diagnosed diabetes among adults,Crude prevalence,CrdPrv,16.0,13.9,18.2,27929,21660,,
2022,TN,Tennessee,Henry,47079,DIABETES,Diagnosed diabetes among adults,Age-adjusted prevalence,AgeAdjPrv,12.9,11.2,14.7,32379,25900,,
2022,TN,Tennessee,Henry,47079,DIABETES,Diagnosed diabetes among adults,Crude prevalence,CrdPrv,17.4,15.2,19.6,32379,25900,,
2022,TN,Tennessee,Hickman,47081,DIABETES,Diagnosed diabetes among adults,Age-adjusted prevalence,AgeAdjPrv,12.2,10.6,14.0,25455,20192,,
2022,TN,Tennessee,Hickman,47081,DIABETES,Diagnosed diabetes among adults,Crude prevalence,CrdPrv,14.6,12.7,16.7,25455,20192,,
2022,TN,Tennessee,Houston,47083,DIABETES,Diagnosed diabetes among adults,Age-adjusted prevalence,AgeAdjPrv,11.7,10.1,13.4,8219,6526,,
2022,TN,Tennessee,Houston,47083,DIABETES,Diagnosed diabetes among adults,Crude prevalence,CrdPrv,14.5,12.5,16.5,8219,6526,,
2022,TN,Tennessee,Humphreys,47085,DIABETES,Diagnosed diabetes among adults,Age-adjusted prevalence,AgeAdjPrv,12.7,11.0,14.5,19106,14983,,
2022,TN,Tennessee,Humphreys,47085,DIABETES,Diagnosed diabetes among adults,Crude prevalence,CrdPrv,16.1,14.0,18.3,19106,14983,,
2022,TN,Tennessee,Jackson,47087,DIABETES,Diagnosed diabetes among adults,Age-adjusted prevalence,AgeAdjPrv,12.7,11.1,14.5,11989,9833,,
2022,TN,Tennessee,Jackson,47087,DIABETES,Diagnosed diabetes among adults,Crude prevalence,CrdPrv,17.0,14.9,19.4,11989,9833,,
2022,TN,Tennessee,Jefferson,47089,DIABETES,Diagnosed diabetes among adults,Age-adjusted prevalence,AgeAdjPrv,11.2,9.7,12.9,56727,45982,,
2022,TN,Tennessee,Jefferson,47089,DIABETES,Diagnosed diabetes among adults,Crude prevalence,CrdPrv,14.1,12.4,16.3,56727,45982,,
2022,TN,Tennessee,Johnson,47091,DIABETES,Diagnosed diabetes among adults,Age-adjusted prevalence,AgeAdjPrv,12.9,11.3,14.7,18086,15116,,
2022,TN,Tennessee,Johnson,47091,DIABETES,Diagnosed diabetes among adults,Crude prevalence,CrdPrv,16.9,14.8,19.2,18086,15116,,
2022,TN,Tennessee,Knox,47093,DIABETES,Diagnosed diabetes among adults,Age-adjusted prevalence,AgeAdjPrv,11.3,10.0,12.9,494574,392871,,
2022,TN,Tennessee,Knox,47093,DIABETES,Diagnosed diabetes among adults,Crude prevalence,CrdPrv,12.2,10.8,13.8,494574,392871,,
2022,TN,Tennessee,Lake,47095,DIABETES,Diagnosed diabetes among adults,Age-adjusted prevalence,AgeAdjPrv,16.0,14.0,18.2,6507,5535,,
2022,TN,Tennessee,Lake,47095,DIABETES,Diagnosed diabetes among adults,Crude prevalence,CrdPrv,17.1,15.0,19.5,6507,5535,,
2022,TN,Tennessee,Lauderdale,47097,DIABETES,Diagnosed diabetes among adults,Age-adjusted prevalence,AgeAdjPrv,15.3,13.4,17.4,24793,19335,,
2022,TN,Tennessee,Lauderdale,47097,DIABETES,Diagnosed diabetes among adults,Crude prevalence,CrdPrv,17.1,15.0,19.4,24793,19335,,
2022,TN,Tennessee,Lawrence,47099,DIABETES,Diagnosed diabetes among adults,Age-adjusted prevalence,AgeAdjPrv,12.7,11.1,14.6,45415,34043,,
2022,TN,Tennessee,Lawrence,47099,DIABETES,Diagnosed diabetes among adults,Crude prevalence,CrdPrv,15.3,13.5,17.5,45415,34043,,
2022,TN,Tennessee,Lewis,47101,DIABETES,Diagnosed diabetes among adults,Age-adjusted prevalence,AgeAdjPrv,13.2,11.5,15.1,12957,10117,,
2022,TN,Tennessee,Lewis,47101,DIABETES,Diagnosed diabetes among adults,Crude prevalence,CrdPrv,16.4,14.3,18.7,12957,10117,,
2022,TN,Tennessee,Lincoln,47103,DIABETES,Diagnosed diabetes among adults,Age-adjusted prevalence,AgeAdjPrv,11.7,10.1,13.4,36004,27975,,
2022,TN,Tennessee,Lincoln,47103,DIABETES,Diagnosed diabetes among adults,Crude prevalence,CrdPrv,14.8,12.8,16.9,36004,27975,,
2022,TN,Tennessee,Loudon,47105,DIABETES,Diagnosed diabetes among adults,Age-adjusted prevalence,AgeAdjPrv,11.4,9.9,13.1,58181,47344,,
2022,TN,Tennessee,Loudon,47105,DIABETES,Diagnosed diabetes among adults,Crude prevalence,CrdPrv,15.8,13.8,18.1,58181,47344,,
2022,TN,Tennessee,McMinn,47107,DIABETES,Diagnosed diabetes among adults,Age-adjusted prevalence,AgeAdjPrv,11.6,10.1,13.4,54719,43194,,
2022,TN,Tennessee,McMinn,47107,DIABETES,Diagnosed diabetes among adults,Crude prevalence,CrdPrv,14.3,12.5,16.3,54719,43194,,
2022,TN,Tennessee,McNairy,47109,DIABETES,Diagnosed diabetes among adults,Age-adjusted prevalence,AgeAdjPrv,13.1,11.4,15.1,25988,20408,,
2022,TN,Tennessee,McNairy,47109,DIABETES,Diagnosed diabetes among adults,Crude prevalence,CrdPrv,16.3,14.3,18.8,25988,20408,,
2022,TN,Tennessee,Macon,47111,DIABETES,Diagnosed diabetes among adults,Age-adjusted prevalence,AgeAdjPrv,12.3,10.6,14.1,26229,19765,,
2022,TN,Tennessee,Macon,47111,DIABETES,Diagnosed diabetes among adults,Crude prevalence,CrdPrv,14.2,12.3,16.2,26229,19765,,
2022,TN,Tennessee,Madison,47113,DIABETES,Diagnosed diabetes among adults,Age-adjusted prevalence,AgeAdjPrv,13.4,11.7,15.2,99245,77335,,
2022,TN,Tennessee,Madison,47113,DIABETES,Diagnosed diabetes among adults,Crude prevalence,CrdPrv,15.2,13.3,17.2,99245,77335,,
2022,TN,Tennessee,Marion,47115,DIABETES,Diagnosed diabetes among adults,Age-adjusted prevalence,AgeAdjPrv,12.1,10.4,13.8,29094,23184,,
2022,TN,Tennessee,Marion,47115,DIABETES,Diagnosed diabetes among adults,Crude prevalence,CrdPrv,15.1,13.1,17.2,29094,23184,,
2022,TN,Tennessee,Marshall,47117,DIABETES,Diagnosed diabetes among adults,Age-adjusted prevalence,AgeAdjPrv,12.8,11.2,14.7,35878,27607,,
2022,TN,Tennessee,Marshall,47117,DIABETES,Diagnosed diabetes among adults,Crude prevalence,CrdPrv,14.8,13.0,17.1,35878,27607,,
2022,TN,Tennessee,Maury,47119,DIABETES,Diagnosed diabetes among adults,Age-adjusted prevalence,AgeAdjPrv,10.9,9.4,12.5,108159,83734,,
2022,TN,Tennessee,Maury,47119,DIABETES,Diagnosed diabetes among adults,Crude prevalence,CrdPrv,12.5,10.8,14.2,108159,83734,,
2022,TN,Tennessee,Meigs,47121,DIABETES,Diagnosed diabetes among adults,Age-adjusted prevalence,AgeAdjPrv,11.3,9.8,13.0,13272,10575,,
2022,TN,Tennessee,Meigs,47121,DIABETES,Diagnosed diabetes among adults,Crude prevalence,CrdPrv,14.8,12.9,17.0,13272,10575,,
2022,TN,Tennessee,Monroe,47123,DIABETES,Diagnosed diabetes among adults,Age-adjusted prevalence,AgeAdjPrv,12.5,10.9,14.3,47740,37996,,
2022,TN,Tennessee,Monroe,47123,DIABETES,Diagnosed diabetes among adults,Crude prevalence,CrdPrv,16.2,14.1,18.5,47740,37996,,
2022,TN,Tennessee,Montgomery,47125,DIABETES,Diagnosed diabetes among adults,Age-adjusted prevalence,AgeAdjPrv,12.5,10.8,14.2,235201,172704,,
2022,TN,Tennessee,Montgomery,47125,DIABETES,Diagnosed diabetes among adults,Crude prevalence,CrdPrv,11.2,9.7,12.8,235201,172704,,
2022,TN,Tennessee,Moore,47127,DIABETES,Diagnosed diabetes among adults,Age-adjusted prevalence,AgeAdjPrv,11.5,9.9,13.2,6742,5405,,
2022,TN,Tennessee,Moore,47127,DIABETES,Diagnosed diabetes among adults,Crude prevalence,CrdPrv,14.7,12.7,16.8,6742,5405,,
2022,TN,Tennessee,Morgan,47129,DIABETES,Diagnosed diabetes among adults,Age-adjusted prevalence,AgeAdjPrv,13.4,11.6,15.3,21224,17176,,
2022,TN,Tennessee,Morgan,47129,DIABETES,Diagnosed diabetes among adults,Crude prevalence,CrdPrv,15.8,13.8,18.0,21224,17176,,
2022,TN,Tennessee,Obion,47131,DIABETES,Diagnosed diabetes among adults,Age-adjusted prevalence,AgeAdjPrv,12.9,11.2,14.8,30394,23843,,
2022,TN,Tennessee,Obion,47131,DIABETES,Diagnosed diabetes among adults,Crude prevalence,CrdPrv,15.9,13.9,18.2,30394,23843,,
2022,TN,Tennessee,Overton,47133,DIABETES,Diagnosed diabetes among adults,Age-adjusted prevalence,AgeAdjPrv,12.1,10.4,13.9,23044,18233,,
2022,TN,Tennessee,Overton,47133,DIABETES,Diagnosed diabetes among adults,Crude prevalence,CrdPrv,15.1,13.0,17.2,23044,18233,,
2022,TN,Tennessee,Perry,47135,DIABETES,Diagnosed diabetes among adults,Age-adjusted prevalence,AgeAdjPrv,12.7,11.0,14.5,8685,6751,,
2022,TN,Tennessee,Perry,47135,DIABETES,Diagnosed diabetes among adults,Crude prevalence,CrdPrv,16.0,13.9,18.2,8685,6751,,
2022,TN,Tennessee,Pickett,47137,DIABETES,Diagnosed diabetes among adults,Age-adjusted prevalence,AgeAdjPrv,13.2,11.5,15.0,5107,4238,,
2022,TN,Tennessee,Pickett,47137,DIABETES,Diagnosed diabetes among adults,Crude prevalence,CrdPrv,18.9,16.6,21.4,5107,4238,,
2022,TN,Tennessee,Polk,47139,DIABETES,Diagnosed diabetes among adults,Age-adjusted prevalence,AgeAdjPrv,12.2,10.5,13.9,17863,14478,,
2022,TN,Tennessee,Polk,47139,DIABETES,Diagnosed diabetes among adults,Crude prevalence,CrdPrv,15.8,13.6,18.0,17863,14478,,
2022,TN,Tennessee,Putnam,47141,DIABETES,Diagnosed diabetes among adults,Age-adjusted prevalence,AgeAdjPrv,11.3,9.8,12.9,82382,65639,,
2022,TN,Tennessee,Putnam,47141,DIABETES,Diagnosed diabetes among adults,Crude prevalence,CrdPrv,11.9,10.3,13.6,82382,65639,,
2022,TN,Tennessee,Rhea,47143,DIABETES,Diagnosed diabetes among adults,Age-adjusted prevalence,AgeAdjPrv,13.3,11.5,15.1,33730,26394,,
2022,TN,Tennessee,Rhea,47143,DIABETES,Diagnosed diabetes among adults,Crude prevalence,CrdPrv,16.5,14.4,18.7,33730,26394,,
2022,TN,Tennessee,Roane,47145,DIABETES,Diagnosed diabetes among adults,Age-adjusted prevalence,AgeAdjPrv,11.3,9.7,12.9,55082,44816,,
2022,TN,Tennessee,Roane,47145,DIABETES,Diagnosed diabetes among adults,Crude prevalence,CrdPrv,15.1,13.1,17.2,55082,44816,,
2022,TN,Tennessee,Robertson,47147,DIABETES,Diagnosed diabetes among adults,Age-adjusted prevalence,AgeAdjPrv,11.1,9.6,12.7,75470,57690,,
2022,TN,Tennessee,Robertson,47147,DIABETES,Diagnosed diabetes among adults,Crude prevalence,CrdPrv,12.7,10.9,14.5,75470,57690,,
2022,TN,Tennessee,Rutherford,47149,DIABETES,Diagnosed diabetes among adults,Age-adjusted prevalence,AgeAdjPrv,12.1,10.5,13.8,360619,273454,,
2022,TN,Tennessee,Rutherford,47149,DIABETES,Diagnosed diabetes among adults,Crude prevalence,CrdPrv,11.8,10.2,13.4,360619,273454,,
2022,TN,Tennessee,Scott,47151,DIABETES,Diagnosed diabetes among adults,Age-adjusted prevalence,AgeAdjPrv,13.5,11.8,15.4,22035,16891,,
2022,TN,Tennessee,Scott,47151,DIABETES,Diagnosed diabetes among adults,Crude prevalence,CrdPrv,15.9,13.9,18.1,22035,16891,,
2022,TN,Tennessee,Sequatchie,47153,DIABETES,Diagnosed diabetes among adults,Age-adjusted prevalence,AgeAdjPrv,13.0,11.3,14.9,16909,13527,,
2022,TN,Tennessee,Sequatchie,47153,DIABETES,Diagnosed diabetes among adults,Crude prevalence,CrdPrv,16.5,14.3,18.7,16909,13527,,
2022,TN,Tennessee,Sevier,47155,DIABETES,Diagnosed diabetes among adults,Age-adjusted prevalence,AgeAdjPrv,10.8,9.3,12.4,98789,78906,,
2022,TN,Tennessee,Sevier,47155,DIABETES,Diagnosed diabetes among adults,Crude prevalence,CrdPrv,13.5,11.7,15.4,98789,78906,,
2022,TN,Tennessee,Shelby,47157,DIABETES,Diagnosed diabetes among adults,Age-adjusted prevalence,AgeAdjPrv,14.8,13.1,16.7,916371,687933,,
2022,TN,Tennessee,Shelby,47157,DIABETES,Diagnosed diabetes among adults,Crude prevalence,CrdPrv,16.0,14.2,18.1,916371,687933,,
2022,TN,Tennessee,Smith,47159,DIABETES,Diagnosed diabetes among adults,Age-adjusted prevalence,AgeAdjPrv,11.3,9.7,13.0,20489,15901,,
2022,TN,Tennessee,Smith,47159,DIABETES,Diagnosed diabetes among adults,Crude prevalence,CrdPrv,13.3,11.5,15.3,20489,15901,,
2022,TN,Tennessee,Stewart,47161,DIABETES,Diagnosed diabetes among adults,Age-adjusted prevalence,AgeAdjPrv,11.6,10.0,13.4,14035,11073,,
2022,TN,Tennessee,Stewart,47161,DIABETES,Diagnosed diabetes among adults,Crude prevalence,CrdPrv,14.7,12.7,16.8,14035,11073,,
2022,TN,Tennessee,Sullivan,47163,DIABETES,Diagnosed diabetes among adults,Age-adjusted prevalence,AgeAdjPrv,12.0,10.5,13.6,160820,130513,,
2022,TN,Tennessee,Sullivan,47163,DIABETES,Diagnosed diabetes among adults,Crude prevalence,CrdPrv,15.2,13.4,17.2,160820,130513,,
2022,TN,Tennessee,Sumner,47165,DIABETES,Diagnosed diabetes among adults,Age-adjusted prevalence,AgeAdjPrv,10.5,9.0,12.1,203858,157560,,
2022,TN,Tennessee,Sumner,47165,DIABETES,Diagnosed diabetes among adults,Crude prevalence,CrdPrv,12.1,10.4,14.0,203858,157560,,
2022,TN,Tennessee,Tipton,47167,DIABETES,Diagnosed diabetes among adults,Age-adjusted prevalence,AgeAdjPrv,12.1,10.4,13.8,61656,47211,,
2022,TN,Tennessee,Tipton,47167,DIABETES,Diagnosed diabetes among adults,Crude prevalence,CrdPrv,13.8,11.9,15.7,61656,47211,,
2022,TN,Tennessee,Trousdale,47169,DIABETES,Diagnosed diabetes among adults,Age-adjusted prevalence,AgeAdjPrv,12.7,11.0,14.4,12111,9800,,
2022,TN,Tennessee,Trousdale,47169,DIABETES,Diagnosed diabetes among adults,Crude prevalence,CrdPrv,12.1,10.5,13.8,12111,9800,,
2022,TN,Tennessee,Unicoi,47171,DIABETES,Diagnosed diabetes among adults,Age-adjusted prevalence,AgeAdjPrv,12.6,10.9,14.4,17674,14559,,
2022,TN,Tennessee,Unicoi,47171,DIABETES,Diagnosed diabetes among adults,Crude prevalence,CrdPrv,16.3,14.2,18.6,17674,14559,,
2022,TN,Tennessee,Union,47173,DIABETES,Diagnosed diabetes among adults,Age-adjusted prevalence,AgeAdjPrv,11.9,10.4,13.8,20452,16140,,
2022,TN,Tennessee,Union,47173,DIABETES,Diagnosed diabetes among adults,Crude prevalence,CrdPrv,14.8,12.9,17.0,20452,16140,,
2022,TN,Tennessee,Van Buren,47175,DIABETES,Diagnosed diabetes among adults,Age-adjusted prevalence,AgeAdjPrv,12.5,10.8,14.3,6429,5093,,
2022,TN,Tennessee,Van Buren,47175,DIABETES,Diagnosed diabetes among adults,Crude prevalence,CrdPrv,17.0,14.7,19.3,6429,5093,,
2022,TN,Tennessee,Warren,47177,DIABETES,Diagnosed diabetes among adults,Age-adjusted prevalence,AgeAdjPrv,13.5,11.7,15.4,42026,32388,,
2022,TN,Tennessee,Warren,47177,DIABETES,Diagnosed diabetes among adults,Crude prevalence,CrdPrv,15.9,13.8,18.1,42026,32388,,
2022,TN,Tennessee,Washington,47179,DIABETES,Diagnosed diabetes among adults,Age-adjusted prevalence,AgeAdjPrv,12.1,10.5,13.7,136172,111345,,
2022,TN,Tennessee,Washington,47179,DIABETES,Diagnosed diabetes among adults,Crude prevalence,CrdPrv,13.7,11.9,15.5,136172,111345,,
2022,TN,Tennessee,Wayne,47181,DIABETES,Diagnosed diabetes among adults,Age-adjusted prevalence,AgeAdjPrv,13.4,11.6,15.2,16308,13642,,
2022,TN,Tennessee,Wayne,47181,DIABETES,Diagnosed diabetes among adults,Crude prevalence,CrdPrv,15.6,13.6,17.8,16308,13642,,
2022,TN,Tennessee,Weakley,47183,DIABETES,Diagnosed diabetes among adults,Age-adjusted prevalence,AgeAdjPrv,12.0,10.3,13.6,33063,26911,,
2022,TN,Tennessee,Weakley,47183,DIABETES,Diagnosed diabetes among adults,Crude prevalence,CrdPrv,12.9,11.2,14.6,33063,26911,,
2022,TN,Tennessee,White,47185,DIABETES,Diagnosed diabetes among adults,Age-adjusted prevalence,AgeAdjPrv,12.5,10.9,14.5,28064,22072,,
2022,TN,Tennessee,White,47185,DIABETES,Diagnosed diabetes among adults,Crude prevalence,CrdPrv,15.6,13.6,18.0,28064,22072,,
2022,TN,Tennessee,Williamson,47187,DIABETES,Diagnosed diabetes among adults,Age-adjusted prevalence,AgeAdjPrv,8.9,7.7,10.1,260815,194255,,
2022,TN,Tennessee,Williamson,47187,DIABETES,Diagnosed diabetes among adults,Crude prevalence,CrdPrv,10.5,9.1,12.0,260815,194255,,
2022,TN,Tennessee,Wilson,47189,DIABETES,Diagnosed diabetes among adults,Age-adjusted prevalence,AgeAdjPrv,10.7,9.3,12.3,158555,122094,,
2022,TN,Tennessee,Wilson,47189,DIABETES,Diagnosed diabetes among adults,Crude prevalence,CrdPrv,12.2,10.6,14.0,158555,122094,,
2022,TX,Texas,Anderson,48001,DIABETES,Diagnosed diabetes among adults,Age-adjusted prevalence,AgeAdjPrv,13.6,11.7,15.5,58064,47096,,
2022,TX,Texas,Anderson,48001,DIABETES,Diagnosed diabetes among adults,Crude prevalence,CrdPrv,14.3,12.4,16.3,58064,47096,,
2022,TX,Texas,Andrews,48003,DIABETES,Diagnosed diabetes among adults,Age-adjusted prevalence,AgeAdjPrv,13.8,12.1,15.7,18334,12647,,
2022,TX,Texas,Andrews,48003,DIABETES,Diagnosed diabetes among adults,Crude prevalence,CrdPrv,13.5,11.9,15.4,18334,12647,,
2022,TX,Texas,Angelina,48005,DIABETES,Diagnosed diabetes among adults,Age-adjusted prevalence,AgeAdjPrv,14.2,12.7,15.8,87101,65125,,
2022,TX,Texas,Angelina,48005,DIABETES,Diagnosed diabetes among adults,Crude prevalence,CrdPrv,16.1,14.4,17.9,87101,65125,,
2022,TX,Texas,Aransas,48007,DIABETES,Diagnosed diabetes among adults,Age-adjusted prevalence,AgeAdjPrv,12.6,11.0,14.3,24944,20411,,
2022,TX,Texas,Aransas,48007,DIABETES,Diagnosed diabetes among adults,Crude prevalence,CrdPrv,17.0,14.9,19.2,24944,20411,,
2022,TX,Texas,Archer,48009,DIABETES,Diagnosed diabetes among adults,Age-adjusted prevalence,AgeAdjPrv,10.3,8.9,11.8,8835,6869,,
2022,TX,Texas,Archer,48009,DIABETES,Diagnosed diabetes among adults,Crude prevalence,CrdPrv,13.5,11.7,15.4,8835,6869,,
2022,TX,Texas,Armstrong,48011,DIABETES,Diagnosed diabetes among adults,Age-adjusted prevalence,AgeAdjPrv,10.3,9.5,11.0,1850,1434,,
2022,TX,Texas,Armstrong,48011,DIABETES,Diagnosed diabetes among adults,Crude prevalence,CrdPrv,13.4,12.3,14.3,1850,1434,,
2022,TX,Texas,Atascosa,48013,DIABETES,Diagnosed diabetes among adults,Age-adjusted prevalence,AgeAdjPrv,14.7,12.9,16.7,50864,37238,,
2022,TX,Texas,Atascosa,48013,DIABETES,Diagnosed diabetes among adults,Crude prevalence,CrdPrv,15.9,14.0,18.0,50864,37238,,
2022,TX,Texas,Austin,48015,DIABETES,Diagnosed diabetes among adults,Age-adjusted prevalence,AgeAdjPrv,12.0,10.5,13.6,31097,23795,,
2022,TX,Texas,Austin,48015,DIABETES,Diagnosed diabetes among adults,Crude prevalence,CrdPrv,14.7,12.9,16.7,31097,23795,,
2022,TX,Texas,Bailey,48017,DIABETES,Diagnosed diabetes among adults,Age-adjusted prevalence,AgeAdjPrv,13.3,11.6,15.2,6779,4767,,
2022,TX,Texas,Bailey,48017,DIABETES,Diagnosed diabetes among adults,Crude prevalence,CrdPrv,14.6,12.8,16.7,6779,4767,,
2022,TX,Texas,Bandera,48019,DIABETES,Diagnosed diabetes among adults,Age-adjusted prevalence,AgeAdjPrv,11.2,9.7,12.8,22115,18382,,
2022,TX,Texas,Bandera,48019,DIABETES,Diagnosed diabetes among adults,Crude prevalence,CrdPrv,15.9,13.9,18.1,22115,18382,,
2022,TX,Texas,Bastrop,48021,DIABETES,Diagnosed diabetes among adults,Age-adjusted prevalence,AgeAdjPrv,12.4,10.8,14.1,106188,79176,,
2022,TX,Texas,Bastrop,48021,DIABETES,Diagnosed diabetes among adults,Crude prevalence,CrdPrv,13.9,12.1,15.7,106188,79176,,
2022,TX,Texas,Baylor,48023,DIABETES,Diagnosed diabetes among adults,Age-adjusted prevalence,AgeAdjPrv,10.8,9.3,12.3,3466,2677,,
2022,TX,Texas,Baylor,48023,DIABETES,Diagnosed diabetes among adults,Crude prevalence,CrdPrv,13.8,12.0,15.8,3466,2677,,
2022,TX,Texas,Bee,48025,DIABETES,Diagnosed diabetes among adults,Age-adjusted prevalence,AgeAdjPrv,16.3,14.3,18.3,30394,24228,,
2022,TX,Texas,Bee,48025,DIABETES,Diagnosed diabetes among adults,Crude prevalence,CrdPrv,15.7,13.7,17.6,30394,24228,,
2022,TX,Texas,Bell,48027,DIABETES,Diagnosed diabetes among adults,Age-adjusted prevalence,AgeAdjPrv,13.7,12.1,15.3,388386,282224,,
2022,TX,Texas,Bell,48027,DIABETES,Diagnosed diabetes among adults,Crude prevalence,CrdPrv,13.1,11.6,14.7,388386,282224,,
2022,TX,Texas,Bexar,48029,DIABETES,Diagnosed diabetes among adults,Age-adjusted prevalence,AgeAdjPrv,15.4,13.9,17.0,2059530,1553113,,
2022,TX,Texas,Bexar,48029,DIABETES,Diagnosed diabetes among adults,Crude prevalence,CrdPrv,15.3,13.8,16.9,2059530,1553113,,
2022,TX,Texas,Blanco,48031,DIABETES,Diagnosed diabetes among adults,Age-adjusted prevalence,AgeAdjPrv,10.8,9.4,12.4,12418,10359,,
2022,TX,Texas,Blanco,48031,DIABETES,Diagnosed diabetes among adults,Crude prevalence,CrdPrv,15.0,13.1,17.1,12418,10359,,
2022,TX,Texas,Borden,48033,DIABETES,Diagnosed diabetes among adults,Age-adjusted prevalence,AgeAdjPrv,9.0,8.4,9.7,585,459,,
2022,TX,Texas,Borden,48033,DIABETES,Diagnosed diabetes among adults,Crude prevalence,CrdPrv,12.2,11.4,13.1,585,459,,
2022,TX,Texas,Bosque,48035,DIABETES,Diagnosed diabetes among adults,Age-adjusted prevalence,AgeAdjPrv,12.3,10.8,14.0,18697,14821,,
2022,TX,Texas,Bosque,48035,DIABETES,Diagnosed diabetes among adults,Crude prevalence,CrdPrv,16.4,14.4,18.6,18697,14821,,
2022,TX,Texas,Bowie,48037,DIABETES,Diagnosed diabetes among adults,Age-adjusted prevalence,AgeAdjPrv,12.8,11.1,14.6,92035,70337,,
2022,TX,Texas,Bowie,48037,DIABETES,Diagnosed diabetes among adults,Crude prevalence,CrdPrv,14.6,12.7,16.6,92035,70337,,
2022,TX,Texas,Brazoria,48039,DIABETES,Diagnosed diabetes among adults,Age-adjusted prevalence,AgeAdjPrv,12.6,11.2,14.1,388181,289273,,
2022,TX,Texas,Brazoria,48039,DIABETES,Diagnosed diabetes among adults,Crude prevalence,CrdPrv,13.2,11.8,14.8,388181,289273,,
2022,TX,Texas,Brazos,48041,DIABETES,Diagnosed diabetes among adults,Age-adjusted prevalence,AgeAdjPrv,12.6,11.0,14.4,242014,193890,,
2022,TX,Texas,Brazos,48041,DIABETES,Diagnosed diabetes among adults,Crude prevalence,CrdPrv,9.7,8.4,11.0,242014,193890,,
2022,TX,Texas,Brewster,48043,DIABETES,Diagnosed diabetes among adults,Age-adjusted prevalence,AgeAdjPrv,11.7,10.2,13.3,9343,7675,,
2022,TX,Texas,Brewster,48043,DIABETES,Diagnosed diabetes among adults,Crude prevalence,CrdPrv,15.0,13.2,17.0,9343,7675,,
2022,TX,Texas,Briscoe,48045,DIABETES,Diagnosed diabetes among adults,Age-adjusted prevalence,AgeAdjPrv,15.8,14.5,17.1,1431,1114,,
2022,TX,Texas,Briscoe,48045,DIABETES,Diagnosed diabetes among adults,Crude prevalence,CrdPrv,20.8,19.1,22.4,1431,1114,,
2022,TX,Texas,Brooks,48047,DIABETES,Diagnosed diabetes among adults,Age-adjusted prevalence,AgeAdjPrv,19.0,17.8,20.3,6906,5045,,
2022,TX,Texas,Brooks,48047,DIABETES,Diagnosed diabetes among adults,Crude prevalence,CrdPrv,20.1,18.9,21.4,6906,5045,,
2022,TX,Texas,Brown,48049,DIABETES,Diagnosed diabetes among adults,Age-adjusted prevalence,AgeAdjPrv,12.1,10.6,13.8,38373,30594,,
2022,TX,Texas,Brown,48049,DIABETES,Diagnosed diabetes among adults,Crude prevalence,CrdPrv,14.5,12.7,16.5,38373,30594,,
2022,TX,Texas,Burleson,48051,DIABETES,Diagnosed diabetes among adults,Age-adjusted prevalence,AgeAdjPrv,12.3,10.8,14.0,18657,14574,,
2022,TX,Texas,Burleson,48051,DIABETES,Diagnosed diabetes among adults,Crude prevalence,CrdPrv,15.7,13.8,17.7,18657,14574,,
2022,TX,Texas,Burnet,48053,DIABETES,Diagnosed diabetes among adults,Age-adjusted prevalence,AgeAdjPrv,11.1,9.7,12.7,52502,41923,,
2022,TX,Texas,Burnet,48053,DIABETES,Diagnosed diabetes among adults,Crude prevalence,CrdPrv,14.4,12.5,16.3,52502,41923,,
2022,TX,Texas,Caldwell,48055,DIABETES,Diagnosed diabetes among adults,Age-adjusted prevalence,AgeAdjPrv,14.6,12.8,16.7,47848,37078,,
2022,TX,Texas,Caldwell,48055,DIABETES,Diagnosed diabetes among adults,Crude prevalence,CrdPrv,15.7,13.8,17.9,47848,37078,,
2022,TX,Texas,Calhoun,48057,DIABETES,Diagnosed diabetes among adults,Age-adjusted prevalence,AgeAdjPrv,12.7,11.2,14.5,19706,15148,,
2022,TX,Texas,Calhoun,48057,DIABETES,Diagnosed diabetes among adults,Crude prevalence,CrdPrv,15.2,13.4,17.2,19706,15148,,
2022,TX,Texas,Callahan,48059,DIABETES,Diagnosed diabetes among adults,Age-adjusted prevalence,AgeAdjPrv,10.9,9.5,12.6,14210,11163,,
2022,TX,Texas,Callahan,48059,DIABETES,Diagnosed diabetes among adults,Crude prevalence,CrdPrv,14.0,12.2,16.1,14210,11163,,
2022,TX,Texas,Cameron,48061,DIABETES,Diagnosed diabetes among adults,Age-adjusted prevalence,AgeAdjPrv,19.9,18.0,22.0,425208,303786,,
2022,TX,Texas,Cameron,48061,DIABETES,Diagnosed diabetes among adults,Crude prevalence,CrdPrv,20.5,18.6,22.6,425208,303786,,
2022,TX,Texas,Camp,48063,DIABETES,Diagnosed diabetes among adults,Age-adjusted prevalence,AgeAdjPrv,13.9,12.1,15.9,12716,9364,,
2022,TX,Texas,Camp,48063,DIABETES,Diagnosed diabetes among adults,Crude prevalence,CrdPrv,16.3,14.3,18.5,12716,9364,,
2022,TX,Texas,Carson,48065,DIABETES,Diagnosed diabetes among adults,Age-adjusted prevalence,AgeAdjPrv,10.1,8.7,11.5,5784,4456,,
2022,TX,Texas,Carson,48065,DIABETES,Diagnosed diabetes among adults,Crude prevalence,CrdPrv,12.4,10.7,14.2,5784,4456,,
2022,TX,Texas,Cass,48067,DIABETES,Diagnosed diabetes among adults,Age-adjusted prevalence,AgeAdjPrv,12.4,10.8,14.1,28539,22124,,
2022,TX,Texas,Cass,48067,DIABETES,Diagnosed diabetes among adults,Crude prevalence,CrdPrv,15.9,14.0,18.1,28539,22124,,
2022,TX,Texas,Castro,48069,DIABETES,Diagnosed diabetes among adults,Age-adjusted prevalence,AgeAdjPrv,14.5,12.6,16.4,7298,5188,,
2022,TX,Texas,Castro,48069,DIABETES,Diagnosed diabetes among adults,Crude prevalence,CrdPrv,16.4,14.4,18.5,7298,5188,,
2022,TX,Texas,Chambers,48071,DIABETES,Diagnosed diabetes among adults,Age-adjusted prevalence,AgeAdjPrv,11.8,10.2,13.5,51288,37029,,
2022,TX,Texas,Chambers,48071,DIABETES,Diagnosed diabetes among adults,Crude prevalence,CrdPrv,11.9,10.3,13.6,51288,37029,,
2022,TX,Texas,Cherokee,48073,DIABETES,Diagnosed diabetes among adults,Age-adjusted prevalence,AgeAdjPrv,13.7,11.9,15.5,51645,38699,,
2022,TX,Texas,Cherokee,48073,DIABETES,Diagnosed diabetes among adults,Crude prevalence,CrdPrv,15.7,13.8,17.7,51645,38699,,
2022,TX,Texas,Childress,48075,DIABETES,Diagnosed diabetes among adults,Age-adjusted prevalence,AgeAdjPrv,13.6,11.9,15.5,6809,5480,,
2022,TX,Texas,Childress,48075,DIABETES,Diagnosed diabetes among adults,Crude prevalence,CrdPrv,13.3,11.7,15.2,6809,5480,,
2022,TX,Texas,Clay,48077,DIABETES,Diagnosed diabetes among adults,Age-adjusted prevalence,AgeAdjPrv,10.2,8.8,11.7,10486,8388,,
2022,TX,Texas,Clay,48077,DIABETES,Diagnosed diabetes among adults,Crude prevalence,CrdPrv,13.8,12.0,15.8,10486,8388,,
2022,TX,Texas,Cochran,48079,DIABETES,Diagnosed diabetes among adults,Age-adjusted prevalence,AgeAdjPrv,17.6,15.4,19.7,2526,1856,,
2022,TX,Texas,Cochran,48079,DIABETES,Diagnosed diabetes among adults,Crude prevalence,CrdPrv,19.2,16.9,21.4,2526,1856,,
2022,TX,Texas,Coke,48081,DIABETES,Diagnosed diabetes among adults,Age-adjusted prevalence,AgeAdjPrv,13.2,11.5,15.0,3333,2642,,
2022,TX,Texas,Coke,48081,DIABETES,Diagnosed diabetes among adults,Crude prevalence,CrdPrv,17.8,15.5,20.1,3333,2642,,
2022,TX,Texas,Coleman,48083,DIABETES,Diagnosed diabetes among adults,Age-adjusted prevalence,AgeAdjPrv,12.1,10.6,13.7,7850,6234,,
2022,TX,Texas,Coleman,48083,DIABETES,Diagnosed diabetes among adults,Crude prevalence,CrdPrv,16.6,14.6,18.7,7850,6234,,
2022,TX,Texas,Collin,48085,DIABETES,Diagnosed diabetes among adults,Age-adjusted prevalence,AgeAdjPrv,9.6,8.4,10.7,1158696,874995,,
2022,TX,Texas,Collin,48085,DIABETES,Diagnosed diabetes among adults,Crude prevalence,CrdPrv,9.9,8.7,11.1,1158696,874995,,
2022,TX,Texas,Collingsworth,48087,DIABETES,Diagnosed diabetes among adults,Age-adjusted prevalence,AgeAdjPrv,13.6,11.9,15.6,2568,1884,,
2022,TX,Texas,Collingsworth,48087,DIABETES,Diagnosed diabetes among adults,Crude prevalence,CrdPrv,16.5,14.5,18.8,2568,1884,,
2022,TX,Texas,Colorado,48089,DIABETES,Diagnosed diabetes among adults,Age-adjusted prevalence,AgeAdjPrv,12.5,10.9,14.3,20754,15888,,
2022,TX,Texas,Colorado,48089,DIABETES,Diagnosed diabetes among adults,Crude prevalence,CrdPrv,15.8,13.8,18.0,20754,15888,,
2022,TX,Texas,Comal,48091,DIABETES,Diagnosed diabetes among adults,Age-adjusted prevalence,AgeAdjPrv,9.9,8.6,11.3,184642,143958,,
2022,TX,Texas,Comal,48091,DIABETES,Diagnosed diabetes among adults,Crude prevalence,CrdPrv,12.0,10.5,13.7,184642,143958,,
2022,TX,Texas,Comanche,48093,DIABETES,Diagnosed diabetes among adults,Age-adjusted prevalence,AgeAdjPrv,12.5,10.8,14.2,13878,10767,,
2022,TX,Texas,Comanche,48093,DIABETES,Diagnosed diabetes among adults,Crude prevalence,CrdPrv,16.4,14.3,18.6,13878,10767,,
2022,TX,Texas,Concho,48095,DIABETES,Diagnosed diabetes among adults,Age-adjusted prevalence,AgeAdjPrv,14.7,13.6,15.8,3340,2727,,
2022,TX,Texas,Concho,48095,DIABETES,Diagnosed diabetes among adults,Crude prevalence,CrdPrv,19.1,17.7,20.5,3340,2727,,
2022,TX,Texas,Cooke,48097,DIABETES,Diagnosed diabetes among adults,Age-adjusted prevalence,AgeAdjPrv,11.2,9.6,12.9,43050,33328,,
2022,TX,Texas,Cooke,48097,DIABETES,Diagnosed diabetes among adults,Crude prevalence,CrdPrv,13.6,11.8,15.6,43050,33328,,
2022,TX,Texas,Coryell,48099,DIABETES,Diagnosed diabetes among adults,Age-adjusted prevalence,AgeAdjPrv,12.7,11.2,14.5,85057,66230,,
2022,TX,Texas,Coryell,48099,DIABETES,Diagnosed diabetes among adults,Crude prevalence,CrdPrv,11.2,9.9,12.9,85057,66230,,
2022,TX,Texas,Cottle,48101,DIABETES,Diagnosed diabetes among adults,Age-adjusted prevalence,AgeAdjPrv,14.9,12.9,17.1,1307,1059,,
2022,TX,Texas,Cottle,48101,DIABETES,Diagnosed diabetes among adults,Crude prevalence,CrdPrv,19.6,17.0,22.3,1307,1059,,
2022,TX,Texas,Crane,48103,DIABETES,Diagnosed diabetes among adults,Age-adjusted prevalence,AgeAdjPrv,14.7,13.7,15.9,4546,3249,,
2022,TX,Texas,Crane,48103,DIABETES,Diagnosed diabetes among adults,Crude prevalence,CrdPrv,15.3,14.2,16.6,4546,3249,,
2022,TX,Texas,Crockett,48105,DIABETES,Diagnosed diabetes among adults,Age-adjusted prevalence,AgeAdjPrv,14.1,12.2,16.0,2943,2173,,
2022,TX,Texas,Crockett,48105,DIABETES,Diagnosed diabetes among adults,Crude prevalence,CrdPrv,17.2,15.0,19.4,2943,2173,,
2022,TX,Texas,Crosby,48107,DIABETES,Diagnosed diabetes among adults,Age-adjusted prevalence,AgeAdjPrv,15.3,13.5,17.3,4998,3695,,
2022,TX,Texas,Crosby,48107,DIABETES,Diagnosed diabetes among adults,Crude prevalence,CrdPrv,17.6,15.5,19.9,4998,3695,,
2022,TX,Texas,Culberson,48109,DIABETES,Diagnosed diabetes among adults,Age-adjusted prevalence,AgeAdjPrv,16.5,15.4,17.6,2155,1663,,
2022,TX,Texas,Culberson,48109,DIABETES,Diagnosed diabetes among adults,Crude prevalence,CrdPrv,20.3,19.0,21.6,2155,1663,,
2022,TX,Texas,Dallam,48111,DIABETES,Diagnosed diabetes among adults,Age-adjusted prevalence,AgeAdjPrv,14.5,12.6,16.5,7241,4787,,
2022,TX,Texas,Dallam,48111,DIABETES,Diagnosed diabetes among adults,Crude prevalence,CrdPrv,14.7,12.9,16.7,7241,4787,,
2022,TX,Texas,Dallas,48113,DIABETES,Diagnosed diabetes among adults,Age-adjusted prevalence,AgeAdjPrv,13.2,11.7,14.7,2600840,1952518,,
2022,TX,Texas,Dallas,48113,DIABETES,Diagnosed diabetes among adults,Crude prevalence,CrdPrv,12.9,11.5,14.4,2600840,1952518,,
2022,TX,Texas,Dawson,48115,DIABETES,Diagnosed diabetes among adults,Age-adjusted prevalence,AgeAdjPrv,16.3,14.2,18.4,12130,9043,,
2022,TX,Texas,Dawson,48115,DIABETES,Diagnosed diabetes among adults,Crude prevalence,CrdPrv,16.3,14.2,18.3,12130,9043,,
2022,TX,Texas,Deaf Smith,48117,DIABETES,Diagnosed diabetes among adults,Age-adjusted prevalence,AgeAdjPrv,17.4,15.3,19.8,18377,12686,,
2022,TX,Texas,Deaf Smith,48117,DIABETES,Diagnosed diabetes among adults,Crude prevalence,CrdPrv,17.6,15.5,20.0,18377,12686,,
2022,TX,Texas,Delta,48119,DIABETES,Diagnosed diabetes among adults,Age-adjusted prevalence,AgeAdjPrv,11.3,9.8,12.9,5406,4108,,
2022,TX,Texas,Delta,48119,DIABETES,Diagnosed diabetes among adults,Crude prevalence,CrdPrv,14.1,12.3,16.0,5406,4108,,
2022,TX,Texas,Denton,48121,DIABETES,Diagnosed diabetes among adults,Age-adjusted prevalence,AgeAdjPrv,10.1,8.8,11.4,977281,750946,,
2022,TX,Texas,Denton,48121,DIABETES,Diagnosed diabetes among adults,Crude prevalence,CrdPrv,10.3,9.0,11.7,977281,750946,,
2022,TX,Texas,DeWitt,48123,DIABETES,Diagnosed diabetes among adults,Age-adjusted prevalence,AgeAdjPrv,13.6,11.9,15.4,19772,15245,,
2022,TX,Texas,DeWitt,48123,DIABETES,Diagnosed diabetes among adults,Crude prevalence,CrdPrv,16.4,14.4,18.5,19772,15245,,
2022,TX,Texas,Dickens,48125,DIABETES,Diagnosed diabetes among adults,Age-adjusted prevalence,AgeAdjPrv,12.5,10.8,14.2,1726,1404,,
2022,TX,Texas,Dickens,48125,DIABETES,Diagnosed diabetes among adults,Crude prevalence,CrdPrv,16.8,14.7,19.0,1726,1404,,
2022,TX,Texas,Dimmit,48127,DIABETES,Diagnosed diabetes among adults,Age-adjusted prevalence,AgeAdjPrv,21.5,19.0,24.0,8387,6002,,
2022,TX,Texas,Dimmit,48127,DIABETES,Diagnosed diabetes among adults,Crude prevalence,CrdPrv,23.7,21.0,26.3,8387,6002,,
2022,TX,Texas,Donley,48129,DIABETES,Diagnosed diabetes among adults,Age-adjusted prevalence,AgeAdjPrv,12.0,10.4,13.7,3339,2657,,
2022,TX,Texas,Donley,48129,DIABETES,Diagnosed diabetes among adults,Crude prevalence,CrdPrv,15.0,13.1,17.1,3339,2657,,
2022,TX,Texas,Duval,48131,DIABETES,Diagnosed diabetes among adults,Age-adjusted prevalence,AgeAdjPrv,17.5,15.2,19.8,9888,7411,,
2022,TX,Texas,Duval,48131,DIABETES,Diagnosed diabetes among adults,Crude prevalence,CrdPrv,18.6,16.2,21.0,9888,7411,,
2022,TX,Texas,Eastland,48133,DIABETES,Diagnosed diabetes among adults,Age-adjusted prevalence,AgeAdjPrv,11.8,10.2,13.5,17944,14135,,
2022,TX,Texas,Eastland,48133,DIABETES,Diagnosed diabetes among adults,Crude prevalence,CrdPrv,14.7,12.7,16.7,17944,14135,,
2022,TX,Texas,Ector,48135,DIABETES,Diagnosed diabetes among adults,Age-adjusted prevalence,AgeAdjPrv,14.4,12.5,16.3,160869,111959,,
2022,TX,Texas,Ector,48135,DIABETES,Diagnosed diabetes among adults,Crude prevalence,CrdPrv,13.4,11.7,15.2,160869,111959,,
2022,TX,Texas,Edwards,48137,DIABETES,Diagnosed diabetes among adults,Age-adjusted prevalence,AgeAdjPrv,16.5,14.5,18.7,1422,1116,,
2022,TX,Texas,Edwards,48137,DIABETES,Diagnosed diabetes among adults,Crude prevalence,CrdPrv,22.8,20.3,25.7,1422,1116,,
2022,TX,Texas,Ellis,48139,DIABETES,Diagnosed diabetes among adults,Age-adjusted prevalence,AgeAdjPrv,11.3,9.8,12.9,212182,156732,,
2022,TX,Texas,Ellis,48139,DIABETES,Diagnosed diabetes among adults,Crude prevalence,CrdPrv,11.9,10.4,13.6,212182,156732,,
2022,TX,Texas,El Paso,48141,DIABETES,Diagnosed diabetes among adults,Age-adjusted prevalence,AgeAdjPrv,16.0,14.2,17.9,868763,643886,,
2022,TX,Texas,El Paso,48141,DIABETES,Diagnosed diabetes among adults,Crude prevalence,CrdPrv,15.8,14.0,17.7,868763,643886,,
2022,TX,Texas,Erath,48143,DIABETES,Diagnosed diabetes among adults,Age-adjusted prevalence,AgeAdjPrv,12.1,10.6,13.8,43895,34927,,
2022,TX,Texas,Erath,48143,DIABETES,Diagnosed diabetes among adults,Crude prevalence,CrdPrv,11.8,10.3,13.4,43895,34927,,
2022,TX,Texas,Falls,48145,DIABETES,Diagnosed diabetes among adults,Age-adjusted prevalence,AgeAdjPrv,14.7,12.8,16.6,17049,13437,,
2022,TX,Texas,Falls,48145,DIABETES,Diagnosed diabetes among adults,Crude prevalence,CrdPrv,16.8,14.7,18.9,17049,13437,,
2022,TX,Texas,Fannin,48147,DIABETES,Diagnosed diabetes among adults,Age-adjusted prevalence,AgeAdjPrv,11.7,10.1,13.4,37125,29244,,
2022,TX,Texas,Fannin,48147,DIABETES,Diagnosed diabetes among adults,Crude prevalence,CrdPrv,13.6,11.8,15.6,37125,29244,,
2022,TX,Texas,Fayette,48149,DIABETES,Diagnosed diabetes among adults,Age-adjusted prevalence,AgeAdjPrv,10.9,9.5,12.5,24913,19959,,
2022,TX,Texas,Fayette,48149,DIABETES,Diagnosed diabetes among adults,Crude prevalence,CrdPrv,14.6,12.8,16.6,24913,19959,,
2022,TX,Texas,Fisher,48151,DIABETES,Diagnosed diabetes among adults,Age-adjusted prevalence,AgeAdjPrv,12.4,11.5,13.3,3622,2823,,
2022,TX,Texas,Fisher,48151,DIABETES,Diagnosed diabetes among adults,Crude prevalence,CrdPrv,16.7,15.5,17.9,3622,2823,,
2022,TX,Texas,Floyd,48153,DIABETES,Diagnosed diabetes among adults,Age-adjusted prevalence,AgeAdjPrv,16.2,14.4,18.0,5235,3869,,
2022,TX,Texas,Floyd,48153,DIABETES,Diagnosed diabetes among adults,Crude prevalence,CrdPrv,18.9,16.9,20.9,5235,3869,,
2022,TX,Texas,Foard,48155,DIABETES,Diagnosed diabetes among adults,Age-adjusted prevalence,AgeAdjPrv,14.0,12.9,15.0,1057,839,,
2022,TX,Texas,Foard,48155,DIABETES,Diagnosed diabetes among adults,Crude prevalence,CrdPrv,18.6,17.2,20.0,1057,839,,
2022,TX,Texas,Fort Bend,48157,DIABETES,Diagnosed diabetes among adults,Age-adjusted prevalence,AgeAdjPrv,11.8,10.2,13.4,889146,653607,,
2022,TX,Texas,Fort Bend,48157,DIABETES,Diagnosed diabetes among adults,Crude prevalence,CrdPrv,12.6,11.0,14.4,889146,653607,,
2022,TX,Texas,Franklin,48159,DIABETES,Diagnosed diabetes among adults,Age-adjusted prevalence,AgeAdjPrv,9.8,8.5,11.3,10618,8264,,
2022,TX,Texas,Franklin,48159,DIABETES,Diagnosed diabetes among adults,Crude prevalence,CrdPrv,12.6,10.8,14.3,10618,8264,,
2022,TX,Texas,Freestone,48161,DIABETES,Diagnosed diabetes among adults,Age-adjusted prevalence,AgeAdjPrv,13.1,11.4,14.9,19950,15550,,
2022,TX,Texas,Freestone,48161,DIABETES,Diagnosed diabetes among adults,Crude prevalence,CrdPrv,15.8,13.8,17.9,19950,15550,,
2022,TX,Texas,Frio,48163,DIABETES,Diagnosed diabetes among adults,Age-adjusted prevalence,AgeAdjPrv,17.3,15.2,19.5,17815,13561,,
2022,TX,Texas,Frio,48163,DIABETES,Diagnosed diabetes among adults,Crude prevalence,CrdPrv,16.2,14.3,18.3,17815,13561,,
2022,TX,Texas,Gaines,48165,DIABETES,Diagnosed diabetes among adults,Age-adjusted prevalence,AgeAdjPrv,13.7,12.0,15.5,22181,14212,,
2022,TX,Texas,Gaines,48165,DIABETES,Diagnosed diabetes among adults,Crude prevalence,CrdPrv,13.1,11.4,14.8,22181,14212,,
2022,TX,Texas,Galveston,48167,DIABETES,Diagnosed diabetes among adults,Age-adjusted prevalence,AgeAdjPrv,11.6,10.3,13.1,357117,273457,,
2022,TX,Texas,Galveston,48167,DIABETES,Diagnosed diabetes among adults,Crude prevalence,CrdPrv,13.1,11.7,14.7,357117,273457,,
2022,TX,Texas,Garza,48169,DIABETES,Diagnosed diabetes among adults,Age-adjusted prevalence,AgeAdjPrv,15.4,13.5,17.4,6262,5369,,
2022,TX,Texas,Garza,48169,DIABETES,Diagnosed diabetes among adults,Crude prevalence,CrdPrv,13.8,12.0,15.5,6262,5369,,
2022,TX,Texas,Gillespie,48171,DIABETES,Diagnosed diabetes among adults,Age-adjusted prevalence,AgeAdjPrv,10.5,8.9,11.9,27477,22155,,
2022,TX,Texas,Gillespie,48171,DIABETES,Diagnosed diabetes among adults,Crude prevalence,CrdPrv,14.6,12.5,16.6,27477,22155,,
2022,TX,Texas,Glasscock,48173,DIABETES,Diagnosed diabetes among adults,Age-adjusted prevalence,AgeAdjPrv,11.0,9.5,12.5,1164,870,,
2022,TX,Texas,Glasscock,48173,DIABETES,Diagnosed diabetes among adults,Crude prevalence,CrdPrv,11.9,10.3,13.5,1164,870,,
2022,TX,Texas,Goliad,48175,DIABETES,Diagnosed diabetes among adults,Age-adjusted prevalence,AgeAdjPrv,12.8,11.1,14.6,7131,5683,,
2022,TX,Texas,Goliad,48175,DIABETES,Diagnosed diabetes among adults,Crude prevalence,CrdPrv,17.0,14.9,19.3,7131,5683,,
2022,TX,Texas,Gonzales,48177,DIABETES,Diagnosed diabetes among adults,Age-adjusted prevalence,AgeAdjPrv,14.0,12.3,15.9,19832,14582,,
2022,TX,Texas,Gonzales,48177,DIABETES,Diagnosed diabetes among adults,Crude prevalence,CrdPrv,16.2,14.3,18.3,19832,14582,,
2022,TX,Texas,Gray,48179,DIABETES,Diagnosed diabetes among adults,Age-adjusted prevalence,AgeAdjPrv,13.5,11.7,15.4,21015,15757,,
2022,TX,Texas,Gray,48179,DIABETES,Diagnosed diabetes among adults,Crude prevalence,CrdPrv,15.1,13.1,17.1,21015,15757,,
2022,TX,Texas,Grayson,48181,DIABETES,Diagnosed diabetes among adults,Age-adjusted prevalence,AgeAdjPrv,11.8,10.3,13.4,143131,109251,,
2022,TX,Texas,Grayson,48181,DIABETES,Diagnosed diabetes among adults,Crude prevalence,CrdPrv,13.9,12.2,15.8,143131,109251,,
2022,TX,Texas,Gregg,48183,DIABETES,Diagnosed diabetes among adults,Age-adjusted prevalence,AgeAdjPrv,13.1,11.4,14.9,125443,93367,,
2022,TX,Texas,Gregg,48183,DIABETES,Diagnosed diabetes among adults,Crude prevalence,CrdPrv,14.4,12.6,16.2,125443,93367,,
2022,TX,Texas,Grimes,48185,DIABETES,Diagnosed diabetes among adults,Age-adjusted prevalence,AgeAdjPrv,13.4,11.3,15.6,30754,23833,,
2022,TX,Texas,Grimes,48185,DIABETES,Diagnosed diabetes among adults,Crude prevalence,CrdPrv,15.6,13.3,18.0,30754,23833,,
2022,TX,Texas,Guadalupe,48187,DIABETES,Diagnosed diabetes among adults,Age-adjusted prevalence,AgeAdjPrv,12.1,10.7,13.8,182760,139105,,
2022,TX,Texas,Guadalupe,48187,DIABETES,Diagnosed diabetes among adults,Crude prevalence,CrdPrv,13.2,11.6,14.9,182760,139105,,
2022,TX,Texas,Hale,48189,DIABETES,Diagnosed diabetes among adults,Age-adjusted prevalence,AgeAdjPrv,15.5,13.7,17.6,31827,23426,,
2022,TX,Texas,Hale,48189,DIABETES,Diagnosed diabetes among adults,Crude prevalence,CrdPrv,16.1,14.2,18.2,31827,23426,,
2022,TX,Texas,Hall,48191,DIABETES,Diagnosed diabetes among adults,Age-adjusted prevalence,AgeAdjPrv,14.0,13.0,15.0,2810,2205,,
2022,TX,Texas,Hall,48191,DIABETES,Diagnosed diabetes among adults,Crude prevalence,CrdPrv,18.1,16.7,19.4,2810,2205,,
2022,TX,Texas,Hamilton,48193,DIABETES,Diagnosed diabetes among adults,Age-adjusted prevalence,AgeAdjPrv,11.9,10.4,13.5,8298,6565,,
2022,TX,Texas,Hamilton,48193,DIABETES,Diagnosed diabetes among adults,Crude prevalence,CrdPrv,15.8,13.9,18.0,8298,6565,,
2022,TX,Texas,Hansford,48195,DIABETES,Diagnosed diabetes among adults,Age-adjusted prevalence,AgeAdjPrv,12.3,11.4,13.2,5151,3678,,
2022,TX,Texas,Hansford,48195,DIABETES,Diagnosed diabetes among adults,Crude prevalence,CrdPrv,13.7,12.7,14.7,5151,3678,,
2022,TX,Texas,Hardeman,48197,DIABETES,Diagnosed diabetes among adults,Age-adjusted prevalence,AgeAdjPrv,12.2,10.6,13.9,3516,2738,,
2022,TX,Texas,Hardeman,48197,DIABETES,Diagnosed diabetes among adults,Crude prevalence,CrdPrv,15.3,13.4,17.4,3516,2738,,
2022,TX,Texas,Hardin,48199,DIABETES,Diagnosed diabetes among adults,Age-adjusted prevalence,AgeAdjPrv,11.1,9.7,12.6,57811,43573,,
2022,TX,Texas,Hardin,48199,DIABETES,Diagnosed diabetes among adults,Crude prevalence,CrdPrv,13.1,11.4,14.8,57811,43573,,
2022,TX,Texas,Harris,48201,DIABETES,Diagnosed diabetes among adults,Age-adjusted prevalence,AgeAdjPrv,14.5,12.9,16.1,4780913,3550425,,
2022,TX,Texas,Harris,48201,DIABETES,Diagnosed diabetes among adults,Crude prevalence,CrdPrv,14.3,12.7,15.9,4780913,3550425,,
2022,TX,Texas,Harrison,48203,DIABETES,Diagnosed diabetes among adults,Age-adjusted prevalence,AgeAdjPrv,12.7,11.0,14.5,69955,53364,,
2022,TX,Texas,Harrison,48203,DIABETES,Diagnosed diabetes among adults,Crude prevalence,CrdPrv,14.7,12.8,16.7,69955,53364,,
2022,TX,Texas,Hartley,48205,DIABETES,Diagnosed diabetes among adults,Age-adjusted prevalence,AgeAdjPrv,11.1,10.3,11.9,5208,4088,,
2022,TX,Texas,Hartley,48205,DIABETES,Diagnosed diabetes among adults,Crude prevalence,CrdPrv,12.3,11.4,13.2,5208,4088,,
2022,TX,Texas,Haskell,48207,DIABETES,Diagnosed diabetes among adults,Age-adjusted prevalence,AgeAdjPrv,13.2,11.4,14.9,5403,4451,,
2022,TX,Texas,Haskell,48207,DIABETES,Diagnosed diabetes among adults,Crude prevalence,CrdPrv,15.7,13.7,17.7,5403,4451,,
2022,TX,Texas,Hays,48209,DIABETES,Diagnosed diabetes among adults,Age-adjusted prevalence,AgeAdjPrv,11.7,10.1,13.3,269225,209190,,
2022,TX,Texas,Hays,48209,DIABETES,Diagnosed diabetes among adults,Crude prevalence,CrdPrv,10.9,9.5,12.4,269225,209190,,
2022,TX,Texas,Hemphill,48211,DIABETES,Diagnosed diabetes among adults,Age-adjusted prevalence,AgeAdjPrv,11.3,9.8,13.0,3217,2330,,
2022,TX,Texas,Hemphill,48211,DIABETES,Diagnosed diabetes among adults,Crude prevalence,CrdPrv,13.2,11.4,15.0,3217,2330,,
2022,TX,Texas,Henderson,48213,DIABETES,Diagnosed diabetes among adults,Age-adjusted prevalence,AgeAdjPrv,11.8,10.3,13.5,84511,66536,,
2022,TX,Texas,Henderson,48213,DIABETES,Diagnosed diabetes among adults,Crude prevalence,CrdPrv,15.4,13.5,17.5,84511,66536,,
2022,TX,Texas,Hidalgo,48215,DIABETES,Diagnosed diabetes among adults,Age-adjusted prevalence,AgeAdjPrv,19.2,17.3,21.2,888367,614711,,
2022,TX,Texas,Hidalgo,48215,DIABETES,Diagnosed diabetes among adults,Crude prevalence,CrdPrv,18.5,16.7,20.5,888367,614711,,
2022,TX,Texas,Hill,48217,DIABETES,Diagnosed diabetes among adults,Age-adjusted prevalence,AgeAdjPrv,12.6,11.0,14.3,37329,28804,,
2022,TX,Texas,Hill,48217,DIABETES,Diagnosed diabetes among adults,Crude prevalence,CrdPrv,15.7,13.7,17.6,37329,28804,,
2022,TX,Texas,Hockley,48219,DIABETES,Diagnosed diabetes among adults,Age-adjusted prevalence,AgeAdjPrv,14.0,12.2,15.9,21161,15545,,
2022,TX,Texas,Hockley,48219,DIABETES,Diagnosed diabetes among adults,Crude prevalence,CrdPrv,15.4,13.5,17.4,21161,15545,,
2022,TX,Texas,Hood,48221,DIABETES,Diagnosed diabetes among adults,Age-adjusted prevalence,AgeAdjPrv,9.3,8.0,10.6,66373,52905,,
2022,TX,Texas,Hood,48221,DIABETES,Diagnosed diabetes among adults,Crude prevalence,CrdPrv,12.7,11.1,14.4,66373,52905,,
2022,TX,Texas,Hopkins,48223,DIABETES,Diagnosed diabetes among adults,Age-adjusted prevalence,AgeAdjPrv,11.8,10.1,13.6,37804,28751,,
2022,TX,Texas,Hopkins,48223,DIABETES,Diagnosed diabetes among adults,Crude prevalence,CrdPrv,13.8,11.8,15.9,37804,28751,,
2022,TX,Texas,Houston,48225,DIABETES,Diagnosed diabetes among adults,Age-adjusted prevalence,AgeAdjPrv,14.0,12.3,15.9,21950,17601,,
2022,TX,Texas,Houston,48225,DIABETES,Diagnosed diabetes among adults,Crude prevalence,CrdPrv,17.5,15.4,19.8,21950,17601,,
2022,TX,Texas,Howard,48227,DIABETES,Diagnosed diabetes among adults,Age-adjusted prevalence,AgeAdjPrv,13.8,12.0,15.6,33672,26543,,
2022,TX,Texas,Howard,48227,DIABETES,Diagnosed diabetes among adults,Crude prevalence,CrdPrv,14.1,12.3,16.0,33672,26543,,
2022,TX,Texas,Hudspeth,48229,DIABETES,Diagnosed diabetes among adults,Age-adjusted prevalence,AgeAdjPrv,20.0,17.8,22.3,3432,2907,,
2022,TX,Texas,Hudspeth,48229,DIABETES,Diagnosed diabetes among adults,Crude prevalence,CrdPrv,16.5,14.6,18.4,3432,2907,,
2022,TX,Texas,Hunt,48231,DIABETES,Diagnosed diabetes among adults,Age-adjusted prevalence,AgeAdjPrv,11.9,10.4,13.5,108282,82304,,
2022,TX,Texas,Hunt,48231,DIABETES,Diagnosed diabetes among adults,Crude prevalence,CrdPrv,13.1,11.4,14.8,108282,82304,,
2022,TX,Texas,Hutchinson,48233,DIABETES,Diagnosed diabetes among adults,Age-adjusted prevalence,AgeAdjPrv,11.8,10.2,13.5,20215,15243,,
2022,TX,Texas,Hutchinson,48233,DIABETES,Diagnosed diabetes among adults,Crude prevalence,CrdPrv,13.7,11.9,15.7,20215,15243,,
2022,TX,Texas,Irion,48235,DIABETES,Diagnosed diabetes among adults,Age-adjusted prevalence,AgeAdjPrv,11.2,10.3,12.2,1530,1180,,
2022,TX,Texas,Irion,48235,DIABETES,Diagnosed diabetes among adults,Crude prevalence,CrdPrv,14.4,13.2,15.6,1530,1180,,
2022,TX,Texas,Jack,48237,DIABETES,Diagnosed diabetes among adults,Age-adjusted prevalence,AgeAdjPrv,12.2,10.6,13.9,8922,7003,,
2022,TX,Texas,Jack,48237,DIABETES,Diagnosed diabetes among adults,Crude prevalence,CrdPrv,13.4,11.7,15.3,8922,7003,,
2022,TX,Texas,Jackson,48239,DIABETES,Diagnosed diabetes among adults,Age-adjusted prevalence,AgeAdjPrv,13.4,11.8,15.3,15142,11301,,
2022,TX,Texas,Jackson,48239,DIABETES,Diagnosed diabetes among adults,Crude prevalence,CrdPrv,16.2,14.2,18.4,15142,11301,,
2022,TX,Texas,Jasper,48241,DIABETES,Diagnosed diabetes among adults,Age-adjusted prevalence,AgeAdjPrv,13.3,11.5,15.1,32484,24946,,
2022,TX,Texas,Jasper,48241,DIABETES,Diagnosed diabetes among adults,Crude prevalence,CrdPrv,16.6,14.5,18.8,32484,24946,,
2022,TX,Texas,Jeff Davis,48243,DIABETES,Diagnosed diabetes among adults,Age-adjusted prevalence,AgeAdjPrv,13.7,11.8,15.6,1903,1809,,
2022,TX,Texas,Jeff Davis,48243,DIABETES,Diagnosed diabetes among adults,Crude prevalence,CrdPrv,21.1,18.4,23.9,1903,1809,,
2022,TX,Texas,Jefferson,48245,DIABETES,Diagnosed diabetes among adults,Age-adjusted prevalence,AgeAdjPrv,15.5,13.8,17.2,250830,189733,,
2022,TX,Texas,Jefferson,48245,DIABETES,Diagnosed diabetes among adults,Crude prevalence,CrdPrv,16.9,15.0,18.7,250830,189733,,
2022,TX,Texas,Jim Hogg,48247,DIABETES,Diagnosed diabetes among adults,Age-adjusted prevalence,AgeAdjPrv,19.3,17.9,20.7,4763,3389,,
2022,TX,Texas,Jim Hogg,48247,DIABETES,Diagnosed diabetes among adults,Crude prevalence,CrdPrv,21.8,20.2,23.3,4763,3389,,
2022,TX,Texas,Jim Wells,48249,DIABETES,Diagnosed diabetes among adults,Age-adjusted prevalence,AgeAdjPrv,16.6,14.6,18.8,38826,28308,,
2022,TX,Texas,Jim Wells,48249,DIABETES,Diagnosed diabetes among adults,Crude prevalence,CrdPrv,18.2,16.1,20.6,38826,28308,,
2022,TX,Texas,Johnson,48251,DIABETES,Diagnosed diabetes among adults,Age-adjusted prevalence,AgeAdjPrv,12.1,10.6,13.6,195506,145607,,
2022,TX,Texas,Johnson,48251,DIABETES,Diagnosed diabetes among adults,Crude prevalence,CrdPrv,13.0,11.4,14.6,195506,145607,,
2022,TX,Texas,Jones,48253,DIABETES,Diagnosed diabetes among adults,Age-adjusted prevalence,AgeAdjPrv,14.3,12.4,16.2,19935,16535,,
2022,TX,Texas,Jones,48253,DIABETES,Diagnosed diabetes among adults,Crude prevalence,CrdPrv,14.7,12.7,16.6,19935,16535,,
2022,TX,Texas,Karnes,48255,DIABETES,Diagnosed diabetes among adults,Age-adjusted prevalence,AgeAdjPrv,15.0,13.2,17.1,14836,11790,,
2022,TX,Texas,Karnes,48255,DIABETES,Diagnosed diabetes among adults,Crude prevalence,CrdPrv,14.6,12.8,16.6,14836,11790,,
2022,TX,Texas,Kaufman,48257,DIABETES,Diagnosed diabetes among adults,Age-adjusted prevalence,AgeAdjPrv,12.4,10.8,14.1,172366,123367,,
2022,TX,Texas,Kaufman,48257,DIABETES,Diagnosed diabetes among adults,Crude prevalence,CrdPrv,12.2,10.7,13.9,172366,123367,,
2022,TX,Texas,Kendall,48259,DIABETES,Diagnosed diabetes among adults,Age-adjusted prevalence,AgeAdjPrv,9.5,8.1,11.1,48973,38118,,
2022,TX,Texas,Kendall,48259,DIABETES,Diagnosed diabetes among adults,Crude prevalence,CrdPrv,11.8,10.1,13.8,48973,38118,,
2022,TX,Texas,Kenedy,48261,DIABETES,Diagnosed diabetes among adults,Age-adjusted prevalence,AgeAdjPrv,21.2,19.6,23.0,358,297,,
2022,TX,Texas,Kenedy,48261,DIABETES,Diagnosed diabetes among adults,Crude prevalence,CrdPrv,26.0,24.1,28.1,358,297,,
2022,TX,Texas,Kent,48263,DIABETES,Diagnosed diabetes among adults,Age-adjusted prevalence,AgeAdjPrv,10.7,9.3,12.3,740,567,,
2022,TX,Texas,Kent,48263,DIABETES,Diagnosed diabetes among adults,Crude prevalence,CrdPrv,14.4,12.5,16.5,740,567,,
2022,TX,Texas,Kerr,48265,DIABETES,Diagnosed diabetes among adults,Age-adjusted prevalence,AgeAdjPrv,12.0,10.5,13.6,53741,43680,,
2022,TX,Texas,Kerr,48265,DIABETES,Diagnosed diabetes among adults,Crude prevalence,CrdPrv,16.2,14.3,18.4,53741,43680,,
2022,TX,Texas,Kimble,48267,DIABETES,Diagnosed diabetes among adults,Age-adjusted prevalence,AgeAdjPrv,12.5,10.8,14.2,4422,3595,,
2022,TX,Texas,Kimble,48267,DIABETES,Diagnosed diabetes among adults,Crude prevalence,CrdPrv,17.4,15.2,19.7,4422,3595,,
2022,TX,Texas,King,48269,DIABETES,Diagnosed diabetes among adults,Age-adjusted prevalence,AgeAdjPrv,14.7,13.6,15.8,233,171,,
2022,TX,Texas,King,48269,DIABETES,Diagnosed diabetes among adults,Crude prevalence,CrdPrv,19.0,17.6,20.5,233,171,,
2022,TX,Texas,Kinney,48271,DIABETES,Diagnosed diabetes among adults,Age-adjusted prevalence,AgeAdjPrv,15.5,13.4,17.3,3128,2570,,
2022,TX,Texas,Kinney,48271,DIABETES,Diagnosed diabetes among adults,Crude prevalence,CrdPrv,18.2,15.9,20.4,3128,2570,,
2022,TX,Texas,Kleberg,48273,DIABETES,Diagnosed diabetes among adults,Age-adjusted prevalence,AgeAdjPrv,16.2,14.2,18.2,30362,23184,,
2022,TX,Texas,Kleberg,48273,DIABETES,Diagnosed diabetes among adults,Crude prevalence,CrdPrv,14.6,12.8,16.4,30362,23184,,
2022,TX,Texas,Knox,48275,DIABETES,Diagnosed diabetes among adults,Age-adjusted prevalence,AgeAdjPrv,13.4,12.2,14.8,3273,2397,,
2022,TX,Texas,Knox,48275,DIABETES,Diagnosed diabetes among adults,Crude prevalence,CrdPrv,16.6,15.1,18.2,3273,2397,,
2022,TX,Texas,Lamar,48277,DIABETES,Diagnosed diabetes among adults,Age-adjusted prevalence,AgeAdjPrv,12.4,10.7,13.9,50484,38408,,
2022,TX,Texas,Lamar,48277,DIABETES,Diagnosed diabetes among adults,Crude prevalence,CrdPrv,14.8,12.8,16.6,50484,38408,,
2022,TX,Texas,Lamb,48279,DIABETES,Diagnosed diabetes among adults,Age-adjusted prevalence,AgeAdjPrv,15.5,13.6,17.5,12724,9267,,
2022,TX,Texas,Lamb,48279,DIABETES,Diagnosed diabetes among adults,Crude prevalence,CrdPrv,17.5,15.5,19.8,12724,9267,,
2022,TX,Texas,Lampasas,48281,DIABETES,Diagnosed diabetes among adults,Age-adjusted prevalence,AgeAdjPrv,12.0,10.4,13.6,22785,17957,,
2022,TX,Texas,Lampasas,48281,DIABETES,Diagnosed diabetes among adults,Crude prevalence,CrdPrv,15.2,13.3,17.3,22785,17957,,
2022,TX,Texas,La Salle,48283,DIABETES,Diagnosed diabetes among adults,Age-adjusted prevalence,AgeAdjPrv,18.2,17.0,19.3,6604,5335,,
2022,TX,Texas,La Salle,48283,DIABETES,Diagnosed diabetes among adults,Crude prevalence,CrdPrv,16.5,15.5,17.6,6604,5335,,
2022,TX,Texas,Lavaca,48285,DIABETES,Diagnosed diabetes among adults,Age-adjusted prevalence,AgeAdjPrv,11.7,10.2,13.4,20589,15747,,
2022,TX,Texas,Lavaca,48285,DIABETES,Diagnosed diabetes among adults,Crude prevalence,CrdPrv,15.1,13.1,17.1,20589,15747,,
2022,TX,Texas,Lee,48287,DIABETES,Diagnosed diabetes among adults,Age-adjusted prevalence,AgeAdjPrv,12.9,11.3,14.8,17954,14221,,
2022,TX,Texas,Lee,48287,DIABETES,Diagnosed diabetes among adults,Crude prevalence,CrdPrv,15.9,13.9,18.0,17954,14221,,
2022,TX,Texas,Leon,48289,DIABETES,Diagnosed diabetes among adults,Age-adjusted prevalence,AgeAdjPrv,12.4,10.8,14.1,16209,12546,,
2022,TX,Texas,Leon,48289,DIABETES,Diagnosed diabetes among adults,Crude prevalence,CrdPrv,16.6,14.6,18.7,16209,12546,,
2022,TX,Texas,Liberty,48291,DIABETES,Diagnosed diabetes among adults,Age-adjusted prevalence,AgeAdjPrv,14.1,12.4,16.1,101992,71915,,
2022,TX,Texas,Liberty,48291,DIABETES,Diagnosed diabetes among adults,Crude prevalence,CrdPrv,14.6,12.8,16.6,101992,71915,,
2022,TX,Texas,Limestone,48293,DIABETES,Diagnosed diabetes among adults,Age-adjusted prevalence,AgeAdjPrv,14.4,12.7,16.3,22253,17326,,
2022,TX,Texas,Limestone,48293,DIABETES,Diagnosed diabetes among adults,Crude prevalence,CrdPrv,17.8,15.7,20.0,22253,17326,,
2022,TX,Texas,Lipscomb,48295,DIABETES,Diagnosed diabetes among adults,Age-adjusted prevalence,AgeAdjPrv,12.9,11.9,13.9,2854,2171,,
2022,TX,Texas,Lipscomb,48295,DIABETES,Diagnosed diabetes among adults,Crude prevalence,CrdPrv,16.1,15.0,17.4,2854,2171,,
2022,TX,Texas,Live Oak,48297,DIABETES,Diagnosed diabetes among adults,Age-adjusted prevalence,AgeAdjPrv,14.4,12.6,16.3,11428,9250,,
2022,TX,Texas,Live Oak,48297,DIABETES,Diagnosed diabetes among adults,Crude prevalence,CrdPrv,16.7,14.7,18.9,11428,9250,,
2022,TX,Texas,Llano,48299,DIABETES,Diagnosed diabetes among adults,Age-adjusted prevalence,AgeAdjPrv,10.6,9.2,12.1,22540,19148,,
2022,TX,Texas,Llano,48299,DIABETES,Diagnosed diabetes among adults,Crude prevalence,CrdPrv,16.2,14.1,18.5,22540,19148,,
2022,TX,Texas,Loving,48301,DIABETES,Diagnosed diabetes among adults,Age-adjusted prevalence,AgeAdjPrv,9.5,8.2,11.0,51,37,,
2022,TX,Texas,Loving,48301,DIABETES,Diagnosed diabetes among adults,Crude prevalence,CrdPrv,12.8,11.1,14.6,51,37,,
2022,TX,Texas,Lubbock,48303,DIABETES,Diagnosed diabetes among adults,Age-adjusted prevalence,AgeAdjPrv,12.5,11.0,14.0,317561,243269,,
2022,TX,Texas,Lubbock,48303,DIABETES,Diagnosed diabetes among adults,Crude prevalence,CrdPrv,11.5,10.2,12.9,317561,243269,,
2022,TX,Texas,Lynn,48305,DIABETES,Diagnosed diabetes among adults,Age-adjusted prevalence,AgeAdjPrv,15.1,13.4,17.2,5724,4153,,
2022,TX,Texas,Lynn,48305,DIABETES,Diagnosed diabetes among adults,Crude prevalence,CrdPrv,17.0,15.1,19.3,5724,4153,,
2022,TX,Texas,McCulloch,48307,DIABETES,Diagnosed diabetes among adults,Age-adjusted prevalence,AgeAdjPrv,13.0,11.4,14.7,7497,5941,,
2022,TX,Texas,McCulloch,48307,DIABETES,Diagnosed diabetes among adults,Crude prevalence,CrdPrv,16.6,14.6,18.7,7497,5941,,
2022,TX,Texas,McLennan,48309,DIABETES,Diagnosed diabetes among adults,Age-adjusted prevalence,AgeAdjPrv,13.5,11.7,15.3,266836,203421,,
2022,TX,Texas,McLennan,48309,DIABETES,Diagnosed diabetes among adults,Crude prevalence,CrdPrv,13.6,11.9,15.4,266836,203421,,
2022,TX,Texas,McMullen,48311,DIABETES,Diagnosed diabetes among adults,Age-adjusted prevalence,AgeAdjPrv,15.6,13.7,17.6,576,450,,
2022,TX,Texas,McMullen,48311,DIABETES,Diagnosed diabetes among adults,Crude prevalence,CrdPrv,20.0,17.7,22.5,576,450,,
2022,TX,Texas,Madison,48313,DIABETES,Diagnosed diabetes among adults,Age-adjusted prevalence,AgeAdjPrv,13.4,11.7,15.2,13661,10641,,
2022,TX,Texas,Madison,48313,DIABETES,Diagnosed diabetes among adults,Crude prevalence,CrdPrv,13.5,11.8,15.3,13661,10641,,
2022,TX,Texas,Marion,48315,DIABETES,Diagnosed diabetes among adults,Age-adjusted prevalence,AgeAdjPrv,13.0,12.1,13.9,9560,7867,,
2022,TX,Texas,Marion,48315,DIABETES,Diagnosed diabetes among adults,Crude prevalence,CrdPrv,18.4,17.2,19.7,9560,7867,,
2022,TX,Texas,Martin,48317,DIABETES,Diagnosed diabetes among adults,Age-adjusted prevalence,AgeAdjPrv,13.3,11.5,15.1,5217,3528,,
2022,TX,Texas,Martin,48317,DIABETES,Diagnosed diabetes among adults,Crude prevalence,CrdPrv,13.7,11.9,15.6,5217,3528,,
2022,TX,Texas,Mason,48319,DIABETES,Diagnosed diabetes among adults,Age-adjusted prevalence,AgeAdjPrv,10.7,9.2,12.2,3982,3215,,
2022,TX,Texas,Mason,48319,DIABETES,Diagnosed diabetes among adults,Crude prevalence,CrdPrv,15.1,13.1,17.1,3982,3215,,
2022,TX,Texas,Matagorda,48321,DIABETES,Diagnosed diabetes among adults,Age-adjusted prevalence,AgeAdjPrv,15.2,13.3,17.3,36125,26715,,
2022,TX,Texas,Matagorda,48321,DIABETES,Diagnosed diabetes among adults,Crude prevalence,CrdPrv,17.5,15.4,19.8,36125,26715,,
2022,TX,Texas,Maverick,48323,DIABETES,Diagnosed diabetes among adults,Age-adjusted prevalence,AgeAdjPrv,19.8,17.4,22.2,57843,40075,,
2022,TX,Texas,Maverick,48323,DIABETES,Diagnosed diabetes among adults,Crude prevalence,CrdPrv,19.2,16.9,21.6,57843,40075,,
2022,TX,Texas,Medina,48325,DIABETES,Diagnosed diabetes among adults,Age-adjusted prevalence,AgeAdjPrv,13.1,11.5,14.8,53723,41605,,
2022,TX,Texas,Medina,48325,DIABETES,Diagnosed diabetes among adults,Crude prevalence,CrdPrv,14.9,13.0,16.7,53723,41605,,
2022,TX,Texas,Menard,48327,DIABETES,Diagnosed diabetes among adults,Age-adjusted prevalence,AgeAdjPrv,12.6,11.7,13.6,1968,1574,,
2022,TX,Texas,Menard,48327,DIABETES,Diagnosed diabetes among adults,Crude prevalence,CrdPrv,18.1,16.8,19.4,1968,1574,,
2022,TX,Texas,Midland,48329,DIABETES,Diagnosed diabetes among adults,Age-adjusted prevalence,AgeAdjPrv,12.0,10.5,13.7,171999,121819,,
2022,TX,Texas,Midland,48329,DIABETES,Diagnosed diabetes among adults,Crude prevalence,CrdPrv,11.2,9.8,12.8,171999,121819,,
2022,TX,Texas,Milam,48331,DIABETES,Diagnosed diabetes among adults,Age-adjusted prevalence,AgeAdjPrv,12.2,10.6,13.8,25628,19779,,
2022,TX,Texas,Milam,48331,DIABETES,Diagnosed diabetes among adults,Crude prevalence,CrdPrv,15.3,13.3,17.3,25628,19779,,
2022,TX,Texas,Mills,48333,DIABETES,Diagnosed diabetes among adults,Age-adjusted prevalence,AgeAdjPrv,10.9,9.4,12.4,4500,3603,,
2022,TX,Texas,Mills,48333,DIABETES,Diagnosed diabetes among adults,Crude prevalence,CrdPrv,14.9,12.8,17.0,4500,3603,,
2022,TX,Texas,Mitchell,48335,DIABETES,Diagnosed diabetes among adults,Age-adjusted prevalence,AgeAdjPrv,14.5,12.7,16.4,8943,7154,,
2022,TX,Texas,Mitchell,48335,DIABETES,Diagnosed diabetes among adults,Crude prevalence,CrdPrv,14.2,12.4,16.0,8943,7154,,
2022,TX,Texas,Montague,48337,DIABETES,Diagnosed diabetes among adults,Age-adjusted prevalence,AgeAdjPrv,10.9,9.5,12.5,21063,16337,,
2022,TX,Texas,Montague,48337,DIABETES,Diagnosed diabetes among adults,Crude prevalence,CrdPrv,13.9,12.2,15.9,21063,16337,,
2022,TX,Texas,Montgomery,48339,DIABETES,Diagnosed diabetes among adults,Age-adjusted prevalence,AgeAdjPrv,11.0,9.7,12.4,678490,504679,,
2022,TX,Texas,Montgomery,48339,DIABETES,Diagnosed diabetes among adults,Crude prevalence,CrdPrv,12.0,10.5,13.4,678490,504679,,
2022,TX,Texas,Moore,48341,DIABETES,Diagnosed diabetes among adults,Age-adjusted prevalence,AgeAdjPrv,15.9,14.0,18.0,20996,14521,,
2022,TX,Texas,Moore,48341,DIABETES,Diagnosed diabetes among adults,Crude prevalence,CrdPrv,16.2,14.3,18.3,20996,14521,,
2022,TX,Texas,Morris,48343,DIABETES,Diagnosed diabetes among adults,Age-adjusted prevalence,AgeAdjPrv,12.8,11.0,14.7,12083,9292,,
2022,TX,Texas,Morris,48343,DIABETES,Diagnosed diabetes among adults,Crude prevalence,CrdPrv,16.1,13.9,18.4,12083,9292,,
2022,TX,Texas,Motley,48345,DIABETES,Diagnosed diabetes among adults,Age-adjusted prevalence,AgeAdjPrv,11.1,10.2,12.0,1032,825,,
2022,TX,Texas,Motley,48345,DIABETES,Diagnosed diabetes among adults,Crude prevalence,CrdPrv,15.6,14.4,16.8,1032,825,,
2022,TX,Texas,Nacogdoches,48347,DIABETES,Diagnosed diabetes among adults,Age-adjusted prevalence,AgeAdjPrv,13.1,11.4,14.9,64862,49902,,
2022,TX,Texas,Nacogdoches,48347,DIABETES,Diagnosed diabetes among adults,Crude prevalence,CrdPrv,13.2,11.6,15.0,64862,49902,,
2022,TX,Texas,Navarro,48349,DIABETES,Diagnosed diabetes among adults,Age-adjusted prevalence,AgeAdjPrv,13.9,12.2,15.7,54636,40291,,
2022,TX,Texas,Navarro,48349,DIABETES,Diagnosed diabetes among adults,Crude prevalence,CrdPrv,15.7,13.8,17.8,54636,40291,,
2022,TX,Texas,Newton,48351,DIABETES,Diagnosed diabetes among adults,Age-adjusted prevalence,AgeAdjPrv,14.3,12.6,16.2,12052,9701,,
2022,TX,Texas,Newton,48351,DIABETES,Diagnosed diabetes among adults,Crude prevalence,CrdPrv,18.7,16.6,21.1,12052,9701,,
2022,TX,Texas,Nolan,48353,DIABETES,Diagnosed diabetes among adults,Age-adjusted prevalence,AgeAdjPrv,14.4,12.6,16.3,14473,10779,,
2022,TX,Texas,Nolan,48353,DIABETES,Diagnosed diabetes among adults,Crude prevalence,CrdPrv,16.7,14.7,18.8,14473,10779,,
2022,TX,Texas,Nueces,48355,DIABETES,Diagnosed diabetes among adults,Age-adjusted prevalence,AgeAdjPrv,15.5,13.7,17.4,351674,267986,,
2022,TX,Texas,Nueces,48355,DIABETES,Diagnosed diabetes among adults,Crude prevalence,CrdPrv,16.5,14.6,18.5,351674,267986,,
2022,TX,Texas,Ochiltree,48357,DIABETES,Diagnosed diabetes among adults,Age-adjusted prevalence,AgeAdjPrv,13.7,12.5,14.8,9606,6724,,
2022,TX,Texas,Ochiltree,48357,DIABETES,Diagnosed diabetes among adults,Crude prevalence,CrdPrv,14.3,13.1,15.5,9606,6724,,
2022,TX,Texas,Oldham,48359,DIABETES,Diagnosed diabetes among adults,Age-adjusted prevalence,AgeAdjPrv,11.7,10.2,13.4,1752,1390,,
2022,TX,Texas,Oldham,48359,DIABETES,Diagnosed diabetes among adults,Crude prevalence,CrdPrv,13.6,11.9,15.6,1752,1390,,
2022,TX,Texas,Orange,48361,DIABETES,Diagnosed diabetes among adults,Age-adjusted prevalence,AgeAdjPrv,11.8,10.3,13.6,84934,63528,,
2022,TX,Texas,Orange,48361,DIABETES,Diagnosed diabetes among adults,Crude prevalence,CrdPrv,13.4,11.7,15.4,84934,63528,,
2022,TX,Texas,Palo Pinto,48363,DIABETES,Diagnosed diabetes among adults,Age-adjusted prevalence,AgeAdjPrv,11.7,10.2,13.3,29239,22471,,
2022,TX,Texas,Palo Pinto,48363,DIABETES,Diagnosed diabetes among adults,Crude prevalence,CrdPrv,14.4,12.6,16.3,29239,22471,,
2022,TX,Texas,Panola,48365,DIABETES,Diagnosed diabetes among adults,Age-adjusted prevalence,AgeAdjPrv,12.4,10.7,14.1,22677,17450,,
2022,TX,Texas,Panola,48365,DIABETES,Diagnosed diabetes among adults,Crude prevalence,CrdPrv,15.2,13.2,17.2,22677,17450,,
2022,TX,Texas,Parker,48367,DIABETES,Diagnosed diabetes among adults,Age-adjusted prevalence,AgeAdjPrv,10.0,8.7,11.4,165834,125179,,
2022,TX,Texas,Parker,48367,DIABETES,Diagnosed diabetes among adults,Crude prevalence,CrdPrv,11.5,10.1,13.2,165834,125179,,
2022,TX,Texas,Parmer,48369,DIABETES,Diagnosed diabetes among adults,Age-adjusted prevalence,AgeAdjPrv,15.0,13.1,17.0,9620,6963,,
2022,TX,Texas,Parmer,48369,DIABETES,Diagnosed diabetes among adults,Crude prevalence,CrdPrv,16.7,14.5,18.8,9620,6963,,
2022,TX,Texas,Pecos,48371,DIABETES,Diagnosed diabetes among adults,Age-adjusted prevalence,AgeAdjPrv,16.1,14.2,18.2,14735,11074,,
2022,TX,Texas,Pecos,48371,DIABETES,Diagnosed diabetes among adults,Crude prevalence,CrdPrv,16.5,14.5,18.6,14735,11074,,
2022,TX,Texas,Polk,48373,DIABETES,Diagnosed diabetes among adults,Age-adjusted prevalence,AgeAdjPrv,14.2,12.6,15.8,53255,42519,,
2022,TX,Texas,Polk,48373,DIABETES,Diagnosed diabetes among adults,Crude prevalence,CrdPrv,17.3,15.5,19.2,53255,42519,,
2022,TX,Texas,Potter,48375,DIABETES,Diagnosed diabetes among adults,Age-adjusted prevalence,AgeAdjPrv,15.3,13.5,17.3,115645,84948,,
2022,TX,Texas,Potter,48375,DIABETES,Diagnosed diabetes among adults,Crude prevalence,CrdPrv,16.0,14.0,18.0,115645,84948,,
2022,TX,Texas,Presidio,48377,DIABETES,Diagnosed diabetes among adults,Age-adjusted prevalence,AgeAdjPrv,19.7,17.4,22.0,5939,4338,,
2022,TX,Texas,Presidio,48377,DIABETES,Diagnosed diabetes among adults,Crude prevalence,CrdPrv,24.3,21.6,26.9,5939,4338,,
2022,TX,Texas,Rains,48379,DIABETES,Diagnosed diabetes among adults,Age-adjusted prevalence,AgeAdjPrv,11.3,9.9,12.8,12823,10285,,
2022,TX,Texas,Rains,48379,DIABETES,Diagnosed diabetes among adults,Crude prevalence,CrdPrv,15.4,13.5,17.5,12823,10285,,
2022,TX,Texas,Randall,48381,DIABETES,Diagnosed diabetes among adults,Age-adjusted prevalence,AgeAdjPrv,10.4,9.0,11.9,146140,111558,,
2022,TX,Texas,Randall,48381,DIABETES,Diagnosed diabetes among adults,Crude prevalence,CrdPrv,11.0,9.5,12.5,146140,111558,,
2022,TX,Texas,Reagan,48383,DIABETES,Diagnosed diabetes among adults,Age-adjusted prevalence,AgeAdjPrv,14.4,12.5,16.5,3135,2239,,
2022,TX,Texas,Reagan,48383,DIABETES,Diagnosed diabetes among adults,Crude prevalence,CrdPrv,14.6,12.7,16.7,3135,2239,,
2022,TX,Texas,Real,48385,DIABETES,Diagnosed diabetes among adults,Age-adjusted prevalence,AgeAdjPrv,14.3,12.5,16.2,2840,2335,,
2022,TX,Texas,Real,48385,DIABETES,Diagnosed diabetes among adults,Crude prevalence,CrdPrv,20.4,17.9,22.9,2840,2335,,
2022,TX,Texas,Red River,48387,DIABETES,Diagnosed diabetes among adults,Age-adjusted prevalence,AgeAdjPrv,13.0,11.3,14.8,11542,9187,,
2022,TX,Texas,Red River,48387,DIABETES,Diagnosed diabetes among adults,Crude prevalence,CrdPrv,17.6,15.4,19.9,11542,9187,,
2022,TX,Texas,Reeves,48389,DIABETES,Diagnosed diabetes among adults,Age-adjusted prevalence,AgeAdjPrv,18.0,15.9,20.3,12905,9729,,
2022,TX,Texas,Reeves,48389,DIABETES,Diagnosed diabetes among adults,Crude prevalence,CrdPrv,17.1,15.2,19.3,12905,9729,,
2022,TX,Texas,Refugio,48391,DIABETES,Diagnosed diabetes among adults,Age-adjusted prevalence,AgeAdjPrv,14.7,12.9,16.7,6632,5157,,
2022,TX,Texas,Refugio,48391,DIABETES,Diagnosed diabetes among adults,Crude prevalence,CrdPrv,18.7,16.5,21.1,6632,5157,,
2022,TX,Texas,Roberts,48393,DIABETES,Diagnosed diabetes among adults,Age-adjusted prevalence,AgeAdjPrv,10.5,9.1,12.1,803,619,,
2022,TX,Texas,Roberts,48393,DIABETES,Diagnosed diabetes among adults,Crude prevalence,CrdPrv,13.5,11.7,15.5,803,619,,
2022,TX,Texas,Robertson,48395,DIABETES,Diagnosed diabetes among adults,Age-adjusted prevalence,AgeAdjPrv,12.4,10.7,14.1,17153,13048,,
2022,TX,Texas,Robertson,48395,DIABETES,Diagnosed diabetes among adults,Crude prevalence,CrdPrv,15.4,13.4,17.4,17153,13048,,
2022,TX,Texas,Rockwall,48397,DIABETES,Diagnosed diabetes among adults,Age-adjusted prevalence,AgeAdjPrv,9.8,8.4,11.2,123208,90880,,
2022,TX,Texas,Rockwall,48397,DIABETES,Diagnosed diabetes among adults,Crude prevalence,CrdPrv,10.6,9.1,12.1,123208,90880,,
2022,TX,Texas,Runnels,48399,DIABETES,Diagnosed diabetes among adults,Age-adjusted prevalence,AgeAdjPrv,12.5,10.8,14.3,9859,7549,,
2022,TX,Texas,Runnels,48399,DIABETES,Diagnosed diabetes among adults,Crude prevalence,CrdPrv,15.2,13.3,17.3,9859,7549,,
2022,TX,Texas,Rusk,48401,DIABETES,Diagnosed diabetes among adults,Age-adjusted prevalence,AgeAdjPrv,12.1,10.6,13.8,53333,41461,,
2022,TX,Texas,Rusk,48401,DIABETES,Diagnosed diabetes among adults,Crude prevalence,CrdPrv,13.8,12.0,15.6,53333,41461,,
2022,TX,Texas,Sabine,48403,DIABETES,Diagnosed diabetes among adults,Age-adjusted prevalence,AgeAdjPrv,12.1,10.5,13.8,10048,8278,,
2022,TX,Texas,Sabine,48403,DIABETES,Diagnosed diabetes among adults,Crude prevalence,CrdPrv,18.0,15.7,20.3,10048,8278,,
2022,TX,Texas,San Augustine,48405,DIABETES,Diagnosed diabetes among adults,Age-adjusted prevalence,AgeAdjPrv,14.8,12.9,16.9,7857,6296,,
2022,TX,Texas,San Augustine,48405,DIABETES,Diagnosed diabetes among adults,Crude prevalence,CrdPrv,20.1,17.6,22.8,7857,6296,,
2022,TX,Texas,San Jacinto,48407,DIABETES,Diagnosed diabetes among adults,Age-adjusted prevalence,AgeAdjPrv,12.5,10.9,14.2,28348,22429,,
2022,TX,Texas,San Jacinto,48407,DIABETES,Diagnosed diabetes among adults,Crude prevalence,CrdPrv,16.1,14.1,18.3,28348,22429,,
2022,TX,Texas,San Patricio,48409,DIABETES,Diagnosed diabetes among adults,Age-adjusted prevalence,AgeAdjPrv,14.6,12.8,16.4,69954,51851,,
2022,TX,Texas,San Patricio,48409,DIABETES,Diagnosed diabetes among adults,Crude prevalence,CrdPrv,15.7,13.8,17.7,69954,51851,,
2022,TX,Texas,San Saba,48411,DIABETES,Diagnosed diabetes among adults,Age-adjusted prevalence,AgeAdjPrv,12.5,10.8,14.2,5824,4715,,
2022,TX,Texas,San Saba,48411,DIABETES,Diagnosed diabetes among adults,Crude prevalence,CrdPrv,14.7,12.8,16.7,5824,4715,,
2022,TX,Texas,Schleicher,48413,DIABETES,Diagnosed diabetes among adults,Age-adjusted prevalence,AgeAdjPrv,14.0,12.9,15.1,2357,1812,,
2022,TX,Texas,Schleicher,48413,DIABETES,Diagnosed diabetes among adults,Crude prevalence,CrdPrv,17.1,15.9,18.4,2357,1812,,
2022,TX,Texas,Scurry,48415,DIABETES,Diagnosed diabetes among adults,Age-adjusted prevalence,AgeAdjPrv,13.7,11.9,15.6,16686,12465,,
2022,TX,Texas,Scurry,48415,DIABETES,Diagnosed diabetes among adults,Crude prevalence,CrdPrv,14.6,12.7,16.5,16686,12465,,
2022,TX,Texas,Shackelford,48417,DIABETES,Diagnosed diabetes among adults,Age-adjusted prevalence,AgeAdjPrv,10.6,9.2,12.2,3186,2447,,
2022,TX,Texas,Shackelford,48417,DIABETES,Diagnosed diabetes among adults,Crude prevalence,CrdPrv,13.3,11.5,15.3,3186,2447,,
2022,TX,Texas,Shelby,48419,DIABETES,Diagnosed diabetes among adults,Age-adjusted prevalence,AgeAdjPrv,14.2,12.4,16.3,24008,17824,,
2022,TX,Texas,Shelby,48419,DIABETES,Diagnosed diabetes among adults,Crude prevalence,CrdPrv,16.7,14.6,19.0,24008,17824,,
2022,TX,Texas,Sherman,48421,DIABETES,Diagnosed diabetes among adults,Age-adjusted prevalence,AgeAdjPrv,12.5,11.0,14.3,2799,2035,,
2022,TX,Texas,Sherman,48421,DIABETES,Diagnosed diabetes among adults,Crude prevalence,CrdPrv,14.2,12.4,16.1,2799,2035,,
2022,TX,Texas,Smith,48423,DIABETES,Diagnosed diabetes among adults,Age-adjusted prevalence,AgeAdjPrv,12.4,10.9,14.1,241922,183832,,
2022,TX,Texas,Smith,48423,DIABETES,Diagnosed diabetes among adults,Crude prevalence,CrdPrv,13.8,12.1,15.7,241922,183832,,
2022,TX,Texas,Somervell,48425,DIABETES,Diagnosed diabetes among adults,Age-adjusted prevalence,AgeAdjPrv,9.8,8.4,11.2,9757,7702,,
2022,TX,Texas,Somervell,48425,DIABETES,Diagnosed diabetes among adults,Crude prevalence,CrdPrv,12.3,10.7,14.1,9757,7702,,
2022,TX,Texas,Starr,48427,DIABETES,Diagnosed diabetes among adults,Age-adjusted prevalence,AgeAdjPrv,21.2,18.8,23.6,65728,44564,,
2022,TX,Texas,Starr,48427,DIABETES,Diagnosed diabetes among adults,Crude prevalence,CrdPrv,20.5,18.2,22.8,65728,44564,,
2022,TX,Texas,Stephens,48429,DIABETES,Diagnosed diabetes among adults,Age-adjusted prevalence,AgeAdjPrv,12.8,11.1,14.6,9390,7434,,
2022,TX,Texas,Stephens,48429,DIABETES,Diagnosed diabetes among adults,Crude prevalence,CrdPrv,14.8,13.0,16.9,9390,7434,,
2022,TX,Texas,Sterling,48431,DIABETES,Diagnosed diabetes among adults,Age-adjusted prevalence,AgeAdjPrv,11.4,10.6,12.3,1417,1003,,
2022,TX,Texas,Sterling,48431,DIABETES,Diagnosed diabetes among adults,Crude prevalence,CrdPrv,12.2,11.4,13.1,1417,1003,,
2022,TX,Texas,Stonewall,48433,DIABETES,Diagnosed diabetes among adults,Age-adjusted prevalence,AgeAdjPrv,12.4,11.4,13.4,1182,939,,
2022,TX,Texas,Stonewall,48433,DIABETES,Diagnosed diabetes among adults,Crude prevalence,CrdPrv,16.6,15.3,17.9,1182,939,,
2022,TX,Texas,Sutton,48435,DIABETES,Diagnosed diabetes among adults,Age-adjusted prevalence,AgeAdjPrv,15.8,13.8,17.8,3217,2444,,
2022,TX,Texas,Sutton,48435,DIABETES,Diagnosed diabetes among adults,Crude prevalence,CrdPrv,19.1,16.8,21.4,3217,2444,,
2022,TX,Texas,Swisher,48437,DIABETES,Diagnosed diabetes among adults,Age-adjusted prevalence,AgeAdjPrv,15.5,13.4,17.7,6881,5235,,
2022,TX,Texas,Swisher,48437,DIABETES,Diagnosed diabetes among adults,Crude prevalence,CrdPrv,16.7,14.5,19.1,6881,5235,,
2022,TX,Texas,Tarrant,48439,DIABETES,Diagnosed diabetes among adults,Age-adjusted prevalence,AgeAdjPrv,12.4,11.0,13.9,2154595,1611487,,
2022,TX,Texas,Tarrant,48439,DIABETES,Diagnosed diabetes among adults,Crude prevalence,CrdPrv,12.7,11.3,14.2,2154595,1611487,,
2022,TX,Texas,Taylor,48441,DIABETES,Diagnosed diabetes among adults,Age-adjusted prevalence,AgeAdjPrv,12.3,10.7,14.0,145163,109881,,
2022,TX,Texas,Taylor,48441,DIABETES,Diagnosed diabetes among adults,Crude prevalence,CrdPrv,12.2,10.6,13.9,145163,109881,,
2022,TX,Texas,Terrell,48443,DIABETES,Diagnosed diabetes among adults,Age-adjusted prevalence,AgeAdjPrv,11.6,10.1,13.4,693,567,,
2022,TX,Texas,Terrell,48443,DIABETES,Diagnosed diabetes among adults,Crude prevalence,CrdPrv,17.2,15.0,19.5,693,567,,
2022,TX,Texas,Terry,48445,DIABETES,Diagnosed diabetes among adults,Age-adjusted prevalence,AgeAdjPrv,16.4,14.3,18.5,11567,8332,,
2022,TX,Texas,Terry,48445,DIABETES,Diagnosed diabetes among adults,Crude prevalence,CrdPrv,17.6,15.3,19.8,11567,8332,,
2022,TX,Texas,Throckmorton,48447,DIABETES,Diagnosed diabetes among adults,Age-adjusted prevalence,AgeAdjPrv,11.5,10.7,12.3,1550,1190,,
2022,TX,Texas,Throckmorton,48447,DIABETES,Diagnosed diabetes among adults,Crude prevalence,CrdPrv,15.8,14.7,16.9,1550,1190,,
2022,TX,Texas,Titus,48449,DIABETES,Diagnosed diabetes among adults,Age-adjusted prevalence,AgeAdjPrv,14.4,12.6,16.3,31208,22394,,
2022,TX,Texas,Titus,48449,DIABETES,Diagnosed diabetes among adults,Crude prevalence,CrdPrv,15.8,13.9,17.9,31208,22394,,
2022,TX,Texas,Tom Green,48451,DIABETES,Diagnosed diabetes among adults,Age-adjusted prevalence,AgeAdjPrv,13.2,11.6,15.0,118892,90530,,
2022,TX,Texas,Tom Green,48451,DIABETES,Diagnosed diabetes among adults,Crude prevalence,CrdPrv,14.1,12.4,16.0,118892,90530,,
2022,TX,Texas,Travis,48453,DIABETES,Diagnosed diabetes among adults,Age-adjusted prevalence,AgeAdjPrv,11.6,10.3,13.0,1326436,1062155,,
2022,TX,Texas,Travis,48453,DIABETES,Diagnosed diabetes among adults,Crude prevalence,CrdPrv,10.8,9.6,12.1,1326436,1062155,,
2022,TX,Texas,Trinity,48455,DIABETES,Diagnosed diabetes among adults,Age-adjusted prevalence,AgeAdjPrv,12.3,10.7,14.1,13996,11240,,
2022,TX,Texas,Trinity,48455,DIABETES,Diagnosed diabetes among adults,Crude prevalence,CrdPrv,16.9,14.8,19.2,13996,11240,,
2022,TX,Texas,Tyler,48457,DIABETES,Diagnosed diabetes among adults,Age-adjusted prevalence,AgeAdjPrv,12.5,10.9,14.4,20030,16124,,
2022,TX,Texas,Tyler,48457,DIABETES,Diagnosed diabetes among adults,Crude prevalence,CrdPrv,15.4,13.4,17.7,20030,16124,,
2022,TX,Texas,Upshur,48459,DIABETES,Diagnosed diabetes among adults,Age-adjusted prevalence,AgeAdjPrv,12.6,10.9,14.4,42488,32497,,
2022,TX,Texas,Upshur,48459,DIABETES,Diagnosed diabetes among adults,Crude prevalence,CrdPrv,15.4,13.4,17.5,42488,32497,,
2022,TX,Texas,Upton,48461,DIABETES,Diagnosed diabetes among adults,Age-adjusted prevalence,AgeAdjPrv,15.5,14.5,16.7,3152,2290,,
2022,TX,Texas,Upton,48461,DIABETES,Diagnosed diabetes among adults,Crude prevalence,CrdPrv,17.3,16.2,18.6,3152,2290,,
2022,TX,Texas,Uvalde,48463,DIABETES,Diagnosed diabetes among adults,Age-adjusted prevalence,AgeAdjPrv,15.6,13.7,17.6,24940,18364,,
2022,TX,Texas,Uvalde,48463,DIABETES,Diagnosed diabetes among adults,Crude prevalence,CrdPrv,16.6,14.6,18.6,24940,18364,,
2022,TX,Texas,Val Verde,48465,DIABETES,Diagnosed diabetes among adults,Age-adjusted prevalence,AgeAdjPrv,17.1,15.0,19.2,47606,34242,,
2022,TX,Texas,Val Verde,48465,DIABETES,Diagnosed diabetes among adults,Crude prevalence,CrdPrv,16.8,14.8,18.9,47606,34242,,
2022,TX,Texas,Van Zandt,48467,DIABETES,Diagnosed diabetes among adults,Age-adjusted prevalence,AgeAdjPrv,11.4,9.9,13.0,62859,48523,,
2022,TX,Texas,Van Zandt,48467,DIABETES,Diagnosed diabetes among adults,Crude prevalence,CrdPrv,14.3,12.4,16.2,62859,48523,,
2022,TX,Texas,Victoria,48469,DIABETES,Diagnosed diabetes among adults,Age-adjusted prevalence,AgeAdjPrv,13.6,11.9,15.6,91065,68364,,
2022,TX,Texas,Victoria,48469,DIABETES,Diagnosed diabetes among adults,Crude prevalence,CrdPrv,15.1,13.2,17.2,91065,68364,,
2022,TX,Texas,Walker,48471,DIABETES,Diagnosed diabetes among adults,Age-adjusted prevalence,AgeAdjPrv,14.3,12.4,16.2,78870,67550,,
2022,TX,Texas,Walker,48471,DIABETES,Diagnosed diabetes among adults,Crude prevalence,CrdPrv,13.7,12.0,15.6,78870,67550,,
2022,TX,Texas,Waller,48473,DIABETES,Diagnosed diabetes among adults,Age-adjusted prevalence,AgeAdjPrv,13.1,11.4,14.8,61894,47494,,
2022,TX,Texas,Waller,48473,DIABETES,Diagnosed diabetes among adults,Crude prevalence,CrdPrv,11.9,10.4,13.5,61894,47494,,
2022,TX,Texas,Ward,48475,DIABETES,Diagnosed diabetes among adults,Age-adjusted prevalence,AgeAdjPrv,14.5,12.8,16.4,10964,7799,,
2022,TX,Texas,Ward,48475,DIABETES,Diagnosed diabetes among adults,Crude prevalence,CrdPrv,15.3,13.5,17.3,10964,7799,,
2022,TX,Texas,Washington,48477,DIABETES,Diagnosed diabetes among adults,Age-adjusted prevalence,AgeAdjPrv,11.7,10.2,13.4,36159,28543,,
2022,TX,Texas,Washington,48477,DIABETES,Diagnosed diabetes among adults,Crude prevalence,CrdPrv,14.8,12.9,16.8,36159,28543,,
2022,TX,Texas,Webb,48479,DIABETES,Diagnosed diabetes among adults,Age-adjusted prevalence,AgeAdjPrv,16.3,14.4,18.3,267780,184751,,
2022,TX,Texas,Webb,48479,DIABETES,Diagnosed diabetes among adults,Crude prevalence,CrdPrv,15.4,13.6,17.3,267780,184751,,
2022,TX,Texas,Wharton,48481,DIABETES,Diagnosed diabetes among adults,Age-adjusted prevalence,AgeAdjPrv,13.9,12.1,15.8,41824,31177,,
2022,TX,Texas,Wharton,48481,DIABETES,Diagnosed diabetes among adults,Crude prevalence,CrdPrv,15.7,13.8,17.8,41824,31177,,
2022,TX,Texas,Wheeler,48483,DIABETES,Diagnosed diabetes among adults,Age-adjusted prevalence,AgeAdjPrv,12.9,11.2,14.6,4807,3637,,
2022,TX,Texas,Wheeler,48483,DIABETES,Diagnosed diabetes among adults,Crude prevalence,CrdPrv,16.1,14.0,18.2,4807,3637,,
2022,TX,Texas,Wichita,48485,DIABETES,Diagnosed diabetes among adults,Age-adjusted prevalence,AgeAdjPrv,12.7,11.1,14.5,129978,100483,,
2022,TX,Texas,Wichita,48485,DIABETES,Diagnosed diabetes among adults,Crude prevalence,CrdPrv,13.1,11.4,14.9,129978,100483,,
2022,TX,Texas,Wilbarger,48487,DIABETES,Diagnosed diabetes among adults,Age-adjusted prevalence,AgeAdjPrv,15.0,13.3,16.8,12491,9861,,
2022,TX,Texas,Wilbarger,48487,DIABETES,Diagnosed diabetes among adults,Crude prevalence,CrdPrv,17.2,15.3,19.3,12491,9861,,
2022,TX,Texas,Willacy,48489,DIABETES,Diagnosed diabetes among adults,Age-adjusted prevalence,AgeAdjPrv,19.8,18.4,21.4,20143,15352,,
2022,TX,Texas,Willacy,48489,DIABETES,Diagnosed diabetes among adults,Crude prevalence,CrdPrv,19.5,18.1,20.9,20143,15352,,
2022,TX,Texas,Williamson,48491,DIABETES,Diagnosed diabetes among adults,Age-adjusted prevalence,AgeAdjPrv,10.0,8.8,11.3,671418,511403,,
2022,TX,Texas,Williamson,48491,DIABETES,Diagnosed diabetes among adults,Crude prevalence,CrdPrv,10.4,9.1,11.7,671418,511403,,
2022,TX,Texas,Wilson,48493,DIABETES,Diagnosed diabetes among adults,Age-adjusted prevalence,AgeAdjPrv,12.5,10.9,14.1,52735,40499,,
2022,TX,Texas,Wilson,48493,DIABETES,Diagnosed diabetes among adults,Crude prevalence,CrdPrv,14.6,12.8,16.5,52735,40499,,
2022,TX,Texas,Winkler,48495,DIABETES,Diagnosed diabetes among adults,Age-adjusted prevalence,AgeAdjPrv,14.4,13.4,15.4,7306,5252,,
2022,TX,Texas,Winkler,48495,DIABETES,Diagnosed diabetes among adults,Crude prevalence,CrdPrv,15.2,14.2,16.3,7306,5252,,
2022,TX,Texas,Wise,48497,DIABETES,Diagnosed diabetes among adults,Age-adjusted prevalence,AgeAdjPrv,11.4,10.0,13.0,74895,56624,,
2022,TX,Texas,Wise,48497,DIABETES,Diagnosed diabetes among adults,Crude prevalence,CrdPrv,13.2,11.5,15.0,74895,56624,,
2022,TX,Texas,Wood,48499,DIABETES,Diagnosed diabetes among adults,Age-adjusted prevalence,AgeAdjPrv,11.0,9.6,12.6,46857,38190,,
2022,TX,Texas,Wood,48499,DIABETES,Diagnosed diabetes among adults,Crude prevalence,CrdPrv,15.1,13.2,17.2,46857,38190,,
2022,TX,Texas,Yoakum,48501,DIABETES,Diagnosed diabetes among adults,Age-adjusted prevalence,AgeAdjPrv,15.6,13.7,17.8,7451,5000,,
2022,TX,Texas,Yoakum,48501,DIABETES,Diagnosed diabetes among adults,Crude prevalence,CrdPrv,15.9,14.0,18.1,7451,5000,,
2022,TX,Texas,Young,48503,DIABETES,Diagnosed diabetes among adults,Age-adjusted prevalence,AgeAdjPrv,11.9,10.4,13.6,17962,13726,,
2022,TX,Texas,Young,48503,DIABETES,Diagnosed diabetes among adults,Crude prevalence,CrdPrv,14.6,12.7,16.6,17962,13726,,
2022,TX,Texas,Zapata,48505,DIABETES,Diagnosed diabetes among adults,Age-adjusted prevalence,AgeAdjPrv,21.5,19.1,24.0,13849,9400,,
2022,TX,Texas,Zapata,48505,DIABETES,Diagnosed diabetes among adults,Crude prevalence,CrdPrv,22.0,19.7,24.5,13849,9400,,
2022,TX,Texas,Zavala,48507,DIABETES,Diagnosed diabetes among adults,Age-adjusted prevalence,AgeAdjPrv,20.1,17.7,22.6,9377,6644,,
2022,TX,Texas,Zavala,48507,DIABETES,Diagnosed diabetes among adults,Crude prevalence,CrdPrv,21.0,18.6,23.5,9377,6644,,
2022,UT,Utah,Beaver,49001,DIABETES,Diagnosed diabetes among adults,Age-adjusted prevalence,AgeAdjPrv,9.4,8.1,10.9,7327,5225,,
2022,UT,Utah,Beaver,49001,DIABETES,Diagnosed diabetes among adults,Crude prevalence,CrdPrv,10.5,9.0,12.1,7327,5225,,
2022,UT,Utah,Box Elder,49003,DIABETES,Diagnosed diabetes among adults,Age-adjusted prevalence,AgeAdjPrv,9.1,7.8,10.5,61498,42768,,
2022,UT,Utah,Box Elder,49003,DIABETES,Diagnosed diabetes among adults,Crude prevalence,CrdPrv,9.5,8.1,10.9,61498,42768,,
2022,UT,Utah,Cache,49005,DIABETES,Diagnosed diabetes among adults,Age-adjusted prevalence,AgeAdjPrv,9.5,8.2,11.0,140173,99623,,
2022,UT,Utah,Cache,49005,DIABETES,Diagnosed diabetes among adults,Crude prevalence,CrdPrv,7.9,6.8,9.1,140173,99623,,
2022,UT,Utah,Carbon,49007,DIABETES,Diagnosed diabetes among adults,Age-adjusted prevalence,AgeAdjPrv,10.9,9.4,12.4,20571,15401,,
2022,UT,Utah,Carbon,49007,DIABETES,Diagnosed diabetes among adults,Crude prevalence,CrdPrv,12.9,11.2,14.6,20571,15401,,
2022,UT,Utah,Daggett,49009,DIABETES,Diagnosed diabetes among adults,Age-adjusted prevalence,AgeAdjPrv,9.6,8.2,11.1,1014,799,,
2022,UT,Utah,Daggett,49009,DIABETES,Diagnosed diabetes among adults,Crude prevalence,CrdPrv,13.6,11.6,15.6,1014,799,,
2022,UT,Utah,Davis,49011,DIABETES,Diagnosed diabetes among adults,Age-adjusted prevalence,AgeAdjPrv,9.2,8.1,10.5,369948,259239,,
2022,UT,Utah,Davis,49011,DIABETES,Diagnosed diabetes among adults,Crude prevalence,CrdPrv,9.0,7.9,10.2,369948,259239,,
2022,UT,Utah,Duchesne,49013,DIABETES,Diagnosed diabetes among adults,Age-adjusted prevalence,AgeAdjPrv,10.2,8.8,11.6,20161,13718,,
2022,UT,Utah,Duchesne,49013,DIABETES,Diagnosed diabetes among adults,Crude prevalence,CrdPrv,10.8,9.4,12.4,20161,13718,,
2022,UT,Utah,Emery,49015,DIABETES,Diagnosed diabetes among adults,Age-adjusted prevalence,AgeAdjPrv,10.3,8.8,12.0,10099,7304,,
2022,UT,Utah,Emery,49015,DIABETES,Diagnosed diabetes among adults,Crude prevalence,CrdPrv,12.2,10.4,14.2,10099,7304,,
2022,UT,Utah,Garfield,49017,DIABETES,Diagnosed diabetes among adults,Age-adjusted prevalence,AgeAdjPrv,9.9,8.5,11.4,5281,4115,,
2022,UT,Utah,Garfield,49017,DIABETES,Diagnosed diabetes among adults,Crude prevalence,CrdPrv,12.7,11.0,14.7,5281,4115,,
2022,UT,Utah,Grand,49019,DIABETES,Diagnosed diabetes among adults,Age-adjusted prevalence,AgeAdjPrv,10.3,8.8,11.8,9769,7805,,
2022,UT,Utah,Grand,49019,DIABETES,Diagnosed diabetes among adults,Crude prevalence,CrdPrv,12.3,10.6,14.1,9769,7805,,
2022,UT,Utah,Iron,49021,DIABETES,Diagnosed diabetes among adults,Age-adjusted prevalence,AgeAdjPrv,9.7,8.3,11.1,62429,45589,,
2022,UT,Utah,Iron,49021,DIABETES,Diagnosed diabetes among adults,Crude prevalence,CrdPrv,9.4,8.1,10.8,62429,45589,,
2022,UT,Utah,Juab,49023,DIABETES,Diagnosed diabetes among adults,Age-adjusted prevalence,AgeAdjPrv,9.4,8.1,10.9,12567,8398,,
2022,UT,Utah,Juab,49023,DIABETES,Diagnosed diabetes among adults,Crude prevalence,CrdPrv,9.5,8.2,10.9,12567,8398,,
2022,UT,Utah,Kane,49025,DIABETES,Diagnosed diabetes among adults,Age-adjusted prevalence,AgeAdjPrv,9.4,8.1,10.9,8227,6321,,
2022,UT,Utah,Kane,49025,DIABETES,Diagnosed diabetes among adults,Crude prevalence,CrdPrv,12.6,10.9,14.6,8227,6321,,
2022,UT,Utah,Millard,49027,DIABETES,Diagnosed diabetes among adults,Age-adjusted prevalence,AgeAdjPrv,10.1,8.7,11.7,13330,9217,,
2022,UT,Utah,Millard,49027,DIABETES,Diagnosed diabetes among adults,Crude prevalence,CrdPrv,11.7,10.0,13.4,13330,9217,,
2022,UT,Utah,Morgan,49029,DIABETES,Diagnosed diabetes among adults,Age-adjusted prevalence,AgeAdjPrv,8.3,7.1,9.6,12832,8559,,
2022,UT,Utah,Morgan,49029,DIABETES,Diagnosed diabetes among adults,Crude prevalence,CrdPrv,9.0,7.7,10.4,12832,8559,,
2022,UT,Utah,Piute,49031,DIABETES,Diagnosed diabetes among adults,Age-adjusted prevalence,AgeAdjPrv,12.1,10.5,13.9,1487,1184,,
2022,UT,Utah,Piute,49031,DIABETES,Diagnosed diabetes among adults,Crude prevalence,CrdPrv,16.6,14.4,18.9,1487,1184,,
2022,UT,Utah,Rich,49033,DIABETES,Diagnosed diabetes among adults,Age-adjusted prevalence,AgeAdjPrv,9.2,7.8,10.6,2628,1909,,
2022,UT,Utah,Rich,49033,DIABETES,Diagnosed diabetes among adults,Crude prevalence,CrdPrv,11.2,9.6,12.9,2628,1909,,
2022,UT,Utah,Salt Lake,49035,DIABETES,Diagnosed diabetes among adults,Age-adjusted prevalence,AgeAdjPrv,9.4,8.3,10.4,1186257,889374,,
2022,UT,Utah,Salt Lake,49035,DIABETES,Diagnosed diabetes among adults,Crude prevalence,CrdPrv,9.1,8.1,10.1,1186257,889374,,
2022,UT,Utah,San Juan,49037,DIABETES,Diagnosed diabetes among adults,Age-adjusted prevalence,AgeAdjPrv,13.5,11.9,15.4,14359,10318,,
2022,UT,Utah,San Juan,49037,DIABETES,Diagnosed diabetes among adults,Crude prevalence,CrdPrv,15.1,13.3,17.1,14359,10318,,
2022,UT,Utah,Sanpete,49039,DIABETES,Diagnosed diabetes among adults,Age-adjusted prevalence,AgeAdjPrv,10.1,8.8,11.5,29724,22741,,
2022,UT,Utah,Sanpete,49039,DIABETES,Diagnosed diabetes among adults,Crude prevalence,CrdPrv,10.2,8.8,11.6,29724,22741,,
2022,UT,Utah,Sevier,49041,DIABETES,Diagnosed diabetes among adults,Age-adjusted prevalence,AgeAdjPrv,9.8,8.4,11.2,22069,15914,,
2022,UT,Utah,Sevier,49041,DIABETES,Diagnosed diabetes among adults,Crude prevalence,CrdPrv,11.3,9.8,13.0,22069,15914,,
2022,UT,Utah,Summit,49043,DIABETES,Diagnosed diabetes among adults,Age-adjusted prevalence,AgeAdjPrv,7.6,6.6,8.8,43036,33352,,
2022,UT,Utah,Summit,49043,DIABETES,Diagnosed diabetes among adults,Crude prevalence,CrdPrv,9.0,7.7,10.4,43036,33352,,
2022,UT,Utah,Tooele,49045,DIABETES,Diagnosed diabetes among adults,Age-adjusted prevalence,AgeAdjPrv,9.9,8.6,11.3,79934,55228,,
2022,UT,Utah,Tooele,49045,DIABETES,Diagnosed diabetes among adults,Crude prevalence,CrdPrv,9.3,8.0,10.6,79934,55228,,
2022,UT,Utah,Uintah,49047,DIABETES,Diagnosed diabetes among adults,Age-adjusted prevalence,AgeAdjPrv,10.3,8.9,11.8,37141,25668,,
2022,UT,Utah,Uintah,49047,DIABETES,Diagnosed diabetes among adults,Crude prevalence,CrdPrv,10.7,9.2,12.3,37141,25668,,
2022,UT,Utah,Utah,49049,DIABETES,Diagnosed diabetes among adults,Age-adjusted prevalence,AgeAdjPrv,8.6,7.5,9.7,702434,482513,,
2022,UT,Utah,Utah,49049,DIABETES,Diagnosed diabetes among adults,Crude prevalence,CrdPrv,6.7,5.9,7.6,702434,482513,,
2022,UT,Utah,Wasatch,49051,DIABETES,Diagnosed diabetes among adults,Age-adjusted prevalence,AgeAdjPrv,7.7,6.6,8.8,36619,26203,,
2022,UT,Utah,Wasatch,49051,DIABETES,Diagnosed diabetes among adults,Crude prevalence,CrdPrv,8.6,7.4,9.9,36619,26203,,
2022,UT,Utah,Washington,49053,DIABETES,Diagnosed diabetes among adults,Age-adjusted prevalence,AgeAdjPrv,8.6,7.5,9.9,197680,150210,,
2022,UT,Utah,Washington,49053,DIABETES,Diagnosed diabetes among adults,Crude prevalence,CrdPrv,10.3,9.1,11.9,197680,150210,,
2022,UT,Utah,Wayne,49055,DIABETES,Diagnosed diabetes among adults,Age-adjusted prevalence,AgeAdjPrv,9.6,8.2,11.1,2645,2040,,
2022,UT,Utah,Wayne,49055,DIABETES,Diagnosed diabetes among adults,Crude prevalence,CrdPrv,12.3,10.6,14.2,2645,2040,,
2022,UT,Utah,Weber,49057,DIABETES,Diagnosed diabetes among adults,Age-adjusted prevalence,AgeAdjPrv,9.9,8.8,11.3,269561,198457,,
2022,UT,Utah,Weber,49057,DIABETES,Diagnosed diabetes among adults,Crude prevalence,CrdPrv,9.8,8.7,11.2,269561,198457,,
2022,VT,Vermont,Addison,50001,DIABETES,Diagnosed diabetes among adults,Age-adjusted prevalence,AgeAdjPrv,6.2,5.4,7.2,37578,31632,,
2022,VT,Vermont,Addison,50001,DIABETES,Diagnosed diabetes among adults,Crude prevalence,CrdPrv,7.7,6.6,8.8,37578,31632,,
2022,VT,Vermont,Bennington,50003,DIABETES,Diagnosed diabetes among adults,Age-adjusted prevalence,AgeAdjPrv,7.1,6.2,8.1,37392,30482,,
2022,VT,Vermont,Bennington,50003,DIABETES,Diagnosed diabetes among adults,Crude prevalence,CrdPrv,9.6,8.3,10.9,37392,30482,,
2022,VT,Vermont,Caledonia,50005,DIABETES,Diagnosed diabetes among adults,Age-adjusted prevalence,AgeAdjPrv,8.1,7.0,9.3,30579,24948,,
2022,VT,Vermont,Caledonia,50005,DIABETES,Diagnosed diabetes among adults,Crude prevalence,CrdPrv,10.4,9.1,12.0,30579,24948,,
2022,VT,Vermont,Chittenden,50007,DIABETES,Diagnosed diabetes among adults,Age-adjusted prevalence,AgeAdjPrv,6.6,5.7,7.5,169301,140594,,
2022,VT,Vermont,Chittenden,50007,DIABETES,Diagnosed diabetes among adults,Crude prevalence,CrdPrv,7.0,6.1,7.9,169301,140594,,
2022,VT,Vermont,Essex,50009,DIABETES,Diagnosed diabetes among adults,Age-adjusted prevalence,AgeAdjPrv,7.8,6.7,9.1,5994,4952,,
2022,VT,Vermont,Essex,50009,DIABETES,Diagnosed diabetes among adults,Crude prevalence,CrdPrv,11.5,9.9,13.3,5994,4952,,
2022,VT,Vermont,Franklin,50011,DIABETES,Diagnosed diabetes among adults,Age-adjusted prevalence,AgeAdjPrv,7.3,6.3,8.3,50731,39882,,
2022,VT,Vermont,Franklin,50011,DIABETES,Diagnosed diabetes among adults,Crude prevalence,CrdPrv,8.6,7.5,9.9,50731,39882,,
2022,VT,Vermont,Grand Isle,50013,DIABETES,Diagnosed diabetes among adults,Age-adjusted prevalence,AgeAdjPrv,6.5,5.6,7.6,7489,6205,,
2022,VT,Vermont,Grand Isle,50013,DIABETES,Diagnosed diabetes among adults,Crude prevalence,CrdPrv,8.7,7.5,10.2,7489,6205,,
2022,VT,Vermont,Lamoille,50015,DIABETES,Diagnosed diabetes among adults,Age-adjusted prevalence,AgeAdjPrv,6.8,5.9,7.9,26090,20950,,
2022,VT,Vermont,Lamoille,50015,DIABETES,Diagnosed diabetes among adults,Crude prevalence,CrdPrv,8.2,7.1,9.5,26090,20950,,
2022,VT,Vermont,Orange,50017,DIABETES,Diagnosed diabetes among adults,Age-adjusted prevalence,AgeAdjPrv,6.5,5.6,7.4,29846,24643,,
2022,VT,Vermont,Orange,50017,DIABETES,Diagnosed diabetes among adults,Crude prevalence,CrdPrv,8.6,7.5,9.8,29846,24643,,
2022,VT,Vermont,Orleans,50019,DIABETES,Diagnosed diabetes among adults,Age-adjusted prevalence,AgeAdjPrv,7.6,6.6,8.7,27666,22319,,
2022,VT,Vermont,Orleans,50019,DIABETES,Diagnosed diabetes among adults,Crude prevalence,CrdPrv,10.1,8.8,11.5,27666,22319,,
2022,VT,Vermont,Rutland,50021,DIABETES,Diagnosed diabetes among adults,Age-adjusted prevalence,AgeAdjPrv,6.8,5.9,7.9,60366,50011,,
2022,VT,Vermont,Rutland,50021,DIABETES,Diagnosed diabetes among adults,Crude prevalence,CrdPrv,9.2,7.9,10.5,60366,50011,,
2022,VT,Vermont,Washington,50023,DIABETES,Diagnosed diabetes among adults,Age-adjusted prevalence,AgeAdjPrv,6.6,5.7,7.6,60048,49391,,
2022,VT,Vermont,Washington,50023,DIABETES,Diagnosed diabetes among adults,Crude prevalence,CrdPrv,8.2,7.1,9.4,60048,49391,,
2022,VT,Vermont,Windham,50025,DIABETES,Diagnosed diabetes among adults,Age-adjusted prevalence,AgeAdjPrv,6.4,5.5,7.3,45842,38303,,
2022,VT,Vermont,Windham,50025,DIABETES,Diagnosed diabetes among adults,Crude prevalence,CrdPrv,8.6,7.4,9.8,45842,38303,,
2022,VT,Vermont,Windsor,50027,DIABETES,Diagnosed diabetes among adults,Age-adjusted prevalence,AgeAdjPrv,6.3,5.5,7.2,58142,47995,,
2022,VT,Vermont,Windsor,50027,DIABETES,Diagnosed diabetes among adults,Crude prevalence,CrdPrv,8.6,7.4,9.7,58142,47995,,
2022,VA,Virginia,Accomack,51001,DIABETES,Diagnosed diabetes among adults,Age-adjusted prevalence,AgeAdjPrv,13.6,11.9,15.4,33191,26541,,
2022,VA,Virginia,Accomack,51001,DIABETES,Diagnosed diabetes among adults,Crude prevalence,CrdPrv,17.8,15.8,20.1,33191,26541,,
2022,VA,Virginia,Albemarle,51003,DIABETES,Diagnosed diabetes among adults,Age-adjusted prevalence,AgeAdjPrv,9.3,8.1,10.5,114534,92668,,
2022,VA,Virginia,Albemarle,51003,DIABETES,Diagnosed diabetes among adults,Crude prevalence,CrdPrv,10.6,9.3,12.0,114534,92668,,
2022,VA,Virginia,Alleghany,51005,DIABETES,Diagnosed diabetes among adults,Age-adjusted prevalence,AgeAdjPrv,11.3,9.7,13.0,14835,12160,,
2022,VA,Virginia,Alleghany,51005,DIABETES,Diagnosed diabetes among adults,Crude prevalence,CrdPrv,15.7,13.5,17.9,14835,12160,,
2022,VA,Virginia,Amelia,51007,DIABETES,Diagnosed diabetes among adults,Age-adjusted prevalence,AgeAdjPrv,12.4,10.8,14.1,13455,10663,,
2022,VA,Virginia,Amelia,51007,DIABETES,Diagnosed diabetes among adults,Crude prevalence,CrdPrv,15.8,13.8,17.9,13455,10663,,
2022,VA,Virginia,Amherst,51009,DIABETES,Diagnosed diabetes among adults,Age-adjusted prevalence,AgeAdjPrv,12.0,10.4,13.6,31589,25371,,
2022,VA,Virginia,Amherst,51009,DIABETES,Diagnosed diabetes among adults,Crude prevalence,CrdPrv,15.4,13.4,17.4,31589,25371,,
2022,VA,Virginia,Appomattox,51011,DIABETES,Diagnosed diabetes among adults,Age-adjusted prevalence,AgeAdjPrv,12.3,10.7,14.1,16748,13090,,
2022,VA,Virginia,Appomattox,51011,DIABETES,Diagnosed diabetes among adults,Crude prevalence,CrdPrv,15.3,13.4,17.4,16748,13090,,
2022,VA,Virginia,Arlington,51013,DIABETES,Diagnosed diabetes among adults,Age-adjusted prevalence,AgeAdjPrv,9.7,8.4,11.0,234000,191738,,
2022,VA,Virginia,Arlington,51013,DIABETES,Diagnosed diabetes among adults,Crude prevalence,CrdPrv,8.9,7.7,10.1,234000,191738,,
2022,VA,Virginia,Augusta,51015,DIABETES,Diagnosed diabetes among adults,Age-adjusted prevalence,AgeAdjPrv,10.4,9.0,11.9,78064,63899,,
2022,VA,Virginia,Augusta,51015,DIABETES,Diagnosed diabetes among adults,Crude prevalence,CrdPrv,13.2,11.5,15.0,78064,63899,,
2022,VA,Virginia,Bath,51017,DIABETES,Diagnosed diabetes among adults,Age-adjusted prevalence,AgeAdjPrv,12.7,10.8,14.6,4049,3392,,
2022,VA,Virginia,Bath,51017,DIABETES,Diagnosed diabetes among adults,Crude prevalence,CrdPrv,18.0,15.5,20.5,4049,3392,,
2022,VA,Virginia,Bedford,51019,DIABETES,Diagnosed diabetes among adults,Age-adjusted prevalence,AgeAdjPrv,9.8,8.5,11.2,80848,65338,,
2022,VA,Virginia,Bedford,51019,DIABETES,Diagnosed diabetes among adults,Crude prevalence,CrdPrv,12.8,11.1,14.6,80848,65338,,
2022,VA,Virginia,Bland,51021,DIABETES,Diagnosed diabetes among adults,Age-adjusted prevalence,AgeAdjPrv,10.5,9.1,12.1,6148,5270,,
2022,VA,Virginia,Bland,51021,DIABETES,Diagnosed diabetes among adults,Crude prevalence,CrdPrv,13.9,12.1,16.0,6148,5270,,
2022,VA,Virginia,Botetourt,51023,DIABETES,Diagnosed diabetes among adults,Age-adjusted prevalence,AgeAdjPrv,10.0,8.6,11.5,34135,27942,,
2022,VA,Virginia,Botetourt,51023,DIABETES,Diagnosed diabetes among adults,Crude prevalence,CrdPrv,13.7,11.8,15.7,34135,27942,,
2022,VA,Virginia,Brunswick,51025,DIABETES,Diagnosed diabetes among adults,Age-adjusted prevalence,AgeAdjPrv,15.4,13.5,17.3,15921,13372,,
2022,VA,Virginia,Brunswick,51025,DIABETES,Diagnosed diabetes among adults,Crude prevalence,CrdPrv,18.3,16.2,20.6,15921,13372,,
2022,VA,Virginia,Buchanan,51027,DIABETES,Diagnosed diabetes among adults,Age-adjusted prevalence,AgeAdjPrv,13.7,11.9,15.6,19352,16054,,
2022,VA,Virginia,Buchanan,51027,DIABETES,Diagnosed diabetes among adults,Crude prevalence,CrdPrv,17.8,15.6,20.3,19352,16054,,
2022,VA,Virginia,Buckingham,51029,DIABETES,Diagnosed diabetes among adults,Age-adjusted prevalence,AgeAdjPrv,13.9,12.1,15.8,16982,14013,,
2022,VA,Virginia,Buckingham,51029,DIABETES,Diagnosed diabetes among adults,Crude prevalence,CrdPrv,16.7,14.6,18.9,16982,14013,,
2022,VA,Virginia,Campbell,51031,DIABETES,Diagnosed diabetes among adults,Age-adjusted prevalence,AgeAdjPrv,11.4,9.9,13.0,55141,44600,,
2022,VA,Virginia,Campbell,51031,DIABETES,Diagnosed diabetes among adults,Crude prevalence,CrdPrv,14.2,12.4,16.1,55141,44600,,
2022,VA,Virginia,Caroline,51033,DIABETES,Diagnosed diabetes among adults,Age-adjusted prevalence,AgeAdjPrv,12.4,10.9,14.1,31957,24802,,
2022,VA,Virginia,Caroline,51033,DIABETES,Diagnosed diabetes among adults,Crude prevalence,CrdPrv,14.6,12.8,16.6,31957,24802,,
2022,VA,Virginia,Carroll,51035,DIABETES,Diagnosed diabetes among adults,Age-adjusted prevalence,AgeAdjPrv,11.1,9.7,12.8,29147,24080,,
2022,VA,Virginia,Carroll,51035,DIABETES,Diagnosed diabetes among adults,Crude prevalence,CrdPrv,15.1,13.2,17.3,29147,24080,,
2022,VA,Virginia,Charles City,51036,DIABETES,Diagnosed diabetes among adults,Age-adjusted prevalence,AgeAdjPrv,14.3,12.5,16.2,6605,5658,,
2022,VA,Virginia,Charles City,51036,DIABETES,Diagnosed diabetes among adults,Crude prevalence,CrdPrv,19.8,17.4,22.3,6605,5658,,
2022,VA,Virginia,Charlotte,51037,DIABETES,Diagnosed diabetes among adults,Age-adjusted prevalence,AgeAdjPrv,14.0,12.2,15.9,11475,8994,,
2022,VA,Virginia,Charlotte,51037,DIABETES,Diagnosed diabetes among adults,Crude prevalence,CrdPrv,18.6,16.3,21.0,11475,8994,,
2022,VA,Virginia,Chesterfield,51041,DIABETES,Diagnosed diabetes among adults,Age-adjusted prevalence,AgeAdjPrv,10.9,9.8,12.2,378408,290363,,
2022,VA,Virginia,Chesterfield,51041,DIABETES,Diagnosed diabetes among adults,Crude prevalence,CrdPrv,12.4,11.2,13.8,378408,290363,,
2022,VA,Virginia,Clarke,51043,DIABETES,Diagnosed diabetes among adults,Age-adjusted prevalence,AgeAdjPrv,9.7,8.4,11.2,15266,12339,,
2022,VA,Virginia,Clarke,51043,DIABETES,Diagnosed diabetes among adults,Crude prevalence,CrdPrv,12.9,11.2,14.8,15266,12339,,
2022,VA,Virginia,Craig,51045,DIABETES,Diagnosed diabetes among adults,Age-adjusted prevalence,AgeAdjPrv,10.7,9.1,12.3,4847,4059,,
2022,VA,Virginia,Craig,51045,DIABETES,Diagnosed diabetes among adults,Crude prevalence,CrdPrv,14.5,12.4,16.7,4847,4059,,
2022,VA,Virginia,Culpeper,51047,DIABETES,Diagnosed diabetes among adults,Age-adjusted prevalence,AgeAdjPrv,11.6,10.1,13.3,54381,41078,,
2022,VA,Virginia,Culpeper,51047,DIABETES,Diagnosed diabetes among adults,Crude prevalence,CrdPrv,13.6,11.8,15.5,54381,41078,,
2022,VA,Virginia,Cumberland,51049,DIABETES,Diagnosed diabetes among adults,Age-adjusted prevalence,AgeAdjPrv,12.3,10.6,13.9,9746,7855,,
2022,VA,Virginia,Cumberland,51049,DIABETES,Diagnosed diabetes among adults,Crude prevalence,CrdPrv,16.1,14.1,18.3,9746,7855,,
2022,VA,Virginia,Dickenson,51051,DIABETES,Diagnosed diabetes among adults,Age-adjusted prevalence,AgeAdjPrv,12.2,10.6,13.9,13725,11100,,
2022,VA,Virginia,Dickenson,51051,DIABETES,Diagnosed diabetes among adults,Crude prevalence,CrdPrv,16.0,14.0,18.2,13725,11100,,
2022,VA,Virginia,Dinwiddie,51053,DIABETES,Diagnosed diabetes among adults,Age-adjusted prevalence,AgeAdjPrv,12.6,11.0,14.4,28161,22569,,
2022,VA,Virginia,Dinwiddie,51053,DIABETES,Diagnosed diabetes among adults,Crude prevalence,CrdPrv,15.6,13.6,17.7,28161,22569,,
2022,VA,Virginia,Essex,51057,DIABETES,Diagnosed diabetes among adults,Age-adjusted prevalence,AgeAdjPrv,14.7,12.9,16.6,10630,8790,,
2022,VA,Virginia,Essex,51057,DIABETES,Diagnosed diabetes among adults,Crude prevalence,CrdPrv,19.2,16.9,21.6,10630,8790,,
2022,VA,Virginia,Fairfax,51059,DIABETES,Diagnosed diabetes among adults,Age-adjusted prevalence,AgeAdjPrv,9.7,8.6,11.0,1138331,880511,,
2022,VA,Virginia,Fairfax,51059,DIABETES,Diagnosed diabetes among adults,Crude prevalence,CrdPrv,10.7,9.5,12.1,1138331,880511,,
2022,VA,Virginia,Fauquier,51061,DIABETES,Diagnosed diabetes among adults,Age-adjusted prevalence,AgeAdjPrv,9.7,8.4,11.1,74664,57554,,
2022,VA,Virginia,Fauquier,51061,DIABETES,Diagnosed diabetes among adults,Crude prevalence,CrdPrv,11.7,10.2,13.3,74664,57554,,
2022,VA,Virginia,Floyd,51063,DIABETES,Diagnosed diabetes among adults,Age-adjusted prevalence,AgeAdjPrv,10.4,9.0,11.9,15619,12691,,
2022,VA,Virginia,Floyd,51063,DIABETES,Diagnosed diabetes among adults,Crude prevalence,CrdPrv,14.1,12.3,16.1,15619,12691,,
2022,VA,Virginia,Fluvanna,51065,DIABETES,Diagnosed diabetes among adults,Age-adjusted prevalence,AgeAdjPrv,10.7,9.3,12.2,28159,22759,,
2022,VA,Virginia,Fluvanna,51065,DIABETES,Diagnosed diabetes among adults,Crude prevalence,CrdPrv,13.5,11.8,15.4,28159,22759,,
2022,VA,Virginia,Franklin,51067,DIABETES,Diagnosed diabetes among adults,Age-adjusted prevalence,AgeAdjPrv,10.9,9.6,12.4,55074,45032,,
2022,VA,Virginia,Franklin,51067,DIABETES,Diagnosed diabetes among adults,Crude prevalence,CrdPrv,15.4,13.5,17.4,55074,45032,,
2022,VA,Virginia,Frederick,51069,DIABETES,Diagnosed diabetes among adults,Age-adjusted prevalence,AgeAdjPrv,11.0,9.6,12.5,95051,73724,,
2022,VA,Virginia,Frederick,51069,DIABETES,Diagnosed diabetes among adults,Crude prevalence,CrdPrv,13.3,11.6,15.1,95051,73724,,
2022,VA,Virginia,Giles,51071,DIABETES,Diagnosed diabetes among adults,Age-adjusted prevalence,AgeAdjPrv,10.8,9.4,12.4,16453,13238,,
2022,VA,Virginia,Giles,51071,DIABETES,Diagnosed diabetes among adults,Crude prevalence,CrdPrv,13.9,12.1,15.8,16453,13238,,
2022,VA,Virginia,Gloucester,51073,DIABETES,Diagnosed diabetes among adults,Age-adjusted prevalence,AgeAdjPrv,10.3,8.9,11.7,39493,31670,,
2022,VA,Virginia,Gloucester,51073,DIABETES,Diagnosed diabetes among adults,Crude prevalence,CrdPrv,13.2,11.5,15.0,39493,31670,,
2022,VA,Virginia,Goochland,51075,DIABETES,Diagnosed diabetes among adults,Age-adjusted prevalence,AgeAdjPrv,9.7,8.3,11.2,26109,21866,,
2022,VA,Virginia,Goochland,51075,DIABETES,Diagnosed diabetes among adults,Crude prevalence,CrdPrv,13.3,11.5,15.3,26109,21866,,
2022,VA,Virginia,Grayson,51077,DIABETES,Diagnosed diabetes among adults,Age-adjusted prevalence,AgeAdjPrv,13.2,11.5,15.0,15343,12876,,
2022,VA,Virginia,Grayson,51077,DIABETES,Diagnosed diabetes among adults,Crude prevalence,CrdPrv,17.5,15.4,19.9,15343,12876,,
2022,VA,Virginia,Greene,51079,DIABETES,Diagnosed diabetes among adults,Age-adjusted prevalence,AgeAdjPrv,10.6,9.2,12.2,21107,16206,,
2022,VA,Virginia,Greene,51079,DIABETES,Diagnosed diabetes among adults,Crude prevalence,CrdPrv,13.0,11.3,14.9,21107,16206,,
2022,VA,Virginia,Greensville,51081,DIABETES,Diagnosed diabetes among adults,Age-adjusted prevalence,AgeAdjPrv,15.8,13.9,17.8,11226,9403,,
2022,VA,Virginia,Greensville,51081,DIABETES,Diagnosed diabetes among adults,Crude prevalence,CrdPrv,16.9,14.8,18.9,11226,9403,,
2022,VA,Virginia,Halifax,51083,DIABETES,Diagnosed diabetes among adults,Age-adjusted prevalence,AgeAdjPrv,14.2,12.5,16.0,33644,26783,,
2022,VA,Virginia,Halifax,51083,DIABETES,Diagnosed diabetes among adults,Crude prevalence,CrdPrv,19.1,16.9,21.4,33644,26783,,
2022,VA,Virginia,Hanover,51085,DIABETES,Diagnosed diabetes among adults,Age-adjusted prevalence,AgeAdjPrv,10.4,9.0,11.8,112938,88915,,
2022,VA,Virginia,Hanover,51085,DIABETES,Diagnosed diabetes among adults,Crude prevalence,CrdPrv,12.7,11.1,14.5,112938,88915,,
2022,VA,Virginia,Henrico,51087,DIABETES,Diagnosed diabetes among adults,Age-adjusted prevalence,AgeAdjPrv,11.3,9.9,12.8,333962,261268,,
2022,VA,Virginia,Henrico,51087,DIABETES,Diagnosed diabetes among adults,Crude prevalence,CrdPrv,12.8,11.3,14.5,333962,261268,,
2022,VA,Virginia,Henry,51089,DIABETES,Diagnosed diabetes among adults,Age-adjusted prevalence,AgeAdjPrv,14.0,12.3,15.8,49906,40552,,
2022,VA,Virginia,Henry,51089,DIABETES,Diagnosed diabetes among adults,Crude prevalence,CrdPrv,18.6,16.4,20.9,49906,40552,,
2022,VA,Virginia,Highland,51091,DIABETES,Diagnosed diabetes among adults,Age-adjusted prevalence,AgeAdjPrv,9.5,8.2,11.0,2301,2001,,
2022,VA,Virginia,Highland,51091,DIABETES,Diagnosed diabetes among adults,Crude prevalence,CrdPrv,15.3,13.2,17.5,2301,2001,,
2022,VA,Virginia,Isle of Wight,51093,DIABETES,Diagnosed diabetes among adults,Age-adjusted prevalence,AgeAdjPrv,11.6,10.1,13.2,40151,31600,,
2022,VA,Virginia,Isle of Wight,51093,DIABETES,Diagnosed diabetes among adults,Crude prevalence,CrdPrv,14.7,12.9,16.7,40151,31600,,
2022,VA,Virginia,James City,51095,DIABETES,Diagnosed diabetes among adults,Age-adjusted prevalence,AgeAdjPrv,9.8,8.5,11.2,81199,65570,,
2022,VA,Virginia,James City,51095,DIABETES,Diagnosed diabetes among adults,Crude prevalence,CrdPrv,13.5,11.7,15.4,81199,65570,,
2022,VA,Virginia,King and Queen,51097,DIABETES,Diagnosed diabetes among adults,Age-adjusted prevalence,AgeAdjPrv,13.1,11.5,15.0,6718,5521,,
2022,VA,Virginia,King and Queen,51097,DIABETES,Diagnosed diabetes among adults,Crude prevalence,CrdPrv,17.4,15.3,19.7,6718,5521,,
2022,VA,Virginia,King George,51099,DIABETES,Diagnosed diabetes among adults,Age-adjusted prevalence,AgeAdjPrv,10.9,9.5,12.4,27856,21060,,
2022,VA,Virginia,King George,51099,DIABETES,Diagnosed diabetes among adults,Crude prevalence,CrdPrv,12.4,10.8,14.0,27856,21060,,
2022,VA,Virginia,King William,51101,DIABETES,Diagnosed diabetes among adults,Age-adjusted prevalence,AgeAdjPrv,11.8,10.3,13.5,18492,14369,,
2022,VA,Virginia,King William,51101,DIABETES,Diagnosed diabetes among adults,Crude prevalence,CrdPrv,14.0,12.2,16.0,18492,14369,,
2022,VA,Virginia,Lancaster,51103,DIABETES,Diagnosed diabetes among adults,Age-adjusted prevalence,AgeAdjPrv,12.0,10.5,13.7,10750,9166,,
2022,VA,Virginia,Lancaster,51103,DIABETES,Diagnosed diabetes among adults,Crude prevalence,CrdPrv,18.5,16.3,21.0,10750,9166,,
2022,VA,Virginia,Lee,51105,DIABETES,Diagnosed diabetes among adults,Age-adjusted prevalence,AgeAdjPrv,12.9,11.2,14.7,21982,17912,,
2022,VA,Virginia,Lee,51105,DIABETES,Diagnosed diabetes among adults,Crude prevalence,CrdPrv,16.5,14.4,18.7,21982,17912,,
2022,VA,Virginia,Loudoun,51107,DIABETES,Diagnosed diabetes among adults,Age-adjusted prevalence,AgeAdjPrv,9.7,8.5,11.0,432085,318192,,
2022,VA,Virginia,Loudoun,51107,DIABETES,Diagnosed diabetes among adults,Crude prevalence,CrdPrv,10.2,8.9,11.6,432085,318192,,
2022,VA,Virginia,Louisa,51109,DIABETES,Diagnosed diabetes among adults,Age-adjusted prevalence,AgeAdjPrv,10.5,9.1,12.0,40116,32188,,
2022,VA,Virginia,Louisa,51109,DIABETES,Diagnosed diabetes among adults,Crude prevalence,CrdPrv,13.6,11.9,15.4,40116,32188,,
2022,VA,Virginia,Lunenburg,51111,DIABETES,Diagnosed diabetes among adults,Age-adjusted prevalence,AgeAdjPrv,14.4,12.6,16.3,12031,9648,,
2022,VA,Virginia,Lunenburg,51111,DIABETES,Diagnosed diabetes among adults,Crude prevalence,CrdPrv,18.5,16.3,20.8,12031,9648,,
2022,VA,Virginia,Madison,51113,DIABETES,Diagnosed diabetes among adults,Age-adjusted prevalence,AgeAdjPrv,10.7,9.3,12.3,14000,11242,,
2022,VA,Virginia,Madison,51113,DIABETES,Diagnosed diabetes among adults,Crude prevalence,CrdPrv,14.6,12.7,16.6,14000,11242,,
2022,VA,Virginia,Mathews,51115,DIABETES,Diagnosed diabetes among adults,Age-adjusted prevalence,AgeAdjPrv,10.2,8.8,11.6,8490,7202,,
2022,VA,Virginia,Mathews,51115,DIABETES,Diagnosed diabetes among adults,Crude prevalence,CrdPrv,15.7,13.7,17.9,8490,7202,,
2022,VA,Virginia,Mecklenburg,51117,DIABETES,Diagnosed diabetes among adults,Age-adjusted prevalence,AgeAdjPrv,13.3,11.6,15.1,30508,24947,,
2022,VA,Virginia,Mecklenburg,51117,DIABETES,Diagnosed diabetes among adults,Crude prevalence,CrdPrv,18.1,15.9,20.4,30508,24947,,
2022,VA,Virginia,Middlesex,51119,DIABETES,Diagnosed diabetes among adults,Age-adjusted prevalence,AgeAdjPrv,11.5,10.7,12.7,10943,9188,,
2022,VA,Virginia,Middlesex,51119,DIABETES,Diagnosed diabetes among adults,Crude prevalence,CrdPrv,17.0,15.8,18.8,10943,9188,,
2022,VA,Virginia,Montgomery,51121,DIABETES,Diagnosed diabetes among adults,Age-adjusted prevalence,AgeAdjPrv,11.4,9.9,13.0,98915,84088,,
2022,VA,Virginia,Montgomery,51121,DIABETES,Diagnosed diabetes among adults,Crude prevalence,CrdPrv,9.8,8.5,11.1,98915,84088,,
2022,VA,Virginia,Nelson,51125,DIABETES,Diagnosed diabetes among adults,Age-adjusted prevalence,AgeAdjPrv,10.5,9.1,12.1,14652,12160,,
2022,VA,Virginia,Nelson,51125,DIABETES,Diagnosed diabetes among adults,Crude prevalence,CrdPrv,15.6,13.6,17.9,14652,12160,,
2022,VA,Virginia,New Kent,51127,DIABETES,Diagnosed diabetes among adults,Age-adjusted prevalence,AgeAdjPrv,9.8,8.5,11.2,24986,20196,,
2022,VA,Virginia,New Kent,51127,DIABETES,Diagnosed diabetes among adults,Crude prevalence,CrdPrv,11.8,10.3,13.6,24986,20196,,
2022,VA,Virginia,Northampton,51131,DIABETES,Diagnosed diabetes among adults,Age-adjusted prevalence,AgeAdjPrv,12.7,11.0,14.5,11900,9736,,
2022,VA,Virginia,Northampton,51131,DIABETES,Diagnosed diabetes among adults,Crude prevalence,CrdPrv,18.1,15.9,20.5,11900,9736,,
2022,VA,Virginia,Northumberland,51133,DIABETES,Diagnosed diabetes among adults,Age-adjusted prevalence,AgeAdjPrv,11.7,10.2,13.3,12302,10611,,
2022,VA,Virginia,Northumberland,51133,DIABETES,Diagnosed diabetes among adults,Crude prevalence,CrdPrv,18.0,15.9,20.5,12302,10611,,
2022,VA,Virginia,Nottoway,51135,DIABETES,Diagnosed diabetes among adults,Age-adjusted prevalence,AgeAdjPrv,14.8,12.9,16.8,15559,12503,,
2022,VA,Virginia,Nottoway,51135,DIABETES,Diagnosed diabetes among adults,Crude prevalence,CrdPrv,16.9,14.9,19.1,15559,12503,,
2022,VA,Virginia,Orange,51137,DIABETES,Diagnosed diabetes among adults,Age-adjusted prevalence,AgeAdjPrv,11.0,9.6,12.5,37991,29909,,
2022,VA,Virginia,Orange,51137,DIABETES,Diagnosed diabetes among adults,Crude prevalence,CrdPrv,13.6,11.9,15.4,37991,29909,,
2022,VA,Virginia,Page,51139,DIABETES,Diagnosed diabetes among adults,Age-adjusted prevalence,AgeAdjPrv,11.1,9.7,12.8,23750,19080,,
2022,VA,Virginia,Page,51139,DIABETES,Diagnosed diabetes among adults,Crude prevalence,CrdPrv,14.5,12.7,16.6,23750,19080,,
2022,VA,Virginia,Patrick,51141,DIABETES,Diagnosed diabetes among adults,Age-adjusted prevalence,AgeAdjPrv,11.9,10.3,13.5,17643,14571,,
2022,VA,Virginia,Patrick,51141,DIABETES,Diagnosed diabetes among adults,Crude prevalence,CrdPrv,17.1,14.8,19.4,17643,14571,,
2022,VA,Virginia,Pittsylvania,51143,DIABETES,Diagnosed diabetes among adults,Age-adjusted prevalence,AgeAdjPrv,13.7,12.1,15.5,59952,49308,,
2022,VA,Virginia,Pittsylvania,51143,DIABETES,Diagnosed diabetes among adults,Crude prevalence,CrdPrv,18.0,15.9,20.2,59952,49308,,
2022,VA,Virginia,Powhatan,51145,DIABETES,Diagnosed diabetes among adults,Age-adjusted prevalence,AgeAdjPrv,9.5,8.2,11.0,31489,25834,,
2022,VA,Virginia,Powhatan,51145,DIABETES,Diagnosed diabetes among adults,Crude prevalence,CrdPrv,12.1,10.5,14.0,31489,25834,,
2022,VA,Virginia,Prince Edward,51147,DIABETES,Diagnosed diabetes among adults,Age-adjusted prevalence,AgeAdjPrv,13.7,12.0,15.5,21927,18475,,
2022,VA,Virginia,Prince Edward,51147,DIABETES,Diagnosed diabetes among adults,Crude prevalence,CrdPrv,12.9,11.3,14.5,21927,18475,,
2022,VA,Virginia,Prince George,51149,DIABETES,Diagnosed diabetes among adults,Age-adjusted prevalence,AgeAdjPrv,13.1,11.5,14.9,43134,34706,,
2022,VA,Virginia,Prince George,51149,DIABETES,Diagnosed diabetes among adults,Crude prevalence,CrdPrv,12.3,10.7,13.9,43134,34706,,
2022,VA,Virginia,Prince William,51153,DIABETES,Diagnosed diabetes among adults,Age-adjusted prevalence,AgeAdjPrv,11.5,10.1,13.0,486943,359099,,
2022,VA,Virginia,Prince William,51153,DIABETES,Diagnosed diabetes among adults,Crude prevalence,CrdPrv,12.0,10.6,13.5,486943,359099,,
2022,VA,Virginia,Pulaski,51155,DIABETES,Diagnosed diabetes among adults,Age-adjusted prevalence,AgeAdjPrv,10.5,9.1,12.0,33706,27776,,
2022,VA,Virginia,Pulaski,51155,DIABETES,Diagnosed diabetes among adults,Crude prevalence,CrdPrv,13.7,11.9,15.5,33706,27776,,
2022,VA,Virginia,Rappahannock,51157,DIABETES,Diagnosed diabetes among adults,Age-adjusted prevalence,AgeAdjPrv,10.7,9.2,12.3,7502,6267,,
2022,VA,Virginia,Rappahannock,51157,DIABETES,Diagnosed diabetes among adults,Crude prevalence,CrdPrv,15.1,13.0,17.2,7502,6267,,
2022,VA,Virginia,Richmond,51159,DIABETES,Diagnosed diabetes among adults,Age-adjusted prevalence,AgeAdjPrv,14.2,12.4,16.1,9080,7474,,
2022,VA,Virginia,Richmond,51159,DIABETES,Diagnosed diabetes among adults,Crude prevalence,CrdPrv,16.7,14.7,18.9,9080,7474,,
2022,VA,Virginia,Roanoke,51161,DIABETES,Diagnosed diabetes among adults,Age-adjusted prevalence,AgeAdjPrv,9.7,8.3,11.4,96914,78151,,
2022,VA,Virginia,Roanoke,51161,DIABETES,Diagnosed diabetes among adults,Crude prevalence,CrdPrv,12.2,10.5,14.3,96914,78151,,
2022,VA,Virginia,Rockbridge,51163,DIABETES,Diagnosed diabetes among adults,Age-adjusted prevalence,AgeAdjPrv,10.6,9.3,12.1,22593,18744,,
2022,VA,Virginia,Rockbridge,51163,DIABETES,Diagnosed diabetes among adults,Crude prevalence,CrdPrv,14.4,12.6,16.3,22593,18744,,
2022,VA,Virginia,Rockingham,51165,DIABETES,Diagnosed diabetes among adults,Age-adjusted prevalence,AgeAdjPrv,10.1,8.8,11.5,85397,66868,,
2022,VA,Virginia,Rockingham,51165,DIABETES,Diagnosed diabetes among adults,Crude prevalence,CrdPrv,12.2,10.6,13.8,85397,66868,,
2022,VA,Virginia,Russell,51167,DIABETES,Diagnosed diabetes among adults,Age-adjusted prevalence,AgeAdjPrv,12.3,10.8,13.8,25448,20642,,
2022,VA,Virginia,Russell,51167,DIABETES,Diagnosed diabetes among adults,Crude prevalence,CrdPrv,16.5,14.6,18.5,25448,20642,,
2022,VA,Virginia,Scott,51169,DIABETES,Diagnosed diabetes among adults,Age-adjusted prevalence,AgeAdjPrv,12.1,10.6,13.9,21476,17620,,
2022,VA,Virginia,Scott,51169,DIABETES,Diagnosed diabetes among adults,Crude prevalence,CrdPrv,16.6,14.6,18.9,21476,17620,,
2022,VA,Virginia,Shenandoah,51171,DIABETES,Diagnosed diabetes among adults,Age-adjusted prevalence,AgeAdjPrv,11.4,9.8,13.0,44968,35508,,
2022,VA,Virginia,Shenandoah,51171,DIABETES,Diagnosed diabetes among adults,Crude prevalence,CrdPrv,14.7,12.7,16.7,44968,35508,,
2022,VA,Virginia,Smyth,51173,DIABETES,Diagnosed diabetes among adults,Age-adjusted prevalence,AgeAdjPrv,12.4,10.8,14.1,29449,23831,,
2022,VA,Virginia,Smyth,51173,DIABETES,Diagnosed diabetes among adults,Crude prevalence,CrdPrv,15.9,13.9,18.0,29449,23831,,
2022,VA,Virginia,Southampton,51175,DIABETES,Diagnosed diabetes among adults,Age-adjusted prevalence,AgeAdjPrv,12.1,10.5,13.8,17932,14624,,
2022,VA,Virginia,Southampton,51175,DIABETES,Diagnosed diabetes among adults,Crude prevalence,CrdPrv,15.6,13.6,17.7,17932,14624,,
2022,VA,Virginia,Spotsylvania,51177,DIABETES,Diagnosed diabetes among adults,Age-adjusted prevalence,AgeAdjPrv,11.6,10.2,13.2,146688,111328,,
2022,VA,Virginia,Spotsylvania,51177,DIABETES,Diagnosed diabetes among adults,Crude prevalence,CrdPrv,13.1,11.5,14.8,146688,111328,,
2022,VA,Virginia,Stafford,51179,DIABETES,Diagnosed diabetes among adults,Age-adjusted prevalence,AgeAdjPrv,11.0,9.6,12.6,163380,121070,,
2022,VA,Virginia,Stafford,51179,DIABETES,Diagnosed diabetes among adults,Crude prevalence,CrdPrv,11.5,10.0,13.2,163380,121070,,
2022,VA,Virginia,Surry,51181,DIABETES,Diagnosed diabetes among adults,Age-adjusted prevalence,AgeAdjPrv,13.2,11.4,15.0,6527,5431,,
2022,VA,Virginia,Surry,51181,DIABETES,Diagnosed diabetes among adults,Crude prevalence,CrdPrv,18.0,15.8,20.5,6527,5431,,
2022,VA,Virginia,Sussex,51183,DIABETES,Diagnosed diabetes among adults,Age-adjusted prevalence,AgeAdjPrv,14.8,13.0,16.7,10680,8989,,
2022,VA,Virginia,Sussex,51183,DIABETES,Diagnosed diabetes among adults,Crude prevalence,CrdPrv,16.5,14.6,18.6,10680,8989,,
2022,VA,Virginia,Tazewell,51185,DIABETES,Diagnosed diabetes among adults,Age-adjusted prevalence,AgeAdjPrv,12.1,10.6,13.7,39821,32166,,
2022,VA,Virginia,Tazewell,51185,DIABETES,Diagnosed diabetes among adults,Crude prevalence,CrdPrv,15.7,13.7,17.7,39821,32166,,
2022,VA,Virginia,Warren,51187,DIABETES,Diagnosed diabetes among adults,Age-adjusted prevalence,AgeAdjPrv,11.2,9.7,12.8,41440,32519,,
2022,VA,Virginia,Warren,51187,DIABETES,Diagnosed diabetes among adults,Crude prevalence,CrdPrv,13.2,11.4,15.0,41440,32519,,
2022,VA,Virginia,Washington,51191,DIABETES,Diagnosed diabetes among adults,Age-adjusted prevalence,AgeAdjPrv,10.9,9.4,12.5,53958,44551,,
2022,VA,Virginia,Washington,51191,DIABETES,Diagnosed diabetes among adults,Crude prevalence,CrdPrv,14.3,12.5,16.4,53958,44551,,
2022,VA,Virginia,Westmoreland,51193,DIABETES,Diagnosed diabetes among adults,Age-adjusted prevalence,AgeAdjPrv,13.6,11.9,15.4,18712,15321,,
2022,VA,Virginia,Westmoreland,51193,DIABETES,Diagnosed diabetes among adults,Crude prevalence,CrdPrv,18.6,16.4,21.0,18712,15321,,
2022,VA,Virginia,Wise,51195,DIABETES,Diagnosed diabetes among adults,Age-adjusted prevalence,AgeAdjPrv,12.8,11.2,14.6,35421,28619,,
2022,VA,Virginia,Wise,51195,DIABETES,Diagnosed diabetes among adults,Crude prevalence,CrdPrv,15.3,13.5,17.3,35421,28619,,
2022,VA,Virginia,Wythe,51197,DIABETES,Diagnosed diabetes among adults,Age-adjusted prevalence,AgeAdjPrv,10.7,9.3,12.2,28111,22695,,
2022,VA,Virginia,Wythe,51197,DIABETES,Diagnosed diabetes among adults,Crude prevalence,CrdPrv,13.9,12.1,15.8,28111,22695,,
2022,VA,Virginia,York,51199,DIABETES,Diagnosed diabetes among adults,Age-adjusted prevalence,AgeAdjPrv,9.8,8.5,11.2,71341,55080,,
2022,VA,Virginia,York,51199,DIABETES,Diagnosed diabetes among adults,Crude prevalence,CrdPrv,11.5,9.9,13.1,71341,55080,,
2022,VA,Virginia,Alexandria,51510,DIABETES,Diagnosed diabetes among adults,Age-adjusted prevalence,AgeAdjPrv,10.3,8.9,11.7,155525,127632,,
2022,VA,Virginia,Alexandria,51510,DIABETES,Diagnosed diabetes among adults,Crude prevalence,CrdPrv,10.2,8.9,11.7,155525,127632,,
2022,VA,Virginia,Bristol,51520,DIABETES,Diagnosed diabetes among adults,Age-adjusted prevalence,AgeAdjPrv,12.0,10.6,13.6,16975,13572,,
2022,VA,Virginia,Bristol,51520,DIABETES,Diagnosed diabetes among adults,Crude prevalence,CrdPrv,15.0,13.3,17.0,16975,13572,,
2022,VA,Virginia,Buena Vista,51530,DIABETES,Diagnosed diabetes among adults,Age-adjusted prevalence,AgeAdjPrv,12.5,10.7,14.2,6591,5211,,
2022,VA,Virginia,Buena Vista,51530,DIABETES,Diagnosed diabetes among adults,Crude prevalence,CrdPrv,13.6,11.8,15.4,6591,5211,,
2022,VA,Virginia,Charlottesville,51540,DIABETES,Diagnosed diabetes among adults,Age-adjusted prevalence,AgeAdjPrv,12.3,10.8,14.1,45373,38094,,
2022,VA,Virginia,Charlottesville,51540,DIABETES,Diagnosed diabetes among adults,Crude prevalence,CrdPrv,11.1,9.7,12.7,45373,38094,,
2022,VA,Virginia,Chesapeake,51550,DIABETES,Diagnosed diabetes among adults,Age-adjusted prevalence,AgeAdjPrv,12.4,10.9,13.9,252488,192359,,
2022,VA,Virginia,Chesapeake,51550,DIABETES,Diagnosed diabetes among adults,Crude prevalence,CrdPrv,13.4,11.8,15.1,252488,192359,,
2022,VA,Virginia,Colonial Heights,51570,DIABETES,Diagnosed diabetes among adults,Age-adjusted prevalence,AgeAdjPrv,11.1,9.7,12.7,18294,13844,,
2022,VA,Virginia,Colonial Heights,51570,DIABETES,Diagnosed diabetes among adults,Crude prevalence,CrdPrv,13.2,11.5,15.1,18294,13844,,
2022,VA,Virginia,Covington,51580,DIABETES,Diagnosed diabetes among adults,Age-adjusted prevalence,AgeAdjPrv,11.9,10.3,13.7,5679,4365,,
2022,VA,Virginia,Covington,51580,DIABETES,Diagnosed diabetes among adults,Crude prevalence,CrdPrv,14.7,12.8,16.8,5679,4365,,
2022,VA,Virginia,Danville,51590,DIABETES,Diagnosed diabetes among adults,Age-adjusted prevalence,AgeAdjPrv,16.4,14.5,18.6,42229,32917,,
2022,VA,Virginia,Danville,51590,DIABETES,Diagnosed diabetes among adults,Crude prevalence,CrdPrv,20.0,17.7,22.5,42229,32917,,
2022,VA,Virginia,Emporia,51595,DIABETES,Diagnosed diabetes among adults,Age-adjusted prevalence,AgeAdjPrv,16.9,14.9,19.0,5481,4107,,
2022,VA,Virginia,Emporia,51595,DIABETES,Diagnosed diabetes among adults,Crude prevalence,CrdPrv,20.2,17.9,22.6,5481,4107,,
2022,VA,Virginia,Fairfax,51600,DIABETES,Diagnosed diabetes among adults,Age-adjusted prevalence,AgeAdjPrv,10.9,9.5,12.5,24835,18613,,
2022,VA,Virginia,Fairfax,51600,DIABETES,Diagnosed diabetes among adults,Crude prevalence,CrdPrv,11.8,10.3,13.4,24835,18613,,
2022,VA,Virginia,Falls Church,51610,DIABETES,Diagnosed diabetes among adults,Age-adjusted prevalence,AgeAdjPrv,8.6,7.4,9.9,14586,11069,,
2022,VA,Virginia,Falls Church,51610,DIABETES,Diagnosed diabetes among adults,Crude prevalence,CrdPrv,9.8,8.5,11.3,14586,11069,,
2022,VA,Virginia,Franklin,51620,DIABETES,Diagnosed diabetes among adults,Age-adjusted prevalence,AgeAdjPrv,15.1,12.9,17.5,8247,6057,,
2022,VA,Virginia,Franklin,51620,DIABETES,Diagnosed diabetes among adults,Crude prevalence,CrdPrv,18.3,15.8,21.2,8247,6057,,
2022,VA,Virginia,Fredericksburg,51630,DIABETES,Diagnosed diabetes among adults,Age-adjusted prevalence,AgeAdjPrv,12.9,11.2,14.5,28757,22788,,
2022,VA,Virginia,Fredericksburg,51630,DIABETES,Diagnosed diabetes among adults,Crude prevalence,CrdPrv,11.5,10.0,13.0,28757,22788,,
2022,VA,Virginia,Galax,51640,DIABETES,Diagnosed diabetes among adults,Age-adjusted prevalence,AgeAdjPrv,13.8,12.2,15.8,6730,4984,,
2022,VA,Virginia,Galax,51640,DIABETES,Diagnosed diabetes among adults,Crude prevalence,CrdPrv,16.2,14.3,18.4,6730,4984,,
2022,VA,Virginia,Hampton,51650,DIABETES,Diagnosed diabetes among adults,Age-adjusted prevalence,AgeAdjPrv,13.4,11.9,15.1,138037,108603,,
2022,VA,Virginia,Hampton,51650,DIABETES,Diagnosed diabetes among adults,Crude prevalence,CrdPrv,14.4,12.8,16.2,138037,108603,,
2022,VA,Virginia,Harrisonburg,51660,DIABETES,Diagnosed diabetes among adults,Age-adjusted prevalence,AgeAdjPrv,13.9,12.1,15.7,51158,42615,,
2022,VA,Virginia,Harrisonburg,51660,DIABETES,Diagnosed diabetes among adults,Crude prevalence,CrdPrv,10.0,8.7,11.3,51158,42615,,
2022,VA,Virginia,Hopewell,51670,DIABETES,Diagnosed diabetes among adults,Age-adjusted prevalence,AgeAdjPrv,16.2,14.2,18.3,22962,17181,,
2022,VA,Virginia,Hopewell,51670,DIABETES,Diagnosed diabetes among adults,Crude prevalence,CrdPrv,17.9,15.8,20.2,22962,17181,,
2022,VA,Virginia,Lexington,51678,DIABETES,Diagnosed diabetes among adults,Age-adjusted prevalence,AgeAdjPrv,10.4,9.0,12.0,7457,6480,,
2022,VA,Virginia,Lexington,51678,DIABETES,Diagnosed diabetes among adults,Crude prevalence,CrdPrv,7.9,6.8,9.0,7457,6480,,
2022,VA,Virginia,Lynchburg,51680,DIABETES,Diagnosed diabetes among adults,Age-adjusted prevalence,AgeAdjPrv,12.3,10.7,13.9,79287,64169,,
2022,VA,Virginia,Lynchburg,51680,DIABETES,Diagnosed diabetes among adults,Crude prevalence,CrdPrv,10.9,9.5,12.3,79287,64169,,
2022,VA,Virginia,Manassas,51683,DIABETES,Diagnosed diabetes among adults,Age-adjusted prevalence,AgeAdjPrv,12.3,10.6,14.0,42642,31507,,
2022,VA,Virginia,Manassas,51683,DIABETES,Diagnosed diabetes among adults,Crude prevalence,CrdPrv,12.4,10.7,14.2,42642,31507,,
2022,VA,Virginia,Manassas Park,51685,DIABETES,Diagnosed diabetes among adults,Age-adjusted prevalence,AgeAdjPrv,14.0,12.2,15.9,16703,12959,,
2022,VA,Virginia,Manassas Park,51685,DIABETES,Diagnosed diabetes among adults,Crude prevalence,CrdPrv,13.8,12.1,15.7,16703,12959,,
2022,VA,Virginia,Martinsville,51690,DIABETES,Diagnosed diabetes among adults,Age-adjusted prevalence,AgeAdjPrv,15.5,13.5,17.6,13725,10057,,
2022,VA,Virginia,Martinsville,51690,DIABETES,Diagnosed diabetes among adults,Crude prevalence,CrdPrv,18.1,15.8,20.3,13725,10057,,
2022,VA,Virginia,Newport News,51700,DIABETES,Diagnosed diabetes among adults,Age-adjusted prevalence,AgeAdjPrv,13.1,11.6,14.8,184306,141738,,
2022,VA,Virginia,Newport News,51700,DIABETES,Diagnosed diabetes among adults,Crude prevalence,CrdPrv,13.1,11.5,14.7,184306,141738,,
2022,VA,Virginia,Norfolk,51710,DIABETES,Diagnosed diabetes among adults,Age-adjusted prevalence,AgeAdjPrv,13.9,12.4,15.5,232995,186236,,
2022,VA,Virginia,Norfolk,51710,DIABETES,Diagnosed diabetes among adults,Crude prevalence,CrdPrv,12.8,11.5,14.3,232995,186236,,
2022,VA,Virginia,Norton,51720,DIABETES,Diagnosed diabetes among adults,Age-adjusted prevalence,AgeAdjPrv,13.4,11.7,15.1,3609,2797,,
2022,VA,Virginia,Norton,51720,DIABETES,Diagnosed diabetes among adults,Crude prevalence,CrdPrv,15.2,13.3,17.1,3609,2797,,
2022,VA,Virginia,Petersburg,51730,DIABETES,Diagnosed diabetes among adults,Age-adjusted prevalence,AgeAdjPrv,16.7,14.8,18.9,33394,25514,,
2022,VA,Virginia,Petersburg,51730,DIABETES,Diagnosed diabetes among adults,Crude prevalence,CrdPrv,18.8,16.7,21.2,33394,25514,,
2022,VA,Virginia,Poquoson,51735,DIABETES,Diagnosed diabetes among adults,Age-adjusted prevalence,AgeAdjPrv,8.8,7.6,10.0,12582,9722,,
2022,VA,Virginia,Poquoson,51735,DIABETES,Diagnosed diabetes among adults,Crude prevalence,CrdPrv,11.2,9.7,12.6,12582,9722,,
2022,VA,Virginia,Portsmouth,51740,DIABETES,Diagnosed diabetes among adults,Age-adjusted prevalence,AgeAdjPrv,14.6,12.9,16.5,97029,74842,,
2022,VA,Virginia,Portsmouth,51740,DIABETES,Diagnosed diabetes among adults,Crude prevalence,CrdPrv,15.4,13.6,17.4,97029,74842,,
2022,VA,Virginia,Radford,51750,DIABETES,Diagnosed diabetes among adults,Age-adjusted prevalence,AgeAdjPrv,12.1,10.5,13.9,16738,14682,,
2022,VA,Virginia,Radford,51750,DIABETES,Diagnosed diabetes among adults,Crude prevalence,CrdPrv,8.3,7.2,9.5,16738,14682,,
2022,VA,Virginia,Richmond,51760,DIABETES,Diagnosed diabetes among adults,Age-adjusted prevalence,AgeAdjPrv,14.1,12.4,15.7,229395,190476,,
2022,VA,Virginia,Richmond,51760,DIABETES,Diagnosed diabetes among adults,Crude prevalence,CrdPrv,13.6,12.0,15.1,229395,190476,,
2022,VA,Virginia,Roanoke,51770,DIABETES,Diagnosed diabetes among adults,Age-adjusted prevalence,AgeAdjPrv,13.4,11.8,15.1,97847,76048,,
2022,VA,Virginia,Roanoke,51770,DIABETES,Diagnosed diabetes among adults,Crude prevalence,CrdPrv,15.2,13.5,17.1,97847,76048,,
2022,VA,Virginia,Salem,51775,DIABETES,Diagnosed diabetes among adults,Age-adjusted prevalence,AgeAdjPrv,10.3,8.9,11.9,25523,20654,,
2022,VA,Virginia,Salem,51775,DIABETES,Diagnosed diabetes among adults,Crude prevalence,CrdPrv,11.6,10.0,13.4,25523,20654,,
2022,VA,Virginia,Staunton,51790,DIABETES,Diagnosed diabetes among adults,Age-adjusted prevalence,AgeAdjPrv,11.3,9.9,12.9,25904,20919,,
2022,VA,Virginia,Staunton,51790,DIABETES,Diagnosed diabetes among adults,Crude prevalence,CrdPrv,13.6,11.8,15.4,25904,20919,,
2022,VA,Virginia,Suffolk,51800,DIABETES,Diagnosed diabetes among adults,Age-adjusted prevalence,AgeAdjPrv,12.2,10.6,14.0,98537,75453,,
2022,VA,Virginia,Suffolk,51800,DIABETES,Diagnosed diabetes among adults,Crude prevalence,CrdPrv,13.6,11.9,15.6,98537,75453,,
2022,VA,Virginia,Virginia Beach,51810,DIABETES,Diagnosed diabetes among adults,Age-adjusted prevalence,AgeAdjPrv,11.0,9.7,12.4,455618,356711,,
2022,VA,Virginia,Virginia Beach,51810,DIABETES,Diagnosed diabetes among adults,Crude prevalence,CrdPrv,12.2,10.8,13.7,455618,356711,,
2022,VA,Virginia,Waynesboro,51820,DIABETES,Diagnosed diabetes among adults,Age-adjusted prevalence,AgeAdjPrv,11.7,10.1,13.2,22808,17607,,
2022,VA,Virginia,Waynesboro,51820,DIABETES,Diagnosed diabetes among adults,Crude prevalence,CrdPrv,13.3,11.5,15.0,22808,17607,,
2022,VA,Virginia,Williamsburg,51830,DIABETES,Diagnosed diabetes among adults,Age-adjusted prevalence,AgeAdjPrv,11.9,10.3,13.6,15909,14152,,
2022,VA,Virginia,Williamsburg,51830,DIABETES,Diagnosed diabetes among adults,Crude prevalence,CrdPrv,10.1,8.8,11.6,15909,14152,,
2022,VA,Virginia,Winchester,51840,DIABETES,Diagnosed diabetes among adults,Age-adjusted prevalence,AgeAdjPrv,12.3,10.7,14.0,27936,21773,,
2022,VA,Virginia,Winchester,51840,DIABETES,Diagnosed diabetes among adults,Crude prevalence,CrdPrv,13.6,11.9,15.4,27936,21773,,
2022,WA,Washington,Adams,53001,DIABETES,Diagnosed diabetes among adults,Age-adjusted prevalence,AgeAdjPrv,12.3,10.9,13.9,20961,13669,,
2022,WA,Washington,Adams,53001,DIABETES,Diagnosed diabetes among adults,Crude prevalence,CrdPrv,12.6,11.1,14.3,20961,13669,,
2022,WA,Washington,Asotin,53003,DIABETES,Diagnosed diabetes among adults,Age-adjusted prevalence,AgeAdjPrv,9.1,8.0,10.4,22508,18110,,
2022,WA,Washington,Asotin,53003,DIABETES,Diagnosed diabetes among adults,Crude prevalence,CrdPrv,12.2,10.6,13.7,22508,18110,,
2022,WA,Washington,Benton,53005,DIABETES,Diagnosed diabetes among adults,Age-adjusted prevalence,AgeAdjPrv,9.3,8.2,10.5,212791,157815,,
2022,WA,Washington,Benton,53005,DIABETES,Diagnosed diabetes among adults,Crude prevalence,CrdPrv,10.3,9.1,11.6,212791,157815,,
2022,WA,Washington,Chelan,53007,DIABETES,Diagnosed diabetes among adults,Age-adjusted prevalence,AgeAdjPrv,9.1,7.9,10.3,79926,61993,,
2022,WA,Washington,Chelan,53007,DIABETES,Diagnosed diabetes among adults,Crude prevalence,CrdPrv,11.1,9.7,12.6,79926,61993,,
2022,WA,Washington,Clallam,53009,DIABETES,Diagnosed diabetes among adults,Age-adjusted prevalence,AgeAdjPrv,8.3,7.3,9.5,77805,65225,,
2022,WA,Washington,Clallam,53009,DIABETES,Diagnosed diabetes among adults,Crude prevalence,CrdPrv,11.9,10.4,13.5,77805,65225,,
2022,WA,Washington,Clark,53011,DIABETES,Diagnosed diabetes among adults,Age-adjusted prevalence,AgeAdjPrv,8.7,7.8,9.7,516779,401620,,
2022,WA,Washington,Clark,53011,DIABETES,Diagnosed diabetes among adults,Crude prevalence,CrdPrv,9.9,8.8,11.0,516779,401620,,
2022,WA,Washington,Columbia,53013,DIABETES,Diagnosed diabetes among adults,Age-adjusted prevalence,AgeAdjPrv,8.5,7.3,9.8,4026,3331,,
2022,WA,Washington,Columbia,53013,DIABETES,Diagnosed diabetes among adults,Crude prevalence,CrdPrv,11.9,10.3,13.6,4026,3331,,
2022,WA,Washington,Cowlitz,53015,DIABETES,Diagnosed diabetes among adults,Age-adjusted prevalence,AgeAdjPrv,9.6,8.4,10.8,111956,87084,,
2022,WA,Washington,Cowlitz,53015,DIABETES,Diagnosed diabetes among adults,Crude prevalence,CrdPrv,11.7,10.3,13.1,111956,87084,,
2022,WA,Washington,Douglas,53017,DIABETES,Diagnosed diabetes among adults,Age-adjusted prevalence,AgeAdjPrv,9.8,8.5,11.1,44192,33583,,
2022,WA,Washington,Douglas,53017,DIABETES,Diagnosed diabetes among adults,Crude prevalence,CrdPrv,11.5,10.1,13.1,44192,33583,,
2022,WA,Washington,Ferry,53019,DIABETES,Diagnosed diabetes among adults,Age-adjusted prevalence,AgeAdjPrv,10.7,9.4,12.2,7448,6220,,
2022,WA,Washington,Ferry,53019,DIABETES,Diagnosed diabetes among adults,Crude prevalence,CrdPrv,15.4,13.5,17.5,7448,6220,,
2022,WA,Washington,Franklin,53021,DIABETES,Diagnosed diabetes among adults,Age-adjusted prevalence,AgeAdjPrv,11.8,10.3,13.4,98678,68291,,
2022,WA,Washington,Franklin,53021,DIABETES,Diagnosed diabetes among adults,Crude prevalence,CrdPrv,11.2,9.8,12.7,98678,68291,,
2022,WA,Washington,Garfield,53023,DIABETES,Diagnosed diabetes among adults,Age-adjusted prevalence,AgeAdjPrv,9.2,7.9,10.5,2363,1858,,
2022,WA,Washington,Garfield,53023,DIABETES,Diagnosed diabetes among adults,Crude prevalence,CrdPrv,12.8,11.1,14.6,2363,1858,,
2022,WA,Washington,Grant,53025,DIABETES,Diagnosed diabetes among adults,Age-adjusted prevalence,AgeAdjPrv,11.0,9.7,12.5,101311,72653,,
2022,WA,Washington,Grant,53025,DIABETES,Diagnosed diabetes among adults,Crude prevalence,CrdPrv,11.8,10.4,13.4,101311,72653,,
2022,WA,Washington,Grays Harbor,53027,DIABETES,Diagnosed diabetes among adults,Age-adjusted prevalence,AgeAdjPrv,9.8,8.6,11.1,77038,61819,,
2022,WA,Washington,Grays Harbor,53027,DIABETES,Diagnosed diabetes among adults,Crude prevalence,CrdPrv,12.9,11.4,14.7,77038,61819,,
2022,WA,Washington,Island,53029,DIABETES,Diagnosed diabetes among adults,Age-adjusted prevalence,AgeAdjPrv,7.9,6.9,9.0,86625,71688,,
2022,WA,Washington,Island,53029,DIABETES,Diagnosed diabetes among adults,Crude prevalence,CrdPrv,10.2,8.9,11.6,86625,71688,,
2022,WA,Washington,Jefferson,53031,DIABETES,Diagnosed diabetes among adults,Age-adjusted prevalence,AgeAdjPrv,7.6,6.6,8.6,33589,29795,,
2022,WA,Washington,Jefferson,53031,DIABETES,Diagnosed diabetes among adults,Crude prevalence,CrdPrv,12.2,10.6,13.8,33589,29795,,
2022,WA,Washington,King,53033,DIABETES,Diagnosed diabetes among adults,Age-adjusted prevalence,AgeAdjPrv,7.3,6.6,7.9,2266789,1831091,,
2022,WA,Washington,King,53033,DIABETES,Diagnosed diabetes among adults,Crude prevalence,CrdPrv,7.4,6.7,8.1,2266789,1831091,,
2022,WA,Washington,Kitsap,53035,DIABETES,Diagnosed diabetes among adults,Age-adjusted prevalence,AgeAdjPrv,7.9,7.0,8.8,277673,223921,,
2022,WA,Washington,Kitsap,53035,DIABETES,Diagnosed diabetes among adults,Crude prevalence,CrdPrv,9.4,8.3,10.5,277673,223921,,
2022,WA,Washington,Kittitas,53037,DIABETES,Diagnosed diabetes among adults,Age-adjusted prevalence,AgeAdjPrv,8.5,7.4,9.6,45189,37466,,
2022,WA,Washington,Kittitas,53037,DIABETES,Diagnosed diabetes among adults,Crude prevalence,CrdPrv,9.2,8.1,10.5,45189,37466,,
2022,WA,Washington,Klickitat,53039,DIABETES,Diagnosed diabetes among adults,Age-adjusted prevalence,AgeAdjPrv,9.4,8.3,10.7,23271,19061,,
2022,WA,Washington,Klickitat,53039,DIABETES,Diagnosed diabetes among adults,Crude prevalence,CrdPrv,12.7,11.1,14.3,23271,19061,,
2022,WA,Washington,Lewis,53041,DIABETES,Diagnosed diabetes among adults,Age-adjusted prevalence,AgeAdjPrv,9.5,8.4,10.9,85370,67059,,
2022,WA,Washington,Lewis,53041,DIABETES,Diagnosed diabetes among adults,Crude prevalence,CrdPrv,11.9,10.5,13.6,85370,67059,,
2022,WA,Washington,Lincoln,53043,DIABETES,Diagnosed diabetes among adults,Age-adjusted prevalence,AgeAdjPrv,8.9,7.7,10.0,11601,9113,,
2022,WA,Washington,Lincoln,53043,DIABETES,Diagnosed diabetes among adults,Crude prevalence,CrdPrv,12.3,10.8,13.9,11601,9113,,
2022,WA,Washington,Mason,53045,DIABETES,Diagnosed diabetes among adults,Age-adjusted prevalence,AgeAdjPrv,9.1,7.9,10.4,68166,55071,,
2022,WA,Washington,Mason,53045,DIABETES,Diagnosed diabetes among adults,Crude prevalence,CrdPrv,11.9,10.3,13.5,68166,55071,,
2022,WA,Washington,Okanogan,53047,DIABETES,Diagnosed diabetes among adults,Age-adjusted prevalence,AgeAdjPrv,10.9,9.7,12.5,43127,33439,,
2022,WA,Washington,Okanogan,53047,DIABETES,Diagnosed diabetes among adults,Crude prevalence,CrdPrv,13.8,12.3,15.8,43127,33439,,
2022,WA,Washington,Pacific,53049,DIABETES,Diagnosed diabetes among adults,Age-adjusted prevalence,AgeAdjPrv,9.9,8.7,11.3,24113,20537,,
2022,WA,Washington,Pacific,53049,DIABETES,Diagnosed diabetes among adults,Crude prevalence,CrdPrv,14.9,13.2,17.0,24113,20537,,
2022,WA,Washington,Pend Oreille,53051,DIABETES,Diagnosed diabetes among adults,Age-adjusted prevalence,AgeAdjPrv,8.6,7.5,9.8,14179,11388,,
2022,WA,Washington,Pend Oreille,53051,DIABETES,Diagnosed diabetes among adults,Crude prevalence,CrdPrv,12.4,10.9,14.1,14179,11388,,
2022,WA,Washington,Pierce,53053,DIABETES,Diagnosed diabetes among adults,Age-adjusted prevalence,AgeAdjPrv,9.2,8.3,10.2,927380,716485,,
2022,WA,Washington,Pierce,53053,DIABETES,Diagnosed diabetes among adults,Crude prevalence,CrdPrv,9.8,8.9,10.9,927380,716485,,
2022,WA,Washington,San Juan,53055,DIABETES,Diagnosed diabetes among adults,Age-adjusted prevalence,AgeAdjPrv,7.5,6.5,8.6,18662,16324,,
2022,WA,Washington,San Juan,53055,DIABETES,Diagnosed diabetes among adults,Crude prevalence,CrdPrv,11.7,10.2,13.3,18662,16324,,
2022,WA,Washington,Skagit,53057,DIABETES,Diagnosed diabetes among adults,Age-adjusted prevalence,AgeAdjPrv,8.4,7.4,9.6,131179,103882,,
2022,WA,Washington,Skagit,53057,DIABETES,Diagnosed diabetes among adults,Crude prevalence,CrdPrv,10.5,9.2,11.9,131179,103882,,
2022,WA,Washington,Skamania,53059,DIABETES,Diagnosed diabetes among adults,Age-adjusted prevalence,AgeAdjPrv,8.5,7.4,9.8,12460,10315,,
2022,WA,Washington,Skamania,53059,DIABETES,Diagnosed diabetes among adults,Crude prevalence,CrdPrv,11.9,10.3,13.6,12460,10315,,
2022,WA,Washington,Snohomish,53061,DIABETES,Diagnosed diabetes among adults,Age-adjusted prevalence,AgeAdjPrv,9.4,8.5,10.4,840079,656567,,
2022,WA,Washington,Snohomish,53061,DIABETES,Diagnosed diabetes among adults,Crude prevalence,CrdPrv,10.2,9.2,11.3,840079,656567,,
2022,WA,Washington,Spokane,53063,DIABETES,Diagnosed diabetes among adults,Age-adjusted prevalence,AgeAdjPrv,9.2,8.2,10.3,549690,432565,,
2022,WA,Washington,Spokane,53063,DIABETES,Diagnosed diabetes among adults,Crude prevalence,CrdPrv,10.2,9.0,11.4,549690,432565,,
2022,WA,Washington,Stevens,53065,DIABETES,Diagnosed diabetes among adults,Age-adjusted prevalence,AgeAdjPrv,9.0,7.9,10.2,48229,38186,,
2022,WA,Washington,Stevens,53065,DIABETES,Diagnosed diabetes among adults,Crude prevalence,CrdPrv,12.6,11.1,14.2,48229,38186,,
2022,WA,Washington,Thurston,53067,DIABETES,Diagnosed diabetes among adults,Age-adjusted prevalence,AgeAdjPrv,9.0,8.0,10.1,298758,237123,,
2022,WA,Washington,Thurston,53067,DIABETES,Diagnosed diabetes among adults,Crude prevalence,CrdPrv,10.3,9.1,11.6,298758,237123,,
2022,WA,Washington,Wahkiakum,53069,DIABETES,Diagnosed diabetes among adults,Age-adjusted prevalence,AgeAdjPrv,8.9,7.8,10.2,4688,3925,,
2022,WA,Washington,Wahkiakum,53069,DIABETES,Diagnosed diabetes among adults,Crude prevalence,CrdPrv,13.4,11.7,15.3,4688,3925,,
2022,WA,Washington,Walla Walla,53071,DIABETES,Diagnosed diabetes among adults,Age-adjusted prevalence,AgeAdjPrv,9.6,8.4,10.9,61890,49228,,
2022,WA,Washington,Walla Walla,53071,DIABETES,Diagnosed diabetes among adults,Crude prevalence,CrdPrv,10.8,9.5,12.2,61890,49228,,
2022,WA,Washington,Whatcom,53073,DIABETES,Diagnosed diabetes among adults,Age-adjusted prevalence,AgeAdjPrv,8.8,7.7,9.8,230677,188438,,
2022,WA,Washington,Whatcom,53073,DIABETES,Diagnosed diabetes among adults,Crude prevalence,CrdPrv,9.8,8.6,11.0,230677,188438,,
2022,WA,Washington,Whitman,53075,DIABETES,Diagnosed diabetes among adults,Age-adjusted prevalence,AgeAdjPrv,10.9,9.6,12.3,47619,40336,,
2022,WA,Washington,Whitman,53075,DIABETES,Diagnosed diabetes among adults,Crude prevalence,CrdPrv,8.1,7.2,9.2,47619,40336,,
2022,WA,Washington,Yakima,53077,DIABETES,Diagnosed diabetes among adults,Age-adjusted prevalence,AgeAdjPrv,12.0,10.7,13.4,257001,182939,,
2022,WA,Washington,Yakima,53077,DIABETES,Diagnosed diabetes among adults,Crude prevalence,CrdPrv,12.7,11.3,14.1,257001,182939,,
2022,WV,West Virginia,Barbour,54001,DIABETES,Diagnosed diabetes among adults,Age-adjusted prevalence,AgeAdjPrv,13.4,11.6,15.1,15414,12296,,
2022,WV,West Virginia,Barbour,54001,DIABETES,Diagnosed diabetes among adults,Crude prevalence,CrdPrv,16.1,14.0,18.2,15414,12296,,
2022,WV,West Virginia,Berkeley,54003,DIABETES,Diagnosed diabetes among adults,Age-adjusted prevalence,AgeAdjPrv,12.2,10.6,13.9,129490,99937,,
2022,WV,West Virginia,Berkeley,54003,DIABETES,Diagnosed diabetes among adults,Crude prevalence,CrdPrv,13.6,11.8,15.4,129490,99937,,
2022,WV,West Virginia,Boone,54005,DIABETES,Diagnosed diabetes among adults,Age-adjusted prevalence,AgeAdjPrv,13.6,11.8,15.5,20968,16691,,
2022,WV,West Virginia,Boone,54005,DIABETES,Diagnosed diabetes among adults,Crude prevalence,CrdPrv,17.5,15.3,19.9,20968,16691,,
2022,WV,West Virginia,Braxton,54007,DIABETES,Diagnosed diabetes among adults,Age-adjusted prevalence,AgeAdjPrv,13.4,11.7,15.3,12185,9982,,
2022,WV,West Virginia,Braxton,54007,DIABETES,Diagnosed diabetes among adults,Crude prevalence,CrdPrv,17.4,15.2,19.7,12185,9982,,
2022,WV,West Virginia,Brooke,54009,DIABETES,Diagnosed diabetes among adults,Age-adjusted prevalence,AgeAdjPrv,12.3,10.7,14.1,21733,17988,,
2022,WV,West Virginia,Brooke,54009,DIABETES,Diagnosed diabetes among adults,Crude prevalence,CrdPrv,16.0,14.0,18.2,21733,17988,,
2022,WV,West Virginia,Cabell,54011,DIABETES,Diagnosed diabetes among adults,Age-adjusted prevalence,AgeAdjPrv,13.4,11.8,15.2,92730,74662,,
2022,WV,West Virginia,Cabell,54011,DIABETES,Diagnosed diabetes among adults,Crude prevalence,CrdPrv,15.2,13.3,17.0,92730,74662,,
2022,WV,West Virginia,Calhoun,54013,DIABETES,Diagnosed diabetes among adults,Age-adjusted prevalence,AgeAdjPrv,14.5,12.7,16.5,6068,4961,,
2022,WV,West Virginia,Calhoun,54013,DIABETES,Diagnosed diabetes among adults,Crude prevalence,CrdPrv,20.1,17.6,22.6,6068,4961,,
2022,WV,West Virginia,Clay,54015,DIABETES,Diagnosed diabetes among adults,Age-adjusted prevalence,AgeAdjPrv,14.2,12.4,16.4,7814,6099,,
2022,WV,West Virginia,Clay,54015,DIABETES,Diagnosed diabetes among adults,Crude prevalence,CrdPrv,18.6,16.2,21.3,7814,6099,,
2022,WV,West Virginia,Doddridge,54017,DIABETES,Diagnosed diabetes among adults,Age-adjusted prevalence,AgeAdjPrv,12.9,11.1,14.8,7698,6663,,
2022,WV,West Virginia,Doddridge,54017,DIABETES,Diagnosed diabetes among adults,Crude prevalence,CrdPrv,15.8,13.6,18.1,7698,6663,,
2022,WV,West Virginia,Fayette,54019,DIABETES,Diagnosed diabetes among adults,Age-adjusted prevalence,AgeAdjPrv,14.3,12.6,16.2,39487,31393,,
2022,WV,West Virginia,Fayette,54019,DIABETES,Diagnosed diabetes among adults,Crude prevalence,CrdPrv,18.4,16.3,20.7,39487,31393,,
2022,WV,West Virginia,Gilmer,54021,DIABETES,Diagnosed diabetes among adults,Age-adjusted prevalence,AgeAdjPrv,13.2,11.5,15.2,7325,6214,,
2022,WV,West Virginia,Gilmer,54021,DIABETES,Diagnosed diabetes among adults,Crude prevalence,CrdPrv,14.0,12.2,16.1,7325,6214,,
2022,WV,West Virginia,Grant,54023,DIABETES,Diagnosed diabetes among adults,Age-adjusted prevalence,AgeAdjPrv,13.0,11.3,15.0,10968,8830,,
2022,WV,West Virginia,Grant,54023,DIABETES,Diagnosed diabetes among adults,Crude prevalence,CrdPrv,17.6,15.3,20.0,10968,8830,,
2022,WV,West Virginia,Greenbrier,54025,DIABETES,Diagnosed diabetes among adults,Age-adjusted prevalence,AgeAdjPrv,13.1,11.4,15.0,32435,26218,,
2022,WV,West Virginia,Greenbrier,54025,DIABETES,Diagnosed diabetes among adults,Crude prevalence,CrdPrv,17.4,15.2,19.9,32435,26218,,
2022,WV,West Virginia,Hampshire,54027,DIABETES,Diagnosed diabetes among adults,Age-adjusted prevalence,AgeAdjPrv,13.4,11.7,15.3,23468,19337,,
2022,WV,West Virginia,Hampshire,54027,DIABETES,Diagnosed diabetes among adults,Crude prevalence,CrdPrv,18.4,16.1,21.0,23468,19337,,
2022,WV,West Virginia,Hancock,54029,DIABETES,Diagnosed diabetes among adults,Age-adjusted prevalence,AgeAdjPrv,12.6,10.9,14.3,28172,23036,,
2022,WV,West Virginia,Hancock,54029,DIABETES,Diagnosed diabetes among adults,Crude prevalence,CrdPrv,16.8,14.7,19.0,28172,23036,,
2022,WV,West Virginia,Hardy,54031,DIABETES,Diagnosed diabetes among adults,Age-adjusted prevalence,AgeAdjPrv,13.9,12.1,15.9,14192,11387,,
2022,WV,West Virginia,Hardy,54031,DIABETES,Diagnosed diabetes among adults,Crude prevalence,CrdPrv,18.1,15.9,20.7,14192,11387,,
2022,WV,West Virginia,Harrison,54033,DIABETES,Diagnosed diabetes among adults,Age-adjusted prevalence,AgeAdjPrv,12.6,11.0,14.4,64915,51250,,
2022,WV,West Virginia,Harrison,54033,DIABETES,Diagnosed diabetes among adults,Crude prevalence,CrdPrv,15.6,13.7,17.7,64915,51250,,
2022,WV,West Virginia,Jackson,54035,DIABETES,Diagnosed diabetes among adults,Age-adjusted prevalence,AgeAdjPrv,12.2,10.7,14.0,27716,21780,,
2022,WV,West Virginia,Jackson,54035,DIABETES,Diagnosed diabetes among adults,Crude prevalence,CrdPrv,16.0,13.9,18.2,27716,21780,,
2022,WV,West Virginia,Jefferson,54037,DIABETES,Diagnosed diabetes among adults,Age-adjusted prevalence,AgeAdjPrv,11.5,10.0,13.1,58979,46619,,
2022,WV,West Virginia,Jefferson,54037,DIABETES,Diagnosed diabetes among adults,Crude prevalence,CrdPrv,13.8,12.0,15.6,58979,46619,,
2022,WV,West Virginia,Kanawha,54039,DIABETES,Diagnosed diabetes among adults,Age-adjusted prevalence,AgeAdjPrv,12.6,11.2,14.2,175515,141139,,
2022,WV,West Virginia,Kanawha,54039,DIABETES,Diagnosed diabetes among adults,Crude prevalence,CrdPrv,15.9,14.2,17.8,175515,141139,,
2022,WV,West Virginia,Lewis,54041,DIABETES,Diagnosed diabetes among adults,Age-adjusted prevalence,AgeAdjPrv,12.8,11.1,14.6,16767,13200,,
2022,WV,West Virginia,Lewis,54041,DIABETES,Diagnosed diabetes among adults,Crude prevalence,CrdPrv,16.0,14.0,18.2,16767,13200,,
2022,WV,West Virginia,Lincoln,54043,DIABETES,Diagnosed diabetes among adults,Age-adjusted prevalence,AgeAdjPrv,14.4,12.6,16.3,19901,15573,,
2022,WV,West Virginia,Lincoln,54043,DIABETES,Diagnosed diabetes among adults,Crude prevalence,CrdPrv,18.6,16.3,20.9,19901,15573,,
2022,WV,West Virginia,Logan,54045,DIABETES,Diagnosed diabetes among adults,Age-adjusted prevalence,AgeAdjPrv,14.4,12.5,16.3,31316,24912,,
2022,WV,West Virginia,Logan,54045,DIABETES,Diagnosed diabetes among adults,Crude prevalence,CrdPrv,18.5,16.1,20.8,31316,24912,,
2022,WV,West Virginia,McDowell,54047,DIABETES,Diagnosed diabetes among adults,Age-adjusted prevalence,AgeAdjPrv,17.1,15.1,19.3,17850,14234,,
2022,WV,West Virginia,McDowell,54047,DIABETES,Diagnosed diabetes among adults,Crude prevalence,CrdPrv,22.8,20.3,25.6,17850,14234,,
2022,WV,West Virginia,Marion,54049,DIABETES,Diagnosed diabetes among adults,Age-adjusted prevalence,AgeAdjPrv,12.8,11.2,14.6,55952,44985,,
2022,WV,West Virginia,Marion,54049,DIABETES,Diagnosed diabetes among adults,Crude prevalence,CrdPrv,15.3,13.4,17.3,55952,44985,,
2022,WV,West Virginia,Marshall,54051,DIABETES,Diagnosed diabetes among adults,Age-adjusted prevalence,AgeAdjPrv,12.2,10.6,13.8,29752,24189,,
2022,WV,West Virginia,Marshall,54051,DIABETES,Diagnosed diabetes among adults,Crude prevalence,CrdPrv,16.3,14.3,18.3,29752,24189,,
2022,WV,West Virginia,Mason,54053,DIABETES,Diagnosed diabetes among adults,Age-adjusted prevalence,AgeAdjPrv,12.6,10.9,14.5,25000,19931,,
2022,WV,West Virginia,Mason,54053,DIABETES,Diagnosed diabetes among adults,Crude prevalence,CrdPrv,16.0,13.9,18.3,25000,19931,,
2022,WV,West Virginia,Mercer,54055,DIABETES,Diagnosed diabetes among adults,Age-adjusted prevalence,AgeAdjPrv,12.5,10.8,14.2,58700,46324,,
2022,WV,West Virginia,Mercer,54055,DIABETES,Diagnosed diabetes among adults,Crude prevalence,CrdPrv,15.9,13.8,17.9,58700,46324,,
2022,WV,West Virginia,Mineral,54057,DIABETES,Diagnosed diabetes among adults,Age-adjusted prevalence,AgeAdjPrv,11.9,10.3,13.6,26855,21578,,
2022,WV,West Virginia,Mineral,54057,DIABETES,Diagnosed diabetes among adults,Crude prevalence,CrdPrv,15.1,13.2,17.2,26855,21578,,
2022,WV,West Virginia,Mingo,54059,DIABETES,Diagnosed diabetes among adults,Age-adjusted prevalence,AgeAdjPrv,14.9,13.1,16.9,22573,17541,,
2022,WV,West Virginia,Mingo,54059,DIABETES,Diagnosed diabetes among adults,Crude prevalence,CrdPrv,19.3,17.0,21.7,22573,17541,,
2022,WV,West Virginia,Monongalia,54061,DIABETES,Diagnosed diabetes among adults,Age-adjusted prevalence,AgeAdjPrv,12.1,10.6,13.8,106869,89855,,
2022,WV,West Virginia,Monongalia,54061,DIABETES,Diagnosed diabetes among adults,Crude prevalence,CrdPrv,10.9,9.6,12.3,106869,89855,,
2022,WV,West Virginia,Monroe,54063,DIABETES,Diagnosed diabetes among adults,Age-adjusted prevalence,AgeAdjPrv,12.7,11.0,14.5,12296,9870,,
2022,WV,West Virginia,Monroe,54063,DIABETES,Diagnosed diabetes among adults,Crude prevalence,CrdPrv,17.3,15.1,19.7,12296,9870,,
2022,WV,West Virginia,Morgan,54065,DIABETES,Diagnosed diabetes among adults,Age-adjusted prevalence,AgeAdjPrv,11.5,9.9,13.1,17430,14487,,
2022,WV,West Virginia,Morgan,54065,DIABETES,Diagnosed diabetes among adults,Crude prevalence,CrdPrv,15.7,13.6,18.0,17430,14487,,
2022,WV,West Virginia,Nicholas,54067,DIABETES,Diagnosed diabetes among adults,Age-adjusted prevalence,AgeAdjPrv,12.9,11.2,14.8,24335,19450,,
2022,WV,West Virginia,Nicholas,54067,DIABETES,Diagnosed diabetes among adults,Crude prevalence,CrdPrv,17.5,15.3,19.9,24335,19450,,
2022,WV,West Virginia,Ohio,54069,DIABETES,Diagnosed diabetes among adults,Age-adjusted prevalence,AgeAdjPrv,11.0,9.5,12.7,41447,33378,,
2022,WV,West Virginia,Ohio,54069,DIABETES,Diagnosed diabetes among adults,Crude prevalence,CrdPrv,13.7,11.9,15.7,41447,33378,,
2022,WV,West Virginia,Pendleton,54071,DIABETES,Diagnosed diabetes among adults,Age-adjusted prevalence,AgeAdjPrv,12.7,11.0,14.6,6011,4909,,
2022,WV,West Virginia,Pendleton,54071,DIABETES,Diagnosed diabetes among adults,Crude prevalence,CrdPrv,17.5,15.3,20.0,6011,4909,,
2022,WV,West Virginia,Pleasants,54073,DIABETES,Diagnosed diabetes among adults,Age-adjusted prevalence,AgeAdjPrv,12.4,10.8,14.2,7586,6158,,
2022,WV,West Virginia,Pleasants,54073,DIABETES,Diagnosed diabetes among adults,Crude prevalence,CrdPrv,15.1,13.2,17.3,7586,6158,,
2022,WV,West Virginia,Pocahontas,54075,DIABETES,Diagnosed diabetes among adults,Age-adjusted prevalence,AgeAdjPrv,14.1,12.3,16.2,7819,6452,,
2022,WV,West Virginia,Pocahontas,54075,DIABETES,Diagnosed diabetes among adults,Crude prevalence,CrdPrv,19.5,17.1,22.1,7819,6452,,
2022,WV,West Virginia,Preston,54077,DIABETES,Diagnosed diabetes among adults,Age-adjusted prevalence,AgeAdjPrv,13.3,11.6,15.2,34172,28010,,
2022,WV,West Virginia,Preston,54077,DIABETES,Diagnosed diabetes among adults,Crude prevalence,CrdPrv,16.1,14.1,18.3,34172,28010,,
2022,WV,West Virginia,Putnam,54079,DIABETES,Diagnosed diabetes among adults,Age-adjusted prevalence,AgeAdjPrv,11.3,9.8,12.8,57015,44875,,
2022,WV,West Virginia,Putnam,54079,DIABETES,Diagnosed diabetes among adults,Crude prevalence,CrdPrv,13.9,12.1,15.8,57015,44875,,
2022,WV,West Virginia,Raleigh,54081,DIABETES,Diagnosed diabetes among adults,Age-adjusted prevalence,AgeAdjPrv,13.5,11.9,15.3,72882,57629,,
2022,WV,West Virginia,Raleigh,54081,DIABETES,Diagnosed diabetes among adults,Crude prevalence,CrdPrv,17.1,15.1,19.3,72882,57629,,
2022,WV,West Virginia,Randolph,54083,DIABETES,Diagnosed diabetes among adults,Age-adjusted prevalence,AgeAdjPrv,12.8,11.1,14.6,27600,22604,,
2022,WV,West Virginia,Randolph,54083,DIABETES,Diagnosed diabetes among adults,Crude prevalence,CrdPrv,16.0,14.0,18.2,27600,22604,,
2022,WV,West Virginia,Ritchie,54085,DIABETES,Diagnosed diabetes among adults,Age-adjusted prevalence,AgeAdjPrv,14.4,12.5,16.4,8207,6593,,
2022,WV,West Virginia,Ritchie,54085,DIABETES,Diagnosed diabetes among adults,Crude prevalence,CrdPrv,19.1,16.6,21.6,8207,6593,,
2022,WV,West Virginia,Roane,54087,DIABETES,Diagnosed diabetes among adults,Age-adjusted prevalence,AgeAdjPrv,13.9,12.1,15.7,13834,11067,,
2022,WV,West Virginia,Roane,54087,DIABETES,Diagnosed diabetes among adults,Crude prevalence,CrdPrv,18.1,15.9,20.4,13834,11067,,
2022,WV,West Virginia,Summers,54089,DIABETES,Diagnosed diabetes among adults,Age-adjusted prevalence,AgeAdjPrv,13.7,11.9,15.6,11762,9939,,
2022,WV,West Virginia,Summers,54089,DIABETES,Diagnosed diabetes among adults,Crude prevalence,CrdPrv,18.7,16.3,21.1,11762,9939,,
2022,WV,West Virginia,Taylor,54091,DIABETES,Diagnosed diabetes among adults,Age-adjusted prevalence,AgeAdjPrv,13.1,11.4,14.9,16342,13157,,
2022,WV,West Virginia,Taylor,54091,DIABETES,Diagnosed diabetes among adults,Crude prevalence,CrdPrv,16.4,14.3,18.6,16342,13157,,
2022,WV,West Virginia,Tucker,54093,DIABETES,Diagnosed diabetes among adults,Age-adjusted prevalence,AgeAdjPrv,11.3,9.8,13.0,6568,5685,,
2022,WV,West Virginia,Tucker,54093,DIABETES,Diagnosed diabetes among adults,Crude prevalence,CrdPrv,16.0,13.8,18.3,6568,5685,,
2022,WV,West Virginia,Tyler,54095,DIABETES,Diagnosed diabetes among adults,Age-adjusted prevalence,AgeAdjPrv,12.5,10.8,14.4,8183,6589,,
2022,WV,West Virginia,Tyler,54095,DIABETES,Diagnosed diabetes among adults,Crude prevalence,CrdPrv,17.0,14.7,19.3,8183,6589,,
2022,WV,West Virginia,Upshur,54097,DIABETES,Diagnosed diabetes among adults,Age-adjusted prevalence,AgeAdjPrv,13.5,11.8,15.4,23712,18917,,
2022,WV,West Virginia,Upshur,54097,DIABETES,Diagnosed diabetes among adults,Crude prevalence,CrdPrv,16.8,14.7,19.0,23712,18917,,
2022,WV,West Virginia,Wayne,54099,DIABETES,Diagnosed diabetes among adults,Age-adjusted prevalence,AgeAdjPrv,13.5,11.6,15.2,37998,30407,,
2022,WV,West Virginia,Wayne,54099,DIABETES,Diagnosed diabetes among adults,Crude prevalence,CrdPrv,17.1,14.7,19.2,37998,30407,,
2022,WV,West Virginia,Webster,54101,DIABETES,Diagnosed diabetes among adults,Age-adjusted prevalence,AgeAdjPrv,13.4,11.7,15.3,8167,6594,,
2022,WV,West Virginia,Webster,54101,DIABETES,Diagnosed diabetes among adults,Crude prevalence,CrdPrv,18.6,16.3,21.0,8167,6594,,
2022,WV,West Virginia,Wetzel,54103,DIABETES,Diagnosed diabetes among adults,Age-adjusted prevalence,AgeAdjPrv,12.7,11.0,14.5,14025,11150,,
2022,WV,West Virginia,Wetzel,54103,DIABETES,Diagnosed diabetes among adults,Crude prevalence,CrdPrv,16.8,14.5,19.1,14025,11150,,
2022,WV,West Virginia,Wirt,54105,DIABETES,Diagnosed diabetes among adults,Age-adjusted prevalence,AgeAdjPrv,13.9,12.2,15.8,5091,4000,,
2022,WV,West Virginia,Wirt,54105,DIABETES,Diagnosed diabetes among adults,Crude prevalence,CrdPrv,19.0,16.6,21.4,5091,4000,,
2022,WV,West Virginia,Wood,54107,DIABETES,Diagnosed diabetes among adults,Age-adjusted prevalence,AgeAdjPrv,12.1,10.5,13.7,83340,66065,,
2022,WV,West Virginia,Wood,54107,DIABETES,Diagnosed diabetes among adults,Crude prevalence,CrdPrv,15.5,13.6,17.6,83340,66065,,
2022,WV,West Virginia,Wyoming,54109,DIABETES,Diagnosed diabetes among adults,Age-adjusted prevalence,AgeAdjPrv,14.9,13.0,16.8,20527,16445,,
2022,WV,West Virginia,Wyoming,54109,DIABETES,Diagnosed diabetes among adults,Crude prevalence,CrdPrv,19.3,16.9,21.7,20527,16445,,
2022,WI,Wisconsin,Adams,55001,DIABETES,Diagnosed diabetes among adults,Age-adjusted prevalence,AgeAdjPrv,10.1,8.7,11.6,21226,18442,,
2022,WI,Wisconsin,Adams,55001,DIABETES,Diagnosed diabetes among adults,Crude prevalence,CrdPrv,15.5,13.5,17.7,21226,18442,,
2022,WI,Wisconsin,Ashland,55003,DIABETES,Diagnosed diabetes among adults,Age-adjusted prevalence,AgeAdjPrv,10.5,9.1,11.9,16039,12699,,
2022,WI,Wisconsin,Ashland,55003,DIABETES,Diagnosed diabetes among adults,Crude prevalence,CrdPrv,13.3,11.6,15.1,16039,12699,,
2022,WI,Wisconsin,Barron,55005,DIABETES,Diagnosed diabetes among adults,Age-adjusted prevalence,AgeAdjPrv,9.3,8.1,10.7,46843,37069,,
2022,WI,Wisconsin,Barron,55005,DIABETES,Diagnosed diabetes among adults,Crude prevalence,CrdPrv,12.5,10.9,14.4,46843,37069,,
2022,WI,Wisconsin,Bayfield,55007,DIABETES,Diagnosed diabetes among adults,Age-adjusted prevalence,AgeAdjPrv,8.8,7.6,10.1,16608,13879,,
2022,WI,Wisconsin,Bayfield,55007,DIABETES,Diagnosed diabetes among adults,Crude prevalence,CrdPrv,13.0,11.4,14.9,16608,13879,,
2022,WI,Wisconsin,Brown,55009,DIABETES,Diagnosed diabetes among adults,Age-adjusted prevalence,AgeAdjPrv,8.9,7.7,10.2,270036,208764,,
2022,WI,Wisconsin,Brown,55009,DIABETES,Diagnosed diabetes among adults,Crude prevalence,CrdPrv,10.0,8.7,11.4,270036,208764,,
2022,WI,Wisconsin,Buffalo,55011,DIABETES,Diagnosed diabetes among adults,Age-adjusted prevalence,AgeAdjPrv,8.5,7.3,9.8,13391,10756,,
2022,WI,Wisconsin,Buffalo,55011,DIABETES,Diagnosed diabetes among adults,Crude prevalence,CrdPrv,11.7,10.1,13.4,13391,10756,,
2022,WI,Wisconsin,Burnett,55013,DIABETES,Diagnosed diabetes among adults,Age-adjusted prevalence,AgeAdjPrv,9.7,8.3,11.1,17036,14328,,
2022,WI,Wisconsin,Burnett,55013,DIABETES,Diagnosed diabetes among adults,Crude prevalence,CrdPrv,14.3,12.3,16.3,17036,14328,,
2022,WI,Wisconsin,Calumet,55015,DIABETES,Diagnosed diabetes among adults,Age-adjusted prevalence,AgeAdjPrv,8.0,6.9,9.2,52718,41162,,
2022,WI,Wisconsin,Calumet,55015,DIABETES,Diagnosed diabetes among adults,Crude prevalence,CrdPrv,9.8,8.4,11.2,52718,41162,,
2022,WI,Wisconsin,Chippewa,55017,DIABETES,Diagnosed diabetes among adults,Age-adjusted prevalence,AgeAdjPrv,8.4,7.2,9.7,66807,52613,,
2022,WI,Wisconsin,Chippewa,55017,DIABETES,Diagnosed diabetes among adults,Crude prevalence,CrdPrv,10.4,9.0,12.0,66807,52613,,
2022,WI,Wisconsin,Clark,55019,DIABETES,Diagnosed diabetes among adults,Age-adjusted prevalence,AgeAdjPrv,9.2,8.0,10.6,34691,24547,,
2022,WI,Wisconsin,Clark,55019,DIABETES,Diagnosed diabetes among adults,Crude prevalence,CrdPrv,11.3,9.8,13.0,34691,24547,,
2022,WI,Wisconsin,Columbia,55021,DIABETES,Diagnosed diabetes among adults,Age-adjusted prevalence,AgeAdjPrv,8.6,7.4,9.9,58193,46241,,
2022,WI,Wisconsin,Columbia,55021,DIABETES,Diagnosed diabetes among adults,Crude prevalence,CrdPrv,10.7,9.2,12.3,58193,46241,,
2022,WI,Wisconsin,Crawford,55023,DIABETES,Diagnosed diabetes among adults,Age-adjusted prevalence,AgeAdjPrv,9.6,8.3,11.1,16007,12924,,
2022,WI,Wisconsin,Crawford,55023,DIABETES,Diagnosed diabetes among adults,Crude prevalence,CrdPrv,13.1,11.3,15.0,16007,12924,,
2022,WI,Wisconsin,Dane,55025,DIABETES,Diagnosed diabetes among adults,Age-adjusted prevalence,AgeAdjPrv,8.2,7.2,9.3,568203,458016,,
2022,WI,Wisconsin,Dane,55025,DIABETES,Diagnosed diabetes among adults,Crude prevalence,CrdPrv,8.3,7.3,9.4,568203,458016,,
2022,WI,Wisconsin,Dodge,55027,DIABETES,Diagnosed diabetes among adults,Age-adjusted prevalence,AgeAdjPrv,9.7,8.5,11.1,88282,71341,,
2022,WI,Wisconsin,Dodge,55027,DIABETES,Diagnosed diabetes among adults,Crude prevalence,CrdPrv,11.8,10.2,13.5,88282,71341,,
2022,WI,Wisconsin,Door,55029,DIABETES,Diagnosed diabetes among adults,Age-adjusted prevalence,AgeAdjPrv,8.6,7.3,9.8,30526,25807,,
2022,WI,Wisconsin,Door,55029,DIABETES,Diagnosed diabetes among adults,Crude prevalence,CrdPrv,12.6,10.7,14.5,30526,25807,,
2022,WI,Wisconsin,Douglas,55031,DIABETES,Diagnosed diabetes among adults,Age-adjusted prevalence,AgeAdjPrv,8.5,7.3,9.7,44144,35842,,
2022,WI,Wisconsin,Douglas,55031,DIABETES,Diagnosed diabetes among adults,Crude prevalence,CrdPrv,10.7,9.3,12.3,44144,35842,,
2022,WI,Wisconsin,Dunn,55033,DIABETES,Diagnosed diabetes among adults,Age-adjusted prevalence,AgeAdjPrv,9.4,8.3,10.7,45651,37062,,
2022,WI,Wisconsin,Dunn,55033,DIABETES,Diagnosed diabetes among adults,Crude prevalence,CrdPrv,9.9,8.7,11.2,45651,37062,,
2022,WI,Wisconsin,Eau Claire,55035,DIABETES,Diagnosed diabetes among adults,Age-adjusted prevalence,AgeAdjPrv,8.6,7.4,10.0,106837,85866,,
2022,WI,Wisconsin,Eau Claire,55035,DIABETES,Diagnosed diabetes among adults,Crude prevalence,CrdPrv,8.9,7.7,10.3,106837,85866,,
2022,WI,Wisconsin,Florence,55037,DIABETES,Diagnosed diabetes among adults,Age-adjusted prevalence,AgeAdjPrv,9.5,8.2,10.9,4688,4032,,
2022,WI,Wisconsin,Florence,55037,DIABETES,Diagnosed diabetes among adults,Crude prevalence,CrdPrv,14.6,12.7,16.8,4688,4032,,
2022,WI,Wisconsin,Fond du Lac,55039,DIABETES,Diagnosed diabetes among adults,Age-adjusted prevalence,AgeAdjPrv,9.0,7.8,10.2,103836,82265,,
2022,WI,Wisconsin,Fond du Lac,55039,DIABETES,Diagnosed diabetes among adults,Crude prevalence,CrdPrv,11.0,9.6,12.6,103836,82265,,
2022,WI,Wisconsin,Forest,55041,DIABETES,Diagnosed diabetes among adults,Age-adjusted prevalence,AgeAdjPrv,10.1,8.7,11.5,9381,7574,,
2022,WI,Wisconsin,Forest,55041,DIABETES,Diagnosed diabetes among adults,Crude prevalence,CrdPrv,14.1,12.2,16.1,9381,7574,,
2022,WI,Wisconsin,Grant,55043,DIABETES,Diagnosed diabetes among adults,Age-adjusted prevalence,AgeAdjPrv,9.8,8.4,11.2,51276,40534,,
2022,WI,Wisconsin,Grant,55043,DIABETES,Diagnosed diabetes among adults,Crude prevalence,CrdPrv,11.0,9.5,12.5,51276,40534,,
2022,WI,Wisconsin,Green,55045,DIABETES,Diagnosed diabetes among adults,Age-adjusted prevalence,AgeAdjPrv,8.5,7.3,9.8,36816,29021,,
2022,WI,Wisconsin,Green,55045,DIABETES,Diagnosed diabetes among adults,Crude prevalence,CrdPrv,10.7,9.2,12.3,36816,29021,,
2022,WI,Wisconsin,Green Lake,55047,DIABETES,Diagnosed diabetes among adults,Age-adjusted prevalence,AgeAdjPrv,10.2,8.8,11.7,19220,15156,,
2022,WI,Wisconsin,Green Lake,55047,DIABETES,Diagnosed diabetes among adults,Crude prevalence,CrdPrv,13.8,12.0,15.8,19220,15156,,
2022,WI,Wisconsin,Iowa,55049,DIABETES,Diagnosed diabetes among adults,Age-adjusted prevalence,AgeAdjPrv,8.2,7.0,9.4,23865,18748,,
2022,WI,Wisconsin,Iowa,55049,DIABETES,Diagnosed diabetes among adults,Crude prevalence,CrdPrv,10.5,9.1,12.0,23865,18748,,
2022,WI,Wisconsin,Iron,55051,DIABETES,Diagnosed diabetes among adults,Age-adjusted prevalence,AgeAdjPrv,8.8,7.5,10.1,6224,5259,,
2022,WI,Wisconsin,Iron,55051,DIABETES,Diagnosed diabetes among adults,Crude prevalence,CrdPrv,13.9,12.0,15.9,6224,5259,,
2022,WI,Wisconsin,Jackson,55053,DIABETES,Diagnosed diabetes among adults,Age-adjusted prevalence,AgeAdjPrv,9.5,8.2,11.0,20836,16396,,
2022,WI,Wisconsin,Jackson,55053,DIABETES,Diagnosed diabetes among adults,Crude prevalence,CrdPrv,12.2,10.5,13.9,20836,16396,,
2022,WI,Wisconsin,Jefferson,55055,DIABETES,Diagnosed diabetes among adults,Age-adjusted prevalence,AgeAdjPrv,8.3,7.1,9.8,85784,69136,,
2022,WI,Wisconsin,Jefferson,55055,DIABETES,Diagnosed diabetes among adults,Crude prevalence,CrdPrv,10.0,8.5,11.7,85784,69136,,
2022,WI,Wisconsin,Juneau,55057,DIABETES,Diagnosed diabetes among adults,Age-adjusted prevalence,AgeAdjPrv,10.1,8.7,11.6,26866,21737,,
2022,WI,Wisconsin,Juneau,55057,DIABETES,Diagnosed diabetes among adults,Crude prevalence,CrdPrv,13.0,11.3,14.9,26866,21737,,
2022,WI,Wisconsin,Kenosha,55059,DIABETES,Diagnosed diabetes among adults,Age-adjusted prevalence,AgeAdjPrv,10.2,8.9,11.7,167817,131730,,
2022,WI,Wisconsin,Kenosha,55059,DIABETES,Diagnosed diabetes among adults,Crude prevalence,CrdPrv,11.6,10.1,13.3,167817,131730,,
2022,WI,Wisconsin,Kewaunee,55061,DIABETES,Diagnosed diabetes among adults,Age-adjusted prevalence,AgeAdjPrv,8.4,7.2,9.6,20623,16427,,
2022,WI,Wisconsin,Kewaunee,55061,DIABETES,Diagnosed diabetes among adults,Crude prevalence,CrdPrv,10.9,9.4,12.5,20623,16427,,
2022,WI,Wisconsin,La Crosse,55063,DIABETES,Diagnosed diabetes among adults,Age-adjusted prevalence,AgeAdjPrv,8.6,7.4,9.9,120294,97186,,
2022,WI,Wisconsin,La Crosse,55063,DIABETES,Diagnosed diabetes among adults,Crude prevalence,CrdPrv,9.3,8.0,10.7,120294,97186,,
2022,WI,Wisconsin,Lafayette,55065,DIABETES,Diagnosed diabetes among adults,Age-adjusted prevalence,AgeAdjPrv,9.0,7.8,10.3,16877,12794,,
2022,WI,Wisconsin,Lafayette,55065,DIABETES,Diagnosed diabetes among adults,Crude prevalence,CrdPrv,11.3,9.8,12.9,16877,12794,,
2022,WI,Wisconsin,Langlade,55067,DIABETES,Diagnosed diabetes among adults,Age-adjusted prevalence,AgeAdjPrv,9.1,7.8,10.4,19559,15841,,
2022,WI,Wisconsin,Langlade,55067,DIABETES,Diagnosed diabetes among adults,Crude prevalence,CrdPrv,12.8,11.1,14.7,19559,15841,,
2022,WI,Wisconsin,Lincoln,55069,DIABETES,Diagnosed diabetes among adults,Age-adjusted prevalence,AgeAdjPrv,9.0,7.7,10.3,28376,23441,,
2022,WI,Wisconsin,Lincoln,55069,DIABETES,Diagnosed diabetes among adults,Crude prevalence,CrdPrv,12.4,10.8,14.2,28376,23441,,
2022,WI,Wisconsin,Manitowoc,55071,DIABETES,Diagnosed diabetes among adults,Age-adjusted prevalence,AgeAdjPrv,8.7,7.6,10.0,81172,64819,,
2022,WI,Wisconsin,Manitowoc,55071,DIABETES,Diagnosed diabetes among adults,Crude prevalence,CrdPrv,11.5,10.0,13.2,81172,64819,,
2022,WI,Wisconsin,Marathon,55073,DIABETES,Diagnosed diabetes among adults,Age-adjusted prevalence,AgeAdjPrv,8.3,7.2,9.4,137958,107333,,
2022,WI,Wisconsin,Marathon,55073,DIABETES,Diagnosed diabetes among adults,Crude prevalence,CrdPrv,10.1,8.9,11.4,137958,107333,,
2022,WI,Wisconsin,Marinette,55075,DIABETES,Diagnosed diabetes among adults,Age-adjusted prevalence,AgeAdjPrv,9.6,8.4,11.0,41988,34155,,
2022,WI,Wisconsin,Marinette,55075,DIABETES,Diagnosed diabetes among adults,Crude prevalence,CrdPrv,13.6,11.9,15.5,41988,34155,,
2022,WI,Wisconsin,Marquette,55077,DIABETES,Diagnosed diabetes among adults,Age-adjusted prevalence,AgeAdjPrv,9.9,8.6,11.3,15779,12826,,
2022,WI,Wisconsin,Marquette,55077,DIABETES,Diagnosed diabetes among adults,Crude prevalence,CrdPrv,14.4,12.6,16.4,15779,12826,,
2022,WI,Wisconsin,Menominee,55078,DIABETES,Diagnosed diabetes among adults,Age-adjusted prevalence,AgeAdjPrv,14.1,12.3,16.1,4197,2800,,
2022,WI,Wisconsin,Menominee,55078,DIABETES,Diagnosed diabetes among adults,Crude prevalence,CrdPrv,16.0,14.0,18.1,4197,2800,,
2022,WI,Wisconsin,Milwaukee,55079,DIABETES,Diagnosed diabetes among adults,Age-adjusted prevalence,AgeAdjPrv,11.1,10.0,12.3,918661,702428,,
2022,WI,Wisconsin,Milwaukee,55079,DIABETES,Diagnosed diabetes among adults,Crude prevalence,CrdPrv,11.5,10.4,12.8,918661,702428,,
2022,WI,Wisconsin,Monroe,55081,DIABETES,Diagnosed diabetes among adults,Age-adjusted prevalence,AgeAdjPrv,9.2,8.0,10.6,46109,34679,,
2022,WI,Wisconsin,Monroe,55081,DIABETES,Diagnosed diabetes among adults,Crude prevalence,CrdPrv,11.3,9.9,13.0,46109,34679,,
2022,WI,Wisconsin,Oconto,55083,DIABETES,Diagnosed diabetes among adults,Age-adjusted prevalence,AgeAdjPrv,9.6,8.3,10.9,39633,31850,,
2022,WI,Wisconsin,Oconto,55083,DIABETES,Diagnosed diabetes among adults,Crude prevalence,CrdPrv,13.1,11.4,14.9,39633,31850,,
2022,WI,Wisconsin,Oneida,55085,DIABETES,Diagnosed diabetes among adults,Age-adjusted prevalence,AgeAdjPrv,8.3,7.3,9.7,38212,31836,,
2022,WI,Wisconsin,Oneida,55085,DIABETES,Diagnosed diabetes among adults,Crude prevalence,CrdPrv,12.0,10.5,13.9,38212,31836,,
2022,WI,Wisconsin,Outagamie,55087,DIABETES,Diagnosed diabetes among adults,Age-adjusted prevalence,AgeAdjPrv,8.8,7.6,9.9,192127,148430,,
2022,WI,Wisconsin,Outagamie,55087,DIABETES,Diagnosed diabetes among adults,Crude prevalence,CrdPrv,10.1,8.8,11.4,192127,148430,,
2022,WI,Wisconsin,Ozaukee,55089,DIABETES,Diagnosed diabetes among adults,Age-adjusted prevalence,AgeAdjPrv,7.4,6.4,8.6,93009,73764,,
2022,WI,Wisconsin,Ozaukee,55089,DIABETES,Diagnosed diabetes among adults,Crude prevalence,CrdPrv,9.6,8.3,11.0,93009,73764,,
2022,WI,Wisconsin,Pepin,55091,DIABETES,Diagnosed diabetes among adults,Age-adjusted prevalence,AgeAdjPrv,8.7,7.4,10.0,7410,5775,,
2022,WI,Wisconsin,Pepin,55091,DIABETES,Diagnosed diabetes among adults,Crude prevalence,CrdPrv,11.7,10.1,13.6,7410,5775,,
2022,WI,Wisconsin,Pierce,55093,DIABETES,Diagnosed diabetes among adults,Age-adjusted prevalence,AgeAdjPrv,8.6,7.5,9.9,42532,34057,,
2022,WI,Wisconsin,Pierce,55093,DIABETES,Diagnosed diabetes among adults,Crude prevalence,CrdPrv,9.5,8.3,10.8,42532,34057,,
2022,WI,Wisconsin,Polk,55095,DIABETES,Diagnosed diabetes among adults,Age-adjusted prevalence,AgeAdjPrv,9.0,7.7,10.4,45709,36755,,
2022,WI,Wisconsin,Polk,55095,DIABETES,Diagnosed diabetes among adults,Crude prevalence,CrdPrv,11.7,10.1,13.5,45709,36755,,
2022,WI,Wisconsin,Portage,55097,DIABETES,Diagnosed diabetes among adults,Age-adjusted prevalence,AgeAdjPrv,8.5,7.3,9.9,70718,57657,,
2022,WI,Wisconsin,Portage,55097,DIABETES,Diagnosed diabetes among adults,Crude prevalence,CrdPrv,9.6,8.3,11.0,70718,57657,,
2022,WI,Wisconsin,Price,55099,DIABETES,Diagnosed diabetes among adults,Age-adjusted prevalence,AgeAdjPrv,9.2,8.0,10.5,14179,11757,,
2022,WI,Wisconsin,Price,55099,DIABETES,Diagnosed diabetes among adults,Crude prevalence,CrdPrv,13.5,11.7,15.4,14179,11757,,
2022,WI,Wisconsin,Racine,55101,DIABETES,Diagnosed diabetes among adults,Age-adjusted prevalence,AgeAdjPrv,10.2,9.0,11.6,195846,151617,,
2022,WI,Wisconsin,Racine,55101,DIABETES,Diagnosed diabetes among adults,Crude prevalence,CrdPrv,12.0,10.6,13.5,195846,151617,,
2022,WI,Wisconsin,Richland,55103,DIABETES,Diagnosed diabetes among adults,Age-adjusted prevalence,AgeAdjPrv,9.4,8.1,10.8,17090,13561,,
2022,WI,Wisconsin,Richland,55103,DIABETES,Diagnosed diabetes among adults,Crude prevalence,CrdPrv,12.4,10.9,14.3,17090,13561,,
2022,WI,Wisconsin,Rock,55105,DIABETES,Diagnosed diabetes among adults,Age-adjusted prevalence,AgeAdjPrv,9.1,7.9,10.4,164060,127643,,
2022,WI,Wisconsin,Rock,55105,DIABETES,Diagnosed diabetes among adults,Crude prevalence,CrdPrv,10.8,9.4,12.3,164060,127643,,
2022,WI,Wisconsin,Rusk,55107,DIABETES,Diagnosed diabetes among adults,Age-adjusted prevalence,AgeAdjPrv,9.4,8.1,10.8,14186,11360,,
2022,WI,Wisconsin,Rusk,55107,DIABETES,Diagnosed diabetes among adults,Crude prevalence,CrdPrv,13.8,11.9,15.7,14186,11360,,
2022,WI,Wisconsin,St. Croix,55109,DIABETES,Diagnosed diabetes among adults,Age-adjusted prevalence,AgeAdjPrv,7.3,6.3,8.4,96017,73509,,
2022,WI,Wisconsin,St. Croix,55109,DIABETES,Diagnosed diabetes among adults,Crude prevalence,CrdPrv,8.7,7.5,10.0,96017,73509,,
2022,WI,Wisconsin,Sauk,55111,DIABETES,Diagnosed diabetes among adults,Age-adjusted prevalence,AgeAdjPrv,9.2,8.0,10.5,65777,51338,,
2022,WI,Wisconsin,Sauk,55111,DIABETES,Diagnosed diabetes among adults,Crude prevalence,CrdPrv,11.5,10.0,13.2,65777,51338,,
2022,WI,Wisconsin,Sawyer,55113,DIABETES,Diagnosed diabetes among adults,Age-adjusted prevalence,AgeAdjPrv,9.2,8.0,10.6,18559,15152,,
2022,WI,Wisconsin,Sawyer,55113,DIABETES,Diagnosed diabetes among adults,Crude prevalence,CrdPrv,13.1,11.4,15.0,18559,15152,,
2022,WI,Wisconsin,Shawano,55115,DIABETES,Diagnosed diabetes among adults,Age-adjusted prevalence,AgeAdjPrv,9.2,7.9,10.5,40886,32289,,
2022,WI,Wisconsin,Shawano,55115,DIABETES,Diagnosed diabetes among adults,Crude prevalence,CrdPrv,12.3,10.7,14.1,40886,32289,,
2022,WI,Wisconsin,Sheboygan,55117,DIABETES,Diagnosed diabetes among adults,Age-adjusted prevalence,AgeAdjPrv,8.5,7.4,9.7,117841,92837,,
2022,WI,Wisconsin,Sheboygan,55117,DIABETES,Diagnosed diabetes among adults,Crude prevalence,CrdPrv,10.6,9.2,12.1,117841,92837,,
2022,WI,Wisconsin,Taylor,55119,DIABETES,Diagnosed diabetes among adults,Age-adjusted prevalence,AgeAdjPrv,9.4,8.1,10.8,19975,15423,,
2022,WI,Wisconsin,Taylor,55119,DIABETES,Diagnosed diabetes among adults,Crude prevalence,CrdPrv,12.5,10.8,14.4,19975,15423,,
2022,WI,Wisconsin,Trempealeau,55121,DIABETES,Diagnosed diabetes among adults,Age-adjusted prevalence,AgeAdjPrv,8.9,7.6,10.2,30899,23116,,
2022,WI,Wisconsin,Trempealeau,55121,DIABETES,Diagnosed diabetes among adults,Crude prevalence,CrdPrv,11.2,9.6,12.8,30899,23116,,
2022,WI,Wisconsin,Vernon,55123,DIABETES,Diagnosed diabetes among adults,Age-adjusted prevalence,AgeAdjPrv,9.1,7.9,10.5,31060,23021,,
2022,WI,Wisconsin,Vernon,55123,DIABETES,Diagnosed diabetes among adults,Crude prevalence,CrdPrv,11.9,10.3,13.7,31060,23021,,
2022,WI,Wisconsin,Vilas,55125,DIABETES,Diagnosed diabetes among adults,Age-adjusted prevalence,AgeAdjPrv,9.0,7.8,10.3,23763,19920,,
2022,WI,Wisconsin,Vilas,55125,DIABETES,Diagnosed diabetes among adults,Crude prevalence,CrdPrv,13.7,11.9,15.7,23763,19920,,
2022,WI,Wisconsin,Walworth,55127,DIABETES,Diagnosed diabetes among adults,Age-adjusted prevalence,AgeAdjPrv,8.3,7.2,9.6,105380,85160,,
2022,WI,Wisconsin,Walworth,55127,DIABETES,Diagnosed diabetes among adults,Crude prevalence,CrdPrv,9.9,8.6,11.4,105380,85160,,
2022,WI,Wisconsin,Washburn,55129,DIABETES,Diagnosed diabetes among adults,Age-adjusted prevalence,AgeAdjPrv,8.8,7.6,10.2,16911,13912,,
2022,WI,Wisconsin,Washburn,55129,DIABETES,Diagnosed diabetes among adults,Crude prevalence,CrdPrv,12.6,10.9,14.5,16911,13912,,
2022,WI,Wisconsin,Washington,55131,DIABETES,Diagnosed diabetes among adults,Age-adjusted prevalence,AgeAdjPrv,7.8,6.7,9.0,137688,109234,,
2022,WI,Wisconsin,Washington,55131,DIABETES,Diagnosed diabetes among adults,Crude prevalence,CrdPrv,10.0,8.6,11.5,137688,109234,,
2022,WI,Wisconsin,Waukesha,55133,DIABETES,Diagnosed diabetes among adults,Age-adjusted prevalence,AgeAdjPrv,7.4,6.5,8.4,410434,325452,,
2022,WI,Wisconsin,Waukesha,55133,DIABETES,Diagnosed diabetes among adults,Crude prevalence,CrdPrv,9.5,8.4,10.7,410434,325452,,
2022,WI,Wisconsin,Waupaca,55135,DIABETES,Diagnosed diabetes among adults,Age-adjusted prevalence,AgeAdjPrv,8.5,7.3,9.7,51488,41240,,
2022,WI,Wisconsin,Waupaca,55135,DIABETES,Diagnosed diabetes among adults,Crude prevalence,CrdPrv,11.0,9.5,12.5,51488,41240,,
2022,WI,Wisconsin,Waushara,55137,DIABETES,Diagnosed diabetes among adults,Age-adjusted prevalence,AgeAdjPrv,9.8,8.5,11.3,24999,20572,,
2022,WI,Wisconsin,Waushara,55137,DIABETES,Diagnosed diabetes among adults,Crude prevalence,CrdPrv,13.5,11.7,15.5,24999,20572,,
2022,WI,Wisconsin,Winnebago,55139,DIABETES,Diagnosed diabetes among adults,Age-adjusted prevalence,AgeAdjPrv,8.7,7.5,9.9,170718,136750,,
2022,WI,Wisconsin,Winnebago,55139,DIABETES,Diagnosed diabetes among adults,Crude prevalence,CrdPrv,9.5,8.2,10.8,170718,136750,,
2022,WI,Wisconsin,Wood,55141,DIABETES,Diagnosed diabetes among adults,Age-adjusted prevalence,AgeAdjPrv,9.0,7.9,10.1,73993,58248,,
2022,WI,Wisconsin,Wood,55141,DIABETES,Diagnosed diabetes among adults,Crude prevalence,CrdPrv,11.4,10.1,12.9,73993,58248,,
2022,WY,Wyoming,Albany,56001,DIABETES,Diagnosed diabetes among adults,Age-adjusted prevalence,AgeAdjPrv,9.4,8.0,10.8,38031,32250,,
2022,WY,Wyoming,Albany,56001,DIABETES,Diagnosed diabetes among adults,Crude prevalence,CrdPrv,7.6,6.5,8.8,38031,32250,,
2022,WY,Wyoming,Big Horn,56003,DIABETES,Diagnosed diabetes among adults,Age-adjusted prevalence,AgeAdjPrv,8.9,7.7,10.3,11855,9021,,
2022,WY,Wyoming,Big Horn,56003,DIABETES,Diagnosed diabetes among adults,Crude prevalence,CrdPrv,11.3,9.7,13.0,11855,9021,,
2022,WY,Wyoming,Campbell,56005,DIABETES,Diagnosed diabetes among adults,Age-adjusted prevalence,AgeAdjPrv,8.7,7.5,10.1,47058,34661,,
2022,WY,Wyoming,Campbell,56005,DIABETES,Diagnosed diabetes among adults,Crude prevalence,CrdPrv,9.3,8.0,10.8,47058,34661,,
2022,WY,Wyoming,Carbon,56007,DIABETES,Diagnosed diabetes among adults,Age-adjusted prevalence,AgeAdjPrv,9.9,8.5,11.4,14542,11316,,
2022,WY,Wyoming,Carbon,56007,DIABETES,Diagnosed diabetes among adults,Crude prevalence,CrdPrv,11.6,10.0,13.3,14542,11316,,
2022,WY,Wyoming,Converse,56009,DIABETES,Diagnosed diabetes among adults,Age-adjusted prevalence,AgeAdjPrv,9.4,8.3,11.1,13786,10468,,
2022,WY,Wyoming,Converse,56009,DIABETES,Diagnosed diabetes among adults,Crude prevalence,CrdPrv,11.3,10.0,13.3,13786,10468,,
2022,WY,Wyoming,Crook,56011,DIABETES,Diagnosed diabetes among adults,Age-adjusted prevalence,AgeAdjPrv,8.5,7.3,9.8,7448,5621,,
2022,WY,Wyoming,Crook,56011,DIABETES,Diagnosed diabetes among adults,Crude prevalence,CrdPrv,11.5,9.9,13.3,7448,5621,,
2022,WY,Wyoming,Fremont,56013,DIABETES,Diagnosed diabetes among adults,Age-adjusted prevalence,AgeAdjPrv,9.8,8.5,11.3,39472,29818,,
2022,WY,Wyoming,Fremont,56013,DIABETES,Diagnosed diabetes among adults,Crude prevalence,CrdPrv,12.1,10.6,13.9,39472,29818,,
2022,WY,Wyoming,Goshen,56015,DIABETES,Diagnosed diabetes among adults,Age-adjusted prevalence,AgeAdjPrv,8.7,7.4,10.0,12562,10090,,
2022,WY,Wyoming,Goshen,56015,DIABETES,Diagnosed diabetes among adults,Crude prevalence,CrdPrv,10.9,9.4,12.6,12562,10090,,
2022,WY,Wyoming,Hot Springs,56017,DIABETES,Diagnosed diabetes among adults,Age-adjusted prevalence,AgeAdjPrv,9.5,8.1,11.0,4588,3643,,
2022,WY,Wyoming,Hot Springs,56017,DIABETES,Diagnosed diabetes among adults,Crude prevalence,CrdPrv,14.0,12.0,16.0,4588,3643,,
2022,WY,Wyoming,Johnson,56019,DIABETES,Diagnosed diabetes among adults,Age-adjusted prevalence,AgeAdjPrv,8.7,7.3,10.2,8730,6936,,
2022,WY,Wyoming,Johnson,56019,DIABETES,Diagnosed diabetes among adults,Crude prevalence,CrdPrv,12.3,10.5,14.3,8730,6936,,
2022,WY,Wyoming,Laramie,56021,DIABETES,Diagnosed diabetes among adults,Age-adjusted prevalence,AgeAdjPrv,8.5,7.4,9.6,100723,78289,,
2022,WY,Wyoming,Laramie,56021,DIABETES,Diagnosed diabetes among adults,Crude prevalence,CrdPrv,9.5,8.3,10.8,100723,78289,,
2022,WY,Wyoming,Lincoln,56023,DIABETES,Diagnosed diabetes among adults,Age-adjusted prevalence,AgeAdjPrv,8.3,7.2,9.6,20660,15462,,
2022,WY,Wyoming,Lincoln,56023,DIABETES,Diagnosed diabetes among adults,Crude prevalence,CrdPrv,10.4,9.0,12.0,20660,15462,,
2022,WY,Wyoming,Natrona,56025,DIABETES,Diagnosed diabetes among adults,Age-adjusted prevalence,AgeAdjPrv,9.4,8.1,10.7,79601,60957,,
2022,WY,Wyoming,Natrona,56025,DIABETES,Diagnosed diabetes among adults,Crude prevalence,CrdPrv,10.7,9.3,12.1,79601,60957,,
2022,WY,Wyoming,Niobrara,56027,DIABETES,Diagnosed diabetes among adults,Age-adjusted prevalence,AgeAdjPrv,10.3,8.8,11.9,2380,1956,,
2022,WY,Wyoming,Niobrara,56027,DIABETES,Diagnosed diabetes among adults,Crude prevalence,CrdPrv,13.1,11.3,15.1,2380,1956,,
2022,WY,Wyoming,Park,56029,DIABETES,Diagnosed diabetes among adults,Age-adjusted prevalence,AgeAdjPrv,7.7,6.7,8.9,30518,24307,,
2022,WY,Wyoming,Park,56029,DIABETES,Diagnosed diabetes among adults,Crude prevalence,CrdPrv,10.2,8.8,11.7,30518,24307,,
2022,WY,Wyoming,Platte,56031,DIABETES,Diagnosed diabetes among adults,Age-adjusted prevalence,AgeAdjPrv,9.3,8.0,10.7,8645,6862,,
2022,WY,Wyoming,Platte,56031,DIABETES,Diagnosed diabetes among adults,Crude prevalence,CrdPrv,13.0,11.3,15.0,8645,6862,,
2022,WY,Wyoming,Sheridan,56033,DIABETES,Diagnosed diabetes among adults,Age-adjusted prevalence,AgeAdjPrv,7.9,6.8,9.0,32096,25473,,
2022,WY,Wyoming,Sheridan,56033,DIABETES,Diagnosed diabetes among adults,Crude prevalence,CrdPrv,10.1,8.8,11.6,32096,25473,,
2022,WY,Wyoming,Sublette,56035,DIABETES,Diagnosed diabetes among adults,Age-adjusted prevalence,AgeAdjPrv,8.1,6.9,9.4,8763,6898,,
2022,WY,Wyoming,Sublette,56035,DIABETES,Diagnosed diabetes among adults,Crude prevalence,CrdPrv,10.8,9.2,12.5,8763,6898,,
2022,WY,Wyoming,Sweetwater,56037,DIABETES,Diagnosed diabetes among adults,Age-adjusted prevalence,AgeAdjPrv,9.4,8.0,10.8,41345,31117,,
2022,WY,Wyoming,Sweetwater,56037,DIABETES,Diagnosed diabetes among adults,Crude prevalence,CrdPrv,10.2,8.7,11.8,41345,31117,,
2022,WY,Wyoming,Teton,56039,DIABETES,Diagnosed diabetes among adults,Age-adjusted prevalence,AgeAdjPrv,7.1,6.0,8.2,23287,19298,,
2022,WY,Wyoming,Teton,56039,DIABETES,Diagnosed diabetes among adults,Crude prevalence,CrdPrv,7.9,6.7,9.2,23287,19298,,
2022,WY,Wyoming,Uinta,56041,DIABETES,Diagnosed diabetes among adults,Age-adjusted prevalence,AgeAdjPrv,9.0,7.7,10.5,20712,15153,,
2022,WY,Wyoming,Uinta,56041,DIABETES,Diagnosed diabetes among adults,Crude prevalence,CrdPrv,10.4,8.8,12.1,20712,15153,,
2022,WY,Wyoming,Washakie,56043,DIABETES,Diagnosed diabetes among adults,Age-adjusted prevalence,AgeAdjPrv,9.4,8.0,10.8,7719,6115,,
2022,WY,Wyoming,Washakie,56043,DIABETES,Diagnosed diabetes among adults,Crude prevalence,CrdPrv,12.3,10.5,14.1,7719,6115,,
2022,WY,Wyoming,Weston,56045,DIABETES,Diagnosed diabetes among adults,Age-adjusted prevalence,AgeAdjPrv,9.6,8.2,11.0,6860,5556,,
2022,WY,Wyoming,Weston,56045,DIABETES,Diagnosed diabetes among adults,Crude prevalence,CrdPrv,12.4,10.7,14.2,6860,5556,,
2022,US,United States,,59,DIABETES,Diagnosed diabetes among adults,Age-adjusted prevalence,AgeAdjPrv,10.4,10.2,10.6,333287557,260836730,,
2022,US,United States,,59,DIABETES,Diagnosed diabetes among adults,Crude prevalence,CrdPrv,12.0,11.8,12.2,333287557,260836730,,
