tract_fips,state_fips,county_fips,tract_code,tract_name,geometry_type,is_valid,is_empty,is_null,aland_sq_m,awater_sq_m,projected_area_sq_m,area_relative_difference
25001010100,25,25001,010100,101,Polygon,1,0,0,25046216,12765872,37809654.59735246,0.0000643552
25001010206,25,25001,010206,102.06,Polygon,1,0,0,51240907,18828934,70066510.9753016233,0.0000475244
25001010208,25,25001,010208,102.08,Polygon,1,0,0,54268861,11461462,65726403.4119125009,0.0000596314
25001010304,25,25001,010304,103.04,Polygon,1,0,0,18347803,7830614,26177686.8692041598,0.0000278906
25001010306,25,25001,010306,103.06,Polygon,1,0,0,17828291,1730719,19558306.1530982591,0.0000359858
25001010400,25,25001,010400,104,Polygon,1,0,0,15587094,8476393,24063215.1943258792,0.0000112954
25001010500,25,25001,010500,105,Polygon,1,0,0,21096183,13691016,34786654.5117078647,0.000015652
25001010600,25,25001,010600,106,Polygon,1,0,0,14694953,14524028,29219154.4895484895,0.0000059376
25001010700,25,25001,010700,107,Polygon,1,0,0,27186449,29106036,56294071.8539160192,0.0000281894
25001010800,25,25001,010800,108,Polygon,1,0,0,28389012,2733769,31122552.0546286106,0.0000073562
25001010900,25,25001,010900,109,Polygon,1,0,0,31026909,3912692,34939288.4262680039,0.0000089461
25001011002,25,25001,011002,110.02,Polygon,1,0,0,21448124,2202286,23650600.8888070695,0.0000080713
25001011100,25,25001,011100,111,Polygon,1,0,0,19218085,2840489,22058600.548613593,0.0000012036
25001011200,25,25001,011200,112,Polygon,1,0,0,13422829,681464,14104443.5074623786,0.000010671
25001011300,25,25001,011300,113,Polygon,1,0,0,13113157,556274,13669370.63888162,0.0000044158
25001011400,25,25001,011400,114,Polygon,1,0,0,15367066,449479,15816463.9921610244,0.0000051217
25001011500,25,25001,011500,115,Polygon,1,0,0,11167901,731897,11899866.7681433409,0.0000057789
25001011600,25,25001,011600,116,Polygon,1,0,0,6359506,457312,6816922.9207269317,0.0000153915
25001011700,25,25001,011700,117,Polygon,1,0,0,7335262,2368588,9704009.6097125765,0.0000164481
25001011801,25,25001,011801,118.01,Polygon,1,0,0,9154103,609692,9763796.7803690694,0.0000001823
25001011802,25,25001,011802,118.02,Polygon,1,0,0,13808259,1487789,15296129.074673159,0.0000053004
25001012001,25,25001,012001,120.01,Polygon,1,0,0,10330552,795784,11126453.032165641,0.0000105185
25001012002,25,25001,012002,120.02,Polygon,1,0,0,5771689,1014630,6786445.6989929089,0.0000186698
25001012101,25,25001,012101,121.01,Polygon,1,0,0,13695216,700866,14396282.1457222234,0.0000139028
25001012102,25,25001,012102,121.02,Polygon,1,0,0,9803599,5932744,15736730.0264949296,0.0000245944
25001012200,25,25001,012200,122,Polygon,1,0,0,47737965,10437215,58175274.4600262418,0.0000016237
25001012502,25,25001,012502,125.02,Polygon,1,0,0,5963437,2240399,8204034.3483455107,0.0000241775
25001012601,25,25001,012601,126.01,Polygon,1,0,0,3467385,9794,3477241.0356943491,0.0000178408
25001012602,25,25001,012602,126.02,Polygon,1,0,0,3331531,61281,3392874.6371380449,0.0000184617
25001012700,25,25001,012700,127,Polygon,1,0,0,9606912,902420,10509565.2391786445,0.0000221935
25001012800,25,25001,012800,128,Polygon,1,0,0,7807705,2887415,10695263.3424131032,0.0000134026
25001012900,25,25001,012900,129,Polygon,1,0,0,6094063,56486,6150654.9398650629,0.0000172245
25001013002,25,25001,013002,130.02,Polygon,1,0,0,15527709,4557283,20085563.0565747172,0.000028432
25001013100,25,25001,013100,131,Polygon,1,0,0,22908182,2064243,24972716.6313927434,0.0000116781
25001013200,25,25001,013200,132,Polygon,1,0,0,19557999,3410844,22969474.894025363,0.0000275109
25001013300,25,25001,013300,133,Polygon,1,0,0,12779497,1564201,14343515.7632034346,0.000012705
25001013400,25,25001,013400,134,Polygon,1,0,0,21892831,518183,22410865.3295696117,0.0000066338
25001013500,25,25001,013500,135,Polygon,1,0,0,23627497,1422547,25050187.0523190536,0.0000057107
25001013600,25,25001,013600,136,Polygon,1,0,0,18725866,944532,19670489.445286192,0.0000046489
25001013700,25,25001,013700,137,Polygon,1,0,0,13702860,3233247,16935890.1784521677,0.0000128023
25001013800,25,25001,013800,138,Polygon,1,0,0,12577899,927824,13505472.3931614831,0.0000185556
25001013900,25,25001,013900,139,Polygon,1,0,0,15717345,6088464,21805737.9214842655,0.0000032596
25001014002,25,25001,014002,140.02,Polygon,1,0,0,19063461,5154444,24218158.8407559805,0.0000104815
25001014100,25,25001,014100,141,Polygon,1,0,0,82644372,127974,82772753.6273100972,0.0000049247
25001014300,25,25001,014300,143,Polygon,1,0,0,15892129,3325167,19217856.1634680144,0.0000291489
25001014402,25,25001,014402,144.02,Polygon,1,0,0,41040486,2375914,43417899.0191698745,0.0000345266
25001014500,25,25001,014500,145,Polygon,1,0,0,17329505,4318747,21649164.3482138664,0.0000421442
25001014600,25,25001,014600,146,Polygon,1,0,0,12348292,1287007,13635931.7216485497,0.0000464032
25001014700,25,25001,014700,147,Polygon,1,0,0,6280597,1450413,7731411.9237897443,0.0000519885
25001014800,25,25001,014800,148,Polygon,1,0,0,5286480,409042,5695829.567592416,0.0000540017
25001014900,25,25001,014900,149,Polygon,1,0,0,15929586,3196513,19127231.2301204838,0.0000591982
25001015001,25,25001,015001,150.01,Polygon,1,0,0,10235798,3548882,13784938.5526265632,0.0000187565
25001015002,25,25001,015002,150.02,Polygon,1,0,0,14101661,2101791,16203876.5679757167,0.0000262023
25001015100,25,25001,015100,151,Polygon,1,0,0,16641711,590370,17232670.440912433,0.000034206
25001015200,25,25001,015200,152,Polygon,1,0,0,15232591,3759455,18992959.544761382,0.0000481014
25001015300,25,25001,015300,153,Polygon,1,0,0,13212205,530950,13743337.8103307672,0.0000133019
25001990000,25,25001,990000,9900,Polygon,1,0,0,0,2140968533,2140941575.7530961037,0.0000125911
25003900100,25,25003,900100,9001,Polygon,1,0,0,1264254,0,1264190.0550122459,0.0000505792
25003900200,25,25003,900200,9002,Polygon,1,0,0,1338731,111345,1450000.7099671371,0.0000519214
25003900300,25,25003,900300,9003,Polygon,1,0,0,2747524,21953,2769342.4771560356,0.0000485734
25003900400,25,25003,900400,9004,Polygon,1,0,0,12763913,991639,13754907.4560298324,0.000046857
25003900500,25,25003,900500,9005,Polygon,1,0,0,28227200,2704641,30930312.8951159157,0.0000494023
25003900600,25,25003,900600,9006,Polygon,1,0,0,2112080,71544,2183512.8654546621,0.0000508945
25003900700,25,25003,900700,9007,Polygon,1,0,0,7194096,331454,7525142.2999478206,0.0000541754
25003900800,25,25003,900800,9008,Polygon,1,0,0,25849608,551501,26399626.7574318275,0.0000561432
25003900900,25,25003,900900,9009,Polygon,1,0,0,4025777,86806,4112361.3370924476,0.0000538987
25003901100,25,25003,901100,9011,Polygon,1,0,0,7889295,14757,7903671.293313588,0.000048166
25003911100,25,25003,911100,9111,Polygon,1,0,0,74730666,1899775,76627570.6285552531,0.0000374573
25003912100,25,25003,912100,9121,Polygon,1,0,0,56384679,256362,56638375.2327728719,0.0000470642
25003913100,25,25003,913100,9131,Polygon,1,0,0,54951001,1168561,56116091.9148859531,0.0000618338
25003914100,25,25003,914100,9141,Polygon,1,0,0,67718745,2250661,69964675.1778846532,0.0000676127
25003920101,25,25003,920101,9201.01,Polygon,1,0,0,35555233,246166,35801860.5322568268,0.0000128915
25003920102,25,25003,920102,9201.02,Polygon,1,0,0,85482502,68664,85550804.7965592146,0.0000042221
25003921300,25,25003,921300,9213,Polygon,1,0,0,11993054,132550,12125642.266853679,0.0000031559
25003921400,25,25003,921400,9214,Polygon,1,0,0,17962803,138318,18101062.1756944247,0.0000032498
25003921500,25,25003,921500,9215,Polygon,1,0,0,18120994,340405,18461423.9006057233,0.0000013488
25003922100,25,25003,922100,9221,Polygon,1,0,0,1996395,28384,2024745.8825995151,0.0000163561
25003922200,25,25003,922200,9222,Polygon,1,0,0,33205950,103536,33309064.998594217,0.0000126391
25003922300,25,25003,922300,9223,Polygon,1,0,0,24078868,51433,24129832.2294272892,0.0000194266
25003923100,25,25003,923100,9231,Polygon,1,0,0,69442567,1833959,71274347.5938639939,0.0000305627
25003924100,25,25003,924100,9241,Polygon,1,0,0,58901712,2431454,61329025.4395860061,0.0000675093
25003925101,25,25003,925101,9251.01,Polygon,1,0,0,11073342,329653,11402193.8838144261,0.0000702549
25003925102,25,25003,925102,9251.02,Polygon,1,0,0,105006946,2141286,107140665.3161921948,0.0000706188
25003926100,25,25003,926100,9261,Polygon,1,0,0,122792167,2936438,125720105.6803156137,0.0000676005
25003931100,25,25003,931100,9311,Polygon,1,0,0,32868764,267283,33136482.8329965733,0.0000131528
25003931300,25,25003,931300,9313,Polygon,1,0,0,155947815,1077583,157023207.3970271647,0.0000139506
25003931400,25,25003,931400,9314,Polygon,1,0,0,157783465,721854,158497905.1437961161,0.0000467735
25003932200,25,25003,932200,9322,Polygon,1,0,0,217731470,6597974,224314681.9610726833,0.0000658052
25003932300,25,25003,932300,9323,Polygon,1,0,0,53690031,2502365,56189359.5399616957,0.0000540368
25003933200,25,25003,933200,9332,Polygon,1,0,0,116728278,3095157,119815000.8808086514,0.0000703879
25003933300,25,25003,933300,9333,Polygon,1,0,0,121432814,2629683,124054112.066364482,0.0000675864
25003933400,25,25003,933400,9334,Polygon,1,0,0,226269726,9450458,235703919.6574264169,0.0000689985
25003934200,25,25003,934200,9342,Polygon,1,0,0,47792810,595257,48384819.3124754205,0.0000671175
25003934300,25,25003,934300,9343,Polygon,1,0,0,135781043,1114367,136885981.7219177783,0.0000688721
25003935100,25,25003,935100,9351,Polygon,1,0,0,175734433,1054423,176781806.329259336,0.0000398762
25003935200,25,25003,935200,9352,Polygon,1,0,0,11400205,279402,11679004.6551657058,0.0000515724
25003935300,25,25003,935300,9353,Polygon,1,0,0,4621191,80716,4701929.244978386,0.0000047311
25005600100,25,25005,600100,6001,Polygon,1,0,0,7220878,55417,7275823.0839973874,0.0000648566
25005600202,25,25005,600202,6002.02,Polygon,1,0,0,19993383,158819,20150978.6232107393,0.0000607069
25005600203,25,25005,600203,6002.03,Polygon,1,0,0,19560055,499995,20058777.5840817913,0.0000634303
25005600204,25,25005,600204,6002.04,Polygon,1,0,0,15773391,196273,15968708.8233669754,0.0000598119
25005610100,25,25005,610100,6101,Polygon,1,0,0,3812576,67704,3880042.0717497882,0.0000613173
25005610202,25,25005,610202,6102.02,Polygon,1,0,0,23953502,391792,24343853.9219691195,0.0000591522
25005610203,25,25005,610203,6102.03,Polygon,1,0,0,14224700,240712,14464530.122440571,0.0000609646
25005610204,25,25005,610204,6102.04,Polygon,1,0,0,10078442,122133,10199934.0312897451,0.0000628365
25005611101,25,25005,611101,6111.01,Polygon,1,0,0,21312485,757226,22068458.6586034559,0.0000567448
25005611102,25,25005,611102,6111.02,Polygon,1,0,0,17397670,620665,18017379.3500612006,0.0000530376
25005611201,25,25005,611201,6112.01,Polygon,1,0,0,16850434,425428,17275013.5627807789,0.0000491111
25005611202,25,25005,611202,6112.02,Polygon,1,0,0,16527324,2030071,18556356.3197583072,0.0000559712
25005612100,25,25005,612100,6121,Polygon,1,0,0,19222468,44276,19265729.3999809213,0.0000526607
25005612201,25,25005,612201,6122.01,Polygon,1,0,0,8969435,313388,9282363.6236223094,0.0000494867
25005612202,25,25005,612202,6122.02,Polygon,1,0,0,24843935,415101,25257888.3359963782,0.0000454358
25005613100,25,25005,613100,6131,Polygon,1,0,0,25683519,1847600,27529685.2897122353,0.000052076
25005613300,25,25005,613300,6133,Polygon,1,0,0,21965658,425782,22390398.093004588,0.0000465315
25005613400,25,25005,613400,6134,Polygon,1,0,0,15523835,386403,15909574.447717391,0.000041706
25005613600,25,25005,613600,6136,Polygon,1,0,0,1960930,25727,1986567.5819111925,0.0000450093
25005613700,25,25005,613700,6137,Polygon,1,0,0,3503942,15606,3519393.6269689128,0.0000438616
25005613800,25,25005,613800,6138,Polygon,1,0,0,1712858,5655,1718433.2886261463,0.0000463839
25005613901,25,25005,613901,6139.01,Polygon,1,0,0,1244688,24970,1269604.6028909923,0.0000420563
25005613902,25,25005,613902,6139.02,Polygon,1,0,0,8045188,246102,8290960.4267469235,0.0000397493
25005614000,25,25005,614000,6140,Polygon,1,0,0,1939162,35462,1974538.2497647812,0.0000434261
25005614101,25,25005,614101,6141.01,Polygon,1,0,0,10968447,462755,11430735.991137296,0.0000407664
25005614102,25,25005,614102,6141.02,Polygon,1,0,0,28424800,942316,29366011.1598294191,0.0000376217
25005615100,25,25005,615100,6151,Polygon,1,0,0,57059612,1496280,58554113.6512322649,0.0000303701
25005616100,25,25005,616100,6161,Polygon,1,0,0,42766737,2360515,45125882.3162439317,0.0000303516
25005617101,25,25005,617101,6171.01,Polygon,1,0,0,53945532,2934538,56879102.8841337636,0.0000170027
25005617102,25,25005,617102,6171.02,Polygon,1,0,0,35313754,2057154,37370454.6347281337,0.0000121315
25005630101,25,25005,630101,6301.01,Polygon,1,0,0,989288,93431,1082659.8466087941,0.0000546341
25005630102,25,25005,630102,6301.02,Polygon,1,0,0,2165411,173019,2338300.1176049635,0.0000555426
25005630201,25,25005,630201,6302.01,Polygon,1,0,0,6044795,376013,6420441.9801634746,0.0000570053
25005630202,25,25005,630202,6302.02,Polygon,1,0,0,9279614,43026,9322105.4696392864,0.0000573368
25005630301,25,25005,630301,6303.01,Polygon,1,0,0,18453139,328688,18780827.5958046317,0.0000532112
25005630302,25,25005,630302,6303.02,Polygon,1,0,0,1931621,11471,1942981.5935429872,0.00005682
25005630400,25,25005,630400,6304,Polygon,1,0,0,9971680,331728,10302863.2632189002,0.0000528696
25005631101,25,25005,631101,6311.01,Polygon,1,0,0,4008884,33749,4042450.1050971821,0.0000452415
25005631102,25,25005,631102,6311.02,Polygon,1,0,0,4191158,111228,4302190.4484285126,0.0000454519
25005631200,25,25005,631200,6312,Polygon,1,0,0,16994680,1547092,18540873.6266320236,0.0000484513
25005631300,25,25005,631300,6313,Polygon,1,0,0,8943943,156506,9099959.3258711323,0.0000538077
25005631400,25,25005,631400,6314,Polygon,1,0,0,792115,7616,799693.6872243619,0.0000466567
25005631500,25,25005,631500,6315,Polygon,1,0,0,2240113,42076,2282077.1256489377,0.0000490206
25005631600,25,25005,631600,6316,Polygon,1,0,0,1571485,23449,1594858.5221060903,0.0000473235
25005631700,25,25005,631700,6317,Polygon,1,0,0,18616909,337138,18953104.5301132351,0.0000497239
25005631800,25,25005,631800,6318,Polygon,1,0,0,12001490,310470,12311386.6487423014,0.0000465686
25005632100,25,25005,632100,6321,Polygon,1,0,0,23949286,416818,24365199.9687318802,0.000037102
25005632200,25,25005,632200,6322,Polygon,1,0,0,23694520,221850,23915787.9263723046,0.0000243379
25005633100,25,25005,633100,6331,Polygon,1,0,0,54992463,226587,55216874.0525251701,0.0000394057
25005633200,25,25005,633200,6332,Polygon,1,0,0,66564672,1183101,67746040.076363802,0.000025579
25005640100,25,25005,640100,6401,Polygon,1,0,0,3462441,1489149,4951680.3455531914,0.0000182458
25005640201,25,25005,640201,6402.01,Polygon,1,0,0,375121,0,375123.2136323127,0.0000059011
25005640202,25,25005,640202,6402.02,Polygon,1,0,0,1140735,637808,1778564.5326373021,0.0000121069
25005640300,25,25005,640300,6403,Polygon,1,0,0,1306997,450104,1757118.4913088053,0.0000099546
25005640400,25,25005,640400,6404,Polygon,1,0,0,890776,320084,1210870.0480166164,0.0000082982
25005640500,25,25005,640500,6405,Polygon,1,0,0,1363898,438873,1802786.9450788407,0.0000088448
25005640600,25,25005,640600,6406,Polygon,1,0,0,720776,0,720778.8505100444,0.0000039548
25005640700,25,25005,640700,6407,Polygon,1,0,0,952096,0,952106.0290058533,0.0000105336
25005640800,25,25005,640800,6408,Polygon,1,0,0,3118268,2836343,5954683.6399907852,0.0000121989
25005640901,25,25005,640901,6409.01,Polygon,1,0,0,739263,6367,745635.6046331731,0.0000075166
25005641000,25,25005,641000,6410,Polygon,1,0,0,659061,295751,954814.1576465998,0.0000022598
25005641101,25,25005,641101,6411.01,Polygon,1,0,0,459081,0,459082.1993489958,0.0000026125
25005641200,25,25005,641200,6412,Polygon,1,0,0,1022814,126547,1149370.8050827684,0.0000085309
25005641300,25,25005,641300,6413,Polygon,1,0,0,885718,0,885727.4483415099,0.0000106674
25005641400,25,25005,641400,6414,Polygon,1,0,0,606111,7348,613463.4515420075,0.0000072565
25005641500,25,25005,641500,6415,Polygon,1,0,0,358290,0,358291.5589860851,0.0000043512
25005641600,25,25005,641600,6416,Polygon,1,0,0,991853,543950,1535817.4588934192,0.0000094145
25005641700,25,25005,641700,6417,Polygon,1,0,0,3052190,82249,3134459.4453372802,0.0000065228
25005641800,25,25005,641800,6418,Polygon,1,0,0,524919,0,524921.0533323758,0.0000039117
25005641900,25,25005,641900,6419,Polygon,1,0,0,354174,0,354181.4683670265,0.0000210867
25005642000,25,25005,642000,6420,Polygon,1,0,0,1105557,819837,1925400.0860979478,0.000003161
25005642100,25,25005,642100,6421,Polygon,1,0,0,2633345,1984443,4617750.1455059666,0.0000081975
25005642200,25,25005,642200,6422,Polygon,1,0,0,1422770,3763,1426530.0674227776,0.0000020557
25005642300,25,25005,642300,6423,Polygon,1,0,0,1009715,0,1009714.8372532416,0.0000001612
25005642400,25,25005,642400,6424,Polygon,1,0,0,1156535,0,1156535.5767685766,0.0000004987
25005642500,25,25005,642500,6425,Polygon,1,0,0,55475041,8385254,63860145.5074185058,0.0000023409
25005644101,25,25005,644101,6441.01,Polygon,1,0,0,4354480,818036,5172454.2456791596,0.0000119389
25005644102,25,25005,644102,6441.02,Polygon,1,0,0,5739108,2155382,7894358.9201914519,0.000016604
25005644200,25,25005,644200,6442,Polygon,1,0,0,10362785,7366662,17729439.184213236,0.0000004408
25005645101,25,25005,645101,6451.01,Polygon,1,0,0,5582701,4995814,10578514.9718747512,0.0000000027
25005645102,25,25005,645102,6451.02,Polygon,1,0,0,29146597,647058,29793225.5331165604,0.0000144147
25005645103,25,25005,645103,6451.03,Polygon,1,0,0,24009990,1077485,25087179.3315621391,0.0000117855
25005646101,25,25005,646101,6461.01,Polygon,1,0,0,32188718,3262737,35452127.8003676385,0.0000189781
25005646103,25,25005,646103,6461.03,Polygon,1,0,0,50309385,2744896,53056288.2771950662,0.0000378344
25005646104,25,25005,646104,6461.04,Polygon,1,0,0,46537222,14678358,61219420.878437981,0.0000627435
25005650101,25,25005,650101,6501.01,Polygon,1,0,0,4899390,148107,5047498.5377548281,0.0000003047
25005650102,25,25005,650102,6501.02,Polygon,1,0,0,5070453,34078,5104529.6539428085,0.0000002637
25005650201,25,25005,650201,6502.01,Polygon,1,0,0,16042025,314134,16356305.9897767454,0.0000089868
25005650202,25,25005,650202,6502.02,Polygon,1,0,0,1849613,14605,1864239.3176942142,0.0000114352
25005650300,25,25005,650300,6503,Polygon,1,0,0,1077772,42961,1120749.3545144459,0.0000145927
25005650400,25,25005,650400,6504,Polygon,1,0,0,718578,145530,864121.051611885,0.0000151041
25005650500,25,25005,650500,6505,Polygon,1,0,0,574335,0,574340.4894561745,0.0000095579
25005650600,25,25005,650600,6506,Polygon,1,0,0,397456,34063,431526.2353779022,0.0000167672
25005650700,25,25005,650700,6507,Polygon,1,0,0,361509,167769,529287.2998877493,0.0000175709
25005650800,25,25005,650800,6508,Polygon,1,0,0,601715,0,601726.3758328602,0.0000189057
25005650900,25,25005,650900,6509,Polygon,1,0,0,948483,0,948501.38938232,0.0000193882
25005651001,25,25005,651001,6510.01,Polygon,1,0,0,3462492,21860,3484417.0059073484,0.0000186565
25005651002,25,25005,651002,6510.02,Polygon,1,0,0,2358406,47648,2406105.1993889147,0.0000212794
25005651100,25,25005,651100,6511,Polygon,1,0,0,690427,0,690443.2406277463,0.0000235226
25005651200,25,25005,651200,6512,Polygon,1,0,0,826884,156749,983653.5006037565,0.0000208417
25005651300,25,25005,651300,6513,Polygon,1,0,0,835420,527231,1362680.7820029596,0.0000218559
25005651400,25,25005,651400,6514,Polygon,1,0,0,441217,0,441225.2150486087,0.0000186191
25005651500,25,25005,651500,6515,Polygon,1,0,0,853610,0,853634.3804286737,0.0000285616
25005651600,25,25005,651600,6516,Polygon,1,0,0,698848,0,698868.8746505762,0.0000298701
25005651700,25,25005,651700,6517,Polygon,1,0,0,406816,0,406824.653877375,0.0000212722
25005651800,25,25005,651800,6518,Polygon,1,0,0,846076,414747,1260860.4866276868,0.0000297319
25005651900,25,25005,651900,6519,Polygon,1,0,0,1000269,907904,1908228.3646662226,0.0000290145
25005652000,25,25005,652000,6520,Polygon,1,0,0,439925,0,439936.7906230927,0.0000268014
25005652100,25,25005,652100,6521,Polygon,1,0,0,571605,0,571623.6484485219,0.0000326247
25005652200,25,25005,652200,6522,Polygon,1,0,0,946030,0,946057.5783068817,0.0000291516
25005652300,25,25005,652300,6523,Polygon,1,0,0,945071,0,945104.1973893051,0.0000351269
25005652400,25,25005,652400,6524,Polygon,1,0,0,738726,102029,840786.9453583899,0.000037996
25005652500,25,25005,652500,6525,Polygon,1,0,0,242840,27189,270037.2296237338,0.0000304768
25005652600,25,25005,652600,6526,Polygon,1,0,0,536681,185335,722037.7303973243,0.0000300968
25005652700,25,25005,652700,6527,Polygon,1,0,0,675887,275499,951417.8021779134,0.0000334272
25005652800,25,25005,652800,6528,Polygon,1,0,0,1747524,857711,2605336.2997537036,0.0000388832
25005653101,25,25005,653101,6531.01,Polygon,1,0,0,19819424,806510,20626405.417161759,0.0000228556
25005653102,25,25005,653102,6531.02,Polygon,1,0,0,45259773,457124,45717348.0347471833,0.0000098658
25005653203,25,25005,653203,6532.03,Polygon,1,0,0,4712838,2617,4715608.5408898527,0.0000325612
25005653204,25,25005,653204,6532.04,Polygon,1,0,0,12475479,58547,12534461.3589847833,0.0000347342
25005653301,25,25005,653301,6533.01,Polygon,1,0,0,8784031,2109437,10893916.2347891293,0.0000411471
25005653304,25,25005,653304,6533.04,Polygon,1,0,0,51888866,6956813,58849036.2374180779,0.0000570516
25005654100,25,25005,654100,6541,Polygon,1,0,0,43228570,1113733,44342314.5938656926,0.0000002615
25005654200,25,25005,654200,6542,Polygon,1,0,0,4497223,237065,4734330.2753761103,0.0000089296
25005655100,25,25005,655100,6551,Polygon,1,0,0,17121475,1430928,18552787.4497820176,0.0000207224
25005655200,25,25005,655200,6552,Polygon,1,0,0,2452986,749748,3202797.4750204794,0.000019819
25005655300,25,25005,655300,6553,Polygon,1,0,0,3277235,427760,3705076.699522702,0.0000220512
25005655400,25,25005,655400,6554,Polygon,1,0,0,9216902,6057959,15275408.0552515481,0.0000358141
25005985500,25,25005,985500,9855,Polygon,1,0,0,14859255,261592,15121383.4605207592,0.0000354782
25005985600,25,25005,985600,9856,Polygon,1,0,0,11940658,318336,12258187.7930750996,0.0000657645
25005990000,25,25005,990000,9900,Polygon,1,0,0,0,250282420,250299926.0493111312,0.0000699452
25007200100,25,25007,200100,2001,Polygon,1,0,0,16884798,10109959,26997341.558811266,0.000095743
25007200200,25,25007,200200,2002,Polygon,1,0,0,18874981,11175882,30053971.0939514227,0.0001034278
25007200300,25,25007,200300,2003,Polygon,1,0,0,69445842,53089143,122551272.1632592529,0.0001329185
25007200400,25,25007,200400,2004,MultiPolygon,1,0,0,162087372,145188936,307315849.8015518785,0.0001286848
25007990000,25,25007,990000,9900,Polygon,1,0,0,0,784727495,784831575.5182759762,0.0001326327
25009201100,25,25009,201100,2011,Polygon,1,0,0,2786306,3481257,6267214.7292379905,0.0000555672
25009202101,25,25009,202101,2021.01,Polygon,1,0,0,1455632,7226,1462785.2919981533,0.0000497027
25009202103,25,25009,202103,2021.03,Polygon,1,0,0,1718058,24048,1742021.1135003699,0.0000487264
25009202104,25,25009,202104,2021.04,Polygon,1,0,0,1204423,0,1204364.9631334764,0.0000481864
25009202200,25,25009,202200,2022,Polygon,1,0,0,3452799,1441782,4894344.5713212527,0.0000483042
25009203100,25,25009,203100,2031,Polygon,1,0,0,3756765,1481336,5237857.4775868468,0.0000464906
25009203200,25,25009,203200,2032,Polygon,1,0,0,3469476,5447621,8916712.3054139782,0.0000431412
25009203301,25,25009,203301,2033.01,Polygon,1,0,0,1832242,1036528,2868647.5406181207,0.0000426871
25009203302,25,25009,203302,2033.02,Polygon,1,0,0,2398881,4370983,6769595.1270403853,0.0000397162
25009204101,25,25009,204101,2041.01,Polygon,1,0,0,1239544,511711,1751180.3608785411,0.0000426204
25009204102,25,25009,204102,2041.02,Polygon,1,0,0,2596112,119614,2715603.3866253225,0.0000451494
25009204200,25,25009,204200,2042,Polygon,1,0,0,940441,10328,950734.8718410212,0.0000358953
25009204300,25,25009,204300,2043,Polygon,1,0,0,565864,656707,1222520.1697702769,0.0000415765
25009204400,25,25009,204400,2044,Polygon,1,0,0,1904883,11441108,13345488.4527054075,0.0000376553
25009204500,25,25009,204500,2045,Polygon,1,0,0,962957,527337,1490238.5314175012,0.0000372199
25009204600,25,25009,204600,2046,Polygon,1,0,0,3129356,758484,3887700.5740308524,0.0000358621
25009204701,25,25009,204701,2047.01,Polygon,1,0,0,7260827,168449,7428949.4357839664,0.0000439564
25009204702,25,25009,204702,2047.02,Polygon,1,0,0,2433303,4566,2437771.8773522056,0.0000398392
25009205100,25,25009,205100,2051,Polygon,1,0,0,1826304,139897,1966112.6976272163,0.0000449101
25009205200,25,25009,205200,2052,Polygon,1,0,0,1220400,176413,1396744.6279480469,0.0000489486
25009205300,25,25009,205300,2053,Polygon,1,0,0,2279414,196638,2475943.7134363018,0.0000437336
25009205400,25,25009,205400,2054,Polygon,1,0,0,8127052,1360949,9487573.341852868,0.0000450736
25009205500,25,25009,205500,2055,Polygon,1,0,0,1509950,2085,1511961.6115442663,0.0000485362
25009205600,25,25009,205600,2056,Polygon,1,0,0,1398217,3341,1401488.0228363045,0.0000499281
25009205700,25,25009,205700,2057,Polygon,1,0,0,1372645,142703,1515269.9315694924,0.0000515185
25009205800,25,25009,205800,2058,Polygon,1,0,0,831819,78485,910257.2281168964,0.0000513805
25009205900,25,25009,205900,2059,Polygon,1,0,0,608451,0,608424.119243885,0.000044179
25009206000,25,25009,206000,2060,Polygon,1,0,0,306429,0,306411.2173691469,0.0000580318
25009206100,25,25009,206100,2061,Polygon,1,0,0,317662,0,317646.6381293135,0.0000483592
25009206200,25,25009,206200,2062,Polygon,1,0,0,491598,0,491574.3552617575,0.0000480977
25009206300,25,25009,206300,2063,Polygon,1,0,0,600953,0,600923.5737608591,0.000048966
25009206400,25,25009,206400,2064,Polygon,1,0,0,851338,0,851297.6739291102,0.0000473679
25009206500,25,25009,206500,2065,Polygon,1,0,0,420615,0,420595.8087006956,0.0000456268
25009206600,25,25009,206600,2066,Polygon,1,0,0,640976,140727,781663.3307133192,0.0000507473
25009206700,25,25009,206700,2067,Polygon,1,0,0,529448,243282,772691.3611049195,0.0000500031
25009206800,25,25009,206800,2068,Polygon,1,0,0,472510,0,472486.1476741412,0.00005048
25009206900,25,25009,206900,2069,Polygon,1,0,0,531356,75249,606572.6956554877,0.0000532543
25009207000,25,25009,207000,2070,Polygon,1,0,0,739558,68752,808271.9929552155,0.0000470204
25009207100,25,25009,207100,2071,Polygon,1,0,0,362433,0,362414.8643771062,0.0000500386
25009207200,25,25009,207200,2072,Polygon,1,0,0,2374485,429346,2803684.1319790389,0.0000523812
25009208101,25,25009,208101,2081.01,Polygon,1,0,0,2208538,26750,2235172.435380273,0.0000517001
25009208102,25,25009,208102,2081.02,Polygon,1,0,0,4751972,1165555,5917214.3456454109,0.0000528353
25009208200,25,25009,208200,2082,Polygon,1,0,0,3103617,58478,3161931.8634734736,0.0000515913
25009208301,25,25009,208301,2083.01,Polygon,1,0,0,2702217,52064,2754147.0108202556,0.0000486476
25009208302,25,25009,208302,2083.02,Polygon,1,0,0,4199517,722531,4921816.113136515,0.0000471119
25009208401,25,25009,208401,2084.01,Polygon,1,0,0,6530788,386401,6916878.5910077589,0.000044875
25009208402,25,25009,208402,2084.02,Polygon,1,0,0,4410795,145126,4555702.0296223052,0.0000480628
25009209100,25,25009,209100,2091,Polygon,1,0,0,11006423,1157786,12163726.894642083,0.0000396331
25009209200,25,25009,209200,2092,Polygon,1,0,0,14517997,361131,14878616.3012405429,0.0000343904
25009210100,25,25009,210100,2101,Polygon,1,0,0,6531587,2363,6533742.5244150665,0.0000317535
25009210200,25,25009,210200,2102,Polygon,1,0,0,6461466,859791,7320990.7281362833,0.0000363697
25009210301,25,25009,210301,2103.01,Polygon,1,0,0,3692776,17083,3709731.6839600583,0.0000343183
25009210302,25,25009,210302,2103.02,Polygon,1,0,0,7189314,30075,7219129.0328319874,0.0000360096
25009210401,25,25009,210401,2104.01,Polygon,1,0,0,1687321,80584,1767838.9426021622,0.0000373648
25009210402,25,25009,210402,2104.02,Polygon,1,0,0,5549346,130527,5679654.9881208632,0.0000383832
25009210500,25,25009,210500,2105,Polygon,1,0,0,4664380,152213,4816384.6916708872,0.0000432481
25009210600,25,25009,210600,2106,Polygon,1,0,0,2949178,205397,3154442.2884046859,0.0000420696
25009210700,25,25009,210700,2107,Polygon,1,0,0,886706,1064,887733.547435097,0.0000410608
25009210800,25,25009,210800,2108,Polygon,1,0,0,922282,7373,929619.5817678195,0.0000380983
25009210900,25,25009,210900,2109,Polygon,1,0,0,1518232,0,1518177.3500495497,0.0000359958
25009211100,25,25009,211100,2111,Polygon,1,0,0,3860373,960230,4820449.1952354573,0.0000319057
25009211201,25,25009,211201,2112.01,Polygon,1,0,0,2176388,65674,2241987.5241201064,0.0000332176
25009211202,25,25009,211202,2112.02,Polygon,1,0,0,1730057,19108,1749112.8134124901,0.0000298351
25009211300,25,25009,211300,2113,Polygon,1,0,0,8303286,27226,8330291.649926411,0.000026451
25009211401,25,25009,211401,2114.01,Polygon,1,0,0,7815548,92959,7908286.2201630035,0.0000279168
25009211402,25,25009,211402,2114.02,Polygon,1,0,0,10506813,1181648,11688145.1018544249,0.0000270265
25009212101,25,25009,212101,2121.01,Polygon,1,0,0,20571367,575025,21145989.8756466582,0.0000190162
25009212102,25,25009,212102,2121.02,Polygon,1,0,0,14256626,2121499,16377730.7615572233,0.000024071
25009213100,25,25009,213100,2131,Polygon,1,0,0,61019180,2199594,63218759.0007699654,0.0000002373
25009214100,25,25009,214100,2141,Polygon,1,0,0,30815148,2337347,33152069.7845450789,0.000012826
25009215101,25,25009,215101,2151.01,Polygon,1,0,0,20918178,1031120,21948917.6204849333,0.0000173299
25009215102,25,25009,215102,2151.02,Polygon,1,0,0,15799227,879229,16678235.225369215,0.0000132371
25009216100,25,25009,216100,2161,Polygon,1,0,0,19837024,1249348,21085906.5337494723,0.0000220743
25009217101,25,25009,217101,2171.01,Polygon,1,0,0,6436237,301398,6737451.0094486196,0.0000273079
25009217102,25,25009,217102,2171.02,Polygon,1,0,0,4902938,398229,5301029.8515439732,0.0000258714
25009217201,25,25009,217201,2172.01,Polygon,1,0,0,2787731,6823,2794470.5244817599,0.0000298708
25009217202,25,25009,217202,2172.02,Polygon,1,0,0,1692412,520611,2212944.3892933219,0.0000355219
25009217300,25,25009,217300,2173,Polygon,1,0,0,2423813,94025,2517759.724761745,0.0000310883
25009217401,25,25009,217401,2174.01,Polygon,1,0,0,321287,0,321275.6363796987,0.0000353691
25009217402,25,25009,217402,2174.02,Polygon,1,0,0,767215,612514,1379680.9072763075,0.0000348566
25009217500,25,25009,217500,2175,Polygon,1,0,0,2537719,1030700,3568294.0937898238,0.0000350032
25009217601,25,25009,217601,2176.01,Polygon,1,0,0,5988093,208094,6196010.5646413658,0.0000284748
25009217602,25,25009,217602,2176.02,Polygon,1,0,0,11552006,10035621,21586919.7632253915,0.0000327612
25009218100,25,25009,218100,2181,Polygon,1,0,0,23904339,3206997,27110594.1103226207,0.0000273646
25009220101,25,25009,220101,2201.01,Polygon,1,0,0,9739625,3758685,13498167.1087795496,0.0000105859
25009220102,25,25009,220102,2201.02,Polygon,1,0,0,8358411,417536,8775906.5881957877,0.0000046048
25009221100,25,25009,221100,2211,Polygon,1,0,0,14454575,2231707,16686156.2980164774,0.0000075333
25009221300,25,25009,221300,2213,Polygon,1,0,0,9400056,3875339,13275123.6138746794,0.0000204428
25009221400,25,25009,221400,2214,Polygon,1,0,0,1160605,75043,1235629.3300660194,0.0000151094
25009221500,25,25009,221500,2215,Polygon,1,0,0,814716,359651,1174344.3866578173,0.0000192558
25009221600,25,25009,221600,2216,Polygon,1,0,0,975440,79562,1054985.7605301561,0.0000153928
25009221700,25,25009,221700,2217,Polygon,1,0,0,902505,94392,996880.4270542351,0.0000166245
25009221800,25,25009,221800,2218,Polygon,1,0,0,1613872,484493,2098333.7897291747,0.0000148736
25009221901,25,25009,221901,2219.01,Polygon,1,0,0,17104740,1749399,18853706.6628184468,0.0000229306
25009221902,25,25009,221902,2219.02,Polygon,1,0,0,21411900,5055885,26467427.814801082,0.0000134951
25009222100,25,25009,222100,2221,Polygon,1,0,0,36161205,5384307,41544942.5871978924,0.0000137058
25009223100,25,25009,223100,2231,Polygon,1,0,0,44821814,15633567,60455507.4323149621,0.0000020913
25009223200,25,25009,223200,2232,Polygon,1,0,0,3627520,251322,3878842.4968879963,0.0000001281
25009223300,25,25009,223300,2233,Polygon,1,0,0,34702126,746394,35448489.806532301,0.0000008518
25009250100,25,25009,250100,2501,Polygon,1,0,0,852256,198746,1051005.4395140384,0.0000032726
25009250200,25,25009,250200,2502,Polygon,1,0,0,1456654,21771,1478436.9318991823,0.0000080707
25009250300,25,25009,250300,2503,Polygon,1,0,0,500275,21867,522144.9992970791,0.0000057442
25009250400,25,25009,250400,2504,Polygon,1,0,0,322704,5102,327810.7092722514,0.000014366
25009250500,25,25009,250500,2505,Polygon,1,0,0,300558,3894,304454.3345312551,0.000007668
25009250600,25,25009,250600,2506,Polygon,1,0,0,659027,0,659034.3751553121,0.000011191
25009250700,25,25009,250700,2507,Polygon,1,0,0,628799,12292,641097.5239751481,0.0000101764
25009250800,25,25009,250800,2508,Polygon,1,0,0,2070595,184817,2255435.3295286591,0.0000103438
25009250900,25,25009,250900,2509,Polygon,1,0,0,155813,5873,161689.550310526,0.0000219581
25009251000,25,25009,251000,2510,Polygon,1,0,0,325775,4615,330395.6156779599,0.0000169971
25009251100,25,25009,251100,2511,Polygon,1,0,0,353920,8223,362146.9680389536,0.0000109571
25009251200,25,25009,251200,2512,Polygon,1,0,0,213207,0,213208.3963178691,0.0000065491
25009251300,25,25009,251300,2513,Polygon,1,0,0,582455,83658,666115.5456839041,0.0000038217
25009251400,25,25009,251400,2514,Polygon,1,0,0,788503,103419,891922.8413556623,0.0000009433
25009251500,25,25009,251500,2515,Polygon,1,0,0,2286332,310621,2596962.6959033501,0.0000037336
25009251600,25,25009,251600,2516,Polygon,1,0,0,1451063,190792,1641867.5969070792,0.0000076724
25009251700,25,25009,251700,2517,Polygon,1,0,0,2503338,127560,2630903.4880134217,0.000002086
25009251800,25,25009,251800,2518,Polygon,1,0,0,2496769,8430,2505203.9243080765,0.0000019656
25009252101,25,25009,252101,2521.01,Polygon,1,0,0,1799611,182932,1982559.5970473464,0.0000083716
25009252102,25,25009,252102,2521.02,Polygon,1,0,0,10172693,698678,10871423.7334826309,0.0000048507
25009252201,25,25009,252201,2522.01,Polygon,1,0,0,4250235,102181,4352466.2534086173,0.0000115461
25009252202,25,25009,252202,2522.02,Polygon,1,0,0,6780463,224990,7005561.750493112,0.0000155237
25009252300,25,25009,252300,2523,Polygon,1,0,0,4622344,256094,4878501.7679301323,0.0000130714
25009252400,25,25009,252400,2524,Polygon,1,0,0,879823,16735,896570.5740703141,0.0000140248
25009252501,25,25009,252501,2525.01,Polygon,1,0,0,1354418,0,1354436.3521096844,0.0000135498
25009252502,25,25009,252502,2525.02,Polygon,1,0,0,5031895,33643,5065620.2035027267,0.000016228
25009252601,25,25009,252601,2526.01,Polygon,1,0,0,5225803,395198,5621102.3148726635,0.0000180243
25009252602,25,25009,252602,2526.02,Polygon,1,0,0,13482639,103114,13586102.1514944807,0.0000256998
25009252603,25,25009,252603,2526.03,Polygon,1,0,0,3929808,6547,3936440.7005290529,0.0000217715
25009253100,25,25009,253100,2531,Polygon,1,0,0,2776009,82482,2858503.0473812954,0.0000042146
25009253201,25,25009,253201,2532.01,Polygon,1,0,0,6044011,331726,6375799.0031850077,0.0000097249
25009253202,25,25009,253202,2532.02,Polygon,1,0,0,4111208,14079,4125282.6757498118,0.0000010482
25009253203,25,25009,253203,2532.03,Polygon,1,0,0,14107479,2516807,16624370.1738883927,0.0000050633
25009253204,25,25009,253204,2532.04,Polygon,1,0,0,23603152,588352,24191216.3899364807,0.0000118889
25009253205,25,25009,253205,2532.05,Polygon,1,0,0,17433983,175900,17609782.1737807691,0.0000057255
25009254100,25,25009,254100,2541,Polygon,1,0,0,6809851,87785,6897614.0905289594,0.0000031764
25009254200,25,25009,254200,2542,Polygon,1,0,0,3164186,26654,3190816.6983869732,0.0000073027
25009254301,25,25009,254301,2543.01,Polygon,1,0,0,11955137,412277,12367212.959738465,0.0000162556
25009254302,25,25009,254302,2543.02,Polygon,1,0,0,17405964,885686,18291338.270842284,0.0000170422
25009254401,25,25009,254401,2544.01,Polygon,1,0,0,6537462,105404,6642818.2163289133,0.0000071932
25009254402,25,25009,254402,2544.02,Polygon,1,0,0,27274263,1839650,29113748.3356919438,0.0000056559
25009254403,25,25009,254403,2544.03,Polygon,1,0,0,6664714,109160,6773783.6692847107,0.0000133352
25009260100,25,25009,260100,2601,Polygon,1,0,0,887267,68317,955612.5979042308,0.0000299271
25009260200,25,25009,260200,2602,Polygon,1,0,0,736232,68469,804728.873771256,0.0000346387
25009260301,25,25009,260301,2603.01,Polygon,1,0,0,6546034,1675522,8221805.2708843099,0.0000303192
25009260302,25,25009,260302,2603.02,Polygon,1,0,0,18949408,1353847,20304051.5925361887,0.0000392347
25009260401,25,25009,260401,2604.01,Polygon,1,0,0,10010242,45851,10056509.2554021999,0.0000413934
25009260402,25,25009,260402,2604.02,Polygon,1,0,0,16753078,888079,17641780.299037654,0.0000353321
25009260500,25,25009,260500,2605,Polygon,1,0,0,3144872,156545,3301544.4159577666,0.0000385943
25009260600,25,25009,260600,2606,Polygon,1,0,0,1841406,48350,1889825.4765561433,0.0000367648
25009260700,25,25009,260700,2607,Polygon,1,0,0,2534808,39785,2574678.59224641,0.000033245
25009260800,25,25009,260800,2608,Polygon,1,0,0,940673,85333,1026037.5175484526,0.0000307187
25009260900,25,25009,260900,2609,Polygon,1,0,0,2990725,228770,3219587.5821559574,0.0000287567
25009261000,25,25009,261000,2610,Polygon,1,0,0,1517489,321683,1839215.3946156669,0.0000235946
25009261101,25,25009,261101,2611.01,Polygon,1,0,0,9143953,1209808,10353975.6478523016,0.0000207314
25009261102,25,25009,261102,2611.02,Polygon,1,0,0,9567381,700005,10267607.1084546,0.000021535
25009262100,25,25009,262100,2621,Polygon,1,0,0,22011371,1032793,23045399.1476566978,0.0000535992
25009263100,25,25009,263100,2631,Polygon,1,0,0,34828194,3307591,38137179.8164193481,0.000036575
25009264100,25,25009,264100,2641,Polygon,1,0,0,22999252,1338979,24338762.2425562739,0.0000218275
25009265101,25,25009,265101,2651.01,Polygon,1,0,0,16986544,613444,17600163.2760715894,0.0000099589
25009265102,25,25009,265102,2651.02,Polygon,1,0,0,16318373,134252,16452880.3428357299,0.0000155199
25009266100,25,25009,266100,2661,Polygon,1,0,0,14115173,2485315,16601405.9632649459,0.0000552974
25009266200,25,25009,266200,2662,Polygon,1,0,0,6762933,406860,7170253.7420675149,0.0000642616
25009266300,25,25009,266300,2663,Polygon,1,0,0,4500683,794779,5295751.2983114356,0.0000546314
25009266400,25,25009,266400,2664,Polygon,1,0,0,6457626,42237,6500284.5207615336,0.0000648507
25009267102,25,25009,267102,2671.02,Polygon,1,0,0,27872692,1428209,29302627.9976205453,0.0000589401
25009267103,25,25009,267103,2671.03,Polygon,1,0,0,3361990,1325672,4687919.9651136519,0.0000550307
25009267104,25,25009,267104,2671.04,Polygon,1,0,0,8582384,3487882,12070866.6115315743,0.0000497596
25009268100,25,25009,268100,2681,Polygon,1,0,0,6011430,812619,6824360.3094795235,0.0000456195
25009268200,25,25009,268200,2682,Polygon,1,0,0,10737361,364499,11102341.3935620263,0.0000433615
25009268300,25,25009,268300,2683,Polygon,1,0,0,1812417,215795,2028297.879134892,0.0000423423
25009268400,25,25009,268400,2684,Polygon,1,0,0,3065747,4715475,7781549.1528684683,0.0000420439
25009269100,25,25009,269100,2691,Polygon,1,0,0,60534393,7582531,68118851.7214087695,0.0000283002
25009270100,25,25009,270100,2701,Polygon,1,0,0,47139582,5571536,52711761.7727999613,0.0000122132
25009990100,25,25009,990100,9901,Polygon,1,0,0,0,707672956,707657204.4724367857,0.0000222582
25011040100,25,25011,040100,401,Polygon,1,0,0,411417117,3715818,415130872.726319015,0.0000049677
25011040200,25,25011,040200,402,Polygon,1,0,0,142704583,3038138,145742533.797808826,0.0000012845
25011040300,25,25011,040300,403,Polygon,1,0,0,88741275,2813226,91554323.8889961839,0.0000019345
25011040400,25,25011,040400,404,Polygon,1,0,0,214952792,3308365,218257495.8943716884,0.000016774
25011040501,25,25011,040501,405.01,Polygon,1,0,0,29276421,668202,29944012.5629762001,0.0000203855
25011040502,25,25011,040502,405.02,Polygon,1,0,0,61540022,1792681,63331410.7194844708,0.0000204046
25011040600,25,25011,040600,406,Polygon,1,0,0,243617558,38070844,281674350.148868382,0.0000498844
25011040701,25,25011,040701,407.01,Polygon,1,0,0,5001975,1131367,6133203.1848866194,0.0000226329
25011040702,25,25011,040702,407.02,Polygon,1,0,0,73081821,2218880,75298194.0900478959,0.000033292
25011040800,25,25011,040800,408,Polygon,1,0,0,89032024,2665083,91692351.1799527109,0.0000518645
25011040900,25,25011,040900,409,Polygon,1,0,0,83924431,2717544,86638576.8671136945,0.0000392204
25011041000,25,25011,041000,410,Polygon,1,0,0,28040529,267686,28307722.1351466961,0.0000174107
25011041100,25,25011,041100,411,Polygon,1,0,0,18345698,704298,19049651.3091116697,0.000018094
25011041200,25,25011,041200,412,Polygon,1,0,0,2189579,0,2189528.8307561469,0.0000229127
25011041301,25,25011,041301,413.01,Polygon,1,0,0,1174093,0,1174061.9871742392,0.0000264143
25011041302,25,25011,041302,413.02,Polygon,1,0,0,1186032,25301,1211301.0740987684,0.000026356
25011041400,25,25011,041400,414,Polygon,1,0,0,4522241,196121,4718228.0233321618,0.0000283947
25011041501,25,25011,041501,415.01,Polygon,1,0,0,201280585,1059363,202331717.9346427023,0.0000406744
25011041502,25,25011,041502,415.02,Polygon,1,0,0,110914685,1201770,112113908.000138104,0.0000227174
25013800101,25,25013,800101,8001.01,Polygon,1,0,0,2723758,214573,2938117.1748261238,0.000072771
25013800102,25,25013,800102,8001.02,Polygon,1,0,0,1470381,160332,1630599.9996214635,0.0000692951
25013800201,25,25013,800201,8002.01,Polygon,1,0,0,3201499,0,3201273.2166853873,0.0000705242
25013800202,25,25013,800202,8002.02,Polygon,1,0,0,5714843,107297,5821730.9961631484,0.0000702497
25013800300,25,25013,800300,8003,Polygon,1,0,0,2565253,10195,2575268.0819196398,0.0000698589
25013800400,25,25013,800400,8004,Polygon,1,0,0,2175825,31732,2207397.1001587971,0.0000724329
25013800500,25,25013,800500,8005,Polygon,1,0,0,1536251,31779,1567923.5633669116,0.0000678792
25013800600,25,25013,800600,8006,Polygon,1,0,0,863136,0,863072.6290653356,0.0000734194
25013800700,25,25013,800700,8007,Polygon,1,0,0,1057146,271957,1329013.8858694772,0.0000670483
25013800800,25,25013,800800,8008,Polygon,1,0,0,952344,167174,1119444.4724922148,0.0000656778
25013800900,25,25013,800900,8009,Polygon,1,0,0,1249439,0,1249353.6791035691,0.0000682874
25013801101,25,25013,801101,8011.01,Polygon,1,0,0,1007357,205543,1212814.9537099286,0.0000701181
25013801102,25,25013,801102,8011.02,Polygon,1,0,0,400169,53337,453473.3720410031,0.000071946
25013801200,25,25013,801200,8012,Polygon,1,0,0,869959,0,869897.073711772,0.000071183
25013801300,25,25013,801300,8013,Polygon,1,0,0,1657927,0,1657817.8434376731,0.0000658392
25013801401,25,25013,801401,8014.01,Polygon,1,0,0,3253047,14781,3267602.5575352279,0.0000689885
25013801402,25,25013,801402,8014.02,Polygon,1,0,0,1024930,0,1024860.4308833979,0.0000678769
25013801501,25,25013,801501,8015.01,Polygon,1,0,0,3071617,53653,3125053.5125745595,0.00006927
25013801502,25,25013,801502,8015.02,Polygon,1,0,0,2136443,2742,2139038.8683468387,0.0000683118
25013801503,25,25013,801503,8015.03,Polygon,1,0,0,3279518,243289,3522560.2658920116,0.0000700391
25013801601,25,25013,801601,8016.01,Polygon,1,0,0,4348832,253841,4602357.2158428011,0.0000686089
25013801602,25,25013,801602,8016.02,Polygon,1,0,0,2859549,27588,2886933.0520285368,0.0000706402
25013801603,25,25013,801603,8016.03,Polygon,1,0,0,4105293,12633,4117645.3932810193,0.0000681427
25013801604,25,25013,801604,8016.04,Polygon,1,0,0,5228797,55126,5283565.2982759438,0.0000676962
25013801605,25,25013,801605,8016.05,Polygon,1,0,0,4193344,92934,4285991.6187743833,0.0000668135
25013801700,25,25013,801700,8017,Polygon,1,0,0,1678137,229666,1907667.7328493996,0.0000709021
25013801800,25,25013,801800,8018,Polygon,1,0,0,1313679,19369,1332954.1109744087,0.0000704318
25013801901,25,25013,801901,8019.01,Polygon,1,0,0,813013,22921,835879.4334189625,0.0000652762
25013801902,25,25013,801902,8019.02,Polygon,1,0,0,863131,0,863072.2435979892,0.0000680736
25013802000,25,25013,802000,8020,Polygon,1,0,0,883314,245044,1128281.6838108574,0.0000676347
25013802101,25,25013,802101,8021.01,Polygon,1,0,0,4713082,346132,5058878.0709211566,0.0000663995
25013802200,25,25013,802200,8022,Polygon,1,0,0,584327,11319,595607.6143423259,0.0000644437
25013802300,25,25013,802300,8023,Polygon,1,0,0,1175072,28983,1203974.4192370488,0.0000669245
25013802400,25,25013,802400,8024,Polygon,1,0,0,2711856,208397,2920052.7154981829,0.0000685846
25013802500,25,25013,802500,8025,Polygon,1,0,0,3548286,11786,3559829.2721412159,0.0000681806
25013802601,25,25013,802601,8026.01,Polygon,1,0,0,1813518,368,1813763.7411874926,0.0000674016
25013802602,25,25013,802602,8026.02,Polygon,1,0,0,1498376,0,1498278.4636064973,0.0000650947
25013810100,25,25013,810100,8101,Polygon,1,0,0,50694356,500228,51190978.9246319011,0.0000704191
25013810200,25,25013,810200,8102,Polygon,1,0,0,18034817,291259,18324778.5158298612,0.0000707999
25013810300,25,25013,810300,8103,Polygon,1,0,0,13053165,302078,13354304.5118151624,0.0000702711
25013810403,25,25013,810403,8104.03,Polygon,1,0,0,2549684,275326,2824816.0489834961,0.000068655
25013810404,25,25013,810404,8104.04,Polygon,1,0,0,6026789,283295,6309635.6981584951,0.0000710453
25013810412,25,25013,810412,8104.12,Polygon,1,0,0,8411984,183350,8594722.1584603414,0.000071183
25013810414,25,25013,810414,8104.14,Polygon,1,0,0,53447785,2216163,55660000.3823752701,0.0000709188
25013810601,25,25013,810601,8106.01,Polygon,1,0,0,5959457,245553,6204574.0289876638,0.0000702611
25013810602,25,25013,810602,8106.02,Polygon,1,0,0,10028716,243184,10271179.9590585735,0.0000700981
25013810700,25,25013,810700,8107,Polygon,1,0,0,3478193,221502,3699433.0010657059,0.0000708164
25013810800,25,25013,810800,8108,Polygon,1,0,0,2492323,71973,2564110.4603740792,0.000072355
25013810901,25,25013,810901,8109.01,Polygon,1,0,0,888386,254293,1142599.2482342205,0.0000697937
25013810902,25,25013,810902,8109.02,Polygon,1,0,0,2597082,171027,2767911.1847423753,0.0000714622
25013811000,25,25013,811000,8110,Polygon,1,0,0,4688408,156167,4844228.655183129,0.0000714913
25013811101,25,25013,811101,8111.01,Polygon,1,0,0,2254120,231500,2485442.9242989281,0.0000712401
25013811102,25,25013,811102,8111.02,Polygon,1,0,0,3830704,671221,4501609.8343460988,0.0000700069
25013811200,25,25013,811200,8112,Polygon,1,0,0,3798807,3367,3801905.0733056851,0.0000707297
25013811301,25,25013,811301,8113.01,Polygon,1,0,0,4486824,226680,4713165.4695314858,0.0000718214
25013811302,25,25013,811302,8113.02,Polygon,1,0,0,14822156,6705,14827810.4777989294,0.0000708431
25013811400,25,25013,811400,8114,Polygon,1,0,0,967147,222151,1189216.7155377481,0.0000683466
25013811500,25,25013,811500,8115,Polygon,1,0,0,810602,155725,966256.161952674,0.0000733065
25013811600,25,25013,811600,8116,Polygon,1,0,0,827581,57872,885388.1779887578,0.0000732077
25013811700,25,25013,811700,8117,Polygon,1,0,0,855247,266028,1121199.6933033043,0.0000671617
25013811800,25,25013,811800,8118,Polygon,1,0,0,793506,0,793452.3690611563,0.0000675873
25013811900,25,25013,811900,8119,Polygon,1,0,0,17583939,1827660,19410238.787039116,0.0000700722
25013812001,25,25013,812001,8120.01,Polygon,1,0,0,990876,0,990804.5897828403,0.0000720678
25013812002,25,25013,812002,8120.02,Polygon,1,0,0,5623846,15089,5638535.9631028119,0.0000707646
25013812101,25,25013,812101,8121.01,Polygon,1,0,0,20363488,1278089,21640043.6513390653,0.000070852
25013812103,25,25013,812103,8121.03,Polygon,1,0,0,3780264,403897,4183867.9017349044,0.0000700495
25013812104,25,25013,812104,8121.04,Polygon,1,0,0,2230223,0,2230062.9538299232,0.0000717624
25013812201,25,25013,812201,8122.01,Polygon,1,0,0,4129804,468767,4598252.4691587128,0.0000692674
25013812202,25,25013,812202,8122.02,Polygon,1,0,0,7422339,418764,7840554.2965061469,0.0000699778
25013812300,25,25013,812300,8123,Polygon,1,0,0,4598488,737993,5336119.8295932487,0.0000676795
25013812401,25,25013,812401,8124.01,Polygon,1,0,0,20064498,454264,20517339.6341183931,0.0000693203
25013812403,25,25013,812403,8124.03,Polygon,1,0,0,1849692,0,1849564.9640106685,0.0000686795
25013812404,25,25013,812404,8124.04,Polygon,1,0,0,5266753,9985,5276376.6940373322,0.0000684715
25013812500,25,25013,812500,8125,Polygon,1,0,0,29419391,995146,30412418.4231847599,0.0000696567
25013812600,25,25013,812600,8126,Polygon,1,0,0,15311997,335872,15646812.13004715,0.0000675408
25013812701,25,25013,812701,8127.01,Polygon,1,0,0,1594792,0,1594681.5431697897,0.000069261
25013812702,25,25013,812702,8127.02,Polygon,1,0,0,2281000,109434,2390269.9950215551,0.0000686089
25013812800,25,25013,812800,8128,Polygon,1,0,0,40430983,825805,41253887.319238022,0.000070308
25013812901,25,25013,812901,8129.01,Polygon,1,0,0,3684378,102478,3786587.973556105,0.0000707781
25013812902,25,25013,812902,8129.02,Polygon,1,0,0,26487254,361272,26846675.1318254434,0.0000689374
25013812903,25,25013,812903,8129.03,Polygon,1,0,0,607619,0,607577.9008799158,0.0000676396
25013813001,25,25013,813001,8130.01,Polygon,1,0,0,310046809,9613893,319638696.8830754757,0.000068839
25013813002,25,25013,813002,8130.02,Polygon,1,0,0,193578158,3500741,197065468.0713507235,0.00006815
25013813101,25,25013,813101,8131.01,Polygon,1,0,0,32072471,2018133,34088409.3414187804,0.0000643772
25013813102,25,25013,813102,8131.02,Polygon,1,0,0,47743815,133011,47873750.9797364548,0.0000642277
25013813204,25,25013,813204,8132.04,Polygon,1,0,0,12268435,360062,12627652.089880228,0.000066905
25013813205,25,25013,813205,8132.05,Polygon,1,0,0,25849518,163763,26011617.3636425845,0.0000639533
25013813206,25,25013,813206,8132.06,Polygon,1,0,0,5742424,49595,5791635.504774658,0.000066211
25013813207,25,25013,813207,8132.07,Polygon,1,0,0,5254148,76568,5330360.4502098113,0.0000666983
25013813208,25,25013,813208,8132.08,Polygon,1,0,0,3877580,1226071,5103322.26216387,0.0000644123
25013813209,25,25013,813209,8132.09,Polygon,1,0,0,7411307,746565,8157331.8792674383,0.0000662085
25013813301,25,25013,813301,8133.01,Polygon,1,0,0,12149437,1269603,13418184.8601293433,0.0000637259
25013813303,25,25013,813303,8133.03,Polygon,1,0,0,6463623,29369,6492570.5227553267,0.0000649126
25013813304,25,25013,813304,8133.04,Polygon,1,0,0,4928544,11337,4939569.8012122475,0.0000629972
25013813401,25,25013,813401,8134.01,Polygon,1,0,0,5685120,23961,5708705.5730234738,0.0000657596
25013813403,25,25013,813403,8134.03,Polygon,1,0,0,6378183,30597,6408359.6525438214,0.0000655893
25013813404,25,25013,813404,8134.04,Polygon,1,0,0,21442052,126691,21567356.0606535561,0.0000643032
25013813500,25,25013,813500,8135,Polygon,1,0,0,50791584,77618,50865889.539132826,0.0000651172
25013813601,25,25013,813601,8136.01,Polygon,1,0,0,26231220,675586,26904925.5537834615,0.0000698874
25013813602,25,25013,813602,8136.02,Polygon,1,0,0,30863484,76511,30937879.7815939374,0.0000683652
25013813701,25,25013,813701,8137.01,Polygon,1,0,0,43997013,1038917,45032938.5302896872,0.0000664241
25013813702,25,25013,813702,8137.02,Polygon,1,0,0,70533312,421528,70950057.2845364809,0.0000674051
25013813801,25,25013,813801,8138.01,Polygon,1,0,0,72608642,2589250,75193011.1549849063,0.0000649067
25013813802,25,25013,813802,8138.02,Polygon,1,0,0,90056657,1421542,91471880.0452905893,0.0000690761
25015820101,25,25015,820101,8201.01,Polygon,1,0,0,81855240,14398871,96247505.67714715,0.0000686238
25015820102,25,25015,820102,8201.02,Polygon,1,0,0,7176477,114742,7290703.2791251596,0.0000707318
25015820205,25,25015,820205,8202.05,Polygon,1,0,0,148893465,10218898,159102005.0907384455,0.0000650981
25015820206,25,25015,820206,8202.06,Polygon,1,0,0,24280801,25669,24304771.107264813,0.0000698947
25015820207,25,25015,820207,8202.07,Polygon,1,0,0,28081218,433709,28512991.8263724297,0.0000678653
25015820300,25,25015,820300,8203,Polygon,1,0,0,18271703,88118,18358769.3360564299,0.0000572807
25015820400,25,25015,820400,8204,Polygon,1,0,0,2107041,12788,2119701.3105684048,0.0000602357
25015820500,25,25015,820500,8205,Polygon,1,0,0,6941012,2579,6943162.3154403931,0.0000617382
25015820600,25,25015,820600,8206,Polygon,1,0,0,1479879,6105,1485893.197491507,0.000061106
25015820700,25,25015,820700,8207,Polygon,1,0,0,12710811,95275,12805290.435975004,0.0000621239
25015820801,25,25015,820801,8208.01,Polygon,1,0,0,29320486,135166,29453713.3943906203,0.0000658144
25015820802,25,25015,820802,8208.02,Polygon,1,0,0,715105,0,715058.8057958981,0.0000645978
25015820900,25,25015,820900,8209,Polygon,1,0,0,72048765,666977,72710677.9796011448,0.0000696413
25015821000,25,25015,821000,8210,Polygon,1,0,0,8499059,94670,8593118.1178206243,0.0000710846
25015821101,25,25015,821101,8211.01,Polygon,1,0,0,7386428,411280,7797157.0258175004,0.0000706585
25015821200,25,25015,821200,8212,Polygon,1,0,0,863622,64890,928446.5720861853,0.0000704653
25015821300,25,25015,821300,8213,Polygon,1,0,0,29127474,1294397,30419762.6485185847,0.0000693038
25015821400,25,25015,821400,8214,Polygon,1,0,0,59802235,3948125,63746329.4135950506,0.0000632245
25015821500,25,25015,821500,8215,Polygon,1,0,0,41175416,2395444,43568232.8470271006,0.0000602961
25015821601,25,25015,821601,8216.01,Polygon,1,0,0,12891646,736681,13627446.8766902462,0.0000645804
25015821602,25,25015,821602,8216.02,Polygon,1,0,0,4089118,29875,4118723.0140914968,0.0000655466
25015821700,25,25015,821700,8217,Polygon,1,0,0,31268274,303649,31569880.3777745776,0.0000646974
25015821901,25,25015,821901,8219.01,Polygon,1,0,0,1538156,10464,1548516.8535324878,0.0000666054
25015821903,25,25015,821903,8219.03,Polygon,1,0,0,2995864,59527,3055188.592077055,0.0000662462
25015821904,25,25015,821904,8219.04,Polygon,1,0,0,1196504,24830,1221250.8016873857,0.0000681209
25015822000,25,25015,822000,8220,Polygon,1,0,0,463668,48275,511907.4042745817,0.0000695306
25015822200,25,25015,822200,8222,Polygon,1,0,0,34251816,2682965,36932286.4845447615,0.0000675384
25015822300,25,25015,822300,8223,Polygon,1,0,0,9389887,442704,9831911.8199994452,0.0000690744
25015822401,25,25015,822401,8224.01,Polygon,1,0,0,17648025,109454,17756237.3686751015,0.0000699216
25015822402,25,25015,822402,8224.02,Polygon,1,0,0,7469744,175081,7644298.6808789941,0.0000688465
25015822500,25,25015,822500,8225,Polygon,1,0,0,72904071,2082889,74981678.2579462379,0.0000704355
25015822601,25,25015,822601,8226.01,Polygon,1,0,0,68154933,1240614,69390805.7565090805,0.000068322
25015822603,25,25015,822603,8226.03,Polygon,1,0,0,70388192,478375,70861826.6587104648,0.0000668911
25015822607,25,25015,822607,8226.07,Polygon,1,0,0,190845667,2416003,193250504.6167892814,0.0000577734
25015822700,25,25015,822700,8227,Polygon,1,0,0,259302072,1376805,260664788.9046453238,0.0000540439
25017300100,25,25017,300100,3001,Polygon,1,0,0,61290670,1000254,62290812.0360003337,0.0000017974
25017301101,25,25017,301101,3011.01,Polygon,1,0,0,44272792,54203,44327021.1690549105,0.0000005904
25017301102,25,25017,301102,3011.02,Polygon,1,0,0,40437309,612002,41048898.5713332742,0.0000100472
25017310101,25,25017,310101,3101.01,Polygon,1,0,0,507958,77380,585332.3413862974,0.0000096673
25017310102,25,25017,310102,3101.02,Polygon,1,0,0,419465,67004,486461.7602143963,0.0000148823
25017310200,25,25017,310200,3102,Polygon,1,0,0,1909151,154522,2063652.5370283818,0.0000099158
25017310300,25,25017,310300,3103,Polygon,1,0,0,1077954,7554,1085499.7003485761,0.0000076459
25017310400,25,25017,310400,3104,Polygon,1,0,0,534338,143827,678157.0273226865,0.0000117563
25017310500,25,25017,310500,3105,Polygon,1,0,0,851840,140985,992817.2186347571,0.0000078376
25017310601,25,25017,310601,3106.01,Polygon,1,0,0,5040317,348763,5389028.7734182756,0.0000095056
25017310602,25,25017,310602,3106.02,Polygon,1,0,0,2265967,266850,2532793.8319912129,0.0000091471
25017310700,25,25017,310700,3107,Polygon,1,0,0,882687,259051,1141727.6956588144,0.0000090251
25017311100,25,25017,311100,3111,Polygon,1,0,0,430361,15962,446318.5132194249,0.0000100528
25017311200,25,25017,311200,3112,Polygon,1,0,0,448407,11584,459985.1400529291,0.0000127393
25017311300,25,25017,311300,3113,Polygon,1,0,0,650036,0,650025.3898184223,0.0000163225
25017311400,25,25017,311400,3114,Polygon,1,0,0,2142624,264482,2407069.7989800922,0.0000150392
25017311500,25,25017,311500,3115,Polygon,1,0,0,557030,0,557023.3179695874,0.0000119958
25017311600,25,25017,311600,3116,Polygon,1,0,0,3519686,23967,3543590.9290041868,0.0000175161
25017311700,25,25017,311700,3117,Polygon,1,0,0,749317,0,749306.2956513682,0.0000142855
25017311800,25,25017,311800,3118,Polygon,1,0,0,589543,0,589535.7592592573,0.000012282
25017311900,25,25017,311900,3119,Polygon,1,0,0,452551,11713,464260.6166843647,0.0000072875
25017312000,25,25017,312000,3120,Polygon,1,0,0,356368,8277,364642.2816486523,0.0000074548
25017312100,25,25017,312100,3121,Polygon,1,0,0,680160,40480,720632.7907551144,0.0000100039
25017312200,25,25017,312200,3122,Polygon,1,0,0,2936401,71589,3007939.059225311,0.0000169352
25017312300,25,25017,312300,3123,Polygon,1,0,0,3220464,71632,3292042.1875026748,0.000016346
25017312400,25,25017,312400,3124,Polygon,1,0,0,402850,43263,446108.767633016,0.0000094872
25017312501,25,25017,312501,3125.01,Polygon,1,0,0,1917754,197170,2114899.1283362247,0.0000117601
25017312502,25,25017,312502,3125.02,Polygon,1,0,0,2014902,0,2014878.3960384254,0.0000117147
25017313101,25,25017,313101,3131.01,Polygon,1,0,0,28808324,1780735,30588852.0989386477,0.0000067639
25017313102,25,25017,313102,3131.02,Polygon,1,0,0,14698154,1611047,16309182.1089471299,0.0000011583
25017314101,25,25017,314101,3141.01,Polygon,1,0,0,8081956,562864,8644805.4088413417,0.0000016878
25017314102,25,25017,314102,3141.02,Polygon,1,0,0,6351831,301454,6653277.531391534,0.0000011225
25017314200,25,25017,314200,3142,Polygon,1,0,0,7426704,135988,7562678.1856015557,0.0000018267
25017314301,25,25017,314301,3143.01,Polygon,1,0,0,15284087,347903,15631951.4772419762,0.0000024644
25017314302,25,25017,314302,3143.02,Polygon,1,0,0,16404395,577212,16981684.7276035212,0.0000045772
25017315100,25,25017,315100,3151,Polygon,1,0,0,14825811,237339,15062921.7066423856,0.0000151558
25017315200,25,25017,315200,3152,Polygon,1,0,0,15224829,634354,15858900.7333030384,0.0000177983
25017315401,25,25017,315401,3154.01,Polygon,1,0,0,5029482,81407,5110781.8308379091,0.0000209688
25017315402,25,25017,315402,3154.02,Polygon,1,0,0,7847646,99330,7946818.55392031,0.0000198121
25017315403,25,25017,315403,3154.03,Polygon,1,0,0,2519656,8513,2528104.7316932734,0.0000254209
25017315500,25,25017,315500,3155,Polygon,1,0,0,8227151,33663,8260599.7635260131,0.0000259341
25017316101,25,25017,316101,3161.01,Polygon,1,0,0,7233937,204064,7437785.9644499384,0.0000289104
25017316102,25,25017,316102,3161.02,Polygon,1,0,0,9640416,177232,9817339.8662310578,0.0000313857
25017316201,25,25017,316201,3162.01,Polygon,1,0,0,7158355,102804,7260904.8011815725,0.000035008
25017316202,25,25017,316202,3162.02,Polygon,1,0,0,5970585,93912,6064276.9760062154,0.0000362807
25017316300,25,25017,316300,3163,Polygon,1,0,0,10387608,519208,10906415.5230486374,0.000036718
25017316400,25,25017,316400,3164,Polygon,1,0,0,12441134,363324,12804043.4758281317,0.0000323734
25017316500,25,25017,316500,3165,Polygon,1,0,0,13404585,465856,13870087.1256867219,0.0000255128
25017317101,25,25017,317101,3171.01,Polygon,1,0,0,9935094,363662,10298491.0809728727,0.0000257234
25017317102,25,25017,317102,3171.02,Polygon,1,0,0,10871284,159006,11030041.5777217448,0.0000225218
25017317103,25,25017,317103,3171.03,Polygon,1,0,0,10755054,419482,11174206.7039842922,0.0000294684
25017317201,25,25017,317201,3172.01,Polygon,1,0,0,5175003,35731,5210617.3844661685,0.0000223799
25017317202,25,25017,317202,3172.02,Polygon,1,0,0,5683081,28256,5711225.0308636567,0.0000196047
25017317203,25,25017,317203,3172.03,Polygon,1,0,0,4467845,10486,4478245.37628497,0.0000191196
25017317301,25,25017,317301,3173.01,Polygon,1,0,0,4024943,124449,4149331.8080492415,0.0000145062
25017317302,25,25017,317302,3173.02,Polygon,1,0,0,7057846,678013,7735752.5240249494,0.0000137639
25017318100,25,25017,318100,3181,Polygon,1,0,0,15685664,1454435,17139821.4374774508,0.0000161938
25017318200,25,25017,318200,3182,Polygon,1,0,0,16830888,935768,17766272.0367374644,0.0000216115
25017318300,25,25017,318300,3183,Polygon,1,0,0,23832026,333774,24165133.1678102873,0.000027594
25017318400,25,25017,318400,3184,Polygon,1,0,0,21983720,171792,22154770.6610185206,0.0000334607
25017320102,25,25017,320102,3201.02,Polygon,1,0,0,24965488,3370577,28334058.0546582602,0.0000708265
25017320105,25,25017,320105,3201.05,Polygon,1,0,0,13058265,374601,13431924.1911538262,0.0000701123
25017320106,25,25017,320106,3201.06,Polygon,1,0,0,17823576,300865,18123155.1256742142,0.000070947
25017320107,25,25017,320107,3201.07,Polygon,1,0,0,12077493,172438,12249069.5453524031,0.0000703232
25017321100,25,25017,321100,3211,Polygon,1,0,0,15219447,490206,15708655.2045972049,0.0000635148
25017321200,25,25017,321200,3212,Polygon,1,0,0,4596521,962007,5558167.474893121,0.0000648598
25017321301,25,25017,321301,3213.01,Polygon,1,0,0,1640534,596,1641025.0873528509,0.0000639271
25017321302,25,25017,321302,3213.02,Polygon,1,0,0,4647322,290942,4937938.5658571227,0.0000659005
25017321400,25,25017,321400,3214,Polygon,1,0,0,14173652,579959,14752662.3160832133,0.0000643018
25017321500,25,25017,321500,3215,Polygon,1,0,0,7258898,25127,7283564.1462745992,0.0000632691
25017321600,25,25017,321600,3216,Polygon,1,0,0,6502288,855224,7357047.5898503941,0.0000631205
25017322100,25,25017,322100,3221,Polygon,1,0,0,14081915,558407,14639436.1361841559,0.0000605085
25017322200,25,25017,322200,3222,Polygon,1,0,0,6990698,148995,7139257.8277106369,0.0000609511
25017322300,25,25017,322300,3223,Polygon,1,0,0,5034373,88415,5122481.3695074348,0.0000598562
25017322400,25,25017,322400,3224,Polygon,1,0,0,3750068,78504,3828342.6654773625,0.0000599008
25017323101,25,25017,323101,3231.01,Polygon,1,0,0,20436898,1325578,21761253.6454572827,0.000056168
25017323102,25,25017,323102,3231.02,Polygon,1,0,0,20581163,402752,20982805.3425016627,0.0000528813
25017324101,25,25017,324101,3241.01,Polygon,1,0,0,22675015,1555508,24229577.9429293275,0.0000390028
25017324102,25,25017,324102,3241.02,Polygon,1,0,0,20122791,1000102,21122161.7916480042,0.0000346169
25017325101,25,25017,325101,3251.01,Polygon,1,0,0,11015118,1000144,12014880.9673538171,0.0000317124
25017325102,25,25017,325102,3251.02,Polygon,1,0,0,12161306,437332,12598252.8330036644,0.0000305721
25017326101,25,25017,326101,3261.01,Polygon,1,0,0,36017060,242077,36258363.9091518521,0.0000213213
25017326102,25,25017,326102,3261.02,Polygon,1,0,0,48867812,2366159,51233082.7495849058,0.0000173371
25017327101,25,25017,327101,3271.01,Polygon,1,0,0,26558688,247618,26806351.9082662724,0.0000017126
25017327102,25,25017,327102,3271.02,Polygon,1,0,0,9062279,175572,9237817.4739378318,0.0000036292
25017327103,25,25017,327103,3271.03,Polygon,1,0,0,22841738,1104400,23945928.932860598,0.0000087307
25017328100,25,25017,328100,3281,Polygon,1,0,0,42620845,771418,43392182.1939315945,0.0000018622
25017330101,25,25017,330101,3301.01,Polygon,1,0,0,11274881,316553,11591143.4780280627,0.0000250635
25017330102,25,25017,330102,3301.02,Polygon,1,0,0,9782616,68833,9851177.6043103244,0.0000275488
25017330201,25,25017,330201,3302.01,Polygon,1,0,0,5742269,27401,5769512.1625589412,0.0000273564
25017330202,25,25017,330202,3302.02,Polygon,1,0,0,7276186,446272,7722243.2276217369,0.0000278114
25017331101,25,25017,331101,3311.01,Polygon,1,0,0,11169375,74710,11243804.0792062078,0.0000249839
25017331102,25,25017,331102,3311.02,Polygon,1,0,0,13540498,89273,13629321.8401608542,0.0000329543
25017331200,25,25017,331200,3312,Polygon,1,0,0,6337629,145146,6482584.1705497354,0.0000294364
25017331300,25,25017,331300,3313,Polygon,1,0,0,12913432,130196,13043169.0811489467,0.0000351834
25017332100,25,25017,332100,3321,Polygon,1,0,0,5959296,0,5959068.2673432473,0.0000382147
25017332201,25,25017,332201,3322.01,Polygon,1,0,0,2071512,923,2072342.3366665987,0.0000447123
25017332202,25,25017,332202,3322.02,Polygon,1,0,0,5673563,250803,5924120.2642475748,0.0000414788
25017332300,25,25017,332300,3323,Polygon,1,0,0,5170813,1099,5171698.6141650937,0.0000412586
25017332401,25,25017,332401,3324.01,Polygon,1,0,0,5303906,4083,5307749.6658754377,0.0000450894
25017332402,25,25017,332402,3324.02,Polygon,1,0,0,6254012,36736,6290456.4216185436,0.0000463504
25017333100,25,25017,333100,3331,Polygon,1,0,0,7100683,32039,7132366.1374670211,0.0000498915
25017333200,25,25017,333200,3332,Polygon,1,0,0,3884685,75254,3959748.0686780303,0.0000482157
25017333300,25,25017,333300,3333,Polygon,1,0,0,1627185,436948,2064032.5050790592,0.0000486863
25017333400,25,25017,333400,3334,Polygon,1,0,0,4886856,59246,4945864.9616782311,0.0000479243
25017333501,25,25017,333501,3335.01,Polygon,1,0,0,3226062,7586,3233504.7157539274,0.0000443104
25017333502,25,25017,333502,3335.02,Polygon,1,0,0,1443446,0,1443375.8438542902,0.0000486032
25017333601,25,25017,333601,3336.01,Polygon,1,0,0,6254620,130322,6384674.3264422733,0.0000419226
25017333602,25,25017,333602,3336.02,Polygon,1,0,0,4343605,15255,4358680.0980439689,0.0000412727
25017334100,25,25017,334100,3341,Polygon,1,0,0,4410077,1491,4411384.2486342872,0.0000416522
25017334200,25,25017,334200,3342,Polygon,1,0,0,2441662,0,2441569.8132177615,0.0000377558
25017334300,25,25017,334300,3343,Polygon,1,0,0,9828867,27085,9855613.3970375434,0.0000343552
25017334400,25,25017,334400,3344,Polygon,1,0,0,9156852,8146,9164660.6908763498,0.0000368041
25017335100,25,25017,335100,3351,Polygon,1,0,0,4142486,1033718,5175996.7128910432,0.0000400462
25017335200,25,25017,335200,3352,Polygon,1,0,0,3312992,329635,3642472.4317973,0.0000424332
25017335301,25,25017,335301,3353.01,Polygon,1,0,0,2837474,18721,2856068.7560623768,0.0000442
25017335302,25,25017,335302,3353.02,Polygon,1,0,0,5214957,173397,5388134.9385679485,0.0000406546
25017335400,25,25017,335400,3354,Polygon,1,0,0,3641188,5102,3646118.1658795658,0.0000471257
25017336100,25,25017,336100,3361,Polygon,1,0,0,2047297,94227,2141417.2142616878,0.0000498644
25017336201,25,25017,336201,3362.01,Polygon,1,0,0,1415213,0,1415140.870684861,0.0000509671
25017336202,25,25017,336202,3362.02,Polygon,1,0,0,1057126,0,1057071.8112366791,0.0000512605
25017336300,25,25017,336300,3363,Polygon,1,0,0,4000990,104892,4105674.2579520019,0.0000505962
25017336402,25,25017,336402,3364.02,Polygon,1,0,0,1125503,0,1125446.3045675824,0.0000503734
25017336403,25,25017,336403,3364.03,Polygon,1,0,0,1278126,15575,1293632.8931876922,0.0000526449
25017336404,25,25017,336404,3364.04,Polygon,1,0,0,1205426,5008,1210367.3557192252,0.0000550582
25017337101,25,25017,337101,3371.01,Polygon,1,0,0,1505378,16741,1522049.7321602111,0.0000455075
25017337102,25,25017,337102,3371.02,Polygon,1,0,0,5500342,1287765,6787765.8735753922,0.0000502535
25017337201,25,25017,337201,3372.01,Polygon,1,0,0,1594122,0,1594052.2160699817,0.0000437758
25017337202,25,25017,337202,3372.02,Polygon,1,0,0,2955380,1573,2956819.0697492999,0.0000452933
25017337300,25,25017,337300,3373,Polygon,1,0,0,4025935,327249,4352969.1657118872,0.0000493511
25017338100,25,25017,338100,3381,Polygon,1,0,0,1698252,6347,1704512.9518486529,0.00005048
25017338200,25,25017,338200,3382,Polygon,1,0,0,1693141,57604,1750655.7633907127,0.0000509706
25017338300,25,25017,338300,3383,Polygon,1,0,0,2099516,170471,2269870.6789385132,0.0000512431
25017338400,25,25017,338400,3384,Polygon,1,0,0,6100902,431740,6532301.1279505827,0.0000521798
25017338500,25,25017,338500,3385,Polygon,1,0,0,4032018,151277,4183082.9602855942,0.0000506872
25017339101,25,25017,339101,3391.01,Polygon,1,0,0,875342,15666,890956.5964433388,0.0000576915
25017339102,25,25017,339102,3391.02,Polygon,1,0,0,6200332,489674,6689648.2666788008,0.0000534728
25017339200,25,25017,339200,3392,Polygon,1,0,0,2611658,330521,2942015.1825418724,0.000055679
25017339300,25,25017,339300,3393,Polygon,1,0,0,677153,28551,705667.4348943222,0.0000518137
25017339400,25,25017,339400,3394,Polygon,1,0,0,635622,26838,662421.9376553866,0.0000574561
25017339500,25,25017,339500,3395,Polygon,1,0,0,1199133,18928,1217992.4033667864,0.0000563163
25017339600,25,25017,339600,3396,Polygon,1,0,0,822665,1211,823829.6946090875,0.0000562043
25017339700,25,25017,339700,3397,Polygon,1,0,0,1268220,70195,1338333.5887416769,0.0000608266
25017339802,25,25017,339802,3398.02,Polygon,1,0,0,1937393,268613,2205879.8907030555,0.0000571663
25017339803,25,25017,339803,3398.03,Polygon,1,0,0,757033,196154,953131.4542685642,0.0000582737
25017339804,25,25017,339804,3398.04,Polygon,1,0,0,523764,0,523735.6150653207,0.0000541941
25017339900,25,25017,339900,3399,Polygon,1,0,0,957324,0,957268.0118199547,0.000058484
25017340000,25,25017,340000,3400,Polygon,1,0,0,504975,0,504946.6009762185,0.0000562385
25017340100,25,25017,340100,3401,Polygon,1,0,0,2010833,4237,2014967.4802813637,0.0000508765
25017341101,25,25017,341101,3411.01,Polygon,1,0,0,1130194,3312,1133446.6996073336,0.0000523159
25017341102,25,25017,341102,3411.02,Polygon,1,0,0,884681,20294,904924.9603687489,0.0000552939
25017341200,25,25017,341200,3412,Polygon,1,0,0,1103339,0,1103273.1750879402,0.0000596597
25017341301,25,25017,341301,3413.01,Polygon,1,0,0,1088478,37804,1126220.6947774161,0.0000544315
25017341302,25,25017,341302,3413.02,Polygon,1,0,0,331243,7458,338682.2693317068,0.0000553015
25017341400,25,25017,341400,3414,Polygon,1,0,0,796944,0,796901.7108667932,0.0000530641
25017341500,25,25017,341500,3415,Polygon,1,0,0,641047,0,641012.0671971233,0.0000544934
25017341600,25,25017,341600,3416,Polygon,1,0,0,1523337,5537,1528786.7993027056,0.0000570359
25017341700,25,25017,341700,3417,Polygon,1,0,0,1098194,0,1098138.3096468535,0.0000507109
25017341800,25,25017,341800,3418,Polygon,1,0,0,1411730,0,1411649.8386963173,0.0000567823
25017341901,25,25017,341901,3419.01,Polygon,1,0,0,1058078,23174,1081188.8932392723,0.0000583645
25017341903,25,25017,341903,3419.03,Polygon,1,0,0,1392267,1758,1393949.511986153,0.0000541511
25017341904,25,25017,341904,3419.04,Polygon,1,0,0,605977,0,605943.4851820375,0.0000553071
25017342101,25,25017,342101,3421.01,Polygon,1,0,0,617841,0,617809.4493241939,0.000051066
25017342102,25,25017,342102,3421.02,Polygon,1,0,0,1268059,1716,1269700.4962920905,0.0000586747
25017342201,25,25017,342201,3422.01,Polygon,1,0,0,518326,0,518292.6187358629,0.0000644021
25017342202,25,25017,342202,3422.02,Polygon,1,0,0,475303,0,475279.1974929955,0.0000500786
25017342301,25,25017,342301,3423.01,Polygon,1,0,0,314257,0,314238.8756793333,0.0000576736
25017342302,25,25017,342302,3423.02,Polygon,1,0,0,395320,0,395297.1534291201,0.0000577926
25017342401,25,25017,342401,3424.01,Polygon,1,0,0,496102,0,496074.0425397859,0.0000563543
25017342402,25,25017,342402,3424.02,Polygon,1,0,0,3516736,634290,4150779.5669662841,0.0000593668
25017342501,25,25017,342501,3425.01,Polygon,1,0,0,529323,0,529290.6220774919,0.0000611686
25017342502,25,25017,342502,3425.02,Polygon,1,0,0,265318,0,265303.8990278504,0.0000531474
25017342600,25,25017,342600,3426,Polygon,1,0,0,452527,0,452500.4943443977,0.0000585725
25017350105,25,25017,350105,3501.05,Polygon,1,0,0,219211,71147,290339.05499863,0.000065247
25017350106,25,25017,350106,3501.06,Polygon,1,0,0,672015,156801,828765.4323184725,0.000061012
25017350107,25,25017,350107,3501.07,Polygon,1,0,0,259259,0,259239.9833562768,0.00007335
25017350108,25,25017,350108,3501.08,Polygon,1,0,0,412320,0,412295.8043151007,0.0000586818
25017350109,25,25017,350109,3501.09,Polygon,1,0,0,285286,1616,286886.3752256788,0.0000544603
25017350201,25,25017,350201,3502.01,Polygon,1,0,0,246382,0,246364.124063045,0.0000725537
25017350202,25,25017,350202,3502.02,Polygon,1,0,0,430779,0,430756.7126108941,0.0000517374
25017350300,25,25017,350300,3503,Polygon,1,0,0,398297,0,398274.8832736855,0.0000555282
25017350400,25,25017,350400,3504,Polygon,1,0,0,600702,0,600665.8025710497,0.0000602585
25017350500,25,25017,350500,3505,Polygon,1,0,0,225003,0,224990.4696659244,0.0000556896
25017350600,25,25017,350600,3506,Polygon,1,0,0,517206,0,517177.4467183987,0.0000552068
25017350701,25,25017,350701,3507.01,Polygon,1,0,0,331535,0,331516.460083472,0.0000559214
25017350702,25,25017,350702,3507.02,Polygon,1,0,0,445785,27714,473471.8822195171,0.000057271
25017350800,25,25017,350800,3508,Polygon,1,0,0,211937,0,211924.4620130206,0.000059159
25017350900,25,25017,350900,3509,Polygon,1,0,0,421687,0,421661.1493448585,0.0000613029
25017351001,25,25017,351001,3510.01,Polygon,1,0,0,394407,0,394380.3770145547,0.0000675013
25017351002,25,25017,351002,3510.02,Polygon,1,0,0,273796,0,273780.755002618,0.0000556801
25017351101,25,25017,351101,3511.01,Polygon,1,0,0,441192,0,441165.4877672459,0.0000600923
25017351102,25,25017,351102,3511.02,Polygon,1,0,0,241469,0,241455.4507424571,0.0000561118
25017351203,25,25017,351203,3512.03,Polygon,1,0,0,406607,0,406578.1987925946,0.000070833
25017351204,25,25017,351204,3512.04,Polygon,1,0,0,579327,0,579293.658028944,0.0000575529
25017351300,25,25017,351300,3513,Polygon,1,0,0,515813,0,515779.9059077206,0.0000641591
25017351403,25,25017,351403,3514.03,Polygon,1,0,0,334417,0,334395.8087429465,0.0000633678
25017351404,25,25017,351404,3514.04,Polygon,1,0,0,418800,0,418776.0976576747,0.0000570734
25017351500,25,25017,351500,3515,Polygon,1,0,0,1388287,0,1388200.8659484466,0.0000620434
25017352101,25,25017,352101,3521.01,Polygon,1,0,0,400468,17063,417501.556984846,0.000070517
25017352102,25,25017,352102,3521.02,Polygon,1,0,0,413262,135921,549147.0899668279,0.0000653881
25017352200,25,25017,352200,3522,Polygon,1,0,0,145606,0,145596.518217376,0.0000651194
25017352300,25,25017,352300,3523,Polygon,1,0,0,694885,0,694838.9249563775,0.000066306
25017352400,25,25017,352400,3524,Polygon,1,0,0,225079,0,225066.2221429075,0.0000567705
25017352500,25,25017,352500,3525,Polygon,1,0,0,240701,0,240686.6752220434,0.0000595127
25017352600,25,25017,352600,3526,Polygon,1,0,0,306861,0,306842.1044633692,0.0000615769
25017352700,25,25017,352700,3527,Polygon,1,0,0,158620,0,158610.0837357831,0.0000625159
25017352800,25,25017,352800,3528,Polygon,1,0,0,144694,0,144683.8852067692,0.0000699047
25017352900,25,25017,352900,3529,Polygon,1,0,0,279478,0,279459.7079333427,0.0000654508
25017353000,25,25017,353000,3530,Polygon,1,0,0,268135,0,268117.3473532156,0.0000658349
25017353101,25,25017,353101,3531.01,Polygon,1,0,0,456358,0,456327.694645631,0.000066407
25017353102,25,25017,353102,3531.02,Polygon,1,0,0,983737,671689,1655319.5585853523,0.0000642985
25017353200,25,25017,353200,3532,Polygon,1,0,0,514213,2895,517074.5353710661,0.000064715
25017353300,25,25017,353300,3533,Polygon,1,0,0,474775,73522,548262.9543864012,0.0000620934
25017353600,25,25017,353600,3536,Polygon,1,0,0,803597,0,803548.0118199936,0.0000609611
25017353700,25,25017,353700,3537,Polygon,1,0,0,532087,0,532053.3272134579,0.0000632844
25017353800,25,25017,353800,3538,Polygon,1,0,0,252962,0,252946.3212124055,0.0000619808
25017353900,25,25017,353900,3539,Polygon,1,0,0,323192,52563,375733.2469295768,0.0000578916
25017354000,25,25017,354000,3540,Polygon,1,0,0,424010,0,423983.0722142896,0.0000635074
25017354100,25,25017,354100,3541,Polygon,1,0,0,633922,47168,681047.9606536325,0.0000617236
25017354200,25,25017,354200,3542,Polygon,1,0,0,1572744,85875,1658516.4122259358,0.0000618513
25017354300,25,25017,354300,3543,Polygon,1,0,0,1239146,655856,1894888.4906357352,0.0000598993
25017354400,25,25017,354400,3544,Polygon,1,0,0,295800,0,295783.6123754751,0.000055401
25017354500,25,25017,354500,3545,Polygon,1,0,0,334459,0,334438.6428966324,0.0000608658
25017354601,25,25017,354601,3546.01,Polygon,1,0,0,767347,4512,771811.3033063284,0.0000617946
25017354602,25,25017,354602,3546.02,Polygon,1,0,0,726877,2158,728990.3503857189,0.0000612448
25017354700,25,25017,354700,3547,Polygon,1,0,0,355374,0,355352.5107447383,0.0000604694
25017354800,25,25017,354800,3548,Polygon,1,0,0,310508,0,310490.4194980927,0.0000566185
25017354901,25,25017,354901,3549.01,Polygon,1,0,0,618285,31400,649650.4084570779,0.0000532436
25017354902,25,25017,354902,3549.02,Polygon,1,0,0,629379,14259,643599.7214891836,0.0000594721
25017355000,25,25017,355000,3550,Polygon,1,0,0,464483,7606,472058.5191735951,0.0000645658
25017356100,25,25017,356100,3561,Polygon,1,0,0,721717,3667,725338.8760745941,0.0000622069
25017356300,25,25017,356300,3563,Polygon,1,0,0,1055273,22133,1077347.5934906404,0.0000542103
25017356400,25,25017,356400,3564,Polygon,1,0,0,3253282,401480,3654559.9240160119,0.0000552911
25017356500,25,25017,356500,3565,Polygon,1,0,0,2260283,42845,2302999.1109770271,0.0000559626
25017356601,25,25017,356601,3566.01,Polygon,1,0,0,1301271,0,1301200.0450688144,0.0000545274
25017356602,25,25017,356602,3566.02,Polygon,1,0,0,1250306,0,1250234.6053096103,0.0000571018
25017356701,25,25017,356701,3567.01,Polygon,1,0,0,1136104,4230,1140271.6915248153,0.0000546405
25017356703,25,25017,356703,3567.03,Polygon,1,0,0,1106008,404985,1510906.2732535216,0.0000573972
25017356704,25,25017,356704,3567.04,Polygon,1,0,0,1234258,8755,1242936.8560868704,0.0000612575
25017357100,25,25017,357100,3571,Polygon,1,0,0,1810617,81055,1891560.599201205,0.0000588901
25017357200,25,25017,357200,3572,Polygon,1,0,0,1436158,50403,1486472.7661697955,0.0000593543
25017357300,25,25017,357300,3573,Polygon,1,0,0,648735,0,648696.3497914382,0.0000595778
25017357400,25,25017,357400,3574,Polygon,1,0,0,669600,26346,695905.9723872641,0.0000575154
25017357500,25,25017,357500,3575,Polygon,1,0,0,483919,0,483890.9268287329,0.0000580121
25017357600,25,25017,357600,3576,Polygon,1,0,0,491063,0,491035.2855253516,0.0000564377
25017357700,25,25017,357700,3577,Polygon,1,0,0,3000999,19856,3020676.0172659503,0.000059249
25017357800,25,25017,357800,3578,Polygon,1,0,0,3494971,5852,3500617.9294419023,0.0000585778
25017358100,25,25017,358100,3581,Polygon,1,0,0,5458426,44933,5503057.0152426017,0.0000548728
25017358300,25,25017,358300,3583,Polygon,1,0,0,7552602,17259,7569440.8626824012,0.0000555013
25017358400,25,25017,358400,3584,Polygon,1,0,0,7029608,378215,7407427.2581583653,0.0000534222
25017358500,25,25017,358500,3585,Polygon,1,0,0,6777977,62849,6840470.2587188715,0.0000520027
25017358600,25,25017,358600,3586,Polygon,1,0,0,8711051,11686,8722302.032903621,0.0000498659
25017358700,25,25017,358700,3587,Polygon,1,0,0,7031416,18746,7049822.9806832578,0.0000480867
25017359100,25,25017,359100,3591,Polygon,1,0,0,14847544,165725,15012619.4791288748,0.0000432631
25017359301,25,25017,359301,3593.01,Polygon,1,0,0,741811,0,741773.8808517425,0.0000500386
25017359302,25,25017,359302,3593.02,Polygon,1,0,0,812940,0,812903.0449833818,0.0000454585
25017359303,25,25017,359303,3593.03,Polygon,1,0,0,20538150,292336,20829548.3590593971,0.0000450129
25017359400,25,25017,359400,3594,Polygon,1,0,0,576837,27034,603831.3213619923,0.0000657071
25017360300,25,25017,360300,3603,Polygon,1,0,0,36038219,1951692,37987800.0794329271,0.0000555653
25017361100,25,25017,361100,3611,Polygon,1,0,0,19053950,1140066,20192948.7842036262,0.0000528481
25017361200,25,25017,361200,3612,Polygon,1,0,0,9770688,513666,10283817.4933076091,0.0000521673
25017361300,25,25017,361300,3613,Polygon,1,0,0,33926664,1762912,35687878.5349813923,0.0000475619
25017362100,25,25017,362100,3621,Polygon,1,0,0,39560501,646536,40205522.6828219146,0.000037663
25017363103,25,25017,363103,3631.03,Polygon,1,0,0,9598061,567846,10165457.5880300868,0.0000442078
25017363104,25,25017,363104,3631.04,Polygon,1,0,0,15236629,337763,15573613.8188629542,0.0000499654
25017363105,25,25017,363105,3631.05,Polygon,1,0,0,8742310,56188,8798117.5099026524,0.0000432449
25017363106,25,25017,363106,3631.06,Polygon,1,0,0,4934197,47394,4981395.9991341056,0.0000391443
25017363201,25,25017,363201,3632.01,Polygon,1,0,0,6776965,62150,6838774.3598648719,0.0000498076
25017363202,25,25017,363202,3632.02,Polygon,1,0,0,6166481,43773,6209961.4855854614,0.0000471018
25017364101,25,25017,364101,3641.01,Polygon,1,0,0,5045505,197238,5242463.6263574082,0.0000532877
25017364102,25,25017,364102,3641.02,Polygon,1,0,0,8449639,205913,8655059.5928084105,0.0000568892
25017365100,25,25017,365100,3651,Polygon,1,0,0,30457425,736839,31192447.0289048329,0.000058247
25017365201,25,25017,365201,3652.01,Polygon,1,0,0,14841627,157220,14997924.1816588584,0.000061526
25017365202,25,25017,365202,3652.02,Polygon,1,0,0,17395782,340693,17735347.2895624824,0.0000635814
25017366100,25,25017,366100,3661,Polygon,1,0,0,5952034,891422,6842999.2566278009,0.0000667416
25017366201,25,25017,366201,3662.01,Polygon,1,0,0,13986626,406794,14392550.7665149644,0.000060391
25017366202,25,25017,366202,3662.02,Polygon,1,0,0,19193233,802186,19994131.6036688834,0.0000643846
25017367100,25,25017,367100,3671,Polygon,1,0,0,17694943,376761,18070604.5394849516,0.0000608388
25017367200,25,25017,367200,3672,Polygon,1,0,0,25869067,950066,26817399.1094819158,0.0000646513
25017368101,25,25017,368101,3681.01,Polygon,1,0,0,2307692,177584,2485133.5841652299,0.0000573038
25017368102,25,25017,368102,3681.02,Polygon,1,0,0,4185668,1622258,5807594.1900335178,0.0000571305
25017368200,25,25017,368200,3682,Polygon,1,0,0,6687732,25881,6713212.217741346,0.000059697
25017368300,25,25017,368300,3683,Polygon,1,0,0,1721636,0,1721531.6140677154,0.0000606318
25017368400,25,25017,368400,3684,Polygon,1,0,0,3397327,491645,3888729.3484257702,0.0000623948
25017368500,25,25017,368500,3685,Polygon,1,0,0,465881,37807,503656.2401582586,0.0000630546
25017368600,25,25017,368600,3686,Polygon,1,0,0,1104230,122259,1226412.1923584219,0.000062624
25017368700,25,25017,368700,3687,Polygon,1,0,0,708886,31327,740164.6976425136,0.0000652547
25017368800,25,25017,368800,3688,Polygon,1,0,0,1686185,38240,1724317.1373833341,0.0000625499
25017368901,25,25017,368901,3689.01,Polygon,1,0,0,3983599,31318,4014682.4538288871,0.0000584187
25017368902,25,25017,368902,3689.02,Polygon,1,0,0,1048924,29990,1078852.8936884347,0.0000566369
25017369000,25,25017,369000,3690,Polygon,1,0,0,3113708,11786,3125306.3150138147,0.0000600497
25017369100,25,25017,369100,3691,Polygon,1,0,0,2596759,14616,2611215.5551855317,0.0000610578
25017370101,25,25017,370101,3701.01,Polygon,1,0,0,1419322,0,1419237.6531404781,0.0000594276
25017370103,25,25017,370103,3701.03,Polygon,1,0,0,643988,25693,669637.9924652901,0.0000642209
25017370104,25,25017,370104,3701.04,Polygon,1,0,0,1314674,55418,1370004.706255212,0.0000637138
25017370201,25,25017,370201,3702.01,Polygon,1,0,0,1298597,0,1298513.0019347365,0.0000646837
25017370202,25,25017,370202,3702.02,Polygon,1,0,0,1066365,0,1066301.1376407489,0.0000598879
25017370301,25,25017,370301,3703.01,Polygon,1,0,0,1694426,7106,1701425.402312851,0.0000626481
25017370302,25,25017,370302,3703.02,Polygon,1,0,0,1158346,83061,1241329.1432540154,0.0000627165
25017370401,25,25017,370401,3704.01,Polygon,1,0,0,674356,0,674314.9206036413,0.0000609165
25017370402,25,25017,370402,3704.02,Polygon,1,0,0,589581,139743,729277.2742762045,0.0000640672
25017370403,25,25017,370403,3704.03,Polygon,1,0,0,490412,20802,511182.3562025362,0.0000618993
25017373100,25,25017,373100,3731,Polygon,1,0,0,1648775,69543,1718205.9742602163,0.000065195
25017373200,25,25017,373200,3732,Polygon,1,0,0,1277471,13734,1291124.2552242815,0.0000625344
25017373300,25,25017,373300,3733,Polygon,1,0,0,1253168,15068,1268152.6792420468,0.0000656981
25017373400,25,25017,373400,3734,Polygon,1,0,0,1200533,3225,1203678.8259742414,0.0000657724
25017373500,25,25017,373500,3735,Polygon,1,0,0,3383235,10729,3393750.195469168,0.0000629955
25017373600,25,25017,373600,3736,Polygon,1,0,0,3007639,92136,3099578.0331023126,0.0000635423
25017373700,25,25017,373700,3737,Polygon,1,0,0,2375955,9309,2385110.9983918513,0.0000641445
25017373800,25,25017,373800,3738,Polygon,1,0,0,2557476,114934,2672227.6242611832,0.0000682439
25017373901,25,25017,373901,3739.01,Polygon,1,0,0,2000192,0,2000054.9835272189,0.0000685017
25017373902,25,25017,373902,3739.02,Polygon,1,0,0,2414273,0,2414110.1739156642,0.0000674431
25017374000,25,25017,374000,3740,Polygon,1,0,0,4957318,157783,5114750.5602721469,0.0000685108
25017374100,25,25017,374100,3741,Polygon,1,0,0,2242813,46721,2289388.5875803288,0.0000635118
25017374200,25,25017,374200,3742,Polygon,1,0,0,2044217,0,2044085.6686219443,0.0000642453
25017374300,25,25017,374300,3743,Polygon,1,0,0,2530160,57221,2587209.3963631103,0.0000663233
25017374400,25,25017,374400,3744,Polygon,1,0,0,4258902,9157,4267780.0444060471,0.0000653589
25017374500,25,25017,374500,3745,Polygon,1,0,0,1808934,5814,1814636.0457135169,0.0000616914
25017374600,25,25017,374600,3746,Polygon,1,0,0,1690922,698,1691513.1402497652,0.0000631701
25017374700,25,25017,374700,3747,Polygon,1,0,0,2372489,176296,2548617.9711094419,0.0000655328
25017374800,25,25017,374800,3748,Polygon,1,0,0,3149115,73561,3222465.711230624,0.0000652528
25017382100,25,25017,382100,3821,Polygon,1,0,0,5822543,171137,5993273.3935181778,0.0000678392
25017382200,25,25017,382200,3822,Polygon,1,0,0,4371887,91651,4463226.3188856151,0.0000698283
25017382300,25,25017,382300,3823,Polygon,1,0,0,13033395,244941,13277415.7613526545,0.0000693038
25017382400,25,25017,382400,3824,Polygon,1,0,0,4662564,225690,4887910.0800025975,0.0000703564
25017382500,25,25017,382500,3825,Polygon,1,0,0,4841996,1832662,6674209.6688364036,0.0000671692
25017382601,25,25017,382601,3826.01,Polygon,1,0,0,1854243,14904,1869014.991267612,0.0000706251
25017382602,25,25017,382602,3826.02,Polygon,1,0,0,4156327,13879,4169916.9631605963,0.00006931
25017383101,25,25017,383101,3831.01,Polygon,1,0,0,2815540,9845,2825186.7606764515,0.0000701636
25017383102,25,25017,383102,3831.02,Polygon,1,0,0,1178988,1763,1180669.6228485906,0.0000689198
25017383200,25,25017,383200,3832,Polygon,1,0,0,2409101,303010,2711918.2227905924,0.0000710801
25017383300,25,25017,383300,3833,Polygon,1,0,0,2844747,934791,3779273.8950025365,0.0000698776
25017383401,25,25017,383401,3834.01,Polygon,1,0,0,837750,177480,1015159.8476537201,0.0000691
25017383402,25,25017,383402,3834.02,Polygon,1,0,0,998946,0,998878.7488630834,0.0000673221
25017383501,25,25017,383501,3835.01,Polygon,1,0,0,2118788,7844,2126492.1940409262,0.0000657406
25017383502,25,25017,383502,3835.02,Polygon,1,0,0,1733751,70349,1803973.8978299592,0.0000698976
25017383600,25,25017,383600,3836,Polygon,1,0,0,6172992,77712,6250278.5621631891,0.0000680624
25017383700,25,25017,383700,3837,Polygon,1,0,0,4293521,369224,4662431.6649255762,0.0000671997
25017383800,25,25017,383800,3838,Polygon,1,0,0,5267365,299589,5566594.3662653426,0.0000646015
25017383902,25,25017,383902,3839.02,Polygon,1,0,0,11771578,153409,11924193.6214153394,0.0000665308
25017383903,25,25017,383903,3839.03,Polygon,1,0,0,3184290,58206,3242279.5289686294,0.0000667606
25017383904,25,25017,383904,3839.04,Polygon,1,0,0,10316986,40882,10357194.8250956833,0.0000649916
25017384003,25,25017,384003,3840.03,Polygon,1,0,0,7462965,832104,8294498.4709091596,0.0000687793
25017384004,25,25017,384004,3840.04,Polygon,1,0,0,1455964,448391,1904224.7111008293,0.0000684163
25017385101,25,25017,385101,3851.01,Polygon,1,0,0,6688816,383017,7071332.9272524407,0.0000707133
25017385102,25,25017,385102,3851.02,Polygon,1,0,0,10675019,196459,10870722.6270746104,0.0000694821
25017385201,25,25017,385201,3852.01,Polygon,1,0,0,5652562,702455,6354571.4883116847,0.0000701039
25017385203,25,25017,385203,3852.03,Polygon,1,0,0,5194602,71575,5265805.1572915073,0.0000706096
25017385204,25,25017,385204,3852.04,Polygon,1,0,0,3743435,36143,3779312.9823550391,0.0000701183
25017386100,25,25017,386100,3861,Polygon,1,0,0,40890896,952549,41840498.5106142387,0.000070417
25017387100,25,25017,387100,3871,Polygon,1,0,0,15847966,636623,16483419.3632418364,0.0000709533
25017387201,25,25017,387201,3872.01,Polygon,1,0,0,12977623,162620,13139311.8746982384,0.0000708606
25017387202,25,25017,387202,3872.02,Polygon,1,0,0,19491709,236358,19726665.3255557865,0.0000710498
25017388100,25,25017,388100,3881,Polygon,1,0,0,26636068,317226,26952064.2220939957,0.0000456263
25017388200,25,25017,388200,3882,Polygon,1,0,0,40966099,204892,41169814.59042833,0.0000285737
25017388300,25,25017,388300,3883,Polygon,1,0,0,692875,153048,845915.9038558565,0.0000083886
25017980000,25,25017,980000,9800,Polygon,1,0,0,3847832,16212,3863821.3293203409,0.0000576263
25019950100,25,25019,950100,9501,Polygon,1,0,0,5400134,1869031,7270491.4200479612,0.0001824721
25019950201,25,25019,950201,9502.01,Polygon,1,0,0,3228288,34599,3263508.1714074211,0.0001903748
25019950202,25,25019,950202,9502.02,Polygon,1,0,0,10688309,1646653,12337409.1028105486,0.0001983875
25019950307,25,25019,950307,9503.07,Polygon,1,0,0,24650031,15289240,39946434.77640827,0.0001793667
25019950400,25,25019,950400,9504,Polygon,1,0,0,14622449,911064,15536605.3975045476,0.0001990791
25019950500,25,25019,950500,9505,Polygon,1,0,0,61048106,25300485,86364015.5763148367,0.0001786315
25019990000,25,25019,990000,9900,Polygon,1,0,0,0,621775313,621882487.8752641678,0.0001723691
25021400100,25,25021,400100,4001,Polygon,1,0,0,861501,12178,873626.1318443671,0.0000605121
25021400201,25,25021,400201,4002.01,Polygon,1,0,0,219587,0,219575.6889551996,0.0000515105
25021400202,25,25021,400202,4002.02,Polygon,1,0,0,313088,0,313066.3397774611,0.0000691825
25021400300,25,25021,400300,4003,Polygon,1,0,0,522141,0,522108.0362060986,0.000063132
25021400401,25,25021,400401,4004.01,Polygon,1,0,0,330639,0,330615.2716055922,0.0000717653
25021400402,25,25021,400402,4004.02,Polygon,1,0,0,440221,0,440190.090519033,0.0000702136
25021400500,25,25021,400500,4005,Polygon,1,0,0,557063,0,557024.5468773672,0.0000690283
25021400600,25,25021,400600,4006,Polygon,1,0,0,1226101,553,1226574.0581755415,0.0000651706
25021400700,25,25021,400700,4007,Polygon,1,0,0,605924,0,605886.44952297,0.0000619723
25021400800,25,25021,400800,4008,Polygon,1,0,0,573048,11744,584755.3920889227,0.0000625999
25021400900,25,25021,400900,4009,Polygon,1,0,0,386684,11391,398050.3503035572,0.0000619222
25021401000,25,25021,401000,4010,Polygon,1,0,0,639362,6116,645433.7343835455,0.000068578
25021401100,25,25021,401100,4011,Polygon,1,0,0,4131254,109096,4240062.6276320042,0.0000677709
25021401201,25,25021,401201,4012.01,Polygon,1,0,0,2775085,3388,2778282.3068465432,0.0000686324
25021401202,25,25021,401202,4012.02,Polygon,1,0,0,3922568,28947,3951253.5602692063,0.0000661619
25021402101,25,25021,402101,4021.01,Polygon,1,0,0,4030399,373074,4403164.5398344006,0.0000700493
25021402102,25,25021,402102,4021.02,Polygon,1,0,0,1875308,73729,1948901.5560489101,0.0000694928
25021402200,25,25021,402200,4022,Polygon,1,0,0,1168220,1705,1169845.3889682272,0.000068048
25021402300,25,25021,402300,4023,Polygon,1,0,0,4264110,89283,4353080.807316388,0.0000717125
25021402400,25,25021,402400,4024,Polygon,1,0,0,4425194,117874,4542752.3596441383,0.0000694774
25021402500,25,25021,402500,4025,Polygon,1,0,0,10836950,416806,11252971.6073639542,0.0000697005
25021403100,25,25021,403100,4031,Polygon,1,0,0,6497382,336896,6833807.89792086,0.0000687859
25021403300,25,25021,403300,4033,Polygon,1,0,0,6942776,193905,7136183.2741219951,0.0000697419
25021403400,25,25021,403400,4034,Polygon,1,0,0,9636426,311047,9946787.1434302609,0.0000689478
25021403501,25,25021,403501,4035.01,Polygon,1,0,0,2490590,41696,2532118.1848886358,0.0000662702
25021403502,25,25021,403502,4035.02,Polygon,1,0,0,3202483,173428,3375683.1028460823,0.0000675069
25021404100,25,25021,404100,4041,Polygon,1,0,0,4254703,207348,4461756.6727312366,0.0000659623
25021404201,25,25021,404201,4042.01,Polygon,1,0,0,3735595,37427,3772771.6204265798,0.0000663605
25021404202,25,25021,404202,4042.02,Polygon,1,0,0,4530595,13062,4543350.291028643,0.0000675027
25021404301,25,25021,404301,4043.01,Polygon,1,0,0,3966353,4734,3970818.1337139844,0.000067706
25021404302,25,25021,404302,4043.02,Polygon,1,0,0,2580732,447125,3027653.2218332775,0.0000673011
25021404400,25,25021,404400,4044,Polygon,1,0,0,6865922,597065,7462476.2426733179,0.0000684387
25021405100,25,25021,405100,4051,Polygon,1,0,0,39098446,837909,39933549.4429297149,0.0000702507
25021406101,25,25021,406101,4061.01,Polygon,1,0,0,17341669,347751,17688174.1600897089,0.0000704285
25021406102,25,25021,406102,4061.02,Polygon,1,0,0,19977288,291266,20267125.0071252584,0.000070503
25021407101,25,25021,407101,4071.01,Polygon,1,0,0,18158671,294661,18452021.7523729168,0.0000710033
25021407102,25,25021,407102,4071.02,Polygon,1,0,0,13006058,303633,13308754.7696472388,0.000070342
25021408102,25,25021,408102,4081.02,Polygon,1,0,0,7822153,217044,8038631.098739244,0.0000703928
25021408103,25,25021,408103,4081.03,Polygon,1,0,0,9333073,36423,9368836.1383974813,0.0000704266
25021408104,25,25021,408104,4081.04,Polygon,1,0,0,12720327,86903,12806333.2837181892,0.0000700164
25021409101,25,25021,409101,4091.01,Polygon,1,0,0,20875884,732645,21607033.6734490506,0.0000692008
25021409102,25,25021,409102,4091.02,Polygon,1,0,0,17709147,560399,18268291.6726227328,0.0000686567
25021410100,25,25021,410100,4101,Polygon,1,0,0,25068332,900941,25967593.1076681204,0.0000646877
25021410300,25,25021,410300,4103,Polygon,1,0,0,16042375,272822,16314136.0904539004,0.0000650258
25021410400,25,25021,410400,4104,Polygon,1,0,0,10315487,1401178,11715881.341922421,0.0000668841
25021411101,25,25021,411101,4111.01,Polygon,1,0,0,10364924,140901,10505103.1542203799,0.0000687091
25021411102,25,25021,411102,4111.02,Polygon,1,0,0,5813408,246337,6059324.2576800473,0.0000694323
25021411200,25,25021,411200,4112,Polygon,1,0,0,8807188,185997,8992552.0027153101,0.0000703863
25021411301,25,25021,411301,4113.01,Polygon,1,0,0,15057950,853673,15910497.6682478134,0.0000707239
25021411302,25,25021,411302,4113.02,Polygon,1,0,0,12932838,162200,13094127.501996208,0.00006953
25021412100,25,25021,412100,4121,Polygon,1,0,0,9247113,400201,9646635.9701784011,0.0000702817
25021412200,25,25021,412200,4122,Polygon,1,0,0,11721124,256131,11976409.3432697635,0.0000706052
25021412300,25,25021,412300,4123,Polygon,1,0,0,7214510,112013,7326007.2945146179,0.0000703888
25021413100,25,25021,413100,4131,Polygon,1,0,0,10254203,203270,10456737.662789613,0.0000703169
25021413201,25,25021,413201,4132.01,Polygon,1,0,0,2369447,3690,2372969.9598204526,0.0000703879
25021413202,25,25021,413202,4132.02,Polygon,1,0,0,1678983,0,1678863.6519193696,0.0000710836
25021413300,25,25021,413300,4133,Polygon,1,0,0,3217153,3683,3220606.4413610073,0.000071273
25021413401,25,25021,413401,4134.01,Polygon,1,0,0,1486203,0,1486096.9221081268,0.0000713751
25021413402,25,25021,413402,4134.02,Polygon,1,0,0,2155022,164938,2319794.8205546825,0.0000711993
25021413500,25,25021,413500,4135,Polygon,1,0,0,5721327,69791,5790704.6533852899,0.000071376
25021414100,25,25021,414100,4141,Polygon,1,0,0,28397869,338878,28734765.4313684963,0.0000689559
25021414200,25,25021,414200,4142,Polygon,1,0,0,24662521,2013906,26674636.0849378556,0.0000671347
25021414300,25,25021,414300,4143,Polygon,1,0,0,7636707,118733,7754905.6657165671,0.000068898
25021415101,25,25021,415101,4151.01,Polygon,1,0,0,9891689,175092,10066074.2586856764,0.0000702053
25021415103,25,25021,415103,4151.03,Polygon,1,0,0,3229618,193351,3422722.9768751319,0.0000718742
25021415104,25,25021,415104,4151.04,Polygon,1,0,0,2776414,48448,2824665.8940623025,0.0000694214
25021415201,25,25021,415201,4152.01,Polygon,1,0,0,10207705,76344,10283325.2363253608,0.0000703773
25021415202,25,25021,415202,4152.02,Polygon,1,0,0,5736588,1050356,6786467.3013783228,0.0000702376
25021415300,25,25021,415300,4153,Polygon,1,0,0,16710269,514561,17223609.1492122076,0.0000708774
25021416101,25,25021,416101,4161.01,Polygon,1,0,0,9633493,78287,9711098.6370179355,0.0000701584
25021416102,25,25021,416102,4161.02,Polygon,1,0,0,13314020,178210,13491272.4867051393,0.0000709678
25021416200,25,25021,416200,4162,Polygon,1,0,0,3467380,60671,3527805.22271128,0.0000696638
25021416300,25,25021,416300,4163,Polygon,1,0,0,2661477,107414,2768699.1587861334,0.0000692845
25021416400,25,25021,416400,4164,Polygon,1,0,0,4623472,355632,4978756.6804354656,0.0000697554
25021417100,25,25021,417100,4171,Polygon,1,0,0,1724778,0,1724659.1489265494,0.000068908
25021417201,25,25021,417201,4172.01,Polygon,1,0,0,1521330,153189,1674404.1268703716,0.0000686007
25021417202,25,25021,417202,4172.02,Polygon,1,0,0,936327,767,937029.7176964669,0.0000685975
25021417300,25,25021,417300,4173,Polygon,1,0,0,1727177,2461750,4188644.9415575708,0.0000673343
25021417400,25,25021,417400,4174,Polygon,1,0,0,1475075,4616325,6090985.8766633738,0.0000679849
25021417501,25,25021,417501,4175.01,Polygon,1,0,0,887702,1049909,1937477.5674821399,0.0000688645
25021417502,25,25021,417502,4175.02,Polygon,1,0,0,895848,0,895786.4163570843,0.0000687434
25021417601,25,25021,417601,4176.01,Polygon,1,0,0,975017,219528,1194467.3740856743,0.0000649837
25021417602,25,25021,417602,4176.02,Polygon,1,0,0,2141950,8776618,10917824.1276496332,0.0000681291
25021417702,25,25021,417702,4177.02,Polygon,1,0,0,1686155,319213,2005228.7993109422,0.000069414
25021417703,25,25021,417703,4177.03,Polygon,1,0,0,677163,8231,685348.5597586323,0.000066298
25021417704,25,25021,417704,4177.04,Polygon,1,0,0,863060,4044,867043.2235906529,0.0000700913
25021417801,25,25021,417801,4178.01,Polygon,1,0,0,2162681,7252624,9414651.0832456537,0.0000694525
25021417802,25,25021,417802,4178.02,Polygon,1,0,0,1198748,1065124,2263712.5254399315,0.0000704433
25021417901,25,25021,417901,4179.01,Polygon,1,0,0,1851590,691627,2543039.1550650401,0.0000699291
25021417902,25,25021,417902,4179.02,Polygon,1,0,0,690440,0,690392.8269388771,0.0000683232
25021418002,25,25021,418002,4180.02,Polygon,1,0,0,2065363,9105,2074320.0211689577,0.0000713334
25021418003,25,25021,418003,4180.03,Polygon,1,0,0,1037250,2934,1040107.3463725693,0.0000736924
25021418004,25,25021,418004,4180.04,Polygon,1,0,0,1317062,0,1316966.7673866455,0.0000723069
25021418101,25,25021,418101,4181.01,Polygon,1,0,0,1703139,9028,1712050.04017025,0.000068311
25021418102,25,25021,418102,4181.02,Polygon,1,0,0,770695,2371,773012.3702166205,0.0000693728
25021418201,25,25021,418201,4182.01,Polygon,1,0,0,6691936,71601,6763065.1669030469,0.0000697613
25021419100,25,25021,419100,4191,Polygon,1,0,0,7073489,161219,7234197.8976108469,0.0000705077
25021419200,25,25021,419200,4192,Polygon,1,0,0,2652068,27932,2679809.6634337334,0.0000710211
25021419300,25,25021,419300,4193,Polygon,1,0,0,1711237,25093,1736206.3830637129,0.0000711944
25021419400,25,25021,419400,4194,Polygon,1,0,0,1847727,376456,2224026.3302012528,0.0000704393
25021419500,25,25021,419500,4195,Polygon,1,0,0,3258119,105915,3363798.8965970445,0.0000698873
25021419601,25,25021,419601,4196.01,Polygon,1,0,0,1472436,11853,1484180.6378044626,0.0000730061
25021419602,25,25021,419602,4196.02,Polygon,1,0,0,7346774,36107,7382362.6252090242,0.0000702131
25021419700,25,25021,419700,4197,Polygon,1,0,0,4292913,60420,4353029.0102901757,0.0000698292
25021419800,25,25021,419800,4198,Polygon,1,0,0,5989553,1271510,7260547.3252988625,0.0000710192
25021420101,25,25021,420101,4201.01,Polygon,1,0,0,3131337,400854,3531937.3600712344,0.0000718081
25021420102,25,25021,420102,4201.02,Polygon,1,0,0,2462546,586707,3049040.5319875744,0.0000696787
25021420201,25,25021,420201,4202.01,Polygon,1,0,0,2097810,20818,2118477.8601109558,0.0000708666
25021420202,25,25021,420202,4202.02,Polygon,1,0,0,7030139,479482,7509083.0767094856,0.0000716312
25021420301,25,25021,420301,4203.01,Polygon,1,0,0,5787504,19471,5806568.5748082064,0.0000699891
25021420302,25,25021,420302,4203.02,Polygon,1,0,0,4947448,9155,4956257.0790976491,0.0000697899
25021421100,25,25021,421100,4211,Polygon,1,0,0,6949591,242026,7191114.798008549,0.0000698316
25021421200,25,25021,421200,4212,Polygon,1,0,0,11840769,40079,11880015.0692633372,0.000070107
25021422100,25,25021,422100,4221,Polygon,1,0,0,7033054,1371919,8404382.0965903942,0.000070304
25021422201,25,25021,422201,4222.01,Polygon,1,0,0,2686884,0,2686693.083237234,0.0000710551
25021422202,25,25021,422202,4222.02,Polygon,1,0,0,4886910,325,4886889.587886394,0.0000706764
25021422301,25,25021,422301,4223.01,Polygon,1,0,0,3859058,9018,3867804.5714750462,0.0000701715
25021422303,25,25021,422303,4223.03,Polygon,1,0,0,3777447,252648,4029810.8921190063,0.0000704966
25021422304,25,25021,422304,4223.04,Polygon,1,0,0,2298352,2308,2300494.2722270861,0.0000720349
25021422401,25,25021,422401,4224.01,Polygon,1,0,0,2236911,73167,2309920.5502647329,0.0000681578
25021422402,25,25021,422402,4224.02,Polygon,1,0,0,1990100,13733,2003693.7801364546,0.0000694768
25021422501,25,25021,422501,4225.01,Polygon,1,0,0,2501851,244174,2745828.2574338596,0.0000716463
25021422502,25,25021,422502,4225.02,Polygon,1,0,0,2644867,383487,3028137.3040996934,0.0000715557
25021422600,25,25021,422600,4226,Polygon,1,0,0,5015220,828617,5843419.8046141481,0.0000713907
25021422700,25,25021,422700,4227,Polygon,1,0,0,2200668,578229,2778703.144948761,0.0000697597
25021422800,25,25021,422800,4228,Polygon,1,0,0,2295429,8697142,10991809.2489188351,0.0000692969
25021423101,25,25021,423101,4231.01,Polygon,1,0,0,6764240,1144939,7908625.0907998774,0.0000700337
25021423102,25,25021,423102,4231.02,Polygon,1,0,0,18574051,54916100,73485213.4833241254,0.0000671861
25021440101,25,25021,440101,4401.01,Polygon,1,0,0,14196594,1162932,15358578.2239330094,0.0000617061
25021440102,25,25021,440102,4401.02,Polygon,1,0,0,14261498,187520,14448159.3085556794,0.0000594291
25021441202,25,25021,441202,4412.02,Polygon,1,0,0,23379232,277134,23654888.7573652826,0.0000624459
25021441203,25,25021,441203,4412.03,Polygon,1,0,0,17694648,363743,18057222.2299793065,0.0000647217
25021441204,25,25021,441204,4412.04,Polygon,1,0,0,15145481,1700378,16844754.669897031,0.000065555
25021442101,25,25021,442101,4421.01,Polygon,1,0,0,5393911,144073,5537605.0326279541,0.0000684306
25021442103,25,25021,442103,4421.03,Polygon,1,0,0,16630232,205720,16834798.4905307069,0.0000685147
25021442104,25,25021,442104,4421.04,Polygon,1,0,0,8933938,238481,9171799.3234308306,0.0000675587
25021442105,25,25021,442105,4421.05,Polygon,1,0,0,10768891,47133,10815305.6871893965,0.0000664119
25021442201,25,25021,442201,4422.01,Polygon,1,0,0,16164476,237618,16401040.4603342284,0.000064232
25021442203,25,25021,442203,4422.03,Polygon,1,0,0,7566117,126110,7691722.8461528178,0.0000655407
25021442204,25,25021,442204,4422.04,Polygon,1,0,0,3538085,9317,3547166.4184838454,0.0000664096
25021443103,25,25021,443103,4431.03,Polygon,1,0,0,10543764,161267,10704362.4095763918,0.0000624557
25021443104,25,25021,443104,4431.04,Polygon,1,0,0,12101346,484390,12584926.2572847083,0.0000643381
25021443105,25,25021,443105,4431.05,Polygon,1,0,0,10802299,351649,11153191.0972221084,0.0000678596
25021443106,25,25021,443106,4431.06,Polygon,1,0,0,14059907,425214,14484119.716224445,0.000069125
25021456101,25,25021,456101,4561.01,Polygon,1,0,0,7636215,54555,7690241.9395116288,0.0000686616
25021456102,25,25021,456102,4561.02,Polygon,1,0,0,3583519,3540,3586812.64935209,0.0000686776
25021456200,25,25021,456200,4562,Polygon,1,0,0,8871162,65501,8936037.2648721859,0.0000700189
25021456301,25,25021,456301,4563.01,Polygon,1,0,0,1223235,0,1223150.595957692,0.0000690007
25021456302,25,25021,456302,4563.02,Polygon,1,0,0,3694539,27178,3721457.1629307959,0.0000698165
25021456401,25,25021,456401,4564.01,Polygon,1,0,0,2884691,130873,3015355.2893364741,0.0000692112
25021456402,25,25021,456402,4564.02,Polygon,1,0,0,13769557,687532,14456106.4546304941,0.0000679629
25021457100,25,25021,457100,4571,Polygon,1,0,0,11114827,639905,11753913.8369762748,0.0000696029
25021457200,25,25021,457200,4572,Polygon,1,0,0,3102506,51470,3153756.751943877,0.0000695148
25021980000,25,25021,980000,9800,Polygon,1,0,0,7916916,49996,7966346.423967177,0.0000709906
25023500101,25,25023,500101,5001.01,Polygon,1,0,0,3352014,46658816,50007523.4638856053,0.0000661164
25023500103,25,25023,500103,5001.03,Polygon,1,0,0,1951849,8598835,10549953.2776740827,0.0000692583
25023500104,25,25023,500104,5001.04,Polygon,1,0,0,2134175,10368469,12501782.2303183414,0.000068927
25023501101,25,25023,501101,5011.01,Polygon,1,0,0,7884572,3687947,11571706.7670300249,0.0000701864
25023501102,25,25023,501102,5011.02,Polygon,1,0,0,11379313,2794461,14172776.0379958469,0.0000704091
25023501201,25,25023,501201,5012.01,Polygon,1,0,0,7932804,143519,8075753.0128166415,0.0000705751
25023501203,25,25023,501203,5012.03,Polygon,1,0,0,15934894,252114,16185860.8405799009,0.0000708691
25023501204,25,25023,501204,5012.04,Polygon,1,0,0,14367847,338876,14705675.3408129793,0.0000712368
25023502101,25,25023,502101,5021.01,Polygon,1,0,0,5008129,124756,5132530.2985271495,0.0000691037
25023502102,25,25023,502102,5021.02,Polygon,1,0,0,9174335,0,9173709.8779777903,0.0000681381
25023502200,25,25023,502200,5022,Polygon,1,0,0,11793096,113796,11906057.0379703511,0.0000701243
25023503101,25,25023,503101,5031.01,Polygon,1,0,0,19080724,24331,19103726.5808777586,0.0000695323
25023503102,25,25023,503102,5031.02,Polygon,1,0,0,21132425,212617,21343575.61641974,0.000068699
25023504101,25,25023,504101,5041.01,Polygon,1,0,0,25156084,432303,25586577.3674064912,0.0000707209
25023504102,25,25023,504102,5041.02,Polygon,1,0,0,29083921,371654,29453514.4225896038,0.0000699554
25023505102,25,25023,505102,5051.02,Polygon,1,0,0,16190143,68615,16257609.0485870074,0.0000706666
25023505103,25,25023,505103,5051.03,Polygon,1,0,0,7537034,18918120,26453300.8755236007,0.0000700478
25023505104,25,25023,505104,5051.04,Polygon,1,0,0,4236054,5977010,10212346.361829279,0.0000702667
25023505201,25,25023,505201,5052.01,Polygon,1,0,0,9307721,11716129,21022370.9119727872,0.0000703529
25023505202,25,25023,505202,5052.02,Polygon,1,0,0,7312037,1192211,8503644.3628560975,0.0000709807
25023506102,25,25023,506102,5061.02,Polygon,1,0,0,23274589,257431,23530388.6722705662,0.0000693237
25023506103,25,25023,506103,5061.03,Polygon,1,0,0,8976718,285757,9261840.4718803503,0.0000685052
25023506104,25,25023,506104,5061.04,Polygon,1,0,0,16586276,956353,17541404.5907142796,0.0000697962
25023506202,25,25023,506202,5062.02,Polygon,1,0,0,7512808,174058,7686352.3663791791,0.0000668196
25023506203,25,25023,506203,5062.03,Polygon,1,0,0,12215178,702835,12917151.9998198543,0.0000666511
25023506205,25,25023,506205,5062.05,Polygon,1,0,0,2206302,2235383,4441381.931941065,0.0000682327
25023506206,25,25023,506206,5062.06,Polygon,1,0,0,3426009,3499793,6925331.9309823923,0.0000678721
25023507101,25,25023,507101,5071.01,Polygon,1,0,0,24568648,493231,25060268.5413076282,0.0000642593
25023507103,25,25023,507103,5071.03,Polygon,1,0,0,10317779,4809690,15126544.3118411954,0.0000611264
25023507104,25,25023,507104,5071.04,Polygon,1,0,0,26506720,30691920,57195031.3160064444,0.0000630904
25023508101,25,25023,508101,5081.01,Polygon,1,0,0,25786306,1179152,26963649.3716617115,0.000067072
25023508102,25,25023,508102,5081.02,Polygon,1,0,0,8749183,1488973,10237494.2804882005,0.0000646327
25023508200,25,25023,508200,5082,Polygon,1,0,0,21889405,1917191,23805087.8215908073,0.0000633513
25023509101,25,25023,509101,5091.01,Polygon,1,0,0,30569185,924599,31492039.1439462155,0.0000554032
25023509102,25,25023,509102,5091.02,Polygon,1,0,0,17717693,3842347,21558762.5462222546,0.000059251
25023510100,25,25023,510100,5101,Polygon,1,0,0,3140859,0,3140642.368774856,0.000068972
25023510200,25,25023,510200,5102,Polygon,1,0,0,4882608,12944,4895218.7976140929,0.0000680623
25023510300,25,25023,510300,5103,Polygon,1,0,0,1023807,0,1023740.8668319918,0.0000645953
25023510400,25,25023,510400,5104,Polygon,1,0,0,677962,0,677917.7807907342,0.0000652237
25023510501,25,25023,510501,5105.01,Polygon,1,0,0,1519007,20846,1539747.2506652896,0.000068675
25023510503,25,25023,510503,5105.03,Polygon,1,0,0,2561884,3203,2564907.390484686,0.0000700208
25023510504,25,25023,510504,5105.04,Polygon,1,0,0,855839,0,855782.6241700479,0.000065872
25023510505,25,25023,510505,5105.05,Polygon,1,0,0,3015920,316099,3331792.7295253687,0.0000679079
25023510600,25,25023,510600,5106,Polygon,1,0,0,5303844,49230,5352722.009139711,0.0000657549
25023510700,25,25023,510700,5107,Polygon,1,0,0,2141970,0,2141830.8212495907,0.000064977
25023510800,25,25023,510800,5108,Polygon,1,0,0,1139392,0,1139317.2011989972,0.000065648
25023510900,25,25023,510900,5109,Polygon,1,0,0,740074,0,740028.6621930577,0.0000612612
25023511000,25,25023,511000,5110,Polygon,1,0,0,1465045,0,1464948.3614363098,0.0000659629
25023511100,25,25023,511100,5111,Polygon,1,0,0,3498740,8490,3506994.2133328146,0.0000672287
25023511200,25,25023,511200,5112,Polygon,1,0,0,3890848,4980,3895572.0011413265,0.000065711
25023511301,25,25023,511301,5113.01,Polygon,1,0,0,3264352,26821,3290962.2287142552,0.0000640414
25023511302,25,25023,511302,5113.02,Polygon,1,0,0,2871310,0,2871123.9896072028,0.0000647824
25023511400,25,25023,511400,5114,Polygon,1,0,0,727214,0,727166.2912572332,0.0000656048
25023511500,25,25023,511500,5115,Polygon,1,0,0,729722,0,729676.5176774575,0.0000623283
25023511601,25,25023,511601,5116.01,Polygon,1,0,0,933688,1330,934955.8333305105,0.0000664871
25023511602,25,25023,511602,5116.02,Polygon,1,0,0,3237016,21730,3258537.6319313706,0.0000639412
25023511701,25,25023,511701,5117.01,Polygon,1,0,0,3111007,5846,3116651.161804786,0.000064757
25023511702,25,25023,511702,5117.02,Polygon,1,0,0,4520151,4290,4524142.8000486819,0.0000659087
25023520100,25,25023,520100,5201,Polygon,1,0,0,8936956,169478,9105812.8410719708,0.000068211
25023520201,25,25023,520201,5202.01,Polygon,1,0,0,5548620,726,5548960.8206831487,0.0000694099
25023520202,25,25023,520202,5202.02,Polygon,1,0,0,11310387,424582,11734158.7585551161,0.000069045
25023521101,25,25023,521101,5211.01,Polygon,1,0,0,7675427,13884,7688800.5106927706,0.0000663895
25023521102,25,25023,521102,5211.02,Polygon,1,0,0,2074532,1230,2075626.0693481946,0.0000654847
25023521201,25,25023,521201,5212.01,Polygon,1,0,0,2582301,42566,2624691.5197274056,0.000066853
25023521202,25,25023,521202,5212.02,Polygon,1,0,0,5630597,1627,5631851.4014955033,0.0000661548
25023522101,25,25023,522101,5221.01,Polygon,1,0,0,10948916,939911,11888062.9978505503,0.0000642622
25023522102,25,25023,522102,5221.02,Polygon,1,0,0,27950112,911514,28859767.5737684555,0.0000643909
25023523100,25,25023,523100,5231,Polygon,1,0,0,9137500,103222,9240159.7988392599,0.0000608395
25023523201,25,25023,523201,5232.01,Polygon,1,0,0,9715598,34640,9749613.3361076582,0.0000640665
25023523203,25,25023,523203,5232.03,Polygon,1,0,0,15084205,583279,15666516.0714499466,0.0000617795
25023523204,25,25023,523204,5232.04,Polygon,1,0,0,10710977,63120,10773415.903092768,0.0000632161
25023524101,25,25023,524101,5241.01,Polygon,1,0,0,26272081,734879,27005311.955137141,0.000061023
25023524102,25,25023,524102,5241.02,Polygon,1,0,0,13419304,171742,13590212.2145841829,0.0000613481
25023525101,25,25023,525101,5251.01,Polygon,1,0,0,22383261,1717841,24099765.9726812802,0.0000554343
25023525104,25,25023,525104,5251.04,Polygon,1,0,0,16845909,188163,17033162.910790164,0.0000533689
25023525204,25,25023,525204,5252.04,Polygon,1,0,0,15399841,323085,15722045.2893288899,0.0000560144
25023526100,25,25023,526100,5261,Polygon,1,0,0,41372593,3659389,45029387.3522781804,0.0000576179
25023530100,25,25023,530100,5301,Polygon,1,0,0,10891462,335379,11226260.2084320597,0.0000517324
25023530200,25,25023,530200,5302,Polygon,1,0,0,3227075,5768041,8994606.6231424194,0.0000566282
25023530300,25,25023,530300,5303,Polygon,1,0,0,2877533,2613821,5491053.0805606265,0.0000547988
25023530400,25,25023,530400,5304,Polygon,1,0,0,15024323,2087338,17110842.8741822168,0.000047811
25023530500,25,25023,530500,5305,Polygon,1,0,0,7215422,2780950,9995854.2536514029,0.0000517934
25023530600,25,25023,530600,5306,Polygon,1,0,0,99266504,6794720,106057286.4127166867,0.0000371256
25023530700,25,25023,530700,5307,Polygon,1,0,0,29755986,48464253,78216160.5921663642,0.0000521401
25023530801,25,25023,530801,5308.01,Polygon,1,0,0,22291352,1281391,23571792.3669993728,0.0000403276
25023530802,25,25023,530802,5308.02,Polygon,1,0,0,7963458,18420057,26382389.2079584301,0.0000426703
25023530902,25,25023,530902,5309.02,Polygon,1,0,0,19164728,4113501,23277505.4098617435,0.0000310844
25023530903,25,25023,530903,5309.03,Polygon,1,0,0,14219102,2385339,16603998.1133246962,0.0000266728
25023530904,25,25023,530904,5309.04,Polygon,1,0,0,17848720,2218257,20066583.5364528671,0.0000196075
25023540101,25,25023,540101,5401.01,Polygon,1,0,0,23484703,583751,24067543.0102031268,0.00003785
25023540102,25,25023,540102,5401.02,Polygon,1,0,0,15377686,15425846,30802728.0401201732,0.0000260996
25023540103,25,25023,540103,5401.03,Polygon,1,0,0,37794066,884832,38677889.1058013514,0.0000260838
25023541100,25,25023,541100,5411,Polygon,1,0,0,86945154,6376775,93320820.2995795608,0.0000118804
25023542101,25,25023,542101,5421.01,Polygon,1,0,0,89362591,2088577,91447722.6023074985,0.0000376747
25023542102,25,25023,542102,5421.02,Polygon,1,0,0,29781215,5093874,34874021.8471186906,0.0000305993
25023542200,25,25023,542200,5422,Polygon,1,0,0,49507321,760502,50265442.4492723048,0.0000473573
25023542301,25,25023,542301,5423.01,Polygon,1,0,0,2633552,36968,2670405.7802116256,0.0000427706
25023542302,25,25023,542302,5423.02,Polygon,1,0,0,7538924,221016,7759613.2547937678,0.0000421067
25023543100,25,25023,543100,5431,Polygon,1,0,0,38023287,1099161,39120348.8940493464,0.0000536548
25023544100,25,25023,544100,5441,Polygon,1,0,0,27136150,1422755,28557593.3920505941,0.0000459264
25023544200,25,25023,544200,5442,Polygon,1,0,0,69485760,4840087,74323232.036913082,0.0000351824
25023545100,25,25023,545100,5451,Polygon,1,0,0,28310392,2555575,30865525.0271954872,0.0000143191
25023545200,25,25023,545200,5452,Polygon,1,0,0,41439414,3428997,44867609.3453604952,0.0000178668
25023545300,25,25023,545300,5453,Polygon,1,0,0,7010777,3081500,10092186.5938344412,0.000008958
25023545400,25,25023,545400,5454,Polygon,1,0,0,16019035,17995256,34014176.8803252503,0.0000033551
25023560100,25,25023,560100,5601,Polygon,1,0,0,44899221,17712366,62612684.3737620935,0.0000175267
25023561100,25,25023,561100,5611,Polygon,1,0,0,36589945,31161477,67751822.8098293841,0.0000059159
25023561400,25,25023,561400,5614,Polygon,1,0,0,8313669,343090,8656257.3863910846,0.0000579447
25023980200,25,25023,980200,9802,Polygon,1,0,0,6851832,328186,7179646.4939121883,0.0000517417
25023980300,25,25023,980300,9803,Polygon,1,0,0,759381,1294,760632.6925826403,0.0000556183
25023990003,25,25023,990003,9900.03,MultiPolygon,1,0,0,0,737394647,737353381.3351489305,0.0000559614
25025000101,25,25025,000101,1.01,Polygon,1,0,0,249924,0,249908.9852937187,0.0000600771
25025000102,25,25025,000102,1.02,Polygon,1,0,0,1067435,0,1067368.0639636335,0.0000627074
25025000201,25,25025,000201,2.01,Polygon,1,0,0,599227,0,599187.4327299433,0.0000660305
25025000202,25,25025,000202,2.02,Polygon,1,0,0,601636,0,601598.5105333651,0.0000623125
25025000301,25,25025,000301,3.01,Polygon,1,0,0,571431,0,571394.7225836882,0.0000634852
25025000302,25,25025,000302,3.02,Polygon,1,0,0,589979,46101,636038.1751009279,0.0000657541
25025000401,25,25025,000401,4.01,Polygon,1,0,0,431042,0,431014.6108710495,0.0000635417
25025000402,25,25025,000402,4.02,Polygon,1,0,0,806770,0,806716.3271415159,0.0000665281
25025000502,25,25025,000502,5.02,Polygon,1,0,0,847705,334529,1182158.1679547802,0.000064143
25025000503,25,25025,000503,5.03,Polygon,1,0,0,139947,0,139937.4795024226,0.0000680293
25025000505,25,25025,000505,5.05,Polygon,1,0,0,144386,0,144377.585656664,0.0000582767
25025000506,25,25025,000506,5.06,Polygon,1,0,0,188905,0,188894.216410024,0.0000570847
25025000601,25,25025,000601,6.01,Polygon,1,0,0,495266,0,495235.6741735972,0.0000612314
25025000603,25,25025,000603,6.03,Polygon,1,0,0,312487,0,312467.4198517657,0.0000626591
25025000604,25,25025,000604,6.04,Polygon,1,0,0,287064,0,287046.3273840193,0.0000615633
25025000701,25,25025,000701,7.01,Polygon,1,0,0,230440,0,230422.8460834662,0.0000744398
25025000703,25,25025,000703,7.03,Polygon,1,0,0,181887,0,181872.068204706,0.0000820938
25025000704,25,25025,000704,7.04,Polygon,1,0,0,239779,0,239763.3315247426,0.0000653455
25025000804,25,25025,000804,8.04,Polygon,1,0,0,607596,0,607558.6785905497,0.0000614247
25025000805,25,25025,000805,8.05,Polygon,1,0,0,369879,0,369854.1318873155,0.0000672331
25025000806,25,25025,000806,8.06,Polygon,1,0,0,1417183,0,1417093.8353414233,0.0000629168
25025000807,25,25025,000807,8.07,Polygon,1,0,0,218594,0,218578.0197156885,0.0000731049
25025010103,25,25025,010103,101.03,Polygon,1,0,0,288104,0,288087.3269605157,0.0000578716
25025010104,25,25025,010104,101.04,Polygon,1,0,0,281681,5013,286678.0112184258,0.0000557695
25025010204,25,25025,010204,102.04,Polygon,1,0,0,253410,607,253996.927058029,0.000079022
25025010205,25,25025,010205,102.05,Polygon,1,0,0,182773,0,182761.9340282028,0.0000605449
25025010206,25,25025,010206,102.06,Polygon,1,0,0,182280,1185,183453.6393323972,0.0000619228
25025010300,25,25025,010300,103,Polygon,1,0,0,507208,0,507175.1918746509,0.0000646838
25025010403,25,25025,010403,104.03,Polygon,1,0,0,88555,0,88547.3216363745,0.0000867073
25025010404,25,25025,010404,104.04,Polygon,1,0,0,136909,0,136900.6777509412,0.0000607867
25025010405,25,25025,010405,104.05,Polygon,1,0,0,364894,0,364870.66820999,0.0000639413
25025010408,25,25025,010408,104.08,Polygon,1,0,0,43381,0,43378.1681617539,0.0000652783
25025010500,25,25025,010500,105,Polygon,1,0,0,193266,6725,199979.4369873923,0.0000578177
25025010600,25,25025,010600,106,Polygon,1,0,0,339678,0,339656.3184999655,0.0000638296
25025010701,25,25025,010701,107.01,Polygon,1,0,0,202021,0,202008.0548017831,0.0000640785
25025010702,25,25025,010702,107.02,Polygon,1,0,0,300176,0,300157.2270916467,0.0000625397
25025010801,25,25025,010801,108.01,Polygon,1,0,0,132039,0,132029.3704696125,0.0000729294
25025010802,25,25025,010802,108.02,Polygon,1,0,0,156827,0,156819.4709017056,0.0000480089
25025020101,25,25025,020101,201.01,Polygon,1,0,0,219375,0,219361.5695409938,0.0000612215
25025020200,25,25025,020200,202,Polygon,1,0,0,108297,0,108289.3510261352,0.0000706296
25025020301,25,25025,020301,203.01,Polygon,1,0,0,262787,528,263298.7742643934,0.000061621
25025020302,25,25025,020302,203.02,Polygon,1,0,0,76786,0,76780.7830440919,0.0000679415
25025020304,25,25025,020304,203.04,Polygon,1,0,0,145054,0,145045.0607354871,0.0000616271
25025020305,25,25025,020305,203.05,Polygon,1,0,0,297773,71961,369710.7316472062,0.0000629327
25025030100,25,25025,030100,301,Polygon,1,0,0,77344,0,77340.2537847238,0.0000484358
25025030200,25,25025,030200,302,Polygon,1,0,0,58261,0,58256.7741699231,0.0000725327
25025030301,25,25025,030301,303.01,Polygon,1,0,0,154190,242405,396570.3700651448,0.0000621035
25025030302,25,25025,030302,303.02,Polygon,1,0,0,477388,0,477354.1614141291,0.0000708828
25025030400,25,25025,030400,304,Polygon,1,0,0,165170,0,165163.8276756877,0.0000373695
25025030500,25,25025,030500,305,Polygon,1,0,0,191230,294934,486129.9683040706,0.0000700004
25025040100,25,25025,040100,401,Polygon,1,0,0,264111,62166,326257.8790245089,0.0000586035
25025040200,25,25025,040200,402,Polygon,1,0,0,141294,0,141285.3454967132,0.0000612517
25025040300,25,25025,040300,403,Polygon,1,0,0,279606,0,279590.0057068189,0.000057203
25025040401,25,25025,040401,404.01,Polygon,1,0,0,433403,26534,459906.5875896721,0.000066123
25025040600,25,25025,040600,406,Polygon,1,0,0,1434872,413598,1848361.4911476728,0.000058702
25025040801,25,25025,040801,408.01,Polygon,1,0,0,950452,755218,1705566.6343731126,0.0000606012
25025050101,25,25025,050101,501.01,Polygon,1,0,0,299770,184516,484259.0674709866,0.0000556129
25025050200,25,25025,050200,502,Polygon,1,0,0,243271,0,243254.6846868843,0.0000670664
25025050300,25,25025,050300,503,Polygon,1,0,0,355332,364090,719374.646736054,0.0000658213
25025050400,25,25025,050400,504,Polygon,1,0,0,131776,0,131766.2839652848,0.0000737314
25025050500,25,25025,050500,505,Polygon,1,0,0,272242,0,272224.9743998552,0.0000625385
25025050600,25,25025,050600,506,Polygon,1,0,0,171854,0,171843.0017104736,0.0000639979
25025050700,25,25025,050700,507,Polygon,1,0,0,267935,0,267918.3700268229,0.0000620672
25025050901,25,25025,050901,509.01,Polygon,1,0,0,615897,194140,809987.8373830509,0.0000606918
25025051000,25,25025,051000,510,Polygon,1,0,0,1043220,210157,1253296.6030883677,0.0000641442
25025051101,25,25025,051101,511.01,Polygon,1,0,0,1159397,622953,1782242.5026616643,0.0000603121
25025051200,25,25025,051200,512,Polygon,1,0,0,429617,493577,923136.1546034731,0.0000626579
25025060101,25,25025,060101,601.01,Polygon,1,0,0,295623,0,295602.4530146159,0.000069504
25025060200,25,25025,060200,602,Polygon,1,0,0,170385,0,170374.3876211655,0.0000622847
25025060301,25,25025,060301,603.01,Polygon,1,0,0,272519,0,272502.902979103,0.0000590675
25025060400,25,25025,060400,604,Polygon,1,0,0,399279,0,399254.1932958148,0.0000621287
25025060501,25,25025,060501,605.01,Polygon,1,0,0,411742,0,411716.1506331078,0.0000627805
25025060601,25,25025,060601,606.01,Polygon,1,0,0,140332,0,140323.1261944451,0.0000632344
25025060602,25,25025,060602,606.02,Polygon,1,0,0,432113,0,432086.3715907198,0.0000616237
25025060603,25,25025,060603,606.03,Polygon,1,0,0,398230,0,398198.4483037509,0.0000792298
25025060604,25,25025,060604,606.04,Polygon,1,0,0,416318,629367,1045618.6622302632,0.0000634395
25025060700,25,25025,060700,607,Polygon,1,0,0,128227,0,128217.8140495063,0.0000716382
25025060800,25,25025,060800,608,Polygon,1,0,0,343013,0,342988.6794035111,0.0000709028
25025061000,25,25025,061000,610,Polygon,1,0,0,159578,0,159568.0997722784,0.0000620401
25025061101,25,25025,061101,611.01,Polygon,1,0,0,165282,0,165268.5708064481,0.0000812502
25025061201,25,25025,061201,612.01,Polygon,1,0,0,562013,0,561974.1940992718,0.000069048
25025061202,25,25025,061202,612.02,Polygon,1,0,0,380810,4897,385682.9960906092,0.0000622335
25025061203,25,25025,061203,612.03,Polygon,1,0,0,352712,13894,366582.5614033099,0.000063934
25025061204,25,25025,061204,612.04,Polygon,1,0,0,412236,57818,470021.4889081751,0.0000691646
25025070102,25,25025,070102,701.02,Polygon,1,0,0,138976,0,138967.7112581544,0.0000596415
25025070103,25,25025,070103,701.03,Polygon,1,0,0,107596,0,107594.7424482935,0.0000116877
25025070104,25,25025,070104,701.04,Polygon,1,0,0,761798,69922,831665.9144737782,0.0000650285
25025070201,25,25025,070201,702.01,Polygon,1,0,0,144031,0,144022.9931769003,0.000055591
25025070202,25,25025,070202,702.02,Polygon,1,0,0,178542,0,178534.3080415859,0.0000430821
25025070301,25,25025,070301,703.01,Polygon,1,0,0,143331,0,143322.5474271948,0.0000589724
25025070302,25,25025,070302,703.02,Polygon,1,0,0,193304,0,193294.0240711294,0.0000516075
25025070402,25,25025,070402,704.02,Polygon,1,0,0,247190,0,247173.4334210216,0.0000670196
25025070501,25,25025,070501,705.01,Polygon,1,0,0,122863,0,122855.2310756932,0.0000632324
25025070502,25,25025,070502,705.02,Polygon,1,0,0,174417,0,174404.2127071038,0.0000733145
25025070600,25,25025,070600,706,Polygon,1,0,0,133036,0,133028.9055282324,0.0000533275
25025070700,25,25025,070700,707,Polygon,1,0,0,162697,0,162686.7208227472,0.0000631799
25025070801,25,25025,070801,708.01,Polygon,1,0,0,61235,0,61230.6300957519,0.0000713629
25025070802,25,25025,070802,708.02,Polygon,1,0,0,129953,0,129946.2236718965,0.0000521445
25025070901,25,25025,070901,709.01,Polygon,1,0,0,57691,0,57686.3135396657,0.0000812338
25025070902,25,25025,070902,709.02,Polygon,1,0,0,110873,0,110866.9378237399,0.0000546768
25025071101,25,25025,071101,711.01,Polygon,1,0,0,359031,0,359007.50540497,0.0000654389
25025071201,25,25025,071201,712.01,Polygon,1,0,0,412278,0,412254.1479747802,0.0000578542
25025080100,25,25025,080100,801,Polygon,1,0,0,1026664,0,1026592.3604914332,0.0000697789
25025080300,25,25025,080300,803,Polygon,1,0,0,268833,0,268813.9412852809,0.0000708943
25025080401,25,25025,080401,804.01,Polygon,1,0,0,440308,0,440276.7939621431,0.0000708732
25025080500,25,25025,080500,805,Polygon,1,0,0,244076,0,244059.6338331573,0.0000670536
25025080601,25,25025,080601,806.01,Polygon,1,0,0,561665,0,561626.0134787515,0.0000694124
25025080801,25,25025,080801,808.01,Polygon,1,0,0,364890,0,364869.0209401921,0.0000574942
25025080900,25,25025,080900,809,Polygon,1,0,0,256492,0,256475.2998127286,0.00006511
25025081001,25,25025,081001,810.01,Polygon,1,0,0,559703,0,559669.061142044,0.0000606373
25025081101,25,25025,081101,811.01,Polygon,1,0,0,117783,0,117773.1840397944,0.0000833394
25025081102,25,25025,081102,811.02,Polygon,1,0,0,376868,0,376843.8042542588,0.0000642022
25025081200,25,25025,081200,812,Polygon,1,0,0,269261,0,269243.287860549,0.0000657806
25025081301,25,25025,081301,813.01,Polygon,1,0,0,235660,0,235642.8095240581,0.0000729461
25025081302,25,25025,081302,813.02,Polygon,1,0,0,344681,0,344657.3887191235,0.0000685018
25025081400,25,25025,081400,814,Polygon,1,0,0,620480,0,620441.7479041492,0.0000616492
25025081500,25,25025,081500,815,Polygon,1,0,0,336293,0,336271.6211296119,0.0000635722
25025081700,25,25025,081700,817,Polygon,1,0,0,633875,0,633833.5623743393,0.0000653719
25025081800,25,25025,081800,818,Polygon,1,0,0,373922,0,373896.4541634304,0.0000683186
25025081900,25,25025,081900,819,Polygon,1,0,0,433381,0,433354.3697128886,0.0000614477
25025082000,25,25025,082000,820,Polygon,1,0,0,392156,0,392131.9304233899,0.0000613776
25025082100,25,25025,082100,821,Polygon,1,0,0,370577,0,370551.5039263285,0.000068801
25025090100,25,25025,090100,901,Polygon,1,0,0,446964,0,446935.8325133162,0.0000630196
25025090200,25,25025,090200,902,Polygon,1,0,0,273671,0,273654.4391566454,0.0000605137
25025090300,25,25025,090300,903,Polygon,1,0,0,380394,0,380367.5421937395,0.0000695537
25025090400,25,25025,090400,904,Polygon,1,0,0,425139,0,425106.2888497347,0.0000769422
25025090600,25,25025,090600,906,Polygon,1,0,0,301665,0,301644.9409331699,0.0000664945
25025090700,25,25025,090700,907,Polygon,1,0,0,1073066,0,1072994.4955703062,0.0000666356
25025090901,25,25025,090901,909.01,Polygon,1,0,0,1173210,349461,1522566.4805600799,0.0000686422
25025091001,25,25025,091001,910.01,Polygon,1,0,0,1186269,447567,1633721.1589433141,0.0000702892
25025091100,25,25025,091100,911,Polygon,1,0,0,422042,0,422014.015846224,0.0000663066
25025091200,25,25025,091200,912,Polygon,1,0,0,323612,0,323590.0600050258,0.0000677972
25025091300,25,25025,091300,913,Polygon,1,0,0,262560,0,262543.2581569162,0.0000637639
25025091400,25,25025,091400,914,Polygon,1,0,0,325020,0,325002.5485864115,0.0000536934
25025091500,25,25025,091500,915,Polygon,1,0,0,404167,0,404138.5318216355,0.0000704367
25025091600,25,25025,091600,916,Polygon,1,0,0,313158,0,313135.0873325584,0.0000731665
25025091700,25,25025,091700,917,Polygon,1,0,0,288865,0,288845.2619603052,0.0000683296
25025091800,25,25025,091800,918,Polygon,1,0,0,432066,0,432032.6807705882,0.0000771161
25025091900,25,25025,091900,919,Polygon,1,0,0,481983,0,481949.429646207,0.0000696505
25025092000,25,25025,092000,920,Polygon,1,0,0,489739,0,489705.1046947295,0.000069211
25025092101,25,25025,092101,921.01,Polygon,1,0,0,1306107,65874,1371891.3644235998,0.000065333
25025092200,25,25025,092200,922,Polygon,1,0,0,582526,0,582484.2493067675,0.0000716718
25025092300,25,25025,092300,923,Polygon,1,0,0,342974,0,342953.2503154069,0.0000604993
25025092400,25,25025,092400,924,Polygon,1,0,0,594486,0,594448.3640779982,0.0000633083
25025100100,25,25025,100100,1001,Polygon,1,0,0,1036588,874,1037395.1075282373,0.000064477
25025100200,25,25025,100200,1002,Polygon,1,0,0,350641,0,350617.6709289108,0.0000665326
25025100300,25,25025,100300,1003,Polygon,1,0,0,491877,0,491845.3236417847,0.0000643989
25025100400,25,25025,100400,1004,Polygon,1,0,0,626250,0,626209.6332139553,0.0000644579
25025100500,25,25025,100500,1005,Polygon,1,0,0,857716,0,857658.5588823986,0.0000669699
25025100601,25,25025,100601,1006.01,Polygon,1,0,0,552586,0,552548.0045867759,0.0000687593
25025100603,25,25025,100603,1006.03,Polygon,1,0,0,872496,343682,1216094.4716782293,0.000068681
25025100700,25,25025,100700,1007,Polygon,1,0,0,1211115,146231,1357255.8176695348,0.0000664402
25025100800,25,25025,100800,1008,Polygon,1,0,0,1746759,172846,1919473.3115524086,0.0000686018
25025100900,25,25025,100900,1009,Polygon,1,0,0,953384,35935,989248.7479036819,0.0000710106
25025101001,25,25025,101001,1010.01,Polygon,1,0,0,1302132,3948,1305996.0740290617,0.0000642579
25025101002,25,25025,101002,1010.02,Polygon,1,0,0,1164930,4637,1169486.2476044521,0.0000690447
25025101101,25,25025,101101,1011.01,Polygon,1,0,0,587566,0,587528.5756015063,0.0000636939
25025101102,25,25025,101102,1011.02,Polygon,1,0,0,561192,0,561150.8177014369,0.0000733836
25025110104,25,25025,110104,1101.04,Polygon,1,0,0,301939,0,301919.5390525757,0.0000644532
25025110105,25,25025,110105,1101.05,Polygon,1,0,0,348074,0,348050.2494614566,0.0000682342
25025110106,25,25025,110106,1101.06,Polygon,1,0,0,212664,0,212651.3204572512,0.0000596224
25025110201,25,25025,110201,1102.01,Polygon,1,0,0,348208,0,348187.1159949492,0.0000599757
25025110301,25,25025,110301,1103.01,Polygon,1,0,0,817931,0,817875.7624381291,0.0000675333
25025110401,25,25025,110401,1104.01,Polygon,1,0,0,522960,0,522925.4210700197,0.0000661216
25025110403,25,25025,110403,1104.03,Polygon,1,0,0,942866,7697,950498.1844468813,0.0000681865
25025110501,25,25025,110501,1105.01,Polygon,1,0,0,647837,0,647792.6589068654,0.0000684448
25025110502,25,25025,110502,1105.02,Polygon,1,0,0,684300,0,684252.6298127412,0.0000692243
25025110601,25,25025,110601,1106.01,Polygon,1,0,0,1406478,8282,1414666.9163052447,0.0000657947
25025110607,25,25025,110607,1106.07,Polygon,1,0,0,1124028,0,1123950.5581819676,0.0000688967
25025120103,25,25025,120103,1201.03,Polygon,1,0,0,340186,0,340162.756943867,0.0000683246
25025120104,25,25025,120104,1201.04,Polygon,1,0,0,405800,0,405773.6361138425,0.0000649677
25025120105,25,25025,120105,1201.05,Polygon,1,0,0,1839766,2474,1842120.1103053051,0.0000650782
25025120201,25,25025,120201,1202.01,Polygon,1,0,0,713168,0,713117.6987988156,0.0000705321
25025120301,25,25025,120301,1203.01,Polygon,1,0,0,657613,0,657569.8886978504,0.0000655573
25025120400,25,25025,120400,1204,Polygon,1,0,0,999846,0,999779.7017685589,0.0000663084
25025120500,25,25025,120500,1205,Polygon,1,0,0,213706,0,213693.8048074934,0.0000570653
25025120600,25,25025,120600,1206,Polygon,1,0,0,257295,0,257279.2340083328,0.0000612759
25025120700,25,25025,120700,1207,Polygon,1,0,0,310598,0,310577.1972060431,0.0000669766
25025130101,25,25025,130101,1301.01,Polygon,1,0,0,2667966,2565,2670342.1582152271,0.0000707132
25025130200,25,25025,130200,1302,Polygon,1,0,0,1352656,0,1352563.7421026803,0.000068205
25025130300,25,25025,130300,1303,Polygon,1,0,0,1442464,0,1442361.8679111714,0.0000708039
25025130402,25,25025,130402,1304.02,Polygon,1,0,0,1863873,32105,1895843.2925065528,0.0000710491
25025130404,25,25025,130404,1304.04,Polygon,1,0,0,1601540,35273,1636700.6515827002,0.0000686385
25025130406,25,25025,130406,1304.06,Polygon,1,0,0,1052304,5879,1058112.2596185156,0.0000668508
25025140102,25,25025,140102,1401.02,Polygon,1,0,0,2087649,75460,2162956.5034671281,0.0000704988
25025140105,25,25025,140105,1401.05,Polygon,1,0,0,1009264,0,1009195.2011262194,0.0000681674
25025140106,25,25025,140106,1401.06,Polygon,1,0,0,278837,3116,281935.8508852821,0.0000608226
25025140107,25,25025,140107,1401.07,Polygon,1,0,0,627360,0,627315.7661335779,0.0000705079
25025140201,25,25025,140201,1402.01,Polygon,1,0,0,1322336,99765,1422000.3978638051,0.0000707419
25025140202,25,25025,140202,1402.02,Polygon,1,0,0,1538599,17120,1555613.0682039773,0.0000680919
25025140300,25,25025,140300,1403,Polygon,1,0,0,1548879,38736,1587503.3606475545,0.0000703189
25025140400,25,25025,140400,1404,Polygon,1,0,0,1874512,11680,1886061.7671454358,0.0000690454
25025160102,25,25025,160102,1601.02,Polygon,1,0,0,225365,0,225349.9638598124,0.0000667191
25025160103,25,25025,160103,1601.03,Polygon,1,0,0,477240,54279,531486.9816764027,0.0000602393
25025160200,25,25025,160200,1602,Polygon,1,0,0,222150,0,222135.3666329388,0.0000658716
25025160300,25,25025,160300,1603,Polygon,1,0,0,572063,294165,866175.9957278164,0.0000600353
25025160400,25,25025,160400,1604,Polygon,1,0,0,1299118,3508,1302548.2774441403,0.0000596661
25025160501,25,25025,160501,1605.01,Polygon,1,0,0,385601,0,385577.5808193383,0.0000607342
25025160502,25,25025,160502,1605.02,Polygon,1,0,0,1159995,284308,1444219.6997189687,0.0000576751
25025160601,25,25025,160601,1606.01,Polygon,1,0,0,673912,2395,676265.662800447,0.0000611219
25025160602,25,25025,160602,1606.02,Polygon,1,0,0,730924,0,730882.0233326976,0.0000574296
25025170101,25,25025,170101,1701.01,Polygon,1,0,0,778407,2721,781089.8589166297,0.0000488282
25025170102,25,25025,170102,1701.02,Polygon,1,0,0,684191,0,684149.9845486361,0.0000599474
25025170200,25,25025,170200,1702,Polygon,1,0,0,998542,0,998484.4574004093,0.0000576266
25025170301,25,25025,170301,1703.01,Polygon,1,0,0,1576130,7325,1583368.1131426741,0.0000548717
25025170302,25,25025,170302,1703.02,Polygon,1,0,0,2389610,531870,2921317.7904696721,0.0000555231
25025170400,25,25025,170400,1704,Polygon,1,0,0,2322679,264953,2587482.7525187642,0.0000576772
25025170502,25,25025,170502,1705.02,Polygon,1,0,0,924365,1162508,2086763.5014814932,0.0000524701
25025170503,25,25025,170503,1705.03,Polygon,1,0,0,355315,188926,544211.394638509,0.0000543975
25025170504,25,25025,170504,1705.04,Polygon,1,0,0,586072,404214,990230.5767798112,0.0000559669
25025170601,25,25025,170601,1706.01,Polygon,1,0,0,1287845,85942,1373706.6659433232,0.0000584764
25025170701,25,25025,170701,1707.01,Polygon,1,0,0,508436,153378,661775.8120690004,0.0000577019
25025170702,25,25025,170702,1707.02,Polygon,1,0,0,697331,0,697288.7064784883,0.0000606506
25025170800,25,25025,170800,1708,Polygon,1,0,0,861864,484294,1346078.1399731974,0.0000593244
25025180101,25,25025,180101,1801.01,Polygon,1,0,0,1137875,790743,1928504.010057342,0.0000591045
25025180200,25,25025,180200,1802,Polygon,1,0,0,1067654,240834,1308413.3686129928,0.0000570364
25025180301,25,25025,180301,1803.01,Polygon,1,0,0,721123,281824,1002882.0323888519,0.0000647767
25025180400,25,25025,180400,1804,Polygon,1,0,0,590337,144307,734601.3667251217,0.0000580326
25025180500,25,25025,180500,1805,Polygon,1,0,0,823354,2387274,3210432.3707447029,0.0000609318
25025980101,25,25025,980101,9801.01,MultiPolygon,1,0,0,3270316,5392370,8662115.4274226837,0.0000658655
25025980300,25,25025,980300,9803,Polygon,1,0,0,2081297,27540,2108697.8327779798,0.0000659924
25025980700,25,25025,980700,9807,Polygon,1,0,0,2888945,53061,2941798.7203434631,0.0000704552
25025980900,25,25025,980900,9809,Polygon,1,0,0,1677227,46975,1724082.9425459083,0.0000690508
25025981000,25,25025,981000,9810,Polygon,1,0,0,1134184,4752,1138856.3052709941,0.000069973
25025981100,25,25025,981100,9811,Polygon,1,0,0,2499660,19090,2518572.1707692775,0.0000706022
25025981201,25,25025,981201,9812.01,Polygon,1,0,0,799562,1327740,2127160.9515737104,0.0000663039
25025981202,25,25025,981202,9812.02,Polygon,1,0,0,1696453,850180,2546468.114808342,0.0000647464
25025981300,25,25025,981300,9813,Polygon,1,0,0,6986630,2032636,9018701.563453719,0.0000625812
25025981501,25,25025,981501,9815.01,Polygon,1,0,0,897747,1204481,2102100.208537532,0.0000607886
25025981502,25,25025,981502,9815.02,Polygon,1,0,0,1252194,27490,1279607.4967615728,0.0000597829
25025981600,25,25025,981600,9816,Polygon,1,0,0,586981,158777,745712.6676472428,0.0000607869
25025981700,25,25025,981700,9817,Polygon,1,0,0,313765,14973,328717.8120437106,0.0000614105
25025981800,25,25025,981800,9818,Polygon,1,0,0,714668,371484,1086082.5689201006,0.0000639239
25025981900,25,25025,981900,9819,Polygon,1,0,0,233864,106064,339904.0282695965,0.00007052
25025990101,25,25025,990101,9901.01,Polygon,1,0,0,0,134065900,134057566.9747949243,0.0000621562
25027700100,25,25027,700100,7001,Polygon,1,0,0,99284822,6768398,106052511.9455687255,0.0000066764
25027701101,25,25027,701101,7011.01,Polygon,1,0,0,72975825,1477366,74452751.8883231878,0.0000058978
25027701102,25,25027,701102,7011.02,Polygon,1,0,0,4310016,448335,4758353.8801421234,0.0000006053
25027702201,25,25027,702201,7022.01,Polygon,1,0,0,108239491,1835155,110074589.53024818,0.000000513
25027702202,25,25027,702202,7022.02,Polygon,1,0,0,34123719,822566,34946202.9418146834,0.0000023481
25027703100,25,25027,703100,7031,Polygon,1,0,0,10807150,280078,11086916.0077387039,0.0000281398
25027703200,25,25027,703200,7032,Polygon,1,0,0,26436841,801179,27237522.2807665542,0.000018273
25027703300,25,25027,703300,7033,Polygon,1,0,0,46405120,1681582,48085264.8759513199,0.0000298861
25027704201,25,25027,704201,7042.01,Polygon,1,0,0,62803832,1003921,63805667.42248483,0.0000326853
25027704202,25,25027,704202,7042.02,Polygon,1,0,0,140465049,36294405,176750649.5890036523,0.0000498101
25027705101,25,25027,705101,7051.01,Polygon,1,0,0,40398296,668533,41065380.9111580253,0.0000352618
25027705102,25,25027,705102,7051.02,Polygon,1,0,0,42155546,649283,42803815.9602774903,0.0000236665
25027706100,25,25027,706100,7061,Polygon,1,0,0,106347599,2404684,108747247.4344132543,0.0000463031
25027707100,25,25027,707100,7071,Polygon,1,0,0,10274596,712011,10986246.7967642266,0.0000327857
25027707200,25,25027,707200,7072,Polygon,1,0,0,878435,0,878407.7797955495,0.0000309872
25027707300,25,25027,707300,7073,Polygon,1,0,0,3342584,143804,3486284.0690247905,0.0000298105
25027707400,25,25027,707400,7074,Polygon,1,0,0,14756973,513384,15269993.0362002812,0.0000238347
25027707500,25,25027,707500,7075,Polygon,1,0,0,27897752,1085182,28982246.5520227067,0.0000237191
25027708100,25,25027,708100,7081,Polygon,1,0,0,91792470,4700491,96489750.3435652256,0.0000332735
25027709100,25,25027,709100,7091,Polygon,1,0,0,31853797,1917757,33770205.7469604537,0.0000399227
25027709201,25,25027,709201,7092.01,Polygon,1,0,0,8745892,133060,8878558.224375952,0.0000443493
25027709203,25,25027,709203,7092.03,Polygon,1,0,0,3448481,4794,3453120.4617771963,0.0000447512
25027709204,25,25027,709204,7092.04,Polygon,1,0,0,7254626,11333,7265653.5864701709,0.0000420335
25027709400,25,25027,709400,7094,Polygon,1,0,0,2892595,0,2892482.4536803309,0.0000389084
25027709501,25,25027,709501,7095.01,Polygon,1,0,0,5484839,0,5484634.5846650461,0.0000372692
25027709502,25,25027,709502,7095.02,Polygon,1,0,0,6097272,4716,6101790.7202405427,0.0000323304
25027709600,25,25027,709600,7096,Polygon,1,0,0,3054562,14240,3068691.5136082065,0.0000360031
25027709701,25,25027,709701,7097.01,Polygon,1,0,0,4528209,138136,4666184.3972985735,0.0000344172
25027709702,25,25027,709702,7097.02,Polygon,1,0,0,1290225,0,1290178.8216705194,0.0000357909
25027710100,25,25027,710100,7101,Polygon,1,0,0,5088439,0,5088289.0225984259,0.0000294741
25027710200,25,25027,710200,7102,Polygon,1,0,0,11640131,49210,11688967.682730291,0.0000319366
25027710300,25,25027,710300,7103,Polygon,1,0,0,12034624,337594,12371870.4399912097,0.000028092
25027710400,25,25027,710400,7104,Polygon,1,0,0,1536103,2554,1538607.9416498679,0.0000318839
25027710500,25,25027,710500,7105,Polygon,1,0,0,958119,0,958095.3825717713,0.0000246498
25027710601,25,25027,710601,7106.01,Polygon,1,0,0,1602036,0,1601993.930197668,0.0000262602
25027710602,25,25027,710602,7106.02,Polygon,1,0,0,1605623,10033,1615606.8107222696,0.0000304454
25027710700,25,25027,710700,7107,Polygon,1,0,0,584368,0,584354.7645679021,0.0000226491
25027710800,25,25027,710800,7108,Polygon,1,0,0,2163239,0,2163183.8600425087,0.0000254895
25027711000,25,25027,711000,7110,Polygon,1,0,0,1040904,0,1040878.9541265509,0.0000240617
25027711100,25,25027,711100,7111,Polygon,1,0,0,33810058,360572,34169992.8799650595,0.0000186453
25027712101,25,25027,712101,7121.01,Polygon,1,0,0,34147614,1736156,35883004.5460364074,0.0000213315
25027712102,25,25027,712102,7121.02,Polygon,1,0,0,34193772,1780114,35972872.5884636492,0.0000281708
25027713100,25,25027,713100,7131,Polygon,1,0,0,71143999,1336179,72476789.6862524897,0.0000467481
25027715100,25,25027,715100,7151,Polygon,1,0,0,51659942,345877,52003019.3779030293,0.0000538329
25027716101,25,25027,716101,7161.01,Polygon,1,0,0,3853444,16837,3870063.3227981529,0.0000562433
25027716102,25,25027,716102,7161.02,Polygon,1,0,0,6990028,4133044,11122421.179286303,0.0000585109
25027716200,25,25027,716200,7162,Polygon,1,0,0,2115911,14606,2130400.552637395,0.0000546569
25027716300,25,25027,716300,7163,Polygon,1,0,0,1681175,0,1681078.5367368162,0.0000573785
25027717100,25,25027,717100,7171,Polygon,1,0,0,33597231,521374,34116541.589389801,0.0000604776
25027718100,25,25027,718100,7181,Polygon,1,0,0,41588110,9568470,51153335.734224163,0.0000634183
25027719100,25,25027,719100,7191,Polygon,1,0,0,79295016,2752995,82043651.8276484162,0.0000531295
25027720100,25,25027,720100,7201,Polygon,1,0,0,91767894,1032232,92795410.0888666958,0.0000508179
25027721101,25,25027,721101,7211.01,Polygon,1,0,0,53925831,1033076,54955387.2816583365,0.0000640427
25027721103,25,25027,721103,7211.03,Polygon,1,0,0,59966595,1249491,61212504.4827564508,0.0000585061
25027721104,25,25027,721104,7211.04,Polygon,1,0,0,31007894,1697502,32703316.7935997583,0.0000635738
25027722100,25,25027,722100,7221,Polygon,1,0,0,114858654,718803,115570987.8976751268,0.000055972
25027723100,25,25027,723100,7231,Polygon,1,0,0,153750249,6254217,159994143.7934668064,0.000064512
25027724100,25,25027,724100,7241,Polygon,1,0,0,53029583,1640796,54666557.8858050182,0.0000698937
25027725100,25,25027,725100,7251,Polygon,1,0,0,55085966,1756793,56838812.395508036,0.0000694302
25027726100,25,25027,726100,7261,Polygon,1,0,0,79619818,2838595,82452661.7695105821,0.000069747
25027726200,25,25027,726200,7262,Polygon,1,0,0,5463697,161685,5624985.0407938575,0.0000705657
25027727100,25,25027,727100,7271,Polygon,1,0,0,38043661,1980546,40021521.6716685817,0.0000670926
25027728100,25,25027,728100,7281,Polygon,1,0,0,35699009,2383311,38079818.1452530921,0.000065696
25027728200,25,25027,728200,7282,Polygon,1,0,0,4167271,0,4166996.095464509,0.0000659675
25027728300,25,25027,728300,7283,Polygon,1,0,0,7614440,83480,7697426.5648955023,0.0000640998
25027728400,25,25027,728400,7284,Polygon,1,0,0,43386202,737257,44120777.6574058831,0.0000607691
25027729100,25,25027,729100,7291,Polygon,1,0,0,28305857,2359248,30663207.3612473011,0.0000618827
25027729200,25,25027,729200,7292,Polygon,1,0,0,5241993,0,5241658.8048890103,0.0000637534
25027730100,25,25027,730100,7301,Polygon,1,0,0,5625835,9057,5634510.2447015634,0.0000677485
25027730200,25,25027,730200,7302,Polygon,1,0,0,4059335,10906,4069969.4396693171,0.0000667185
25027730300,25,25027,730300,7303,Polygon,1,0,0,2005168,0,2005034.1472474909,0.0000667539
25027730401,25,25027,730401,7304.01,Polygon,1,0,0,2691315,28341,2719470.0717822686,0.0000683646
25027730402,25,25027,730402,7304.02,Polygon,1,0,0,720557,0,720509.0323239396,0.0000665703
25027730500,25,25027,730500,7305,Polygon,1,0,0,2743342,807648,3550745.1835669531,0.0000689431
25027730600,25,25027,730600,7306,Polygon,1,0,0,6292474,30242,6322280.5208493397,0.0000688753
25027730700,25,25027,730700,7307,Polygon,1,0,0,8478690,111549,8589649.5856130663,0.0000686144
25027730801,25,25027,730801,7308.01,Polygon,1,0,0,3158636,7980,3166398.2294710511,0.0000687707
25027730802,25,25027,730802,7308.02,Polygon,1,0,0,1046316,0,1046245.0998248697,0.0000677617
25027730901,25,25027,730901,7309.01,Polygon,1,0,0,1226525,0,1226438.372401661,0.0000706285
25027730902,25,25027,730902,7309.02,Polygon,1,0,0,1857423,156565,2013846.8651321372,0.0000700773
25027731001,25,25027,731001,7310.01,Polygon,1,0,0,4001037,15776,4016529.3909913907,0.0000706055
25027731002,25,25027,731002,7310.02,Polygon,1,0,0,2649913,370754,3020460.5489624636,0.0000683462
25027731101,25,25027,731101,7311.01,Polygon,1,0,0,1380727,10604,1391230.6219850988,0.0000721453
25027731102,25,25027,731102,7311.02,Polygon,1,0,0,893827,0,893764.5912923309,0.0000698219
25027731202,25,25027,731202,7312.02,Polygon,1,0,0,99199,0,99191.2976547215,0.0000776454
25027731203,25,25027,731203,7312.03,Polygon,1,0,0,751562,9011,760519.8274972627,0.0000699111
25027731204,25,25027,731204,7312.04,Polygon,1,0,0,411259,3082,414311.7156471927,0.0000706769
25027731300,25,25027,731300,7313,Polygon,1,0,0,743090,7345,750382.1501208795,0.0000704257
25027731400,25,25027,731400,7314,Polygon,1,0,0,729166,0,729117.1697605838,0.0000669672
25027731500,25,25027,731500,7315,Polygon,1,0,0,608883,0,608841.1527303137,0.0000687279
25027731601,25,25027,731601,7316.01,Polygon,1,0,0,698405,18712,717070.2719640074,0.000065161
25027731602,25,25027,731602,7316.02,Polygon,1,0,0,547111,0,547072.2688201907,0.0000707922
25027731700,25,25027,731700,7317,Polygon,1,0,0,1258338,0,1258248.2463005716,0.0000713272
25027731801,25,25027,731801,7318.01,Polygon,1,0,0,1048122,41837,1089881.7762568234,0.0000708501
25027731802,25,25027,731802,7318.02,Polygon,1,0,0,536077,0,536039.4193698064,0.000070103
25027731900,25,25027,731900,7319,Polygon,1,0,0,1089768,0,1089695.326771121,0.0000666869
25027732001,25,25027,732001,7320.01,Polygon,1,0,0,1123442,4552,1127918.9084361619,0.0000665709
25027732002,25,25027,732002,7320.02,Polygon,1,0,0,5941274,375511,6316343.7441992136,0.0000698545
25027732201,25,25027,732201,7322.01,Polygon,1,0,0,1412303,184085,1596274.617144675,0.0000710246
25027732202,25,25027,732202,7322.02,Polygon,1,0,0,1715783,10957,1726622.5502361089,0.0000680182
25027732203,25,25027,732203,7322.03,Polygon,1,0,0,1144879,0,1144804.6819389896,0.0000649135
25027732301,25,25027,732301,7323.01,Polygon,1,0,0,2833627,53698,2887116.4417182328,0.0000722324
25027732302,25,25027,732302,7323.02,Polygon,1,0,0,888683,0,888621.9873298066,0.0000686552
25027732400,25,25027,732400,7324,Polygon,1,0,0,994658,0,994586.6997974849,0.0000716831
25027732500,25,25027,732500,7325,Polygon,1,0,0,797541,0,797485.2957579027,0.000069845
25027732600,25,25027,732600,7326,Polygon,1,0,0,604369,0,604327.4746190635,0.0000687087
25027732700,25,25027,732700,7327,Polygon,1,0,0,855487,921,856344.4848112767,0.0000741646
25027732801,25,25027,732801,7328.01,Polygon,1,0,0,3485665,128114,3613520.870301255,0.0000714293
25027732802,25,25027,732802,7328.02,Polygon,1,0,0,5578493,25338,5603439.7887679469,0.0000698114
25027732901,25,25027,732901,7329.01,Polygon,1,0,0,4930718,58414,4988782.9582586838,0.0000699604
25027732902,25,25027,732902,7329.02,Polygon,1,0,0,874633,25314,899882.8465708595,0.0000712858
25027733000,25,25027,733000,7330,Polygon,1,0,0,1683885,10042,1693814.4205970396,0.0000664606
25027733101,25,25027,733101,7331.01,Polygon,1,0,0,2907930,158396,3066105.0801112433,0.0000720471
25027733102,25,25027,733102,7331.02,Polygon,1,0,0,1637203,133662,1770736.591748158,0.0000725116
25027735100,25,25027,735100,7351,Polygon,1,0,0,36394710,2131674,38523684.5791544914,0.0000700668
25027735200,25,25027,735200,7352,Polygon,1,0,0,23853341,1427515,25279085.4408061467,0.0000700356
25027736100,25,25027,736100,7361,Polygon,1,0,0,12531759,1179051,13709838.6289181635,0.0000708471
25027736200,25,25027,736200,7362,Polygon,1,0,0,6496109,439512,6935129.1970791714,0.0000709097
25027736300,25,25027,736300,7363,Polygon,1,0,0,4135344,143969,4279006.6428505853,0.0000715903
25027736400,25,25027,736400,7364,Polygon,1,0,0,4026795,17631,4044140.5384945381,0.0000705815
25027736500,25,25027,736500,7365,Polygon,1,0,0,12919608,628211,13546866.3397939987,0.0000703183
25027737100,25,25027,737100,7371,Polygon,1,0,0,25075015,1108948,26182108.6054396294,0.0000708218
25027737200,25,25027,737200,7372,Polygon,1,0,0,1477855,43671,1521421.3252558296,0.0000687959
25027737300,25,25027,737300,7373,Polygon,1,0,0,14149202,734936,14883084.6106052175,0.0000707726
25027738100,25,25027,738100,7381,Polygon,1,0,0,10277909,271501,10548662.0264077671,0.0000709019
25027738201,25,25027,738201,7382.01,Polygon,1,0,0,11338277,328511,11665964.9840590525,0.0000705435
25027738202,25,25027,738202,7382.02,Polygon,1,0,0,27317090,162980,27478116.2184987441,0.0000710981
25027739101,25,25027,739101,7391.01,Polygon,1,0,0,8063152,1726821,9789283.8022842743,0.0000703983
25027739102,25,25027,739102,7391.02,Polygon,1,0,0,11266440,33162,11298806.220841594,0.0000704254
25027739201,25,25027,739201,7392.01,Polygon,1,0,0,2135432,121039,2256314.9737181393,0.0000691461
25027739202,25,25027,739202,7392.02,Polygon,1,0,0,2636096,253525,2889417.2487163479,0.0000705114
25027739300,25,25027,739300,7393,Polygon,1,0,0,2716033,0,2715849.3849402601,0.0000676041
25027739401,25,25027,739401,7394.01,Polygon,1,0,0,6301039,15421,6316031.814200256,0.0000677889
25027739402,25,25027,739402,7394.02,Polygon,1,0,0,3763147,29381,3792272.4291058625,0.000067388
25027739500,25,25027,739500,7395,Polygon,1,0,0,16842824,445057,17286712.3147813752,0.0000676014
25027740101,25,25027,740101,7401.01,Polygon,1,0,0,24671185,124437,24793989.6118171886,0.0000658337
25027740102,25,25027,740102,7401.02,Polygon,1,0,0,18519429,541133,19059299.3964216486,0.0000662417
25027740200,25,25027,740200,7402,Polygon,1,0,0,4651984,39924,4691596.8179317862,0.0000663231
25027741101,25,25027,741101,7411.01,Polygon,1,0,0,16046558,3497435,19542671.2299667262,0.0000676305
25027741102,25,25027,741102,7411.02,Polygon,1,0,0,20238780,423047,20660433.8271047659,0.0000674274
25027742300,25,25027,742300,7423,Polygon,1,0,0,4890154,43118,4932922.2607766371,0.000070894
25027742401,25,25027,742401,7424.01,Polygon,1,0,0,13810500,218660,14028176.5131260063,0.000070103
25027742402,25,25027,742402,7424.02,Polygon,1,0,0,11186052,1101868,12287066.5784733444,0.0000694521
25027743100,25,25027,743100,7431,Polygon,1,0,0,55941902,610404,56548314.9255197868,0.0000705732
25027744102,25,25027,744102,7441.02,Polygon,1,0,0,5355328,84203,5439152.0468464168,0.0000696665
25027744103,25,25027,744103,7441.03,Polygon,1,0,0,9671140,110773,9781226.6403276976,0.0000701662
25027744104,25,25027,744104,7441.04,Polygon,1,0,0,5761650,28672,5789912.5177461458,0.0000707184
25027744201,25,25027,744201,7442.01,Polygon,1,0,0,4405652,5197,4410543.1270350674,0.0000693456
25027744202,25,25027,744202,7442.02,Polygon,1,0,0,9610203,474102,10083598.9860490076,0.0000700112
25027744300,25,25027,744300,7443,Polygon,1,0,0,1164056,962,1164935.9580078647,0.0000704212
25027744400,25,25027,744400,7444,Polygon,1,0,0,2238031,2223,2240093.4175300249,0.0000716805
25027745100,25,25027,745100,7451,Polygon,1,0,0,13403958,443734,13846741.6256058533,0.0000686305
25027746100,25,25027,746100,7461,Polygon,1,0,0,46027517,553484,46577873.7570743039,0.0000671356
25027747101,25,25027,747101,7471.01,Polygon,1,0,0,14722830,587363,15309232.2048599552,0.0000627553
25027747102,25,25027,747102,7471.02,Polygon,1,0,0,14055536,238203,14292837.6801141649,0.000063057
25027748100,25,25027,748100,7481,Polygon,1,0,0,12592203,143333,12734730.5255324598,0.0000632462
25027749100,25,25027,749100,7491,Polygon,1,0,0,67071740,1412546,68479887.1896121651,0.0000642309
25027749200,25,25027,749200,7492,Polygon,1,0,0,9560489,341548,9901367.9074798264,0.0000675712
25027750100,25,25027,750100,7501,Polygon,1,0,0,8092440,620052,8711899.9932263028,0.0000679492
25027750200,25,25027,750200,7502,Polygon,1,0,0,30524409,1283396,31805588.9164195359,0.0000696711
25027750300,25,25027,750300,7503,Polygon,1,0,0,6102671,131515,6233745.5928982124,0.0000706439
25027751101,25,25027,751101,7511.01,Polygon,1,0,0,52136806,1964604,54097677.1928365752,0.0000689965
25027751102,25,25027,751102,7511.02,Polygon,1,0,0,31816305,2218445,34032380.79626102,0.0000696113
25027752101,25,25027,752101,7521.01,Polygon,1,0,0,30289590,354791,30642392.3817333393,0.0000648934
25027752102,25,25027,752102,7521.02,Polygon,1,0,0,64105602,3413444,67514751.7370595038,0.0000636008
25027753100,25,25027,753100,7531,Polygon,1,0,0,58084889,1735630,59816366.7807416767,0.0000694113
25027753200,25,25027,753200,7532,Polygon,1,0,0,10594163,614855,11208246.5821942687,0.0000688212
25027754100,25,25027,754100,7541,Polygon,1,0,0,25634425,5089085,30721540.8230714165,0.0000640935
25027754200,25,25027,754200,7542,Polygon,1,0,0,2486278,615594,3101672.2641844777,0.000064392
25027754300,25,25027,754300,7543,Polygon,1,0,0,1052235,39252,1091414.1722727807,0.0000667234
25027754400,25,25027,754400,7544,Polygon,1,0,0,2832168,56506,2888493.1534291399,0.0000626054
25027755100,25,25027,755100,7551,Polygon,1,0,0,3075680,370008,3445471.5514969695,0.0000628172
25027755201,25,25027,755201,7552.01,Polygon,1,0,0,18351061,1192026,19541827.2466229796,0.0000644603
25027755202,25,25027,755202,7552.02,Polygon,1,0,0,32528847,1180304,33706985.3066045493,0.0000642465
25027756101,25,25027,756101,7561.01,Polygon,1,0,0,35008063,903550,35909100.764045082,0.0000699561
25027756102,25,25027,756102,7561.02,Polygon,1,0,0,74237520,3272015,77504171.0769883245,0.0000692034
25027757100,25,25027,757100,7571,Polygon,1,0,0,9902320,173275,10074915.1854208168,0.0000674714
25027757200,25,25027,757200,7572,Polygon,1,0,0,838713,26682,865341.1054762324,0.0000622774
25027757300,25,25027,757300,7573,Polygon,1,0,0,932626,20079,952643.5985270774,0.0000644496
25027757400,25,25027,757400,7574,Polygon,1,0,0,1872829,9196,1881897.8659005873,0.0000675518
25027757500,25,25027,757500,7575,Polygon,1,0,0,38870418,1383687,40251522.5666304827,0.0000641533
25027758101,25,25027,758101,7581.01,Polygon,1,0,0,39445143,1185857,40628340.1897495314,0.0000654626
25027758103,25,25027,758103,7581.03,Polygon,1,0,0,38218997,2698115,40914253.2164154202,0.0000698677
25027758104,25,25027,758104,7581.04,Polygon,1,0,0,18764640,613589,19376897.1640717648,0.0000687285
25027759100,25,25027,759100,7591,Polygon,1,0,0,25547239,1447145,26992469.9444910251,0.0000709057
25027760100,25,25027,760100,7601,Polygon,1,0,0,40214973,2736279,42948213.3814671785,0.0000707457
25027761100,25,25027,761100,7611,Polygon,1,0,0,71311785,267202,71573919.6068866849,0.0000707944
25027761200,25,25027,761200,7612,Polygon,1,0,0,23468249,865066,24331642.0848460868,0.00006875
25027761300,25,25027,761300,7613,Polygon,1,0,0,10126517,535246,10661017.6842445005,0.0000699055
25027761401,25,25027,761401,7614.01,Polygon,1,0,0,42913109,1640138,44551231.7650004104,0.0000452321
25027761402,25,25027,761402,7614.02,Polygon,1,0,0,25568172,209089,25776289.7916872427,0.0000376769
