year,stateabbr,statedesc,countyname,countyfips,locationname,datasource,category,measure,data_value_unit,data_value_type,data_value,data_value_footnote_symbol,data_value_footnote,low_confidence_limit,high_confidence_limit,totalpopulation,totalpop18plus,geolocation,locationid,categoryid,measureid,datavaluetypeid,short_question_text
2023,MA,Massachusetts,Barnstable,25001,25001010100,BRFSS,Health Outcomes,Diagnosed diabetes among adults,%,Crude prevalence,12.1,,,10.2,14.3,3664,3489,POINT (-70.2004073 42.0598291),25001010100,HLTHOUT,DIABETES,CrdPrv,Diabetes
2023,MA,Massachusetts,Barnstable,25001,25001010206,BRFSS,Health Outcomes,Diagnosed diabetes among adults,%,Crude prevalence,10.8,,,9.2,12.7,3566,3172,POINT (-70.0153685 41.9226356),25001010206,HLTHOUT,DIABETES,CrdPrv,Diabetes
2023,MA,Massachusetts,Barnstable,25001,25001010208,BRFSS,Health Outcomes,Diagnosed diabetes among adults,%,Crude prevalence,11.3,,,9.6,13.1,2454,2206,POINT (-70.0641514 42.0135566),25001010208,HLTHOUT,DIABETES,CrdPrv,Diabetes
2023,MA,Massachusetts,Barnstable,25001,25001010304,BRFSS,Health Outcomes,Diagnosed diabetes among adults,%,Crude prevalence,11.2,,,9.6,13.1,2672,2399,POINT (-69.9762027 41.825108),25001010304,HLTHOUT,DIABETES,CrdPrv,Diabetes
2023,MA,Massachusetts,Barnstable,25001,25001010306,BRFSS,Health Outcomes,Diagnosed diabetes among adults,%,Crude prevalence,12.1,,,10.2,13.9,3080,2701,POINT (-69.9826347 41.8593758),25001010306,HLTHOUT,DIABETES,CrdPrv,Diabetes
2023,MA,Massachusetts,Barnstable,25001,25001010400,BRFSS,Health Outcomes,Diagnosed diabetes among adults,%,Crude prevalence,12.0,,,10.2,13.9,3345,2975,POINT (-69.9861243 41.7541457),25001010400,HLTHOUT,DIABETES,CrdPrv,Diabetes
2023,MA,Massachusetts,Barnstable,25001,25001010500,BRFSS,Health Outcomes,Diagnosed diabetes among adults,%,Crude prevalence,10.8,,,9.0,12.8,2962,2691,POINT (-69.941451 41.7662035),25001010500,HLTHOUT,DIABETES,CrdPrv,Diabetes
2023,MA,Massachusetts,Barnstable,25001,25001010600,BRFSS,Health Outcomes,Diagnosed diabetes among adults,%,Crude prevalence,11.8,,,10.2,13.7,3134,2870,POINT (-69.9561701 41.6995108),25001010600,HLTHOUT,DIABETES,CrdPrv,Diabetes
2023,MA,Massachusetts,Barnstable,25001,25001010700,BRFSS,Health Outcomes,Diagnosed diabetes among adults,%,Crude prevalence,11.1,,,9.5,12.8,3460,3114,POINT (-69.9812765 41.6185172),25001010700,HLTHOUT,DIABETES,CrdPrv,Diabetes
2023,MA,Massachusetts,Barnstable,25001,25001010800,BRFSS,Health Outcomes,Diagnosed diabetes among adults,%,Crude prevalence,10.7,,,9.2,12.6,4919,4260,POINT (-70.1009106 41.7434889),25001010800,HLTHOUT,DIABETES,CrdPrv,Diabetes
2023,MA,Massachusetts,Barnstable,25001,25001010900,BRFSS,Health Outcomes,Diagnosed diabetes among adults,%,Crude prevalence,11.0,,,9.3,13.0,5399,4626,POINT (-70.0354744 41.7460505),25001010900,HLTHOUT,DIABETES,CrdPrv,Diabetes
2023,MA,Massachusetts,Barnstable,25001,25001011002,BRFSS,Health Outcomes,Diagnosed diabetes among adults,%,Crude prevalence,10.3,,,8.9,12.0,4604,3924,POINT (-70.1052885 41.6936245),25001011002,HLTHOUT,DIABETES,CrdPrv,Diabetes
2023,MA,Massachusetts,Barnstable,25001,25001011100,BRFSS,Health Outcomes,Diagnosed diabetes among adults,%,Crude prevalence,10.3,,,8.7,12.0,5075,4326,POINT (-70.039728 41.7115325),25001011100,HLTHOUT,DIABETES,CrdPrv,Diabetes
2023,MA,Massachusetts,Barnstable,25001,25001011200,BRFSS,Health Outcomes,Diagnosed diabetes among adults,%,Crude prevalence,10.6,,,9.1,12.2,3761,3334,POINT (-70.0549755 41.6794471),25001011200,HLTHOUT,DIABETES,CrdPrv,Diabetes
2023,MA,Massachusetts,Barnstable,25001,25001011300,BRFSS,Health Outcomes,Diagnosed diabetes among adults,%,Crude prevalence,11.1,,,9.4,13.2,2569,2336,POINT (-70.1973919 41.7302454),25001011300,HLTHOUT,DIABETES,CrdPrv,Diabetes
2023,MA,Massachusetts,Barnstable,25001,25001011400,BRFSS,Health Outcomes,Diagnosed diabetes among adults,%,Crude prevalence,11.8,,,10.0,13.6,3052,2772,POINT (-70.1527866 41.7329758),25001011400,HLTHOUT,DIABETES,CrdPrv,Diabetes
2023,MA,Massachusetts,Barnstable,25001,25001011500,BRFSS,Health Outcomes,Diagnosed diabetes among adults,%,Crude prevalence,11.3,,,9.6,13.0,4132,3545,POINT (-70.1544713 41.696955),25001011500,HLTHOUT,DIABETES,CrdPrv,Diabetes
2023,MA,Massachusetts,Barnstable,25001,25001011600,BRFSS,Health Outcomes,Diagnosed diabetes among adults,%,Crude prevalence,10.8,,,9.2,12.6,3003,2626,POINT (-70.1363983 41.6637873),25001011600,HLTHOUT,DIABETES,CrdPrv,Diabetes
2023,MA,Massachusetts,Barnstable,25001,25001011700,BRFSS,Health Outcomes,Diagnosed diabetes among adults,%,Crude prevalence,11.4,,,9.7,13.3,1918,1775,POINT (-70.168084 41.6639738),25001011700,HLTHOUT,DIABETES,CrdPrv,Diabetes
2023,MA,Massachusetts,Barnstable,25001,25001011801,BRFSS,Health Outcomes,Diagnosed diabetes among adults,%,Crude prevalence,11.2,,,9.3,13.5,2443,2284,POINT (-70.237039 41.7147036),25001011801,HLTHOUT,DIABETES,CrdPrv,Diabetes
2023,MA,Massachusetts,Barnstable,25001,25001011802,BRFSS,Health Outcomes,Diagnosed diabetes among adults,%,Crude prevalence,10.1,,,8.6,11.7,4460,3770,POINT (-70.2128176 41.6945287),25001011802,HLTHOUT,DIABETES,CrdPrv,Diabetes
2023,MA,Massachusetts,Barnstable,25001,25001012001,BRFSS,Health Outcomes,Diagnosed diabetes among adults,%,Crude prevalence,11.1,,,9.4,13.1,5978,5202,POINT (-70.1930295 41.682367),25001012001,HLTHOUT,DIABETES,CrdPrv,Diabetes
2023,MA,Massachusetts,Barnstable,25001,25001012002,BRFSS,Health Outcomes,Diagnosed diabetes among adults,%,Crude prevalence,11.9,,,10.1,13.8,3265,2755,POINT (-70.2047476 41.6543614),25001012002,HLTHOUT,DIABETES,CrdPrv,Diabetes
2023,MA,Massachusetts,Barnstable,25001,25001012101,BRFSS,Health Outcomes,Diagnosed diabetes among adults,%,Crude prevalence,10.1,,,8.7,11.7,5608,4566,POINT (-70.2359515 41.6676372),25001012101,HLTHOUT,DIABETES,CrdPrv,Diabetes
2023,MA,Massachusetts,Barnstable,25001,25001012102,BRFSS,Health Outcomes,Diagnosed diabetes among adults,%,Crude prevalence,11.4,,,9.6,13.3,3269,2868,POINT (-70.2518265 41.6289275),25001012102,HLTHOUT,DIABETES,CrdPrv,Diabetes
2023,MA,Massachusetts,Barnstable,25001,25001012200,BRFSS,Health Outcomes,Diagnosed diabetes among adults,%,Crude prevalence,9.2,,,7.9,10.8,5055,4299,POINT (-70.3170066 41.7027836),25001012200,HLTHOUT,DIABETES,CrdPrv,Diabetes
2023,MA,Massachusetts,Barnstable,25001,25001012502,BRFSS,Health Outcomes,Diagnosed diabetes among adults,%,Crude prevalence,11.4,,,9.8,13.2,3709,3043,POINT (-70.2929762 41.6392454),25001012502,HLTHOUT,DIABETES,CrdPrv,Diabetes
2023,MA,Massachusetts,Barnstable,25001,25001012601,BRFSS,Health Outcomes,Diagnosed diabetes among adults,%,Crude prevalence,11.6,,,10.0,13.3,3298,2657,POINT (-70.3180404 41.6624989),25001012601,HLTHOUT,DIABETES,CrdPrv,Diabetes
2023,MA,Massachusetts,Barnstable,25001,25001012602,BRFSS,Health Outcomes,Diagnosed diabetes among adults,%,Crude prevalence,11.1,,,9.6,12.6,5668,4564,POINT (-70.2993941 41.6561004),25001012602,HLTHOUT,DIABETES,CrdPrv,Diabetes
2023,MA,Massachusetts,Barnstable,25001,25001012700,BRFSS,Health Outcomes,Diagnosed diabetes among adults,%,Crude prevalence,9.8,,,8.3,11.5,4642,4059,POINT (-70.342159 41.6439568),25001012700,HLTHOUT,DIABETES,CrdPrv,Diabetes
2023,MA,Massachusetts,Barnstable,25001,25001012800,BRFSS,Health Outcomes,Diagnosed diabetes among adults,%,Crude prevalence,10.2,,,8.7,12.1,4120,3464,POINT (-70.3495154 41.6697854),25001012800,HLTHOUT,DIABETES,CrdPrv,Diabetes
2023,MA,Massachusetts,Barnstable,25001,25001012900,BRFSS,Health Outcomes,Diagnosed diabetes among adults,%,Crude prevalence,9.8,,,8.3,11.4,4373,3568,POINT (-70.3680853 41.6665236),25001012900,HLTHOUT,DIABETES,CrdPrv,Diabetes
2023,MA,Massachusetts,Barnstable,25001,25001013002,BRFSS,Health Outcomes,Diagnosed diabetes among adults,%,Crude prevalence,10.0,,,8.4,11.9,2988,2662,POINT (-70.3920127 41.6279841),25001013002,HLTHOUT,DIABETES,CrdPrv,Diabetes
2023,MA,Massachusetts,Barnstable,25001,25001013100,BRFSS,Health Outcomes,Diagnosed diabetes among adults,%,Crude prevalence,9.7,,,8.1,11.3,5969,4982,POINT (-70.4223405 41.680438),25001013100,HLTHOUT,DIABETES,CrdPrv,Diabetes
2023,MA,Massachusetts,Barnstable,25001,25001013200,BRFSS,Health Outcomes,Diagnosed diabetes among adults,%,Crude prevalence,10.6,,,9.1,12.4,5137,4396,POINT (-70.4353237 41.6316917),25001013200,HLTHOUT,DIABETES,CrdPrv,Diabetes
2023,MA,Massachusetts,Barnstable,25001,25001013300,BRFSS,Health Outcomes,Diagnosed diabetes among adults,%,Crude prevalence,10.3,,,8.7,12.1,3275,2913,POINT (-70.5007474 41.7633827),25001013300,HLTHOUT,DIABETES,CrdPrv,Diabetes
2023,MA,Massachusetts,Barnstable,25001,25001013400,BRFSS,Health Outcomes,Diagnosed diabetes among adults,%,Crude prevalence,10.3,,,8.7,12.1,3893,3240,POINT (-70.4343487 41.742102),25001013400,HLTHOUT,DIABETES,CrdPrv,Diabetes
2023,MA,Massachusetts,Barnstable,25001,25001013500,BRFSS,Health Outcomes,Diagnosed diabetes among adults,%,Crude prevalence,8.5,,,7.3,9.9,6884,5527,POINT (-70.4495131 41.6967999),25001013500,HLTHOUT,DIABETES,CrdPrv,Diabetes
2023,MA,Massachusetts,Barnstable,25001,25001013600,BRFSS,Health Outcomes,Diagnosed diabetes among adults,%,Crude prevalence,9.0,,,7.7,10.4,6203,4848,POINT (-70.4902898 41.7037578),25001013600,HLTHOUT,DIABETES,CrdPrv,Diabetes
2023,MA,Massachusetts,Barnstable,25001,25001013700,BRFSS,Health Outcomes,Diagnosed diabetes among adults,%,Crude prevalence,7.9,,,6.7,9.2,5435,4791,POINT (-70.5943904 41.764263),25001013700,HLTHOUT,DIABETES,CrdPrv,Diabetes
2023,MA,Massachusetts,Barnstable,25001,25001013800,BRFSS,Health Outcomes,Diagnosed diabetes among adults,%,Crude prevalence,8.9,,,7.6,10.3,5054,4182,POINT (-70.5395453 41.7836351),25001013800,HLTHOUT,DIABETES,CrdPrv,Diabetes
2023,MA,Massachusetts,Barnstable,25001,25001013900,BRFSS,Health Outcomes,Diagnosed diabetes among adults,%,Crude prevalence,11.3,,,9.7,13.0,4890,4270,POINT (-70.6050598 41.727041),25001013900,HLTHOUT,DIABETES,CrdPrv,Diabetes
2023,MA,Massachusetts,Barnstable,25001,25001014002,BRFSS,Health Outcomes,Diagnosed diabetes among adults,%,Crude prevalence,10.6,,,9.0,12.3,4284,3708,POINT (-70.6160401 41.6823007),25001014002,HLTHOUT,DIABETES,CrdPrv,Diabetes
2023,MA,Massachusetts,Barnstable,25001,25001014100,BRFSS,Health Outcomes,Diagnosed diabetes among adults,%,Crude prevalence,4.4,,,3.8,5.2,797,584,POINT (-70.5455195 41.7078392),25001014100,HLTHOUT,DIABETES,CrdPrv,Diabetes
2023,MA,Massachusetts,Barnstable,25001,25001014300,BRFSS,Health Outcomes,Diagnosed diabetes among adults,%,Crude prevalence,9.5,,,8.1,11.1,4593,3981,POINT (-70.631528 41.6274594),25001014300,HLTHOUT,DIABETES,CrdPrv,Diabetes
2023,MA,Massachusetts,Barnstable,25001,25001014402,BRFSS,Health Outcomes,Diagnosed diabetes among adults,%,Crude prevalence,9.7,,,8.3,11.4,7201,5949,POINT (-70.6107028 41.6075543),25001014402,HLTHOUT,DIABETES,CrdPrv,Diabetes
2023,MA,Massachusetts,Barnstable,25001,25001014500,BRFSS,Health Outcomes,Diagnosed diabetes among adults,%,Crude prevalence,10.0,,,8.6,11.7,5481,4568,POINT (-70.5327315 41.5887538),25001014500,HLTHOUT,DIABETES,CrdPrv,Diabetes
2023,MA,Massachusetts,Barnstable,25001,25001014600,BRFSS,Health Outcomes,Diagnosed diabetes among adults,%,Crude prevalence,10.4,,,8.9,12.0,4378,3712,POINT (-70.557593 41.5777644),25001014600,HLTHOUT,DIABETES,CrdPrv,Diabetes
2023,MA,Massachusetts,Barnstable,25001,25001014700,BRFSS,Health Outcomes,Diagnosed diabetes among adults,%,Crude prevalence,12.1,,,10.4,13.9,3646,3173,POINT (-70.573749 41.5622625),25001014700,HLTHOUT,DIABETES,CrdPrv,Diabetes
2023,MA,Massachusetts,Barnstable,25001,25001014800,BRFSS,Health Outcomes,Diagnosed diabetes among adults,%,Crude prevalence,14.8,,,12.6,17.4,3591,3249,POINT (-70.6057531 41.5551393),25001014800,HLTHOUT,DIABETES,CrdPrv,Diabetes
2023,MA,Massachusetts,Barnstable,25001,25001014900,BRFSS,Health Outcomes,Diagnosed diabetes among adults,%,Crude prevalence,9.9,,,8.4,11.6,3627,3319,POINT (-70.6379995 41.5458091),25001014900,HLTHOUT,DIABETES,CrdPrv,Diabetes
2023,MA,Massachusetts,Barnstable,25001,25001015001,BRFSS,Health Outcomes,Diagnosed diabetes among adults,%,Crude prevalence,9.6,,,8.2,11.2,4449,3601,POINT (-70.4748257 41.6563467),25001015001,HLTHOUT,DIABETES,CrdPrv,Diabetes
2023,MA,Massachusetts,Barnstable,25001,25001015002,BRFSS,Health Outcomes,Diagnosed diabetes among adults,%,Crude prevalence,11.6,,,9.8,13.5,4147,3605,POINT (-70.5110013 41.6361365),25001015002,HLTHOUT,DIABETES,CrdPrv,Diabetes
2023,MA,Massachusetts,Barnstable,25001,25001015100,BRFSS,Health Outcomes,Diagnosed diabetes among adults,%,Crude prevalence,10.9,,,9.2,12.6,4193,3608,POINT (-70.4866035 41.6104971),25001015100,HLTHOUT,DIABETES,CrdPrv,Diabetes
2023,MA,Massachusetts,Barnstable,25001,25001015200,BRFSS,Health Outcomes,Diagnosed diabetes among adults,%,Crude prevalence,10.2,,,8.8,11.8,2267,2040,POINT (-70.4888458 41.5710571),25001015200,HLTHOUT,DIABETES,CrdPrv,Diabetes
2023,MA,Massachusetts,Barnstable,25001,25001015300,BRFSS,Health Outcomes,Diagnosed diabetes among adults,%,Crude prevalence,12.6,,,10.9,14.6,3957,3136,POINT (-70.2817969 41.6700497),25001015300,HLTHOUT,DIABETES,CrdPrv,Diabetes
2023,MA,Massachusetts,Berkshire,25003,25003900100,BRFSS,Health Outcomes,Diagnosed diabetes among adults,%,Crude prevalence,14.3,,,12.3,16.2,3406,2797,POINT (-73.2529007 42.4517005),25003900100,HLTHOUT,DIABETES,CrdPrv,Diabetes
2023,MA,Massachusetts,Berkshire,25003,25003900200,BRFSS,Health Outcomes,Diagnosed diabetes among adults,%,Crude prevalence,11.6,,,10.0,13.4,4260,3251,POINT (-73.2413519 42.4557477),25003900200,HLTHOUT,DIABETES,CrdPrv,Diabetes
2023,MA,Massachusetts,Berkshire,25003,25003900300,BRFSS,Health Outcomes,Diagnosed diabetes among adults,%,Crude prevalence,9.1,,,7.9,10.6,2848,2258,POINT (-73.241982 42.4680494),25003900300,HLTHOUT,DIABETES,CrdPrv,Diabetes
2023,MA,Massachusetts,Berkshire,25003,25003900400,BRFSS,Health Outcomes,Diagnosed diabetes among adults,%,Crude prevalence,10.5,,,9.0,12.4,4742,3813,POINT (-73.2549776 42.4791481),25003900400,HLTHOUT,DIABETES,CrdPrv,Diabetes
2023,MA,Massachusetts,Berkshire,25003,25003900500,BRFSS,Health Outcomes,Diagnosed diabetes among adults,%,Crude prevalence,11.5,,,9.7,13.5,3266,2772,POINT (-73.303666 42.4607536),25003900500,HLTHOUT,DIABETES,CrdPrv,Diabetes
2023,MA,Massachusetts,Berkshire,25003,25003900600,BRFSS,Health Outcomes,Diagnosed diabetes among adults,%,Crude prevalence,13.4,,,11.6,15.3,4190,3146,POINT (-73.262306 42.4565288),25003900600,HLTHOUT,DIABETES,CrdPrv,Diabetes
2023,MA,Massachusetts,Berkshire,25003,25003900700,BRFSS,Health Outcomes,Diagnosed diabetes among adults,%,Crude prevalence,9.9,,,8.4,11.8,2820,2300,POINT (-73.2936239 42.4346711),25003900700,HLTHOUT,DIABETES,CrdPrv,Diabetes
2023,MA,Massachusetts,Berkshire,25003,25003900800,BRFSS,Health Outcomes,Diagnosed diabetes among adults,%,Crude prevalence,9.4,,,7.8,11.3,4781,3923,POINT (-73.2554102 42.4184299),25003900800,HLTHOUT,DIABETES,CrdPrv,Diabetes
2023,MA,Massachusetts,Berkshire,25003,25003900900,BRFSS,Health Outcomes,Diagnosed diabetes among adults,%,Crude prevalence,10.7,,,9.0,12.6,5131,4134,POINT (-73.2591484 42.4381558),25003900900,HLTHOUT,DIABETES,CrdPrv,Diabetes
2023,MA,Massachusetts,Berkshire,25003,25003901100,BRFSS,Health Outcomes,Diagnosed diabetes among adults,%,Crude prevalence,11.8,,,9.9,13.6,3533,3051,POINT (-73.208318 42.4771527),25003901100,HLTHOUT,DIABETES,CrdPrv,Diabetes
2023,MA,Massachusetts,Berkshire,25003,25003911100,BRFSS,Health Outcomes,Diagnosed diabetes among adults,%,Crude prevalence,10.2,,,8.7,11.9,3038,2479,POINT (-73.2410907 42.5358751),25003911100,HLTHOUT,DIABETES,CrdPrv,Diabetes
2023,MA,Massachusetts,Berkshire,25003,25003912100,BRFSS,Health Outcomes,Diagnosed diabetes among adults,%,Crude prevalence,10.2,,,8.6,12.1,6330,5102,POINT (-73.153776 42.4798193),25003912100,HLTHOUT,DIABETES,CrdPrv,Diabetes
2023,MA,Massachusetts,Berkshire,25003,25003913100,BRFSS,Health Outcomes,Diagnosed diabetes among adults,%,Crude prevalence,11.3,,,9.7,13.1,5095,4354,POINT (-73.2697633 42.3678582),25003913100,HLTHOUT,DIABETES,CrdPrv,Diabetes
2023,MA,Massachusetts,Berkshire,25003,25003914100,BRFSS,Health Outcomes,Diagnosed diabetes among adults,%,Crude prevalence,10.4,,,8.9,12.0,5788,4903,POINT (-73.2339236 42.3031741),25003914100,HLTHOUT,DIABETES,CrdPrv,Diabetes
2023,MA,Massachusetts,Berkshire,25003,25003920101,BRFSS,Health Outcomes,Diagnosed diabetes among adults,%,Crude prevalence,7.4,,,6.3,8.6,4501,3826,POINT (-73.2135 42.7235381),25003920101,HLTHOUT,DIABETES,CrdPrv,Diabetes
2023,MA,Massachusetts,Berkshire,25003,25003920102,BRFSS,Health Outcomes,Diagnosed diabetes among adults,%,Crude prevalence,8.8,,,7.5,10.1,3012,2687,POINT (-73.2203731 42.6561192),25003920102,HLTHOUT,DIABETES,CrdPrv,Diabetes
2023,MA,Massachusetts,Berkshire,25003,25003921300,BRFSS,Health Outcomes,Diagnosed diabetes among adults,%,Crude prevalence,10.8,,,9.3,12.6,4836,4110,POINT (-73.0842998 42.6985261),25003921300,HLTHOUT,DIABETES,CrdPrv,Diabetes
2023,MA,Massachusetts,Berkshire,25003,25003921400,BRFSS,Health Outcomes,Diagnosed diabetes among adults,%,Crude prevalence,11.9,,,10.1,14.0,1462,1238,POINT (-73.118114 42.6755651),25003921400,HLTHOUT,DIABETES,CrdPrv,Diabetes
2023,MA,Massachusetts,Berkshire,25003,25003921500,BRFSS,Health Outcomes,Diagnosed diabetes among adults,%,Crude prevalence,12.0,,,10.3,13.9,2935,2339,POINT (-73.1493635 42.6905098),25003921500,HLTHOUT,DIABETES,CrdPrv,Diabetes
2023,MA,Massachusetts,Berkshire,25003,25003922100,BRFSS,Health Outcomes,Diagnosed diabetes among adults,%,Crude prevalence,11.7,,,10.0,13.6,2629,2100,POINT (-73.1242948 42.6201974),25003922100,HLTHOUT,DIABETES,CrdPrv,Diabetes
2023,MA,Massachusetts,Berkshire,25003,25003922200,BRFSS,Health Outcomes,Diagnosed diabetes among adults,%,Crude prevalence,10.8,,,9.2,12.4,3515,2896,POINT (-73.1108525 42.6356761),25003922200,HLTHOUT,DIABETES,CrdPrv,Diabetes
2023,MA,Massachusetts,Berkshire,25003,25003922300,BRFSS,Health Outcomes,Diagnosed diabetes among adults,%,Crude prevalence,11.7,,,10.0,13.8,2022,1644,POINT (-73.1362498 42.6092397),25003922300,HLTHOUT,DIABETES,CrdPrv,Diabetes
2023,MA,Massachusetts,Berkshire,25003,25003923100,BRFSS,Health Outcomes,Diagnosed diabetes among adults,%,Crude prevalence,10.9,,,9.4,12.6,3258,2685,POINT (-73.1491424 42.5651072),25003923100,HLTHOUT,DIABETES,CrdPrv,Diabetes
2023,MA,Massachusetts,Berkshire,25003,25003924100,BRFSS,Health Outcomes,Diagnosed diabetes among adults,%,Crude prevalence,12.1,,,10.2,14.2,2018,1802,POINT (-73.3230236 42.3019692),25003924100,HLTHOUT,DIABETES,CrdPrv,Diabetes
2023,MA,Massachusetts,Berkshire,25003,25003925101,BRFSS,Health Outcomes,Diagnosed diabetes among adults,%,Crude prevalence,9.4,,,8.0,10.9,1674,1333,POINT (-73.359916 42.2519149),25003925101,HLTHOUT,DIABETES,CrdPrv,Diabetes
2023,MA,Massachusetts,Berkshire,25003,25003925102,BRFSS,Health Outcomes,Diagnosed diabetes among adults,%,Crude prevalence,10.5,,,8.9,12.2,5498,4543,POINT (-73.3331753 42.2216958),25003925102,HLTHOUT,DIABETES,CrdPrv,Diabetes
2023,MA,Massachusetts,Berkshire,25003,25003926100,BRFSS,Health Outcomes,Diagnosed diabetes among adults,%,Crude prevalence,10.4,,,8.8,12.1,3327,2796,POINT (-73.3598875 42.1036505),25003926100,HLTHOUT,DIABETES,CrdPrv,Diabetes
2023,MA,Massachusetts,Berkshire,25003,25003931100,BRFSS,Health Outcomes,Diagnosed diabetes among adults,%,Crude prevalence,10.4,,,8.7,12.2,1657,1346,POINT (-73.1058185 42.7227205),25003931100,HLTHOUT,DIABETES,CrdPrv,Diabetes
2023,MA,Massachusetts,Berkshire,25003,25003931300,BRFSS,Health Outcomes,Diagnosed diabetes among adults,%,Crude prevalence,11.7,,,10.0,13.5,1339,1157,POINT (-73.0153648 42.6277273),25003931300,HLTHOUT,DIABETES,CrdPrv,Diabetes
2023,MA,Massachusetts,Berkshire,25003,25003931400,BRFSS,Health Outcomes,Diagnosed diabetes among adults,%,Crude prevalence,9.9,,,8.5,11.6,1645,1411,POINT (-73.0443842 42.4773765),25003931400,HLTHOUT,DIABETES,CrdPrv,Diabetes
2023,MA,Massachusetts,Berkshire,25003,25003932200,BRFSS,Health Outcomes,Diagnosed diabetes among adults,%,Crude prevalence,11.1,,,9.3,13.0,2425,2042,POINT (-73.1108227 42.3249728),25003932200,HLTHOUT,DIABETES,CrdPrv,Diabetes
2023,MA,Massachusetts,Berkshire,25003,25003932300,BRFSS,Health Outcomes,Diagnosed diabetes among adults,%,Crude prevalence,11.8,,,10.0,13.9,1919,1625,POINT (-73.1128124 42.4358274),25003932300,HLTHOUT,DIABETES,CrdPrv,Diabetes
2023,MA,Massachusetts,Berkshire,25003,25003933200,BRFSS,Health Outcomes,Diagnosed diabetes among adults,%,Crude prevalence,10.7,,,9.2,12.4,1522,1325,POINT (-73.2132361 42.2125817),25003933200,HLTHOUT,DIABETES,CrdPrv,Diabetes
2023,MA,Massachusetts,Berkshire,25003,25003933300,BRFSS,Health Outcomes,Diagnosed diabetes among adults,%,Crude prevalence,11.2,,,9.6,12.9,1528,1289,POINT (-73.2458658 42.0983596),25003933300,HLTHOUT,DIABETES,CrdPrv,Diabetes
2023,MA,Massachusetts,Berkshire,25003,25003933400,BRFSS,Health Outcomes,Diagnosed diabetes among adults,%,Crude prevalence,11.3,,,9.7,13.0,2623,2270,POINT (-73.1132071 42.1510917),25003933400,HLTHOUT,DIABETES,CrdPrv,Diabetes
2023,MA,Massachusetts,Berkshire,25003,25003934200,BRFSS,Health Outcomes,Diagnosed diabetes among adults,%,Crude prevalence,9.8,,,8.3,11.4,1343,1137,POINT (-73.3880437 42.3123539),25003934200,HLTHOUT,DIABETES,CrdPrv,Diabetes
2023,MA,Massachusetts,Berkshire,25003,25003934300,BRFSS,Health Outcomes,Diagnosed diabetes among adults,%,Crude prevalence,10.7,,,9.0,12.7,2018,1747,POINT (-73.4492624 42.1554346),25003934300,HLTHOUT,DIABETES,CrdPrv,Diabetes
2023,MA,Massachusetts,Berkshire,25003,25003935100,BRFSS,Health Outcomes,Diagnosed diabetes among adults,%,Crude prevalence,11.4,,,9.8,13.1,2414,2085,POINT (-73.3159811 42.5040963),25003935100,HLTHOUT,DIABETES,CrdPrv,Diabetes
2023,MA,Massachusetts,Berkshire,25003,25003935200,BRFSS,Health Outcomes,Diagnosed diabetes among adults,%,Crude prevalence,10.3,,,8.7,12.1,4950,4005,POINT (-73.2056309 42.4487388),25003935200,HLTHOUT,DIABETES,CrdPrv,Diabetes
2023,MA,Massachusetts,Berkshire,25003,25003935300,BRFSS,Health Outcomes,Diagnosed diabetes among adults,%,Crude prevalence,12.4,,,10.5,14.4,3728,3047,POINT (-73.1184867 42.7053172),25003935300,HLTHOUT,DIABETES,CrdPrv,Diabetes
2023,MA,Massachusetts,Bristol,25005,25005600100,BRFSS,Health Outcomes,Diagnosed diabetes among adults,%,Crude prevalence,9.8,,,8.4,11.4,4030,3231,POINT (-71.1034137 42.0565564),25005600100,HLTHOUT,DIABETES,CrdPrv,Diabetes
2023,MA,Massachusetts,Bristol,25005,25005600202,BRFSS,Health Outcomes,Diagnosed diabetes among adults,%,Crude prevalence,9.4,,,8.0,10.9,4814,3925,POINT (-71.0713808 42.0205643),25005600202,HLTHOUT,DIABETES,CrdPrv,Diabetes
2023,MA,Massachusetts,Bristol,25005,25005600203,BRFSS,Health Outcomes,Diagnosed diabetes among adults,%,Crude prevalence,9.8,,,8.4,11.2,6386,4985,POINT (-71.1364 42.0409008),25005600203,HLTHOUT,DIABETES,CrdPrv,Diabetes
2023,MA,Massachusetts,Bristol,25005,25005600204,BRFSS,Health Outcomes,Diagnosed diabetes among adults,%,Crude prevalence,8.5,,,7.3,9.8,4095,3203,POINT (-71.1350836 42.0090839),25005600204,HLTHOUT,DIABETES,CrdPrv,Diabetes
2023,MA,Massachusetts,Bristol,25005,25005610100,BRFSS,Health Outcomes,Diagnosed diabetes among adults,%,Crude prevalence,8.0,,,6.8,9.3,5359,4353,POINT (-71.2225718 42.034967),25005610100,HLTHOUT,DIABETES,CrdPrv,Diabetes
2023,MA,Massachusetts,Bristol,25005,25005610202,BRFSS,Health Outcomes,Diagnosed diabetes among adults,%,Crude prevalence,8.0,,,6.9,9.3,5660,4272,POINT (-71.2487197 42.0043385),25005610202,HLTHOUT,DIABETES,CrdPrv,Diabetes
2023,MA,Massachusetts,Bristol,25005,25005610203,BRFSS,Health Outcomes,Diagnosed diabetes among adults,%,Crude prevalence,7.9,,,6.8,9.2,6818,5337,POINT (-71.1922446 42.0141287),25005610203,HLTHOUT,DIABETES,CrdPrv,Diabetes
2023,MA,Massachusetts,Bristol,25005,25005610204,BRFSS,Health Outcomes,Diagnosed diabetes among adults,%,Crude prevalence,8.3,,,7.1,9.7,6023,4623,POINT (-71.1857677 42.0418655),25005610204,HLTHOUT,DIABETES,CrdPrv,Diabetes
2023,MA,Massachusetts,Bristol,25005,25005611101,BRFSS,Health Outcomes,Diagnosed diabetes among adults,%,Crude prevalence,8.8,,,7.4,10.2,5112,4040,POINT (-71.1471841 41.9873849),25005611101,HLTHOUT,DIABETES,CrdPrv,Diabetes
2023,MA,Massachusetts,Bristol,25005,25005611102,BRFSS,Health Outcomes,Diagnosed diabetes among adults,%,Crude prevalence,6.6,,,5.7,7.6,4977,4360,POINT (-71.1786674 41.9560057),25005611102,HLTHOUT,DIABETES,CrdPrv,Diabetes
2023,MA,Massachusetts,Bristol,25005,25005611201,BRFSS,Health Outcomes,Diagnosed diabetes among adults,%,Crude prevalence,9.3,,,7.9,10.7,2989,2364,POINT (-71.2037397 41.93274),25005611201,HLTHOUT,DIABETES,CrdPrv,Diabetes
2023,MA,Massachusetts,Bristol,25005,25005611202,BRFSS,Health Outcomes,Diagnosed diabetes among adults,%,Crude prevalence,8.7,,,7.3,10.2,6124,5061,POINT (-71.2223917 41.9776172),25005611202,HLTHOUT,DIABETES,CrdPrv,Diabetes
2023,MA,Massachusetts,Bristol,25005,25005612100,BRFSS,Health Outcomes,Diagnosed diabetes among adults,%,Crude prevalence,10.2,,,8.8,11.6,4716,3788,POINT (-71.0565147 41.9516559),25005612100,HLTHOUT,DIABETES,CrdPrv,Diabetes
2023,MA,Massachusetts,Bristol,25005,25005612201,BRFSS,Health Outcomes,Diagnosed diabetes among adults,%,Crude prevalence,10.3,,,8.9,11.8,3886,2981,POINT (-71.0421156 41.9404657),25005612201,HLTHOUT,DIABETES,CrdPrv,Diabetes
2023,MA,Massachusetts,Bristol,25005,25005612202,BRFSS,Health Outcomes,Diagnosed diabetes among adults,%,Crude prevalence,9.8,,,8.4,11.2,6540,5124,POINT (-71.0246769 41.9114347),25005612202,HLTHOUT,DIABETES,CrdPrv,Diabetes
2023,MA,Massachusetts,Bristol,25005,25005613100,BRFSS,Health Outcomes,Diagnosed diabetes among adults,%,Crude prevalence,11.2,,,9.7,12.9,6712,5604,POINT (-71.123153 41.9533015),25005613100,HLTHOUT,DIABETES,CrdPrv,Diabetes
2023,MA,Massachusetts,Bristol,25005,25005613300,BRFSS,Health Outcomes,Diagnosed diabetes among adults,%,Crude prevalence,9.6,,,8.3,11.0,7555,6149,POINT (-71.1606183 41.9146686),25005613300,HLTHOUT,DIABETES,CrdPrv,Diabetes
2023,MA,Massachusetts,Bristol,25005,25005613400,BRFSS,Health Outcomes,Diagnosed diabetes among adults,%,Crude prevalence,10.7,,,9.2,12.3,3873,3031,POINT (-71.1455815 41.8878646),25005613400,HLTHOUT,DIABETES,CrdPrv,Diabetes
2023,MA,Massachusetts,Bristol,25005,25005613600,BRFSS,Health Outcomes,Diagnosed diabetes among adults,%,Crude prevalence,12.6,,,10.9,14.3,4178,3256,POINT (-71.0956318 41.9106665),25005613600,HLTHOUT,DIABETES,CrdPrv,Diabetes
2023,MA,Massachusetts,Bristol,25005,25005613700,BRFSS,Health Outcomes,Diagnosed diabetes among adults,%,Crude prevalence,11.0,,,9.5,12.5,4566,3771,POINT (-71.0812345 41.9085896),25005613700,HLTHOUT,DIABETES,CrdPrv,Diabetes
2023,MA,Massachusetts,Bristol,25005,25005613800,BRFSS,Health Outcomes,Diagnosed diabetes among adults,%,Crude prevalence,12.4,,,10.9,14.1,4893,3883,POINT (-71.0958741 41.9023771),25005613800,HLTHOUT,DIABETES,CrdPrv,Diabetes
2023,MA,Massachusetts,Bristol,25005,25005613901,BRFSS,Health Outcomes,Diagnosed diabetes among adults,%,Crude prevalence,11.4,,,9.9,13.0,2925,2296,POINT (-71.1111528 41.8975952),25005613901,HLTHOUT,DIABETES,CrdPrv,Diabetes
2023,MA,Massachusetts,Bristol,25005,25005613902,BRFSS,Health Outcomes,Diagnosed diabetes among adults,%,Crude prevalence,11.5,,,9.9,13.2,5763,4528,POINT (-71.1136635 41.8727942),25005613902,HLTHOUT,DIABETES,CrdPrv,Diabetes
2023,MA,Massachusetts,Bristol,25005,25005614000,BRFSS,Health Outcomes,Diagnosed diabetes among adults,%,Crude prevalence,13.9,,,12.3,15.7,4612,3414,POINT (-71.0937386 41.8930097),25005614000,HLTHOUT,DIABETES,CrdPrv,Diabetes
2023,MA,Massachusetts,Bristol,25005,25005614101,BRFSS,Health Outcomes,Diagnosed diabetes among adults,%,Crude prevalence,10.4,,,9.0,11.9,7093,5554,POINT (-71.068305 41.8859557),25005614101,HLTHOUT,DIABETES,CrdPrv,Diabetes
2023,MA,Massachusetts,Bristol,25005,25005614102,BRFSS,Health Outcomes,Diagnosed diabetes among adults,%,Crude prevalence,10.1,,,8.6,11.6,7238,5768,POINT (-71.0116902 41.8624856),25005614102,HLTHOUT,DIABETES,CrdPrv,Diabetes
2023,MA,Massachusetts,Bristol,25005,25005615100,BRFSS,Health Outcomes,Diagnosed diabetes among adults,%,Crude prevalence,8.5,,,7.3,9.7,8101,6242,POINT (-71.152087 41.829273),25005615100,HLTHOUT,DIABETES,CrdPrv,Diabetes
2023,MA,Massachusetts,Bristol,25005,25005616100,BRFSS,Health Outcomes,Diagnosed diabetes among adults,%,Crude prevalence,8.3,,,7.1,9.7,6764,5266,POINT (-71.0776152 41.8380611),25005616100,HLTHOUT,DIABETES,CrdPrv,Diabetes
2023,MA,Massachusetts,Bristol,25005,25005617101,BRFSS,Health Outcomes,Diagnosed diabetes among adults,%,Crude prevalence,8.8,,,7.5,10.2,4910,3849,POINT (-71.04939 41.7803958),25005617101,HLTHOUT,DIABETES,CrdPrv,Diabetes
2023,MA,Massachusetts,Bristol,25005,25005617102,BRFSS,Health Outcomes,Diagnosed diabetes among adults,%,Crude prevalence,9.3,,,7.9,10.8,4296,3450,POINT (-70.9645589 41.750928),25005617102,HLTHOUT,DIABETES,CrdPrv,Diabetes
2023,MA,Massachusetts,Bristol,25005,25005630101,BRFSS,Health Outcomes,Diagnosed diabetes among adults,%,Crude prevalence,8.7,,,7.5,10.0,3256,2643,POINT (-71.3337865 41.9898092),25005630101,HLTHOUT,DIABETES,CrdPrv,Diabetes
2023,MA,Massachusetts,Bristol,25005,25005630102,BRFSS,Health Outcomes,Diagnosed diabetes among adults,%,Crude prevalence,8.8,,,7.6,10.2,4666,3848,POINT (-71.3215358 41.9777874),25005630102,HLTHOUT,DIABETES,CrdPrv,Diabetes
2023,MA,Massachusetts,Bristol,25005,25005630201,BRFSS,Health Outcomes,Diagnosed diabetes among adults,%,Crude prevalence,9.6,,,8.2,11.2,3048,2441,POINT (-71.2876043 41.9958417),25005630201,HLTHOUT,DIABETES,CrdPrv,Diabetes
2023,MA,Massachusetts,Bristol,25005,25005630202,BRFSS,Health Outcomes,Diagnosed diabetes among adults,%,Crude prevalence,7.8,,,6.7,9.1,5336,3982,POINT (-71.3072505 41.9880079),25005630202,HLTHOUT,DIABETES,CrdPrv,Diabetes
2023,MA,Massachusetts,Bristol,25005,25005630301,BRFSS,Health Outcomes,Diagnosed diabetes among adults,%,Crude prevalence,8.5,,,7.2,10.0,6292,4778,POINT (-71.3632515 41.9568171),25005630301,HLTHOUT,DIABETES,CrdPrv,Diabetes
2023,MA,Massachusetts,Bristol,25005,25005630302,BRFSS,Health Outcomes,Diagnosed diabetes among adults,%,Crude prevalence,7.7,,,6.5,8.9,2866,2248,POINT (-71.3424191 41.9766395),25005630302,HLTHOUT,DIABETES,CrdPrv,Diabetes
2023,MA,Massachusetts,Bristol,25005,25005630400,BRFSS,Health Outcomes,Diagnosed diabetes among adults,%,Crude prevalence,9.0,,,7.7,10.4,5370,4279,POINT (-71.3313444 41.9578635),25005630400,HLTHOUT,DIABETES,CrdPrv,Diabetes
2023,MA,Massachusetts,Bristol,25005,25005631101,BRFSS,Health Outcomes,Diagnosed diabetes among adults,%,Crude prevalence,11.8,,,10.2,13.5,3146,2622,POINT (-71.3559648 41.9076594),25005631101,HLTHOUT,DIABETES,CrdPrv,Diabetes
2023,MA,Massachusetts,Bristol,25005,25005631102,BRFSS,Health Outcomes,Diagnosed diabetes among adults,%,Crude prevalence,10.0,,,8.5,11.5,5399,4301,POINT (-71.3672838 41.9141857),25005631102,HLTHOUT,DIABETES,CrdPrv,Diabetes
2023,MA,Massachusetts,Bristol,25005,25005631200,BRFSS,Health Outcomes,Diagnosed diabetes among adults,%,Crude prevalence,10.1,,,8.7,11.7,7552,5937,POINT (-71.3340568 41.9218593),25005631200,HLTHOUT,DIABETES,CrdPrv,Diabetes
2023,MA,Massachusetts,Bristol,25005,25005631300,BRFSS,Health Outcomes,Diagnosed diabetes among adults,%,Crude prevalence,9.1,,,7.8,10.5,5557,4420,POINT (-71.2873273 41.9704688),25005631300,HLTHOUT,DIABETES,CrdPrv,Diabetes
2023,MA,Massachusetts,Bristol,25005,25005631400,BRFSS,Health Outcomes,Diagnosed diabetes among adults,%,Crude prevalence,12.0,,,10.5,13.7,2889,2293,POINT (-71.2830483 41.9439753),25005631400,HLTHOUT,DIABETES,CrdPrv,Diabetes
2023,MA,Massachusetts,Bristol,25005,25005631500,BRFSS,Health Outcomes,Diagnosed diabetes among adults,%,Crude prevalence,10.7,,,9.3,12.2,2888,2382,POINT (-71.3000211 41.9304456),25005631500,HLTHOUT,DIABETES,CrdPrv,Diabetes
2023,MA,Massachusetts,Bristol,25005,25005631600,BRFSS,Health Outcomes,Diagnosed diabetes among adults,%,Crude prevalence,12.8,,,11.3,14.5,4044,3136,POINT (-71.2806485 41.9363126),25005631600,HLTHOUT,DIABETES,CrdPrv,Diabetes
2023,MA,Massachusetts,Bristol,25005,25005631700,BRFSS,Health Outcomes,Diagnosed diabetes among adults,%,Crude prevalence,8.9,,,7.5,10.2,6972,5508,POINT (-71.2431103 41.9359845),25005631700,HLTHOUT,DIABETES,CrdPrv,Diabetes
2023,MA,Massachusetts,Bristol,25005,25005631800,BRFSS,Health Outcomes,Diagnosed diabetes among adults,%,Crude prevalence,10.8,,,9.3,12.4,8014,6509,POINT (-71.2904816 41.915556),25005631800,HLTHOUT,DIABETES,CrdPrv,Diabetes
2023,MA,Massachusetts,Bristol,25005,25005632100,BRFSS,Health Outcomes,Diagnosed diabetes among adults,%,Crude prevalence,9.3,,,7.9,10.6,6854,5494,POINT (-71.3200774 41.8678153),25005632100,HLTHOUT,DIABETES,CrdPrv,Diabetes
2023,MA,Massachusetts,Bristol,25005,25005632200,BRFSS,Health Outcomes,Diagnosed diabetes among adults,%,Crude prevalence,9.3,,,7.9,10.8,8677,6885,POINT (-71.3100048 41.809874),25005632200,HLTHOUT,DIABETES,CrdPrv,Diabetes
2023,MA,Massachusetts,Bristol,25005,25005633100,BRFSS,Health Outcomes,Diagnosed diabetes among adults,%,Crude prevalence,9.7,,,8.3,11.4,5880,4658,POINT (-71.2518791 41.8708043),25005633100,HLTHOUT,DIABETES,CrdPrv,Diabetes
2023,MA,Massachusetts,Bristol,25005,25005633200,BRFSS,Health Outcomes,Diagnosed diabetes among adults,%,Crude prevalence,9.3,,,7.8,10.9,6622,5311,POINT (-71.240948 41.8154153),25005633200,HLTHOUT,DIABETES,CrdPrv,Diabetes
2023,MA,Massachusetts,Bristol,25005,25005640100,BRFSS,Health Outcomes,Diagnosed diabetes among adults,%,Crude prevalence,11.4,,,9.8,13.0,5888,4486,POINT (-71.1666686 41.6693128),25005640100,HLTHOUT,DIABETES,CrdPrv,Diabetes
2023,MA,Massachusetts,Bristol,25005,25005640201,BRFSS,Health Outcomes,Diagnosed diabetes among adults,%,Crude prevalence,14.7,,,12.9,16.5,2631,2057,POINT (-71.166102 41.6871981),25005640201,HLTHOUT,DIABETES,CrdPrv,Diabetes
2023,MA,Massachusetts,Bristol,25005,25005640202,BRFSS,Health Outcomes,Diagnosed diabetes among adults,%,Crude prevalence,15.8,,,13.9,17.9,3844,3092,POINT (-71.1710796 41.6842773),25005640202,HLTHOUT,DIABETES,CrdPrv,Diabetes
2023,MA,Massachusetts,Bristol,25005,25005640300,BRFSS,Health Outcomes,Diagnosed diabetes among adults,%,Crude prevalence,12.2,,,10.7,14.0,4050,3010,POINT (-71.1902108 41.6795615),25005640300,HLTHOUT,DIABETES,CrdPrv,Diabetes
2023,MA,Massachusetts,Bristol,25005,25005640400,BRFSS,Health Outcomes,Diagnosed diabetes among adults,%,Crude prevalence,12.8,,,11.1,14.6,2889,2306,POINT (-71.1830032 41.6869772),25005640400,HLTHOUT,DIABETES,CrdPrv,Diabetes
2023,MA,Massachusetts,Bristol,25005,25005640500,BRFSS,Health Outcomes,Diagnosed diabetes among adults,%,Crude prevalence,12.3,,,10.8,13.9,5454,4328,POINT (-71.1735838 41.6938306),25005640500,HLTHOUT,DIABETES,CrdPrv,Diabetes
2023,MA,Massachusetts,Bristol,25005,25005640600,BRFSS,Health Outcomes,Diagnosed diabetes among adults,%,Crude prevalence,12.6,,,11.0,14.2,4891,3771,POINT (-71.1536822 41.6879151),25005640600,HLTHOUT,DIABETES,CrdPrv,Diabetes
2023,MA,Massachusetts,Bristol,25005,25005640700,BRFSS,Health Outcomes,Diagnosed diabetes among adults,%,Crude prevalence,11.7,,,10.1,13.4,2914,2390,POINT (-71.1511534 41.6787936),25005640700,HLTHOUT,DIABETES,CrdPrv,Diabetes
2023,MA,Massachusetts,Bristol,25005,25005640800,BRFSS,Health Outcomes,Diagnosed diabetes among adults,%,Crude prevalence,10.1,,,8.8,11.6,3840,2979,POINT (-71.1408008 41.6739021),25005640800,HLTHOUT,DIABETES,CrdPrv,Diabetes
2023,MA,Massachusetts,Bristol,25005,25005640901,BRFSS,Health Outcomes,Diagnosed diabetes among adults,%,Crude prevalence,10.9,,,9.5,12.4,5472,4119,POINT (-71.1661474 41.6948175),25005640901,HLTHOUT,DIABETES,CrdPrv,Diabetes
2023,MA,Massachusetts,Bristol,25005,25005641000,BRFSS,Health Outcomes,Diagnosed diabetes among adults,%,Crude prevalence,16.4,,,14.5,18.4,2407,1918,POINT (-71.1661382 41.7030913),25005641000,HLTHOUT,DIABETES,CrdPrv,Diabetes
2023,MA,Massachusetts,Bristol,25005,25005641101,BRFSS,Health Outcomes,Diagnosed diabetes among adults,%,Crude prevalence,20.6,,,18.2,23.2,1903,1527,POINT (-71.1558551 41.6997374),25005641101,HLTHOUT,DIABETES,CrdPrv,Diabetes
2023,MA,Massachusetts,Bristol,25005,25005641200,BRFSS,Health Outcomes,Diagnosed diabetes among adults,%,Crude prevalence,14.5,,,12.7,16.3,2978,2296,POINT (-71.1430029 41.6947299),25005641200,HLTHOUT,DIABETES,CrdPrv,Diabetes
2023,MA,Massachusetts,Bristol,25005,25005641300,BRFSS,Health Outcomes,Diagnosed diabetes among adults,%,Crude prevalence,13.8,,,12.2,15.5,5544,4090,POINT (-71.1361908 41.6969066),25005641300,HLTHOUT,DIABETES,CrdPrv,Diabetes
2023,MA,Massachusetts,Bristol,25005,25005641400,BRFSS,Health Outcomes,Diagnosed diabetes among adults,%,Crude prevalence,14.6,,,12.8,16.5,3331,2548,POINT (-71.135423 41.6869774),25005641400,HLTHOUT,DIABETES,CrdPrv,Diabetes
2023,MA,Massachusetts,Bristol,25005,25005641500,BRFSS,Health Outcomes,Diagnosed diabetes among adults,%,Crude prevalence,12.8,,,11.2,14.5,2463,1961,POINT (-71.1281485 41.6868127),25005641500,HLTHOUT,DIABETES,CrdPrv,Diabetes
2023,MA,Massachusetts,Bristol,25005,25005641600,BRFSS,Health Outcomes,Diagnosed diabetes among adults,%,Crude prevalence,11.5,,,9.9,13.2,2336,1892,POINT (-71.1227078 41.6890348),25005641600,HLTHOUT,DIABETES,CrdPrv,Diabetes
2023,MA,Massachusetts,Bristol,25005,25005641700,BRFSS,Health Outcomes,Diagnosed diabetes among adults,%,Crude prevalence,12.1,,,10.6,13.7,5230,4298,POINT (-71.1280791 41.7067223),25005641700,HLTHOUT,DIABETES,CrdPrv,Diabetes
2023,MA,Massachusetts,Bristol,25005,25005641800,BRFSS,Health Outcomes,Diagnosed diabetes among adults,%,Crude prevalence,10.1,,,8.7,11.7,2072,1674,POINT (-71.1489973 41.7102748),25005641800,HLTHOUT,DIABETES,CrdPrv,Diabetes
2023,MA,Massachusetts,Bristol,25005,25005641900,BRFSS,Health Outcomes,Diagnosed diabetes among adults,%,Crude prevalence,11.7,,,10.2,13.3,2431,1987,POINT (-71.1530828 41.7052478),25005641900,HLTHOUT,DIABETES,CrdPrv,Diabetes
2023,MA,Massachusetts,Bristol,25005,25005642000,BRFSS,Health Outcomes,Diagnosed diabetes among adults,%,Crude prevalence,12.9,,,11.4,14.5,3484,2712,POINT (-71.1587647 41.7093508),25005642000,HLTHOUT,DIABETES,CrdPrv,Diabetes
2023,MA,Massachusetts,Bristol,25005,25005642100,BRFSS,Health Outcomes,Diagnosed diabetes among adults,%,Crude prevalence,11.3,,,9.6,12.9,4351,3631,POINT (-71.1250089 41.7556521),25005642100,HLTHOUT,DIABETES,CrdPrv,Diabetes
2023,MA,Massachusetts,Bristol,25005,25005642200,BRFSS,Health Outcomes,Diagnosed diabetes among adults,%,Crude prevalence,13.0,,,11.3,14.9,3858,3060,POINT (-71.1367731 41.7284501),25005642200,HLTHOUT,DIABETES,CrdPrv,Diabetes
2023,MA,Massachusetts,Bristol,25005,25005642300,BRFSS,Health Outcomes,Diagnosed diabetes among adults,%,Crude prevalence,10.4,,,8.8,12.1,2117,1791,POINT (-71.1374816 41.7199825),25005642300,HLTHOUT,DIABETES,CrdPrv,Diabetes
2023,MA,Massachusetts,Bristol,25005,25005642400,BRFSS,Health Outcomes,Diagnosed diabetes among adults,%,Crude prevalence,10.4,,,9.0,12.1,2878,2454,POINT (-71.1344405 41.7138346),25005642400,HLTHOUT,DIABETES,CrdPrv,Diabetes
2023,MA,Massachusetts,Bristol,25005,25005642500,BRFSS,Health Outcomes,Diagnosed diabetes among adults,%,Crude prevalence,10.0,,,8.7,11.6,4744,4014,POINT (-71.0706159 41.7258761),25005642500,HLTHOUT,DIABETES,CrdPrv,Diabetes
2023,MA,Massachusetts,Bristol,25005,25005644101,BRFSS,Health Outcomes,Diagnosed diabetes among adults,%,Crude prevalence,9.6,,,8.1,11.2,5999,4865,POINT (-71.1446688 41.7566903),25005644101,HLTHOUT,DIABETES,CrdPrv,Diabetes
2023,MA,Massachusetts,Bristol,25005,25005644102,BRFSS,Health Outcomes,Diagnosed diabetes among adults,%,Crude prevalence,9.9,,,8.4,11.5,5032,4025,POINT (-71.1450801 41.7806505),25005644102,HLTHOUT,DIABETES,CrdPrv,Diabetes
2023,MA,Massachusetts,Bristol,25005,25005644200,BRFSS,Health Outcomes,Diagnosed diabetes among adults,%,Crude prevalence,9.8,,,8.4,11.1,7272,5952,POINT (-71.17945 41.7199755),25005644200,HLTHOUT,DIABETES,CrdPrv,Diabetes
2023,MA,Massachusetts,Bristol,25005,25005645101,BRFSS,Health Outcomes,Diagnosed diabetes among adults,%,Crude prevalence,9.6,,,8.3,11.0,5124,4234,POINT (-71.2119191 41.7119442),25005645101,HLTHOUT,DIABETES,CrdPrv,Diabetes
2023,MA,Massachusetts,Bristol,25005,25005645102,BRFSS,Health Outcomes,Diagnosed diabetes among adults,%,Crude prevalence,9.0,,,7.6,10.3,6057,4803,POINT (-71.1806853 41.7628245),25005645102,HLTHOUT,DIABETES,CrdPrv,Diabetes
2023,MA,Massachusetts,Bristol,25005,25005645103,BRFSS,Health Outcomes,Diagnosed diabetes among adults,%,Crude prevalence,9.8,,,8.3,11.4,5963,4945,POINT (-71.2416296 41.7582787),25005645103,HLTHOUT,DIABETES,CrdPrv,Diabetes
2023,MA,Massachusetts,Bristol,25005,25005646101,BRFSS,Health Outcomes,Diagnosed diabetes among adults,%,Crude prevalence,10.4,,,9.1,11.8,7837,6456,POINT (-71.0942304 41.6562971),25005646101,HLTHOUT,DIABETES,CrdPrv,Diabetes
2023,MA,Massachusetts,Bristol,25005,25005646103,BRFSS,Health Outcomes,Diagnosed diabetes among adults,%,Crude prevalence,10.5,,,9.0,12.3,5829,4870,POINT (-71.0916313 41.6025859),25005646103,HLTHOUT,DIABETES,CrdPrv,Diabetes
2023,MA,Massachusetts,Bristol,25005,25005646104,BRFSS,Health Outcomes,Diagnosed diabetes among adults,%,Crude prevalence,11.4,,,9.7,13.3,2673,2397,POINT (-71.0736484 41.5441765),25005646104,HLTHOUT,DIABETES,CrdPrv,Diabetes
2023,MA,Massachusetts,Bristol,25005,25005650101,BRFSS,Health Outcomes,Diagnosed diabetes among adults,%,Crude prevalence,11.9,,,10.2,13.8,5539,4633,POINT (-70.9394362 41.7175011),25005650101,HLTHOUT,DIABETES,CrdPrv,Diabetes
2023,MA,Massachusetts,Bristol,25005,25005650102,BRFSS,Health Outcomes,Diagnosed diabetes among adults,%,Crude prevalence,13.2,,,11.6,15.1,5120,3945,POINT (-70.9499708 41.7144498),25005650102,HLTHOUT,DIABETES,CrdPrv,Diabetes
2023,MA,Massachusetts,Bristol,25005,25005650201,BRFSS,Health Outcomes,Diagnosed diabetes among adults,%,Crude prevalence,10.2,,,8.7,11.7,3169,2577,POINT (-70.9574646 41.6905133),25005650201,HLTHOUT,DIABETES,CrdPrv,Diabetes
2023,MA,Massachusetts,Bristol,25005,25005650202,BRFSS,Health Outcomes,Diagnosed diabetes among adults,%,Crude prevalence,11.8,,,10.2,13.4,2187,1759,POINT (-70.9355116 41.6740018),25005650202,HLTHOUT,DIABETES,CrdPrv,Diabetes
2023,MA,Massachusetts,Bristol,25005,25005650300,BRFSS,Health Outcomes,Diagnosed diabetes among adults,%,Crude prevalence,10.5,,,9.2,12.1,3461,2846,POINT (-70.9228076 41.6810434),25005650300,HLTHOUT,DIABETES,CrdPrv,Diabetes
2023,MA,Massachusetts,Bristol,25005,25005650400,BRFSS,Health Outcomes,Diagnosed diabetes among adults,%,Crude prevalence,12.1,,,10.6,13.6,4281,3248,POINT (-70.9229142 41.6695702),25005650400,HLTHOUT,DIABETES,CrdPrv,Diabetes
2023,MA,Massachusetts,Bristol,25005,25005650500,BRFSS,Health Outcomes,Diagnosed diabetes among adults,%,Crude prevalence,10.5,,,9.1,11.9,3405,2586,POINT (-70.9334549 41.6691679),25005650500,HLTHOUT,DIABETES,CrdPrv,Diabetes
2023,MA,Massachusetts,Bristol,25005,25005650600,BRFSS,Health Outcomes,Diagnosed diabetes among adults,%,Crude prevalence,13.0,,,11.4,14.7,3173,2389,POINT (-70.9249808 41.6641112),25005650600,HLTHOUT,DIABETES,CrdPrv,Diabetes
2023,MA,Massachusetts,Bristol,25005,25005650700,BRFSS,Health Outcomes,Diagnosed diabetes among adults,%,Crude prevalence,13.4,,,11.9,15.2,3034,2193,POINT (-70.9223281 41.6596185),25005650700,HLTHOUT,DIABETES,CrdPrv,Diabetes
2023,MA,Massachusetts,Bristol,25005,25005650800,BRFSS,Health Outcomes,Diagnosed diabetes among adults,%,Crude prevalence,15.2,,,13.5,17.0,3811,2860,POINT (-70.9334321 41.6601446),25005650800,HLTHOUT,DIABETES,CrdPrv,Diabetes
2023,MA,Massachusetts,Bristol,25005,25005650900,BRFSS,Health Outcomes,Diagnosed diabetes among adults,%,Crude prevalence,16.9,,,15.0,18.9,3140,2186,POINT (-70.9413219 41.6581443),25005650900,HLTHOUT,DIABETES,CrdPrv,Diabetes
2023,MA,Massachusetts,Bristol,25005,25005651001,BRFSS,Health Outcomes,Diagnosed diabetes among adults,%,Crude prevalence,12.7,,,11.1,14.4,3024,2555,POINT (-70.9575134 41.6543926),25005651001,HLTHOUT,DIABETES,CrdPrv,Diabetes
2023,MA,Massachusetts,Bristol,25005,25005651002,BRFSS,Health Outcomes,Diagnosed diabetes among adults,%,Crude prevalence,12.8,,,11.3,14.7,3866,2993,POINT (-70.9524972 41.6413178),25005651002,HLTHOUT,DIABETES,CrdPrv,Diabetes
2023,MA,Massachusetts,Bristol,25005,25005651100,BRFSS,Health Outcomes,Diagnosed diabetes among adults,%,Crude prevalence,14.4,,,12.8,16.3,4522,3313,POINT (-70.9351699 41.6506256),25005651100,HLTHOUT,DIABETES,CrdPrv,Diabetes
2023,MA,Massachusetts,Bristol,25005,25005651200,BRFSS,Health Outcomes,Diagnosed diabetes among adults,%,Crude prevalence,12.5,,,10.9,14.0,2459,1880,POINT (-70.9241376 41.6539869),25005651200,HLTHOUT,DIABETES,CrdPrv,Diabetes
2023,MA,Massachusetts,Bristol,25005,25005651300,BRFSS,Health Outcomes,Diagnosed diabetes among adults,%,Crude prevalence,16.3,,,14.5,18.5,2186,1831,POINT (-70.9228693 41.6448487),25005651300,HLTHOUT,DIABETES,CrdPrv,Diabetes
2023,MA,Massachusetts,Bristol,25005,25005651400,BRFSS,Health Outcomes,Diagnosed diabetes among adults,%,Crude prevalence,15.4,,,13.6,17.4,3367,2657,POINT (-70.9338519 41.6435664),25005651400,HLTHOUT,DIABETES,CrdPrv,Diabetes
2023,MA,Massachusetts,Bristol,25005,25005651500,BRFSS,Health Outcomes,Diagnosed diabetes among adults,%,Crude prevalence,11.7,,,10.2,13.1,3280,2383,POINT (-70.9419702 41.6408755),25005651500,HLTHOUT,DIABETES,CrdPrv,Diabetes
2023,MA,Massachusetts,Bristol,25005,25005651600,BRFSS,Health Outcomes,Diagnosed diabetes among adults,%,Crude prevalence,13.2,,,11.6,14.8,3936,3149,POINT (-70.9428823 41.6339613),25005651600,HLTHOUT,DIABETES,CrdPrv,Diabetes
2023,MA,Massachusetts,Bristol,25005,25005651700,BRFSS,Health Outcomes,Diagnosed diabetes among adults,%,Crude prevalence,16.8,,,14.9,18.7,2201,1763,POINT (-70.9338316 41.6349577),25005651700,HLTHOUT,DIABETES,CrdPrv,Diabetes
2023,MA,Massachusetts,Bristol,25005,25005651800,BRFSS,Health Outcomes,Diagnosed diabetes among adults,%,Crude prevalence,22.0,,,19.5,24.5,2065,1843,POINT (-70.9202763 41.635091),25005651800,HLTHOUT,DIABETES,CrdPrv,Diabetes
2023,MA,Massachusetts,Bristol,25005,25005651900,BRFSS,Health Outcomes,Diagnosed diabetes among adults,%,Crude prevalence,17.6,,,15.6,19.7,2167,1613,POINT (-70.9161108 41.6219893),25005651900,HLTHOUT,DIABETES,CrdPrv,Diabetes
2023,MA,Massachusetts,Bristol,25005,25005652000,BRFSS,Health Outcomes,Diagnosed diabetes among adults,%,Crude prevalence,13.0,,,11.3,14.6,2868,2272,POINT (-70.9278159 41.6266977),25005652000,HLTHOUT,DIABETES,CrdPrv,Diabetes
2023,MA,Massachusetts,Bristol,25005,25005652100,BRFSS,Health Outcomes,Diagnosed diabetes among adults,%,Crude prevalence,10.4,,,9.0,11.9,2764,2247,POINT (-70.933949 41.6276711),25005652100,HLTHOUT,DIABETES,CrdPrv,Diabetes
2023,MA,Massachusetts,Bristol,25005,25005652200,BRFSS,Health Outcomes,Diagnosed diabetes among adults,%,Crude prevalence,11.8,,,10.2,13.5,2917,2394,POINT (-70.9450643 41.6259686),25005652200,HLTHOUT,DIABETES,CrdPrv,Diabetes
2023,MA,Massachusetts,Bristol,25005,25005652300,BRFSS,Health Outcomes,Diagnosed diabetes among adults,%,Crude prevalence,13.1,,,11.4,14.9,2930,2216,POINT (-70.9387232 41.6201088),25005652300,HLTHOUT,DIABETES,CrdPrv,Diabetes
2023,MA,Massachusetts,Bristol,25005,25005652400,BRFSS,Health Outcomes,Diagnosed diabetes among adults,%,Crude prevalence,12.8,,,11.3,14.5,2745,2150,POINT (-70.9310007 41.61574),25005652400,HLTHOUT,DIABETES,CrdPrv,Diabetes
2023,MA,Massachusetts,Bristol,25005,25005652500,BRFSS,Health Outcomes,Diagnosed diabetes among adults,%,Crude prevalence,12.2,,,10.8,13.7,3011,2143,POINT (-70.9245281 41.6173463),25005652500,HLTHOUT,DIABETES,CrdPrv,Diabetes
2023,MA,Massachusetts,Bristol,25005,25005652600,BRFSS,Health Outcomes,Diagnosed diabetes among adults,%,Crude prevalence,14.9,,,13.2,16.8,3209,2203,POINT (-70.9157351 41.6177242),25005652600,HLTHOUT,DIABETES,CrdPrv,Diabetes
2023,MA,Massachusetts,Bristol,25005,25005652700,BRFSS,Health Outcomes,Diagnosed diabetes among adults,%,Crude prevalence,13.6,,,11.9,15.3,3927,2932,POINT (-70.9136542 41.6122427),25005652700,HLTHOUT,DIABETES,CrdPrv,Diabetes
2023,MA,Massachusetts,Bristol,25005,25005652800,BRFSS,Health Outcomes,Diagnosed diabetes among adults,%,Crude prevalence,10.0,,,8.5,11.5,3315,2723,POINT (-70.9077134 41.6007668),25005652800,HLTHOUT,DIABETES,CrdPrv,Diabetes
2023,MA,Massachusetts,Bristol,25005,25005653101,BRFSS,Health Outcomes,Diagnosed diabetes among adults,%,Crude prevalence,11.3,,,9.8,13.0,7131,5779,POINT (-71.01198 41.6483686),25005653101,HLTHOUT,DIABETES,CrdPrv,Diabetes
2023,MA,Massachusetts,Bristol,25005,25005653102,BRFSS,Health Outcomes,Diagnosed diabetes among adults,%,Crude prevalence,8.2,,,6.9,9.5,5250,4362,POINT (-71.0097419 41.6888597),25005653102,HLTHOUT,DIABETES,CrdPrv,Diabetes
2023,MA,Massachusetts,Bristol,25005,25005653203,BRFSS,Health Outcomes,Diagnosed diabetes among adults,%,Crude prevalence,12.5,,,10.9,14.3,5096,4176,POINT (-70.9532851 41.6143399),25005653203,HLTHOUT,DIABETES,CrdPrv,Diabetes
2023,MA,Massachusetts,Bristol,25005,25005653204,BRFSS,Health Outcomes,Diagnosed diabetes among adults,%,Crude prevalence,10.7,,,9.2,12.3,3373,2708,POINT (-70.9864357 41.6085381),25005653204,HLTHOUT,DIABETES,CrdPrv,Diabetes
2023,MA,Massachusetts,Bristol,25005,25005653301,BRFSS,Health Outcomes,Diagnosed diabetes among adults,%,Crude prevalence,11.0,,,9.5,12.7,5177,4406,POINT (-70.9709828 41.5905247),25005653301,HLTHOUT,DIABETES,CrdPrv,Diabetes
2023,MA,Massachusetts,Bristol,25005,25005653304,BRFSS,Health Outcomes,Diagnosed diabetes among adults,%,Crude prevalence,10.4,,,8.8,12.1,3281,2766,POINT (-70.9904852 41.5521483),25005653304,HLTHOUT,DIABETES,CrdPrv,Diabetes
2023,MA,Massachusetts,Bristol,25005,25005654100,BRFSS,Health Outcomes,Diagnosed diabetes among adults,%,Crude prevalence,9.8,,,8.4,11.4,7207,5817,POINT (-70.8981109 41.7095988),25005654100,HLTHOUT,DIABETES,CrdPrv,Diabetes
2023,MA,Massachusetts,Bristol,25005,25005654200,BRFSS,Health Outcomes,Diagnosed diabetes among adults,%,Crude prevalence,10.7,,,9.3,12.2,3352,2738,POINT (-70.9117047 41.6894615),25005654200,HLTHOUT,DIABETES,CrdPrv,Diabetes
2023,MA,Massachusetts,Bristol,25005,25005655100,BRFSS,Health Outcomes,Diagnosed diabetes among adults,%,Crude prevalence,9.6,,,8.2,11.1,4267,3453,POINT (-70.8699752 41.6520223),25005655100,HLTHOUT,DIABETES,CrdPrv,Diabetes
2023,MA,Massachusetts,Bristol,25005,25005655200,BRFSS,Health Outcomes,Diagnosed diabetes among adults,%,Crude prevalence,11.4,,,9.9,13.1,4488,3713,POINT (-70.9111854 41.6541146),25005655200,HLTHOUT,DIABETES,CrdPrv,Diabetes
2023,MA,Massachusetts,Bristol,25005,25005655300,BRFSS,Health Outcomes,Diagnosed diabetes among adults,%,Crude prevalence,11.3,,,9.7,12.9,3341,2769,POINT (-70.8979049 41.6422758),25005655300,HLTHOUT,DIABETES,CrdPrv,Diabetes
2023,MA,Massachusetts,Bristol,25005,25005655400,BRFSS,Health Outcomes,Diagnosed diabetes among adults,%,Crude prevalence,11.4,,,9.8,13.2,3828,3301,POINT (-70.8549207 41.6039168),25005655400,HLTHOUT,DIABETES,CrdPrv,Diabetes
2023,MA,Massachusetts,Bristol,25005,25005985500,BRFSS,Health Outcomes,Diagnosed diabetes among adults,%,Crude prevalence,3.7,,,3.2,4.2,4475,4220,POINT (-71.0126345 41.595703),25005985500,HLTHOUT,DIABETES,CrdPrv,Diabetes
2023,MA,Massachusetts,Bristol,25005,25005985600,BRFSS,Health Outcomes,Diagnosed diabetes among adults,%,Crude prevalence,6.0,,,5.1,6.9,5733,4865,POINT (-71.1001842 42.0753133),25005985600,HLTHOUT,DIABETES,CrdPrv,Diabetes
2023,MA,Massachusetts,Dukes,25007,25007200100,BRFSS,Health Outcomes,Diagnosed diabetes among adults,%,Crude prevalence,10.4,,,8.8,12.0,4815,4038,POINT (-70.6125215 41.4586451),25007200100,HLTHOUT,DIABETES,CrdPrv,Diabetes
2023,MA,Massachusetts,Dukes,25007,25007200200,BRFSS,Health Outcomes,Diagnosed diabetes among adults,%,Crude prevalence,11.1,,,9.5,12.8,5341,4482,POINT (-70.576143 41.441713),25007200200,HLTHOUT,DIABETES,CrdPrv,Diabetes
2023,MA,Massachusetts,Dukes,25007,25007200300,BRFSS,Health Outcomes,Diagnosed diabetes among adults,%,Crude prevalence,10.0,,,8.4,11.6,5168,4321,POINT (-70.52208 41.377655),25007200300,HLTHOUT,DIABETES,CrdPrv,Diabetes
2023,MA,Massachusetts,Dukes,25007,25007200400,BRFSS,Health Outcomes,Diagnosed diabetes among adults,%,Crude prevalence,9.5,,,8.1,11.1,5276,4440,POINT (-70.6500469 41.4195463),25007200400,HLTHOUT,DIABETES,CrdPrv,Diabetes
2023,MA,Massachusetts,Essex,25009,25009201100,BRFSS,Health Outcomes,Diagnosed diabetes among adults,%,Crude prevalence,10.4,,,8.7,12.1,3334,2919,POINT (-70.9260711 42.4282342),25009201100,HLTHOUT,DIABETES,CrdPrv,Diabetes
2023,MA,Massachusetts,Essex,25009,25009202101,BRFSS,Health Outcomes,Diagnosed diabetes among adults,%,Crude prevalence,8.9,,,7.6,10.4,2255,1783,POINT (-70.9085318 42.4758943),25009202101,HLTHOUT,DIABETES,CrdPrv,Diabetes
2023,MA,Massachusetts,Essex,25009,25009202103,BRFSS,Health Outcomes,Diagnosed diabetes among adults,%,Crude prevalence,9.4,,,8.1,10.9,1735,1350,POINT (-70.9199593 42.4829995),25009202103,HLTHOUT,DIABETES,CrdPrv,Diabetes
2023,MA,Massachusetts,Essex,25009,25009202104,BRFSS,Health Outcomes,Diagnosed diabetes among adults,%,Crude prevalence,10.5,,,9.0,12.1,4941,4022,POINT (-70.9133968 42.4782977),25009202104,HLTHOUT,DIABETES,CrdPrv,Diabetes
2023,MA,Massachusetts,Essex,25009,25009202200,BRFSS,Health Outcomes,Diagnosed diabetes among adults,%,Crude prevalence,8.5,,,7.2,9.9,6188,4763,POINT (-70.8975175 42.4695768),25009202200,HLTHOUT,DIABETES,CrdPrv,Diabetes
2023,MA,Massachusetts,Essex,25009,25009203100,BRFSS,Health Outcomes,Diagnosed diabetes among adults,%,Crude prevalence,8.2,,,7.0,9.5,7232,5458,POINT (-70.8724094 42.4871332),25009203100,HLTHOUT,DIABETES,CrdPrv,Diabetes
2023,MA,Massachusetts,Essex,25009,25009203200,BRFSS,Health Outcomes,Diagnosed diabetes among adults,%,Crude prevalence,8.3,,,7.1,9.7,4668,3583,POINT (-70.8329189 42.5037792),25009203200,HLTHOUT,DIABETES,CrdPrv,Diabetes
2023,MA,Massachusetts,Essex,25009,25009203301,BRFSS,Health Outcomes,Diagnosed diabetes among adults,%,Crude prevalence,8.9,,,7.5,10.5,4098,3325,POINT (-70.8642414 42.5069805),25009203301,HLTHOUT,DIABETES,CrdPrv,Diabetes
2023,MA,Massachusetts,Essex,25009,25009203302,BRFSS,Health Outcomes,Diagnosed diabetes among adults,%,Crude prevalence,9.4,,,8.0,10.9,4443,3629,POINT (-70.848511 42.5169126),25009203302,HLTHOUT,DIABETES,CrdPrv,Diabetes
2023,MA,Massachusetts,Essex,25009,25009204101,BRFSS,Health Outcomes,Diagnosed diabetes among adults,%,Crude prevalence,7.6,,,6.5,8.7,4664,3900,POINT (-70.8879672 42.5053726),25009204101,HLTHOUT,DIABETES,CrdPrv,Diabetes
2023,MA,Massachusetts,Essex,25009,25009204102,BRFSS,Health Outcomes,Diagnosed diabetes among adults,%,Crude prevalence,8.3,,,7.2,9.4,5708,4993,POINT (-70.9046773 42.4944085),25009204102,HLTHOUT,DIABETES,CrdPrv,Diabetes
2023,MA,Massachusetts,Essex,25009,25009204200,BRFSS,Health Outcomes,Diagnosed diabetes among adults,%,Crude prevalence,9.0,,,7.7,10.2,5236,4518,POINT (-70.8966153 42.5148898),25009204200,HLTHOUT,DIABETES,CrdPrv,Diabetes
2023,MA,Massachusetts,Essex,25009,25009204300,BRFSS,Health Outcomes,Diagnosed diabetes among adults,%,Crude prevalence,12.4,,,10.8,14.0,4076,3204,POINT (-70.8869311 42.5167766),25009204300,HLTHOUT,DIABETES,CrdPrv,Diabetes
2023,MA,Massachusetts,Essex,25009,25009204400,BRFSS,Health Outcomes,Diagnosed diabetes among adults,%,Crude prevalence,8.4,,,7.1,9.9,3489,3096,POINT (-70.812878 42.5251979),25009204400,HLTHOUT,DIABETES,CrdPrv,Diabetes
2023,MA,Massachusetts,Essex,25009,25009204500,BRFSS,Health Outcomes,Diagnosed diabetes among adults,%,Crude prevalence,7.4,,,6.3,8.6,3537,3142,POINT (-70.891306 42.5298009),25009204500,HLTHOUT,DIABETES,CrdPrv,Diabetes
2023,MA,Massachusetts,Essex,25009,25009204600,BRFSS,Health Outcomes,Diagnosed diabetes among adults,%,Crude prevalence,8.3,,,7.2,9.6,5369,4461,POINT (-70.9046651 42.5330202),25009204600,HLTHOUT,DIABETES,CrdPrv,Diabetes
2023,MA,Massachusetts,Essex,25009,25009204701,BRFSS,Health Outcomes,Diagnosed diabetes among adults,%,Crude prevalence,11.5,,,9.9,13.1,6185,4991,POINT (-70.9233663 42.5004225),25009204701,HLTHOUT,DIABETES,CrdPrv,Diabetes
2023,MA,Massachusetts,Essex,25009,25009204702,BRFSS,Health Outcomes,Diagnosed diabetes among adults,%,Crude prevalence,9.4,,,8.2,10.7,6208,5010,POINT (-70.9207154 42.5106743),25009204702,HLTHOUT,DIABETES,CrdPrv,Diabetes
2023,MA,Massachusetts,Essex,25009,25009205100,BRFSS,Health Outcomes,Diagnosed diabetes among adults,%,Crude prevalence,10.4,,,9.1,11.8,6128,4854,POINT (-70.9422927 42.4874689),25009205100,HLTHOUT,DIABETES,CrdPrv,Diabetes
2023,MA,Massachusetts,Essex,25009,25009205200,BRFSS,Health Outcomes,Diagnosed diabetes among adults,%,Crude prevalence,11.2,,,9.8,12.7,5925,4561,POINT (-70.9531078 42.479893),25009205200,HLTHOUT,DIABETES,CrdPrv,Diabetes
2023,MA,Massachusetts,Essex,25009,25009205300,BRFSS,Health Outcomes,Diagnosed diabetes among adults,%,Crude prevalence,9.8,,,8.4,11.1,4807,3780,POINT (-70.9623405 42.4902618),25009205300,HLTHOUT,DIABETES,CrdPrv,Diabetes
2023,MA,Massachusetts,Essex,25009,25009205400,BRFSS,Health Outcomes,Diagnosed diabetes among adults,%,Crude prevalence,9.9,,,8.5,11.4,4874,3968,POINT (-70.9925246 42.4928513),25009205400,HLTHOUT,DIABETES,CrdPrv,Diabetes
2023,MA,Massachusetts,Essex,25009,25009205500,BRFSS,Health Outcomes,Diagnosed diabetes among adults,%,Crude prevalence,10.4,,,9.1,11.6,5500,3935,POINT (-70.9611517 42.4751392),25009205500,HLTHOUT,DIABETES,CrdPrv,Diabetes
2023,MA,Massachusetts,Essex,25009,25009205600,BRFSS,Health Outcomes,Diagnosed diabetes among adults,%,Crude prevalence,13.1,,,11.5,14.8,4422,3459,POINT (-70.9853846 42.4690494),25009205600,HLTHOUT,DIABETES,CrdPrv,Diabetes
2023,MA,Massachusetts,Essex,25009,25009205700,BRFSS,Health Outcomes,Diagnosed diabetes among adults,%,Crude prevalence,9.1,,,7.9,10.3,5072,3927,POINT (-70.9789107 42.4640518),25009205700,HLTHOUT,DIABETES,CrdPrv,Diabetes
2023,MA,Massachusetts,Essex,25009,25009205800,BRFSS,Health Outcomes,Diagnosed diabetes among adults,%,Crude prevalence,11.5,,,10.2,13.0,3725,2678,POINT (-70.9745759 42.4590809),25009205800,HLTHOUT,DIABETES,CrdPrv,Diabetes
2023,MA,Massachusetts,Essex,25009,25009205900,BRFSS,Health Outcomes,Diagnosed diabetes among adults,%,Crude prevalence,10.7,,,9.3,12.0,4798,3491,POINT (-70.9686721 42.4684753),25009205900,HLTHOUT,DIABETES,CrdPrv,Diabetes
2023,MA,Massachusetts,Essex,25009,25009206000,BRFSS,Health Outcomes,Diagnosed diabetes among adults,%,Crude prevalence,11.3,,,10.0,12.7,3704,2590,POINT (-70.9623675 42.465686),25009206000,HLTHOUT,DIABETES,CrdPrv,Diabetes
2023,MA,Massachusetts,Essex,25009,25009206100,BRFSS,Health Outcomes,Diagnosed diabetes among adults,%,Crude prevalence,12.9,,,11.5,14.5,4199,3006,POINT (-70.9547242 42.4656928),25009206100,HLTHOUT,DIABETES,CrdPrv,Diabetes
2023,MA,Massachusetts,Essex,25009,25009206200,BRFSS,Health Outcomes,Diagnosed diabetes among adults,%,Crude prevalence,11.5,,,10.0,12.9,5879,4013,POINT (-70.9485446 42.4697139),25009206200,HLTHOUT,DIABETES,CrdPrv,Diabetes
2023,MA,Massachusetts,Essex,25009,25009206300,BRFSS,Health Outcomes,Diagnosed diabetes among adults,%,Crude prevalence,11.4,,,10.0,12.7,4214,2995,POINT (-70.9412388 42.4739913),25009206300,HLTHOUT,DIABETES,CrdPrv,Diabetes
2023,MA,Massachusetts,Essex,25009,25009206400,BRFSS,Health Outcomes,Diagnosed diabetes among adults,%,Crude prevalence,10.9,,,9.6,12.3,6060,4483,POINT (-70.9328547 42.4778026),25009206400,HLTHOUT,DIABETES,CrdPrv,Diabetes
2023,MA,Massachusetts,Essex,25009,25009206500,BRFSS,Health Outcomes,Diagnosed diabetes among adults,%,Crude prevalence,14.7,,,13.0,16.3,3747,2747,POINT (-70.9318681 42.4711611),25009206500,HLTHOUT,DIABETES,CrdPrv,Diabetes
2023,MA,Massachusetts,Essex,25009,25009206600,BRFSS,Health Outcomes,Diagnosed diabetes among adults,%,Crude prevalence,11.5,,,10.1,13.0,5116,4056,POINT (-70.9274994 42.4676352),25009206600,HLTHOUT,DIABETES,CrdPrv,Diabetes
2023,MA,Massachusetts,Essex,25009,25009206700,BRFSS,Health Outcomes,Diagnosed diabetes among adults,%,Crude prevalence,12.2,,,10.6,13.9,4564,3708,POINT (-70.9346749 42.4621327),25009206700,HLTHOUT,DIABETES,CrdPrv,Diabetes
2023,MA,Massachusetts,Essex,25009,25009206800,BRFSS,Health Outcomes,Diagnosed diabetes among adults,%,Crude prevalence,19.0,,,17.1,21.0,4425,3409,POINT (-70.9436734 42.4665227),25009206800,HLTHOUT,DIABETES,CrdPrv,Diabetes
2023,MA,Massachusetts,Essex,25009,25009206900,BRFSS,Health Outcomes,Diagnosed diabetes among adults,%,Crude prevalence,17.9,,,16.0,19.9,4995,4004,POINT (-70.9404962 42.4602021),25009206900,HLTHOUT,DIABETES,CrdPrv,Diabetes
2023,MA,Massachusetts,Essex,25009,25009207000,BRFSS,Health Outcomes,Diagnosed diabetes among adults,%,Crude prevalence,21.3,,,19.1,23.5,2289,1796,POINT (-70.9509215 42.4599011),25009207000,HLTHOUT,DIABETES,CrdPrv,Diabetes
2023,MA,Massachusetts,Essex,25009,25009207100,BRFSS,Health Outcomes,Diagnosed diabetes among adults,%,Crude prevalence,11.1,,,9.9,12.5,3807,2638,POINT (-70.9654723 42.4595497),25009207100,HLTHOUT,DIABETES,CrdPrv,Diabetes
2023,MA,Massachusetts,Essex,25009,25009207200,BRFSS,Health Outcomes,Diagnosed diabetes among adults,%,Crude prevalence,15.1,,,13.4,16.8,3003,2211,POINT (-70.9627199 42.453791),25009207200,HLTHOUT,DIABETES,CrdPrv,Diabetes
2023,MA,Massachusetts,Essex,25009,25009208101,BRFSS,Health Outcomes,Diagnosed diabetes among adults,%,Crude prevalence,10.4,,,9.0,11.8,5402,4362,POINT (-70.9989164 42.4507226),25009208101,HLTHOUT,DIABETES,CrdPrv,Diabetes
2023,MA,Massachusetts,Essex,25009,25009208102,BRFSS,Health Outcomes,Diagnosed diabetes among adults,%,Crude prevalence,10.0,,,8.6,11.4,3542,2858,POINT (-70.993221 42.4416715),25009208102,HLTHOUT,DIABETES,CrdPrv,Diabetes
2023,MA,Massachusetts,Essex,25009,25009208200,BRFSS,Health Outcomes,Diagnosed diabetes among adults,%,Crude prevalence,10.5,,,9.0,12.0,5530,4587,POINT (-71.014604 42.4575109),25009208200,HLTHOUT,DIABETES,CrdPrv,Diabetes
2023,MA,Massachusetts,Essex,25009,25009208301,BRFSS,Health Outcomes,Diagnosed diabetes among adults,%,Crude prevalence,11.1,,,9.5,12.7,2678,2203,POINT (-71.0186894 42.4709849),25009208301,HLTHOUT,DIABETES,CrdPrv,Diabetes
2023,MA,Massachusetts,Essex,25009,25009208302,BRFSS,Health Outcomes,Diagnosed diabetes among adults,%,Crude prevalence,10.1,,,8.6,11.5,4985,4094,POINT (-71.0040806 42.4850384),25009208302,HLTHOUT,DIABETES,CrdPrv,Diabetes
2023,MA,Massachusetts,Essex,25009,25009208401,BRFSS,Health Outcomes,Diagnosed diabetes among adults,%,Crude prevalence,10.1,,,8.6,11.7,2968,2570,POINT (-71.0307634 42.4876121),25009208401,HLTHOUT,DIABETES,CrdPrv,Diabetes
2023,MA,Massachusetts,Essex,25009,25009208402,BRFSS,Health Outcomes,Diagnosed diabetes among adults,%,Crude prevalence,8.9,,,7.7,10.4,3514,2954,POINT (-71.0359714 42.4662513),25009208402,HLTHOUT,DIABETES,CrdPrv,Diabetes
2023,MA,Massachusetts,Essex,25009,25009209100,BRFSS,Health Outcomes,Diagnosed diabetes among adults,%,Crude prevalence,9.1,,,7.8,10.5,7176,5496,POINT (-71.0219925 42.517606),25009209100,HLTHOUT,DIABETES,CrdPrv,Diabetes
2023,MA,Massachusetts,Essex,25009,25009209200,BRFSS,Health Outcomes,Diagnosed diabetes among adults,%,Crude prevalence,8.0,,,6.8,9.3,5824,4333,POINT (-71.0537665 42.547307),25009209200,HLTHOUT,DIABETES,CrdPrv,Diabetes
2023,MA,Massachusetts,Essex,25009,25009210100,BRFSS,Health Outcomes,Diagnosed diabetes among adults,%,Crude prevalence,9.9,,,8.5,11.5,6880,5718,POINT (-71.0106634 42.5586984),25009210100,HLTHOUT,DIABETES,CrdPrv,Diabetes
2023,MA,Massachusetts,Essex,25009,25009210200,BRFSS,Health Outcomes,Diagnosed diabetes among adults,%,Crude prevalence,10.5,,,9.0,12.2,5308,4580,POINT (-71.003354 42.5375245),25009210200,HLTHOUT,DIABETES,CrdPrv,Diabetes
2023,MA,Massachusetts,Essex,25009,25009210301,BRFSS,Health Outcomes,Diagnosed diabetes among adults,%,Crude prevalence,12.2,,,9.8,14.8,5176,4740,POINT (-70.9662602 42.5469049),25009210301,HLTHOUT,DIABETES,CrdPrv,Diabetes
2023,MA,Massachusetts,Essex,25009,25009210302,BRFSS,Health Outcomes,Diagnosed diabetes among adults,%,Crude prevalence,9.9,,,8.5,11.4,4918,4041,POINT (-70.9694427 42.53431),25009210302,HLTHOUT,DIABETES,CrdPrv,Diabetes
2023,MA,Massachusetts,Essex,25009,25009210401,BRFSS,Health Outcomes,Diagnosed diabetes among adults,%,Crude prevalence,9.9,,,8.6,11.4,3235,2547,POINT (-70.932528 42.5376937),25009210401,HLTHOUT,DIABETES,CrdPrv,Diabetes
2023,MA,Massachusetts,Essex,25009,25009210402,BRFSS,Health Outcomes,Diagnosed diabetes among adults,%,Crude prevalence,9.9,,,8.6,11.4,4133,3356,POINT (-70.9664826 42.5233403),25009210402,HLTHOUT,DIABETES,CrdPrv,Diabetes
2023,MA,Massachusetts,Essex,25009,25009210500,BRFSS,Health Outcomes,Diagnosed diabetes among adults,%,Crude prevalence,9.1,,,7.7,10.4,6946,5627,POINT (-70.9570739 42.5121182),25009210500,HLTHOUT,DIABETES,CrdPrv,Diabetes
2023,MA,Massachusetts,Essex,25009,25009210600,BRFSS,Health Outcomes,Diagnosed diabetes among adults,%,Crude prevalence,10.0,,,8.6,11.3,4424,3508,POINT (-70.9413256 42.5095323),25009210600,HLTHOUT,DIABETES,CrdPrv,Diabetes
2023,MA,Massachusetts,Essex,25009,25009210700,BRFSS,Health Outcomes,Diagnosed diabetes among adults,%,Crude prevalence,10.1,,,8.8,11.4,4446,3507,POINT (-70.9263775 42.5202968),25009210700,HLTHOUT,DIABETES,CrdPrv,Diabetes
2023,MA,Massachusetts,Essex,25009,25009210800,BRFSS,Health Outcomes,Diagnosed diabetes among adults,%,Crude prevalence,11.1,,,9.7,12.6,4951,4006,POINT (-70.9248258 42.5281201),25009210800,HLTHOUT,DIABETES,CrdPrv,Diabetes
2023,MA,Massachusetts,Essex,25009,25009210900,BRFSS,Health Outcomes,Diagnosed diabetes among adults,%,Crude prevalence,10.4,,,8.9,12.1,4064,3325,POINT (-70.9197836 42.5354936),25009210900,HLTHOUT,DIABETES,CrdPrv,Diabetes
2023,MA,Massachusetts,Essex,25009,25009211100,BRFSS,Health Outcomes,Diagnosed diabetes among adults,%,Crude prevalence,10.4,,,8.9,12.0,4033,3330,POINT (-70.9190587 42.5540813),25009211100,HLTHOUT,DIABETES,CrdPrv,Diabetes
2023,MA,Massachusetts,Essex,25009,25009211201,BRFSS,Health Outcomes,Diagnosed diabetes among adults,%,Crude prevalence,8.3,,,7.1,9.7,2605,2119,POINT (-70.9362099 42.5582575),25009211201,HLTHOUT,DIABETES,CrdPrv,Diabetes
2023,MA,Massachusetts,Essex,25009,25009211202,BRFSS,Health Outcomes,Diagnosed diabetes among adults,%,Crude prevalence,9.0,,,7.7,10.4,3830,3105,POINT (-70.9433558 42.5651965),25009211202,HLTHOUT,DIABETES,CrdPrv,Diabetes
2023,MA,Massachusetts,Essex,25009,25009211300,BRFSS,Health Outcomes,Diagnosed diabetes among adults,%,Crude prevalence,8.8,,,7.4,10.3,6916,5454,POINT (-70.9328714 42.5851105),25009211300,HLTHOUT,DIABETES,CrdPrv,Diabetes
2023,MA,Massachusetts,Essex,25009,25009211401,BRFSS,Health Outcomes,Diagnosed diabetes among adults,%,Crude prevalence,10.3,,,8.8,11.8,4261,3489,POINT (-70.9817163 42.5771863),25009211401,HLTHOUT,DIABETES,CrdPrv,Diabetes
2023,MA,Massachusetts,Essex,25009,25009211402,BRFSS,Health Outcomes,Diagnosed diabetes among adults,%,Crude prevalence,8.4,,,7.1,9.9,6442,5198,POINT (-70.9566523 42.5776492),25009211402,HLTHOUT,DIABETES,CrdPrv,Diabetes
2023,MA,Massachusetts,Essex,25009,25009212101,BRFSS,Health Outcomes,Diagnosed diabetes among adults,%,Crude prevalence,8.7,,,7.3,10.1,5047,4229,POINT (-71.0052311 42.6136944),25009212101,HLTHOUT,DIABETES,CrdPrv,Diabetes
2023,MA,Massachusetts,Essex,25009,25009212102,BRFSS,Health Outcomes,Diagnosed diabetes among adults,%,Crude prevalence,9.6,,,8.1,11.2,4732,3748,POINT (-71.0308226 42.6007185),25009212102,HLTHOUT,DIABETES,CrdPrv,Diabetes
2023,MA,Massachusetts,Essex,25009,25009213100,BRFSS,Health Outcomes,Diagnosed diabetes among adults,%,Crude prevalence,8.1,,,6.9,9.3,8203,6159,POINT (-71.0271876 42.6831075),25009213100,HLTHOUT,DIABETES,CrdPrv,Diabetes
2023,MA,Massachusetts,Essex,25009,25009214100,BRFSS,Health Outcomes,Diagnosed diabetes among adults,%,Crude prevalence,8.8,,,7.6,10.2,6569,5026,POINT (-70.9433833 42.641387),25009214100,HLTHOUT,DIABETES,CrdPrv,Diabetes
2023,MA,Massachusetts,Essex,25009,25009215101,BRFSS,Health Outcomes,Diagnosed diabetes among adults,%,Crude prevalence,8.5,,,7.1,9.8,4622,3462,POINT (-70.8360834 42.6179432),25009215101,HLTHOUT,DIABETES,CrdPrv,Diabetes
2023,MA,Massachusetts,Essex,25009,25009215102,BRFSS,Health Outcomes,Diagnosed diabetes among adults,%,Crude prevalence,8.5,,,7.3,9.8,2939,2222,POINT (-70.8812824 42.6332661),25009215102,HLTHOUT,DIABETES,CrdPrv,Diabetes
2023,MA,Massachusetts,Essex,25009,25009216100,BRFSS,Health Outcomes,Diagnosed diabetes among adults,%,Crude prevalence,6.8,,,5.8,7.9,4979,3996,POINT (-70.8832599 42.6006684),25009216100,HLTHOUT,DIABETES,CrdPrv,Diabetes
2023,MA,Massachusetts,Essex,25009,25009217101,BRFSS,Health Outcomes,Diagnosed diabetes among adults,%,Crude prevalence,10.5,,,8.9,12.1,4797,3771,POINT (-70.8643 42.5763528),25009217101,HLTHOUT,DIABETES,CrdPrv,Diabetes
2023,MA,Massachusetts,Essex,25009,25009217102,BRFSS,Health Outcomes,Diagnosed diabetes among adults,%,Crude prevalence,9.4,,,8.0,10.8,3029,2470,POINT (-70.8957263 42.5848388),25009217102,HLTHOUT,DIABETES,CrdPrv,Diabetes
2023,MA,Massachusetts,Essex,25009,25009217201,BRFSS,Health Outcomes,Diagnosed diabetes among adults,%,Crude prevalence,8.3,,,7.1,9.8,4237,3388,POINT (-70.899491 42.5620689),25009217201,HLTHOUT,DIABETES,CrdPrv,Diabetes
2023,MA,Massachusetts,Essex,25009,25009217202,BRFSS,Health Outcomes,Diagnosed diabetes among adults,%,Crude prevalence,8.5,,,7.3,9.8,3586,2887,POINT (-70.8984776 42.5496229),25009217202,HLTHOUT,DIABETES,CrdPrv,Diabetes
2023,MA,Massachusetts,Essex,25009,25009217300,BRFSS,Health Outcomes,Diagnosed diabetes among adults,%,Crude prevalence,9.5,,,8.3,10.8,5281,4009,POINT (-70.8848884 42.5633966),25009217300,HLTHOUT,DIABETES,CrdPrv,Diabetes
2023,MA,Massachusetts,Essex,25009,25009217401,BRFSS,Health Outcomes,Diagnosed diabetes among adults,%,Crude prevalence,8.8,,,7.6,10.1,2423,2122,POINT (-70.8813148 42.5488441),25009217401,HLTHOUT,DIABETES,CrdPrv,Diabetes
2023,MA,Massachusetts,Essex,25009,25009217402,BRFSS,Health Outcomes,Diagnosed diabetes among adults,%,Crude prevalence,7.7,,,6.5,8.9,3409,3006,POINT (-70.8831274 42.5423286),25009217402,HLTHOUT,DIABETES,CrdPrv,Diabetes
2023,MA,Massachusetts,Essex,25009,25009217500,BRFSS,Health Outcomes,Diagnosed diabetes among adults,%,Crude prevalence,8.3,,,7.0,9.6,6420,5279,POINT (-70.8675812 42.5505703),25009217500,HLTHOUT,DIABETES,CrdPrv,Diabetes
2023,MA,Massachusetts,Essex,25009,25009217601,BRFSS,Health Outcomes,Diagnosed diabetes among adults,%,Crude prevalence,9.7,,,8.3,11.3,4732,3806,POINT (-70.8481649 42.5710673),25009217601,HLTHOUT,DIABETES,CrdPrv,Diabetes
2023,MA,Massachusetts,Essex,25009,25009217602,BRFSS,Health Outcomes,Diagnosed diabetes among adults,%,Crude prevalence,5.0,,,4.3,5.8,4756,4367,POINT (-70.8236609 42.5543276),25009217602,HLTHOUT,DIABETES,CrdPrv,Diabetes
2023,MA,Massachusetts,Essex,25009,25009218100,BRFSS,Health Outcomes,Diagnosed diabetes among adults,%,Crude prevalence,8.5,,,7.3,10.0,5395,4212,POINT (-70.7671544 42.5766364),25009218100,HLTHOUT,DIABETES,CrdPrv,Diabetes
2023,MA,Massachusetts,Essex,25009,25009220101,BRFSS,Health Outcomes,Diagnosed diabetes among adults,%,Crude prevalence,10.8,,,9.2,12.6,4014,3494,POINT (-70.6202498 42.6406993),25009220101,HLTHOUT,DIABETES,CrdPrv,Diabetes
2023,MA,Massachusetts,Essex,25009,25009220102,BRFSS,Health Outcomes,Diagnosed diabetes among adults,%,Crude prevalence,11.4,,,9.8,13.2,2978,2559,POINT (-70.6307805 42.6672238),25009220102,HLTHOUT,DIABETES,CrdPrv,Diabetes
2023,MA,Massachusetts,Essex,25009,25009221100,BRFSS,Health Outcomes,Diagnosed diabetes among adults,%,Crude prevalence,11.0,,,9.2,12.7,4348,3667,POINT (-70.6536898 42.6592229),25009221100,HLTHOUT,DIABETES,CrdPrv,Diabetes
2023,MA,Massachusetts,Essex,25009,25009221300,BRFSS,Health Outcomes,Diagnosed diabetes among adults,%,Crude prevalence,10.8,,,9.2,12.5,4406,3886,POINT (-70.640044 42.6064939),25009221300,HLTHOUT,DIABETES,CrdPrv,Diabetes
2023,MA,Massachusetts,Essex,25009,25009221400,BRFSS,Health Outcomes,Diagnosed diabetes among adults,%,Crude prevalence,11.7,,,10.0,13.4,3415,2831,POINT (-70.6571946 42.6215076),25009221400,HLTHOUT,DIABETES,CrdPrv,Diabetes
2023,MA,Massachusetts,Essex,25009,25009221500,BRFSS,Health Outcomes,Diagnosed diabetes among adults,%,Crude prevalence,12.6,,,10.7,14.4,3117,2644,POINT (-70.6621115 42.6130794),25009221500,HLTHOUT,DIABETES,CrdPrv,Diabetes
2023,MA,Massachusetts,Essex,25009,25009221600,BRFSS,Health Outcomes,Diagnosed diabetes among adults,%,Crude prevalence,11.1,,,9.6,12.6,2641,1988,POINT (-70.6723908 42.6232675),25009221600,HLTHOUT,DIABETES,CrdPrv,Diabetes
2023,MA,Massachusetts,Essex,25009,25009221700,BRFSS,Health Outcomes,Diagnosed diabetes among adults,%,Crude prevalence,10.7,,,9.2,12.2,2878,2368,POINT (-70.6739846 42.6158246),25009221700,HLTHOUT,DIABETES,CrdPrv,Diabetes
2023,MA,Massachusetts,Essex,25009,25009221800,BRFSS,Health Outcomes,Diagnosed diabetes among adults,%,Crude prevalence,11.6,,,9.7,13.5,1773,1552,POINT (-70.6858747 42.6288499),25009221800,HLTHOUT,DIABETES,CrdPrv,Diabetes
2023,MA,Massachusetts,Essex,25009,25009221901,BRFSS,Health Outcomes,Diagnosed diabetes among adults,%,Crude prevalence,10.0,,,8.4,11.6,3490,2972,POINT (-70.7028958 42.6016627),25009221901,HLTHOUT,DIABETES,CrdPrv,Diabetes
2023,MA,Massachusetts,Essex,25009,25009221902,BRFSS,Health Outcomes,Diagnosed diabetes among adults,%,Crude prevalence,10.1,,,8.6,11.6,3661,3070,POINT (-70.7140276 42.6328453),25009221902,HLTHOUT,DIABETES,CrdPrv,Diabetes
2023,MA,Massachusetts,Essex,25009,25009222100,BRFSS,Health Outcomes,Diagnosed diabetes among adults,%,Crude prevalence,8.4,,,7.2,9.7,3675,2858,POINT (-70.7711646 42.6404513),25009222100,HLTHOUT,DIABETES,CrdPrv,Diabetes
2023,MA,Massachusetts,Essex,25009,25009223100,BRFSS,Health Outcomes,Diagnosed diabetes among adults,%,Crude prevalence,10.5,,,8.9,12.2,4149,3527,POINT (-70.8132771 42.7059618),25009223100,HLTHOUT,DIABETES,CrdPrv,Diabetes
2023,MA,Massachusetts,Essex,25009,25009223200,BRFSS,Health Outcomes,Diagnosed diabetes among adults,%,Crude prevalence,9.0,,,7.7,10.5,3747,3099,POINT (-70.8220067 42.6757304),25009223200,HLTHOUT,DIABETES,CrdPrv,Diabetes
2023,MA,Massachusetts,Essex,25009,25009223300,BRFSS,Health Outcomes,Diagnosed diabetes among adults,%,Crude prevalence,9.3,,,7.9,10.8,5889,4822,POINT (-70.8908183 42.6725193),25009223300,HLTHOUT,DIABETES,CrdPrv,Diabetes
2023,MA,Massachusetts,Essex,25009,25009250100,BRFSS,Health Outcomes,Diagnosed diabetes among adults,%,Crude prevalence,15.9,,,14.1,17.7,3753,3027,POINT (-71.1581972 42.7054006),25009250100,HLTHOUT,DIABETES,CrdPrv,Diabetes
2023,MA,Massachusetts,Essex,25009,25009250200,BRFSS,Health Outcomes,Diagnosed diabetes among adults,%,Crude prevalence,11.1,,,9.5,12.5,6764,4983,POINT (-71.1839672 42.7062117),25009250200,HLTHOUT,DIABETES,CrdPrv,Diabetes
2023,MA,Massachusetts,Essex,25009,25009250300,BRFSS,Health Outcomes,Diagnosed diabetes among adults,%,Crude prevalence,14.7,,,12.9,16.4,2905,2016,POINT (-71.1779023 42.7122643),25009250300,HLTHOUT,DIABETES,CrdPrv,Diabetes
2023,MA,Massachusetts,Essex,25009,25009250400,BRFSS,Health Outcomes,Diagnosed diabetes among adults,%,Crude prevalence,16.6,,,14.5,18.7,4070,2926,POINT (-71.1743747 42.7170924),25009250400,HLTHOUT,DIABETES,CrdPrv,Diabetes
2023,MA,Massachusetts,Essex,25009,25009250500,BRFSS,Health Outcomes,Diagnosed diabetes among adults,%,Crude prevalence,13.6,,,11.8,15.4,4357,3050,POINT (-71.1693673 42.7169313),25009250500,HLTHOUT,DIABETES,CrdPrv,Diabetes
2023,MA,Massachusetts,Essex,25009,25009250600,BRFSS,Health Outcomes,Diagnosed diabetes among adults,%,Crude prevalence,13.6,,,11.9,15.3,6250,4567,POINT (-71.1626479 42.7200992),25009250600,HLTHOUT,DIABETES,CrdPrv,Diabetes
2023,MA,Massachusetts,Essex,25009,25009250700,BRFSS,Health Outcomes,Diagnosed diabetes among adults,%,Crude prevalence,13.4,,,11.8,15.1,5574,4015,POINT (-71.1530988 42.7151498),25009250700,HLTHOUT,DIABETES,CrdPrv,Diabetes
2023,MA,Massachusetts,Essex,25009,25009250800,BRFSS,Health Outcomes,Diagnosed diabetes among adults,%,Crude prevalence,11.7,,,10.2,13.2,9069,6839,POINT (-71.1434934 42.7152352),25009250800,HLTHOUT,DIABETES,CrdPrv,Diabetes
2023,MA,Massachusetts,Essex,25009,25009250900,BRFSS,Health Outcomes,Diagnosed diabetes among adults,%,Crude prevalence,22.1,,,19.9,24.5,2255,1655,POINT (-71.1545889 42.7119763),25009250900,HLTHOUT,DIABETES,CrdPrv,Diabetes
2023,MA,Massachusetts,Essex,25009,25009251000,BRFSS,Health Outcomes,Diagnosed diabetes among adults,%,Crude prevalence,16.3,,,14.5,18.1,1895,1362,POINT (-71.1590246 42.7112825),25009251000,HLTHOUT,DIABETES,CrdPrv,Diabetes
2023,MA,Massachusetts,Essex,25009,25009251100,BRFSS,Health Outcomes,Diagnosed diabetes among adults,%,Crude prevalence,21.8,,,19.2,24.3,3018,2418,POINT (-71.1694073 42.7128878),25009251100,HLTHOUT,DIABETES,CrdPrv,Diabetes
2023,MA,Massachusetts,Essex,25009,25009251200,BRFSS,Health Outcomes,Diagnosed diabetes among adults,%,Crude prevalence,18.7,,,16.6,21.0,1474,1106,POINT (-71.1672343 42.7091504),25009251200,HLTHOUT,DIABETES,CrdPrv,Diabetes
2023,MA,Massachusetts,Essex,25009,25009251300,BRFSS,Health Outcomes,Diagnosed diabetes among adults,%,Crude prevalence,19.4,,,17.2,21.6,3893,2776,POINT (-71.1716455 42.7008297),25009251300,HLTHOUT,DIABETES,CrdPrv,Diabetes
2023,MA,Massachusetts,Essex,25009,25009251400,BRFSS,Health Outcomes,Diagnosed diabetes among adults,%,Crude prevalence,15.4,,,13.5,17.5,5520,3988,POINT (-71.1801339 42.698648),25009251400,HLTHOUT,DIABETES,CrdPrv,Diabetes
2023,MA,Massachusetts,Essex,25009,25009251500,BRFSS,Health Outcomes,Diagnosed diabetes among adults,%,Crude prevalence,14.0,,,12.3,15.9,7275,5324,POINT (-71.1763565 42.6905116),25009251500,HLTHOUT,DIABETES,CrdPrv,Diabetes
2023,MA,Massachusetts,Essex,25009,25009251600,BRFSS,Health Outcomes,Diagnosed diabetes among adults,%,Crude prevalence,13.1,,,11.4,14.8,7164,5166,POINT (-71.1513911 42.700021),25009251600,HLTHOUT,DIABETES,CrdPrv,Diabetes
2023,MA,Massachusetts,Essex,25009,25009251700,BRFSS,Health Outcomes,Diagnosed diabetes among adults,%,Crude prevalence,12.2,,,10.8,13.9,5809,4291,POINT (-71.1449129 42.6894433),25009251700,HLTHOUT,DIABETES,CrdPrv,Diabetes
2023,MA,Massachusetts,Essex,25009,25009251800,BRFSS,Health Outcomes,Diagnosed diabetes among adults,%,Crude prevalence,11.9,,,10.4,13.4,8098,6272,POINT (-71.1676247 42.684165),25009251800,HLTHOUT,DIABETES,CrdPrv,Diabetes
2023,MA,Massachusetts,Essex,25009,25009252101,BRFSS,Health Outcomes,Diagnosed diabetes among adults,%,Crude prevalence,10.7,,,9.2,12.1,4114,3272,POINT (-71.1995921 42.7032347),25009252101,HLTHOUT,DIABETES,CrdPrv,Diabetes
2023,MA,Massachusetts,Essex,25009,25009252102,BRFSS,Health Outcomes,Diagnosed diabetes among adults,%,Crude prevalence,9.7,,,8.3,11.2,4418,3590,POINT (-71.2344101 42.7017632),25009252102,HLTHOUT,DIABETES,CrdPrv,Diabetes
2023,MA,Massachusetts,Essex,25009,25009252201,BRFSS,Health Outcomes,Diagnosed diabetes among adults,%,Crude prevalence,10.7,,,9.2,12.3,3522,2760,POINT (-71.2167241 42.7191764),25009252201,HLTHOUT,DIABETES,CrdPrv,Diabetes
2023,MA,Massachusetts,Essex,25009,25009252202,BRFSS,Health Outcomes,Diagnosed diabetes among adults,%,Crude prevalence,8.8,,,7.5,10.1,3280,2625,POINT (-71.2318234 42.7307959),25009252202,HLTHOUT,DIABETES,CrdPrv,Diabetes
2023,MA,Massachusetts,Essex,25009,25009252300,BRFSS,Health Outcomes,Diagnosed diabetes among adults,%,Crude prevalence,12.5,,,10.9,14.2,7496,5846,POINT (-71.1946132 42.727479),25009252300,HLTHOUT,DIABETES,CrdPrv,Diabetes
2023,MA,Massachusetts,Essex,25009,25009252400,BRFSS,Health Outcomes,Diagnosed diabetes among adults,%,Crude prevalence,11.7,,,10.2,13.2,4854,3575,POINT (-71.1787065 42.7224295),25009252400,HLTHOUT,DIABETES,CrdPrv,Diabetes
2023,MA,Massachusetts,Essex,25009,25009252501,BRFSS,Health Outcomes,Diagnosed diabetes among adults,%,Crude prevalence,11.2,,,9.8,12.7,4319,3306,POINT (-71.1557412 42.7248389),25009252501,HLTHOUT,DIABETES,CrdPrv,Diabetes
2023,MA,Massachusetts,Essex,25009,25009252502,BRFSS,Health Outcomes,Diagnosed diabetes among adults,%,Crude prevalence,11.9,,,10.3,13.5,5046,4032,POINT (-71.1654351 42.7354765),25009252502,HLTHOUT,DIABETES,CrdPrv,Diabetes
2023,MA,Massachusetts,Essex,25009,25009252601,BRFSS,Health Outcomes,Diagnosed diabetes among adults,%,Crude prevalence,11.1,,,9.6,12.6,7400,5942,POINT (-71.1317615 42.7377776),25009252601,HLTHOUT,DIABETES,CrdPrv,Diabetes
2023,MA,Massachusetts,Essex,25009,25009252602,BRFSS,Health Outcomes,Diagnosed diabetes among adults,%,Crude prevalence,9.2,,,7.8,10.5,5469,4445,POINT (-71.1580017 42.7614694),25009252602,HLTHOUT,DIABETES,CrdPrv,Diabetes
2023,MA,Massachusetts,Essex,25009,25009252603,BRFSS,Health Outcomes,Diagnosed diabetes among adults,%,Crude prevalence,8.1,,,7.0,9.4,3141,2489,POINT (-71.1697545 42.7526021),25009252603,HLTHOUT,DIABETES,CrdPrv,Diabetes
2023,MA,Massachusetts,Essex,25009,25009253100,BRFSS,Health Outcomes,Diagnosed diabetes among adults,%,Crude prevalence,9.6,,,8.2,11.1,6001,4644,POINT (-71.1307172 42.6980029),25009253100,HLTHOUT,DIABETES,CrdPrv,Diabetes
2023,MA,Massachusetts,Essex,25009,25009253201,BRFSS,Health Outcomes,Diagnosed diabetes among adults,%,Crude prevalence,8.2,,,7.0,9.5,3154,2439,POINT (-71.1245474 42.7177732),25009253201,HLTHOUT,DIABETES,CrdPrv,Diabetes
2023,MA,Massachusetts,Essex,25009,25009253202,BRFSS,Health Outcomes,Diagnosed diabetes among adults,%,Crude prevalence,8.8,,,7.6,9.9,6861,5643,POINT (-71.1275749 42.6824583),25009253202,HLTHOUT,DIABETES,CrdPrv,Diabetes
2023,MA,Massachusetts,Essex,25009,25009253203,BRFSS,Health Outcomes,Diagnosed diabetes among adults,%,Crude prevalence,8.8,,,7.5,10.3,4166,3296,POINT (-71.0917023 42.7088778),25009253203,HLTHOUT,DIABETES,CrdPrv,Diabetes
2023,MA,Massachusetts,Essex,25009,25009253204,BRFSS,Health Outcomes,Diagnosed diabetes among adults,%,Crude prevalence,7.8,,,6.7,9.0,6379,4743,POINT (-71.0821579 42.643024),25009253204,HLTHOUT,DIABETES,CrdPrv,Diabetes
2023,MA,Massachusetts,Essex,25009,25009253205,BRFSS,Health Outcomes,Diagnosed diabetes among adults,%,Crude prevalence,7.1,,,6.1,8.3,4354,3206,POINT (-71.0526824 42.6641416),25009253205,HLTHOUT,DIABETES,CrdPrv,Diabetes
2023,MA,Massachusetts,Essex,25009,25009254100,BRFSS,Health Outcomes,Diagnosed diabetes among adults,%,Crude prevalence,8.5,,,7.4,9.7,6602,5151,POINT (-71.1521911 42.6703478),25009254100,HLTHOUT,DIABETES,CrdPrv,Diabetes
2023,MA,Massachusetts,Essex,25009,25009254200,BRFSS,Health Outcomes,Diagnosed diabetes among adults,%,Crude prevalence,7.6,,,6.6,8.8,5475,4606,POINT (-71.1345104 42.6576917),25009254200,HLTHOUT,DIABETES,CrdPrv,Diabetes
2023,MA,Massachusetts,Essex,25009,25009254301,BRFSS,Health Outcomes,Diagnosed diabetes among adults,%,Crude prevalence,8.5,,,7.2,9.7,4274,3185,POINT (-71.1464585 42.627981),25009254301,HLTHOUT,DIABETES,CrdPrv,Diabetes
2023,MA,Massachusetts,Essex,25009,25009254302,BRFSS,Health Outcomes,Diagnosed diabetes among adults,%,Crude prevalence,7.9,,,6.8,9.2,4661,3511,POINT (-71.1070918 42.618104),25009254302,HLTHOUT,DIABETES,CrdPrv,Diabetes
2023,MA,Massachusetts,Essex,25009,25009254401,BRFSS,Health Outcomes,Diagnosed diabetes among adults,%,Crude prevalence,7.6,,,6.5,8.8,3674,2741,POINT (-71.1786937 42.6581235),25009254401,HLTHOUT,DIABETES,CrdPrv,Diabetes
2023,MA,Massachusetts,Essex,25009,25009254402,BRFSS,Health Outcomes,Diagnosed diabetes among adults,%,Crude prevalence,8.3,,,7.1,9.5,7992,6002,POINT (-71.2088367 42.6687191),25009254402,HLTHOUT,DIABETES,CrdPrv,Diabetes
2023,MA,Massachusetts,Essex,25009,25009254403,BRFSS,Health Outcomes,Diagnosed diabetes among adults,%,Crude prevalence,7.7,,,6.6,8.9,3891,2916,POINT (-71.1706817 42.6359797),25009254403,HLTHOUT,DIABETES,CrdPrv,Diabetes
2023,MA,Massachusetts,Essex,25009,25009260100,BRFSS,Health Outcomes,Diagnosed diabetes among adults,%,Crude prevalence,15.6,,,13.7,17.3,6149,4811,POINT (-71.0822135 42.7781441),25009260100,HLTHOUT,DIABETES,CrdPrv,Diabetes
2023,MA,Massachusetts,Essex,25009,25009260200,BRFSS,Health Outcomes,Diagnosed diabetes among adults,%,Crude prevalence,12.1,,,10.5,13.7,3623,2954,POINT (-71.073303 42.7785615),25009260200,HLTHOUT,DIABETES,CrdPrv,Diabetes
2023,MA,Massachusetts,Essex,25009,25009260301,BRFSS,Health Outcomes,Diagnosed diabetes among adults,%,Crude prevalence,9.7,,,8.4,11.1,4722,3825,POINT (-71.04636 42.7771665),25009260301,HLTHOUT,DIABETES,CrdPrv,Diabetes
2023,MA,Massachusetts,Essex,25009,25009260302,BRFSS,Health Outcomes,Diagnosed diabetes among adults,%,Crude prevalence,9.5,,,8.1,11.0,3254,2724,POINT (-71.0401101 42.797895),25009260302,HLTHOUT,DIABETES,CrdPrv,Diabetes
2023,MA,Massachusetts,Essex,25009,25009260401,BRFSS,Health Outcomes,Diagnosed diabetes among adults,%,Crude prevalence,10.3,,,8.9,11.7,4169,3464,POINT (-71.1138 42.803535),25009260401,HLTHOUT,DIABETES,CrdPrv,Diabetes
2023,MA,Massachusetts,Essex,25009,25009260402,BRFSS,Health Outcomes,Diagnosed diabetes among adults,%,Crude prevalence,9.3,,,7.9,10.9,7000,5577,POINT (-71.1464295 42.7942928),25009260402,HLTHOUT,DIABETES,CrdPrv,Diabetes
2023,MA,Massachusetts,Essex,25009,25009260500,BRFSS,Health Outcomes,Diagnosed diabetes among adults,%,Crude prevalence,9.6,,,8.2,11.1,4142,3334,POINT (-71.0792133 42.7968904),25009260500,HLTHOUT,DIABETES,CrdPrv,Diabetes
2023,MA,Massachusetts,Essex,25009,25009260600,BRFSS,Health Outcomes,Diagnosed diabetes among adults,%,Crude prevalence,10.0,,,8.7,11.2,3702,2847,POINT (-71.0913629 42.7928945),25009260600,HLTHOUT,DIABETES,CrdPrv,Diabetes
2023,MA,Massachusetts,Essex,25009,25009260700,BRFSS,Health Outcomes,Diagnosed diabetes among adults,%,Crude prevalence,11.7,,,10.2,13.2,4882,3815,POINT (-71.1013288 42.7860955),25009260700,HLTHOUT,DIABETES,CrdPrv,Diabetes
2023,MA,Massachusetts,Essex,25009,25009260800,BRFSS,Health Outcomes,Diagnosed diabetes among adults,%,Crude prevalence,10.1,,,8.8,11.4,6132,4387,POINT (-71.0922315 42.7737495),25009260800,HLTHOUT,DIABETES,CrdPrv,Diabetes
2023,MA,Massachusetts,Essex,25009,25009260900,BRFSS,Health Outcomes,Diagnosed diabetes among adults,%,Crude prevalence,10.4,,,9.0,11.8,5434,4241,POINT (-71.1073695 42.7732274),25009260900,HLTHOUT,DIABETES,CrdPrv,Diabetes
2023,MA,Massachusetts,Essex,25009,25009261000,BRFSS,Health Outcomes,Diagnosed diabetes among adults,%,Crude prevalence,9.8,,,8.4,11.2,4400,3385,POINT (-71.083463 42.7666364),25009261000,HLTHOUT,DIABETES,CrdPrv,Diabetes
2023,MA,Massachusetts,Essex,25009,25009261101,BRFSS,Health Outcomes,Diagnosed diabetes among adults,%,Crude prevalence,8.0,,,6.9,9.3,5028,4078,POINT (-71.0653711 42.7527656),25009261101,HLTHOUT,DIABETES,CrdPrv,Diabetes
2023,MA,Massachusetts,Essex,25009,25009261102,BRFSS,Health Outcomes,Diagnosed diabetes among adults,%,Crude prevalence,9.1,,,7.8,10.4,5150,4078,POINT (-71.1068199 42.7520146),25009261102,HLTHOUT,DIABETES,CrdPrv,Diabetes
2023,MA,Massachusetts,Essex,25009,25009262100,BRFSS,Health Outcomes,Diagnosed diabetes among adults,%,Crude prevalence,9.6,,,8.1,11.1,6723,5456,POINT (-71.011997 42.8386028),25009262100,HLTHOUT,DIABETES,CrdPrv,Diabetes
2023,MA,Massachusetts,Essex,25009,25009263100,BRFSS,Health Outcomes,Diagnosed diabetes among adults,%,Crude prevalence,8.8,,,7.5,10.3,4500,3541,POINT (-70.9644283 42.7995647),25009263100,HLTHOUT,DIABETES,CrdPrv,Diabetes
2023,MA,Massachusetts,Essex,25009,25009264100,BRFSS,Health Outcomes,Diagnosed diabetes among adults,%,Crude prevalence,8.7,,,7.4,10.2,6752,5384,POINT (-71.0159351 42.7539),25009264100,HLTHOUT,DIABETES,CrdPrv,Diabetes
2023,MA,Massachusetts,Essex,25009,25009265101,BRFSS,Health Outcomes,Diagnosed diabetes among adults,%,Crude prevalence,8.5,,,7.2,10.0,3848,3004,POINT (-70.9992963 42.7120075),25009265101,HLTHOUT,DIABETES,CrdPrv,Diabetes
2023,MA,Massachusetts,Essex,25009,25009265102,BRFSS,Health Outcomes,Diagnosed diabetes among adults,%,Crude prevalence,8.0,,,6.8,9.3,4622,3556,POINT (-70.9600766 42.733822),25009265102,HLTHOUT,DIABETES,CrdPrv,Diabetes
2023,MA,Massachusetts,Essex,25009,25009266100,BRFSS,Health Outcomes,Diagnosed diabetes among adults,%,Crude prevalence,8.3,,,7.1,9.7,4742,3839,POINT (-70.9663149 42.8479814),25009266100,HLTHOUT,DIABETES,CrdPrv,Diabetes
2023,MA,Massachusetts,Essex,25009,25009266200,BRFSS,Health Outcomes,Diagnosed diabetes among adults,%,Crude prevalence,9.9,,,8.5,11.4,5469,4428,POINT (-70.940087 42.8682432),25009266200,HLTHOUT,DIABETES,CrdPrv,Diabetes
2023,MA,Massachusetts,Essex,25009,25009266300,BRFSS,Health Outcomes,Diagnosed diabetes among adults,%,Crude prevalence,10.0,,,8.6,11.6,3780,3156,POINT (-70.9245699 42.843075),25009266300,HLTHOUT,DIABETES,CrdPrv,Diabetes
2023,MA,Massachusetts,Essex,25009,25009266400,BRFSS,Health Outcomes,Diagnosed diabetes among adults,%,Crude prevalence,9.1,,,7.7,10.6,3375,2723,POINT (-70.9122909 42.8627607),25009266400,HLTHOUT,DIABETES,CrdPrv,Diabetes
2023,MA,Massachusetts,Essex,25009,25009267102,BRFSS,Health Outcomes,Diagnosed diabetes among adults,%,Crude prevalence,9.2,,,7.9,10.6,5051,4198,POINT (-70.8761968 42.8573247),25009267102,HLTHOUT,DIABETES,CrdPrv,Diabetes
2023,MA,Massachusetts,Essex,25009,25009267103,BRFSS,Health Outcomes,Diagnosed diabetes among adults,%,Crude prevalence,10.3,,,8.7,12.2,1730,1576,POINT (-70.8178768 42.8451703),25009267103,HLTHOUT,DIABETES,CrdPrv,Diabetes
2023,MA,Massachusetts,Essex,25009,25009267104,BRFSS,Health Outcomes,Diagnosed diabetes among adults,%,Crude prevalence,11.2,,,9.5,13.0,2455,2158,POINT (-70.8395072 42.8310588),25009267104,HLTHOUT,DIABETES,CrdPrv,Diabetes
2023,MA,Massachusetts,Essex,25009,25009268100,BRFSS,Health Outcomes,Diagnosed diabetes among adults,%,Crude prevalence,7.6,,,6.4,8.8,2602,1959,POINT (-70.9242637 42.8179785),25009268100,HLTHOUT,DIABETES,CrdPrv,Diabetes
2023,MA,Massachusetts,Essex,25009,25009268200,BRFSS,Health Outcomes,Diagnosed diabetes among adults,%,Crude prevalence,8.5,,,7.3,9.9,6940,5445,POINT (-70.9054643 42.8117773),25009268200,HLTHOUT,DIABETES,CrdPrv,Diabetes
2023,MA,Massachusetts,Essex,25009,25009268300,BRFSS,Health Outcomes,Diagnosed diabetes among adults,%,Crude prevalence,9.6,,,8.1,11.2,4371,3775,POINT (-70.8771864 42.8105345),25009268300,HLTHOUT,DIABETES,CrdPrv,Diabetes
2023,MA,Massachusetts,Essex,25009,25009268400,BRFSS,Health Outcomes,Diagnosed diabetes among adults,%,Crude prevalence,9.5,,,8.0,10.9,4376,3744,POINT (-70.8329685 42.8054407),25009268400,HLTHOUT,DIABETES,CrdPrv,Diabetes
2023,MA,Massachusetts,Essex,25009,25009269100,BRFSS,Health Outcomes,Diagnosed diabetes among adults,%,Crude prevalence,9.7,,,8.4,11.2,6716,5617,POINT (-70.8724166 42.770406),25009269100,HLTHOUT,DIABETES,CrdPrv,Diabetes
2023,MA,Massachusetts,Essex,25009,25009270100,BRFSS,Health Outcomes,Diagnosed diabetes among adults,%,Crude prevalence,8.6,,,7.4,9.8,6161,4958,POINT (-70.8866372 42.7214946),25009270100,HLTHOUT,DIABETES,CrdPrv,Diabetes
2023,MA,Massachusetts,Franklin,25011,25011040100,BRFSS,Health Outcomes,Diagnosed diabetes among adults,%,Crude prevalence,10.7,,,9.2,12.4,4409,3649,POINT (-72.8434199 42.6596286),25011040100,HLTHOUT,DIABETES,CrdPrv,Diabetes
2023,MA,Massachusetts,Franklin,25011,25011040200,BRFSS,Health Outcomes,Diagnosed diabetes among adults,%,Crude prevalence,10.7,,,9.2,12.5,4387,3640,POINT (-72.5669105 42.6725412),25011040200,HLTHOUT,DIABETES,CrdPrv,Diabetes
2023,MA,Massachusetts,Franklin,25011,25011040300,BRFSS,Health Outcomes,Diagnosed diabetes among adults,%,Crude prevalence,9.8,,,8.3,11.5,2866,2366,POINT (-72.4538758 42.677091),25011040300,HLTHOUT,DIABETES,CrdPrv,Diabetes
2023,MA,Massachusetts,Franklin,25011,25011040400,BRFSS,Health Outcomes,Diagnosed diabetes among adults,%,Crude prevalence,10.2,,,8.8,11.9,3369,2759,POINT (-72.3739696 42.6121275),25011040400,HLTHOUT,DIABETES,CrdPrv,Diabetes
2023,MA,Massachusetts,Franklin,25011,25011040501,BRFSS,Health Outcomes,Diagnosed diabetes among adults,%,Crude prevalence,12.0,,,10.3,13.8,3899,3080,POINT (-72.3152174 42.6028688),25011040501,HLTHOUT,DIABETES,CrdPrv,Diabetes
2023,MA,Massachusetts,Franklin,25011,25011040502,BRFSS,Health Outcomes,Diagnosed diabetes among adults,%,Crude prevalence,13.9,,,12.0,16.3,3670,2993,POINT (-72.2600207 42.6448538),25011040502,HLTHOUT,DIABETES,CrdPrv,Diabetes
2023,MA,Massachusetts,Franklin,25011,25011040600,BRFSS,Health Outcomes,Diagnosed diabetes among adults,%,Crude prevalence,9.7,,,8.3,11.3,4565,3818,POINT (-72.3843581 42.4603034),25011040600,HLTHOUT,DIABETES,CrdPrv,Diabetes
2023,MA,Massachusetts,Franklin,25011,25011040701,BRFSS,Health Outcomes,Diagnosed diabetes among adults,%,Crude prevalence,10.8,,,9.2,12.5,4286,3438,POINT (-72.5611665 42.5969337),25011040701,HLTHOUT,DIABETES,CrdPrv,Diabetes
2023,MA,Massachusetts,Franklin,25011,25011040702,BRFSS,Health Outcomes,Diagnosed diabetes among adults,%,Crude prevalence,10.4,,,8.9,12.2,4294,3611,POINT (-72.5144492 42.5525397),25011040702,HLTHOUT,DIABETES,CrdPrv,Diabetes
2023,MA,Massachusetts,Franklin,25011,25011040800,BRFSS,Health Outcomes,Diagnosed diabetes among adults,%,Crude prevalence,8.7,,,7.5,10.2,5270,4547,POINT (-72.6107838 42.4541064),25011040800,HLTHOUT,DIABETES,CrdPrv,Diabetes
2023,MA,Massachusetts,Franklin,25011,25011040900,BRFSS,Health Outcomes,Diagnosed diabetes among adults,%,Crude prevalence,9.7,,,8.2,11.2,5090,4200,POINT (-72.6131394 42.5179668),25011040900,HLTHOUT,DIABETES,CrdPrv,Diabetes
2023,MA,Massachusetts,Franklin,25011,25011041000,BRFSS,Health Outcomes,Diagnosed diabetes among adults,%,Crude prevalence,11.3,,,9.5,13.3,3483,2766,POINT (-72.6132243 42.6203334),25011041000,HLTHOUT,DIABETES,CrdPrv,Diabetes
2023,MA,Massachusetts,Franklin,25011,25011041100,BRFSS,Health Outcomes,Diagnosed diabetes among adults,%,Crude prevalence,9.4,,,7.9,11.1,3723,3105,POINT (-72.5730183 42.6179249),25011041100,HLTHOUT,DIABETES,CrdPrv,Diabetes
2023,MA,Massachusetts,Franklin,25011,25011041200,BRFSS,Health Outcomes,Diagnosed diabetes among adults,%,Crude prevalence,9.5,,,8.0,11.2,3017,2470,POINT (-72.5980584 42.6019242),25011041200,HLTHOUT,DIABETES,CrdPrv,Diabetes
2023,MA,Massachusetts,Franklin,25011,25011041301,BRFSS,Health Outcomes,Diagnosed diabetes among adults,%,Crude prevalence,11.8,,,10.0,13.8,2587,2192,POINT (-72.6035882 42.5932692),25011041301,HLTHOUT,DIABETES,CrdPrv,Diabetes
2023,MA,Massachusetts,Franklin,25011,25011041302,BRFSS,Health Outcomes,Diagnosed diabetes among adults,%,Crude prevalence,12.5,,,10.6,14.8,2016,1766,POINT (-72.5996903 42.5869631),25011041302,HLTHOUT,DIABETES,CrdPrv,Diabetes
2023,MA,Massachusetts,Franklin,25011,25011041400,BRFSS,Health Outcomes,Diagnosed diabetes among adults,%,Crude prevalence,12.1,,,10.5,13.9,2942,2335,POINT (-72.61251 42.5819387),25011041400,HLTHOUT,DIABETES,CrdPrv,Diabetes
2023,MA,Massachusetts,Franklin,25011,25011041501,BRFSS,Health Outcomes,Diagnosed diabetes among adults,%,Crude prevalence,10.3,,,8.7,12.0,3456,2898,POINT (-72.7568737 42.5260026),25011041501,HLTHOUT,DIABETES,CrdPrv,Diabetes
2023,MA,Massachusetts,Franklin,25011,25011041502,BRFSS,Health Outcomes,Diagnosed diabetes among adults,%,Crude prevalence,11.1,,,9.5,12.8,3700,3166,POINT (-72.726928 42.5933756),25011041502,HLTHOUT,DIABETES,CrdPrv,Diabetes
2023,MA,Massachusetts,Hampden,25013,25013800101,BRFSS,Health Outcomes,Diagnosed diabetes among adults,%,Crude prevalence,12.2,,,10.6,13.7,4089,3002,POINT (-72.503471 42.1502189),25013800101,HLTHOUT,DIABETES,CrdPrv,Diabetes
2023,MA,Massachusetts,Hampden,25013,25013800102,BRFSS,Health Outcomes,Diagnosed diabetes among adults,%,Crude prevalence,13.5,,,11.8,15.2,4438,3120,POINT (-72.4999908 42.1556209),25013800102,HLTHOUT,DIABETES,CrdPrv,Diabetes
2023,MA,Massachusetts,Hampden,25013,25013800201,BRFSS,Health Outcomes,Diagnosed diabetes among adults,%,Crude prevalence,13.5,,,11.8,15.2,6577,5151,POINT (-72.5605022 42.1411661),25013800201,HLTHOUT,DIABETES,CrdPrv,Diabetes
2023,MA,Massachusetts,Hampden,25013,25013800202,BRFSS,Health Outcomes,Diagnosed diabetes among adults,%,Crude prevalence,13.8,,,12.1,15.6,1435,1112,POINT (-72.533746 42.1487442),25013800202,HLTHOUT,DIABETES,CrdPrv,Diabetes
2023,MA,Massachusetts,Hampden,25013,25013800300,BRFSS,Health Outcomes,Diagnosed diabetes among adults,%,Crude prevalence,15.9,,,14.0,17.9,4921,3848,POINT (-72.5754808 42.1369423),25013800300,HLTHOUT,DIABETES,CrdPrv,Diabetes
2023,MA,Massachusetts,Hampden,25013,25013800400,BRFSS,Health Outcomes,Diagnosed diabetes among adults,%,Crude prevalence,13.5,,,11.9,15.2,6632,4905,POINT (-72.5857131 42.1270086),25013800400,HLTHOUT,DIABETES,CrdPrv,Diabetes
2023,MA,Massachusetts,Hampden,25013,25013800500,BRFSS,Health Outcomes,Diagnosed diabetes among adults,%,Crude prevalence,14.1,,,12.5,16.0,3541,2589,POINT (-72.5989734 42.1232518),25013800500,HLTHOUT,DIABETES,CrdPrv,Diabetes
2023,MA,Massachusetts,Hampden,25013,25013800600,BRFSS,Health Outcomes,Diagnosed diabetes among adults,%,Crude prevalence,19.0,,,17.0,21.2,2275,1490,POINT (-72.6083159 42.1201085),25013800600,HLTHOUT,DIABETES,CrdPrv,Diabetes
2023,MA,Massachusetts,Hampden,25013,25013800700,BRFSS,Health Outcomes,Diagnosed diabetes among adults,%,Crude prevalence,22.6,,,20.2,25.0,3902,2647,POINT (-72.618003 42.1177328),25013800700,HLTHOUT,DIABETES,CrdPrv,Diabetes
2023,MA,Massachusetts,Hampden,25013,25013800800,BRFSS,Health Outcomes,Diagnosed diabetes among adults,%,Crude prevalence,24.7,,,22.3,27.1,1982,1453,POINT (-72.6037069 42.1102115),25013800800,HLTHOUT,DIABETES,CrdPrv,Diabetes
2023,MA,Massachusetts,Hampden,25013,25013800900,BRFSS,Health Outcomes,Diagnosed diabetes among adults,%,Crude prevalence,24.6,,,22.2,27.3,4225,3027,POINT (-72.5903571 42.1152828),25013800900,HLTHOUT,DIABETES,CrdPrv,Diabetes
2023,MA,Massachusetts,Hampden,25013,25013801101,BRFSS,Health Outcomes,Diagnosed diabetes among adults,%,Crude prevalence,22.1,,,19.6,24.7,1993,1669,POINT (-72.5941975 42.1035585),25013801101,HLTHOUT,DIABETES,CrdPrv,Diabetes
2023,MA,Massachusetts,Hampden,25013,25013801102,BRFSS,Health Outcomes,Diagnosed diabetes among adults,%,Crude prevalence,13.0,,,11.5,14.7,1155,953,POINT (-72.5852848 42.0979447),25013801102,HLTHOUT,DIABETES,CrdPrv,Diabetes
2023,MA,Massachusetts,Hampden,25013,25013801200,BRFSS,Health Outcomes,Diagnosed diabetes among adults,%,Crude prevalence,22.9,,,20.5,25.4,2726,2121,POINT (-72.5838586 42.1087779),25013801200,HLTHOUT,DIABETES,CrdPrv,Diabetes
2023,MA,Massachusetts,Hampden,25013,25013801300,BRFSS,Health Outcomes,Diagnosed diabetes among adults,%,Crude prevalence,17.4,,,15.5,19.5,4859,3451,POINT (-72.5716141 42.1156974),25013801300,HLTHOUT,DIABETES,CrdPrv,Diabetes
2023,MA,Massachusetts,Hampden,25013,25013801401,BRFSS,Health Outcomes,Diagnosed diabetes among adults,%,Crude prevalence,16.9,,,15.0,18.8,4269,3075,POINT (-72.5539586 42.1275811),25013801401,HLTHOUT,DIABETES,CrdPrv,Diabetes
2023,MA,Massachusetts,Hampden,25013,25013801402,BRFSS,Health Outcomes,Diagnosed diabetes among adults,%,Crude prevalence,16.2,,,14.4,18.2,2145,1735,POINT (-72.5447039 42.1250324),25013801402,HLTHOUT,DIABETES,CrdPrv,Diabetes
2023,MA,Massachusetts,Hampden,25013,25013801501,BRFSS,Health Outcomes,Diagnosed diabetes among adults,%,Crude prevalence,13.5,,,11.8,15.2,5523,4285,POINT (-72.5333379 42.121718),25013801501,HLTHOUT,DIABETES,CrdPrv,Diabetes
2023,MA,Massachusetts,Hampden,25013,25013801502,BRFSS,Health Outcomes,Diagnosed diabetes among adults,%,Crude prevalence,17.0,,,15.1,19.0,3403,2507,POINT (-72.5266524 42.1337936),25013801502,HLTHOUT,DIABETES,CrdPrv,Diabetes
2023,MA,Massachusetts,Hampden,25013,25013801503,BRFSS,Health Outcomes,Diagnosed diabetes among adults,%,Crude prevalence,16.2,,,14.4,18.1,4225,3273,POINT (-72.5014403 42.1394672),25013801503,HLTHOUT,DIABETES,CrdPrv,Diabetes
2023,MA,Massachusetts,Hampden,25013,25013801601,BRFSS,Health Outcomes,Diagnosed diabetes among adults,%,Crude prevalence,9.6,,,8.4,10.9,4959,4255,POINT (-72.5201249 42.1111077),25013801601,HLTHOUT,DIABETES,CrdPrv,Diabetes
2023,MA,Massachusetts,Hampden,25013,25013801602,BRFSS,Health Outcomes,Diagnosed diabetes among adults,%,Crude prevalence,11.0,,,9.7,12.5,5024,3918,POINT (-72.5078687 42.1241992),25013801602,HLTHOUT,DIABETES,CrdPrv,Diabetes
2023,MA,Massachusetts,Hampden,25013,25013801603,BRFSS,Health Outcomes,Diagnosed diabetes among adults,%,Crude prevalence,11.7,,,10.1,13.4,4122,3376,POINT (-72.4881183 42.1267663),25013801603,HLTHOUT,DIABETES,CrdPrv,Diabetes
2023,MA,Massachusetts,Hampden,25013,25013801604,BRFSS,Health Outcomes,Diagnosed diabetes among adults,%,Crude prevalence,10.7,,,9.3,12.2,3723,3129,POINT (-72.4895603 42.1022055),25013801604,HLTHOUT,DIABETES,CrdPrv,Diabetes
2023,MA,Massachusetts,Hampden,25013,25013801605,BRFSS,Health Outcomes,Diagnosed diabetes among adults,%,Crude prevalence,14.1,,,12.5,15.9,4566,3405,POINT (-72.5037021 42.0958097),25013801605,HLTHOUT,DIABETES,CrdPrv,Diabetes
2023,MA,Massachusetts,Hampden,25013,25013801700,BRFSS,Health Outcomes,Diagnosed diabetes among adults,%,Crude prevalence,10.6,,,9.4,11.8,7845,6344,POINT (-72.5530472 42.1093016),25013801700,HLTHOUT,DIABETES,CrdPrv,Diabetes
2023,MA,Massachusetts,Hampden,25013,25013801800,BRFSS,Health Outcomes,Diagnosed diabetes among adults,%,Crude prevalence,15.5,,,13.8,17.4,4351,2972,POINT (-72.5654791 42.1055652),25013801800,HLTHOUT,DIABETES,CrdPrv,Diabetes
2023,MA,Massachusetts,Hampden,25013,25013801901,BRFSS,Health Outcomes,Diagnosed diabetes among adults,%,Crude prevalence,19.0,,,17.0,20.9,3954,2729,POINT (-72.5714194 42.0950982),25013801901,HLTHOUT,DIABETES,CrdPrv,Diabetes
2023,MA,Massachusetts,Hampden,25013,25013801902,BRFSS,Health Outcomes,Diagnosed diabetes among adults,%,Crude prevalence,20.0,,,17.9,22.4,3556,2650,POINT (-72.5759436 42.1025279),25013801902,HLTHOUT,DIABETES,CrdPrv,Diabetes
2023,MA,Massachusetts,Hampden,25013,25013802000,BRFSS,Health Outcomes,Diagnosed diabetes among adults,%,Crude prevalence,18.6,,,16.6,20.9,2736,1883,POINT (-72.5811535 42.0920203),25013802000,HLTHOUT,DIABETES,CrdPrv,Diabetes
2023,MA,Massachusetts,Hampden,25013,25013802101,BRFSS,Health Outcomes,Diagnosed diabetes among adults,%,Crude prevalence,14.8,,,13.0,16.7,6176,4729,POINT (-72.5687935 42.0793013),25013802101,HLTHOUT,DIABETES,CrdPrv,Diabetes
2023,MA,Massachusetts,Hampden,25013,25013802200,BRFSS,Health Outcomes,Diagnosed diabetes among adults,%,Crude prevalence,15.4,,,13.5,17.2,3594,2522,POINT (-72.5652523 42.0907242),25013802200,HLTHOUT,DIABETES,CrdPrv,Diabetes
2023,MA,Massachusetts,Hampden,25013,25013802300,BRFSS,Health Outcomes,Diagnosed diabetes among adults,%,Crude prevalence,15.0,,,13.4,16.7,7033,4919,POINT (-72.5559081 42.0919724),25013802300,HLTHOUT,DIABETES,CrdPrv,Diabetes
2023,MA,Massachusetts,Hampden,25013,25013802400,BRFSS,Health Outcomes,Diagnosed diabetes among adults,%,Crude prevalence,11.9,,,10.3,13.5,3629,2990,POINT (-72.5406623 42.1020493),25013802400,HLTHOUT,DIABETES,CrdPrv,Diabetes
2023,MA,Massachusetts,Hampden,25013,25013802500,BRFSS,Health Outcomes,Diagnosed diabetes among adults,%,Crude prevalence,10.8,,,9.4,12.3,6973,5572,POINT (-72.5279649 42.0898451),25013802500,HLTHOUT,DIABETES,CrdPrv,Diabetes
2023,MA,Massachusetts,Hampden,25013,25013802601,BRFSS,Health Outcomes,Diagnosed diabetes among adults,%,Crude prevalence,13.8,,,12.0,15.6,7351,5402,POINT (-72.5466413 42.081299),25013802601,HLTHOUT,DIABETES,CrdPrv,Diabetes
2023,MA,Massachusetts,Hampden,25013,25013802602,BRFSS,Health Outcomes,Diagnosed diabetes among adults,%,Crude prevalence,10.7,,,9.2,12.4,2022,1708,POINT (-72.5445884 42.0704803),25013802602,HLTHOUT,DIABETES,CrdPrv,Diabetes
2023,MA,Massachusetts,Hampden,25013,25013810100,BRFSS,Health Outcomes,Diagnosed diabetes among adults,%,Crude prevalence,11.0,,,9.3,12.7,6156,5079,POINT (-72.2759715 42.1820762),25013810100,HLTHOUT,DIABETES,CrdPrv,Diabetes
2023,MA,Massachusetts,Hampden,25013,25013810200,BRFSS,Health Outcomes,Diagnosed diabetes among adults,%,Crude prevalence,11.1,,,9.6,12.6,2950,2407,POINT (-72.3288884 42.1943268),25013810200,HLTHOUT,DIABETES,CrdPrv,Diabetes
2023,MA,Massachusetts,Hampden,25013,25013810300,BRFSS,Health Outcomes,Diagnosed diabetes among adults,%,Crude prevalence,9.8,,,8.4,11.2,3339,2676,POINT (-72.3784722 42.1715436),25013810300,HLTHOUT,DIABETES,CrdPrv,Diabetes
2023,MA,Massachusetts,Hampden,25013,25013810403,BRFSS,Health Outcomes,Diagnosed diabetes among adults,%,Crude prevalence,12.7,,,11.0,14.6,4033,3306,POINT (-72.4854113 42.1594473),25013810403,HLTHOUT,DIABETES,CrdPrv,Diabetes
2023,MA,Massachusetts,Hampden,25013,25013810404,BRFSS,Health Outcomes,Diagnosed diabetes among adults,%,Crude prevalence,11.2,,,9.5,13.1,3611,3010,POINT (-72.4488758 42.1647684),25013810404,HLTHOUT,DIABETES,CrdPrv,Diabetes
2023,MA,Massachusetts,Hampden,25013,25013810412,BRFSS,Health Outcomes,Diagnosed diabetes among adults,%,Crude prevalence,11.5,,,9.8,13.2,6018,5040,POINT (-72.4921333 42.1765547),25013810412,HLTHOUT,DIABETES,CrdPrv,Diabetes
2023,MA,Massachusetts,Hampden,25013,25013810414,BRFSS,Health Outcomes,Diagnosed diabetes among adults,%,Crude prevalence,9.7,,,8.3,11.3,7340,6212,POINT (-72.4510238 42.1971683),25013810414,HLTHOUT,DIABETES,CrdPrv,Diabetes
2023,MA,Massachusetts,Hampden,25013,25013810601,BRFSS,Health Outcomes,Diagnosed diabetes among adults,%,Crude prevalence,13.7,,,11.9,15.5,4159,3482,POINT (-72.5820513 42.1652432),25013810601,HLTHOUT,DIABETES,CrdPrv,Diabetes
2023,MA,Massachusetts,Hampden,25013,25013810602,BRFSS,Health Outcomes,Diagnosed diabetes among adults,%,Crude prevalence,11.7,,,9.9,13.6,2573,2202,POINT (-72.5412896 42.1734298),25013810602,HLTHOUT,DIABETES,CrdPrv,Diabetes
2023,MA,Massachusetts,Hampden,25013,25013810700,BRFSS,Health Outcomes,Diagnosed diabetes among adults,%,Crude prevalence,13.0,,,11.3,14.8,6247,4993,POINT (-72.5668992 42.154223),25013810700,HLTHOUT,DIABETES,CrdPrv,Diabetes
2023,MA,Massachusetts,Hampden,25013,25013810800,BRFSS,Health Outcomes,Diagnosed diabetes among adults,%,Crude prevalence,12.1,,,10.6,13.6,4080,3182,POINT (-72.5878815 42.1481702),25013810800,HLTHOUT,DIABETES,CrdPrv,Diabetes
2023,MA,Massachusetts,Hampden,25013,25013810901,BRFSS,Health Outcomes,Diagnosed diabetes among adults,%,Crude prevalence,13.8,,,12.0,15.7,1989,1549,POINT (-72.611705 42.1427455),25013810901,HLTHOUT,DIABETES,CrdPrv,Diabetes
2023,MA,Massachusetts,Hampden,25013,25013810902,BRFSS,Health Outcomes,Diagnosed diabetes among adults,%,Crude prevalence,10.0,,,8.7,11.5,4601,3620,POINT (-72.6051697 42.136693),25013810902,HLTHOUT,DIABETES,CrdPrv,Diabetes
2023,MA,Massachusetts,Hampden,25013,25013811000,BRFSS,Health Outcomes,Diagnosed diabetes among adults,%,Crude prevalence,10.5,,,9.1,12.0,4862,3960,POINT (-72.6037697 42.1598153),25013811000,HLTHOUT,DIABETES,CrdPrv,Diabetes
2023,MA,Massachusetts,Hampden,25013,25013811101,BRFSS,Health Outcomes,Diagnosed diabetes among adults,%,Crude prevalence,12.1,,,10.5,13.8,5150,3928,POINT (-72.6111598 42.1839397),25013811101,HLTHOUT,DIABETES,CrdPrv,Diabetes
2023,MA,Massachusetts,Hampden,25013,25013811102,BRFSS,Health Outcomes,Diagnosed diabetes among adults,%,Crude prevalence,12.0,,,10.4,13.5,5994,4582,POINT (-72.6209794 42.1632587),25013811102,HLTHOUT,DIABETES,CrdPrv,Diabetes
2023,MA,Massachusetts,Hampden,25013,25013811200,BRFSS,Health Outcomes,Diagnosed diabetes among adults,%,Crude prevalence,12.3,,,10.7,14.0,4767,3929,POINT (-72.5893989 42.1810868),25013811200,HLTHOUT,DIABETES,CrdPrv,Diabetes
2023,MA,Massachusetts,Hampden,25013,25013811301,BRFSS,Health Outcomes,Diagnosed diabetes among adults,%,Crude prevalence,10.5,,,9.1,12.1,5578,4648,POINT (-72.5830989 42.1992427),25013811301,HLTHOUT,DIABETES,CrdPrv,Diabetes
2023,MA,Massachusetts,Hampden,25013,25013811302,BRFSS,Health Outcomes,Diagnosed diabetes among adults,%,Crude prevalence,12.1,,,10.5,13.8,5560,4644,POINT (-72.5463762 42.1999856),25013811302,HLTHOUT,DIABETES,CrdPrv,Diabetes
2023,MA,Massachusetts,Hampden,25013,25013811400,BRFSS,Health Outcomes,Diagnosed diabetes among adults,%,Crude prevalence,16.4,,,14.4,18.5,2290,1585,POINT (-72.5959824 42.2038574),25013811400,HLTHOUT,DIABETES,CrdPrv,Diabetes
2023,MA,Massachusetts,Hampden,25013,25013811500,BRFSS,Health Outcomes,Diagnosed diabetes among adults,%,Crude prevalence,22.5,,,20.2,24.9,2202,1389,POINT (-72.6058386 42.1961341),25013811500,HLTHOUT,DIABETES,CrdPrv,Diabetes
2023,MA,Massachusetts,Hampden,25013,25013811600,BRFSS,Health Outcomes,Diagnosed diabetes among adults,%,Crude prevalence,18.6,,,16.5,20.9,3501,2410,POINT (-72.6127522 42.2009865),25013811600,HLTHOUT,DIABETES,CrdPrv,Diabetes
2023,MA,Massachusetts,Hampden,25013,25013811700,BRFSS,Health Outcomes,Diagnosed diabetes among adults,%,Crude prevalence,21.7,,,19.4,24.3,2050,1629,POINT (-72.6050354 42.2097753),25013811700,HLTHOUT,DIABETES,CrdPrv,Diabetes
2023,MA,Massachusetts,Hampden,25013,25013811800,BRFSS,Health Outcomes,Diagnosed diabetes among adults,%,Crude prevalence,12.9,,,11.3,14.8,3990,3037,POINT (-72.6207388 42.2124034),25013811800,HLTHOUT,DIABETES,CrdPrv,Diabetes
2023,MA,Massachusetts,Hampden,25013,25013811900,BRFSS,Health Outcomes,Diagnosed diabetes among adults,%,Crude prevalence,10.1,,,8.5,11.6,3464,2928,POINT (-72.6321075 42.2477995),25013811900,HLTHOUT,DIABETES,CrdPrv,Diabetes
2023,MA,Massachusetts,Hampden,25013,25013812001,BRFSS,Health Outcomes,Diagnosed diabetes among adults,%,Crude prevalence,15.2,,,13.2,17.2,3450,2774,POINT (-72.6252293 42.2077361),25013812001,HLTHOUT,DIABETES,CrdPrv,Diabetes
2023,MA,Massachusetts,Hampden,25013,25013812002,BRFSS,Health Outcomes,Diagnosed diabetes among adults,%,Crude prevalence,13.9,,,12.0,15.8,4438,3452,POINT (-72.6499761 42.2148066),25013812002,HLTHOUT,DIABETES,CrdPrv,Diabetes
2023,MA,Massachusetts,Hampden,25013,25013812101,BRFSS,Health Outcomes,Diagnosed diabetes among adults,%,Crude prevalence,11.3,,,9.6,13.1,4921,4219,POINT (-72.6620143 42.1951906),25013812101,HLTHOUT,DIABETES,CrdPrv,Diabetes
2023,MA,Massachusetts,Hampden,25013,25013812103,BRFSS,Health Outcomes,Diagnosed diabetes among adults,%,Crude prevalence,16.9,,,14.6,19.3,3579,2844,POINT (-72.6274091 42.1840899),25013812103,HLTHOUT,DIABETES,CrdPrv,Diabetes
2023,MA,Massachusetts,Hampden,25013,25013812104,BRFSS,Health Outcomes,Diagnosed diabetes among adults,%,Crude prevalence,15.6,,,13.8,17.6,4353,3460,POINT (-72.6296984 42.1930004),25013812104,HLTHOUT,DIABETES,CrdPrv,Diabetes
2023,MA,Massachusetts,Hampden,25013,25013812201,BRFSS,Health Outcomes,Diagnosed diabetes among adults,%,Crude prevalence,11.9,,,10.3,13.6,4790,3913,POINT (-72.6264629 42.1210667),25013812201,HLTHOUT,DIABETES,CrdPrv,Diabetes
2023,MA,Massachusetts,Hampden,25013,25013812202,BRFSS,Health Outcomes,Diagnosed diabetes among adults,%,Crude prevalence,12.0,,,10.4,13.7,3708,3231,POINT (-72.6379448 42.1484719),25013812202,HLTHOUT,DIABETES,CrdPrv,Diabetes
2023,MA,Massachusetts,Hampden,25013,25013812300,BRFSS,Health Outcomes,Diagnosed diabetes among adults,%,Crude prevalence,13.5,,,11.9,15.2,6133,4558,POINT (-72.6140171 42.0969696),25013812300,HLTHOUT,DIABETES,CrdPrv,Diabetes
2023,MA,Massachusetts,Hampden,25013,25013812401,BRFSS,Health Outcomes,Diagnosed diabetes among adults,%,Crude prevalence,9.7,,,8.2,11.3,6365,5098,POINT (-72.6696042 42.1357527),25013812401,HLTHOUT,DIABETES,CrdPrv,Diabetes
2023,MA,Massachusetts,Hampden,25013,25013812403,BRFSS,Health Outcomes,Diagnosed diabetes among adults,%,Crude prevalence,10.5,,,8.9,12.1,3957,3207,POINT (-72.6452188 42.1067532),25013812403,HLTHOUT,DIABETES,CrdPrv,Diabetes
2023,MA,Massachusetts,Hampden,25013,25013812404,BRFSS,Health Outcomes,Diagnosed diabetes among adults,%,Crude prevalence,9.6,,,8.2,11.1,3882,2982,POINT (-72.6505736 42.1196929),25013812404,HLTHOUT,DIABETES,CrdPrv,Diabetes
2023,MA,Massachusetts,Hampden,25013,25013812500,BRFSS,Health Outcomes,Diagnosed diabetes among adults,%,Crude prevalence,10.4,,,8.9,12.0,7688,5978,POINT (-72.705304 42.1476434),25013812500,HLTHOUT,DIABETES,CrdPrv,Diabetes
2023,MA,Massachusetts,Hampden,25013,25013812600,BRFSS,Health Outcomes,Diagnosed diabetes among adults,%,Crude prevalence,9.5,,,8.1,11.1,6639,5380,POINT (-72.7313595 42.0970829),25013812600,HLTHOUT,DIABETES,CrdPrv,Diabetes
2023,MA,Massachusetts,Hampden,25013,25013812701,BRFSS,Health Outcomes,Diagnosed diabetes among adults,%,Crude prevalence,12.7,,,11.2,14.6,3966,3120,POINT (-72.7564179 42.1202969),25013812701,HLTHOUT,DIABETES,CrdPrv,Diabetes
2023,MA,Massachusetts,Hampden,25013,25013812702,BRFSS,Health Outcomes,Diagnosed diabetes among adults,%,Crude prevalence,12.6,,,11.0,14.4,5242,4205,POINT (-72.7407347 42.1208544),25013812702,HLTHOUT,DIABETES,CrdPrv,Diabetes
2023,MA,Massachusetts,Hampden,25013,25013812800,BRFSS,Health Outcomes,Diagnosed diabetes among adults,%,Crude prevalence,10.8,,,9.2,12.4,7112,5757,POINT (-72.7739783 42.1620353),25013812800,HLTHOUT,DIABETES,CrdPrv,Diabetes
2023,MA,Massachusetts,Hampden,25013,25013812901,BRFSS,Health Outcomes,Diagnosed diabetes among adults,%,Crude prevalence,10.0,,,8.6,11.7,3092,2563,POINT (-72.7753644 42.1174206),25013812901,HLTHOUT,DIABETES,CrdPrv,Diabetes
2023,MA,Massachusetts,Hampden,25013,25013812902,BRFSS,Health Outcomes,Diagnosed diabetes among adults,%,Crude prevalence,9.6,,,8.1,11.1,4880,4016,POINT (-72.805223 42.1188875),25013812902,HLTHOUT,DIABETES,CrdPrv,Diabetes
2023,MA,Massachusetts,Hampden,25013,25013812903,BRFSS,Health Outcomes,Diagnosed diabetes among adults,%,Crude prevalence,1.1,,,0.9,1.2,2215,2207,POINT (-72.791467 42.1303848),25013812903,HLTHOUT,DIABETES,CrdPrv,Diabetes
2023,MA,Massachusetts,Hampden,25013,25013813001,BRFSS,Health Outcomes,Diagnosed diabetes among adults,%,Crude prevalence,10.8,,,9.5,12.3,2914,2464,POINT (-72.9640756 42.1920235),25013813001,HLTHOUT,DIABETES,CrdPrv,Diabetes
2023,MA,Massachusetts,Hampden,25013,25013813002,BRFSS,Health Outcomes,Diagnosed diabetes among adults,%,Crude prevalence,9.6,,,8.3,11.0,4000,3230,POINT (-72.8850695 42.13118),25013813002,HLTHOUT,DIABETES,CrdPrv,Diabetes
2023,MA,Massachusetts,Hampden,25013,25013813101,BRFSS,Health Outcomes,Diagnosed diabetes among adults,%,Crude prevalence,10.2,,,8.8,11.9,5630,4663,POINT (-72.7439247 42.0535733),25013813101,HLTHOUT,DIABETES,CrdPrv,Diabetes
2023,MA,Massachusetts,Hampden,25013,25013813102,BRFSS,Health Outcomes,Diagnosed diabetes among adults,%,Crude prevalence,10.3,,,8.7,12.1,3602,2950,POINT (-72.7955234 42.0561303),25013813102,HLTHOUT,DIABETES,CrdPrv,Diabetes
2023,MA,Massachusetts,Hampden,25013,25013813204,BRFSS,Health Outcomes,Diagnosed diabetes among adults,%,Crude prevalence,9.4,,,8.0,11.1,3348,2715,POINT (-72.6858005 42.094024),25013813204,HLTHOUT,DIABETES,CrdPrv,Diabetes
2023,MA,Massachusetts,Hampden,25013,25013813205,BRFSS,Health Outcomes,Diagnosed diabetes among adults,%,Crude prevalence,11.4,,,9.8,13.0,7254,6048,POINT (-72.6647232 42.0514394),25013813205,HLTHOUT,DIABETES,CrdPrv,Diabetes
2023,MA,Massachusetts,Hampden,25013,25013813206,BRFSS,Health Outcomes,Diagnosed diabetes among adults,%,Crude prevalence,10.1,,,8.7,11.6,3980,3202,POINT (-72.6599096 42.0709221),25013813206,HLTHOUT,DIABETES,CrdPrv,Diabetes
2023,MA,Massachusetts,Hampden,25013,25013813207,BRFSS,Health Outcomes,Diagnosed diabetes among adults,%,Crude prevalence,9.4,,,8.0,10.9,5302,4232,POINT (-72.633896 42.0828702),25013813207,HLTHOUT,DIABETES,CrdPrv,Diabetes
2023,MA,Massachusetts,Hampden,25013,25013813208,BRFSS,Health Outcomes,Diagnosed diabetes among adults,%,Crude prevalence,10.3,,,8.8,11.8,2956,2419,POINT (-72.6070253 42.0557275),25013813208,HLTHOUT,DIABETES,CrdPrv,Diabetes
2023,MA,Massachusetts,Hampden,25013,25013813209,BRFSS,Health Outcomes,Diagnosed diabetes among adults,%,Crude prevalence,11.0,,,9.4,12.7,5852,4941,POINT (-72.6116514 42.0827531),25013813209,HLTHOUT,DIABETES,CrdPrv,Diabetes
2023,MA,Massachusetts,Hampden,25013,25013813301,BRFSS,Health Outcomes,Diagnosed diabetes among adults,%,Crude prevalence,8.4,,,7.2,9.8,7273,5562,POINT (-72.5864315 42.0465551),25013813301,HLTHOUT,DIABETES,CrdPrv,Diabetes
2023,MA,Massachusetts,Hampden,25013,25013813303,BRFSS,Health Outcomes,Diagnosed diabetes among adults,%,Crude prevalence,9.6,,,8.1,11.3,4449,3411,POINT (-72.5484348 42.053633),25013813303,HLTHOUT,DIABETES,CrdPrv,Diabetes
2023,MA,Massachusetts,Hampden,25013,25013813304,BRFSS,Health Outcomes,Diagnosed diabetes among adults,%,Crude prevalence,9.6,,,8.2,11.3,4131,3146,POINT (-72.563477 42.0416997),25013813304,HLTHOUT,DIABETES,CrdPrv,Diabetes
2023,MA,Massachusetts,Hampden,25013,25013813401,BRFSS,Health Outcomes,Diagnosed diabetes among adults,%,Crude prevalence,9.4,,,8.1,10.8,5341,4297,POINT (-72.5264794 42.0739761),25013813401,HLTHOUT,DIABETES,CrdPrv,Diabetes
2023,MA,Massachusetts,Hampden,25013,25013813403,BRFSS,Health Outcomes,Diagnosed diabetes among adults,%,Crude prevalence,9.3,,,7.9,11.0,4156,3319,POINT (-72.4926853 42.083507),25013813403,HLTHOUT,DIABETES,CrdPrv,Diabetes
2023,MA,Massachusetts,Hampden,25013,25013813404,BRFSS,Health Outcomes,Diagnosed diabetes among adults,%,Crude prevalence,9.6,,,8.1,11.2,6933,5472,POINT (-72.4916994 42.0490058),25013813404,HLTHOUT,DIABETES,CrdPrv,Diabetes
2023,MA,Massachusetts,Hampden,25013,25013813500,BRFSS,Health Outcomes,Diagnosed diabetes among adults,%,Crude prevalence,9.9,,,8.4,11.5,4966,4162,POINT (-72.4177176 42.0711876),25013813500,HLTHOUT,DIABETES,CrdPrv,Diabetes
2023,MA,Massachusetts,Hampden,25013,25013813601,BRFSS,Health Outcomes,Diagnosed diabetes among adults,%,Crude prevalence,10.3,,,8.8,12.0,8332,6673,POINT (-72.440947 42.1402831),25013813601,HLTHOUT,DIABETES,CrdPrv,Diabetes
2023,MA,Massachusetts,Hampden,25013,25013813602,BRFSS,Health Outcomes,Diagnosed diabetes among adults,%,Crude prevalence,8.5,,,7.2,9.8,6281,4861,POINT (-72.4301115 42.1123929),25013813602,HLTHOUT,DIABETES,CrdPrv,Diabetes
2023,MA,Massachusetts,Hampden,25013,25013813701,BRFSS,Health Outcomes,Diagnosed diabetes among adults,%,Crude prevalence,11.8,,,10.3,13.6,3358,2783,POINT (-72.2937323 42.0813224),25013813701,HLTHOUT,DIABETES,CrdPrv,Diabetes
2023,MA,Massachusetts,Hampden,25013,25013813702,BRFSS,Health Outcomes,Diagnosed diabetes among adults,%,Crude prevalence,10.9,,,9.4,12.4,4795,3990,POINT (-72.3431695 42.0879681),25013813702,HLTHOUT,DIABETES,CrdPrv,Diabetes
2023,MA,Massachusetts,Hampden,25013,25013813801,BRFSS,Health Outcomes,Diagnosed diabetes among adults,%,Crude prevalence,10.2,,,8.9,11.7,4435,3584,POINT (-72.2055089 42.0618481),25013813801,HLTHOUT,DIABETES,CrdPrv,Diabetes
2023,MA,Massachusetts,Hampden,25013,25013813802,BRFSS,Health Outcomes,Diagnosed diabetes among adults,%,Crude prevalence,10.1,,,8.5,11.8,3694,3008,POINT (-72.2053516 42.1281757),25013813802,HLTHOUT,DIABETES,CrdPrv,Diabetes
2023,MA,Massachusetts,Hampshire,25015,25015820101,BRFSS,Health Outcomes,Diagnosed diabetes among adults,%,Crude prevalence,10.9,,,9.3,12.5,6295,5159,POINT (-72.2911058 42.2746248),25015820101,HLTHOUT,DIABETES,CrdPrv,Diabetes
2023,MA,Massachusetts,Hampshire,25015,25015820102,BRFSS,Health Outcomes,Diagnosed diabetes among adults,%,Crude prevalence,12.9,,,11.2,14.7,3771,2877,POINT (-72.2274184 42.2530909),25015820102,HLTHOUT,DIABETES,CrdPrv,Diabetes
2023,MA,Massachusetts,Hampshire,25015,25015820205,BRFSS,Health Outcomes,Diagnosed diabetes among adults,%,Crude prevalence,8.6,,,7.3,10.0,7658,6103,POINT (-72.3945726 42.3162144),25015820205,HLTHOUT,DIABETES,CrdPrv,Diabetes
2023,MA,Massachusetts,Hampshire,25015,25015820206,BRFSS,Health Outcomes,Diagnosed diabetes among adults,%,Crude prevalence,10.4,,,8.8,12.2,3848,3126,POINT (-72.4122869 42.260072),25015820206,HLTHOUT,DIABETES,CrdPrv,Diabetes
2023,MA,Massachusetts,Hampshire,25015,25015820207,BRFSS,Health Outcomes,Diagnosed diabetes among adults,%,Crude prevalence,9.1,,,7.9,10.6,5124,4047,POINT (-72.4371953 42.2976756),25015820207,HLTHOUT,DIABETES,CrdPrv,Diabetes
2023,MA,Massachusetts,Hampshire,25015,25015820300,BRFSS,Health Outcomes,Diagnosed diabetes among adults,%,Crude prevalence,8.3,,,7.2,9.5,7157,6101,POINT (-72.5188277 42.4122164),25015820300,HLTHOUT,DIABETES,CrdPrv,Diabetes
2023,MA,Massachusetts,Hampshire,25015,25015820400,BRFSS,Health Outcomes,Diagnosed diabetes among adults,%,Crude prevalence,1.0,,,0.8,1.1,13131,13070,POINT (-72.526061 42.3888737),25015820400,HLTHOUT,DIABETES,CrdPrv,Diabetes
2023,MA,Massachusetts,Hampshire,25015,25015820500,BRFSS,Health Outcomes,Diagnosed diabetes among adults,%,Crude prevalence,9.5,,,8.2,10.9,6739,6054,POINT (-72.5205553 42.372071),25015820500,HLTHOUT,DIABETES,CrdPrv,Diabetes
2023,MA,Massachusetts,Hampshire,25015,25015820600,BRFSS,Health Outcomes,Diagnosed diabetes among adults,%,Crude prevalence,1.3,,,1.1,1.5,1641,1614,POINT (-72.5103072 42.3712298),25015820600,HLTHOUT,DIABETES,CrdPrv,Diabetes
2023,MA,Massachusetts,Hampshire,25015,25015820700,BRFSS,Health Outcomes,Diagnosed diabetes among adults,%,Crude prevalence,8.3,,,7.1,9.6,4458,3719,POINT (-72.4876835 42.3707855),25015820700,HLTHOUT,DIABETES,CrdPrv,Diabetes
2023,MA,Massachusetts,Hampshire,25015,25015820801,BRFSS,Health Outcomes,Diagnosed diabetes among adults,%,Crude prevalence,7.2,,,6.1,8.3,5558,4600,POINT (-72.5088056 42.3291019),25015820801,HLTHOUT,DIABETES,CrdPrv,Diabetes
2023,MA,Massachusetts,Hampshire,25015,25015820802,BRFSS,Health Outcomes,Diagnosed diabetes among adults,%,Crude prevalence,0.7,,,0.5,0.8,579,570,POINT (-72.5313144 42.3238724),25015820802,HLTHOUT,DIABETES,CrdPrv,Diabetes
2023,MA,Massachusetts,Hampshire,25015,25015820900,BRFSS,Health Outcomes,Diagnosed diabetes among adults,%,Crude prevalence,9.2,,,7.8,10.6,6110,5038,POINT (-72.5001426 42.2449487),25015820900,HLTHOUT,DIABETES,CrdPrv,Diabetes
2023,MA,Massachusetts,Hampshire,25015,25015821000,BRFSS,Health Outcomes,Diagnosed diabetes among adults,%,Crude prevalence,9.7,,,8.2,11.4,4446,3661,POINT (-72.562781 42.2315905),25015821000,HLTHOUT,DIABETES,CrdPrv,Diabetes
2023,MA,Massachusetts,Hampshire,25015,25015821101,BRFSS,Health Outcomes,Diagnosed diabetes among adults,%,Crude prevalence,8.9,,,7.5,10.4,7041,5806,POINT (-72.59401 42.2290052),25015821101,HLTHOUT,DIABETES,CrdPrv,Diabetes
2023,MA,Massachusetts,Hampshire,25015,25015821200,BRFSS,Health Outcomes,Diagnosed diabetes among adults,%,Crude prevalence,0.9,,,0.8,1.1,2185,2148,POINT (-72.5700066 42.2548202),25015821200,HLTHOUT,DIABETES,CrdPrv,Diabetes
2023,MA,Massachusetts,Hampshire,25015,25015821300,BRFSS,Health Outcomes,Diagnosed diabetes among adults,%,Crude prevalence,9.2,,,7.7,10.9,4478,3790,POINT (-72.58155 42.2769358),25015821300,HLTHOUT,DIABETES,CrdPrv,Diabetes
2023,MA,Massachusetts,Hampshire,25015,25015821400,BRFSS,Health Outcomes,Diagnosed diabetes among adults,%,Crude prevalence,8.3,,,7.0,9.9,5325,4558,POINT (-72.5686319 42.3564911),25015821400,HLTHOUT,DIABETES,CrdPrv,Diabetes
2023,MA,Massachusetts,Hampshire,25015,25015821500,BRFSS,Health Outcomes,Diagnosed diabetes among adults,%,Crude prevalence,10.0,,,8.6,11.5,3352,2873,POINT (-72.6168064 42.3894016),25015821500,HLTHOUT,DIABETES,CrdPrv,Diabetes
2023,MA,Massachusetts,Hampshire,25015,25015821601,BRFSS,Health Outcomes,Diagnosed diabetes among adults,%,Crude prevalence,10.2,,,8.7,11.9,3611,2989,POINT (-72.6496638 42.3534343),25015821601,HLTHOUT,DIABETES,CrdPrv,Diabetes
2023,MA,Massachusetts,Hampshire,25015,25015821602,BRFSS,Health Outcomes,Diagnosed diabetes among adults,%,Crude prevalence,10.6,,,8.9,12.5,3878,3118,POINT (-72.6616768 42.3317459),25015821602,HLTHOUT,DIABETES,CrdPrv,Diabetes
2023,MA,Massachusetts,Hampshire,25015,25015821700,BRFSS,Health Outcomes,Diagnosed diabetes among adults,%,Crude prevalence,10.3,,,8.8,12.1,4031,3448,POINT (-72.7109887 42.3379276),25015821700,HLTHOUT,DIABETES,CrdPrv,Diabetes
2023,MA,Massachusetts,Hampshire,25015,25015821901,BRFSS,Health Outcomes,Diagnosed diabetes among adults,%,Crude prevalence,7.6,,,6.4,8.9,3319,2816,POINT (-72.641351 42.322794),25015821901,HLTHOUT,DIABETES,CrdPrv,Diabetes
2023,MA,Massachusetts,Hampshire,25015,25015821903,BRFSS,Health Outcomes,Diagnosed diabetes among adults,%,Crude prevalence,10.4,,,8.9,12.2,3639,3309,POINT (-72.6421677 42.311181),25015821903,HLTHOUT,DIABETES,CrdPrv,Diabetes
2023,MA,Massachusetts,Hampshire,25015,25015821904,BRFSS,Health Outcomes,Diagnosed diabetes among adults,%,Crude prevalence,6.3,,,5.3,7.3,2901,2530,POINT (-72.627173 42.3248199),25015821904,HLTHOUT,DIABETES,CrdPrv,Diabetes
2023,MA,Massachusetts,Hampshire,25015,25015822000,BRFSS,Health Outcomes,Diagnosed diabetes among adults,%,Crude prevalence,1.5,,,1.2,1.7,2152,2093,POINT (-72.6390676 42.3184204),25015822000,HLTHOUT,DIABETES,CrdPrv,Diabetes
2023,MA,Massachusetts,Hampshire,25015,25015822200,BRFSS,Health Outcomes,Diagnosed diabetes among adults,%,Crude prevalence,10.1,,,8.5,11.7,6040,4937,POINT (-72.6677331 42.3090776),25015822200,HLTHOUT,DIABETES,CrdPrv,Diabetes
2023,MA,Massachusetts,Hampshire,25015,25015822300,BRFSS,Health Outcomes,Diagnosed diabetes among adults,%,Crude prevalence,9.5,,,8.0,11.0,5412,4607,POINT (-72.648225 42.2726519),25015822300,HLTHOUT,DIABETES,CrdPrv,Diabetes
2023,MA,Massachusetts,Hampshire,25015,25015822401,BRFSS,Health Outcomes,Diagnosed diabetes among adults,%,Crude prevalence,9.8,,,8.3,11.4,5822,4813,POINT (-72.6937496 42.2599645),25015822401,HLTHOUT,DIABETES,CrdPrv,Diabetes
2023,MA,Massachusetts,Hampshire,25015,25015822402,BRFSS,Health Outcomes,Diagnosed diabetes among adults,%,Crude prevalence,9.6,,,8.1,11.2,4977,4252,POINT (-72.6696138 42.276126),25015822402,HLTHOUT,DIABETES,CrdPrv,Diabetes
2023,MA,Massachusetts,Hampshire,25015,25015822500,BRFSS,Health Outcomes,Diagnosed diabetes among adults,%,Crude prevalence,9.1,,,7.5,10.6,6224,5007,POINT (-72.7415876 42.2269485),25015822500,HLTHOUT,DIABETES,CrdPrv,Diabetes
2023,MA,Massachusetts,Hampshire,25015,25015822601,BRFSS,Health Outcomes,Diagnosed diabetes among adults,%,Crude prevalence,10.6,,,9.0,12.1,2094,1688,POINT (-72.8626463 42.2817975),25015822601,HLTHOUT,DIABETES,CrdPrv,Diabetes
2023,MA,Massachusetts,Hampshire,25015,25015822603,BRFSS,Health Outcomes,Diagnosed diabetes among adults,%,Crude prevalence,10.1,,,8.6,11.8,1622,1367,POINT (-72.7779767 42.3140779),25015822603,HLTHOUT,DIABETES,CrdPrv,Diabetes
2023,MA,Massachusetts,Hampshire,25015,25015822607,BRFSS,Health Outcomes,Diagnosed diabetes among adults,%,Crude prevalence,9.6,,,8.1,11.1,4650,3908,POINT (-72.7887416 42.4061255),25015822607,HLTHOUT,DIABETES,CrdPrv,Diabetes
2023,MA,Massachusetts,Hampshire,25015,25015822700,BRFSS,Health Outcomes,Diagnosed diabetes among adults,%,Crude prevalence,10.9,,,9.4,12.5,3040,2618,POINT (-72.9501001 42.4249367),25015822700,HLTHOUT,DIABETES,CrdPrv,Diabetes
2023,MA,Massachusetts,Middlesex,25017,25017300100,BRFSS,Health Outcomes,Diagnosed diabetes among adults,%,Crude prevalence,8.9,,,7.6,10.3,3193,2556,POINT (-71.8325227 42.6762927),25017300100,HLTHOUT,DIABETES,CrdPrv,Diabetes
2023,MA,Massachusetts,Middlesex,25017,25017301101,BRFSS,Health Outcomes,Diagnosed diabetes among adults,%,Crude prevalence,9.5,,,8.3,10.6,4210,3300,POINT (-71.7114162 42.6937868),25017301101,HLTHOUT,DIABETES,CrdPrv,Diabetes
2023,MA,Massachusetts,Middlesex,25017,25017301102,BRFSS,Health Outcomes,Diagnosed diabetes among adults,%,Crude prevalence,9.1,,,7.9,10.4,4917,3962,POINT (-71.7146381 42.6383921),25017301102,HLTHOUT,DIABETES,CrdPrv,Diabetes
2023,MA,Massachusetts,Middlesex,25017,25017310101,BRFSS,Health Outcomes,Diagnosed diabetes among adults,%,Crude prevalence,9.1,,,8.0,10.3,3472,3009,POINT (-71.3125098 42.6419169),25017310101,HLTHOUT,DIABETES,CrdPrv,Diabetes
2023,MA,Massachusetts,Middlesex,25017,25017310102,BRFSS,Health Outcomes,Diagnosed diabetes among adults,%,Crude prevalence,13.1,,,11.7,14.7,2609,2094,POINT (-71.3116465 42.6470253),25017310102,HLTHOUT,DIABETES,CrdPrv,Diabetes
2023,MA,Massachusetts,Middlesex,25017,25017310200,BRFSS,Health Outcomes,Diagnosed diabetes among adults,%,Crude prevalence,11.4,,,10.1,12.9,6537,4976,POINT (-71.296332 42.653447),25017310200,HLTHOUT,DIABETES,CrdPrv,Diabetes
2023,MA,Massachusetts,Middlesex,25017,25017310300,BRFSS,Health Outcomes,Diagnosed diabetes among adults,%,Crude prevalence,11.3,,,10.0,12.7,6689,4983,POINT (-71.3095747 42.6599933),25017310300,HLTHOUT,DIABETES,CrdPrv,Diabetes
2023,MA,Massachusetts,Middlesex,25017,25017310400,BRFSS,Health Outcomes,Diagnosed diabetes among adults,%,Crude prevalence,13.2,,,11.7,14.7,3429,2390,POINT (-71.3111418 42.6541347),25017310400,HLTHOUT,DIABETES,CrdPrv,Diabetes
2023,MA,Massachusetts,Middlesex,25017,25017310500,BRFSS,Health Outcomes,Diagnosed diabetes among adults,%,Crude prevalence,8.8,,,7.8,9.9,3291,2719,POINT (-71.3260812 42.6562242),25017310500,HLTHOUT,DIABETES,CrdPrv,Diabetes
2023,MA,Massachusetts,Middlesex,25017,25017310601,BRFSS,Health Outcomes,Diagnosed diabetes among adults,%,Crude prevalence,10.8,,,9.6,12.4,6194,4931,POINT (-71.3642535 42.6501982),25017310601,HLTHOUT,DIABETES,CrdPrv,Diabetes
2023,MA,Massachusetts,Middlesex,25017,25017310602,BRFSS,Health Outcomes,Diagnosed diabetes among adults,%,Crude prevalence,10.2,,,9.0,11.5,6358,5124,POINT (-71.3439844 42.6488833),25017310602,HLTHOUT,DIABETES,CrdPrv,Diabetes
2023,MA,Massachusetts,Middlesex,25017,25017310700,BRFSS,Health Outcomes,Diagnosed diabetes among adults,%,Crude prevalence,10.3,,,9.2,11.5,4530,3556,POINT (-71.3305258 42.643728),25017310700,HLTHOUT,DIABETES,CrdPrv,Diabetes
2023,MA,Massachusetts,Middlesex,25017,25017311100,BRFSS,Health Outcomes,Diagnosed diabetes among adults,%,Crude prevalence,11.1,,,9.9,12.5,2544,1931,POINT (-71.320914 42.6424117),25017311100,HLTHOUT,DIABETES,CrdPrv,Diabetes
2023,MA,Massachusetts,Middlesex,25017,25017311200,BRFSS,Health Outcomes,Diagnosed diabetes among adults,%,Crude prevalence,14.2,,,12.6,15.9,3217,2432,POINT (-71.3245031 42.6378282),25017311200,HLTHOUT,DIABETES,CrdPrv,Diabetes
2023,MA,Massachusetts,Middlesex,25017,25017311300,BRFSS,Health Outcomes,Diagnosed diabetes among adults,%,Crude prevalence,11.6,,,10.3,13.0,5207,4148,POINT (-71.335285 42.637105),25017311300,HLTHOUT,DIABETES,CrdPrv,Diabetes
2023,MA,Massachusetts,Middlesex,25017,25017311400,BRFSS,Health Outcomes,Diagnosed diabetes among adults,%,Crude prevalence,9.2,,,8.1,10.3,6550,5114,POINT (-71.3518611 42.6325528),25017311400,HLTHOUT,DIABETES,CrdPrv,Diabetes
2023,MA,Massachusetts,Middlesex,25017,25017311500,BRFSS,Health Outcomes,Diagnosed diabetes among adults,%,Crude prevalence,10.5,,,9.2,11.9,3224,2498,POINT (-71.3345653 42.6305469),25017311500,HLTHOUT,DIABETES,CrdPrv,Diabetes
2023,MA,Massachusetts,Middlesex,25017,25017311600,BRFSS,Health Outcomes,Diagnosed diabetes among adults,%,Crude prevalence,10.5,,,9.1,11.9,5625,4346,POINT (-71.3323941 42.62186),25017311600,HLTHOUT,DIABETES,CrdPrv,Diabetes
2023,MA,Massachusetts,Middlesex,25017,25017311700,BRFSS,Health Outcomes,Diagnosed diabetes among adults,%,Crude prevalence,12.5,,,11.1,14.2,5190,3882,POINT (-71.3250585 42.629929),25017311700,HLTHOUT,DIABETES,CrdPrv,Diabetes
2023,MA,Massachusetts,Middlesex,25017,25017311800,BRFSS,Health Outcomes,Diagnosed diabetes among adults,%,Crude prevalence,13.7,,,12.2,15.3,3603,2605,POINT (-71.3186735 42.6337272),25017311800,HLTHOUT,DIABETES,CrdPrv,Diabetes
2023,MA,Massachusetts,Middlesex,25017,25017311900,BRFSS,Health Outcomes,Diagnosed diabetes among adults,%,Crude prevalence,15.1,,,13.5,16.9,3062,2410,POINT (-71.3093264 42.6376032),25017311900,HLTHOUT,DIABETES,CrdPrv,Diabetes
2023,MA,Massachusetts,Middlesex,25017,25017312000,BRFSS,Health Outcomes,Diagnosed diabetes among adults,%,Crude prevalence,10.9,,,9.7,12.3,3047,2236,POINT (-71.3075023 42.6349343),25017312000,HLTHOUT,DIABETES,CrdPrv,Diabetes
2023,MA,Massachusetts,Middlesex,25017,25017312100,BRFSS,Health Outcomes,Diagnosed diabetes among adults,%,Crude prevalence,9.8,,,8.7,11.0,3525,2613,POINT (-71.3040896 42.6296609),25017312100,HLTHOUT,DIABETES,CrdPrv,Diabetes
2023,MA,Massachusetts,Middlesex,25017,25017312200,BRFSS,Health Outcomes,Diagnosed diabetes among adults,%,Crude prevalence,9.8,,,8.7,11.1,4920,3698,POINT (-71.3083671 42.6214358),25017312200,HLTHOUT,DIABETES,CrdPrv,Diabetes
2023,MA,Massachusetts,Middlesex,25017,25017312300,BRFSS,Health Outcomes,Diagnosed diabetes among adults,%,Crude prevalence,9.8,,,8.5,11.1,5277,4103,POINT (-71.2880733 42.6248787),25017312300,HLTHOUT,DIABETES,CrdPrv,Diabetes
2023,MA,Massachusetts,Middlesex,25017,25017312400,BRFSS,Health Outcomes,Diagnosed diabetes among adults,%,Crude prevalence,14.8,,,13.1,16.4,2505,1884,POINT (-71.301193 42.6412968),25017312400,HLTHOUT,DIABETES,CrdPrv,Diabetes
2023,MA,Massachusetts,Middlesex,25017,25017312501,BRFSS,Health Outcomes,Diagnosed diabetes among adults,%,Crude prevalence,10.6,,,9.2,12.1,4456,3658,POINT (-71.2834848 42.6471705),25017312501,HLTHOUT,DIABETES,CrdPrv,Diabetes
2023,MA,Massachusetts,Middlesex,25017,25017312502,BRFSS,Health Outcomes,Diagnosed diabetes among adults,%,Crude prevalence,9.3,,,8.0,10.6,4088,3236,POINT (-71.2835633 42.6368993),25017312502,HLTHOUT,DIABETES,CrdPrv,Diabetes
2023,MA,Massachusetts,Middlesex,25017,25017313101,BRFSS,Health Outcomes,Diagnosed diabetes among adults,%,Crude prevalence,8.3,,,7.1,9.5,6440,5092,POINT (-71.4519222 42.6589732),25017313101,HLTHOUT,DIABETES,CrdPrv,Diabetes
2023,MA,Massachusetts,Middlesex,25017,25017313102,BRFSS,Health Outcomes,Diagnosed diabetes among adults,%,Crude prevalence,8.7,,,7.5,10.1,5940,4769,POINT (-71.3954703 42.6788848),25017313102,HLTHOUT,DIABETES,CrdPrv,Diabetes
2023,MA,Massachusetts,Middlesex,25017,25017314101,BRFSS,Health Outcomes,Diagnosed diabetes among adults,%,Crude prevalence,9.2,,,7.9,10.6,6785,5364,POINT (-71.3634395 42.6762535),25017314101,HLTHOUT,DIABETES,CrdPrv,Diabetes
2023,MA,Massachusetts,Middlesex,25017,25017314102,BRFSS,Health Outcomes,Diagnosed diabetes among adults,%,Crude prevalence,9.3,,,8.0,10.7,7448,5996,POINT (-71.341441 42.6799274),25017314102,HLTHOUT,DIABETES,CrdPrv,Diabetes
2023,MA,Massachusetts,Middlesex,25017,25017314200,BRFSS,Health Outcomes,Diagnosed diabetes among adults,%,Crude prevalence,10.3,,,9.0,11.8,5629,4504,POINT (-71.3168033 42.6812035),25017314200,HLTHOUT,DIABETES,CrdPrv,Diabetes
2023,MA,Massachusetts,Middlesex,25017,25017314301,BRFSS,Health Outcomes,Diagnosed diabetes among adults,%,Crude prevalence,9.1,,,7.9,10.4,9287,7310,POINT (-71.2787777 42.6790373),25017314301,HLTHOUT,DIABETES,CrdPrv,Diabetes
2023,MA,Massachusetts,Middlesex,25017,25017314302,BRFSS,Health Outcomes,Diagnosed diabetes among adults,%,Crude prevalence,8.2,,,7.1,9.5,3468,2634,POINT (-71.2572262 42.6928647),25017314302,HLTHOUT,DIABETES,CrdPrv,Diabetes
2023,MA,Massachusetts,Middlesex,25017,25017315100,BRFSS,Health Outcomes,Diagnosed diabetes among adults,%,Crude prevalence,8.8,,,7.6,10.1,5740,4523,POINT (-71.2659186 42.6282152),25017315100,HLTHOUT,DIABETES,CrdPrv,Diabetes
2023,MA,Massachusetts,Middlesex,25017,25017315200,BRFSS,Health Outcomes,Diagnosed diabetes among adults,%,Crude prevalence,9.1,,,7.9,10.5,8693,7124,POINT (-71.2368957 42.617782),25017315200,HLTHOUT,DIABETES,CrdPrv,Diabetes
2023,MA,Massachusetts,Middlesex,25017,25017315401,BRFSS,Health Outcomes,Diagnosed diabetes among adults,%,Crude prevalence,10.9,,,9.3,12.5,4178,3699,POINT (-71.2009317 42.6046501),25017315401,HLTHOUT,DIABETES,CrdPrv,Diabetes
2023,MA,Massachusetts,Middlesex,25017,25017315402,BRFSS,Health Outcomes,Diagnosed diabetes among adults,%,Crude prevalence,8.7,,,7.5,10.1,3316,2769,POINT (-71.1871072 42.6084373),25017315402,HLTHOUT,DIABETES,CrdPrv,Diabetes
2023,MA,Massachusetts,Middlesex,25017,25017315403,BRFSS,Health Outcomes,Diagnosed diabetes among adults,%,Crude prevalence,8.6,,,7.4,9.9,1661,1339,POINT (-71.1890309 42.5866203),25017315403,HLTHOUT,DIABETES,CrdPrv,Diabetes
2023,MA,Massachusetts,Middlesex,25017,25017315500,BRFSS,Health Outcomes,Diagnosed diabetes among adults,%,Crude prevalence,9.1,,,7.7,10.5,7754,6356,POINT (-71.2154501 42.5859548),25017315500,HLTHOUT,DIABETES,CrdPrv,Diabetes
2023,MA,Massachusetts,Middlesex,25017,25017316101,BRFSS,Health Outcomes,Diagnosed diabetes among adults,%,Crude prevalence,8.3,,,7.1,9.4,5057,4109,POINT (-71.2330845 42.5698972),25017316101,HLTHOUT,DIABETES,CrdPrv,Diabetes
2023,MA,Massachusetts,Middlesex,25017,25017316102,BRFSS,Health Outcomes,Diagnosed diabetes among adults,%,Crude prevalence,8.6,,,7.4,9.7,6152,5027,POINT (-71.2609482 42.5596744),25017316102,HLTHOUT,DIABETES,CrdPrv,Diabetes
2023,MA,Massachusetts,Middlesex,25017,25017316201,BRFSS,Health Outcomes,Diagnosed diabetes among adults,%,Crude prevalence,9.0,,,7.9,10.3,4218,3421,POINT (-71.2354539 42.5430018),25017316201,HLTHOUT,DIABETES,CrdPrv,Diabetes
2023,MA,Massachusetts,Middlesex,25017,25017316202,BRFSS,Health Outcomes,Diagnosed diabetes among adults,%,Crude prevalence,9.1,,,7.9,10.3,4440,3503,POINT (-71.2244363 42.5319893),25017316202,HLTHOUT,DIABETES,CrdPrv,Diabetes
2023,MA,Massachusetts,Middlesex,25017,25017316300,BRFSS,Health Outcomes,Diagnosed diabetes among adults,%,Crude prevalence,8.3,,,7.3,9.3,8441,6890,POINT (-71.2762998 42.538333),25017316300,HLTHOUT,DIABETES,CrdPrv,Diabetes
2023,MA,Massachusetts,Middlesex,25017,25017316400,BRFSS,Health Outcomes,Diagnosed diabetes among adults,%,Crude prevalence,7.8,,,6.9,8.8,7097,5878,POINT (-71.3081888 42.5636168),25017316400,HLTHOUT,DIABETES,CrdPrv,Diabetes
2023,MA,Massachusetts,Middlesex,25017,25017316500,BRFSS,Health Outcomes,Diagnosed diabetes among adults,%,Crude prevalence,9.1,,,7.9,10.4,6714,5536,POINT (-71.2829028 42.5868236),25017316500,HLTHOUT,DIABETES,CrdPrv,Diabetes
2023,MA,Massachusetts,Middlesex,25017,25017317101,BRFSS,Health Outcomes,Diagnosed diabetes among adults,%,Crude prevalence,9.2,,,8.0,10.6,6966,5616,POINT (-71.3693734 42.5865094),25017317101,HLTHOUT,DIABETES,CrdPrv,Diabetes
2023,MA,Massachusetts,Middlesex,25017,25017317102,BRFSS,Health Outcomes,Diagnosed diabetes among adults,%,Crude prevalence,8.2,,,7.1,9.4,4945,3826,POINT (-71.3249037 42.6009674),25017317102,HLTHOUT,DIABETES,CrdPrv,Diabetes
2023,MA,Massachusetts,Middlesex,25017,25017317103,BRFSS,Health Outcomes,Diagnosed diabetes among adults,%,Crude prevalence,8.7,,,7.4,10.0,5081,3986,POINT (-71.3561608 42.5700606),25017317103,HLTHOUT,DIABETES,CrdPrv,Diabetes
2023,MA,Massachusetts,Middlesex,25017,25017317201,BRFSS,Health Outcomes,Diagnosed diabetes among adults,%,Crude prevalence,8.0,,,6.9,9.3,2897,2271,POINT (-71.3911181 42.5993872),25017317201,HLTHOUT,DIABETES,CrdPrv,Diabetes
2023,MA,Massachusetts,Middlesex,25017,25017317202,BRFSS,Health Outcomes,Diagnosed diabetes among adults,%,Crude prevalence,8.1,,,7.0,9.3,3426,2719,POINT (-71.3740841 42.6093601),25017317202,HLTHOUT,DIABETES,CrdPrv,Diabetes
2023,MA,Massachusetts,Middlesex,25017,25017317203,BRFSS,Health Outcomes,Diagnosed diabetes among adults,%,Crude prevalence,9.0,,,7.7,10.4,4253,3390,POINT (-71.3465742 42.6122111),25017317203,HLTHOUT,DIABETES,CrdPrv,Diabetes
2023,MA,Massachusetts,Middlesex,25017,25017317301,BRFSS,Health Outcomes,Diagnosed diabetes among adults,%,Crude prevalence,9.1,,,7.9,10.4,2869,2300,POINT (-71.3761192 42.6291501),25017317301,HLTHOUT,DIABETES,CrdPrv,Diabetes
2023,MA,Massachusetts,Middlesex,25017,25017317302,BRFSS,Health Outcomes,Diagnosed diabetes among adults,%,Crude prevalence,8.5,,,7.4,9.8,5955,4824,POINT (-71.395644 42.6396768),25017317302,HLTHOUT,DIABETES,CrdPrv,Diabetes
2023,MA,Massachusetts,Middlesex,25017,25017318100,BRFSS,Health Outcomes,Diagnosed diabetes among adults,%,Crude prevalence,8.6,,,7.4,9.9,6825,5235,POINT (-71.4323582 42.6324362),25017318100,HLTHOUT,DIABETES,CrdPrv,Diabetes
2023,MA,Massachusetts,Middlesex,25017,25017318200,BRFSS,Health Outcomes,Diagnosed diabetes among adults,%,Crude prevalence,7.6,,,6.5,8.7,4822,3598,POINT (-71.4743161 42.6014367),25017318200,HLTHOUT,DIABETES,CrdPrv,Diabetes
2023,MA,Massachusetts,Middlesex,25017,25017318300,BRFSS,Health Outcomes,Diagnosed diabetes among adults,%,Crude prevalence,8.0,,,6.9,9.1,8327,6217,POINT (-71.4454859 42.576086),25017318300,HLTHOUT,DIABETES,CrdPrv,Diabetes
2023,MA,Massachusetts,Middlesex,25017,25017318400,BRFSS,Health Outcomes,Diagnosed diabetes among adults,%,Crude prevalence,8.1,,,7.0,9.2,4669,3584,POINT (-71.4249536 42.5565623),25017318400,HLTHOUT,DIABETES,CrdPrv,Diabetes
2023,MA,Massachusetts,Middlesex,25017,25017320102,BRFSS,Health Outcomes,Diagnosed diabetes among adults,%,Crude prevalence,7.3,,,6.3,8.5,5417,3895,POINT (-71.5720529 42.2203648),25017320102,HLTHOUT,DIABETES,CrdPrv,Diabetes
2023,MA,Massachusetts,Middlesex,25017,25017320105,BRFSS,Health Outcomes,Diagnosed diabetes among adults,%,Crude prevalence,7.6,,,6.5,8.7,2573,1886,POINT (-71.5364698 42.2486816),25017320105,HLTHOUT,DIABETES,CrdPrv,Diabetes
2023,MA,Massachusetts,Middlesex,25017,25017320106,BRFSS,Health Outcomes,Diagnosed diabetes among adults,%,Crude prevalence,8.0,,,6.9,9.2,6392,4707,POINT (-71.5163779 42.2090785),25017320106,HLTHOUT,DIABETES,CrdPrv,Diabetes
2023,MA,Massachusetts,Middlesex,25017,25017320107,BRFSS,Health Outcomes,Diagnosed diabetes among adults,%,Crude prevalence,6.9,,,5.9,8.0,4376,3076,POINT (-71.4914525 42.2267405),25017320107,HLTHOUT,DIABETES,CrdPrv,Diabetes
2023,MA,Massachusetts,Middlesex,25017,25017321100,BRFSS,Health Outcomes,Diagnosed diabetes among adults,%,Crude prevalence,10.6,,,9.1,12.1,7218,5866,POINT (-71.4973127 42.3544961),25017321100,HLTHOUT,DIABETES,CrdPrv,Diabetes
2023,MA,Massachusetts,Middlesex,25017,25017321200,BRFSS,Health Outcomes,Diagnosed diabetes among adults,%,Crude prevalence,10.2,,,8.9,11.6,6923,5463,POINT (-71.5290815 42.3399836),25017321200,HLTHOUT,DIABETES,CrdPrv,Diabetes
2023,MA,Massachusetts,Middlesex,25017,25017321301,BRFSS,Health Outcomes,Diagnosed diabetes among adults,%,Crude prevalence,11.1,,,9.8,12.5,4351,3486,POINT (-71.548971 42.3430546),25017321301,HLTHOUT,DIABETES,CrdPrv,Diabetes
2023,MA,Massachusetts,Middlesex,25017,25017321302,BRFSS,Health Outcomes,Diagnosed diabetes among adults,%,Crude prevalence,9.0,,,7.9,10.5,3656,2941,POINT (-71.5607492 42.3332027),25017321302,HLTHOUT,DIABETES,CrdPrv,Diabetes
2023,MA,Massachusetts,Middlesex,25017,25017321400,BRFSS,Health Outcomes,Diagnosed diabetes among adults,%,Crude prevalence,8.0,,,6.9,9.3,4239,3546,POINT (-71.5926446 42.3414582),25017321400,HLTHOUT,DIABETES,CrdPrv,Diabetes
2023,MA,Massachusetts,Middlesex,25017,25017321500,BRFSS,Health Outcomes,Diagnosed diabetes among adults,%,Crude prevalence,9.3,,,8.1,10.6,7791,6137,POINT (-71.5737429 42.3569937),25017321500,HLTHOUT,DIABETES,CrdPrv,Diabetes
2023,MA,Massachusetts,Middlesex,25017,25017321600,BRFSS,Health Outcomes,Diagnosed diabetes among adults,%,Crude prevalence,8.7,,,7.5,10.0,7615,6072,POINT (-71.5352637 42.3643537),25017321600,HLTHOUT,DIABETES,CrdPrv,Diabetes
2023,MA,Massachusetts,Middlesex,25017,25017322100,BRFSS,Health Outcomes,Diagnosed diabetes among adults,%,Crude prevalence,8.3,,,7.2,9.5,4651,3722,POINT (-71.5186309 42.3876562),25017322100,HLTHOUT,DIABETES,CrdPrv,Diabetes
2023,MA,Massachusetts,Middlesex,25017,25017322200,BRFSS,Health Outcomes,Diagnosed diabetes among adults,%,Crude prevalence,8.7,,,7.6,9.9,4462,3669,POINT (-71.5744478 42.3787848),25017322200,HLTHOUT,DIABETES,CrdPrv,Diabetes
2023,MA,Massachusetts,Middlesex,25017,25017322300,BRFSS,Health Outcomes,Diagnosed diabetes among adults,%,Crude prevalence,10.2,,,8.8,11.7,6281,5021,POINT (-71.5785343 42.398518),25017322300,HLTHOUT,DIABETES,CrdPrv,Diabetes
2023,MA,Massachusetts,Middlesex,25017,25017322400,BRFSS,Health Outcomes,Diagnosed diabetes among adults,%,Crude prevalence,8.4,,,7.2,9.6,4698,3767,POINT (-71.5558248 42.3993293),25017322400,HLTHOUT,DIABETES,CrdPrv,Diabetes
2023,MA,Massachusetts,Middlesex,25017,25017323101,BRFSS,Health Outcomes,Diagnosed diabetes among adults,%,Crude prevalence,7.9,,,6.8,9.3,3819,2931,POINT (-71.5108395 42.419186),25017323101,HLTHOUT,DIABETES,CrdPrv,Diabetes
2023,MA,Massachusetts,Middlesex,25017,25017323102,BRFSS,Health Outcomes,Diagnosed diabetes among adults,%,Crude prevalence,8.4,,,7.2,9.7,3355,2602,POINT (-71.526282 42.4460726),25017323102,HLTHOUT,DIABETES,CrdPrv,Diabetes
2023,MA,Massachusetts,Middlesex,25017,25017324101,BRFSS,Health Outcomes,Diagnosed diabetes among adults,%,Crude prevalence,8.4,,,7.3,9.6,5567,4362,POINT (-71.4711882 42.5232732),25017324101,HLTHOUT,DIABETES,CrdPrv,Diabetes
2023,MA,Massachusetts,Middlesex,25017,25017324102,BRFSS,Health Outcomes,Diagnosed diabetes among adults,%,Crude prevalence,8.4,,,7.3,9.7,4574,3521,POINT (-71.5055474 42.5490095),25017324102,HLTHOUT,DIABETES,CrdPrv,Diabetes
2023,MA,Massachusetts,Middlesex,25017,25017325101,BRFSS,Health Outcomes,Diagnosed diabetes among adults,%,Crude prevalence,8.1,,,7.0,9.2,4010,3197,POINT (-71.5487513 42.5615929),25017325101,HLTHOUT,DIABETES,CrdPrv,Diabetes
2023,MA,Massachusetts,Middlesex,25017,25017325102,BRFSS,Health Outcomes,Diagnosed diabetes among adults,%,Crude prevalence,10.3,,,9.1,11.7,4469,3710,POINT (-71.5960355 42.5633722),25017325102,HLTHOUT,DIABETES,CrdPrv,Diabetes
2023,MA,Massachusetts,Middlesex,25017,25017326101,BRFSS,Health Outcomes,Diagnosed diabetes among adults,%,Crude prevalence,8.5,,,7.3,9.8,4511,3431,POINT (-71.5902174 42.5995227),25017326101,HLTHOUT,DIABETES,CrdPrv,Diabetes
2023,MA,Massachusetts,Middlesex,25017,25017326102,BRFSS,Health Outcomes,Diagnosed diabetes among adults,%,Crude prevalence,8.0,,,6.8,9.3,6804,5230,POINT (-71.5383193 42.6190842),25017326102,HLTHOUT,DIABETES,CrdPrv,Diabetes
2023,MA,Massachusetts,Middlesex,25017,25017327101,BRFSS,Health Outcomes,Diagnosed diabetes among adults,%,Crude prevalence,8.1,,,7.0,9.5,3663,2854,POINT (-71.6012063 42.6915092),25017327101,HLTHOUT,DIABETES,CrdPrv,Diabetes
2023,MA,Massachusetts,Middlesex,25017,25017327102,BRFSS,Health Outcomes,Diagnosed diabetes among adults,%,Crude prevalence,8.3,,,7.2,9.4,4339,3424,POINT (-71.5718755 42.6696225),25017327102,HLTHOUT,DIABETES,CrdPrv,Diabetes
2023,MA,Massachusetts,Middlesex,25017,25017327103,BRFSS,Health Outcomes,Diagnosed diabetes among adults,%,Crude prevalence,10.5,,,9.1,12.0,3602,2969,POINT (-71.6175252 42.6454381),25017327103,HLTHOUT,DIABETES,CrdPrv,Diabetes
2023,MA,Massachusetts,Middlesex,25017,25017328100,BRFSS,Health Outcomes,Diagnosed diabetes among adults,%,Crude prevalence,7.9,,,6.8,9.2,3358,2591,POINT (-71.4997715 42.6761491),25017328100,HLTHOUT,DIABETES,CrdPrv,Diabetes
2023,MA,Massachusetts,Middlesex,25017,25017330101,BRFSS,Health Outcomes,Diagnosed diabetes among adults,%,Crude prevalence,7.7,,,6.5,8.9,3811,2921,POINT (-71.0499574 42.5874348),25017330101,HLTHOUT,DIABETES,CrdPrv,Diabetes
2023,MA,Massachusetts,Middlesex,25017,25017330102,BRFSS,Health Outcomes,Diagnosed diabetes among adults,%,Crude prevalence,7.8,,,6.7,8.9,4925,3760,POINT (-71.0844481 42.5784007),25017330102,HLTHOUT,DIABETES,CrdPrv,Diabetes
2023,MA,Massachusetts,Middlesex,25017,25017330201,BRFSS,Health Outcomes,Diagnosed diabetes among adults,%,Crude prevalence,8.0,,,6.9,9.2,2570,2063,POINT (-71.1061546 42.578768),25017330201,HLTHOUT,DIABETES,CrdPrv,Diabetes
2023,MA,Massachusetts,Middlesex,25017,25017330202,BRFSS,Health Outcomes,Diagnosed diabetes among adults,%,Crude prevalence,8.0,,,6.8,9.1,4248,3462,POINT (-71.1260542 42.5753419),25017330202,HLTHOUT,DIABETES,CrdPrv,Diabetes
2023,MA,Massachusetts,Middlesex,25017,25017331101,BRFSS,Health Outcomes,Diagnosed diabetes among adults,%,Crude prevalence,8.0,,,6.9,9.2,3311,2590,POINT (-71.1540069 42.5855779),25017331101,HLTHOUT,DIABETES,CrdPrv,Diabetes
2023,MA,Massachusetts,Middlesex,25017,25017331102,BRFSS,Health Outcomes,Diagnosed diabetes among adults,%,Crude prevalence,7.9,,,6.8,9.1,7073,5612,POINT (-71.1482345 42.5539487),25017331102,HLTHOUT,DIABETES,CrdPrv,Diabetes
2023,MA,Massachusetts,Middlesex,25017,25017331200,BRFSS,Health Outcomes,Diagnosed diabetes among adults,%,Crude prevalence,8.0,,,6.9,9.2,5488,4282,POINT (-71.1825441 42.5739642),25017331200,HLTHOUT,DIABETES,CrdPrv,Diabetes
2023,MA,Massachusetts,Middlesex,25017,25017331300,BRFSS,Health Outcomes,Diagnosed diabetes among adults,%,Crude prevalence,9.3,,,8.0,10.6,7477,5878,POINT (-71.1841949 42.5421191),25017331300,HLTHOUT,DIABETES,CrdPrv,Diabetes
2023,MA,Massachusetts,Middlesex,25017,25017332100,BRFSS,Health Outcomes,Diagnosed diabetes among adults,%,Crude prevalence,8.4,,,7.3,9.7,6063,4802,POINT (-71.2003549 42.525854),25017332100,HLTHOUT,DIABETES,CrdPrv,Diabetes
2023,MA,Massachusetts,Middlesex,25017,25017332201,BRFSS,Health Outcomes,Diagnosed diabetes among adults,%,Crude prevalence,9.0,,,7.8,10.4,2111,1690,POINT (-71.181087 42.490163),25017332201,HLTHOUT,DIABETES,CrdPrv,Diabetes
2023,MA,Massachusetts,Middlesex,25017,25017332202,BRFSS,Health Outcomes,Diagnosed diabetes among adults,%,Crude prevalence,8.1,,,7.1,9.3,6640,5330,POINT (-71.1799028 42.5082759),25017332202,HLTHOUT,DIABETES,CrdPrv,Diabetes
2023,MA,Massachusetts,Middlesex,25017,25017332300,BRFSS,Health Outcomes,Diagnosed diabetes among adults,%,Crude prevalence,8.7,,,7.5,10.0,6955,5412,POINT (-71.2159455 42.508472),25017332300,HLTHOUT,DIABETES,CrdPrv,Diabetes
2023,MA,Massachusetts,Middlesex,25017,25017332401,BRFSS,Health Outcomes,Diagnosed diabetes among adults,%,Crude prevalence,10.0,,,8.6,11.6,2466,2040,POINT (-71.2079529 42.4908918),25017332401,HLTHOUT,DIABETES,CrdPrv,Diabetes
2023,MA,Massachusetts,Middlesex,25017,25017332402,BRFSS,Health Outcomes,Diagnosed diabetes among adults,%,Crude prevalence,8.9,,,7.8,10.2,2142,1821,POINT (-71.1952051 42.4777173),25017332402,HLTHOUT,DIABETES,CrdPrv,Diabetes
2023,MA,Massachusetts,Middlesex,25017,25017333100,BRFSS,Health Outcomes,Diagnosed diabetes among adults,%,Crude prevalence,9.0,,,7.8,10.4,7687,6415,POINT (-71.183421 42.4651759),25017333100,HLTHOUT,DIABETES,CrdPrv,Diabetes
2023,MA,Massachusetts,Middlesex,25017,25017333200,BRFSS,Health Outcomes,Diagnosed diabetes among adults,%,Crude prevalence,9.0,,,7.8,10.4,5228,4322,POINT (-71.1676609 42.4804046),25017333200,HLTHOUT,DIABETES,CrdPrv,Diabetes
2023,MA,Massachusetts,Middlesex,25017,25017333300,BRFSS,Health Outcomes,Diagnosed diabetes among adults,%,Crude prevalence,8.7,,,7.6,10.0,4316,3541,POINT (-71.152055 42.4707641),25017333300,HLTHOUT,DIABETES,CrdPrv,Diabetes
2023,MA,Massachusetts,Middlesex,25017,25017333400,BRFSS,Health Outcomes,Diagnosed diabetes among adults,%,Crude prevalence,9.2,,,8.0,10.5,6524,5292,POINT (-71.132032 42.4845479),25017333400,HLTHOUT,DIABETES,CrdPrv,Diabetes
2023,MA,Massachusetts,Middlesex,25017,25017333501,BRFSS,Health Outcomes,Diagnosed diabetes among adults,%,Crude prevalence,9.2,,,7.9,10.6,5093,4074,POINT (-71.1515186 42.4946324),25017333501,HLTHOUT,DIABETES,CrdPrv,Diabetes
2023,MA,Massachusetts,Middlesex,25017,25017333502,BRFSS,Health Outcomes,Diagnosed diabetes among adults,%,Crude prevalence,10.2,,,8.9,11.7,3429,2830,POINT (-71.1461193 42.4850405),25017333502,HLTHOUT,DIABETES,CrdPrv,Diabetes
2023,MA,Massachusetts,Middlesex,25017,25017333601,BRFSS,Health Outcomes,Diagnosed diabetes among adults,%,Crude prevalence,6.5,,,5.7,7.5,1550,1286,POINT (-71.1370059 42.5114241),25017333601,HLTHOUT,DIABETES,CrdPrv,Diabetes
2023,MA,Massachusetts,Middlesex,25017,25017333602,BRFSS,Health Outcomes,Diagnosed diabetes among adults,%,Crude prevalence,8.8,,,7.7,10.1,7049,5715,POINT (-71.1570818 42.5100768),25017333602,HLTHOUT,DIABETES,CrdPrv,Diabetes
2023,MA,Massachusetts,Middlesex,25017,25017334100,BRFSS,Health Outcomes,Diagnosed diabetes among adults,%,Crude prevalence,7.9,,,6.8,9.2,6999,5406,POINT (-71.1186479 42.5120977),25017334100,HLTHOUT,DIABETES,CrdPrv,Diabetes
2023,MA,Massachusetts,Middlesex,25017,25017334200,BRFSS,Health Outcomes,Diagnosed diabetes among adults,%,Crude prevalence,7.9,,,6.8,9.2,4070,3159,POINT (-71.1179942 42.526418),25017334200,HLTHOUT,DIABETES,CrdPrv,Diabetes
2023,MA,Massachusetts,Middlesex,25017,25017334300,BRFSS,Health Outcomes,Diagnosed diabetes among adults,%,Crude prevalence,7.9,,,6.7,9.3,7768,5863,POINT (-71.1107766 42.5481562),25017334300,HLTHOUT,DIABETES,CrdPrv,Diabetes
2023,MA,Massachusetts,Middlesex,25017,25017334400,BRFSS,Health Outcomes,Diagnosed diabetes among adults,%,Crude prevalence,8.3,,,7.1,9.5,6681,5247,POINT (-71.0881033 42.5314168),25017334400,HLTHOUT,DIABETES,CrdPrv,Diabetes
2023,MA,Massachusetts,Middlesex,25017,25017335100,BRFSS,Health Outcomes,Diagnosed diabetes among adults,%,Crude prevalence,8.5,,,7.3,9.9,6259,5190,POINT (-71.0743668 42.5155518),25017335100,HLTHOUT,DIABETES,CrdPrv,Diabetes
2023,MA,Massachusetts,Middlesex,25017,25017335200,BRFSS,Health Outcomes,Diagnosed diabetes among adults,%,Crude prevalence,7.9,,,6.8,9.1,6273,5020,POINT (-71.0839683 42.5008866),25017335200,HLTHOUT,DIABETES,CrdPrv,Diabetes
2023,MA,Massachusetts,Middlesex,25017,25017335301,BRFSS,Health Outcomes,Diagnosed diabetes among adults,%,Crude prevalence,8.2,,,7.0,9.4,4124,3360,POINT (-71.0582063 42.4938976),25017335301,HLTHOUT,DIABETES,CrdPrv,Diabetes
2023,MA,Massachusetts,Middlesex,25017,25017335302,BRFSS,Health Outcomes,Diagnosed diabetes among adults,%,Crude prevalence,8.3,,,7.1,9.6,5309,4186,POINT (-71.0493069 42.5132149),25017335302,HLTHOUT,DIABETES,CrdPrv,Diabetes
2023,MA,Massachusetts,Middlesex,25017,25017335400,BRFSS,Health Outcomes,Diagnosed diabetes among adults,%,Crude prevalence,8.3,,,7.1,9.5,5125,4063,POINT (-71.0621379 42.4822403),25017335400,HLTHOUT,DIABETES,CrdPrv,Diabetes
2023,MA,Massachusetts,Middlesex,25017,25017336100,BRFSS,Health Outcomes,Diagnosed diabetes among adults,%,Crude prevalence,8.4,,,7.3,9.7,5758,4559,POINT (-71.0709236 42.4655983),25017336100,HLTHOUT,DIABETES,CrdPrv,Diabetes
2023,MA,Massachusetts,Middlesex,25017,25017336201,BRFSS,Health Outcomes,Diagnosed diabetes among adults,%,Crude prevalence,7.8,,,6.7,9.1,3062,2293,POINT (-71.0528271 42.4684449),25017336201,HLTHOUT,DIABETES,CrdPrv,Diabetes
2023,MA,Massachusetts,Middlesex,25017,25017336202,BRFSS,Health Outcomes,Diagnosed diabetes among adults,%,Crude prevalence,7.3,,,6.3,8.5,3416,2603,POINT (-71.0549338 42.4612832),25017336202,HLTHOUT,DIABETES,CrdPrv,Diabetes
2023,MA,Massachusetts,Middlesex,25017,25017336300,BRFSS,Health Outcomes,Diagnosed diabetes among adults,%,Crude prevalence,7.5,,,6.5,8.7,6985,5372,POINT (-71.0373946 42.4498025),25017336300,HLTHOUT,DIABETES,CrdPrv,Diabetes
2023,MA,Massachusetts,Middlesex,25017,25017336402,BRFSS,Health Outcomes,Diagnosed diabetes among adults,%,Crude prevalence,8.8,,,7.6,10.0,4764,3932,POINT (-71.0726744 42.4546821),25017336402,HLTHOUT,DIABETES,CrdPrv,Diabetes
2023,MA,Massachusetts,Middlesex,25017,25017336403,BRFSS,Health Outcomes,Diagnosed diabetes among adults,%,Crude prevalence,5.8,,,5.1,6.7,3254,2773,POINT (-71.0767308 42.4442887),25017336403,HLTHOUT,DIABETES,CrdPrv,Diabetes
2023,MA,Massachusetts,Middlesex,25017,25017336404,BRFSS,Health Outcomes,Diagnosed diabetes among adults,%,Crude prevalence,8.3,,,7.1,9.6,2578,2052,POINT (-71.0629718 42.4456776),25017336404,HLTHOUT,DIABETES,CrdPrv,Diabetes
2023,MA,Massachusetts,Middlesex,25017,25017337101,BRFSS,Health Outcomes,Diagnosed diabetes among adults,%,Crude prevalence,8.8,,,7.6,10.2,3220,2580,POINT (-71.0809904 42.4871179),25017337101,HLTHOUT,DIABETES,CrdPrv,Diabetes
2023,MA,Massachusetts,Middlesex,25017,25017337102,BRFSS,Health Outcomes,Diagnosed diabetes among adults,%,Crude prevalence,8.7,,,7.5,10.0,5414,4406,POINT (-71.0883271 42.4668322),25017337102,HLTHOUT,DIABETES,CrdPrv,Diabetes
2023,MA,Massachusetts,Middlesex,25017,25017337201,BRFSS,Health Outcomes,Diagnosed diabetes among adults,%,Crude prevalence,9.6,,,8.1,11.1,3370,2762,POINT (-71.0944249 42.4947544),25017337201,HLTHOUT,DIABETES,CrdPrv,Diabetes
2023,MA,Massachusetts,Middlesex,25017,25017337202,BRFSS,Health Outcomes,Diagnosed diabetes among adults,%,Crude prevalence,8.6,,,7.3,10.0,5110,4203,POINT (-71.1080038 42.4908429),25017337202,HLTHOUT,DIABETES,CrdPrv,Diabetes
2023,MA,Massachusetts,Middlesex,25017,25017337300,BRFSS,Health Outcomes,Diagnosed diabetes among adults,%,Crude prevalence,7.7,,,6.6,8.9,6130,5141,POINT (-71.1022461 42.4608401),25017337300,HLTHOUT,DIABETES,CrdPrv,Diabetes
2023,MA,Massachusetts,Middlesex,25017,25017338100,BRFSS,Health Outcomes,Diagnosed diabetes among adults,%,Crude prevalence,8.0,,,6.9,9.1,3204,2287,POINT (-71.1225413 42.4659118),25017338100,HLTHOUT,DIABETES,CrdPrv,Diabetes
2023,MA,Massachusetts,Middlesex,25017,25017338200,BRFSS,Health Outcomes,Diagnosed diabetes among adults,%,Crude prevalence,8.5,,,7.4,9.8,4271,3170,POINT (-71.1381327 42.4637851),25017338200,HLTHOUT,DIABETES,CrdPrv,Diabetes
2023,MA,Massachusetts,Middlesex,25017,25017338300,BRFSS,Health Outcomes,Diagnosed diabetes among adults,%,Crude prevalence,9.0,,,7.7,10.4,3469,2534,POINT (-71.1497227 42.4584341),25017338300,HLTHOUT,DIABETES,CrdPrv,Diabetes
2023,MA,Massachusetts,Middlesex,25017,25017338400,BRFSS,Health Outcomes,Diagnosed diabetes among adults,%,Crude prevalence,8.0,,,6.9,9.1,6167,4470,POINT (-71.1653408 42.4456096),25017338400,HLTHOUT,DIABETES,CrdPrv,Diabetes
2023,MA,Massachusetts,Middlesex,25017,25017338500,BRFSS,Health Outcomes,Diagnosed diabetes among adults,%,Crude prevalence,8.0,,,6.8,9.3,5859,4217,POINT (-71.1285873 42.4476714),25017338500,HLTHOUT,DIABETES,CrdPrv,Diabetes
2023,MA,Massachusetts,Middlesex,25017,25017339101,BRFSS,Health Outcomes,Diagnosed diabetes among adults,%,Crude prevalence,11.4,,,10.0,13.2,3267,2880,POINT (-71.1105792 42.4203623),25017339101,HLTHOUT,DIABETES,CrdPrv,Diabetes
2023,MA,Massachusetts,Middlesex,25017,25017339102,BRFSS,Health Outcomes,Diagnosed diabetes among adults,%,Crude prevalence,8.8,,,7.5,10.2,3442,2877,POINT (-71.1123524 42.4413787),25017339102,HLTHOUT,DIABETES,CrdPrv,Diabetes
2023,MA,Massachusetts,Middlesex,25017,25017339200,BRFSS,Health Outcomes,Diagnosed diabetes among adults,%,Crude prevalence,8.0,,,6.8,9.2,5700,4665,POINT (-71.1368106 42.4271789),25017339200,HLTHOUT,DIABETES,CrdPrv,Diabetes
2023,MA,Massachusetts,Middlesex,25017,25017339300,BRFSS,Health Outcomes,Diagnosed diabetes among adults,%,Crude prevalence,9.4,,,8.3,10.5,2996,2553,POINT (-71.1340941 42.4189818),25017339300,HLTHOUT,DIABETES,CrdPrv,Diabetes
2023,MA,Massachusetts,Middlesex,25017,25017339400,BRFSS,Health Outcomes,Diagnosed diabetes among adults,%,Crude prevalence,6.7,,,5.8,7.6,3479,3103,POINT (-71.1238855 42.4151299),25017339400,HLTHOUT,DIABETES,CrdPrv,Diabetes
2023,MA,Massachusetts,Middlesex,25017,25017339500,BRFSS,Health Outcomes,Diagnosed diabetes among adults,%,Crude prevalence,5.4,,,4.7,6.1,5662,5135,POINT (-71.1150079 42.411879),25017339500,HLTHOUT,DIABETES,CrdPrv,Diabetes
2023,MA,Massachusetts,Middlesex,25017,25017339600,BRFSS,Health Outcomes,Diagnosed diabetes among adults,%,Crude prevalence,5.3,,,4.6,6.0,5454,4930,POINT (-71.109572 42.4030836),25017339600,HLTHOUT,DIABETES,CrdPrv,Diabetes
2023,MA,Massachusetts,Middlesex,25017,25017339700,BRFSS,Health Outcomes,Diagnosed diabetes among adults,%,Crude prevalence,8.4,,,7.4,9.6,3916,3387,POINT (-71.1027538 42.4059665),25017339700,HLTHOUT,DIABETES,CrdPrv,Diabetes
2023,MA,Massachusetts,Middlesex,25017,25017339802,BRFSS,Health Outcomes,Diagnosed diabetes among adults,%,Crude prevalence,8.7,,,7.7,9.9,5485,4535,POINT (-71.0911432 42.4073321),25017339802,HLTHOUT,DIABETES,CrdPrv,Diabetes
2023,MA,Massachusetts,Middlesex,25017,25017339803,BRFSS,Health Outcomes,Diagnosed diabetes among adults,%,Crude prevalence,4.6,,,4.0,5.2,3383,3114,POINT (-71.0777105 42.4055646),25017339803,HLTHOUT,DIABETES,CrdPrv,Diabetes
2023,MA,Massachusetts,Middlesex,25017,25017339804,BRFSS,Health Outcomes,Diagnosed diabetes among adults,%,Crude prevalence,7.5,,,6.6,8.6,2260,1887,POINT (-71.0809088 42.4112809),25017339804,HLTHOUT,DIABETES,CrdPrv,Diabetes
2023,MA,Massachusetts,Middlesex,25017,25017339900,BRFSS,Health Outcomes,Diagnosed diabetes among adults,%,Crude prevalence,7.8,,,6.9,8.9,5327,4464,POINT (-71.0928483 42.4186897),25017339900,HLTHOUT,DIABETES,CrdPrv,Diabetes
2023,MA,Massachusetts,Middlesex,25017,25017340000,BRFSS,Health Outcomes,Diagnosed diabetes among adults,%,Crude prevalence,8.4,,,7.4,9.7,2590,2166,POINT (-71.0988148 42.4230718),25017340000,HLTHOUT,DIABETES,CrdPrv,Diabetes
2023,MA,Massachusetts,Middlesex,25017,25017340100,BRFSS,Health Outcomes,Diagnosed diabetes among adults,%,Crude prevalence,8.7,,,7.6,10.0,6698,5574,POINT (-71.0962673 42.4304663),25017340100,HLTHOUT,DIABETES,CrdPrv,Diabetes
2023,MA,Massachusetts,Middlesex,25017,25017341101,BRFSS,Health Outcomes,Diagnosed diabetes among adults,%,Crude prevalence,9.4,,,8.3,10.7,3850,3263,POINT (-71.0789964 42.4354471),25017341101,HLTHOUT,DIABETES,CrdPrv,Diabetes
2023,MA,Massachusetts,Middlesex,25017,25017341102,BRFSS,Health Outcomes,Diagnosed diabetes among adults,%,Crude prevalence,8.8,,,7.7,9.9,5180,4585,POINT (-71.0821193 42.4294796),25017341102,HLTHOUT,DIABETES,CrdPrv,Diabetes
2023,MA,Massachusetts,Middlesex,25017,25017341200,BRFSS,Health Outcomes,Diagnosed diabetes among adults,%,Crude prevalence,10.8,,,9.5,12.2,6988,5837,POINT (-71.0810667 42.4213412),25017341200,HLTHOUT,DIABETES,CrdPrv,Diabetes
2023,MA,Massachusetts,Middlesex,25017,25017341301,BRFSS,Health Outcomes,Diagnosed diabetes among adults,%,Crude prevalence,7.2,,,6.4,8.2,4565,4061,POINT (-71.0712551 42.4222878),25017341301,HLTHOUT,DIABETES,CrdPrv,Diabetes
2023,MA,Massachusetts,Middlesex,25017,25017341302,BRFSS,Health Outcomes,Diagnosed diabetes among adults,%,Crude prevalence,9.3,,,8.2,10.5,2273,1904,POINT (-71.0692365 42.4341447),25017341302,HLTHOUT,DIABETES,CrdPrv,Diabetes
2023,MA,Massachusetts,Middlesex,25017,25017341400,BRFSS,Health Outcomes,Diagnosed diabetes among adults,%,Crude prevalence,9.6,,,8.6,10.9,6747,5558,POINT (-71.0649464 42.4189805),25017341400,HLTHOUT,DIABETES,CrdPrv,Diabetes
2023,MA,Massachusetts,Middlesex,25017,25017341500,BRFSS,Health Outcomes,Diagnosed diabetes among adults,%,Crude prevalence,9.5,,,8.4,10.7,5353,4212,POINT (-71.0590079 42.4247462),25017341500,HLTHOUT,DIABETES,CrdPrv,Diabetes
2023,MA,Massachusetts,Middlesex,25017,25017341600,BRFSS,Health Outcomes,Diagnosed diabetes among adults,%,Crude prevalence,10.4,,,9.1,11.7,6985,5812,POINT (-71.0593047 42.4359325),25017341600,HLTHOUT,DIABETES,CrdPrv,Diabetes
2023,MA,Massachusetts,Middlesex,25017,25017341700,BRFSS,Health Outcomes,Diagnosed diabetes among adults,%,Crude prevalence,10.0,,,8.8,11.2,5607,4522,POINT (-71.0476696 42.4362591),25017341700,HLTHOUT,DIABETES,CrdPrv,Diabetes
2023,MA,Massachusetts,Middlesex,25017,25017341800,BRFSS,Health Outcomes,Diagnosed diabetes among adults,%,Crude prevalence,13.1,,,11.6,14.6,7075,5554,POINT (-71.0483722 42.427988),25017341800,HLTHOUT,DIABETES,CrdPrv,Diabetes
2023,MA,Massachusetts,Middlesex,25017,25017341901,BRFSS,Health Outcomes,Diagnosed diabetes among adults,%,Crude prevalence,11.4,,,10.1,12.8,1515,1206,POINT (-71.0340138 42.4278707),25017341901,HLTHOUT,DIABETES,CrdPrv,Diabetes
2023,MA,Massachusetts,Middlesex,25017,25017341903,BRFSS,Health Outcomes,Diagnosed diabetes among adults,%,Crude prevalence,6.9,,,6.1,7.8,6888,5656,POINT (-71.031751 42.4392859),25017341903,HLTHOUT,DIABETES,CrdPrv,Diabetes
2023,MA,Massachusetts,Middlesex,25017,25017341904,BRFSS,Health Outcomes,Diagnosed diabetes among adults,%,Crude prevalence,14.2,,,12.6,15.9,3237,2535,POINT (-71.0306312 42.4339012),25017341904,HLTHOUT,DIABETES,CrdPrv,Diabetes
2023,MA,Massachusetts,Middlesex,25017,25017342101,BRFSS,Health Outcomes,Diagnosed diabetes among adults,%,Crude prevalence,11.7,,,10.3,13.1,5028,3884,POINT (-71.0395523 42.4109507),25017342101,HLTHOUT,DIABETES,CrdPrv,Diabetes
2023,MA,Massachusetts,Middlesex,25017,25017342102,BRFSS,Health Outcomes,Diagnosed diabetes among adults,%,Crude prevalence,12.2,,,10.8,13.6,4718,3594,POINT (-71.0390042 42.4192406),25017342102,HLTHOUT,DIABETES,CrdPrv,Diabetes
2023,MA,Massachusetts,Middlesex,25017,25017342201,BRFSS,Health Outcomes,Diagnosed diabetes among adults,%,Crude prevalence,10.9,,,9.6,12.2,6274,4872,POINT (-71.0535828 42.4157258),25017342201,HLTHOUT,DIABETES,CrdPrv,Diabetes
2023,MA,Massachusetts,Middlesex,25017,25017342202,BRFSS,Health Outcomes,Diagnosed diabetes among adults,%,Crude prevalence,11.7,,,10.5,13.2,4208,3366,POINT (-71.047868 42.4203049),25017342202,HLTHOUT,DIABETES,CrdPrv,Diabetes
2023,MA,Massachusetts,Middlesex,25017,25017342301,BRFSS,Health Outcomes,Diagnosed diabetes among adults,%,Crude prevalence,10.2,,,9.1,11.4,3242,2530,POINT (-71.0582957 42.4125237),25017342301,HLTHOUT,DIABETES,CrdPrv,Diabetes
2023,MA,Massachusetts,Middlesex,25017,25017342302,BRFSS,Health Outcomes,Diagnosed diabetes among adults,%,Crude prevalence,9.4,,,8.3,10.5,4548,3556,POINT (-71.0639595 42.41195),25017342302,HLTHOUT,DIABETES,CrdPrv,Diabetes
2023,MA,Massachusetts,Middlesex,25017,25017342401,BRFSS,Health Outcomes,Diagnosed diabetes among adults,%,Crude prevalence,12.4,,,11.1,14.0,4604,3600,POINT (-71.0593394 42.4065607),25017342401,HLTHOUT,DIABETES,CrdPrv,Diabetes
2023,MA,Massachusetts,Middlesex,25017,25017342402,BRFSS,Health Outcomes,Diagnosed diabetes among adults,%,Crude prevalence,9.5,,,8.5,10.7,3664,3033,POINT (-71.0628461 42.3983216),25017342402,HLTHOUT,DIABETES,CrdPrv,Diabetes
2023,MA,Massachusetts,Middlesex,25017,25017342501,BRFSS,Health Outcomes,Diagnosed diabetes among adults,%,Crude prevalence,10.6,,,9.4,11.9,4740,3714,POINT (-71.0521442 42.4057831),25017342501,HLTHOUT,DIABETES,CrdPrv,Diabetes
2023,MA,Massachusetts,Middlesex,25017,25017342502,BRFSS,Health Outcomes,Diagnosed diabetes among adults,%,Crude prevalence,11.9,,,10.7,13.3,3080,2332,POINT (-71.0482756 42.4111625),25017342502,HLTHOUT,DIABETES,CrdPrv,Diabetes
2023,MA,Massachusetts,Middlesex,25017,25017342600,BRFSS,Health Outcomes,Diagnosed diabetes among adults,%,Crude prevalence,10.9,,,9.7,12.3,4969,3797,POINT (-71.0433146 42.4049904),25017342600,HLTHOUT,DIABETES,CrdPrv,Diabetes
2023,MA,Massachusetts,Middlesex,25017,25017350105,BRFSS,Health Outcomes,Diagnosed diabetes among adults,%,Crude prevalence,7.5,,,6.6,8.6,1181,992,POINT (-71.0873012 42.3981751),25017350105,HLTHOUT,DIABETES,CrdPrv,Diabetes
2023,MA,Massachusetts,Middlesex,25017,25017350106,BRFSS,Health Outcomes,Diagnosed diabetes among adults,%,Crude prevalence,3.4,,,3.0,4.0,1660,1522,POINT (-71.0798211 42.3936294),25017350106,HLTHOUT,DIABETES,CrdPrv,Diabetes
2023,MA,Massachusetts,Middlesex,25017,25017350107,BRFSS,Health Outcomes,Diagnosed diabetes among adults,%,Crude prevalence,6.7,,,5.8,7.6,1355,1143,POINT (-71.083321 42.3892888),25017350107,HLTHOUT,DIABETES,CrdPrv,Diabetes
2023,MA,Massachusetts,Middlesex,25017,25017350108,BRFSS,Health Outcomes,Diagnosed diabetes among adults,%,Crude prevalence,8.6,,,7.6,9.7,4174,3359,POINT (-71.0950657 42.3966453),25017350108,HLTHOUT,DIABETES,CrdPrv,Diabetes
2023,MA,Massachusetts,Middlesex,25017,25017350109,BRFSS,Health Outcomes,Diagnosed diabetes among adults,%,Crude prevalence,6.5,,,5.7,7.3,2176,1782,POINT (-71.0893853 42.392901),25017350109,HLTHOUT,DIABETES,CrdPrv,Diabetes
2023,MA,Massachusetts,Middlesex,25017,25017350201,BRFSS,Health Outcomes,Diagnosed diabetes among adults,%,Crude prevalence,6.7,,,5.8,7.6,2699,2344,POINT (-71.0925821 42.3893543),25017350201,HLTHOUT,DIABETES,CrdPrv,Diabetes
2023,MA,Massachusetts,Middlesex,25017,25017350202,BRFSS,Health Outcomes,Diagnosed diabetes among adults,%,Crude prevalence,5.6,,,4.9,6.4,3860,3382,POINT (-71.0988571 42.3923295),25017350202,HLTHOUT,DIABETES,CrdPrv,Diabetes
2023,MA,Massachusetts,Middlesex,25017,25017350300,BRFSS,Health Outcomes,Diagnosed diabetes among adults,%,Crude prevalence,5.6,,,4.9,6.3,2984,2598,POINT (-71.1063199 42.3951858),25017350300,HLTHOUT,DIABETES,CrdPrv,Diabetes
2023,MA,Massachusetts,Middlesex,25017,25017350400,BRFSS,Health Outcomes,Diagnosed diabetes among adults,%,Crude prevalence,4.3,,,3.8,5.0,5901,5339,POINT (-71.115068 42.3983856),25017350400,HLTHOUT,DIABETES,CrdPrv,Diabetes
2023,MA,Massachusetts,Middlesex,25017,25017350500,BRFSS,Health Outcomes,Diagnosed diabetes among adults,%,Crude prevalence,4.0,,,3.5,4.5,1743,1591,POINT (-71.1225779 42.4000274),25017350500,HLTHOUT,DIABETES,CrdPrv,Diabetes
2023,MA,Massachusetts,Middlesex,25017,25017350600,BRFSS,Health Outcomes,Diagnosed diabetes among adults,%,Crude prevalence,3.0,,,2.6,3.3,4788,4473,POINT (-71.1220426 42.4046388),25017350600,HLTHOUT,DIABETES,CrdPrv,Diabetes
2023,MA,Massachusetts,Middlesex,25017,25017350701,BRFSS,Health Outcomes,Diagnosed diabetes among adults,%,Crude prevalence,4.6,,,4.0,5.3,3000,2742,POINT (-71.1290544 42.4055536),25017350701,HLTHOUT,DIABETES,CrdPrv,Diabetes
2023,MA,Massachusetts,Middlesex,25017,25017350702,BRFSS,Health Outcomes,Diagnosed diabetes among adults,%,Crude prevalence,11.5,,,10.2,13.0,3315,2750,POINT (-71.1297521 42.4105587),25017350702,HLTHOUT,DIABETES,CrdPrv,Diabetes
2023,MA,Massachusetts,Middlesex,25017,25017350800,BRFSS,Health Outcomes,Diagnosed diabetes among adults,%,Crude prevalence,4.1,,,3.5,4.7,2076,1896,POINT (-71.1272731 42.4000739),25017350800,HLTHOUT,DIABETES,CrdPrv,Diabetes
2023,MA,Massachusetts,Middlesex,25017,25017350900,BRFSS,Health Outcomes,Diagnosed diabetes among adults,%,Crude prevalence,4.0,,,3.5,4.6,3531,3227,POINT (-71.1203008 42.3942895),25017350900,HLTHOUT,DIABETES,CrdPrv,Diabetes
2023,MA,Massachusetts,Middlesex,25017,25017351001,BRFSS,Health Outcomes,Diagnosed diabetes among adults,%,Crude prevalence,3.6,,,3.1,4.1,4083,3838,POINT (-71.1137185 42.3872488),25017351001,HLTHOUT,DIABETES,CrdPrv,Diabetes
2023,MA,Massachusetts,Middlesex,25017,25017351002,BRFSS,Health Outcomes,Diagnosed diabetes among adults,%,Crude prevalence,3.9,,,3.4,4.5,3037,2727,POINT (-71.1114409 42.391727),25017351002,HLTHOUT,DIABETES,CrdPrv,Diabetes
2023,MA,Massachusetts,Middlesex,25017,25017351101,BRFSS,Health Outcomes,Diagnosed diabetes among adults,%,Crude prevalence,6.0,,,5.2,6.9,3775,3386,POINT (-71.1042048 42.3887962),25017351101,HLTHOUT,DIABETES,CrdPrv,Diabetes
2023,MA,Massachusetts,Middlesex,25017,25017351102,BRFSS,Health Outcomes,Diagnosed diabetes among adults,%,Crude prevalence,4.2,,,3.7,4.8,1972,1780,POINT (-71.105037 42.3852405),25017351102,HLTHOUT,DIABETES,CrdPrv,Diabetes
2023,MA,Massachusetts,Middlesex,25017,25017351203,BRFSS,Health Outcomes,Diagnosed diabetes among adults,%,Crude prevalence,4.0,,,3.5,4.5,4631,4210,POINT (-71.1007293 42.3769894),25017351203,HLTHOUT,DIABETES,CrdPrv,Diabetes
2023,MA,Massachusetts,Middlesex,25017,25017351204,BRFSS,Health Outcomes,Diagnosed diabetes among adults,%,Crude prevalence,4.3,,,3.8,4.9,4295,3869,POINT (-71.1046716 42.3815931),25017351204,HLTHOUT,DIABETES,CrdPrv,Diabetes
2023,MA,Massachusetts,Middlesex,25017,25017351300,BRFSS,Health Outcomes,Diagnosed diabetes among adults,%,Crude prevalence,6.9,,,6.0,7.8,4406,3834,POINT (-71.0951296 42.3834701),25017351300,HLTHOUT,DIABETES,CrdPrv,Diabetes
2023,MA,Massachusetts,Middlesex,25017,25017351403,BRFSS,Health Outcomes,Diagnosed diabetes among adults,%,Crude prevalence,8.7,,,7.7,9.9,3943,3408,POINT (-71.0842855 42.3863053),25017351403,HLTHOUT,DIABETES,CrdPrv,Diabetes
2023,MA,Massachusetts,Middlesex,25017,25017351404,BRFSS,Health Outcomes,Diagnosed diabetes among adults,%,Crude prevalence,7.6,,,6.7,8.7,3996,3390,POINT (-71.0876086 42.3837667),25017351404,HLTHOUT,DIABETES,CrdPrv,Diabetes
2023,MA,Massachusetts,Middlesex,25017,25017351500,BRFSS,Health Outcomes,Diagnosed diabetes among adults,%,Crude prevalence,9.6,,,8.4,10.9,2464,2210,POINT (-71.0846053 42.3771183),25017351500,HLTHOUT,DIABETES,CrdPrv,Diabetes
2023,MA,Massachusetts,Middlesex,25017,25017352101,BRFSS,Health Outcomes,Diagnosed diabetes among adults,%,Crude prevalence,3.6,,,3.2,4.1,4271,3950,POINT (-71.0739558 42.3716349),25017352101,HLTHOUT,DIABETES,CrdPrv,Diabetes
2023,MA,Massachusetts,Middlesex,25017,25017352102,BRFSS,Health Outcomes,Diagnosed diabetes among adults,%,Crude prevalence,7.2,,,6.3,8.3,2663,2393,POINT (-71.0758378 42.3685228),25017352102,HLTHOUT,DIABETES,CrdPrv,Diabetes
2023,MA,Massachusetts,Middlesex,25017,25017352200,BRFSS,Health Outcomes,Diagnosed diabetes among adults,%,Crude prevalence,10.0,,,8.8,11.2,1999,1819,POINT (-71.085125 42.3719651),25017352200,HLTHOUT,DIABETES,CrdPrv,Diabetes
2023,MA,Massachusetts,Middlesex,25017,25017352300,BRFSS,Health Outcomes,Diagnosed diabetes among adults,%,Crude prevalence,4.5,,,3.9,5.1,4313,3841,POINT (-71.0835011 42.3662197),25017352300,HLTHOUT,DIABETES,CrdPrv,Diabetes
2023,MA,Massachusetts,Middlesex,25017,25017352400,BRFSS,Health Outcomes,Diagnosed diabetes among adults,%,Crude prevalence,12.9,,,11.3,14.5,1879,1420,POINT (-71.0934341 42.3650343),25017352400,HLTHOUT,DIABETES,CrdPrv,Diabetes
2023,MA,Massachusetts,Middlesex,25017,25017352500,BRFSS,Health Outcomes,Diagnosed diabetes among adults,%,Crude prevalence,5.9,,,5.1,6.7,3466,3012,POINT (-71.0978873 42.368235),25017352500,HLTHOUT,DIABETES,CrdPrv,Diabetes
2023,MA,Massachusetts,Middlesex,25017,25017352600,BRFSS,Health Outcomes,Diagnosed diabetes among adults,%,Crude prevalence,5.7,,,5.0,6.5,2817,2449,POINT (-71.0912216 42.3694072),25017352600,HLTHOUT,DIABETES,CrdPrv,Diabetes
2023,MA,Massachusetts,Middlesex,25017,25017352700,BRFSS,Health Outcomes,Diagnosed diabetes among adults,%,Crude prevalence,7.9,,,7.0,8.9,2009,1777,POINT (-71.0935758 42.3734711),25017352700,HLTHOUT,DIABETES,CrdPrv,Diabetes
2023,MA,Massachusetts,Middlesex,25017,25017352800,BRFSS,Health Outcomes,Diagnosed diabetes among adults,%,Crude prevalence,5.0,,,4.4,5.7,1892,1624,POINT (-71.0963101 42.3717557),25017352800,HLTHOUT,DIABETES,CrdPrv,Diabetes
2023,MA,Massachusetts,Middlesex,25017,25017352900,BRFSS,Health Outcomes,Diagnosed diabetes among adults,%,Crude prevalence,5.7,,,5.0,6.5,2869,2473,POINT (-71.1033542 42.3724784),25017352900,HLTHOUT,DIABETES,CrdPrv,Diabetes
2023,MA,Massachusetts,Middlesex,25017,25017353000,BRFSS,Health Outcomes,Diagnosed diabetes among adults,%,Crude prevalence,5.9,,,5.2,6.7,2968,2669,POINT (-71.1032789 42.3677877),25017353000,HLTHOUT,DIABETES,CrdPrv,Diabetes
2023,MA,Massachusetts,Middlesex,25017,25017353101,BRFSS,Health Outcomes,Diagnosed diabetes among adults,%,Crude prevalence,6.9,,,6.1,7.7,3641,3304,POINT (-71.0990808 42.3625359),25017353101,HLTHOUT,DIABETES,CrdPrv,Diabetes
2023,MA,Massachusetts,Middlesex,25017,25017353102,BRFSS,Health Outcomes,Diagnosed diabetes among adults,%,Crude prevalence,2.2,,,1.9,2.5,6238,5960,POINT (-71.0909495 42.3601076),25017353102,HLTHOUT,DIABETES,CrdPrv,Diabetes
2023,MA,Massachusetts,Middlesex,25017,25017353200,BRFSS,Health Outcomes,Diagnosed diabetes among adults,%,Crude prevalence,5.2,,,4.5,5.9,5242,4687,POINT (-71.1057832 42.3584986),25017353200,HLTHOUT,DIABETES,CrdPrv,Diabetes
2023,MA,Massachusetts,Middlesex,25017,25017353300,BRFSS,Health Outcomes,Diagnosed diabetes among adults,%,Crude prevalence,5.9,,,5.2,6.8,3723,3204,POINT (-71.1110542 42.3585142),25017353300,HLTHOUT,DIABETES,CrdPrv,Diabetes
2023,MA,Massachusetts,Middlesex,25017,25017353600,BRFSS,Health Outcomes,Diagnosed diabetes among adults,%,Crude prevalence,4.9,,,4.3,5.6,5146,4691,POINT (-71.1154601 42.3805402),25017353600,HLTHOUT,DIABETES,CrdPrv,Diabetes
2023,MA,Massachusetts,Middlesex,25017,25017353700,BRFSS,Health Outcomes,Diagnosed diabetes among adults,%,Crude prevalence,4.1,,,3.6,4.6,5593,5230,POINT (-71.1122878 42.3745268),25017353700,HLTHOUT,DIABETES,CrdPrv,Diabetes
2023,MA,Massachusetts,Middlesex,25017,25017353800,BRFSS,Health Outcomes,Diagnosed diabetes among adults,%,Crude prevalence,5.1,,,4.5,5.7,4177,3871,POINT (-71.1096338 42.3708052),25017353800,HLTHOUT,DIABETES,CrdPrv,Diabetes
2023,MA,Massachusetts,Middlesex,25017,25017353900,BRFSS,Health Outcomes,Diagnosed diabetes among adults,%,Crude prevalence,3.3,,,2.9,3.7,6139,5809,POINT (-71.1162109 42.3662691),25017353900,HLTHOUT,DIABETES,CrdPrv,Diabetes
2023,MA,Massachusetts,Middlesex,25017,25017354000,BRFSS,Health Outcomes,Diagnosed diabetes among adults,%,Crude prevalence,5.6,,,5.0,6.4,4918,4674,POINT (-71.1226248 42.380987),25017354000,HLTHOUT,DIABETES,CrdPrv,Diabetes
2023,MA,Massachusetts,Middlesex,25017,25017354100,BRFSS,Health Outcomes,Diagnosed diabetes among adults,%,Crude prevalence,6.8,,,5.9,7.9,2889,2637,POINT (-71.1256481 42.3748851),25017354100,HLTHOUT,DIABETES,CrdPrv,Diabetes
2023,MA,Massachusetts,Middlesex,25017,25017354200,BRFSS,Health Outcomes,Diagnosed diabetes among adults,%,Crude prevalence,8.7,,,7.5,10.0,3008,2446,POINT (-71.135224 42.3734076),25017354200,HLTHOUT,DIABETES,CrdPrv,Diabetes
2023,MA,Massachusetts,Middlesex,25017,25017354300,BRFSS,Health Outcomes,Diagnosed diabetes among adults,%,Crude prevalence,8.1,,,7.0,9.3,3488,2825,POINT (-71.1471164 42.3830878),25017354300,HLTHOUT,DIABETES,CrdPrv,Diabetes
2023,MA,Massachusetts,Middlesex,25017,25017354400,BRFSS,Health Outcomes,Diagnosed diabetes among adults,%,Crude prevalence,7.2,,,6.3,8.2,1730,1421,POINT (-71.1372911 42.3833722),25017354400,HLTHOUT,DIABETES,CrdPrv,Diabetes
2023,MA,Massachusetts,Middlesex,25017,25017354500,BRFSS,Health Outcomes,Diagnosed diabetes among adults,%,Crude prevalence,6.8,,,6.0,7.7,1937,1638,POINT (-71.12504 42.3847449),25017354500,HLTHOUT,DIABETES,CrdPrv,Diabetes
2023,MA,Massachusetts,Middlesex,25017,25017354601,BRFSS,Health Outcomes,Diagnosed diabetes among adults,%,Crude prevalence,8.3,,,7.2,9.4,1646,1434,POINT (-71.1491066 42.390845),25017354601,HLTHOUT,DIABETES,CrdPrv,Diabetes
2023,MA,Massachusetts,Middlesex,25017,25017354602,BRFSS,Health Outcomes,Diagnosed diabetes among adults,%,Crude prevalence,7.8,,,7.0,8.8,4185,3353,POINT (-71.1359698 42.3876828),25017354602,HLTHOUT,DIABETES,CrdPrv,Diabetes
2023,MA,Massachusetts,Middlesex,25017,25017354700,BRFSS,Health Outcomes,Diagnosed diabetes among adults,%,Crude prevalence,6.0,,,5.2,6.8,2859,2489,POINT (-71.1226285 42.3895812),25017354700,HLTHOUT,DIABETES,CrdPrv,Diabetes
2023,MA,Massachusetts,Middlesex,25017,25017354800,BRFSS,Health Outcomes,Diagnosed diabetes among adults,%,Crude prevalence,5.8,,,5.1,6.6,2323,1995,POINT (-71.1279416 42.3926658),25017354800,HLTHOUT,DIABETES,CrdPrv,Diabetes
2023,MA,Massachusetts,Middlesex,25017,25017354901,BRFSS,Health Outcomes,Diagnosed diabetes among adults,%,Crude prevalence,3.7,,,3.2,4.2,2876,2500,POINT (-71.1489608 42.3964209),25017354901,HLTHOUT,DIABETES,CrdPrv,Diabetes
2023,MA,Massachusetts,Middlesex,25017,25017354902,BRFSS,Health Outcomes,Diagnosed diabetes among adults,%,Crude prevalence,10.8,,,9.5,12.1,5616,4369,POINT (-71.1357395 42.3946771),25017354902,HLTHOUT,DIABETES,CrdPrv,Diabetes
2023,MA,Massachusetts,Middlesex,25017,25017355000,BRFSS,Health Outcomes,Diagnosed diabetes among adults,%,Crude prevalence,6.8,,,6.0,7.7,3129,2695,POINT (-71.1342815 42.3985275),25017355000,HLTHOUT,DIABETES,CrdPrv,Diabetes
2023,MA,Massachusetts,Middlesex,25017,25017356100,BRFSS,Health Outcomes,Diagnosed diabetes among adults,%,Crude prevalence,6.2,,,5.3,7.1,3330,2671,POINT (-71.1456523 42.4026607),25017356100,HLTHOUT,DIABETES,CrdPrv,Diabetes
2023,MA,Massachusetts,Middlesex,25017,25017356300,BRFSS,Health Outcomes,Diagnosed diabetes among adults,%,Crude prevalence,6.8,,,6.0,7.8,5332,4179,POINT (-71.1408988 42.4141319),25017356300,HLTHOUT,DIABETES,CrdPrv,Diabetes
2023,MA,Massachusetts,Middlesex,25017,25017356400,BRFSS,Health Outcomes,Diagnosed diabetes among adults,%,Crude prevalence,8.2,,,7.1,9.5,8136,6176,POINT (-71.1583359 42.4285594),25017356400,HLTHOUT,DIABETES,CrdPrv,Diabetes
2023,MA,Massachusetts,Middlesex,25017,25017356500,BRFSS,Health Outcomes,Diagnosed diabetes among adults,%,Crude prevalence,8.1,,,7.1,9.3,7067,5438,POINT (-71.1853749 42.4242961),25017356500,HLTHOUT,DIABETES,CrdPrv,Diabetes
2023,MA,Massachusetts,Middlesex,25017,25017356601,BRFSS,Health Outcomes,Diagnosed diabetes among adults,%,Crude prevalence,7.8,,,6.8,8.9,4783,3749,POINT (-71.1730936 42.4186038),25017356601,HLTHOUT,DIABETES,CrdPrv,Diabetes
2023,MA,Massachusetts,Middlesex,25017,25017356602,BRFSS,Health Outcomes,Diagnosed diabetes among adults,%,Crude prevalence,8.2,,,7.1,9.5,4284,3322,POINT (-71.1817624 42.4194011),25017356602,HLTHOUT,DIABETES,CrdPrv,Diabetes
2023,MA,Massachusetts,Middlesex,25017,25017356701,BRFSS,Health Outcomes,Diagnosed diabetes among adults,%,Crude prevalence,6.9,,,6.0,7.8,6275,5227,POINT (-71.1438162 42.4083786),25017356701,HLTHOUT,DIABETES,CrdPrv,Diabetes
2023,MA,Massachusetts,Middlesex,25017,25017356703,BRFSS,Health Outcomes,Diagnosed diabetes among adults,%,Crude prevalence,9.8,,,8.6,11.1,3211,2615,POINT (-71.1574723 42.4095378),25017356703,HLTHOUT,DIABETES,CrdPrv,Diabetes
2023,MA,Massachusetts,Middlesex,25017,25017356704,BRFSS,Health Outcomes,Diagnosed diabetes among adults,%,Crude prevalence,7.5,,,6.5,8.6,3890,3055,POINT (-71.1661326 42.4145126),25017356704,HLTHOUT,DIABETES,CrdPrv,Diabetes
2023,MA,Massachusetts,Middlesex,25017,25017357100,BRFSS,Health Outcomes,Diagnosed diabetes among adults,%,Crude prevalence,7.6,,,6.6,8.6,5480,4055,POINT (-71.1665482 42.4010318),25017357100,HLTHOUT,DIABETES,CrdPrv,Diabetes
2023,MA,Massachusetts,Middlesex,25017,25017357200,BRFSS,Health Outcomes,Diagnosed diabetes among adults,%,Crude prevalence,7.6,,,6.6,8.7,3243,2423,POINT (-71.1658606 42.3904062),25017357200,HLTHOUT,DIABETES,CrdPrv,Diabetes
2023,MA,Massachusetts,Middlesex,25017,25017357300,BRFSS,Health Outcomes,Diagnosed diabetes among adults,%,Crude prevalence,6.7,,,5.8,7.7,3117,2417,POINT (-71.1599966 42.3807231),25017357300,HLTHOUT,DIABETES,CrdPrv,Diabetes
2023,MA,Massachusetts,Middlesex,25017,25017357400,BRFSS,Health Outcomes,Diagnosed diabetes among adults,%,Crude prevalence,8.0,,,6.9,9.3,2372,1764,POINT (-71.1679802 42.3809695),25017357400,HLTHOUT,DIABETES,CrdPrv,Diabetes
2023,MA,Massachusetts,Middlesex,25017,25017357500,BRFSS,Health Outcomes,Diagnosed diabetes among adults,%,Crude prevalence,7.2,,,6.2,8.2,2255,1709,POINT (-71.175976 42.3835353),25017357500,HLTHOUT,DIABETES,CrdPrv,Diabetes
2023,MA,Massachusetts,Middlesex,25017,25017357600,BRFSS,Health Outcomes,Diagnosed diabetes among adults,%,Crude prevalence,7.0,,,6.1,8.0,2665,2026,POINT (-71.1862627 42.3832333),25017357600,HLTHOUT,DIABETES,CrdPrv,Diabetes
2023,MA,Massachusetts,Middlesex,25017,25017357700,BRFSS,Health Outcomes,Diagnosed diabetes among adults,%,Crude prevalence,8.9,,,7.7,10.1,4139,3292,POINT (-71.1891107 42.3956428),25017357700,HLTHOUT,DIABETES,CrdPrv,Diabetes
2023,MA,Massachusetts,Middlesex,25017,25017357800,BRFSS,Health Outcomes,Diagnosed diabetes among adults,%,Crude prevalence,8.2,,,7.0,9.4,4024,2887,POINT (-71.187968 42.403119),25017357800,HLTHOUT,DIABETES,CrdPrv,Diabetes
2023,MA,Massachusetts,Middlesex,25017,25017358100,BRFSS,Health Outcomes,Diagnosed diabetes among adults,%,Crude prevalence,8.3,,,7.2,9.4,5282,3911,POINT (-71.2064063 42.4265458),25017358100,HLTHOUT,DIABETES,CrdPrv,Diabetes
2023,MA,Massachusetts,Middlesex,25017,25017358300,BRFSS,Health Outcomes,Diagnosed diabetes among adults,%,Crude prevalence,8.8,,,7.7,10.1,6380,4729,POINT (-71.2340953 42.4261135),25017358300,HLTHOUT,DIABETES,CrdPrv,Diabetes
2023,MA,Massachusetts,Middlesex,25017,25017358400,BRFSS,Health Outcomes,Diagnosed diabetes among adults,%,Crude prevalence,9.7,,,8.5,11.0,5285,4002,POINT (-71.2455163 42.4377299),25017358400,HLTHOUT,DIABETES,CrdPrv,Diabetes
2023,MA,Massachusetts,Middlesex,25017,25017358500,BRFSS,Health Outcomes,Diagnosed diabetes among adults,%,Crude prevalence,9.1,,,8.0,10.4,5580,4224,POINT (-71.202152 42.4453551),25017358500,HLTHOUT,DIABETES,CrdPrv,Diabetes
2023,MA,Massachusetts,Middlesex,25017,25017358600,BRFSS,Health Outcomes,Diagnosed diabetes among adults,%,Crude prevalence,9.2,,,8.1,10.6,6319,4654,POINT (-71.2500166 42.4579056),25017358600,HLTHOUT,DIABETES,CrdPrv,Diabetes
2023,MA,Massachusetts,Middlesex,25017,25017358700,BRFSS,Health Outcomes,Diagnosed diabetes among adults,%,Crude prevalence,8.4,,,7.4,9.7,5608,4029,POINT (-71.2276871 42.4720157),25017358700,HLTHOUT,DIABETES,CrdPrv,Diabetes
2023,MA,Massachusetts,Middlesex,25017,25017359100,BRFSS,Health Outcomes,Diagnosed diabetes among adults,%,Crude prevalence,9.3,,,8.0,10.7,6544,5210,POINT (-71.2596633 42.5084237),25017359100,HLTHOUT,DIABETES,CrdPrv,Diabetes
2023,MA,Massachusetts,Middlesex,25017,25017359303,BRFSS,Health Outcomes,Diagnosed diabetes among adults,%,Crude prevalence,8.4,,,7.3,9.7,7839,5917,POINT (-71.2941324 42.4916993),25017359303,HLTHOUT,DIABETES,CrdPrv,Diabetes
2023,MA,Massachusetts,Middlesex,25017,25017359400,BRFSS,Health Outcomes,Diagnosed diabetes among adults,%,Crude prevalence,6.9,,,6.1,7.8,6754,5881,POINT (-71.1121707 42.3636223),25017359400,HLTHOUT,DIABETES,CrdPrv,Diabetes
2023,MA,Massachusetts,Middlesex,25017,25017360300,BRFSS,Health Outcomes,Diagnosed diabetes among adults,%,Crude prevalence,8.7,,,7.5,9.8,7014,5418,POINT (-71.3108115 42.4255064),25017360300,HLTHOUT,DIABETES,CrdPrv,Diabetes
2023,MA,Massachusetts,Middlesex,25017,25017361100,BRFSS,Health Outcomes,Diagnosed diabetes among adults,%,Crude prevalence,8.6,,,7.4,9.8,5726,4402,POINT (-71.3740693 42.4426939),25017361100,HLTHOUT,DIABETES,CrdPrv,Diabetes
2023,MA,Massachusetts,Middlesex,25017,25017361200,BRFSS,Health Outcomes,Diagnosed diabetes among adults,%,Crude prevalence,8.8,,,7.7,10.1,6259,4974,POINT (-71.3995446 42.44525),25017361200,HLTHOUT,DIABETES,CrdPrv,Diabetes
2023,MA,Massachusetts,Middlesex,25017,25017361300,BRFSS,Health Outcomes,Diagnosed diabetes among adults,%,Crude prevalence,8.2,,,7.1,9.5,6506,5017,POINT (-71.3531968 42.490428),25017361300,HLTHOUT,DIABETES,CrdPrv,Diabetes
2023,MA,Massachusetts,Middlesex,25017,25017362100,BRFSS,Health Outcomes,Diagnosed diabetes among adults,%,Crude prevalence,8.5,,,7.4,9.8,5237,4013,POINT (-71.361324 42.5368071),25017362100,HLTHOUT,DIABETES,CrdPrv,Diabetes
2023,MA,Massachusetts,Middlesex,25017,25017363103,BRFSS,Health Outcomes,Diagnosed diabetes among adults,%,Crude prevalence,8.5,,,7.4,9.7,3617,2713,POINT (-71.4474589 42.5002899),25017363103,HLTHOUT,DIABETES,CrdPrv,Diabetes
2023,MA,Massachusetts,Middlesex,25017,25017363104,BRFSS,Health Outcomes,Diagnosed diabetes among adults,%,Crude prevalence,8.5,,,7.3,9.7,6259,4716,POINT (-71.4297616 42.4649683),25017363104,HLTHOUT,DIABETES,CrdPrv,Diabetes
2023,MA,Massachusetts,Middlesex,25017,25017363105,BRFSS,Health Outcomes,Diagnosed diabetes among adults,%,Crude prevalence,11.1,,,9.7,12.8,3781,2955,POINT (-71.4004675 42.5053578),25017363105,HLTHOUT,DIABETES,CrdPrv,Diabetes
2023,MA,Massachusetts,Middlesex,25017,25017363106,BRFSS,Health Outcomes,Diagnosed diabetes among adults,%,Crude prevalence,9.1,,,8.0,10.4,3330,2501,POINT (-71.41465 42.522632),25017363106,HLTHOUT,DIABETES,CrdPrv,Diabetes
2023,MA,Massachusetts,Middlesex,25017,25017363201,BRFSS,Health Outcomes,Diagnosed diabetes among adults,%,Crude prevalence,8.0,,,6.9,9.2,3317,2514,POINT (-71.477543 42.4644272),25017363201,HLTHOUT,DIABETES,CrdPrv,Diabetes
2023,MA,Massachusetts,Middlesex,25017,25017363202,BRFSS,Health Outcomes,Diagnosed diabetes among adults,%,Crude prevalence,7.3,,,6.4,8.4,3717,2779,POINT (-71.4668529 42.479293),25017363202,HLTHOUT,DIABETES,CrdPrv,Diabetes
2023,MA,Massachusetts,Middlesex,25017,25017364101,BRFSS,Health Outcomes,Diagnosed diabetes among adults,%,Crude prevalence,8.8,,,7.5,10.1,5631,4553,POINT (-71.4622486 42.4374587),25017364101,HLTHOUT,DIABETES,CrdPrv,Diabetes
2023,MA,Massachusetts,Middlesex,25017,25017364102,BRFSS,Health Outcomes,Diagnosed diabetes among adults,%,Crude prevalence,7.5,,,6.5,8.7,5115,4039,POINT (-71.4509538 42.4197794),25017364102,HLTHOUT,DIABETES,CrdPrv,Diabetes
2023,MA,Massachusetts,Middlesex,25017,25017365100,BRFSS,Health Outcomes,Diagnosed diabetes among adults,%,Crude prevalence,7.2,,,6.2,8.4,7918,5638,POINT (-71.4125646 42.405063),25017365100,HLTHOUT,DIABETES,CrdPrv,Diabetes
2023,MA,Massachusetts,Middlesex,25017,25017365201,BRFSS,Health Outcomes,Diagnosed diabetes among adults,%,Crude prevalence,7.6,,,6.7,8.8,5949,4402,POINT (-71.4326542 42.374693),25017365201,HLTHOUT,DIABETES,CrdPrv,Diabetes
2023,MA,Massachusetts,Middlesex,25017,25017365202,BRFSS,Health Outcomes,Diagnosed diabetes among adults,%,Crude prevalence,8.7,,,7.6,10.0,5067,3771,POINT (-71.4450462 42.3543267),25017365202,HLTHOUT,DIABETES,CrdPrv,Diabetes
2023,MA,Massachusetts,Middlesex,25017,25017366100,BRFSS,Health Outcomes,Diagnosed diabetes among adults,%,Crude prevalence,8.8,,,7.5,10.1,4952,3717,POINT (-71.3663984 42.3255606),25017366100,HLTHOUT,DIABETES,CrdPrv,Diabetes
2023,MA,Massachusetts,Middlesex,25017,25017366201,BRFSS,Health Outcomes,Diagnosed diabetes among adults,%,Crude prevalence,7.7,,,6.7,8.8,3750,2701,POINT (-71.3511169 42.3862881),25017366201,HLTHOUT,DIABETES,CrdPrv,Diabetes
2023,MA,Massachusetts,Middlesex,25017,25017366202,BRFSS,Health Outcomes,Diagnosed diabetes among adults,%,Crude prevalence,8.7,,,7.6,10.0,5241,4050,POINT (-71.3729338 42.3457407),25017366202,HLTHOUT,DIABETES,CrdPrv,Diabetes
2023,MA,Massachusetts,Middlesex,25017,25017367100,BRFSS,Health Outcomes,Diagnosed diabetes among adults,%,Crude prevalence,9.0,,,7.8,10.4,4861,3664,POINT (-71.3038201 42.3825916),25017367100,HLTHOUT,DIABETES,CrdPrv,Diabetes
2023,MA,Massachusetts,Middlesex,25017,25017367200,BRFSS,Health Outcomes,Diagnosed diabetes among adults,%,Crude prevalence,8.0,,,6.9,9.3,6990,5401,POINT (-71.3006085 42.3459611),25017367200,HLTHOUT,DIABETES,CrdPrv,Diabetes
2023,MA,Massachusetts,Middlesex,25017,25017368101,BRFSS,Health Outcomes,Diagnosed diabetes among adults,%,Crude prevalence,7.7,,,6.7,8.8,5782,4869,POINT (-71.245202 42.4096613),25017368101,HLTHOUT,DIABETES,CrdPrv,Diabetes
2023,MA,Massachusetts,Middlesex,25017,25017368102,BRFSS,Health Outcomes,Diagnosed diabetes among adults,%,Crude prevalence,9.5,,,8.3,10.9,4718,3849,POINT (-71.2576286 42.4076273),25017368102,HLTHOUT,DIABETES,CrdPrv,Diabetes
2023,MA,Massachusetts,Middlesex,25017,25017368200,BRFSS,Health Outcomes,Diagnosed diabetes among adults,%,Crude prevalence,8.9,,,7.6,10.2,4198,3448,POINT (-71.2624456 42.3927303),25017368200,HLTHOUT,DIABETES,CrdPrv,Diabetes
2023,MA,Massachusetts,Middlesex,25017,25017368300,BRFSS,Health Outcomes,Diagnosed diabetes among adults,%,Crude prevalence,8.3,,,7.3,9.3,5763,4905,POINT (-71.2525097 42.3770165),25017368300,HLTHOUT,DIABETES,CrdPrv,Diabetes
2023,MA,Massachusetts,Middlesex,25017,25017368400,BRFSS,Health Outcomes,Diagnosed diabetes among adults,%,Crude prevalence,4.7,,,4.1,5.4,8606,7683,POINT (-71.2563824 42.3656771),25017368400,HLTHOUT,DIABETES,CrdPrv,Diabetes
2023,MA,Massachusetts,Middlesex,25017,25017368500,BRFSS,Health Outcomes,Diagnosed diabetes among adults,%,Crude prevalence,6.8,,,5.9,7.8,3419,3041,POINT (-71.2385575 42.3692509),25017368500,HLTHOUT,DIABETES,CrdPrv,Diabetes
2023,MA,Massachusetts,Middlesex,25017,25017368600,BRFSS,Health Outcomes,Diagnosed diabetes among adults,%,Crude prevalence,7.6,,,6.6,8.7,5856,4926,POINT (-71.2404818 42.3624317),25017368600,HLTHOUT,DIABETES,CrdPrv,Diabetes
2023,MA,Massachusetts,Middlesex,25017,25017368700,BRFSS,Health Outcomes,Diagnosed diabetes among adults,%,Crude prevalence,7.5,,,6.5,8.5,2684,2151,POINT (-71.2265194 42.368618),25017368700,HLTHOUT,DIABETES,CrdPrv,Diabetes
2023,MA,Massachusetts,Middlesex,25017,25017368800,BRFSS,Health Outcomes,Diagnosed diabetes among adults,%,Crude prevalence,8.8,,,7.7,10.0,6169,5200,POINT (-71.2242042 42.3729926),25017368800,HLTHOUT,DIABETES,CrdPrv,Diabetes
2023,MA,Massachusetts,Middlesex,25017,25017368901,BRFSS,Health Outcomes,Diagnosed diabetes among adults,%,Crude prevalence,9.1,,,7.9,10.4,5973,5073,POINT (-71.2285558 42.3966857),25017368901,HLTHOUT,DIABETES,CrdPrv,Diabetes
2023,MA,Massachusetts,Middlesex,25017,25017368902,BRFSS,Health Outcomes,Diagnosed diabetes among adults,%,Crude prevalence,9.4,,,8.3,10.6,3691,2958,POINT (-71.2312876 42.3802452),25017368902,HLTHOUT,DIABETES,CrdPrv,Diabetes
2023,MA,Massachusetts,Middlesex,25017,25017369000,BRFSS,Health Outcomes,Diagnosed diabetes among adults,%,Crude prevalence,1.9,,,1.6,2.2,3300,3284,POINT (-71.2139162 42.3935801),25017369000,HLTHOUT,DIABETES,CrdPrv,Diabetes
2023,MA,Massachusetts,Middlesex,25017,25017369100,BRFSS,Health Outcomes,Diagnosed diabetes among adults,%,Crude prevalence,8.3,,,7.3,9.5,5059,4130,POINT (-71.2077358 42.3841027),25017369100,HLTHOUT,DIABETES,CrdPrv,Diabetes
2023,MA,Massachusetts,Middlesex,25017,25017370101,BRFSS,Health Outcomes,Diagnosed diabetes among adults,%,Crude prevalence,8.1,,,7.0,9.3,6807,5568,POINT (-71.1966358 42.3774204),25017370101,HLTHOUT,DIABETES,CrdPrv,Diabetes
2023,MA,Massachusetts,Middlesex,25017,25017370103,BRFSS,Health Outcomes,Diagnosed diabetes among adults,%,Crude prevalence,7.8,,,6.8,8.8,3544,3048,POINT (-71.187865 42.3684134),25017370103,HLTHOUT,DIABETES,CrdPrv,Diabetes
2023,MA,Massachusetts,Middlesex,25017,25017370104,BRFSS,Health Outcomes,Diagnosed diabetes among adults,%,Crude prevalence,6.4,,,5.5,7.4,3734,3209,POINT (-71.2048673 42.3688643),25017370104,HLTHOUT,DIABETES,CrdPrv,Diabetes
2023,MA,Massachusetts,Middlesex,25017,25017370201,BRFSS,Health Outcomes,Diagnosed diabetes among adults,%,Crude prevalence,7.2,,,6.3,8.4,3798,3226,POINT (-71.1700572 42.373578),25017370201,HLTHOUT,DIABETES,CrdPrv,Diabetes
2023,MA,Massachusetts,Middlesex,25017,25017370202,BRFSS,Health Outcomes,Diagnosed diabetes among adults,%,Crude prevalence,6.9,,,6.0,8.0,4222,3553,POINT (-71.1829606 42.3755219),25017370202,HLTHOUT,DIABETES,CrdPrv,Diabetes
2023,MA,Massachusetts,Middlesex,25017,25017370301,BRFSS,Health Outcomes,Diagnosed diabetes among adults,%,Crude prevalence,7.2,,,6.2,8.2,4531,3917,POINT (-71.1500991 42.3714567),25017370301,HLTHOUT,DIABETES,CrdPrv,Diabetes
2023,MA,Massachusetts,Middlesex,25017,25017370302,BRFSS,Health Outcomes,Diagnosed diabetes among adults,%,Crude prevalence,9.9,,,8.3,11.6,1572,1380,POINT (-71.1550322 42.3636899),25017370302,HLTHOUT,DIABETES,CrdPrv,Diabetes
2023,MA,Massachusetts,Middlesex,25017,25017370401,BRFSS,Health Outcomes,Diagnosed diabetes among adults,%,Crude prevalence,6.4,,,5.6,7.4,3531,3046,POINT (-71.1726387 42.3668544),25017370401,HLTHOUT,DIABETES,CrdPrv,Diabetes
2023,MA,Massachusetts,Middlesex,25017,25017370402,BRFSS,Health Outcomes,Diagnosed diabetes among adults,%,Crude prevalence,7.4,,,6.5,8.5,1520,1300,POINT (-71.1764284 42.3627382),25017370402,HLTHOUT,DIABETES,CrdPrv,Diabetes
2023,MA,Massachusetts,Middlesex,25017,25017370403,BRFSS,Health Outcomes,Diagnosed diabetes among adults,%,Crude prevalence,6.4,,,5.6,7.4,2070,1813,POINT (-71.1873584 42.3624184),25017370403,HLTHOUT,DIABETES,CrdPrv,Diabetes
2023,MA,Massachusetts,Middlesex,25017,25017373100,BRFSS,Health Outcomes,Diagnosed diabetes among adults,%,Crude prevalence,7.1,,,6.1,8.2,5113,4134,POINT (-71.1844188 42.3557326),25017373100,HLTHOUT,DIABETES,CrdPrv,Diabetes
2023,MA,Massachusetts,Middlesex,25017,25017373200,BRFSS,Health Outcomes,Diagnosed diabetes among adults,%,Crude prevalence,7.9,,,6.9,9.0,4789,3810,POINT (-71.2010291 42.3609087),25017373200,HLTHOUT,DIABETES,CrdPrv,Diabetes
2023,MA,Massachusetts,Middlesex,25017,25017373300,BRFSS,Health Outcomes,Diagnosed diabetes among adults,%,Crude prevalence,8.0,,,7.0,9.1,3100,2448,POINT (-71.2089979 42.3569701),25017373300,HLTHOUT,DIABETES,CrdPrv,Diabetes
2023,MA,Massachusetts,Middlesex,25017,25017373400,BRFSS,Health Outcomes,Diagnosed diabetes among adults,%,Crude prevalence,8.1,,,7.0,9.3,3319,2605,POINT (-71.2019529 42.3474873),25017373400,HLTHOUT,DIABETES,CrdPrv,Diabetes
2023,MA,Massachusetts,Middlesex,25017,25017373500,BRFSS,Health Outcomes,Diagnosed diabetes among adults,%,Crude prevalence,7.2,,,6.3,8.2,6237,4932,POINT (-71.1835071 42.3440287),25017373500,HLTHOUT,DIABETES,CrdPrv,Diabetes
2023,MA,Massachusetts,Middlesex,25017,25017373600,BRFSS,Health Outcomes,Diagnosed diabetes among adults,%,Crude prevalence,5.1,,,4.5,5.8,6132,5519,POINT (-71.1743265 42.3300314),25017373600,HLTHOUT,DIABETES,CrdPrv,Diabetes
2023,MA,Massachusetts,Middlesex,25017,25017373700,BRFSS,Health Outcomes,Diagnosed diabetes among adults,%,Crude prevalence,7.7,,,6.8,8.7,3854,2948,POINT (-71.2039895 42.3367826),25017373700,HLTHOUT,DIABETES,CrdPrv,Diabetes
2023,MA,Massachusetts,Middlesex,25017,25017373800,BRFSS,Health Outcomes,Diagnosed diabetes among adults,%,Crude prevalence,8.6,,,7.5,9.8,6066,4754,POINT (-71.191399 42.326281),25017373800,HLTHOUT,DIABETES,CrdPrv,Diabetes
2023,MA,Massachusetts,Middlesex,25017,25017373901,BRFSS,Health Outcomes,Diagnosed diabetes among adults,%,Crude prevalence,8.7,,,7.7,9.9,3128,2367,POINT (-71.1790574 42.3027698),25017373901,HLTHOUT,DIABETES,CrdPrv,Diabetes
2023,MA,Massachusetts,Middlesex,25017,25017373902,BRFSS,Health Outcomes,Diagnosed diabetes among adults,%,Crude prevalence,9.2,,,8.1,10.5,3876,3077,POINT (-71.1852347 42.3126917),25017373902,HLTHOUT,DIABETES,CrdPrv,Diabetes
2023,MA,Massachusetts,Middlesex,25017,25017374000,BRFSS,Health Outcomes,Diagnosed diabetes among adults,%,Crude prevalence,9.4,,,8.2,10.7,4808,3737,POINT (-71.1942283 42.3020256),25017374000,HLTHOUT,DIABETES,CrdPrv,Diabetes
2023,MA,Massachusetts,Middlesex,25017,25017374100,BRFSS,Health Outcomes,Diagnosed diabetes among adults,%,Crude prevalence,9.0,,,7.9,10.1,4965,3885,POINT (-71.2118062 42.3150049),25017374100,HLTHOUT,DIABETES,CrdPrv,Diabetes
2023,MA,Massachusetts,Middlesex,25017,25017374200,BRFSS,Health Outcomes,Diagnosed diabetes among adults,%,Crude prevalence,7.6,,,6.6,8.6,4311,3315,POINT (-71.2133136 42.3237866),25017374200,HLTHOUT,DIABETES,CrdPrv,Diabetes
2023,MA,Massachusetts,Middlesex,25017,25017374300,BRFSS,Health Outcomes,Diagnosed diabetes among adults,%,Crude prevalence,7.8,,,6.8,8.9,3772,2808,POINT (-71.2358074 42.3252956),25017374300,HLTHOUT,DIABETES,CrdPrv,Diabetes
2023,MA,Massachusetts,Middlesex,25017,25017374400,BRFSS,Health Outcomes,Diagnosed diabetes among adults,%,Crude prevalence,8.8,,,7.8,9.9,5955,4506,POINT (-71.2264635 42.339608),25017374400,HLTHOUT,DIABETES,CrdPrv,Diabetes
2023,MA,Massachusetts,Middlesex,25017,25017374500,BRFSS,Health Outcomes,Diagnosed diabetes among adults,%,Crude prevalence,9.0,,,7.9,10.2,4586,3553,POINT (-71.220143 42.3541178),25017374500,HLTHOUT,DIABETES,CrdPrv,Diabetes
2023,MA,Massachusetts,Middlesex,25017,25017374600,BRFSS,Health Outcomes,Diagnosed diabetes among adults,%,Crude prevalence,7.3,,,6.3,8.3,5285,4001,POINT (-71.2298425 42.3558585),25017374600,HLTHOUT,DIABETES,CrdPrv,Diabetes
2023,MA,Massachusetts,Middlesex,25017,25017374700,BRFSS,Health Outcomes,Diagnosed diabetes among adults,%,Crude prevalence,8.0,,,7.0,9.2,4602,3541,POINT (-71.2482919 42.350031),25017374700,HLTHOUT,DIABETES,CrdPrv,Diabetes
2023,MA,Massachusetts,Middlesex,25017,25017374800,BRFSS,Health Outcomes,Diagnosed diabetes among adults,%,Crude prevalence,7.4,,,6.5,8.4,5025,4190,POINT (-71.250374 42.3328415),25017374800,HLTHOUT,DIABETES,CrdPrv,Diabetes
2023,MA,Massachusetts,Middlesex,25017,25017382100,BRFSS,Health Outcomes,Diagnosed diabetes among adults,%,Crude prevalence,8.3,,,7.2,9.6,5146,3855,POINT (-71.3412483 42.311683),25017382100,HLTHOUT,DIABETES,CrdPrv,Diabetes
2023,MA,Massachusetts,Middlesex,25017,25017382200,BRFSS,Health Outcomes,Diagnosed diabetes among adults,%,Crude prevalence,7.4,,,6.4,8.6,5375,4139,POINT (-71.3394529 42.2969096),25017382200,HLTHOUT,DIABETES,CrdPrv,Diabetes
2023,MA,Massachusetts,Middlesex,25017,25017382300,BRFSS,Health Outcomes,Diagnosed diabetes among adults,%,Crude prevalence,7.9,,,6.8,9.2,5917,4566,POINT (-71.3249828 42.2678202),25017382300,HLTHOUT,DIABETES,CrdPrv,Diabetes
2023,MA,Massachusetts,Middlesex,25017,25017382400,BRFSS,Health Outcomes,Diagnosed diabetes among adults,%,Crude prevalence,8.8,,,7.6,10.1,5340,4183,POINT (-71.3583643 42.2727145),25017382400,HLTHOUT,DIABETES,CrdPrv,Diabetes
2023,MA,Massachusetts,Middlesex,25017,25017382500,BRFSS,Health Outcomes,Diagnosed diabetes among adults,%,Crude prevalence,8.0,,,6.9,9.2,5664,4553,POINT (-71.3665957 42.294909),25017382500,HLTHOUT,DIABETES,CrdPrv,Diabetes
2023,MA,Massachusetts,Middlesex,25017,25017382601,BRFSS,Health Outcomes,Diagnosed diabetes among adults,%,Crude prevalence,6.8,,,5.8,7.8,4794,3902,POINT (-71.3868012 42.2768206),25017382601,HLTHOUT,DIABETES,CrdPrv,Diabetes
2023,MA,Massachusetts,Middlesex,25017,25017382602,BRFSS,Health Outcomes,Diagnosed diabetes among adults,%,Crude prevalence,9.3,,,8.1,10.6,4770,3744,POINT (-71.3807643 42.2898797),25017382602,HLTHOUT,DIABETES,CrdPrv,Diabetes
2023,MA,Massachusetts,Middlesex,25017,25017383101,BRFSS,Health Outcomes,Diagnosed diabetes among adults,%,Crude prevalence,12.1,,,10.6,13.6,4149,3145,POINT (-71.4076209 42.2673461),25017383101,HLTHOUT,DIABETES,CrdPrv,Diabetes
2023,MA,Massachusetts,Middlesex,25017,25017383102,BRFSS,Health Outcomes,Diagnosed diabetes among adults,%,Crude prevalence,13.8,,,12.3,15.4,5012,3411,POINT (-71.3985938 42.2751063),25017383102,HLTHOUT,DIABETES,CrdPrv,Diabetes
2023,MA,Massachusetts,Middlesex,25017,25017383200,BRFSS,Health Outcomes,Diagnosed diabetes among adults,%,Crude prevalence,10.5,,,9.3,11.9,6591,5030,POINT (-71.4289327 42.2683889),25017383200,HLTHOUT,DIABETES,CrdPrv,Diabetes
2023,MA,Massachusetts,Middlesex,25017,25017383300,BRFSS,Health Outcomes,Diagnosed diabetes among adults,%,Crude prevalence,10.0,,,8.7,11.5,3191,2579,POINT (-71.4332239 42.2821039),25017383300,HLTHOUT,DIABETES,CrdPrv,Diabetes
2023,MA,Massachusetts,Middlesex,25017,25017383401,BRFSS,Health Outcomes,Diagnosed diabetes among adults,%,Crude prevalence,9.1,,,8.1,10.3,2499,1989,POINT (-71.4202967 42.2852849),25017383401,HLTHOUT,DIABETES,CrdPrv,Diabetes
2023,MA,Massachusetts,Middlesex,25017,25017383402,BRFSS,Health Outcomes,Diagnosed diabetes among adults,%,Crude prevalence,10.8,,,9.5,12.1,3799,2898,POINT (-71.4060024 42.2846974),25017383402,HLTHOUT,DIABETES,CrdPrv,Diabetes
2023,MA,Massachusetts,Middlesex,25017,25017383501,BRFSS,Health Outcomes,Diagnosed diabetes among adults,%,Crude prevalence,11.6,,,10.2,13.0,4674,3774,POINT (-71.4121324 42.2962927),25017383501,HLTHOUT,DIABETES,CrdPrv,Diabetes
2023,MA,Massachusetts,Middlesex,25017,25017383502,BRFSS,Health Outcomes,Diagnosed diabetes among adults,%,Crude prevalence,5.3,,,4.7,6.0,3932,3507,POINT (-71.4373976 42.2957306),25017383502,HLTHOUT,DIABETES,CrdPrv,Diabetes
2023,MA,Massachusetts,Middlesex,25017,25017383600,BRFSS,Health Outcomes,Diagnosed diabetes among adults,%,Crude prevalence,9.2,,,8.0,10.6,6341,5160,POINT (-71.4159751 42.3054903),25017383600,HLTHOUT,DIABETES,CrdPrv,Diabetes
2023,MA,Massachusetts,Middlesex,25017,25017383700,BRFSS,Health Outcomes,Diagnosed diabetes among adults,%,Crude prevalence,8.9,,,7.6,10.2,5308,4280,POINT (-71.3957228 42.316093),25017383700,HLTHOUT,DIABETES,CrdPrv,Diabetes
2023,MA,Massachusetts,Middlesex,25017,25017383800,BRFSS,Health Outcomes,Diagnosed diabetes among adults,%,Crude prevalence,8.1,,,7.0,9.3,6356,5119,POINT (-71.4058655 42.3321788),25017383800,HLTHOUT,DIABETES,CrdPrv,Diabetes
2023,MA,Massachusetts,Middlesex,25017,25017383902,BRFSS,Health Outcomes,Diagnosed diabetes among adults,%,Crude prevalence,9.1,,,7.9,10.5,5466,4355,POINT (-71.4641182 42.3195156),25017383902,HLTHOUT,DIABETES,CrdPrv,Diabetes
2023,MA,Massachusetts,Middlesex,25017,25017383903,BRFSS,Health Outcomes,Diagnosed diabetes among adults,%,Crude prevalence,9.0,,,7.7,10.3,2665,2090,POINT (-71.4329895 42.3173007),25017383903,HLTHOUT,DIABETES,CrdPrv,Diabetes
2023,MA,Massachusetts,Middlesex,25017,25017383904,BRFSS,Health Outcomes,Diagnosed diabetes among adults,%,Crude prevalence,9.6,,,8.2,11.0,5221,4286,POINT (-71.4472708 42.3411448),25017383904,HLTHOUT,DIABETES,CrdPrv,Diabetes
2023,MA,Massachusetts,Middlesex,25017,25017384003,BRFSS,Health Outcomes,Diagnosed diabetes among adults,%,Crude prevalence,7.3,,,6.3,8.3,5699,4757,POINT (-71.4697809 42.2878081),25017384003,HLTHOUT,DIABETES,CrdPrv,Diabetes
2023,MA,Massachusetts,Middlesex,25017,25017384004,BRFSS,Health Outcomes,Diagnosed diabetes among adults,%,Crude prevalence,9.1,,,7.8,10.5,1459,1171,POINT (-71.4576599 42.2981977),25017384004,HLTHOUT,DIABETES,CrdPrv,Diabetes
2023,MA,Massachusetts,Middlesex,25017,25017385101,BRFSS,Health Outcomes,Diagnosed diabetes among adults,%,Crude prevalence,7.1,,,6.1,8.1,2869,2238,POINT (-71.4918893 42.2568636),25017385101,HLTHOUT,DIABETES,CrdPrv,Diabetes
2023,MA,Massachusetts,Middlesex,25017,25017385102,BRFSS,Health Outcomes,Diagnosed diabetes among adults,%,Crude prevalence,8.7,,,7.6,9.9,4972,3865,POINT (-71.4818797 42.2762835),25017385102,HLTHOUT,DIABETES,CrdPrv,Diabetes
2023,MA,Massachusetts,Middlesex,25017,25017385201,BRFSS,Health Outcomes,Diagnosed diabetes among adults,%,Crude prevalence,10.2,,,8.9,11.7,2837,2261,POINT (-71.469597 42.243672),25017385201,HLTHOUT,DIABETES,CrdPrv,Diabetes
2023,MA,Massachusetts,Middlesex,25017,25017385203,BRFSS,Health Outcomes,Diagnosed diabetes among adults,%,Crude prevalence,8.6,,,7.4,9.8,4797,3890,POINT (-71.4354475 42.2446606),25017385203,HLTHOUT,DIABETES,CrdPrv,Diabetes
2023,MA,Massachusetts,Middlesex,25017,25017385204,BRFSS,Health Outcomes,Diagnosed diabetes among adults,%,Crude prevalence,7.2,,,6.2,8.3,3357,2509,POINT (-71.444251 42.2578906),25017385204,HLTHOUT,DIABETES,CrdPrv,Diabetes
2023,MA,Massachusetts,Middlesex,25017,25017386100,BRFSS,Health Outcomes,Diagnosed diabetes among adults,%,Crude prevalence,7.5,,,6.4,8.7,4401,3227,POINT (-71.3729634 42.2319469),25017386100,HLTHOUT,DIABETES,CrdPrv,Diabetes
2023,MA,Massachusetts,Middlesex,25017,25017387100,BRFSS,Health Outcomes,Diagnosed diabetes among adults,%,Crude prevalence,8.7,,,7.5,10.1,4379,3297,POINT (-71.4203385 42.1930363),25017387100,HLTHOUT,DIABETES,CrdPrv,Diabetes
2023,MA,Massachusetts,Middlesex,25017,25017387201,BRFSS,Health Outcomes,Diagnosed diabetes among adults,%,Crude prevalence,8.6,,,7.3,9.9,6231,4640,POINT (-71.4328201 42.2180228),25017387201,HLTHOUT,DIABETES,CrdPrv,Diabetes
2023,MA,Massachusetts,Middlesex,25017,25017387202,BRFSS,Health Outcomes,Diagnosed diabetes among adults,%,Crude prevalence,7.9,,,6.8,9.2,4386,3312,POINT (-71.4746049 42.1906581),25017387202,HLTHOUT,DIABETES,CrdPrv,Diabetes
2023,MA,Massachusetts,Middlesex,25017,25017388100,BRFSS,Health Outcomes,Diagnosed diabetes among adults,%,Crude prevalence,8.2,,,7.1,9.4,5506,4350,POINT (-71.5209848 42.4859849),25017388100,HLTHOUT,DIABETES,CrdPrv,Diabetes
2023,MA,Massachusetts,Middlesex,25017,25017388200,BRFSS,Health Outcomes,Diagnosed diabetes among adults,%,Crude prevalence,9.0,,,7.9,10.3,7431,6237,POINT (-71.6409862 42.5736544),25017388200,HLTHOUT,DIABETES,CrdPrv,Diabetes
2023,MA,Massachusetts,Middlesex,25017,25017388300,BRFSS,Health Outcomes,Diagnosed diabetes among adults,%,Crude prevalence,9.7,,,8.7,10.8,6405,5642,POINT (-71.3185405 42.6499167),25017388300,HLTHOUT,DIABETES,CrdPrv,Diabetes
2023,MA,Massachusetts,Nantucket,25019,25019950100,BRFSS,Health Outcomes,Diagnosed diabetes among adults,%,Crude prevalence,9.3,,,7.8,11.0,1716,1523,POINT (-70.1049314 41.2860207),25019950100,HLTHOUT,DIABETES,CrdPrv,Diabetes
2023,MA,Massachusetts,Nantucket,25019,25019950201,BRFSS,Health Outcomes,Diagnosed diabetes among adults,%,Crude prevalence,6.8,,,5.7,8.0,3683,2874,POINT (-70.1038086 41.2702817),25019950201,HLTHOUT,DIABETES,CrdPrv,Diabetes
2023,MA,Massachusetts,Nantucket,25019,25019950202,BRFSS,Health Outcomes,Diagnosed diabetes among adults,%,Crude prevalence,7.8,,,6.6,9.1,2996,2403,POINT (-70.1272805 41.2578856),25019950202,HLTHOUT,DIABETES,CrdPrv,Diabetes
2023,MA,Massachusetts,Nantucket,25019,25019950307,BRFSS,Health Outcomes,Diagnosed diabetes among adults,%,Crude prevalence,8.6,,,7.2,10.2,524,462,POINT (-70.203756 41.2913859),25019950307,HLTHOUT,DIABETES,CrdPrv,Diabetes
2023,MA,Massachusetts,Nantucket,25019,25019950400,BRFSS,Health Outcomes,Diagnosed diabetes among adults,%,Crude prevalence,7.6,,,6.4,8.9,3571,2766,POINT (-70.0706119 41.2561544),25019950400,HLTHOUT,DIABETES,CrdPrv,Diabetes
2023,MA,Massachusetts,Nantucket,25019,25019950500,BRFSS,Health Outcomes,Diagnosed diabetes among adults,%,Crude prevalence,10.3,,,8.8,12.0,1765,1524,POINT (-70.0148255 41.2899046),25019950500,HLTHOUT,DIABETES,CrdPrv,Diabetes
2023,MA,Massachusetts,Norfolk,25021,25021400100,BRFSS,Health Outcomes,Diagnosed diabetes among adults,%,Crude prevalence,7.2,,,6.2,8.3,5548,4760,POINT (-71.1126351 42.3468097),25021400100,HLTHOUT,DIABETES,CrdPrv,Diabetes
2023,MA,Massachusetts,Norfolk,25021,25021400201,BRFSS,Health Outcomes,Diagnosed diabetes among adults,%,Crude prevalence,6.3,,,5.4,7.4,3047,2612,POINT (-71.1193879 42.3438844),25021400201,HLTHOUT,DIABETES,CrdPrv,Diabetes
2023,MA,Massachusetts,Norfolk,25021,25021400202,BRFSS,Health Outcomes,Diagnosed diabetes among adults,%,Crude prevalence,6.3,,,5.4,7.2,3625,3067,POINT (-71.119806 42.3490085),25021400202,HLTHOUT,DIABETES,CrdPrv,Diabetes
2023,MA,Massachusetts,Norfolk,25021,25021400300,BRFSS,Health Outcomes,Diagnosed diabetes among adults,%,Crude prevalence,6.3,,,5.4,7.2,4310,3524,POINT (-71.1269868 42.3470372),25021400300,HLTHOUT,DIABETES,CrdPrv,Diabetes
2023,MA,Massachusetts,Norfolk,25021,25021400401,BRFSS,Health Outcomes,Diagnosed diabetes among adults,%,Crude prevalence,7.8,,,6.8,9.1,3890,3334,POINT (-71.1281222 42.3425231),25021400401,HLTHOUT,DIABETES,CrdPrv,Diabetes
2023,MA,Massachusetts,Norfolk,25021,25021400402,BRFSS,Health Outcomes,Diagnosed diabetes among adults,%,Crude prevalence,6.6,,,5.7,7.6,2045,1608,POINT (-71.1351672 42.3418576),25021400402,HLTHOUT,DIABETES,CrdPrv,Diabetes
2023,MA,Massachusetts,Norfolk,25021,25021400500,BRFSS,Health Outcomes,Diagnosed diabetes among adults,%,Crude prevalence,5.6,,,4.9,6.5,5558,4681,POINT (-71.1309667 42.3373606),25021400500,HLTHOUT,DIABETES,CrdPrv,Diabetes
2023,MA,Massachusetts,Norfolk,25021,25021400600,BRFSS,Health Outcomes,Diagnosed diabetes among adults,%,Crude prevalence,6.4,,,5.5,7.3,5492,4353,POINT (-71.137614 42.3322718),25021400600,HLTHOUT,DIABETES,CrdPrv,Diabetes
2023,MA,Massachusetts,Norfolk,25021,25021400700,BRFSS,Health Outcomes,Diagnosed diabetes among adults,%,Crude prevalence,6.3,,,5.5,7.3,3986,3092,POINT (-71.1248316 42.3333172),25021400700,HLTHOUT,DIABETES,CrdPrv,Diabetes
2023,MA,Massachusetts,Norfolk,25021,25021400800,BRFSS,Health Outcomes,Diagnosed diabetes among adults,%,Crude prevalence,6.3,,,5.5,7.3,6077,5023,POINT (-71.1173907 42.3387738),25021400800,HLTHOUT,DIABETES,CrdPrv,Diabetes
2023,MA,Massachusetts,Norfolk,25021,25021400900,BRFSS,Health Outcomes,Diagnosed diabetes among adults,%,Crude prevalence,7.8,,,6.8,8.9,4354,3573,POINT (-71.1172354 42.3329543),25021400900,HLTHOUT,DIABETES,CrdPrv,Diabetes
2023,MA,Massachusetts,Norfolk,25021,25021401000,BRFSS,Health Outcomes,Diagnosed diabetes among adults,%,Crude prevalence,8.1,,,6.9,9.4,3534,2652,POINT (-71.1196273 42.3276898),25021401000,HLTHOUT,DIABETES,CrdPrv,Diabetes
2023,MA,Massachusetts,Norfolk,25021,25021401100,BRFSS,Health Outcomes,Diagnosed diabetes among adults,%,Crude prevalence,7.9,,,6.8,9.1,4827,3553,POINT (-71.1420033 42.3238534),25021401100,HLTHOUT,DIABETES,CrdPrv,Diabetes
2023,MA,Massachusetts,Norfolk,25021,25021401201,BRFSS,Health Outcomes,Diagnosed diabetes among adults,%,Crude prevalence,8.2,,,7.1,9.5,5191,3722,POINT (-71.16167 42.3070892),25021401201,HLTHOUT,DIABETES,CrdPrv,Diabetes
2023,MA,Massachusetts,Norfolk,25021,25021401202,BRFSS,Health Outcomes,Diagnosed diabetes among adults,%,Crude prevalence,9.4,,,8.0,10.9,1707,1415,POINT (-71.1527779 42.3143213),25021401202,HLTHOUT,DIABETES,CrdPrv,Diabetes
2023,MA,Massachusetts,Norfolk,25021,25021402101,BRFSS,Health Outcomes,Diagnosed diabetes among adults,%,Crude prevalence,9.5,,,8.1,11.0,3593,2977,POINT (-71.1818259 42.2667518),25021402101,HLTHOUT,DIABETES,CrdPrv,Diabetes
2023,MA,Massachusetts,Norfolk,25021,25021402102,BRFSS,Health Outcomes,Diagnosed diabetes among adults,%,Crude prevalence,10.0,,,8.6,11.5,4402,3447,POINT (-71.1526358 42.2499646),25021402102,HLTHOUT,DIABETES,CrdPrv,Diabetes
2023,MA,Massachusetts,Norfolk,25021,25021402200,BRFSS,Health Outcomes,Diagnosed diabetes among adults,%,Crude prevalence,8.4,,,7.2,9.7,2217,1792,POINT (-71.1442327 42.2331903),25021402200,HLTHOUT,DIABETES,CrdPrv,Diabetes
2023,MA,Massachusetts,Norfolk,25021,25021402300,BRFSS,Health Outcomes,Diagnosed diabetes among adults,%,Crude prevalence,8.5,,,7.2,10.0,4518,3598,POINT (-71.1542001 42.2235593),25021402300,HLTHOUT,DIABETES,CrdPrv,Diabetes
2023,MA,Massachusetts,Norfolk,25021,25021402400,BRFSS,Health Outcomes,Diagnosed diabetes among adults,%,Crude prevalence,7.7,,,6.6,9.0,6341,5156,POINT (-71.1671784 42.2399955),25021402400,HLTHOUT,DIABETES,CrdPrv,Diabetes
2023,MA,Massachusetts,Norfolk,25021,25021402500,BRFSS,Health Outcomes,Diagnosed diabetes among adults,%,Crude prevalence,9.8,,,8.2,11.6,4293,3690,POINT (-71.2024174 42.2538326),25021402500,HLTHOUT,DIABETES,CrdPrv,Diabetes
2023,MA,Massachusetts,Norfolk,25021,25021403100,BRFSS,Health Outcomes,Diagnosed diabetes among adults,%,Crude prevalence,7.4,,,6.3,8.7,7599,5342,POINT (-71.2072084 42.2793719),25021403100,HLTHOUT,DIABETES,CrdPrv,Diabetes
2023,MA,Massachusetts,Norfolk,25021,25021403300,BRFSS,Health Outcomes,Diagnosed diabetes among adults,%,Crude prevalence,7.7,,,6.6,9.0,4431,3275,POINT (-71.2421899 42.2657298),25021403300,HLTHOUT,DIABETES,CrdPrv,Diabetes
2023,MA,Massachusetts,Norfolk,25021,25021403400,BRFSS,Health Outcomes,Diagnosed diabetes among adults,%,Crude prevalence,8.2,,,7.0,9.5,6961,5256,POINT (-71.2663672 42.2788255),25021403400,HLTHOUT,DIABETES,CrdPrv,Diabetes
2023,MA,Massachusetts,Norfolk,25021,25021403501,BRFSS,Health Outcomes,Diagnosed diabetes among adults,%,Crude prevalence,9.3,,,7.9,10.9,2851,2351,POINT (-71.2223841 42.3009743),25021403501,HLTHOUT,DIABETES,CrdPrv,Diabetes
2023,MA,Massachusetts,Norfolk,25021,25021403502,BRFSS,Health Outcomes,Diagnosed diabetes among adults,%,Crude prevalence,7.7,,,6.5,8.9,4280,3144,POINT (-71.2391675 42.3027576),25021403502,HLTHOUT,DIABETES,CrdPrv,Diabetes
2023,MA,Massachusetts,Norfolk,25021,25021404100,BRFSS,Health Outcomes,Diagnosed diabetes among adults,%,Crude prevalence,8.1,,,7.1,9.3,4456,3144,POINT (-71.2500726 42.3159863),25021404100,HLTHOUT,DIABETES,CrdPrv,Diabetes
2023,MA,Massachusetts,Norfolk,25021,25021404201,BRFSS,Health Outcomes,Diagnosed diabetes among adults,%,Crude prevalence,7.6,,,6.4,8.9,3944,2828,POINT (-71.2831806 42.3190489),25021404201,HLTHOUT,DIABETES,CrdPrv,Diabetes
2023,MA,Massachusetts,Norfolk,25021,25021404202,BRFSS,Health Outcomes,Diagnosed diabetes among adults,%,Crude prevalence,5.8,,,5.0,6.7,5040,4206,POINT (-71.2712408 42.3036249),25021404202,HLTHOUT,DIABETES,CrdPrv,Diabetes
2023,MA,Massachusetts,Norfolk,25021,25021404301,BRFSS,Health Outcomes,Diagnosed diabetes among adults,%,Crude prevalence,7.3,,,6.4,8.4,5813,3996,POINT (-71.3101912 42.3121162),25021404301,HLTHOUT,DIABETES,CrdPrv,Diabetes
2023,MA,Massachusetts,Norfolk,25021,25021404302,BRFSS,Health Outcomes,Diagnosed diabetes among adults,%,Crude prevalence,8.8,,,7.5,10.1,3825,2859,POINT (-71.3087915 42.3004028),25021404302,HLTHOUT,DIABETES,CrdPrv,Diabetes
2023,MA,Massachusetts,Norfolk,25021,25021404400,BRFSS,Health Outcomes,Diagnosed diabetes among adults,%,Crude prevalence,6.2,,,5.4,7.1,6472,5428,POINT (-71.2954958 42.2881888),25021404400,HLTHOUT,DIABETES,CrdPrv,Diabetes
2023,MA,Massachusetts,Norfolk,25021,25021405100,BRFSS,Health Outcomes,Diagnosed diabetes among adults,%,Crude prevalence,7.8,,,6.7,9.0,5923,4339,POINT (-71.2911666 42.2341598),25021405100,HLTHOUT,DIABETES,CrdPrv,Diabetes
2023,MA,Massachusetts,Norfolk,25021,25021406101,BRFSS,Health Outcomes,Diagnosed diabetes among adults,%,Crude prevalence,7.7,,,6.6,8.9,6081,4440,POINT (-71.3157161 42.2028317),25021406101,HLTHOUT,DIABETES,CrdPrv,Diabetes
2023,MA,Massachusetts,Norfolk,25021,25021406102,BRFSS,Health Outcomes,Diagnosed diabetes among adults,%,Crude prevalence,7.7,,,6.6,8.9,6718,4844,POINT (-71.2999982 42.1698248),25021406102,HLTHOUT,DIABETES,CrdPrv,Diabetes
2023,MA,Massachusetts,Norfolk,25021,25021407101,BRFSS,Health Outcomes,Diagnosed diabetes among adults,%,Crude prevalence,8.5,,,7.3,9.9,4419,3537,POINT (-71.3682251 42.1820148),25021407101,HLTHOUT,DIABETES,CrdPrv,Diabetes
2023,MA,Massachusetts,Norfolk,25021,25021407102,BRFSS,Health Outcomes,Diagnosed diabetes among adults,%,Crude prevalence,8.8,,,7.6,10.1,4041,3183,POINT (-71.3740381 42.1486773),25021407102,HLTHOUT,DIABETES,CrdPrv,Diabetes
2023,MA,Massachusetts,Norfolk,25021,25021408102,BRFSS,Health Outcomes,Diagnosed diabetes among adults,%,Crude prevalence,7.9,,,6.6,9.2,4932,3852,POINT (-71.415591 42.1464659),25021408102,HLTHOUT,DIABETES,CrdPrv,Diabetes
2023,MA,Massachusetts,Norfolk,25021,25021408103,BRFSS,Health Outcomes,Diagnosed diabetes among adults,%,Crude prevalence,7.8,,,6.6,9.1,3034,2286,POINT (-71.4653663 42.1504964),25021408103,HLTHOUT,DIABETES,CrdPrv,Diabetes
2023,MA,Massachusetts,Norfolk,25021,25021408104,BRFSS,Health Outcomes,Diagnosed diabetes among adults,%,Crude prevalence,8.3,,,7.0,9.8,5149,3959,POINT (-71.4139305 42.1633622),25021408104,HLTHOUT,DIABETES,CrdPrv,Diabetes
2023,MA,Massachusetts,Norfolk,25021,25021409101,BRFSS,Health Outcomes,Diagnosed diabetes among adults,%,Crude prevalence,8.7,,,7.5,10.2,5885,4796,POINT (-71.3168858 42.1167622),25021409101,HLTHOUT,DIABETES,CrdPrv,Diabetes
2023,MA,Massachusetts,Norfolk,25021,25021409102,BRFSS,Health Outcomes,Diagnosed diabetes among adults,%,Crude prevalence,7.5,,,6.3,8.7,5777,4303,POINT (-71.3544221 42.1180896),25021409102,HLTHOUT,DIABETES,CrdPrv,Diabetes
2023,MA,Massachusetts,Norfolk,25021,25021410100,BRFSS,Health Outcomes,Diagnosed diabetes among adults,%,Crude prevalence,9.1,,,7.9,10.5,6813,5418,POINT (-71.2767392 42.0580542),25021410100,HLTHOUT,DIABETES,CrdPrv,Diabetes
2023,MA,Massachusetts,Norfolk,25021,25021410300,BRFSS,Health Outcomes,Diagnosed diabetes among adults,%,Crude prevalence,9.8,,,8.3,11.5,4947,3979,POINT (-71.2120329 42.0576203),25021410300,HLTHOUT,DIABETES,CrdPrv,Diabetes
2023,MA,Massachusetts,Norfolk,25021,25021410400,BRFSS,Health Outcomes,Diagnosed diabetes among adults,%,Crude prevalence,8.4,,,7.2,9.6,6858,5348,POINT (-71.2519739 42.0874212),25021410400,HLTHOUT,DIABETES,CrdPrv,Diabetes
2023,MA,Massachusetts,Norfolk,25021,25021411101,BRFSS,Health Outcomes,Diagnosed diabetes among adults,%,Crude prevalence,7.0,,,6.0,8.1,4665,3624,POINT (-71.2626198 42.111629),25021411101,HLTHOUT,DIABETES,CrdPrv,Diabetes
2023,MA,Massachusetts,Norfolk,25021,25021411102,BRFSS,Health Outcomes,Diagnosed diabetes among adults,%,Crude prevalence,8.0,,,6.8,9.3,4670,3670,POINT (-71.2402978 42.1338598),25021411102,HLTHOUT,DIABETES,CrdPrv,Diabetes
2023,MA,Massachusetts,Norfolk,25021,25021411200,BRFSS,Health Outcomes,Diagnosed diabetes among adults,%,Crude prevalence,7.9,,,6.8,9.1,7453,5768,POINT (-71.2161866 42.1568815),25021411200,HLTHOUT,DIABETES,CrdPrv,Diabetes
2023,MA,Massachusetts,Norfolk,25021,25021411301,BRFSS,Health Outcomes,Diagnosed diabetes among adults,%,Crude prevalence,8.6,,,7.4,10.0,6072,4683,POINT (-71.2533625 42.1741325),25021411301,HLTHOUT,DIABETES,CrdPrv,Diabetes
2023,MA,Massachusetts,Norfolk,25021,25021411302,BRFSS,Health Outcomes,Diagnosed diabetes among adults,%,Crude prevalence,9.1,,,7.9,10.5,3523,2687,POINT (-71.2769727 42.133485),25021411302,HLTHOUT,DIABETES,CrdPrv,Diabetes
2023,MA,Massachusetts,Norfolk,25021,25021412100,BRFSS,Health Outcomes,Diagnosed diabetes among adults,%,Crude prevalence,8.2,,,7.0,9.6,6707,4933,POINT (-71.2278999 42.2062827),25021412100,HLTHOUT,DIABETES,CrdPrv,Diabetes
2023,MA,Massachusetts,Norfolk,25021,25021412200,BRFSS,Health Outcomes,Diagnosed diabetes among adults,%,Crude prevalence,9.6,,,8.1,11.4,3899,3038,POINT (-71.2197246 42.2354674),25021412200,HLTHOUT,DIABETES,CrdPrv,Diabetes
2023,MA,Massachusetts,Norfolk,25021,25021412300,BRFSS,Health Outcomes,Diagnosed diabetes among adults,%,Crude prevalence,8.2,,,6.9,9.5,5660,4281,POINT (-71.1721804 42.2148462),25021412300,HLTHOUT,DIABETES,CrdPrv,Diabetes
2023,MA,Massachusetts,Norfolk,25021,25021413100,BRFSS,Health Outcomes,Diagnosed diabetes among adults,%,Crude prevalence,9.9,,,8.5,11.5,6494,5243,POINT (-71.1695095 42.1880793),25021413100,HLTHOUT,DIABETES,CrdPrv,Diabetes
2023,MA,Massachusetts,Norfolk,25021,25021413201,BRFSS,Health Outcomes,Diagnosed diabetes among adults,%,Crude prevalence,11.3,,,9.6,13.1,4834,4057,POINT (-71.1907999 42.2002759),25021413201,HLTHOUT,DIABETES,CrdPrv,Diabetes
2023,MA,Massachusetts,Norfolk,25021,25021413202,BRFSS,Health Outcomes,Diagnosed diabetes among adults,%,Crude prevalence,8.1,,,6.9,9.5,2093,1699,POINT (-71.2010397 42.2059662),25021413202,HLTHOUT,DIABETES,CrdPrv,Diabetes
2023,MA,Massachusetts,Norfolk,25021,25021413300,BRFSS,Health Outcomes,Diagnosed diabetes among adults,%,Crude prevalence,8.8,,,7.4,10.3,5083,4069,POINT (-71.2191611 42.1943111),25021413300,HLTHOUT,DIABETES,CrdPrv,Diabetes
2023,MA,Massachusetts,Norfolk,25021,25021413401,BRFSS,Health Outcomes,Diagnosed diabetes among adults,%,Crude prevalence,8.2,,,7.0,9.7,3554,2940,POINT (-71.206481 42.188694),25021413401,HLTHOUT,DIABETES,CrdPrv,Diabetes
2023,MA,Massachusetts,Norfolk,25021,25021413402,BRFSS,Health Outcomes,Diagnosed diabetes among adults,%,Crude prevalence,7.5,,,6.5,8.6,4901,3776,POINT (-71.2202468 42.1783786),25021413402,HLTHOUT,DIABETES,CrdPrv,Diabetes
2023,MA,Massachusetts,Norfolk,25021,25021413500,BRFSS,Health Outcomes,Diagnosed diabetes among adults,%,Crude prevalence,10.6,,,9.2,12.1,4652,3746,POINT (-71.2002849 42.1687883),25021413500,HLTHOUT,DIABETES,CrdPrv,Diabetes
2023,MA,Massachusetts,Norfolk,25021,25021414100,BRFSS,Health Outcomes,Diagnosed diabetes among adults,%,Crude prevalence,8.5,,,7.3,9.8,5862,4431,POINT (-71.2036931 42.1200933),25021414100,HLTHOUT,DIABETES,CrdPrv,Diabetes
2023,MA,Massachusetts,Norfolk,25021,25021414200,BRFSS,Health Outcomes,Diagnosed diabetes among adults,%,Crude prevalence,8.6,,,7.4,9.9,7549,5481,POINT (-71.1613536 42.0798811),25021414200,HLTHOUT,DIABETES,CrdPrv,Diabetes
2023,MA,Massachusetts,Norfolk,25021,25021414300,BRFSS,Health Outcomes,Diagnosed diabetes among adults,%,Crude prevalence,8.4,,,7.2,9.7,5164,3841,POINT (-71.169319 42.1231218),25021414300,HLTHOUT,DIABETES,CrdPrv,Diabetes
2023,MA,Massachusetts,Norfolk,25021,25021415101,BRFSS,Health Outcomes,Diagnosed diabetes among adults,%,Crude prevalence,8.4,,,7.3,9.7,4774,3719,POINT (-71.1595529 42.1734793),25021415101,HLTHOUT,DIABETES,CrdPrv,Diabetes
2023,MA,Massachusetts,Norfolk,25021,25021415103,BRFSS,Health Outcomes,Diagnosed diabetes among adults,%,Crude prevalence,8.9,,,7.6,10.4,4749,3844,POINT (-71.1353241 42.1507686),25021415103,HLTHOUT,DIABETES,CrdPrv,Diabetes
2023,MA,Massachusetts,Norfolk,25021,25021415104,BRFSS,Health Outcomes,Diagnosed diabetes among adults,%,Crude prevalence,7.9,,,6.8,9.2,3310,2558,POINT (-71.1516091 42.1460959),25021415104,HLTHOUT,DIABETES,CrdPrv,Diabetes
2023,MA,Massachusetts,Norfolk,25021,25021415201,BRFSS,Health Outcomes,Diagnosed diabetes among adults,%,Crude prevalence,8.5,,,7.4,9.8,4020,3060,POINT (-71.1011782 42.1663797),25021415201,HLTHOUT,DIABETES,CrdPrv,Diabetes
2023,MA,Massachusetts,Norfolk,25021,25021415202,BRFSS,Health Outcomes,Diagnosed diabetes among adults,%,Crude prevalence,9.0,,,7.6,10.6,3263,2650,POINT (-71.1191079 42.1602119),25021415202,HLTHOUT,DIABETES,CrdPrv,Diabetes
2023,MA,Massachusetts,Norfolk,25021,25021415300,BRFSS,Health Outcomes,Diagnosed diabetes among adults,%,Crude prevalence,8.6,,,7.3,10.0,4254,3341,POINT (-71.1287863 42.1963267),25021415300,HLTHOUT,DIABETES,CrdPrv,Diabetes
2023,MA,Massachusetts,Norfolk,25021,25021416101,BRFSS,Health Outcomes,Diagnosed diabetes among adults,%,Crude prevalence,8.3,,,7.0,9.6,6274,4610,POINT (-71.0710504 42.2404604),25021416101,HLTHOUT,DIABETES,CrdPrv,Diabetes
2023,MA,Massachusetts,Norfolk,25021,25021416102,BRFSS,Health Outcomes,Diagnosed diabetes among adults,%,Crude prevalence,7.2,,,6.3,8.3,4005,3460,POINT (-71.1000663 42.2259907),25021416102,HLTHOUT,DIABETES,CrdPrv,Diabetes
2023,MA,Massachusetts,Norfolk,25021,25021416200,BRFSS,Health Outcomes,Diagnosed diabetes among adults,%,Crude prevalence,10.5,,,9.2,12.0,6913,5232,POINT (-71.0958574 42.2545227),25021416200,HLTHOUT,DIABETES,CrdPrv,Diabetes
2023,MA,Massachusetts,Norfolk,25021,25021416300,BRFSS,Health Outcomes,Diagnosed diabetes among adults,%,Crude prevalence,9.3,,,8.0,10.6,5005,3662,POINT (-71.0767067 42.2627175),25021416300,HLTHOUT,DIABETES,CrdPrv,Diabetes
2023,MA,Massachusetts,Norfolk,25021,25021416400,BRFSS,Health Outcomes,Diagnosed diabetes among adults,%,Crude prevalence,7.4,,,6.4,8.6,6454,4722,POINT (-71.0494421 42.2616892),25021416400,HLTHOUT,DIABETES,CrdPrv,Diabetes
2023,MA,Massachusetts,Norfolk,25021,25021417100,BRFSS,Health Outcomes,Diagnosed diabetes among adults,%,Crude prevalence,9.1,,,7.9,10.5,6010,4928,POINT (-71.0263003 42.2582773),25021417100,HLTHOUT,DIABETES,CrdPrv,Diabetes
2023,MA,Massachusetts,Norfolk,25021,25021417201,BRFSS,Health Outcomes,Diagnosed diabetes among adults,%,Crude prevalence,9.7,,,8.4,11.1,4456,3803,POINT (-71.0348424 42.2757627),25021417201,HLTHOUT,DIABETES,CrdPrv,Diabetes
2023,MA,Massachusetts,Norfolk,25021,25021417202,BRFSS,Health Outcomes,Diagnosed diabetes among adults,%,Crude prevalence,11.5,,,10.1,13.1,4059,3364,POINT (-71.0308777 42.2652928),25021417202,HLTHOUT,DIABETES,CrdPrv,Diabetes
2023,MA,Massachusetts,Norfolk,25021,25021417300,BRFSS,Health Outcomes,Diagnosed diabetes among adults,%,Crude prevalence,9.8,,,8.5,11.3,3660,3475,POINT (-71.0286453 42.2978783),25021417300,HLTHOUT,DIABETES,CrdPrv,Diabetes
2023,MA,Massachusetts,Norfolk,25021,25021417400,BRFSS,Health Outcomes,Diagnosed diabetes among adults,%,Crude prevalence,10.0,,,8.5,11.8,2656,2155,POINT (-70.989041 42.3050138),25021417400,HLTHOUT,DIABETES,CrdPrv,Diabetes
2023,MA,Massachusetts,Norfolk,25021,25021417501,BRFSS,Health Outcomes,Diagnosed diabetes among adults,%,Crude prevalence,10.5,,,9.1,12.0,5291,4371,POINT (-71.0160241 42.279776),25021417501,HLTHOUT,DIABETES,CrdPrv,Diabetes
2023,MA,Massachusetts,Norfolk,25021,25021417502,BRFSS,Health Outcomes,Diagnosed diabetes among adults,%,Crude prevalence,10.2,,,8.7,11.6,4716,4010,POINT (-71.0276145 42.2791507),25021417502,HLTHOUT,DIABETES,CrdPrv,Diabetes
2023,MA,Massachusetts,Norfolk,25021,25021417601,BRFSS,Health Outcomes,Diagnosed diabetes among adults,%,Crude prevalence,9.6,,,8.3,11.0,5249,4501,POINT (-71.0146488 42.2733766),25021417601,HLTHOUT,DIABETES,CrdPrv,Diabetes
2023,MA,Massachusetts,Norfolk,25021,25021417602,BRFSS,Health Outcomes,Diagnosed diabetes among adults,%,Crude prevalence,11.4,,,9.8,13.0,5402,4544,POINT (-70.9709845 42.2903815),25021417602,HLTHOUT,DIABETES,CrdPrv,Diabetes
2023,MA,Massachusetts,Norfolk,25021,25021417702,BRFSS,Health Outcomes,Diagnosed diabetes among adults,%,Crude prevalence,8.6,,,7.3,10.0,2826,2287,POINT (-70.9886912 42.2583235),25021417702,HLTHOUT,DIABETES,CrdPrv,Diabetes
2023,MA,Massachusetts,Norfolk,25021,25021417703,BRFSS,Health Outcomes,Diagnosed diabetes among adults,%,Crude prevalence,12.0,,,10.3,13.8,3004,2775,POINT (-70.9983631 42.2493101),25021417703,HLTHOUT,DIABETES,CrdPrv,Diabetes
2023,MA,Massachusetts,Norfolk,25021,25021417704,BRFSS,Health Outcomes,Diagnosed diabetes among adults,%,Crude prevalence,7.6,,,6.6,8.8,3689,3255,POINT (-71.0034097 42.2560367),25021417704,HLTHOUT,DIABETES,CrdPrv,Diabetes
2023,MA,Massachusetts,Norfolk,25021,25021417801,BRFSS,Health Outcomes,Diagnosed diabetes among adults,%,Crude prevalence,9.6,,,8.2,11.2,5518,4521,POINT (-70.9711138 42.264324),25021417801,HLTHOUT,DIABETES,CrdPrv,Diabetes
2023,MA,Massachusetts,Norfolk,25021,25021417802,BRFSS,Health Outcomes,Diagnosed diabetes among adults,%,Crude prevalence,19.0,,,16.9,21.4,3217,2438,POINT (-70.9654512 42.2566996),25021417802,HLTHOUT,DIABETES,CrdPrv,Diabetes
2023,MA,Massachusetts,Norfolk,25021,25021417901,BRFSS,Health Outcomes,Diagnosed diabetes among adults,%,Crude prevalence,11.8,,,10.1,13.6,8127,7063,POINT (-70.9772203 42.2463221),25021417901,HLTHOUT,DIABETES,CrdPrv,Diabetes
2023,MA,Massachusetts,Norfolk,25021,25021417902,BRFSS,Health Outcomes,Diagnosed diabetes among adults,%,Crude prevalence,9.3,,,8.1,10.6,3786,3182,POINT (-70.9906919 42.2463023),25021417902,HLTHOUT,DIABETES,CrdPrv,Diabetes
2023,MA,Massachusetts,Norfolk,25021,25021418002,BRFSS,Health Outcomes,Diagnosed diabetes among adults,%,Crude prevalence,8.1,,,7.0,9.3,7444,6139,POINT (-70.995667 42.2386598),25021418002,HLTHOUT,DIABETES,CrdPrv,Diabetes
2023,MA,Massachusetts,Norfolk,25021,25021418003,BRFSS,Health Outcomes,Diagnosed diabetes among adults,%,Crude prevalence,5.7,,,4.9,6.5,2448,2144,POINT (-71.0176985 42.234233),25021418003,HLTHOUT,DIABETES,CrdPrv,Diabetes
2023,MA,Massachusetts,Norfolk,25021,25021418004,BRFSS,Health Outcomes,Diagnosed diabetes among adults,%,Crude prevalence,10.5,,,9.2,11.9,5043,4226,POINT (-71.0104993 42.2383758),25021418004,HLTHOUT,DIABETES,CrdPrv,Diabetes
2023,MA,Massachusetts,Norfolk,25021,25021418101,BRFSS,Health Outcomes,Diagnosed diabetes among adults,%,Crude prevalence,9.4,,,8.1,10.8,5121,4465,POINT (-71.0135658 42.2510995),25021418101,HLTHOUT,DIABETES,CrdPrv,Diabetes
2023,MA,Massachusetts,Norfolk,25021,25021418102,BRFSS,Health Outcomes,Diagnosed diabetes among adults,%,Crude prevalence,8.2,,,7.1,9.5,3550,2994,POINT (-71.0212136 42.2470773),25021418102,HLTHOUT,DIABETES,CrdPrv,Diabetes
2023,MA,Massachusetts,Norfolk,25021,25021418201,BRFSS,Health Outcomes,Diagnosed diabetes among adults,%,Crude prevalence,10.6,,,9.2,12.1,6335,5411,POINT (-71.0498493 42.2400626),25021418201,HLTHOUT,DIABETES,CrdPrv,Diabetes
2023,MA,Massachusetts,Norfolk,25021,25021419100,BRFSS,Health Outcomes,Diagnosed diabetes among adults,%,Crude prevalence,8.9,,,7.6,10.3,6329,4853,POINT (-71.0218414 42.2179715),25021419100,HLTHOUT,DIABETES,CrdPrv,Diabetes
2023,MA,Massachusetts,Norfolk,25021,25021419200,BRFSS,Health Outcomes,Diagnosed diabetes among adults,%,Crude prevalence,9.9,,,8.4,11.5,5177,4119,POINT (-70.9950735 42.2234333),25021419200,HLTHOUT,DIABETES,CrdPrv,Diabetes
2023,MA,Massachusetts,Norfolk,25021,25021419300,BRFSS,Health Outcomes,Diagnosed diabetes among adults,%,Crude prevalence,10.3,,,8.9,11.8,4000,3119,POINT (-70.9851875 42.2276289),25021419300,HLTHOUT,DIABETES,CrdPrv,Diabetes
2023,MA,Massachusetts,Norfolk,25021,25021419400,BRFSS,Health Outcomes,Diagnosed diabetes among adults,%,Crude prevalence,9.8,,,8.4,11.3,3211,2540,POINT (-70.9701725 42.2313703),25021419400,HLTHOUT,DIABETES,CrdPrv,Diabetes
2023,MA,Massachusetts,Norfolk,25021,25021419500,BRFSS,Health Outcomes,Diagnosed diabetes among adults,%,Crude prevalence,9.3,,,8.0,10.8,3481,2774,POINT (-70.9780239 42.2097226),25021419500,HLTHOUT,DIABETES,CrdPrv,Diabetes
2023,MA,Massachusetts,Norfolk,25021,25021419601,BRFSS,Health Outcomes,Diagnosed diabetes among adults,%,Crude prevalence,7.5,,,6.4,8.6,1600,1322,POINT (-70.981317 42.1968562),25021419601,HLTHOUT,DIABETES,CrdPrv,Diabetes
2023,MA,Massachusetts,Norfolk,25021,25021419602,BRFSS,Health Outcomes,Diagnosed diabetes among adults,%,Crude prevalence,9.6,,,8.2,11.1,5913,4543,POINT (-70.9965221 42.1770444),25021419602,HLTHOUT,DIABETES,CrdPrv,Diabetes
2023,MA,Massachusetts,Norfolk,25021,25021419700,BRFSS,Health Outcomes,Diagnosed diabetes among adults,%,Crude prevalence,9.7,,,8.3,11.3,4716,3741,POINT (-71.0017134 42.191861),25021419700,HLTHOUT,DIABETES,CrdPrv,Diabetes
2023,MA,Massachusetts,Norfolk,25021,25021419800,BRFSS,Health Outcomes,Diagnosed diabetes among adults,%,Crude prevalence,9.7,,,8.4,11.3,4716,3803,POINT (-71.0225606 42.2005902),25021419800,HLTHOUT,DIABETES,CrdPrv,Diabetes
2023,MA,Massachusetts,Norfolk,25021,25021420101,BRFSS,Health Outcomes,Diagnosed diabetes among adults,%,Crude prevalence,12.1,,,10.5,13.7,4698,3817,POINT (-71.0350113 42.1871158),25021420101,HLTHOUT,DIABETES,CrdPrv,Diabetes
2023,MA,Massachusetts,Norfolk,25021,25021420102,BRFSS,Health Outcomes,Diagnosed diabetes among adults,%,Crude prevalence,11.3,,,9.8,12.9,4122,3364,POINT (-71.0522084 42.1919639),25021420102,HLTHOUT,DIABETES,CrdPrv,Diabetes
2023,MA,Massachusetts,Norfolk,25021,25021420201,BRFSS,Health Outcomes,Diagnosed diabetes among adults,%,Crude prevalence,13.0,,,11.4,14.8,3576,2918,POINT (-71.0566567 42.1790521),25021420201,HLTHOUT,DIABETES,CrdPrv,Diabetes
2023,MA,Massachusetts,Norfolk,25021,25021420202,BRFSS,Health Outcomes,Diagnosed diabetes among adults,%,Crude prevalence,11.5,,,10.1,13.1,7404,5923,POINT (-71.0761151 42.1976918),25021420202,HLTHOUT,DIABETES,CrdPrv,Diabetes
2023,MA,Massachusetts,Norfolk,25021,25021420301,BRFSS,Health Outcomes,Diagnosed diabetes among adults,%,Crude prevalence,12.1,,,10.5,13.8,7295,5923,POINT (-71.0416967 42.1684211),25021420301,HLTHOUT,DIABETES,CrdPrv,Diabetes
2023,MA,Massachusetts,Norfolk,25021,25021420302,BRFSS,Health Outcomes,Diagnosed diabetes among adults,%,Crude prevalence,13.1,,,11.3,15.0,7889,6422,POINT (-71.0409685 42.1524465),25021420302,HLTHOUT,DIABETES,CrdPrv,Diabetes
2023,MA,Massachusetts,Norfolk,25021,25021421100,BRFSS,Health Outcomes,Diagnosed diabetes among adults,%,Crude prevalence,10.3,,,8.9,11.8,5410,4375,POINT (-71.0188016 42.1380389),25021421100,HLTHOUT,DIABETES,CrdPrv,Diabetes
2023,MA,Massachusetts,Norfolk,25021,25021421200,BRFSS,Health Outcomes,Diagnosed diabetes among adults,%,Crude prevalence,9.4,,,8.1,10.9,5995,4778,POINT (-70.9969789 42.1533016),25021421200,HLTHOUT,DIABETES,CrdPrv,Diabetes
2023,MA,Massachusetts,Norfolk,25021,25021422100,BRFSS,Health Outcomes,Diagnosed diabetes among adults,%,Crude prevalence,8.5,,,7.3,9.9,5354,4284,POINT (-70.9769861 42.1607808),25021422100,HLTHOUT,DIABETES,CrdPrv,Diabetes
2023,MA,Massachusetts,Norfolk,25021,25021422201,BRFSS,Health Outcomes,Diagnosed diabetes among adults,%,Crude prevalence,7.1,,,6.0,8.2,2277,2007,POINT (-70.9440171 42.1580566),25021422201,HLTHOUT,DIABETES,CrdPrv,Diabetes
2023,MA,Massachusetts,Norfolk,25021,25021422202,BRFSS,Health Outcomes,Diagnosed diabetes among adults,%,Crude prevalence,9.8,,,8.3,11.3,6961,5791,POINT (-70.9363782 42.170141),25021422202,HLTHOUT,DIABETES,CrdPrv,Diabetes
2023,MA,Massachusetts,Norfolk,25021,25021422301,BRFSS,Health Outcomes,Diagnosed diabetes among adults,%,Crude prevalence,9.0,,,7.7,10.5,3432,2768,POINT (-70.9640991 42.1916359),25021422301,HLTHOUT,DIABETES,CrdPrv,Diabetes
2023,MA,Massachusetts,Norfolk,25021,25021422303,BRFSS,Health Outcomes,Diagnosed diabetes among adults,%,Crude prevalence,9.1,,,7.9,10.3,5007,4217,POINT (-70.9362146 42.1931616),25021422303,HLTHOUT,DIABETES,CrdPrv,Diabetes
2023,MA,Massachusetts,Norfolk,25021,25021422304,BRFSS,Health Outcomes,Diagnosed diabetes among adults,%,Crude prevalence,10.1,,,8.6,11.7,2167,1801,POINT (-70.9434457 42.1822793),25021422304,HLTHOUT,DIABETES,CrdPrv,Diabetes
2023,MA,Massachusetts,Norfolk,25021,25021422401,BRFSS,Health Outcomes,Diagnosed diabetes among adults,%,Crude prevalence,11.4,,,9.9,13.1,3573,2973,POINT (-70.9530053 42.2115798),25021422401,HLTHOUT,DIABETES,CrdPrv,Diabetes
2023,MA,Massachusetts,Norfolk,25021,25021422402,BRFSS,Health Outcomes,Diagnosed diabetes among adults,%,Crude prevalence,8.8,,,7.4,10.2,3889,3276,POINT (-70.9635618 42.2152188),25021422402,HLTHOUT,DIABETES,CrdPrv,Diabetes
2023,MA,Massachusetts,Norfolk,25021,25021422501,BRFSS,Health Outcomes,Diagnosed diabetes among adults,%,Crude prevalence,8.6,,,7.4,9.9,4847,3996,POINT (-70.9250295 42.2045482),25021422501,HLTHOUT,DIABETES,CrdPrv,Diabetes
2023,MA,Massachusetts,Norfolk,25021,25021422502,BRFSS,Health Outcomes,Diagnosed diabetes among adults,%,Crude prevalence,10.5,,,9.0,12.1,5590,4400,POINT (-70.9374231 42.2137779),25021422502,HLTHOUT,DIABETES,CrdPrv,Diabetes
2023,MA,Massachusetts,Norfolk,25021,25021422600,BRFSS,Health Outcomes,Diagnosed diabetes among adults,%,Crude prevalence,8.7,,,7.5,10.0,6779,5448,POINT (-70.9382049 42.2286236),25021422600,HLTHOUT,DIABETES,CrdPrv,Diabetes
2023,MA,Massachusetts,Norfolk,25021,25021422700,BRFSS,Health Outcomes,Diagnosed diabetes among adults,%,Crude prevalence,9.1,,,7.8,10.6,3804,3205,POINT (-70.9467163 42.2395414),25021422700,HLTHOUT,DIABETES,CrdPrv,Diabetes
2023,MA,Massachusetts,Norfolk,25021,25021422800,BRFSS,Health Outcomes,Diagnosed diabetes among adults,%,Crude prevalence,9.7,,,8.2,11.2,3757,3284,POINT (-70.9453431 42.2494745),25021422800,HLTHOUT,DIABETES,CrdPrv,Diabetes
2023,MA,Massachusetts,Norfolk,25021,25021423101,BRFSS,Health Outcomes,Diagnosed diabetes among adults,%,Crude prevalence,7.8,,,6.6,9.1,3849,2805,POINT (-70.7989883 42.2365795),25021423101,HLTHOUT,DIABETES,CrdPrv,Diabetes
2023,MA,Massachusetts,Norfolk,25021,25021423102,BRFSS,Health Outcomes,Diagnosed diabetes among adults,%,Crude prevalence,7.8,,,6.6,9.2,4532,3343,POINT (-70.7988829 42.262428),25021423102,HLTHOUT,DIABETES,CrdPrv,Diabetes
2023,MA,Massachusetts,Norfolk,25021,25021440101,BRFSS,Health Outcomes,Diagnosed diabetes among adults,%,Crude prevalence,10.2,,,8.8,11.7,6608,5436,POINT (-71.323396 42.0185719),25021440101,HLTHOUT,DIABETES,CrdPrv,Diabetes
2023,MA,Massachusetts,Norfolk,25021,25021440102,BRFSS,Health Outcomes,Diagnosed diabetes among adults,%,Crude prevalence,8.0,,,6.8,9.4,3337,2575,POINT (-71.355793 42.0051263),25021440102,HLTHOUT,DIABETES,CrdPrv,Diabetes
2023,MA,Massachusetts,Norfolk,25021,25021441202,BRFSS,Health Outcomes,Diagnosed diabetes among adults,%,Crude prevalence,7.7,,,6.5,9.1,3021,2290,POINT (-71.3925792 42.0272829),25021441202,HLTHOUT,DIABETES,CrdPrv,Diabetes
2023,MA,Massachusetts,Norfolk,25021,25021441203,BRFSS,Health Outcomes,Diagnosed diabetes among adults,%,Crude prevalence,9.2,,,7.7,10.7,4112,3359,POINT (-71.3081145 42.0532043),25021441203,HLTHOUT,DIABETES,CrdPrv,Diabetes
2023,MA,Massachusetts,Norfolk,25021,25021441204,BRFSS,Health Outcomes,Diagnosed diabetes among adults,%,Crude prevalence,9.3,,,7.8,11.0,5045,3921,POINT (-71.3466052 42.0708954),25021441204,HLTHOUT,DIABETES,CrdPrv,Diabetes
2023,MA,Massachusetts,Norfolk,25021,25021442101,BRFSS,Health Outcomes,Diagnosed diabetes among adults,%,Crude prevalence,7.0,,,6.0,8.2,5797,4623,POINT (-71.3885933 42.0945844),25021442101,HLTHOUT,DIABETES,CrdPrv,Diabetes
2023,MA,Massachusetts,Norfolk,25021,25021442103,BRFSS,Health Outcomes,Diagnosed diabetes among adults,%,Crude prevalence,7.3,,,6.2,8.7,7009,5186,POINT (-71.4037132 42.1176651),25021442103,HLTHOUT,DIABETES,CrdPrv,Diabetes
2023,MA,Massachusetts,Norfolk,25021,25021442104,BRFSS,Health Outcomes,Diagnosed diabetes among adults,%,Crude prevalence,8.4,,,7.2,9.8,5565,4328,POINT (-71.4185478 42.0952038),25021442104,HLTHOUT,DIABETES,CrdPrv,Diabetes
2023,MA,Massachusetts,Norfolk,25021,25021442105,BRFSS,Health Outcomes,Diagnosed diabetes among adults,%,Crude prevalence,8.5,,,7.2,9.8,1894,1522,POINT (-71.4355615 42.0822915),25021442105,HLTHOUT,DIABETES,CrdPrv,Diabetes
2023,MA,Massachusetts,Norfolk,25021,25021442201,BRFSS,Health Outcomes,Diagnosed diabetes among adults,%,Crude prevalence,8.8,,,7.4,10.3,4362,3391,POINT (-71.4175967 42.0507024),25021442201,HLTHOUT,DIABETES,CrdPrv,Diabetes
2023,MA,Massachusetts,Norfolk,25021,25021442203,BRFSS,Health Outcomes,Diagnosed diabetes among adults,%,Crude prevalence,10.1,,,8.5,11.8,4249,3338,POINT (-71.376659 42.0688104),25021442203,HLTHOUT,DIABETES,CrdPrv,Diabetes
2023,MA,Massachusetts,Norfolk,25021,25021442204,BRFSS,Health Outcomes,Diagnosed diabetes among adults,%,Crude prevalence,8.3,,,7.1,9.9,4385,3483,POINT (-71.3919723 42.0817139),25021442204,HLTHOUT,DIABETES,CrdPrv,Diabetes
2023,MA,Massachusetts,Norfolk,25021,25021443103,BRFSS,Health Outcomes,Diagnosed diabetes among adults,%,Crude prevalence,8.9,,,7.5,10.5,4562,3549,POINT (-71.4765509 42.033356),25021443103,HLTHOUT,DIABETES,CrdPrv,Diabetes
2023,MA,Massachusetts,Norfolk,25021,25021443104,BRFSS,Health Outcomes,Diagnosed diabetes among adults,%,Crude prevalence,8.9,,,7.6,10.3,4763,3805,POINT (-71.4760814 42.059352),25021443104,HLTHOUT,DIABETES,CrdPrv,Diabetes
2023,MA,Massachusetts,Norfolk,25021,25021443105,BRFSS,Health Outcomes,Diagnosed diabetes among adults,%,Crude prevalence,9.8,,,8.3,11.4,2080,1693,POINT (-71.4819762 42.0898665),25021443105,HLTHOUT,DIABETES,CrdPrv,Diabetes
2023,MA,Massachusetts,Norfolk,25021,25021443106,BRFSS,Health Outcomes,Diagnosed diabetes among adults,%,Crude prevalence,8.5,,,7.4,9.8,5540,4533,POINT (-71.4650746 42.1211694),25021443106,HLTHOUT,DIABETES,CrdPrv,Diabetes
2023,MA,Massachusetts,Norfolk,25021,25021456101,BRFSS,Health Outcomes,Diagnosed diabetes among adults,%,Crude prevalence,9.9,,,8.6,11.4,4115,3245,POINT (-71.0830825 42.1081632),25021456101,HLTHOUT,DIABETES,CrdPrv,Diabetes
2023,MA,Massachusetts,Norfolk,25021,25021456102,BRFSS,Health Outcomes,Diagnosed diabetes among adults,%,Crude prevalence,11.5,,,9.9,13.1,5144,4107,POINT (-71.0867009 42.1242496),25021456102,HLTHOUT,DIABETES,CrdPrv,Diabetes
2023,MA,Massachusetts,Norfolk,25021,25021456200,BRFSS,Health Outcomes,Diagnosed diabetes among adults,%,Crude prevalence,10.2,,,8.8,11.6,4040,3291,POINT (-71.0816573 42.1489403),25021456200,HLTHOUT,DIABETES,CrdPrv,Diabetes
2023,MA,Massachusetts,Norfolk,25021,25021456301,BRFSS,Health Outcomes,Diagnosed diabetes among adults,%,Crude prevalence,10.5,,,9.1,12.0,2017,1586,POINT (-71.1096329 42.1301077),25021456301,HLTHOUT,DIABETES,CrdPrv,Diabetes
2023,MA,Massachusetts,Norfolk,25021,25021456302,BRFSS,Health Outcomes,Diagnosed diabetes among adults,%,Crude prevalence,13.5,,,11.6,15.4,5537,4693,POINT (-71.1215724 42.1365269),25021456302,HLTHOUT,DIABETES,CrdPrv,Diabetes
2023,MA,Massachusetts,Norfolk,25021,25021456401,BRFSS,Health Outcomes,Diagnosed diabetes among adults,%,Crude prevalence,10.9,,,9.4,12.5,2886,2269,POINT (-71.1282123 42.1269479),25021456401,HLTHOUT,DIABETES,CrdPrv,Diabetes
2023,MA,Massachusetts,Norfolk,25021,25021456402,BRFSS,Health Outcomes,Diagnosed diabetes among adults,%,Crude prevalence,10.0,,,8.6,11.6,5542,4464,POINT (-71.12013 42.0971245),25021456402,HLTHOUT,DIABETES,CrdPrv,Diabetes
2023,MA,Massachusetts,Norfolk,25021,25021457100,BRFSS,Health Outcomes,Diagnosed diabetes among adults,%,Crude prevalence,10.5,,,9.1,12.0,4777,3810,POINT (-71.054013 42.1324607),25021457100,HLTHOUT,DIABETES,CrdPrv,Diabetes
2023,MA,Massachusetts,Norfolk,25021,25021457200,BRFSS,Health Outcomes,Diagnosed diabetes among adults,%,Crude prevalence,7.9,,,6.8,9.2,5969,4284,POINT (-71.232566 42.2868301),25021457200,HLTHOUT,DIABETES,CrdPrv,Diabetes
2023,MA,Massachusetts,Plymouth,25023,25023500101,BRFSS,Health Outcomes,Diagnosed diabetes among adults,%,Crude prevalence,10.3,,,8.7,12.0,3617,3102,POINT (-70.8833012 42.3402327),25023500101,HLTHOUT,DIABETES,CrdPrv,Diabetes
2023,MA,Massachusetts,Plymouth,25023,25023500103,BRFSS,Health Outcomes,Diagnosed diabetes among adults,%,Crude prevalence,10.6,,,8.9,12.5,2231,2039,POINT (-70.8234876 42.2713919),25023500103,HLTHOUT,DIABETES,CrdPrv,Diabetes
2023,MA,Massachusetts,Plymouth,25023,25023500104,BRFSS,Health Outcomes,Diagnosed diabetes among adults,%,Crude prevalence,10.6,,,8.8,12.4,4224,3682,POINT (-70.8737912 42.2822227),25023500104,HLTHOUT,DIABETES,CrdPrv,Diabetes
2023,MA,Massachusetts,Plymouth,25023,25023501101,BRFSS,Health Outcomes,Diagnosed diabetes among adults,%,Crude prevalence,8.7,,,7.5,10.1,3516,2546,POINT (-70.8733337 42.2535173),25023501101,HLTHOUT,DIABETES,CrdPrv,Diabetes
2023,MA,Massachusetts,Plymouth,25023,25023501102,BRFSS,Health Outcomes,Diagnosed diabetes among adults,%,Crude prevalence,8.2,,,7.0,9.4,9185,6970,POINT (-70.9053723 42.2432956),25023501102,HLTHOUT,DIABETES,CrdPrv,Diabetes
2023,MA,Massachusetts,Plymouth,25023,25023501201,BRFSS,Health Outcomes,Diagnosed diabetes among adults,%,Crude prevalence,7.7,,,6.5,9.0,3881,2728,POINT (-70.8907817 42.2137761),25023501201,HLTHOUT,DIABETES,CrdPrv,Diabetes
2023,MA,Massachusetts,Plymouth,25023,25023501203,BRFSS,Health Outcomes,Diagnosed diabetes among adults,%,Crude prevalence,7.7,,,6.4,8.9,2679,1820,POINT (-70.8644592 42.21216),25023501203,HLTHOUT,DIABETES,CrdPrv,Diabetes
2023,MA,Massachusetts,Plymouth,25023,25023501204,BRFSS,Health Outcomes,Diagnosed diabetes among adults,%,Crude prevalence,10.2,,,8.5,12.2,5023,4033,POINT (-70.8941089 42.1883725),25023501204,HLTHOUT,DIABETES,CrdPrv,Diabetes
2023,MA,Massachusetts,Plymouth,25023,25023502101,BRFSS,Health Outcomes,Diagnosed diabetes among adults,%,Crude prevalence,9.0,,,7.8,10.4,6196,4980,POINT (-70.9125421 42.1268058),25023502101,HLTHOUT,DIABETES,CrdPrv,Diabetes
2023,MA,Massachusetts,Plymouth,25023,25023502102,BRFSS,Health Outcomes,Diagnosed diabetes among adults,%,Crude prevalence,9.6,,,8.2,11.1,5644,4451,POINT (-70.9036611 42.1062072),25023502102,HLTHOUT,DIABETES,CrdPrv,Diabetes
2023,MA,Massachusetts,Plymouth,25023,25023502200,BRFSS,Health Outcomes,Diagnosed diabetes among adults,%,Crude prevalence,11.1,,,9.5,12.9,5963,5010,POINT (-70.9126706 42.1470653),25023502200,HLTHOUT,DIABETES,CrdPrv,Diabetes
2023,MA,Massachusetts,Plymouth,25023,25023503101,BRFSS,Health Outcomes,Diagnosed diabetes among adults,%,Crude prevalence,8.6,,,7.3,10.0,7405,5533,POINT (-70.8686795 42.1329301),25023503101,HLTHOUT,DIABETES,CrdPrv,Diabetes
2023,MA,Massachusetts,Plymouth,25023,25023503102,BRFSS,Health Outcomes,Diagnosed diabetes among adults,%,Crude prevalence,9.1,,,7.7,10.7,7428,5598,POINT (-70.8465957 42.106252),25023503102,HLTHOUT,DIABETES,CrdPrv,Diabetes
2023,MA,Massachusetts,Plymouth,25023,25023504101,BRFSS,Health Outcomes,Diagnosed diabetes among adults,%,Crude prevalence,8.6,,,7.2,10.0,5618,4207,POINT (-70.8357089 42.1695061),25023504101,HLTHOUT,DIABETES,CrdPrv,Diabetes
2023,MA,Massachusetts,Plymouth,25023,25023504102,BRFSS,Health Outcomes,Diagnosed diabetes among adults,%,Crude prevalence,8.0,,,6.8,9.4,5733,4068,POINT (-70.795235 42.1510497),25023504102,HLTHOUT,DIABETES,CrdPrv,Diabetes
2023,MA,Massachusetts,Plymouth,25023,25023505102,BRFSS,Health Outcomes,Diagnosed diabetes among adults,%,Crude prevalence,8.4,,,7.1,9.7,5317,4006,POINT (-70.7967 42.1975067),25023505102,HLTHOUT,DIABETES,CrdPrv,Diabetes
2023,MA,Massachusetts,Plymouth,25023,25023505103,BRFSS,Health Outcomes,Diagnosed diabetes among adults,%,Crude prevalence,9.2,,,7.8,10.6,2636,2086,POINT (-70.752453 42.2418875),25023505103,HLTHOUT,DIABETES,CrdPrv,Diabetes
2023,MA,Massachusetts,Plymouth,25023,25023505104,BRFSS,Health Outcomes,Diagnosed diabetes among adults,%,Crude prevalence,9.2,,,7.8,10.6,4027,3111,POINT (-70.7225624 42.2075203),25023505104,HLTHOUT,DIABETES,CrdPrv,Diabetes
2023,MA,Massachusetts,Plymouth,25023,25023505201,BRFSS,Health Outcomes,Diagnosed diabetes among adults,%,Crude prevalence,9.6,,,8.3,11.0,2563,2024,POINT (-70.7062996 42.1611511),25023505201,HLTHOUT,DIABETES,CrdPrv,Diabetes
2023,MA,Massachusetts,Plymouth,25023,25023505202,BRFSS,Health Outcomes,Diagnosed diabetes among adults,%,Crude prevalence,9.8,,,8.3,11.6,4520,3628,POINT (-70.7392097 42.1919033),25023505202,HLTHOUT,DIABETES,CrdPrv,Diabetes
2023,MA,Massachusetts,Plymouth,25023,25023506102,BRFSS,Health Outcomes,Diagnosed diabetes among adults,%,Crude prevalence,9.9,,,8.4,11.3,6324,4934,POINT (-70.7537137 42.1279892),25023506102,HLTHOUT,DIABETES,CrdPrv,Diabetes
2023,MA,Massachusetts,Plymouth,25023,25023506103,BRFSS,Health Outcomes,Diagnosed diabetes among adults,%,Crude prevalence,11.1,,,9.5,12.8,2783,2138,POINT (-70.7005875 42.113471),25023506103,HLTHOUT,DIABETES,CrdPrv,Diabetes
2023,MA,Massachusetts,Plymouth,25023,25023506104,BRFSS,Health Outcomes,Diagnosed diabetes among adults,%,Crude prevalence,8.4,,,7.2,9.7,4148,3292,POINT (-70.7228626 42.1310557),25023506104,HLTHOUT,DIABETES,CrdPrv,Diabetes
2023,MA,Massachusetts,Plymouth,25023,25023506202,BRFSS,Health Outcomes,Diagnosed diabetes among adults,%,Crude prevalence,9.2,,,7.8,10.6,2570,2024,POINT (-70.6973696 42.0760305),25023506202,HLTHOUT,DIABETES,CrdPrv,Diabetes
2023,MA,Massachusetts,Plymouth,25023,25023506203,BRFSS,Health Outcomes,Diagnosed diabetes among adults,%,Crude prevalence,9.3,,,8.0,10.6,5256,4194,POINT (-70.6759788 42.0814202),25023506203,HLTHOUT,DIABETES,CrdPrv,Diabetes
2023,MA,Massachusetts,Plymouth,25023,25023506205,BRFSS,Health Outcomes,Diagnosed diabetes among adults,%,Crude prevalence,10.5,,,8.8,12.3,1858,1568,POINT (-70.671658 42.1150337),25023506205,HLTHOUT,DIABETES,CrdPrv,Diabetes
2023,MA,Massachusetts,Plymouth,25023,25023506206,BRFSS,Health Outcomes,Diagnosed diabetes among adults,%,Crude prevalence,10.1,,,8.5,11.8,2886,2447,POINT (-70.6502573 42.0941101),25023506206,HLTHOUT,DIABETES,CrdPrv,Diabetes
2023,MA,Massachusetts,Plymouth,25023,25023507101,BRFSS,Health Outcomes,Diagnosed diabetes among adults,%,Crude prevalence,8.6,,,7.3,10.1,5589,4220,POINT (-70.7526895 42.0496358),25023507101,HLTHOUT,DIABETES,CrdPrv,Diabetes
2023,MA,Massachusetts,Plymouth,25023,25023507103,BRFSS,Health Outcomes,Diagnosed diabetes among adults,%,Crude prevalence,8.6,,,7.3,10.0,4534,3432,POINT (-70.6896521 42.0181081),25023507103,HLTHOUT,DIABETES,CrdPrv,Diabetes
2023,MA,Massachusetts,Plymouth,25023,25023507104,BRFSS,Health Outcomes,Diagnosed diabetes among adults,%,Crude prevalence,9.6,,,8.1,11.2,5967,4521,POINT (-70.6792393 42.0443524),25023507104,HLTHOUT,DIABETES,CrdPrv,Diabetes
2023,MA,Massachusetts,Plymouth,25023,25023508101,BRFSS,Health Outcomes,Diagnosed diabetes among adults,%,Crude prevalence,8.7,,,7.4,10.0,7078,5534,POINT (-70.8031318 42.0957441),25023508101,HLTHOUT,DIABETES,CrdPrv,Diabetes
2023,MA,Massachusetts,Plymouth,25023,25023508102,BRFSS,Health Outcomes,Diagnosed diabetes among adults,%,Crude prevalence,8.7,,,7.4,10.2,4978,3970,POINT (-70.8250685 42.0461021),25023508102,HLTHOUT,DIABETES,CrdPrv,Diabetes
2023,MA,Massachusetts,Plymouth,25023,25023508200,BRFSS,Health Outcomes,Diagnosed diabetes among adults,%,Crude prevalence,8.6,,,7.2,10.1,6305,4924,POINT (-70.793904 42.0543663),25023508200,HLTHOUT,DIABETES,CrdPrv,Diabetes
2023,MA,Massachusetts,Plymouth,25023,25023509101,BRFSS,Health Outcomes,Diagnosed diabetes among adults,%,Crude prevalence,8.2,,,6.9,9.5,7584,5817,POINT (-70.7370822 41.9633114),25023509101,HLTHOUT,DIABETES,CrdPrv,Diabetes
2023,MA,Massachusetts,Plymouth,25023,25023509102,BRFSS,Health Outcomes,Diagnosed diabetes among adults,%,Crude prevalence,9.2,,,7.9,10.6,6124,4873,POINT (-70.7425938 42.0033949),25023509102,HLTHOUT,DIABETES,CrdPrv,Diabetes
2023,MA,Massachusetts,Plymouth,25023,25023510100,BRFSS,Health Outcomes,Diagnosed diabetes among adults,%,Crude prevalence,12.1,,,10.5,13.6,4925,3894,POINT (-71.0102778 42.1154566),25023510100,HLTHOUT,DIABETES,CrdPrv,Diabetes
2023,MA,Massachusetts,Plymouth,25023,25023510200,BRFSS,Health Outcomes,Diagnosed diabetes among adults,%,Crude prevalence,12.0,,,10.4,13.5,6999,5247,POINT (-70.9998186 42.1039699),25023510200,HLTHOUT,DIABETES,CrdPrv,Diabetes
2023,MA,Massachusetts,Plymouth,25023,25023510300,BRFSS,Health Outcomes,Diagnosed diabetes among adults,%,Crude prevalence,13.9,,,12.2,15.6,4490,3255,POINT (-71.0253675 42.1006006),25023510300,HLTHOUT,DIABETES,CrdPrv,Diabetes
2023,MA,Massachusetts,Plymouth,25023,25023510400,BRFSS,Health Outcomes,Diagnosed diabetes among adults,%,Crude prevalence,14.5,,,12.7,16.2,4332,3125,POINT (-71.0213329 42.0931685),25023510400,HLTHOUT,DIABETES,CrdPrv,Diabetes
2023,MA,Massachusetts,Plymouth,25023,25023510501,BRFSS,Health Outcomes,Diagnosed diabetes among adults,%,Crude prevalence,12.2,,,10.6,13.9,3574,2790,POINT (-71.0335243 42.1081161),25023510501,HLTHOUT,DIABETES,CrdPrv,Diabetes
2023,MA,Massachusetts,Plymouth,25023,25023510503,BRFSS,Health Outcomes,Diagnosed diabetes among adults,%,Crude prevalence,15.3,,,13.4,17.2,4571,3409,POINT (-71.0655746 42.0942619),25023510503,HLTHOUT,DIABETES,CrdPrv,Diabetes
2023,MA,Massachusetts,Plymouth,25023,25023510504,BRFSS,Health Outcomes,Diagnosed diabetes among adults,%,Crude prevalence,18.4,,,16.2,20.6,2676,2109,POINT (-71.0331707 42.0948677),25023510504,HLTHOUT,DIABETES,CrdPrv,Diabetes
2023,MA,Massachusetts,Plymouth,25023,25023510505,BRFSS,Health Outcomes,Diagnosed diabetes among adults,%,Crude prevalence,15.2,,,13.4,17.0,4247,3401,POINT (-71.0495985 42.0981272),25023510505,HLTHOUT,DIABETES,CrdPrv,Diabetes
2023,MA,Massachusetts,Plymouth,25023,25023510600,BRFSS,Health Outcomes,Diagnosed diabetes among adults,%,Crude prevalence,12.0,,,10.4,13.6,3243,2645,POINT (-71.0602559 42.0805604),25023510600,HLTHOUT,DIABETES,CrdPrv,Diabetes
2023,MA,Massachusetts,Plymouth,25023,25023510700,BRFSS,Health Outcomes,Diagnosed diabetes among adults,%,Crude prevalence,11.5,,,9.9,12.9,6340,4856,POINT (-71.0383569 42.0801783),25023510700,HLTHOUT,DIABETES,CrdPrv,Diabetes
2023,MA,Massachusetts,Plymouth,25023,25023510800,BRFSS,Health Outcomes,Diagnosed diabetes among adults,%,Crude prevalence,14.2,,,12.4,15.8,6900,5088,POINT (-71.0282325 42.0843702),25023510800,HLTHOUT,DIABETES,CrdPrv,Diabetes
2023,MA,Massachusetts,Plymouth,25023,25023510900,BRFSS,Health Outcomes,Diagnosed diabetes among adults,%,Crude prevalence,21.4,,,19.0,23.6,3042,2352,POINT (-71.0198693 42.0832507),25023510900,HLTHOUT,DIABETES,CrdPrv,Diabetes
2023,MA,Massachusetts,Plymouth,25023,25023511000,BRFSS,Health Outcomes,Diagnosed diabetes among adults,%,Crude prevalence,14.1,,,12.3,15.8,3346,2480,POINT (-71.0109919 42.0876568),25023511000,HLTHOUT,DIABETES,CrdPrv,Diabetes
2023,MA,Massachusetts,Plymouth,25023,25023511100,BRFSS,Health Outcomes,Diagnosed diabetes among adults,%,Crude prevalence,11.9,,,10.4,13.5,5571,4374,POINT (-70.9924174 42.0916707),25023511100,HLTHOUT,DIABETES,CrdPrv,Diabetes
2023,MA,Massachusetts,Plymouth,25023,25023511200,BRFSS,Health Outcomes,Diagnosed diabetes among adults,%,Crude prevalence,14.5,,,12.7,16.3,5322,4019,POINT (-70.9884011 42.0783429),25023511200,HLTHOUT,DIABETES,CrdPrv,Diabetes
2023,MA,Massachusetts,Plymouth,25023,25023511301,BRFSS,Health Outcomes,Diagnosed diabetes among adults,%,Crude prevalence,12.1,,,10.5,13.7,6312,4765,POINT (-71.0040043 42.0694477),25023511301,HLTHOUT,DIABETES,CrdPrv,Diabetes
2023,MA,Massachusetts,Plymouth,25023,25023511302,BRFSS,Health Outcomes,Diagnosed diabetes among adults,%,Crude prevalence,13.2,,,11.5,14.9,3750,2872,POINT (-70.9954304 42.0569497),25023511302,HLTHOUT,DIABETES,CrdPrv,Diabetes
2023,MA,Massachusetts,Plymouth,25023,25023511400,BRFSS,Health Outcomes,Diagnosed diabetes among adults,%,Crude prevalence,13.6,,,11.9,15.2,4520,3117,POINT (-71.0250507 42.0750566),25023511400,HLTHOUT,DIABETES,CrdPrv,Diabetes
2023,MA,Massachusetts,Plymouth,25023,25023511500,BRFSS,Health Outcomes,Diagnosed diabetes among adults,%,Crude prevalence,12.2,,,10.7,13.7,5139,3641,POINT (-71.0224581 42.0698776),25023511500,HLTHOUT,DIABETES,CrdPrv,Diabetes
2023,MA,Massachusetts,Plymouth,25023,25023511601,BRFSS,Health Outcomes,Diagnosed diabetes among adults,%,Crude prevalence,12.9,,,11.2,14.5,4487,3285,POINT (-71.0180164 42.0617788),25023511601,HLTHOUT,DIABETES,CrdPrv,Diabetes
2023,MA,Massachusetts,Plymouth,25023,25023511602,BRFSS,Health Outcomes,Diagnosed diabetes among adults,%,Crude prevalence,14.2,,,12.4,16.0,3908,3145,POINT (-71.0160119 42.0525638),25023511602,HLTHOUT,DIABETES,CrdPrv,Diabetes
2023,MA,Massachusetts,Plymouth,25023,25023511701,BRFSS,Health Outcomes,Diagnosed diabetes among adults,%,Crude prevalence,11.6,,,10.0,13.1,5131,3974,POINT (-71.0373838 42.0621008),25023511701,HLTHOUT,DIABETES,CrdPrv,Diabetes
2023,MA,Massachusetts,Plymouth,25023,25023511702,BRFSS,Health Outcomes,Diagnosed diabetes among adults,%,Crude prevalence,11.2,,,9.6,12.8,2818,2319,POINT (-71.0605061 42.0614128),25023511702,HLTHOUT,DIABETES,CrdPrv,Diabetes
2023,MA,Massachusetts,Plymouth,25023,25023520100,BRFSS,Health Outcomes,Diagnosed diabetes among adults,%,Crude prevalence,8.5,,,7.2,9.8,6854,5414,POINT (-70.9458292 42.1039601),25023520100,HLTHOUT,DIABETES,CrdPrv,Diabetes
2023,MA,Massachusetts,Plymouth,25023,25023520201,BRFSS,Health Outcomes,Diagnosed diabetes among adults,%,Crude prevalence,8.9,,,7.6,10.4,4079,3283,POINT (-70.9552544 42.137267),25023520201,HLTHOUT,DIABETES,CrdPrv,Diabetes
2023,MA,Massachusetts,Plymouth,25023,25023520202,BRFSS,Health Outcomes,Diagnosed diabetes among adults,%,Crude prevalence,10.2,,,8.6,11.7,6129,4968,POINT (-70.9780198 42.1263403),25023520202,HLTHOUT,DIABETES,CrdPrv,Diabetes
2023,MA,Massachusetts,Plymouth,25023,25023521101,BRFSS,Health Outcomes,Diagnosed diabetes among adults,%,Crude prevalence,9.8,,,8.3,11.2,4740,3705,POINT (-70.959526 42.0762502),25023521101,HLTHOUT,DIABETES,CrdPrv,Diabetes
2023,MA,Massachusetts,Plymouth,25023,25023521102,BRFSS,Health Outcomes,Diagnosed diabetes among adults,%,Crude prevalence,9.3,,,7.9,10.6,3344,2603,POINT (-70.9423617 42.079604),25023521102,HLTHOUT,DIABETES,CrdPrv,Diabetes
2023,MA,Massachusetts,Plymouth,25023,25023521201,BRFSS,Health Outcomes,Diagnosed diabetes among adults,%,Crude prevalence,9.1,,,7.7,10.5,3097,2446,POINT (-70.9344775 42.087609),25023521201,HLTHOUT,DIABETES,CrdPrv,Diabetes
2023,MA,Massachusetts,Plymouth,25023,25023521202,BRFSS,Health Outcomes,Diagnosed diabetes among adults,%,Crude prevalence,8.7,,,7.4,10.1,3940,3147,POINT (-70.91455 42.0743835),25023521202,HLTHOUT,DIABETES,CrdPrv,Diabetes
2023,MA,Massachusetts,Plymouth,25023,25023522101,BRFSS,Health Outcomes,Diagnosed diabetes among adults,%,Crude prevalence,8.8,,,7.5,10.0,4601,3616,POINT (-70.8501475 42.0580419),25023522101,HLTHOUT,DIABETES,CrdPrv,Diabetes
2023,MA,Massachusetts,Plymouth,25023,25023522102,BRFSS,Health Outcomes,Diagnosed diabetes among adults,%,Crude prevalence,9.3,,,7.8,10.9,6038,4859,POINT (-70.8823 42.058518),25023522102,HLTHOUT,DIABETES,CrdPrv,Diabetes
2023,MA,Massachusetts,Plymouth,25023,25023523100,BRFSS,Health Outcomes,Diagnosed diabetes among adults,%,Crude prevalence,8.7,,,7.4,10.1,3261,2493,POINT (-70.9654261 42.0188638),25023523100,HLTHOUT,DIABETES,CrdPrv,Diabetes
2023,MA,Massachusetts,Plymouth,25023,25023523201,BRFSS,Health Outcomes,Diagnosed diabetes among adults,%,Crude prevalence,10.5,,,9.1,12.0,2998,2356,POINT (-70.9731985 42.0591118),25023523201,HLTHOUT,DIABETES,CrdPrv,Diabetes
2023,MA,Massachusetts,Plymouth,25023,25023523203,BRFSS,Health Outcomes,Diagnosed diabetes among adults,%,Crude prevalence,8.7,,,7.4,10.1,4426,3492,POINT (-70.9139499 42.0317036),25023523203,HLTHOUT,DIABETES,CrdPrv,Diabetes
2023,MA,Massachusetts,Plymouth,25023,25023523204,BRFSS,Health Outcomes,Diagnosed diabetes among adults,%,Crude prevalence,10.3,,,8.6,11.8,3755,3020,POINT (-70.9421781 42.0371161),25023523204,HLTHOUT,DIABETES,CrdPrv,Diabetes
2023,MA,Massachusetts,Plymouth,25023,25023524101,BRFSS,Health Outcomes,Diagnosed diabetes among adults,%,Crude prevalence,8.9,,,7.6,10.4,3381,2615,POINT (-71.0443961 42.0333102),25023524101,HLTHOUT,DIABETES,CrdPrv,Diabetes
2023,MA,Massachusetts,Plymouth,25023,25023524102,BRFSS,Health Outcomes,Diagnosed diabetes among adults,%,Crude prevalence,9.6,,,8.2,11.3,4326,3438,POINT (-70.9972849 42.0224585),25023524102,HLTHOUT,DIABETES,CrdPrv,Diabetes
2023,MA,Massachusetts,Plymouth,25023,25023525101,BRFSS,Health Outcomes,Diagnosed diabetes among adults,%,Crude prevalence,8.9,,,7.5,10.3,7314,5868,POINT (-71.0115279 41.9730476),25023525101,HLTHOUT,DIABETES,CrdPrv,Diabetes
2023,MA,Massachusetts,Plymouth,25023,25023525104,BRFSS,Health Outcomes,Diagnosed diabetes among adults,%,Crude prevalence,8.6,,,7.3,10.0,6765,5338,POINT (-70.9846206 41.9582895),25023525104,HLTHOUT,DIABETES,CrdPrv,Diabetes
2023,MA,Massachusetts,Plymouth,25023,25023525204,BRFSS,Health Outcomes,Diagnosed diabetes among adults,%,Crude prevalence,7.8,,,6.6,9.1,3934,3028,POINT (-70.9307743 41.9789371),25023525204,HLTHOUT,DIABETES,CrdPrv,Diabetes
2023,MA,Massachusetts,Plymouth,25023,25023526100,BRFSS,Health Outcomes,Diagnosed diabetes among adults,%,Crude prevalence,9.4,,,8.0,10.9,7749,6218,POINT (-70.8637056 42.0026344),25023526100,HLTHOUT,DIABETES,CrdPrv,Diabetes
2023,MA,Massachusetts,Plymouth,25023,25023530100,BRFSS,Health Outcomes,Diagnosed diabetes among adults,%,Crude prevalence,10.7,,,9.1,12.4,4447,3602,POINT (-70.7006983 41.9523965),25023530100,HLTHOUT,DIABETES,CrdPrv,Diabetes
2023,MA,Massachusetts,Plymouth,25023,25023530200,BRFSS,Health Outcomes,Diagnosed diabetes among adults,%,Crude prevalence,10.4,,,8.9,11.9,3983,3235,POINT (-70.6806401 41.9752998),25023530200,HLTHOUT,DIABETES,CrdPrv,Diabetes
2023,MA,Massachusetts,Plymouth,25023,25023530300,BRFSS,Health Outcomes,Diagnosed diabetes among adults,%,Crude prevalence,10.4,,,8.7,12.1,4118,3559,POINT (-70.6673485 41.9619817),25023530300,HLTHOUT,DIABETES,CrdPrv,Diabetes
2023,MA,Massachusetts,Plymouth,25023,25023530400,BRFSS,Health Outcomes,Diagnosed diabetes among adults,%,Crude prevalence,9.9,,,8.3,11.4,5913,4768,POINT (-70.718282 41.9136094),25023530400,HLTHOUT,DIABETES,CrdPrv,Diabetes
2023,MA,Massachusetts,Plymouth,25023,25023530500,BRFSS,Health Outcomes,Diagnosed diabetes among adults,%,Crude prevalence,11.0,,,9.4,12.7,5744,4870,POINT (-70.6510226 41.9458544),25023530500,HLTHOUT,DIABETES,CrdPrv,Diabetes
2023,MA,Massachusetts,Plymouth,25023,25023530600,BRFSS,Health Outcomes,Diagnosed diabetes among adults,%,Crude prevalence,8.8,,,7.4,10.1,6456,5319,POINT (-70.6603338 41.8698585),25023530600,HLTHOUT,DIABETES,CrdPrv,Diabetes
2023,MA,Massachusetts,Plymouth,25023,25023530700,BRFSS,Health Outcomes,Diagnosed diabetes among adults,%,Crude prevalence,11.5,,,9.9,13.3,5947,5322,POINT (-70.5958026 41.9476234),25023530700,HLTHOUT,DIABETES,CrdPrv,Diabetes
2023,MA,Massachusetts,Plymouth,25023,25023530801,BRFSS,Health Outcomes,Diagnosed diabetes among adults,%,Crude prevalence,10.3,,,8.8,11.9,6209,5088,POINT (-70.5640935 41.8826508),25023530801,HLTHOUT,DIABETES,CrdPrv,Diabetes
2023,MA,Massachusetts,Plymouth,25023,25023530802,BRFSS,Health Outcomes,Diagnosed diabetes among adults,%,Crude prevalence,9.6,,,8.0,11.0,4634,3874,POINT (-70.5335701 41.8888055),25023530802,HLTHOUT,DIABETES,CrdPrv,Diabetes
2023,MA,Massachusetts,Plymouth,25023,25023530902,BRFSS,Health Outcomes,Diagnosed diabetes among adults,%,Crude prevalence,9.4,,,7.9,10.8,4512,3663,POINT (-70.5576463 41.835615),25023530902,HLTHOUT,DIABETES,CrdPrv,Diabetes
2023,MA,Massachusetts,Plymouth,25023,25023530903,BRFSS,Health Outcomes,Diagnosed diabetes among adults,%,Crude prevalence,9.3,,,7.9,10.8,5998,4549,POINT (-70.594455 41.8160569),25023530903,HLTHOUT,DIABETES,CrdPrv,Diabetes
2023,MA,Massachusetts,Plymouth,25023,25023530904,BRFSS,Health Outcomes,Diagnosed diabetes among adults,%,Crude prevalence,8.2,,,6.9,9.6,3256,2575,POINT (-70.5916498 41.7900116),25023530904,HLTHOUT,DIABETES,CrdPrv,Diabetes
2023,MA,Massachusetts,Plymouth,25023,25023540101,BRFSS,Health Outcomes,Diagnosed diabetes among adults,%,Crude prevalence,10.1,,,8.7,11.6,4435,3561,POINT (-70.9463711 41.8669369),25023540101,HLTHOUT,DIABETES,CrdPrv,Diabetes
2023,MA,Massachusetts,Plymouth,25023,25023540102,BRFSS,Health Outcomes,Diagnosed diabetes among adults,%,Crude prevalence,9.6,,,8.0,11.2,2642,2107,POINT (-70.9348475 41.8158517),25023540102,HLTHOUT,DIABETES,CrdPrv,Diabetes
2023,MA,Massachusetts,Plymouth,25023,25023540103,BRFSS,Health Outcomes,Diagnosed diabetes among adults,%,Crude prevalence,8.9,,,7.5,10.4,4446,3454,POINT (-70.9899145 41.8148141),25023540103,HLTHOUT,DIABETES,CrdPrv,Diabetes
2023,MA,Massachusetts,Plymouth,25023,25023541100,BRFSS,Health Outcomes,Diagnosed diabetes among adults,%,Crude prevalence,9.7,,,8.2,11.3,5717,4507,POINT (-70.8389561 41.7608637),25023541100,HLTHOUT,DIABETES,CrdPrv,Diabetes
2023,MA,Massachusetts,Plymouth,25023,25023542101,BRFSS,Health Outcomes,Diagnosed diabetes among adults,%,Crude prevalence,9.9,,,8.4,11.6,7354,5853,POINT (-70.8269627 41.8674028),25023542101,HLTHOUT,DIABETES,CrdPrv,Diabetes
2023,MA,Massachusetts,Plymouth,25023,25023542102,BRFSS,Health Outcomes,Diagnosed diabetes among adults,%,Crude prevalence,10.2,,,8.7,11.8,2659,2139,POINT (-70.8858073 41.837442),25023542102,HLTHOUT,DIABETES,CrdPrv,Diabetes
2023,MA,Massachusetts,Plymouth,25023,25023542200,BRFSS,Health Outcomes,Diagnosed diabetes among adults,%,Crude prevalence,11.4,,,9.7,13.1,6311,5319,POINT (-70.9263128 41.9270454),25023542200,HLTHOUT,DIABETES,CrdPrv,Diabetes
2023,MA,Massachusetts,Plymouth,25023,25023542301,BRFSS,Health Outcomes,Diagnosed diabetes among adults,%,Crude prevalence,9.5,,,8.1,11.0,3586,2802,POINT (-70.9115839 41.8987853),25023542301,HLTHOUT,DIABETES,CrdPrv,Diabetes
2023,MA,Massachusetts,Plymouth,25023,25023542302,BRFSS,Health Outcomes,Diagnosed diabetes among adults,%,Crude prevalence,9.8,,,8.3,11.2,4335,3367,POINT (-70.9276185 41.8911834),25023542302,HLTHOUT,DIABETES,CrdPrv,Diabetes
2023,MA,Massachusetts,Plymouth,25023,25023543100,BRFSS,Health Outcomes,Diagnosed diabetes among adults,%,Crude prevalence,10.8,,,9.0,12.6,2930,2315,POINT (-70.8027525 41.9591),25023543100,HLTHOUT,DIABETES,CrdPrv,Diabetes
2023,MA,Massachusetts,Plymouth,25023,25023544100,BRFSS,Health Outcomes,Diagnosed diabetes among adults,%,Crude prevalence,10.1,,,8.6,11.7,5570,4332,POINT (-70.7878614 41.9162554),25023544100,HLTHOUT,DIABETES,CrdPrv,Diabetes
2023,MA,Massachusetts,Plymouth,25023,25023544200,BRFSS,Health Outcomes,Diagnosed diabetes among adults,%,Crude prevalence,11.2,,,9.4,13.0,6075,4998,POINT (-70.745874 41.8586967),25023544200,HLTHOUT,DIABETES,CrdPrv,Diabetes
2023,MA,Massachusetts,Plymouth,25023,25023545100,BRFSS,Health Outcomes,Diagnosed diabetes among adults,%,Crude prevalence,13.2,,,11.5,14.8,6844,5724,POINT (-70.7545896 41.7687663),25023545100,HLTHOUT,DIABETES,CrdPrv,Diabetes
2023,MA,Massachusetts,Plymouth,25023,25023545200,BRFSS,Health Outcomes,Diagnosed diabetes among adults,%,Crude prevalence,10.2,,,8.8,11.6,6478,5371,POINT (-70.6796359 41.7811972),25023545200,HLTHOUT,DIABETES,CrdPrv,Diabetes
2023,MA,Massachusetts,Plymouth,25023,25023545300,BRFSS,Health Outcomes,Diagnosed diabetes among adults,%,Crude prevalence,12.5,,,10.8,14.2,4463,3862,POINT (-70.6488256 41.7464809),25023545300,HLTHOUT,DIABETES,CrdPrv,Diabetes
2023,MA,Massachusetts,Plymouth,25023,25023545400,BRFSS,Health Outcomes,Diagnosed diabetes among adults,%,Crude prevalence,11.0,,,9.4,12.6,5518,4610,POINT (-70.6992524 41.7298517),25023545400,HLTHOUT,DIABETES,CrdPrv,Diabetes
2023,MA,Massachusetts,Plymouth,25023,25023560100,BRFSS,Health Outcomes,Diagnosed diabetes among adults,%,Crude prevalence,9.9,,,8.5,11.5,6508,5394,POINT (-70.8120237 41.6613631),25023560100,HLTHOUT,DIABETES,CrdPrv,Diabetes
2023,MA,Massachusetts,Plymouth,25023,25023561100,BRFSS,Health Outcomes,Diagnosed diabetes among adults,%,Crude prevalence,10.9,,,9.3,12.4,5347,4339,POINT (-70.7490314 41.6991271),25023561100,HLTHOUT,DIABETES,CrdPrv,Diabetes
2023,MA,Massachusetts,Plymouth,25023,25023561400,BRFSS,Health Outcomes,Diagnosed diabetes among adults,%,Crude prevalence,10.2,,,8.7,11.8,6225,5101,POINT (-70.951289 42.000413),25023561400,HLTHOUT,DIABETES,CrdPrv,Diabetes
2023,MA,Massachusetts,Plymouth,25023,25023980200,BRFSS,Health Outcomes,Diagnosed diabetes among adults,%,Crude prevalence,12.4,,,10.7,14.2,1575,1559,POINT (-70.9519064 41.9500489),25023980200,HLTHOUT,DIABETES,CrdPrv,Diabetes
2023,MA,Massachusetts,Plymouth,25023,25023980300,BRFSS,Health Outcomes,Diagnosed diabetes among adults,%,Crude prevalence,0.9,,,0.8,1.0,2820,2807,POINT (-70.9624084 41.990101),25023980300,HLTHOUT,DIABETES,CrdPrv,Diabetes
2023,MA,Massachusetts,Suffolk,25025,25025000101,BRFSS,Health Outcomes,Diagnosed diabetes among adults,%,Crude prevalence,3.9,,,3.4,4.4,1876,1723,POINT (-71.133051 42.3608778),25025000101,HLTHOUT,DIABETES,CrdPrv,Diabetes
2023,MA,Massachusetts,Suffolk,25025,25025000102,BRFSS,Health Outcomes,Diagnosed diabetes among adults,%,Crude prevalence,7.7,,,6.8,8.7,3714,3110,POINT (-71.1439885 42.3590809),25025000102,HLTHOUT,DIABETES,CrdPrv,Diabetes
2023,MA,Massachusetts,Suffolk,25025,25025000201,BRFSS,Health Outcomes,Diagnosed diabetes among adults,%,Crude prevalence,4.7,,,4.1,5.4,3953,3545,POINT (-71.1611678 42.3540651),25025000201,HLTHOUT,DIABETES,CrdPrv,Diabetes
2023,MA,Massachusetts,Suffolk,25025,25025000202,BRFSS,Health Outcomes,Diagnosed diabetes among adults,%,Crude prevalence,7.3,,,6.4,8.3,4148,3520,POINT (-71.1543443 42.3526051),25025000202,HLTHOUT,DIABETES,CrdPrv,Diabetes
2023,MA,Massachusetts,Suffolk,25025,25025000301,BRFSS,Health Outcomes,Diagnosed diabetes among adults,%,Crude prevalence,4.9,,,4.2,5.6,3136,2872,POINT (-71.16882 42.3541444),25025000301,HLTHOUT,DIABETES,CrdPrv,Diabetes
2023,MA,Massachusetts,Suffolk,25025,25025000302,BRFSS,Health Outcomes,Diagnosed diabetes among adults,%,Crude prevalence,5.5,,,4.8,6.3,3072,2822,POINT (-71.1676864 42.3472585),25025000302,HLTHOUT,DIABETES,CrdPrv,Diabetes
2023,MA,Massachusetts,Suffolk,25025,25025000401,BRFSS,Health Outcomes,Diagnosed diabetes among adults,%,Crude prevalence,7.3,,,6.4,8.4,5853,5439,POINT (-71.1492929 42.3438495),25025000401,HLTHOUT,DIABETES,CrdPrv,Diabetes
2023,MA,Massachusetts,Suffolk,25025,25025000402,BRFSS,Health Outcomes,Diagnosed diabetes among adults,%,Crude prevalence,4.7,,,4.1,5.4,3644,3218,POINT (-71.1588288 42.3441742),25025000402,HLTHOUT,DIABETES,CrdPrv,Diabetes
2023,MA,Massachusetts,Suffolk,25025,25025000502,BRFSS,Health Outcomes,Diagnosed diabetes among adults,%,Crude prevalence,3.5,,,3.1,4.0,6986,6744,POINT (-71.1574973 42.3315048),25025000502,HLTHOUT,DIABETES,CrdPrv,Diabetes
2023,MA,Massachusetts,Suffolk,25025,25025000503,BRFSS,Health Outcomes,Diagnosed diabetes among adults,%,Crude prevalence,3.3,,,2.8,3.8,2418,2340,POINT (-71.1500865 42.3396411),25025000503,HLTHOUT,DIABETES,CrdPrv,Diabetes
2023,MA,Massachusetts,Suffolk,25025,25025000505,BRFSS,Health Outcomes,Diagnosed diabetes among adults,%,Crude prevalence,6.2,,,5.4,7.1,2196,2079,POINT (-71.1411123 42.3431835),25025000505,HLTHOUT,DIABETES,CrdPrv,Diabetes
2023,MA,Massachusetts,Suffolk,25025,25025000506,BRFSS,Health Outcomes,Diagnosed diabetes among adults,%,Crude prevalence,5.0,,,4.3,5.7,2895,2772,POINT (-71.1459005 42.3401535),25025000506,HLTHOUT,DIABETES,CrdPrv,Diabetes
2023,MA,Massachusetts,Suffolk,25025,25025000601,BRFSS,Health Outcomes,Diagnosed diabetes among adults,%,Crude prevalence,4.7,,,4.1,5.4,3758,3417,POINT (-71.1456705 42.350982),25025000601,HLTHOUT,DIABETES,CrdPrv,Diabetes
2023,MA,Massachusetts,Suffolk,25025,25025000603,BRFSS,Health Outcomes,Diagnosed diabetes among adults,%,Crude prevalence,13.5,,,11.9,15.2,1757,1460,POINT (-71.1449263 42.3476014),25025000603,HLTHOUT,DIABETES,CrdPrv,Diabetes
2023,MA,Massachusetts,Suffolk,25025,25025000604,BRFSS,Health Outcomes,Diagnosed diabetes among adults,%,Crude prevalence,6.4,,,5.6,7.2,2591,2390,POINT (-71.1397725 42.351044),25025000604,HLTHOUT,DIABETES,CrdPrv,Diabetes
2023,MA,Massachusetts,Suffolk,25025,25025000701,BRFSS,Health Outcomes,Diagnosed diabetes among adults,%,Crude prevalence,3.3,,,2.9,3.7,4517,4319,POINT (-71.1379847 42.346958),25025000701,HLTHOUT,DIABETES,CrdPrv,Diabetes
2023,MA,Massachusetts,Suffolk,25025,25025000703,BRFSS,Health Outcomes,Diagnosed diabetes among adults,%,Crude prevalence,3.3,,,2.8,3.7,2442,2360,POINT (-71.1282176 42.3513284),25025000703,HLTHOUT,DIABETES,CrdPrv,Diabetes
2023,MA,Massachusetts,Suffolk,25025,25025000704,BRFSS,Health Outcomes,Diagnosed diabetes among adults,%,Crude prevalence,4.0,,,3.5,4.6,5312,4929,POINT (-71.1334045 42.3500028),25025000704,HLTHOUT,DIABETES,CrdPrv,Diabetes
2023,MA,Massachusetts,Suffolk,25025,25025000804,BRFSS,Health Outcomes,Diagnosed diabetes among adults,%,Crude prevalence,6.0,,,5.2,6.8,3813,3298,POINT (-71.1308995 42.3586255),25025000804,HLTHOUT,DIABETES,CrdPrv,Diabetes
2023,MA,Massachusetts,Suffolk,25025,25025000805,BRFSS,Health Outcomes,Diagnosed diabetes among adults,%,Crude prevalence,3.6,,,3.2,4.2,4616,4327,POINT (-71.1278821 42.3539909),25025000805,HLTHOUT,DIABETES,CrdPrv,Diabetes
2023,MA,Massachusetts,Suffolk,25025,25025000806,BRFSS,Health Outcomes,Diagnosed diabetes among adults,%,Crude prevalence,2.7,,,2.4,3.2,1972,1844,POINT (-71.1264765 42.3636765),25025000806,HLTHOUT,DIABETES,CrdPrv,Diabetes
2023,MA,Massachusetts,Suffolk,25025,25025000807,BRFSS,Health Outcomes,Diagnosed diabetes among adults,%,Crude prevalence,2.9,,,2.5,3.4,2282,2269,POINT (-71.1168882 42.3524656),25025000807,HLTHOUT,DIABETES,CrdPrv,Diabetes
2023,MA,Massachusetts,Suffolk,25025,25025010103,BRFSS,Health Outcomes,Diagnosed diabetes among adults,%,Crude prevalence,1.6,,,1.4,1.9,4697,4667,POINT (-71.1034992 42.3498504),25025010103,HLTHOUT,DIABETES,CrdPrv,Diabetes
2023,MA,Massachusetts,Suffolk,25025,25025010104,BRFSS,Health Outcomes,Diagnosed diabetes among adults,%,Crude prevalence,4.6,,,4.0,5.2,5063,4946,POINT (-71.0937493 42.34943),25025010104,HLTHOUT,DIABETES,CrdPrv,Diabetes
2023,MA,Massachusetts,Suffolk,25025,25025010204,BRFSS,Health Outcomes,Diagnosed diabetes among adults,%,Crude prevalence,3.2,,,2.8,3.7,3443,3346,POINT (-71.1034355 42.3464726),25025010204,HLTHOUT,DIABETES,CrdPrv,Diabetes
2023,MA,Massachusetts,Suffolk,25025,25025010205,BRFSS,Health Outcomes,Diagnosed diabetes among adults,%,Crude prevalence,4.1,,,3.5,4.6,4906,4646,POINT (-71.0994449 42.3432726),25025010205,HLTHOUT,DIABETES,CrdPrv,Diabetes
2023,MA,Massachusetts,Suffolk,25025,25025010206,BRFSS,Health Outcomes,Diagnosed diabetes among adults,%,Crude prevalence,4.0,,,3.5,4.6,2154,2075,POINT (-71.0942317 42.346504),25025010206,HLTHOUT,DIABETES,CrdPrv,Diabetes
2023,MA,Massachusetts,Suffolk,25025,25025010300,BRFSS,Health Outcomes,Diagnosed diabetes among adults,%,Crude prevalence,1.5,,,1.3,1.7,5186,5142,POINT (-71.1018257 42.339422),25025010300,HLTHOUT,DIABETES,CrdPrv,Diabetes
2023,MA,Massachusetts,Suffolk,25025,25025010403,BRFSS,Health Outcomes,Diagnosed diabetes among adults,%,Crude prevalence,8.9,,,7.9,10.1,3179,3041,POINT (-71.0880611 42.345075),25025010403,HLTHOUT,DIABETES,CrdPrv,Diabetes
2023,MA,Massachusetts,Suffolk,25025,25025010404,BRFSS,Health Outcomes,Diagnosed diabetes among adults,%,Crude prevalence,3.4,,,3.0,3.9,5747,5609,POINT (-71.0886377 42.3419678),25025010404,HLTHOUT,DIABETES,CrdPrv,Diabetes
2023,MA,Massachusetts,Suffolk,25025,25025010405,BRFSS,Health Outcomes,Diagnosed diabetes among adults,%,Crude prevalence,4.7,,,4.1,5.2,6853,6707,POINT (-71.0895958 42.3398656),25025010405,HLTHOUT,DIABETES,CrdPrv,Diabetes
2023,MA,Massachusetts,Suffolk,25025,25025010408,BRFSS,Health Outcomes,Diagnosed diabetes among adults,%,Crude prevalence,3.9,,,3.4,4.5,1438,1389,POINT (-71.0958461 42.3431682),25025010408,HLTHOUT,DIABETES,CrdPrv,Diabetes
2023,MA,Massachusetts,Suffolk,25025,25025010500,BRFSS,Health Outcomes,Diagnosed diabetes among adults,%,Crude prevalence,6.0,,,5.2,6.8,3876,3697,POINT (-71.0843482 42.3444618),25025010500,HLTHOUT,DIABETES,CrdPrv,Diabetes
2023,MA,Massachusetts,Suffolk,25025,25025010600,BRFSS,Health Outcomes,Diagnosed diabetes among adults,%,Crude prevalence,7.1,,,6.2,8.0,3529,3239,POINT (-71.0793745 42.3476422),25025010600,HLTHOUT,DIABETES,CrdPrv,Diabetes
2023,MA,Massachusetts,Suffolk,25025,25025010701,BRFSS,Health Outcomes,Diagnosed diabetes among adults,%,Crude prevalence,4.5,,,3.9,5.1,2543,2405,POINT (-71.0838784 42.3497199),25025010701,HLTHOUT,DIABETES,CrdPrv,Diabetes
2023,MA,Massachusetts,Suffolk,25025,25025010702,BRFSS,Health Outcomes,Diagnosed diabetes among adults,%,Crude prevalence,5.9,,,5.1,6.9,2328,2166,POINT (-71.0755131 42.3518383),25025010702,HLTHOUT,DIABETES,CrdPrv,Diabetes
2023,MA,Massachusetts,Suffolk,25025,25025010801,BRFSS,Health Outcomes,Diagnosed diabetes among adults,%,Crude prevalence,5.8,,,5.0,6.7,2856,2711,POINT (-71.0769092 42.3541707),25025010801,HLTHOUT,DIABETES,CrdPrv,Diabetes
2023,MA,Massachusetts,Suffolk,25025,25025010802,BRFSS,Health Outcomes,Diagnosed diabetes among adults,%,Crude prevalence,4.8,,,4.2,5.5,3058,2824,POINT (-71.0857007 42.3515155),25025010802,HLTHOUT,DIABETES,CrdPrv,Diabetes
2023,MA,Massachusetts,Suffolk,25025,25025020101,BRFSS,Health Outcomes,Diagnosed diabetes among adults,%,Crude prevalence,5.5,,,4.7,6.2,4235,3812,POINT (-71.0693336 42.3577451),25025020101,HLTHOUT,DIABETES,CrdPrv,Diabetes
2023,MA,Massachusetts,Suffolk,25025,25025020200,BRFSS,Health Outcomes,Diagnosed diabetes among adults,%,Crude prevalence,3.8,,,3.3,4.4,3804,3608,POINT (-71.0685049 42.3602609),25025020200,HLTHOUT,DIABETES,CrdPrv,Diabetes
2023,MA,Massachusetts,Suffolk,25025,25025020301,BRFSS,Health Outcomes,Diagnosed diabetes among adults,%,Crude prevalence,6.4,,,5.6,7.4,2166,2023,POINT (-71.0686464 42.3631736),25025020301,HLTHOUT,DIABETES,CrdPrv,Diabetes
2023,MA,Massachusetts,Suffolk,25025,25025020302,BRFSS,Health Outcomes,Diagnosed diabetes among adults,%,Crude prevalence,4.2,,,3.7,4.8,1293,1179,POINT (-71.0639956 42.3593442),25025020302,HLTHOUT,DIABETES,CrdPrv,Diabetes
2023,MA,Massachusetts,Suffolk,25025,25025020304,BRFSS,Health Outcomes,Diagnosed diabetes among adults,%,Crude prevalence,3.8,,,3.3,4.4,1906,1740,POINT (-71.0609927 42.3640512),25025020304,HLTHOUT,DIABETES,CrdPrv,Diabetes
2023,MA,Massachusetts,Suffolk,25025,25025020305,BRFSS,Health Outcomes,Diagnosed diabetes among adults,%,Crude prevalence,5.8,,,5.0,6.7,3633,3335,POINT (-71.0645674 42.366777),25025020305,HLTHOUT,DIABETES,CrdPrv,Diabetes
2023,MA,Massachusetts,Suffolk,25025,25025030100,BRFSS,Health Outcomes,Diagnosed diabetes among adults,%,Crude prevalence,3.5,,,3.0,4.0,2115,2023,POINT (-71.0561403 42.3669373),25025030100,HLTHOUT,DIABETES,CrdPrv,Diabetes
2023,MA,Massachusetts,Suffolk,25025,25025030200,BRFSS,Health Outcomes,Diagnosed diabetes among adults,%,Crude prevalence,3.3,,,2.8,3.9,1815,1742,POINT (-71.0570125 42.3646862),25025030200,HLTHOUT,DIABETES,CrdPrv,Diabetes
2023,MA,Massachusetts,Suffolk,25025,25025030301,BRFSS,Health Outcomes,Diagnosed diabetes among adults,%,Crude prevalence,8.4,,,7.3,9.8,1385,1258,POINT (-71.0492086 42.3599516),25025030301,HLTHOUT,DIABETES,CrdPrv,Diabetes
2023,MA,Massachusetts,Suffolk,25025,25025030302,BRFSS,Health Outcomes,Diagnosed diabetes among adults,%,Crude prevalence,6.4,,,5.6,7.4,1844,1745,POINT (-71.0577232 42.3601404),25025030302,HLTHOUT,DIABETES,CrdPrv,Diabetes
2023,MA,Massachusetts,Suffolk,25025,25025030400,BRFSS,Health Outcomes,Diagnosed diabetes among adults,%,Crude prevalence,4.4,,,3.9,5.1,4160,3912,POINT (-71.0536706 42.3637112),25025030400,HLTHOUT,DIABETES,CrdPrv,Diabetes
2023,MA,Massachusetts,Suffolk,25025,25025030500,BRFSS,Health Outcomes,Diagnosed diabetes among adults,%,Crude prevalence,4.6,,,3.9,5.3,2715,2559,POINT (-71.0515811 42.3675671),25025030500,HLTHOUT,DIABETES,CrdPrv,Diabetes
2023,MA,Massachusetts,Suffolk,25025,25025040100,BRFSS,Health Outcomes,Diagnosed diabetes among adults,%,Crude prevalence,6.0,,,5.1,7.0,2360,2023,POINT (-71.0597515 42.3730476),25025040100,HLTHOUT,DIABETES,CrdPrv,Diabetes
2023,MA,Massachusetts,Suffolk,25025,25025040200,BRFSS,Health Outcomes,Diagnosed diabetes among adults,%,Crude prevalence,9.2,,,8.0,10.4,1594,1156,POINT (-71.0567739 42.376905),25025040200,HLTHOUT,DIABETES,CrdPrv,Diabetes
2023,MA,Massachusetts,Suffolk,25025,25025040300,BRFSS,Health Outcomes,Diagnosed diabetes among adults,%,Crude prevalence,4.5,,,3.8,5.1,4525,3574,POINT (-71.0633901 42.3787362),25025040300,HLTHOUT,DIABETES,CrdPrv,Diabetes
2023,MA,Massachusetts,Suffolk,25025,25025040401,BRFSS,Health Outcomes,Diagnosed diabetes among adults,%,Crude prevalence,7.1,,,6.2,8.3,2922,2384,POINT (-71.0665218 42.3740347),25025040401,HLTHOUT,DIABETES,CrdPrv,Diabetes
2023,MA,Massachusetts,Suffolk,25025,25025040600,BRFSS,Health Outcomes,Diagnosed diabetes among adults,%,Crude prevalence,4.2,,,3.6,4.8,3683,3175,POINT (-71.0698352 42.3832248),25025040600,HLTHOUT,DIABETES,CrdPrv,Diabetes
2023,MA,Massachusetts,Suffolk,25025,25025040801,BRFSS,Health Outcomes,Diagnosed diabetes among adults,%,Crude prevalence,9.3,,,8.0,10.7,4036,3349,POINT (-71.0518705 42.3789064),25025040801,HLTHOUT,DIABETES,CrdPrv,Diabetes
2023,MA,Massachusetts,Suffolk,25025,25025050101,BRFSS,Health Outcomes,Diagnosed diabetes among adults,%,Crude prevalence,10.9,,,9.5,12.3,4917,3808,POINT (-71.0397908 42.3816657),25025050101,HLTHOUT,DIABETES,CrdPrv,Diabetes
2023,MA,Massachusetts,Suffolk,25025,25025050200,BRFSS,Health Outcomes,Diagnosed diabetes among adults,%,Crude prevalence,8.8,,,7.5,10.0,5197,4077,POINT (-71.0357577 42.3775778),25025050200,HLTHOUT,DIABETES,CrdPrv,Diabetes
2023,MA,Massachusetts,Suffolk,25025,25025050300,BRFSS,Health Outcomes,Diagnosed diabetes among adults,%,Crude prevalence,8.8,,,7.8,10.0,3258,2777,POINT (-71.0434118 42.3722392),25025050300,HLTHOUT,DIABETES,CrdPrv,Diabetes
2023,MA,Massachusetts,Suffolk,25025,25025050400,BRFSS,Health Outcomes,Diagnosed diabetes among adults,%,Crude prevalence,8.3,,,7.3,9.5,2372,2021,POINT (-71.0379019 42.3682184),25025050400,HLTHOUT,DIABETES,CrdPrv,Diabetes
2023,MA,Massachusetts,Suffolk,25025,25025050500,BRFSS,Health Outcomes,Diagnosed diabetes among adults,%,Crude prevalence,6.3,,,5.4,7.3,2174,1820,POINT (-71.031925 42.3708587),25025050500,HLTHOUT,DIABETES,CrdPrv,Diabetes
2023,MA,Massachusetts,Suffolk,25025,25025050600,BRFSS,Health Outcomes,Diagnosed diabetes among adults,%,Crude prevalence,7.2,,,6.2,8.2,2074,1712,POINT (-71.0372787 42.3719233),25025050600,HLTHOUT,DIABETES,CrdPrv,Diabetes
2023,MA,Massachusetts,Suffolk,25025,25025050700,BRFSS,Health Outcomes,Diagnosed diabetes among adults,%,Crude prevalence,8.5,,,7.3,9.7,4520,3529,POINT (-71.0332347 42.3753741),25025050700,HLTHOUT,DIABETES,CrdPrv,Diabetes
2023,MA,Massachusetts,Suffolk,25025,25025050901,BRFSS,Health Outcomes,Diagnosed diabetes among adults,%,Crude prevalence,8.5,,,7.4,9.9,4242,3268,POINT (-71.0295001 42.3819368),25025050901,HLTHOUT,DIABETES,CrdPrv,Diabetes
2023,MA,Massachusetts,Suffolk,25025,25025051000,BRFSS,Health Outcomes,Diagnosed diabetes among adults,%,Crude prevalence,8.2,,,7.2,9.5,4317,3508,POINT (-71.0161271 42.3873027),25025051000,HLTHOUT,DIABETES,CrdPrv,Diabetes
2023,MA,Massachusetts,Suffolk,25025,25025051101,BRFSS,Health Outcomes,Diagnosed diabetes among adults,%,Crude prevalence,9.9,,,8.7,11.4,6460,5274,POINT (-71.0043188 42.3854556),25025051101,HLTHOUT,DIABETES,CrdPrv,Diabetes
2023,MA,Massachusetts,Suffolk,25025,25025051200,BRFSS,Health Outcomes,Diagnosed diabetes among adults,%,Crude prevalence,4.8,,,4.2,5.5,3454,2965,POINT (-71.0364673 42.364448),25025051200,HLTHOUT,DIABETES,CrdPrv,Diabetes
2023,MA,Massachusetts,Suffolk,25025,25025060101,BRFSS,Health Outcomes,Diagnosed diabetes among adults,%,Crude prevalence,3.9,,,3.3,4.5,3673,3314,POINT (-71.0279302 42.3347618),25025060101,HLTHOUT,DIABETES,CrdPrv,Diabetes
2023,MA,Massachusetts,Suffolk,25025,25025060200,BRFSS,Health Outcomes,Diagnosed diabetes among adults,%,Crude prevalence,3.8,,,3.3,4.5,2328,2123,POINT (-71.0326799 42.3325583),25025060200,HLTHOUT,DIABETES,CrdPrv,Diabetes
2023,MA,Massachusetts,Suffolk,25025,25025060301,BRFSS,Health Outcomes,Diagnosed diabetes among adults,%,Crude prevalence,4.7,,,4.0,5.5,3609,3278,POINT (-71.0369483 42.3334669),25025060301,HLTHOUT,DIABETES,CrdPrv,Diabetes
2023,MA,Massachusetts,Suffolk,25025,25025060400,BRFSS,Health Outcomes,Diagnosed diabetes among adults,%,Crude prevalence,3.8,,,3.3,4.5,5195,4801,POINT (-71.0428981 42.3323988),25025060400,HLTHOUT,DIABETES,CrdPrv,Diabetes
2023,MA,Massachusetts,Suffolk,25025,25025060501,BRFSS,Health Outcomes,Diagnosed diabetes among adults,%,Crude prevalence,3.3,,,2.8,3.8,4733,4312,POINT (-71.0382133 42.3368686),25025060501,HLTHOUT,DIABETES,CrdPrv,Diabetes
2023,MA,Massachusetts,Suffolk,25025,25025060601,BRFSS,Health Outcomes,Diagnosed diabetes among adults,%,Crude prevalence,3.3,,,2.9,3.8,2006,1856,POINT (-71.0489604 42.3392514),25025060601,HLTHOUT,DIABETES,CrdPrv,Diabetes
2023,MA,Massachusetts,Suffolk,25025,25025060602,BRFSS,Health Outcomes,Diagnosed diabetes among adults,%,Crude prevalence,4.1,,,3.5,4.7,331,312,POINT (-71.0461108 42.3441304),25025060602,HLTHOUT,DIABETES,CrdPrv,Diabetes
2023,MA,Massachusetts,Suffolk,25025,25025060603,BRFSS,Health Outcomes,Diagnosed diabetes among adults,%,Crude prevalence,3.1,,,2.7,3.6,1502,1417,POINT (-71.041147 42.3477038),25025060603,HLTHOUT,DIABETES,CrdPrv,Diabetes
2023,MA,Massachusetts,Suffolk,25025,25025060604,BRFSS,Health Outcomes,Diagnosed diabetes among adults,%,Crude prevalence,3.9,,,3.3,4.5,2803,2678,POINT (-71.0384635 42.350768),25025060604,HLTHOUT,DIABETES,CrdPrv,Diabetes
2023,MA,Massachusetts,Suffolk,25025,25025060700,BRFSS,Health Outcomes,Diagnosed diabetes among adults,%,Crude prevalence,16.7,,,14.8,18.6,1689,1165,POINT (-71.0539041 42.3385217),25025060700,HLTHOUT,DIABETES,CrdPrv,Diabetes
2023,MA,Massachusetts,Suffolk,25025,25025060800,BRFSS,Health Outcomes,Diagnosed diabetes among adults,%,Crude prevalence,3.5,,,3.0,4.0,4859,4502,POINT (-71.0514885 42.3353908),25025060800,HLTHOUT,DIABETES,CrdPrv,Diabetes
2023,MA,Massachusetts,Suffolk,25025,25025061000,BRFSS,Health Outcomes,Diagnosed diabetes among adults,%,Crude prevalence,8.7,,,7.6,9.9,2416,1933,POINT (-71.0499288 42.3317196),25025061000,HLTHOUT,DIABETES,CrdPrv,Diabetes
2023,MA,Massachusetts,Suffolk,25025,25025061101,BRFSS,Health Outcomes,Diagnosed diabetes among adults,%,Crude prevalence,16.6,,,14.8,18.5,2710,1990,POINT (-71.0542968 42.3262844),25025061101,HLTHOUT,DIABETES,CrdPrv,Diabetes
2023,MA,Massachusetts,Suffolk,25025,25025061201,BRFSS,Health Outcomes,Diagnosed diabetes among adults,%,Crude prevalence,4.5,,,3.9,5.2,2013,1882,POINT (-71.0576503 42.3326075),25025061201,HLTHOUT,DIABETES,CrdPrv,Diabetes
2023,MA,Massachusetts,Suffolk,25025,25025061203,BRFSS,Health Outcomes,Diagnosed diabetes among adults,%,Crude prevalence,4.7,,,4.0,5.4,2686,2458,POINT (-71.0566283 42.3416085),25025061203,HLTHOUT,DIABETES,CrdPrv,Diabetes
2023,MA,Massachusetts,Suffolk,25025,25025061204,BRFSS,Health Outcomes,Diagnosed diabetes among adults,%,Crude prevalence,4.9,,,4.3,5.7,937,876,POINT (-71.0532683 42.3457244),25025061204,HLTHOUT,DIABETES,CrdPrv,Diabetes
2023,MA,Massachusetts,Suffolk,25025,25025070102,BRFSS,Health Outcomes,Diagnosed diabetes among adults,%,Crude prevalence,9.9,,,8.8,11.2,3687,3537,POINT (-71.0617639 42.3556883),25025070102,HLTHOUT,DIABETES,CrdPrv,Diabetes
2023,MA,Massachusetts,Suffolk,25025,25025070103,BRFSS,Health Outcomes,Diagnosed diabetes among adults,%,Crude prevalence,5.4,,,4.6,6.3,751,623,POINT (-71.0598082 42.3478532),25025070103,HLTHOUT,DIABETES,CrdPrv,Diabetes
2023,MA,Massachusetts,Suffolk,25025,25025070104,BRFSS,Health Outcomes,Diagnosed diabetes among adults,%,Crude prevalence,8.6,,,7.6,9.7,2862,2576,POINT (-71.0562868 42.3523203),25025070104,HLTHOUT,DIABETES,CrdPrv,Diabetes
2023,MA,Massachusetts,Suffolk,25025,25025070201,BRFSS,Health Outcomes,Diagnosed diabetes among adults,%,Crude prevalence,10.2,,,9.0,11.5,3990,3859,POINT (-71.0653769 42.3500054),25025070201,HLTHOUT,DIABETES,CrdPrv,Diabetes
2023,MA,Massachusetts,Suffolk,25025,25025070202,BRFSS,Health Outcomes,Diagnosed diabetes among adults,%,Crude prevalence,10.9,,,9.6,12.3,5460,4854,POINT (-71.0619598 42.3500656),25025070202,HLTHOUT,DIABETES,CrdPrv,Diabetes
2023,MA,Massachusetts,Suffolk,25025,25025070301,BRFSS,Health Outcomes,Diagnosed diabetes among adults,%,Crude prevalence,6.1,,,5.3,7.0,2213,1999,POINT (-71.0716357 42.346324),25025070301,HLTHOUT,DIABETES,CrdPrv,Diabetes
2023,MA,Massachusetts,Suffolk,25025,25025070302,BRFSS,Health Outcomes,Diagnosed diabetes among adults,%,Crude prevalence,11.0,,,9.5,12.5,2090,1911,POINT (-71.0694197 42.3499539),25025070302,HLTHOUT,DIABETES,CrdPrv,Diabetes
2023,MA,Massachusetts,Suffolk,25025,25025070402,BRFSS,Health Outcomes,Diagnosed diabetes among adults,%,Crude prevalence,10.5,,,9.3,11.8,3561,3251,POINT (-71.0651669 42.3455432),25025070402,HLTHOUT,DIABETES,CrdPrv,Diabetes
2023,MA,Massachusetts,Suffolk,25025,25025070501,BRFSS,Health Outcomes,Diagnosed diabetes among adults,%,Crude prevalence,5.5,,,4.8,6.2,2223,1975,POINT (-71.0691593 42.3431213),25025070501,HLTHOUT,DIABETES,CrdPrv,Diabetes
2023,MA,Massachusetts,Suffolk,25025,25025070502,BRFSS,Health Outcomes,Diagnosed diabetes among adults,%,Crude prevalence,14.4,,,12.7,16.2,3393,2907,POINT (-71.0737001 42.3411012),25025070502,HLTHOUT,DIABETES,CrdPrv,Diabetes
2023,MA,Massachusetts,Suffolk,25025,25025070600,BRFSS,Health Outcomes,Diagnosed diabetes among adults,%,Crude prevalence,5.4,,,4.7,6.1,2287,2001,POINT (-71.0753887 42.3432581),25025070600,HLTHOUT,DIABETES,CrdPrv,Diabetes
2023,MA,Massachusetts,Suffolk,25025,25025070700,BRFSS,Health Outcomes,Diagnosed diabetes among adults,%,Crude prevalence,8.8,,,7.7,10.0,2527,2166,POINT (-71.0761507 42.3458828),25025070700,HLTHOUT,DIABETES,CrdPrv,Diabetes
2023,MA,Massachusetts,Suffolk,25025,25025070801,BRFSS,Health Outcomes,Diagnosed diabetes among adults,%,Crude prevalence,7.4,,,6.5,8.4,1056,953,POINT (-71.0825322 42.3399771),25025070801,HLTHOUT,DIABETES,CrdPrv,Diabetes
2023,MA,Massachusetts,Suffolk,25025,25025070802,BRFSS,Health Outcomes,Diagnosed diabetes among adults,%,Crude prevalence,6.8,,,5.9,7.7,2685,2404,POINT (-71.0802334 42.3417055),25025070802,HLTHOUT,DIABETES,CrdPrv,Diabetes
2023,MA,Massachusetts,Suffolk,25025,25025070901,BRFSS,Health Outcomes,Diagnosed diabetes among adults,%,Crude prevalence,12.8,,,11.4,14.5,1165,953,POINT (-71.0795662 42.3377169),25025070901,HLTHOUT,DIABETES,CrdPrv,Diabetes
2023,MA,Massachusetts,Suffolk,25025,25025070902,BRFSS,Health Outcomes,Diagnosed diabetes among adults,%,Crude prevalence,6.9,,,6.0,7.9,2300,2007,POINT (-71.0774493 42.338807),25025070902,HLTHOUT,DIABETES,CrdPrv,Diabetes
2023,MA,Massachusetts,Suffolk,25025,25025071101,BRFSS,Health Outcomes,Diagnosed diabetes among adults,%,Crude prevalence,9.2,,,8.1,10.6,4111,3744,POINT (-71.0727888 42.3359523),25025071101,HLTHOUT,DIABETES,CrdPrv,Diabetes
2023,MA,Massachusetts,Suffolk,25025,25025071201,BRFSS,Health Outcomes,Diagnosed diabetes among adults,%,Crude prevalence,12.8,,,11.3,14.6,3514,2950,POINT (-71.0670373 42.3397875),25025071201,HLTHOUT,DIABETES,CrdPrv,Diabetes
2023,MA,Massachusetts,Suffolk,25025,25025080100,BRFSS,Health Outcomes,Diagnosed diabetes among adults,%,Crude prevalence,11.2,,,9.9,12.6,2900,2486,POINT (-71.0705295 42.3293312),25025080100,HLTHOUT,DIABETES,CrdPrv,Diabetes
2023,MA,Massachusetts,Suffolk,25025,25025080300,BRFSS,Health Outcomes,Diagnosed diabetes among adults,%,Crude prevalence,15.2,,,13.4,17.0,2236,1663,POINT (-71.0790504 42.3274519),25025080300,HLTHOUT,DIABETES,CrdPrv,Diabetes
2023,MA,Massachusetts,Suffolk,25025,25025080401,BRFSS,Health Outcomes,Diagnosed diabetes among adults,%,Crude prevalence,17.6,,,15.8,19.6,3391,2709,POINT (-71.0808969 42.3321176),25025080401,HLTHOUT,DIABETES,CrdPrv,Diabetes
2023,MA,Massachusetts,Suffolk,25025,25025080500,BRFSS,Health Outcomes,Diagnosed diabetes among adults,%,Crude prevalence,14.3,,,12.7,16.0,3288,2458,POINT (-71.0825085 42.3356843),25025080500,HLTHOUT,DIABETES,CrdPrv,Diabetes
2023,MA,Massachusetts,Suffolk,25025,25025080601,BRFSS,Health Outcomes,Diagnosed diabetes among adults,%,Crude prevalence,6.4,,,5.7,7.1,4732,4432,POINT (-71.0880443 42.3333769),25025080601,HLTHOUT,DIABETES,CrdPrv,Diabetes
2023,MA,Massachusetts,Suffolk,25025,25025080801,BRFSS,Health Outcomes,Diagnosed diabetes among adults,%,Crude prevalence,9.8,,,8.8,10.9,4282,3611,POINT (-71.0962114 42.3346063),25025080801,HLTHOUT,DIABETES,CrdPrv,Diabetes
2023,MA,Massachusetts,Suffolk,25025,25025080900,BRFSS,Health Outcomes,Diagnosed diabetes among adults,%,Crude prevalence,5.3,,,4.7,6.0,4376,4092,POINT (-71.1016923 42.3323435),25025080900,HLTHOUT,DIABETES,CrdPrv,Diabetes
2023,MA,Massachusetts,Suffolk,25025,25025081001,BRFSS,Health Outcomes,Diagnosed diabetes among adults,%,Crude prevalence,10.4,,,9.3,11.8,5695,4966,POINT (-71.1068296 42.3345574),25025081001,HLTHOUT,DIABETES,CrdPrv,Diabetes
2023,MA,Massachusetts,Suffolk,25025,25025081101,BRFSS,Health Outcomes,Diagnosed diabetes among adults,%,Crude prevalence,5.8,,,5.0,6.6,1484,1405,POINT (-71.1124512 42.3270449),25025081101,HLTHOUT,DIABETES,CrdPrv,Diabetes
2023,MA,Massachusetts,Suffolk,25025,25025081102,BRFSS,Health Outcomes,Diagnosed diabetes among adults,%,Crude prevalence,8.2,,,7.2,9.2,3165,2927,POINT (-71.1059304 42.3288046),25025081102,HLTHOUT,DIABETES,CrdPrv,Diabetes
2023,MA,Massachusetts,Suffolk,25025,25025081200,BRFSS,Health Outcomes,Diagnosed diabetes among adults,%,Crude prevalence,15.1,,,13.4,16.9,3506,2650,POINT (-71.1037533 42.3243654),25025081200,HLTHOUT,DIABETES,CrdPrv,Diabetes
2023,MA,Massachusetts,Suffolk,25025,25025081301,BRFSS,Health Outcomes,Diagnosed diabetes among adults,%,Crude prevalence,20.3,,,18.0,22.6,2394,1850,POINT (-71.0993402 42.3186892),25025081301,HLTHOUT,DIABETES,CrdPrv,Diabetes
2023,MA,Massachusetts,Suffolk,25025,25025081302,BRFSS,Health Outcomes,Diagnosed diabetes among adults,%,Crude prevalence,20.2,,,18.0,22.3,3080,2376,POINT (-71.096562 42.3197631),25025081302,HLTHOUT,DIABETES,CrdPrv,Diabetes
2023,MA,Massachusetts,Suffolk,25025,25025081400,BRFSS,Health Outcomes,Diagnosed diabetes among adults,%,Crude prevalence,10.3,,,9.1,11.6,3774,3259,POINT (-71.0937549 42.3277602),25025081400,HLTHOUT,DIABETES,CrdPrv,Diabetes
2023,MA,Massachusetts,Suffolk,25025,25025081500,BRFSS,Health Outcomes,Diagnosed diabetes among adults,%,Crude prevalence,11.5,,,10.1,13.1,2449,1984,POINT (-71.0929141 42.3207186),25025081500,HLTHOUT,DIABETES,CrdPrv,Diabetes
2023,MA,Massachusetts,Suffolk,25025,25025081700,BRFSS,Health Outcomes,Diagnosed diabetes among adults,%,Crude prevalence,16.1,,,14.2,18.0,4141,3135,POINT (-71.0860337 42.3226992),25025081700,HLTHOUT,DIABETES,CrdPrv,Diabetes
2023,MA,Massachusetts,Suffolk,25025,25025081800,BRFSS,Health Outcomes,Diagnosed diabetes among adults,%,Crude prevalence,13.9,,,12.3,15.6,3567,2754,POINT (-71.0800303 42.3203184),25025081800,HLTHOUT,DIABETES,CrdPrv,Diabetes
2023,MA,Massachusetts,Suffolk,25025,25025081900,BRFSS,Health Outcomes,Diagnosed diabetes among adults,%,Crude prevalence,14.1,,,12.4,15.9,3671,2738,POINT (-71.089652 42.3154742),25025081900,HLTHOUT,DIABETES,CrdPrv,Diabetes
2023,MA,Massachusetts,Suffolk,25025,25025082000,BRFSS,Health Outcomes,Diagnosed diabetes among adults,%,Crude prevalence,17.1,,,15.1,19.2,3195,2435,POINT (-71.0839483 42.3137479),25025082000,HLTHOUT,DIABETES,CrdPrv,Diabetes
2023,MA,Massachusetts,Suffolk,25025,25025082100,BRFSS,Health Outcomes,Diagnosed diabetes among adults,%,Crude prevalence,18.1,,,16.2,20.2,5224,3824,POINT (-71.0872292 42.3094485),25025082100,HLTHOUT,DIABETES,CrdPrv,Diabetes
2023,MA,Massachusetts,Suffolk,25025,25025090100,BRFSS,Health Outcomes,Diagnosed diabetes among adults,%,Crude prevalence,16.2,,,14.4,18.1,5171,3768,POINT (-71.0820195 42.3023758),25025090100,HLTHOUT,DIABETES,CrdPrv,Diabetes
2023,MA,Massachusetts,Suffolk,25025,25025090200,BRFSS,Health Outcomes,Diagnosed diabetes among adults,%,Crude prevalence,14.4,,,12.7,16.3,2412,1626,POINT (-71.0790559 42.3071378),25025090200,HLTHOUT,DIABETES,CrdPrv,Diabetes
2023,MA,Massachusetts,Suffolk,25025,25025090300,BRFSS,Health Outcomes,Diagnosed diabetes among adults,%,Crude prevalence,15.8,,,14.1,17.6,3795,2616,POINT (-71.076505 42.3109366),25025090300,HLTHOUT,DIABETES,CrdPrv,Diabetes
2023,MA,Massachusetts,Suffolk,25025,25025090400,BRFSS,Health Outcomes,Diagnosed diabetes among adults,%,Crude prevalence,12.8,,,11.4,14.4,4101,3003,POINT (-71.0747098 42.3171635),25025090400,HLTHOUT,DIABETES,CrdPrv,Diabetes
2023,MA,Massachusetts,Suffolk,25025,25025090600,BRFSS,Health Outcomes,Diagnosed diabetes among adults,%,Crude prevalence,13.2,,,11.8,14.8,2450,1881,POINT (-71.0722753 42.3229604),25025090600,HLTHOUT,DIABETES,CrdPrv,Diabetes
2023,MA,Massachusetts,Suffolk,25025,25025090700,BRFSS,Health Outcomes,Diagnosed diabetes among adults,%,Crude prevalence,7.2,,,6.3,8.2,4673,4204,POINT (-71.0600141 42.324115),25025090700,HLTHOUT,DIABETES,CrdPrv,Diabetes
2023,MA,Massachusetts,Suffolk,25025,25025090901,BRFSS,Health Outcomes,Diagnosed diabetes among adults,%,Crude prevalence,7.9,,,7.0,9.0,3600,3083,POINT (-71.044563 42.317172),25025090901,HLTHOUT,DIABETES,CrdPrv,Diabetes
2023,MA,Massachusetts,Suffolk,25025,25025091001,BRFSS,Health Outcomes,Diagnosed diabetes among adults,%,Crude prevalence,8.3,,,7.2,9.4,3255,2867,POINT (-71.0517137 42.3082205),25025091001,HLTHOUT,DIABETES,CrdPrv,Diabetes
2023,MA,Massachusetts,Suffolk,25025,25025091100,BRFSS,Health Outcomes,Diagnosed diabetes among adults,%,Crude prevalence,7.2,,,6.2,8.2,4916,4287,POINT (-71.0556094 42.3156248),25025091100,HLTHOUT,DIABETES,CrdPrv,Diabetes
2023,MA,Massachusetts,Suffolk,25025,25025091200,BRFSS,Health Outcomes,Diagnosed diabetes among adults,%,Crude prevalence,11.1,,,9.8,12.5,3140,2547,POINT (-71.0622198 42.3163259),25025091200,HLTHOUT,DIABETES,CrdPrv,Diabetes
2023,MA,Massachusetts,Suffolk,25025,25025091300,BRFSS,Health Outcomes,Diagnosed diabetes among adults,%,Crude prevalence,14.0,,,12.4,15.6,2626,1990,POINT (-71.0668701 42.3199357),25025091300,HLTHOUT,DIABETES,CrdPrv,Diabetes
2023,MA,Massachusetts,Suffolk,25025,25025091400,BRFSS,Health Outcomes,Diagnosed diabetes among adults,%,Crude prevalence,15.1,,,13.5,16.9,2886,2227,POINT (-71.0698538 42.3152689),25025091400,HLTHOUT,DIABETES,CrdPrv,Diabetes
2023,MA,Massachusetts,Suffolk,25025,25025091500,BRFSS,Health Outcomes,Diagnosed diabetes among adults,%,Crude prevalence,11.9,,,10.5,13.4,4588,3509,POINT (-71.0643707 42.3114941),25025091500,HLTHOUT,DIABETES,CrdPrv,Diabetes
2023,MA,Massachusetts,Suffolk,25025,25025091600,BRFSS,Health Outcomes,Diagnosed diabetes among adults,%,Crude prevalence,14.1,,,12.7,15.8,3200,2502,POINT (-71.0611919 42.3060353),25025091600,HLTHOUT,DIABETES,CrdPrv,Diabetes
2023,MA,Massachusetts,Suffolk,25025,25025091700,BRFSS,Health Outcomes,Diagnosed diabetes among adults,%,Crude prevalence,12.1,,,10.6,13.5,3203,2351,POINT (-71.0659184 42.3036084),25025091700,HLTHOUT,DIABETES,CrdPrv,Diabetes
2023,MA,Massachusetts,Suffolk,25025,25025091800,BRFSS,Health Outcomes,Diagnosed diabetes among adults,%,Crude prevalence,16.4,,,14.6,18.2,3718,2784,POINT (-71.0705167 42.3073664),25025091800,HLTHOUT,DIABETES,CrdPrv,Diabetes
2023,MA,Massachusetts,Suffolk,25025,25025091900,BRFSS,Health Outcomes,Diagnosed diabetes among adults,%,Crude prevalence,14.4,,,12.8,16.2,4278,3172,POINT (-71.0755308 42.3008408),25025091900,HLTHOUT,DIABETES,CrdPrv,Diabetes
2023,MA,Massachusetts,Suffolk,25025,25025092000,BRFSS,Health Outcomes,Diagnosed diabetes among adults,%,Crude prevalence,15.5,,,13.9,17.3,5180,3992,POINT (-71.0675668 42.2996758),25025092000,HLTHOUT,DIABETES,CrdPrv,Diabetes
2023,MA,Massachusetts,Suffolk,25025,25025092101,BRFSS,Health Outcomes,Diagnosed diabetes among adults,%,Crude prevalence,12.4,,,11.0,14.0,6921,5553,POINT (-71.0541278 42.2979499),25025092101,HLTHOUT,DIABETES,CrdPrv,Diabetes
2023,MA,Massachusetts,Suffolk,25025,25025092200,BRFSS,Health Outcomes,Diagnosed diabetes among adults,%,Crude prevalence,10.8,,,9.5,12.2,3602,2887,POINT (-71.0661804 42.2950131),25025092200,HLTHOUT,DIABETES,CrdPrv,Diabetes
2023,MA,Massachusetts,Suffolk,25025,25025092300,BRFSS,Health Outcomes,Diagnosed diabetes among adults,%,Crude prevalence,14.1,,,12.4,15.9,3301,2408,POINT (-71.0750607 42.2939435),25025092300,HLTHOUT,DIABETES,CrdPrv,Diabetes
2023,MA,Massachusetts,Suffolk,25025,25025092400,BRFSS,Health Outcomes,Diagnosed diabetes among adults,%,Crude prevalence,14.4,,,12.8,16.1,6067,4262,POINT (-71.0849902 42.2960408),25025092400,HLTHOUT,DIABETES,CrdPrv,Diabetes
2023,MA,Massachusetts,Suffolk,25025,25025100100,BRFSS,Health Outcomes,Diagnosed diabetes among adults,%,Crude prevalence,16.7,,,14.9,18.6,5722,4001,POINT (-71.0873027 42.2902498),25025100100,HLTHOUT,DIABETES,CrdPrv,Diabetes
2023,MA,Massachusetts,Suffolk,25025,25025100200,BRFSS,Health Outcomes,Diagnosed diabetes among adults,%,Crude prevalence,14.8,,,13.1,16.6,2919,2133,POINT (-71.0857223 42.2848003),25025100200,HLTHOUT,DIABETES,CrdPrv,Diabetes
2023,MA,Massachusetts,Suffolk,25025,25025100300,BRFSS,Health Outcomes,Diagnosed diabetes among adults,%,Crude prevalence,13.0,,,11.4,14.7,3737,2832,POINT (-71.0797972 42.2827979),25025100300,HLTHOUT,DIABETES,CrdPrv,Diabetes
2023,MA,Massachusetts,Suffolk,25025,25025100400,BRFSS,Health Outcomes,Diagnosed diabetes among adults,%,Crude prevalence,13.2,,,11.5,14.9,5068,4102,POINT (-71.0708444 42.2817867),25025100400,HLTHOUT,DIABETES,CrdPrv,Diabetes
2023,MA,Massachusetts,Suffolk,25025,25025100500,BRFSS,Health Outcomes,Diagnosed diabetes among adults,%,Crude prevalence,12.2,,,10.8,13.9,6576,5052,POINT (-71.0707467 42.2882316),25025100500,HLTHOUT,DIABETES,CrdPrv,Diabetes
2023,MA,Massachusetts,Suffolk,25025,25025100601,BRFSS,Health Outcomes,Diagnosed diabetes among adults,%,Crude prevalence,9.5,,,8.4,10.6,5342,4322,POINT (-71.0562794 42.2908491),25025100601,HLTHOUT,DIABETES,CrdPrv,Diabetes
2023,MA,Massachusetts,Suffolk,25025,25025100603,BRFSS,Health Outcomes,Diagnosed diabetes among adults,%,Crude prevalence,6.6,,,5.8,7.6,2172,1808,POINT (-71.0421575 42.2914125),25025100603,HLTHOUT,DIABETES,CrdPrv,Diabetes
2023,MA,Massachusetts,Suffolk,25025,25025100700,BRFSS,Health Outcomes,Diagnosed diabetes among adults,%,Crude prevalence,7.2,,,6.2,8.3,4332,3614,POINT (-71.0479602 42.2826719),25025100700,HLTHOUT,DIABETES,CrdPrv,Diabetes
2023,MA,Massachusetts,Suffolk,25025,25025100800,BRFSS,Health Outcomes,Diagnosed diabetes among adults,%,Crude prevalence,9.6,,,8.5,10.9,5791,4866,POINT (-71.0636843 42.2775008),25025100800,HLTHOUT,DIABETES,CrdPrv,Diabetes
2023,MA,Massachusetts,Suffolk,25025,25025100900,BRFSS,Health Outcomes,Diagnosed diabetes among adults,%,Crude prevalence,10.8,,,9.4,12.2,4148,3427,POINT (-71.0742308 42.2740065),25025100900,HLTHOUT,DIABETES,CrdPrv,Diabetes
2023,MA,Massachusetts,Suffolk,25025,25025101001,BRFSS,Health Outcomes,Diagnosed diabetes among adults,%,Crude prevalence,15.6,,,13.7,17.7,5595,4469,POINT (-71.101728 42.2721326),25025101001,HLTHOUT,DIABETES,CrdPrv,Diabetes
2023,MA,Massachusetts,Suffolk,25025,25025101002,BRFSS,Health Outcomes,Diagnosed diabetes among adults,%,Crude prevalence,17.8,,,15.7,19.8,5712,4413,POINT (-71.0853267 42.2740572),25025101002,HLTHOUT,DIABETES,CrdPrv,Diabetes
2023,MA,Massachusetts,Suffolk,25025,25025101101,BRFSS,Health Outcomes,Diagnosed diabetes among adults,%,Crude prevalence,14.1,,,12.3,16.0,3522,2673,POINT (-71.09587930000001 42.2848807),25025101101,HLTHOUT,DIABETES,CrdPrv,Diabetes
2023,MA,Massachusetts,Suffolk,25025,25025101102,BRFSS,Health Outcomes,Diagnosed diabetes among adults,%,Crude prevalence,15.5,,,13.6,17.4,4766,3438,POINT (-71.0920463 42.2787956),25025101102,HLTHOUT,DIABETES,CrdPrv,Diabetes
2023,MA,Massachusetts,Suffolk,25025,25025110104,BRFSS,Health Outcomes,Diagnosed diabetes among adults,%,Crude prevalence,11.1,,,9.8,12.6,2177,1636,POINT (-71.1208887 42.2934302),25025110104,HLTHOUT,DIABETES,CrdPrv,Diabetes
2023,MA,Massachusetts,Suffolk,25025,25025110105,BRFSS,Health Outcomes,Diagnosed diabetes among adults,%,Crude prevalence,5.7,,,5.0,6.5,2120,1873,POINT (-71.1114074 42.2988673),25025110105,HLTHOUT,DIABETES,CrdPrv,Diabetes
2023,MA,Massachusetts,Suffolk,25025,25025110106,BRFSS,Health Outcomes,Diagnosed diabetes among adults,%,Crude prevalence,8.0,,,6.9,9.1,1356,1136,POINT (-71.116541 42.2924541),25025110106,HLTHOUT,DIABETES,CrdPrv,Diabetes
2023,MA,Massachusetts,Suffolk,25025,25025110201,BRFSS,Health Outcomes,Diagnosed diabetes among adults,%,Crude prevalence,12.7,,,11.1,14.2,2091,1625,POINT (-71.1170508 42.280496),25025110201,HLTHOUT,DIABETES,CrdPrv,Diabetes
2023,MA,Massachusetts,Suffolk,25025,25025110301,BRFSS,Health Outcomes,Diagnosed diabetes among adults,%,Crude prevalence,9.1,,,8.0,10.4,2500,2051,POINT (-71.1132775 42.2868052),25025110301,HLTHOUT,DIABETES,CrdPrv,Diabetes
2023,MA,Massachusetts,Suffolk,25025,25025110401,BRFSS,Health Outcomes,Diagnosed diabetes among adults,%,Crude prevalence,9.6,,,8.3,10.9,3625,2947,POINT (-71.1225498 42.2864371),25025110401,HLTHOUT,DIABETES,CrdPrv,Diabetes
2023,MA,Massachusetts,Suffolk,25025,25025110403,BRFSS,Health Outcomes,Diagnosed diabetes among adults,%,Crude prevalence,9.2,,,8.0,10.6,4437,3595,POINT (-71.1281223 42.2791462),25025110403,HLTHOUT,DIABETES,CrdPrv,Diabetes
2023,MA,Massachusetts,Suffolk,25025,25025110501,BRFSS,Health Outcomes,Diagnosed diabetes among adults,%,Crude prevalence,7.4,,,6.5,8.5,3302,2638,POINT (-71.1414485 42.2821618),25025110501,HLTHOUT,DIABETES,CrdPrv,Diabetes
2023,MA,Massachusetts,Suffolk,25025,25025110502,BRFSS,Health Outcomes,Diagnosed diabetes among adults,%,Crude prevalence,8.2,,,7.1,9.2,4000,3272,POINT (-71.132605 42.2829171),25025110502,HLTHOUT,DIABETES,CrdPrv,Diabetes
2023,MA,Massachusetts,Suffolk,25025,25025110601,BRFSS,Health Outcomes,Diagnosed diabetes among adults,%,Crude prevalence,8.9,,,7.6,10.2,2639,2237,POINT (-71.1399775 42.2982511),25025110601,HLTHOUT,DIABETES,CrdPrv,Diabetes
2023,MA,Massachusetts,Suffolk,25025,25025110607,BRFSS,Health Outcomes,Diagnosed diabetes among adults,%,Crude prevalence,7.4,,,6.4,8.7,5276,4440,POINT (-71.1350293 42.2902453),25025110607,HLTHOUT,DIABETES,CrdPrv,Diabetes
2023,MA,Massachusetts,Suffolk,25025,25025120103,BRFSS,Health Outcomes,Diagnosed diabetes among adults,%,Crude prevalence,6.7,,,5.8,7.8,1642,1366,POINT (-71.118142 42.3117553),25025120103,HLTHOUT,DIABETES,CrdPrv,Diabetes
2023,MA,Massachusetts,Suffolk,25025,25025120104,BRFSS,Health Outcomes,Diagnosed diabetes among adults,%,Crude prevalence,5.3,,,4.6,6.1,2373,2040,POINT (-71.1170951 42.3042695),25025120104,HLTHOUT,DIABETES,CrdPrv,Diabetes
2023,MA,Massachusetts,Suffolk,25025,25025120105,BRFSS,Health Outcomes,Diagnosed diabetes among adults,%,Crude prevalence,9.0,,,7.8,10.5,2492,2083,POINT (-71.1262938 42.3087398),25025120105,HLTHOUT,DIABETES,CrdPrv,Diabetes
2023,MA,Massachusetts,Suffolk,25025,25025120201,BRFSS,Health Outcomes,Diagnosed diabetes among adults,%,Crude prevalence,5.9,,,5.2,6.7,4360,3786,POINT (-71.1083461 42.3051903),25025120201,HLTHOUT,DIABETES,CrdPrv,Diabetes
2023,MA,Massachusetts,Suffolk,25025,25025120301,BRFSS,Health Outcomes,Diagnosed diabetes among adults,%,Crude prevalence,6.9,,,6.1,7.9,5120,4337,POINT (-71.1019405 42.3126892),25025120301,HLTHOUT,DIABETES,CrdPrv,Diabetes
2023,MA,Massachusetts,Suffolk,25025,25025120400,BRFSS,Health Outcomes,Diagnosed diabetes among adults,%,Crude prevalence,6.2,,,5.4,7.1,6006,5284,POINT (-71.1116638 42.3139087),25025120400,HLTHOUT,DIABETES,CrdPrv,Diabetes
2023,MA,Massachusetts,Suffolk,25025,25025120500,BRFSS,Health Outcomes,Diagnosed diabetes among adults,%,Crude prevalence,7.1,,,6.2,8.1,2423,2066,POINT (-71.1042025 42.3206587),25025120500,HLTHOUT,DIABETES,CrdPrv,Diabetes
2023,MA,Massachusetts,Suffolk,25025,25025120600,BRFSS,Health Outcomes,Diagnosed diabetes among adults,%,Crude prevalence,4.4,,,3.8,5.0,2566,2218,POINT (-71.1088366 42.3190999),25025120600,HLTHOUT,DIABETES,CrdPrv,Diabetes
2023,MA,Massachusetts,Suffolk,25025,25025120700,BRFSS,Health Outcomes,Diagnosed diabetes among adults,%,Crude prevalence,5.6,,,4.9,6.5,2139,1927,POINT (-71.1109956 42.3243205),25025120700,HLTHOUT,DIABETES,CrdPrv,Diabetes
2023,MA,Massachusetts,Suffolk,25025,25025130101,BRFSS,Health Outcomes,Diagnosed diabetes among adults,%,Crude prevalence,7.4,,,6.5,8.5,6048,5025,POINT (-71.166244 42.2922825),25025130101,HLTHOUT,DIABETES,CrdPrv,Diabetes
2023,MA,Massachusetts,Suffolk,25025,25025130200,BRFSS,Health Outcomes,Diagnosed diabetes among adults,%,Crude prevalence,7.4,,,6.4,8.6,4708,3821,POINT (-71.157012 42.2873319),25025130200,HLTHOUT,DIABETES,CrdPrv,Diabetes
2023,MA,Massachusetts,Suffolk,25025,25025130300,BRFSS,Health Outcomes,Diagnosed diabetes among adults,%,Crude prevalence,7.4,,,6.4,8.5,4496,3569,POINT (-71.1507116 42.2791297),25025130300,HLTHOUT,DIABETES,CrdPrv,Diabetes
2023,MA,Massachusetts,Suffolk,25025,25025130402,BRFSS,Health Outcomes,Diagnosed diabetes among adults,%,Crude prevalence,8.5,,,7.3,9.8,4833,4023,POINT (-71.1668004 42.2719594),25025130402,HLTHOUT,DIABETES,CrdPrv,Diabetes
2023,MA,Massachusetts,Suffolk,25025,25025130404,BRFSS,Health Outcomes,Diagnosed diabetes among adults,%,Crude prevalence,9.8,,,8.4,11.2,3073,2541,POINT (-71.1559219 42.2665157),25025130404,HLTHOUT,DIABETES,CrdPrv,Diabetes
2023,MA,Massachusetts,Suffolk,25025,25025130406,BRFSS,Health Outcomes,Diagnosed diabetes among adults,%,Crude prevalence,12.4,,,11.0,14.0,5639,4137,POINT (-71.1514976 42.2600645),25025130406,HLTHOUT,DIABETES,CrdPrv,Diabetes
2023,MA,Massachusetts,Suffolk,25025,25025140102,BRFSS,Health Outcomes,Diagnosed diabetes among adults,%,Crude prevalence,9.2,,,8.0,10.5,4958,3929,POINT (-71.1426123 42.2446858),25025140102,HLTHOUT,DIABETES,CrdPrv,Diabetes
2023,MA,Massachusetts,Suffolk,25025,25025140105,BRFSS,Health Outcomes,Diagnosed diabetes among adults,%,Crude prevalence,11.7,,,10.2,13.2,3592,2934,POINT (-71.1251854 42.2680071),25025140105,HLTHOUT,DIABETES,CrdPrv,Diabetes
2023,MA,Massachusetts,Suffolk,25025,25025140106,BRFSS,Health Outcomes,Diagnosed diabetes among adults,%,Crude prevalence,13.2,,,11.5,15.0,2178,1629,POINT (-71.1371416 42.2738738),25025140106,HLTHOUT,DIABETES,CrdPrv,Diabetes
2023,MA,Massachusetts,Suffolk,25025,25025140107,BRFSS,Health Outcomes,Diagnosed diabetes among adults,%,Crude prevalence,12.2,,,10.6,13.9,2778,2220,POINT (-71.1284206 42.2577216),25025140107,HLTHOUT,DIABETES,CrdPrv,Diabetes
2023,MA,Massachusetts,Suffolk,25025,25025140201,BRFSS,Health Outcomes,Diagnosed diabetes among adults,%,Crude prevalence,10.2,,,8.9,11.6,2311,1826,POINT (-71.1305801 42.2375297),25025140201,HLTHOUT,DIABETES,CrdPrv,Diabetes
2023,MA,Massachusetts,Suffolk,25025,25025140202,BRFSS,Health Outcomes,Diagnosed diabetes among adults,%,Crude prevalence,10.1,,,8.7,11.4,5824,4603,POINT (-71.117543 42.2495181),25025140202,HLTHOUT,DIABETES,CrdPrv,Diabetes
2023,MA,Massachusetts,Suffolk,25025,25025140300,BRFSS,Health Outcomes,Diagnosed diabetes among adults,%,Crude prevalence,13.5,,,11.9,15.1,6843,5515,POINT (-71.1188131 42.2587734),25025140300,HLTHOUT,DIABETES,CrdPrv,Diabetes
2023,MA,Massachusetts,Suffolk,25025,25025140400,BRFSS,Health Outcomes,Diagnosed diabetes among adults,%,Crude prevalence,14.2,,,12.5,16.1,7859,6338,POINT (-71.1118088 42.2692219),25025140400,HLTHOUT,DIABETES,CrdPrv,Diabetes
2023,MA,Massachusetts,Suffolk,25025,25025160102,BRFSS,Health Outcomes,Diagnosed diabetes among adults,%,Crude prevalence,11.4,,,9.9,13.0,3823,2724,POINT (-71.0288541 42.3921702),25025160102,HLTHOUT,DIABETES,CrdPrv,Diabetes
2023,MA,Massachusetts,Suffolk,25025,25025160103,BRFSS,Health Outcomes,Diagnosed diabetes among adults,%,Crude prevalence,12.5,,,11.0,14.3,4646,3356,POINT (-71.0289262 42.3877265),25025160103,HLTHOUT,DIABETES,CrdPrv,Diabetes
2023,MA,Massachusetts,Suffolk,25025,25025160200,BRFSS,Health Outcomes,Diagnosed diabetes among adults,%,Crude prevalence,13.5,,,11.9,15.3,4154,2992,POINT (-71.0357615 42.389784),25025160200,HLTHOUT,DIABETES,CrdPrv,Diabetes
2023,MA,Massachusetts,Suffolk,25025,25025160300,BRFSS,Health Outcomes,Diagnosed diabetes among adults,%,Crude prevalence,11.4,,,10.0,13.1,2753,2462,POINT (-71.046734 42.3880151),25025160300,HLTHOUT,DIABETES,CrdPrv,Diabetes
2023,MA,Massachusetts,Suffolk,25025,25025160400,BRFSS,Health Outcomes,Diagnosed diabetes among adults,%,Crude prevalence,9.0,,,7.8,10.2,3878,3060,POINT (-71.042496 42.395316),25025160400,HLTHOUT,DIABETES,CrdPrv,Diabetes
2023,MA,Massachusetts,Suffolk,25025,25025160501,BRFSS,Health Outcomes,Diagnosed diabetes among adults,%,Crude prevalence,11.6,,,10.2,13.3,6105,4648,POINT (-71.0328709 42.398307),25025160501,HLTHOUT,DIABETES,CrdPrv,Diabetes
2023,MA,Massachusetts,Suffolk,25025,25025160502,BRFSS,Health Outcomes,Diagnosed diabetes among adults,%,Crude prevalence,13.3,,,11.7,15.0,5604,4112,POINT (-71.0196353 42.3943098),25025160502,HLTHOUT,DIABETES,CrdPrv,Diabetes
2023,MA,Massachusetts,Suffolk,25025,25025160601,BRFSS,Health Outcomes,Diagnosed diabetes among adults,%,Crude prevalence,10.1,,,8.7,11.4,4331,3391,POINT (-71.0274494 42.4023706),25025160601,HLTHOUT,DIABETES,CrdPrv,Diabetes
2023,MA,Massachusetts,Suffolk,25025,25025160602,BRFSS,Health Outcomes,Diagnosed diabetes among adults,%,Crude prevalence,10.9,,,9.5,12.3,5493,4288,POINT (-71.0328849 42.4072505),25025160602,HLTHOUT,DIABETES,CrdPrv,Diabetes
2023,MA,Massachusetts,Suffolk,25025,25025170101,BRFSS,Health Outcomes,Diagnosed diabetes among adults,%,Crude prevalence,10.2,,,8.9,11.6,4023,3194,POINT (-71.0219928 42.4080527),25025170101,HLTHOUT,DIABETES,CrdPrv,Diabetes
2023,MA,Massachusetts,Suffolk,25025,25025170102,BRFSS,Health Outcomes,Diagnosed diabetes among adults,%,Crude prevalence,9.2,,,8.0,10.5,5015,3869,POINT (-71.0225866 42.4130325),25025170102,HLTHOUT,DIABETES,CrdPrv,Diabetes
2023,MA,Massachusetts,Suffolk,25025,25025170200,BRFSS,Health Outcomes,Diagnosed diabetes among adults,%,Crude prevalence,12.9,,,11.3,14.7,5305,4110,POINT (-71.0198559 42.4167931),25025170200,HLTHOUT,DIABETES,CrdPrv,Diabetes
2023,MA,Massachusetts,Suffolk,25025,25025170301,BRFSS,Health Outcomes,Diagnosed diabetes among adults,%,Crude prevalence,9.3,,,8.0,10.7,7045,5682,POINT (-71.0195201 42.4233532),25025170301,HLTHOUT,DIABETES,CrdPrv,Diabetes
2023,MA,Massachusetts,Suffolk,25025,25025170302,BRFSS,Health Outcomes,Diagnosed diabetes among adults,%,Crude prevalence,7.8,,,6.9,8.9,4051,3300,POINT (-71.0113143 42.433429),25025170302,HLTHOUT,DIABETES,CrdPrv,Diabetes
2023,MA,Massachusetts,Suffolk,25025,25025170400,BRFSS,Health Outcomes,Diagnosed diabetes among adults,%,Crude prevalence,10.8,,,9.5,12.3,5761,4442,POINT (-70.9979159 42.4237393),25025170400,HLTHOUT,DIABETES,CrdPrv,Diabetes
2023,MA,Massachusetts,Suffolk,25025,25025170502,BRFSS,Health Outcomes,Diagnosed diabetes among adults,%,Crude prevalence,12.6,,,11.0,14.3,3407,2929,POINT (-70.9711474 42.4359517),25025170502,HLTHOUT,DIABETES,CrdPrv,Diabetes
2023,MA,Massachusetts,Suffolk,25025,25025170503,BRFSS,Health Outcomes,Diagnosed diabetes among adults,%,Crude prevalence,12.0,,,10.5,13.7,1698,1406,POINT (-70.9861723 42.4212255),25025170503,HLTHOUT,DIABETES,CrdPrv,Diabetes
2023,MA,Massachusetts,Suffolk,25025,25025170504,BRFSS,Health Outcomes,Diagnosed diabetes among adults,%,Crude prevalence,6.7,,,5.8,7.7,3157,2644,POINT (-70.9902217 42.4150328),25025170504,HLTHOUT,DIABETES,CrdPrv,Diabetes
2023,MA,Massachusetts,Suffolk,25025,25025170601,BRFSS,Health Outcomes,Diagnosed diabetes among adults,%,Crude prevalence,10.2,,,8.8,11.6,6247,4923,POINT (-71.0076986 42.4073348),25025170601,HLTHOUT,DIABETES,CrdPrv,Diabetes
2023,MA,Massachusetts,Suffolk,25025,25025170701,BRFSS,Health Outcomes,Diagnosed diabetes among adults,%,Crude prevalence,8.6,,,7.4,9.8,2702,2264,POINT (-70.9936992 42.402223),25025170701,HLTHOUT,DIABETES,CrdPrv,Diabetes
2023,MA,Massachusetts,Suffolk,25025,25025170702,BRFSS,Health Outcomes,Diagnosed diabetes among adults,%,Crude prevalence,11.5,,,10.1,13.0,7995,6056,POINT (-70.9974087 42.4066865),25025170702,HLTHOUT,DIABETES,CrdPrv,Diabetes
2023,MA,Massachusetts,Suffolk,25025,25025170800,BRFSS,Health Outcomes,Diagnosed diabetes among adults,%,Crude prevalence,10.5,,,9.2,12.0,5773,4701,POINT (-70.9867637 42.397202),25025170800,HLTHOUT,DIABETES,CrdPrv,Diabetes
2023,MA,Massachusetts,Suffolk,25025,25025180101,BRFSS,Health Outcomes,Diagnosed diabetes among adults,%,Crude prevalence,10.1,,,8.6,11.5,5804,4855,POINT (-70.9750377 42.3869108),25025180101,HLTHOUT,DIABETES,CrdPrv,Diabetes
2023,MA,Massachusetts,Suffolk,25025,25025180200,BRFSS,Health Outcomes,Diagnosed diabetes among adults,%,Crude prevalence,9.3,,,8.0,10.7,4326,3482,POINT (-70.9880989 42.3800132),25025180200,HLTHOUT,DIABETES,CrdPrv,Diabetes
2023,MA,Massachusetts,Suffolk,25025,25025180301,BRFSS,Health Outcomes,Diagnosed diabetes among adults,%,Crude prevalence,8.3,,,7.1,9.7,3169,2553,POINT (-70.989998 42.3722211),25025180301,HLTHOUT,DIABETES,CrdPrv,Diabetes
2023,MA,Massachusetts,Suffolk,25025,25025180400,BRFSS,Health Outcomes,Diagnosed diabetes among adults,%,Crude prevalence,7.5,,,6.3,8.7,1928,1571,POINT (-70.9770258 42.3773816),25025180400,HLTHOUT,DIABETES,CrdPrv,Diabetes
2023,MA,Massachusetts,Suffolk,25025,25025180500,BRFSS,Health Outcomes,Diagnosed diabetes among adults,%,Crude prevalence,7.4,,,6.3,8.6,4089,3432,POINT (-70.9715805 42.3674141),25025180500,HLTHOUT,DIABETES,CrdPrv,Diabetes
2023,MA,Massachusetts,Suffolk,25025,25025980300,BRFSS,Health Outcomes,Diagnosed diabetes among adults,%,Crude prevalence,30.5,,,27.6,33.8,113,109,POINT (-71.094613 42.3006134),25025980300,HLTHOUT,DIABETES,CrdPrv,Diabetes
2023,MA,Massachusetts,Suffolk,25025,25025980900,BRFSS,Health Outcomes,Diagnosed diabetes among adults,%,Crude prevalence,7.4,,,6.3,8.8,125,104,POINT (-71.1801892 42.2853953),25025980900,HLTHOUT,DIABETES,CrdPrv,Diabetes
2023,MA,Massachusetts,Suffolk,25025,25025981100,BRFSS,Health Outcomes,Diagnosed diabetes among adults,%,Crude prevalence,12.2,,,10.5,13.8,97,93,POINT (-71.1034042 42.2879942),25025981100,HLTHOUT,DIABETES,CrdPrv,Diabetes
2023,MA,Massachusetts,Suffolk,25025,25025981300,BRFSS,Health Outcomes,Diagnosed diabetes among adults,%,Crude prevalence,4.8,,,3.9,5.7,79,66,POINT (-71.0073933 42.3615186),25025981300,HLTHOUT,DIABETES,CrdPrv,Diabetes
2023,MA,Massachusetts,Worcester,25027,25027700100,BRFSS,Health Outcomes,Diagnosed diabetes among adults,%,Crude prevalence,9.9,,,8.5,11.4,6315,4884,POINT (-71.9203351 42.6730523),25027700100,HLTHOUT,DIABETES,CrdPrv,Diabetes
2023,MA,Massachusetts,Worcester,25027,25027701101,BRFSS,Health Outcomes,Diagnosed diabetes among adults,%,Crude prevalence,11.2,,,9.6,12.8,4789,3846,POINT (-72.027549 42.6644143),25027701101,HLTHOUT,DIABETES,CrdPrv,Diabetes
2023,MA,Massachusetts,Worcester,25027,25027701102,BRFSS,Health Outcomes,Diagnosed diabetes among adults,%,Crude prevalence,11.6,,,10.1,13.2,3634,2810,POINT (-72.0453956 42.684848),25027701102,HLTHOUT,DIABETES,CrdPrv,Diabetes
2023,MA,Massachusetts,Worcester,25027,25027702201,BRFSS,Health Outcomes,Diagnosed diabetes among adults,%,Crude prevalence,12.6,,,10.8,14.5,1250,1044,POINT (-72.1853265 42.6889717),25027702201,HLTHOUT,DIABETES,CrdPrv,Diabetes
2023,MA,Massachusetts,Worcester,25027,25027702202,BRFSS,Health Outcomes,Diagnosed diabetes among adults,%,Crude prevalence,10.3,,,9.0,11.8,1941,1533,POINT (-72.0818453 42.6810218),25027702202,HLTHOUT,DIABETES,CrdPrv,Diabetes
2023,MA,Massachusetts,Worcester,25027,25027703100,BRFSS,Health Outcomes,Diagnosed diabetes among adults,%,Crude prevalence,11.7,,,10.3,13.3,4515,3563,POINT (-72.2295891 42.5759263),25027703100,HLTHOUT,DIABETES,CrdPrv,Diabetes
2023,MA,Massachusetts,Worcester,25027,25027703200,BRFSS,Health Outcomes,Diagnosed diabetes among adults,%,Crude prevalence,13.1,,,11.4,14.8,3639,2870,POINT (-72.2137029 42.6128849),25027703200,HLTHOUT,DIABETES,CrdPrv,Diabetes
2023,MA,Massachusetts,Worcester,25027,25027703300,BRFSS,Health Outcomes,Diagnosed diabetes among adults,%,Crude prevalence,11.8,,,10.3,13.4,3791,3040,POINT (-72.2134794 42.5740741),25027703300,HLTHOUT,DIABETES,CrdPrv,Diabetes
2023,MA,Massachusetts,Worcester,25027,25027704201,BRFSS,Health Outcomes,Diagnosed diabetes among adults,%,Crude prevalence,10.4,,,9.0,11.9,1726,1382,POINT (-72.1508948 42.5559497),25027704201,HLTHOUT,DIABETES,CrdPrv,Diabetes
2023,MA,Massachusetts,Worcester,25027,25027704202,BRFSS,Health Outcomes,Diagnosed diabetes among adults,%,Crude prevalence,12.0,,,10.4,13.6,1194,983,POINT (-72.2163354 42.4592215),25027704202,HLTHOUT,DIABETES,CrdPrv,Diabetes
2023,MA,Massachusetts,Worcester,25027,25027705101,BRFSS,Health Outcomes,Diagnosed diabetes among adults,%,Crude prevalence,9.7,,,8.4,11.2,3687,2918,POINT (-72.0683447 42.5427668),25027705101,HLTHOUT,DIABETES,CrdPrv,Diabetes
2023,MA,Massachusetts,Worcester,25027,25027705102,BRFSS,Health Outcomes,Diagnosed diabetes among adults,%,Crude prevalence,11.2,,,9.9,12.7,4462,3528,POINT (-72.0824243 42.5925071),25027705102,HLTHOUT,DIABETES,CrdPrv,Diabetes
2023,MA,Massachusetts,Worcester,25027,25027706100,BRFSS,Health Outcomes,Diagnosed diabetes among adults,%,Crude prevalence,10.3,,,8.9,12.0,4328,3523,POINT (-72.0023392 42.4951109),25027706100,HLTHOUT,DIABETES,CrdPrv,Diabetes
2023,MA,Massachusetts,Worcester,25027,25027707100,BRFSS,Health Outcomes,Diagnosed diabetes among adults,%,Crude prevalence,13.3,,,11.7,15.2,4085,3206,POINT (-71.9829585 42.5545613),25027707100,HLTHOUT,DIABETES,CrdPrv,Diabetes
2023,MA,Massachusetts,Worcester,25027,25027707200,BRFSS,Health Outcomes,Diagnosed diabetes among adults,%,Crude prevalence,12.1,,,10.5,13.7,2120,1703,POINT (-71.9882402 42.5723774),25027707200,HLTHOUT,DIABETES,CrdPrv,Diabetes
2023,MA,Massachusetts,Worcester,25027,25027707300,BRFSS,Health Outcomes,Diagnosed diabetes among adults,%,Crude prevalence,14.4,,,12.6,16.4,4056,3318,POINT (-72.0100842 42.5709992),25027707300,HLTHOUT,DIABETES,CrdPrv,Diabetes
2023,MA,Massachusetts,Worcester,25027,25027707400,BRFSS,Health Outcomes,Diagnosed diabetes among adults,%,Crude prevalence,9.7,,,8.4,11.0,4904,3970,POINT (-72.0234143 42.5925965),25027707400,HLTHOUT,DIABETES,CrdPrv,Diabetes
2023,MA,Massachusetts,Worcester,25027,25027707500,BRFSS,Health Outcomes,Diagnosed diabetes among adults,%,Crude prevalence,11.8,,,10.2,13.5,6122,5149,POINT (-71.9674534 42.5925766),25027707500,HLTHOUT,DIABETES,CrdPrv,Diabetes
2023,MA,Massachusetts,Worcester,25027,25027708100,BRFSS,Health Outcomes,Diagnosed diabetes among adults,%,Crude prevalence,9.5,,,8.2,10.9,8213,6431,POINT (-71.9054402 42.5546),25027708100,HLTHOUT,DIABETES,CrdPrv,Diabetes
2023,MA,Massachusetts,Worcester,25027,25027709100,BRFSS,Health Outcomes,Diagnosed diabetes among adults,%,Crude prevalence,10.1,,,8.6,11.5,4356,3506,POINT (-71.8045051 42.5249593),25027709100,HLTHOUT,DIABETES,CrdPrv,Diabetes
2023,MA,Massachusetts,Worcester,25027,25027709201,BRFSS,Health Outcomes,Diagnosed diabetes among adults,%,Crude prevalence,10.8,,,9.3,12.3,7812,6188,POINT (-71.7615268 42.4986988),25027709201,HLTHOUT,DIABETES,CrdPrv,Diabetes
2023,MA,Massachusetts,Worcester,25027,25027709203,BRFSS,Health Outcomes,Diagnosed diabetes among adults,%,Crude prevalence,11.2,,,9.6,12.8,3404,2835,POINT (-71.7421773 42.4931737),25027709203,HLTHOUT,DIABETES,CrdPrv,Diabetes
2023,MA,Massachusetts,Worcester,25027,25027709204,BRFSS,Health Outcomes,Diagnosed diabetes among adults,%,Crude prevalence,11.2,,,9.9,12.7,4078,3247,POINT (-71.7316634 42.5050603),25027709204,HLTHOUT,DIABETES,CrdPrv,Diabetes
2023,MA,Massachusetts,Worcester,25027,25027709400,BRFSS,Health Outcomes,Diagnosed diabetes among adults,%,Crude prevalence,13.1,,,11.6,14.8,4939,3776,POINT (-71.7395053 42.5237134),25027709400,HLTHOUT,DIABETES,CrdPrv,Diabetes
2023,MA,Massachusetts,Worcester,25027,25027709501,BRFSS,Health Outcomes,Diagnosed diabetes among adults,%,Crude prevalence,10.0,,,8.6,11.6,2134,1748,POINT (-71.7227814 42.5343643),25027709501,HLTHOUT,DIABETES,CrdPrv,Diabetes
2023,MA,Massachusetts,Worcester,25027,25027709502,BRFSS,Health Outcomes,Diagnosed diabetes among adults,%,Crude prevalence,9.7,,,8.4,11.2,6187,4966,POINT (-71.741518 42.5573788),25027709502,HLTHOUT,DIABETES,CrdPrv,Diabetes
2023,MA,Massachusetts,Worcester,25027,25027709600,BRFSS,Health Outcomes,Diagnosed diabetes among adults,%,Crude prevalence,10.6,,,9.4,12.0,2428,1927,POINT (-71.7499832 42.5371082),25027709600,HLTHOUT,DIABETES,CrdPrv,Diabetes
2023,MA,Massachusetts,Worcester,25027,25027709701,BRFSS,Health Outcomes,Diagnosed diabetes among adults,%,Crude prevalence,10.6,,,9.2,12.2,5948,4666,POINT (-71.7748626 42.5450353),25027709701,HLTHOUT,DIABETES,CrdPrv,Diabetes
2023,MA,Massachusetts,Worcester,25027,25027709702,BRFSS,Health Outcomes,Diagnosed diabetes among adults,%,Crude prevalence,12.1,,,10.5,13.7,2496,2017,POINT (-71.7619817 42.534589),25027709702,HLTHOUT,DIABETES,CrdPrv,Diabetes
2023,MA,Massachusetts,Worcester,25027,25027710100,BRFSS,Health Outcomes,Diagnosed diabetes among adults,%,Crude prevalence,10.4,,,9.2,11.8,3815,2867,POINT (-71.770522 42.566448),25027710100,HLTHOUT,DIABETES,CrdPrv,Diabetes
2023,MA,Massachusetts,Worcester,25027,25027710200,BRFSS,Health Outcomes,Diagnosed diabetes among adults,%,Crude prevalence,11.6,,,10.1,13.3,7039,5568,POINT (-71.8128397 42.5593791),25027710200,HLTHOUT,DIABETES,CrdPrv,Diabetes
2023,MA,Massachusetts,Worcester,25027,25027710300,BRFSS,Health Outcomes,Diagnosed diabetes among adults,%,Crude prevalence,10.6,,,9.2,12.1,3582,2709,POINT (-71.8473054 42.5752321),25027710300,HLTHOUT,DIABETES,CrdPrv,Diabetes
2023,MA,Massachusetts,Worcester,25027,25027710400,BRFSS,Health Outcomes,Diagnosed diabetes among adults,%,Crude prevalence,11.9,,,10.5,13.5,2204,1800,POINT (-71.8195315 42.5709402),25027710400,HLTHOUT,DIABETES,CrdPrv,Diabetes
2023,MA,Massachusetts,Worcester,25027,25027710500,BRFSS,Health Outcomes,Diagnosed diabetes among adults,%,Crude prevalence,13.0,,,11.4,14.7,3395,2522,POINT (-71.8217885 42.577823),25027710500,HLTHOUT,DIABETES,CrdPrv,Diabetes
2023,MA,Massachusetts,Worcester,25027,25027710601,BRFSS,Health Outcomes,Diagnosed diabetes among adults,%,Crude prevalence,11.0,,,9.7,12.4,3285,2394,POINT (-71.8072545 42.5802273),25027710601,HLTHOUT,DIABETES,CrdPrv,Diabetes
2023,MA,Massachusetts,Worcester,25027,25027710602,BRFSS,Health Outcomes,Diagnosed diabetes among adults,%,Crude prevalence,13.6,,,12.1,15.4,4013,3046,POINT (-71.7961718 42.5730117),25027710602,HLTHOUT,DIABETES,CrdPrv,Diabetes
2023,MA,Massachusetts,Worcester,25027,25027710700,BRFSS,Health Outcomes,Diagnosed diabetes among adults,%,Crude prevalence,17.4,,,15.7,19.5,1800,1498,POINT (-71.7976149 42.5830555),25027710700,HLTHOUT,DIABETES,CrdPrv,Diabetes
2023,MA,Massachusetts,Worcester,25027,25027710800,BRFSS,Health Outcomes,Diagnosed diabetes among adults,%,Crude prevalence,10.2,,,9.0,11.5,4785,3805,POINT (-71.7996687 42.5917031),25027710800,HLTHOUT,DIABETES,CrdPrv,Diabetes
2023,MA,Massachusetts,Worcester,25027,25027711000,BRFSS,Health Outcomes,Diagnosed diabetes among adults,%,Crude prevalence,11.3,,,10.0,12.8,3073,2336,POINT (-71.7814878 42.5874155),25027711000,HLTHOUT,DIABETES,CrdPrv,Diabetes
2023,MA,Massachusetts,Worcester,25027,25027711100,BRFSS,Health Outcomes,Diagnosed diabetes among adults,%,Crude prevalence,10.2,,,8.9,11.7,4955,4148,POINT (-71.8137859 42.6150449),25027711100,HLTHOUT,DIABETES,CrdPrv,Diabetes
2023,MA,Massachusetts,Worcester,25027,25027712101,BRFSS,Health Outcomes,Diagnosed diabetes among adults,%,Crude prevalence,10.2,,,8.8,11.7,7349,5781,POINT (-71.7409295 42.6025718),25027712101,HLTHOUT,DIABETES,CrdPrv,Diabetes
2023,MA,Massachusetts,Worcester,25027,25027712102,BRFSS,Health Outcomes,Diagnosed diabetes among adults,%,Crude prevalence,8.8,,,7.6,10.2,4433,3443,POINT (-71.6946397 42.5727327),25027712102,HLTHOUT,DIABETES,CrdPrv,Diabetes
2023,MA,Massachusetts,Worcester,25027,25027713100,BRFSS,Health Outcomes,Diagnosed diabetes among adults,%,Crude prevalence,8.6,,,7.5,9.8,8441,6874,POINT (-71.6755848 42.4835693),25027713100,HLTHOUT,DIABETES,CrdPrv,Diabetes
2023,MA,Massachusetts,Worcester,25027,25027715100,BRFSS,Health Outcomes,Diagnosed diabetes among adults,%,Crude prevalence,7.7,,,6.7,8.9,5665,4146,POINT (-71.6018846 42.4399331),25027715100,HLTHOUT,DIABETES,CrdPrv,Diabetes
2023,MA,Massachusetts,Worcester,25027,25027716101,BRFSS,Health Outcomes,Diagnosed diabetes among adults,%,Crude prevalence,9.5,,,8.1,10.9,3701,2974,POINT (-71.6710415 42.429259),25027716101,HLTHOUT,DIABETES,CrdPrv,Diabetes
2023,MA,Massachusetts,Worcester,25027,25027716102,BRFSS,Health Outcomes,Diagnosed diabetes among adults,%,Crude prevalence,9.8,,,8.6,11.1,4807,3746,POINT (-71.7127479 42.4000111),25027716102,HLTHOUT,DIABETES,CrdPrv,Diabetes
2023,MA,Massachusetts,Worcester,25027,25027716200,BRFSS,Health Outcomes,Diagnosed diabetes among adults,%,Crude prevalence,10.7,,,9.5,12.1,2953,2416,POINT (-71.687983 42.4261168),25027716200,HLTHOUT,DIABETES,CrdPrv,Diabetes
2023,MA,Massachusetts,Worcester,25027,25027716300,BRFSS,Health Outcomes,Diagnosed diabetes among adults,%,Crude prevalence,9.7,,,8.4,11.0,3967,3286,POINT (-71.677699 42.4179828),25027716300,HLTHOUT,DIABETES,CrdPrv,Diabetes
2023,MA,Massachusetts,Worcester,25027,25027717100,BRFSS,Health Outcomes,Diagnosed diabetes among adults,%,Crude prevalence,9.2,,,7.9,10.7,3158,2577,POINT (-71.6338895 42.384929),25027717100,HLTHOUT,DIABETES,CrdPrv,Diabetes
2023,MA,Massachusetts,Worcester,25027,25027718100,BRFSS,Health Outcomes,Diagnosed diabetes among adults,%,Crude prevalence,9.6,,,8.1,11.0,4849,3836,POINT (-71.716157 42.3550489),25027718100,HLTHOUT,DIABETES,CrdPrv,Diabetes
2023,MA,Massachusetts,Worcester,25027,25027719100,BRFSS,Health Outcomes,Diagnosed diabetes among adults,%,Crude prevalence,9.4,,,8.0,11.0,7985,6455,POINT (-71.7760449 42.4479239),25027719100,HLTHOUT,DIABETES,CrdPrv,Diabetes
2023,MA,Massachusetts,Worcester,25027,25027720100,BRFSS,Health Outcomes,Diagnosed diabetes among adults,%,Crude prevalence,9.5,,,8.1,11.0,3495,2834,POINT (-71.8775397 42.4541251),25027720100,HLTHOUT,DIABETES,CrdPrv,Diabetes
2023,MA,Massachusetts,Worcester,25027,25027721101,BRFSS,Health Outcomes,Diagnosed diabetes among adults,%,Crude prevalence,10.3,,,8.7,11.9,1851,1506,POINT (-72.044248 42.3508615),25027721101,HLTHOUT,DIABETES,CrdPrv,Diabetes
2023,MA,Massachusetts,Worcester,25027,25027721103,BRFSS,Health Outcomes,Diagnosed diabetes among adults,%,Crude prevalence,7.7,,,6.6,8.9,5026,3620,POINT (-71.9744413 42.4099964),25027721103,HLTHOUT,DIABETES,CrdPrv,Diabetes
2023,MA,Massachusetts,Worcester,25027,25027721104,BRFSS,Health Outcomes,Diagnosed diabetes among adults,%,Crude prevalence,9.4,,,8.2,10.7,4023,3192,POINT (-71.9577368 42.3715333),25027721104,HLTHOUT,DIABETES,CrdPrv,Diabetes
2023,MA,Massachusetts,Worcester,25027,25027722100,BRFSS,Health Outcomes,Diagnosed diabetes among adults,%,Crude prevalence,11.0,,,9.6,12.6,5530,4342,POINT (-72.1120769 42.4188835),25027722100,HLTHOUT,DIABETES,CrdPrv,Diabetes
2023,MA,Massachusetts,Worcester,25027,25027723100,BRFSS,Health Outcomes,Diagnosed diabetes among adults,%,Crude prevalence,11.0,,,9.7,12.5,3663,2959,POINT (-72.1876124 42.3359397),25027723100,HLTHOUT,DIABETES,CrdPrv,Diabetes
2023,MA,Massachusetts,Worcester,25027,25027724100,BRFSS,Health Outcomes,Diagnosed diabetes among adults,%,Crude prevalence,12.5,,,10.9,14.2,3833,3179,POINT (-72.158169 42.2566908),25027724100,HLTHOUT,DIABETES,CrdPrv,Diabetes
2023,MA,Massachusetts,Worcester,25027,25027725100,BRFSS,Health Outcomes,Diagnosed diabetes among adults,%,Crude prevalence,10.7,,,9.4,12.2,4735,3834,POINT (-72.0668759 42.2675643),25027725100,HLTHOUT,DIABETES,CrdPrv,Diabetes
2023,MA,Massachusetts,Worcester,25027,25027726100,BRFSS,Health Outcomes,Diagnosed diabetes among adults,%,Crude prevalence,9.6,,,8.2,11.1,6182,5017,POINT (-72.0152926 42.2808441),25027726100,HLTHOUT,DIABETES,CrdPrv,Diabetes
2023,MA,Massachusetts,Worcester,25027,25027726200,BRFSS,Health Outcomes,Diagnosed diabetes among adults,%,Crude prevalence,11.9,,,10.3,13.6,5810,4802,POINT (-71.9931302 42.2485746),25027726200,HLTHOUT,DIABETES,CrdPrv,Diabetes
2023,MA,Massachusetts,Worcester,25027,25027727100,BRFSS,Health Outcomes,Diagnosed diabetes among adults,%,Crude prevalence,8.0,,,6.8,9.2,5004,4039,POINT (-71.940282 42.3116934),25027727100,HLTHOUT,DIABETES,CrdPrv,Diabetes
2023,MA,Massachusetts,Worcester,25027,25027728100,BRFSS,Health Outcomes,Diagnosed diabetes among adults,%,Crude prevalence,8.8,,,7.6,10.2,5388,4079,POINT (-71.8835053 42.3281705),25027728100,HLTHOUT,DIABETES,CrdPrv,Diabetes
2023,MA,Massachusetts,Worcester,25027,25027728200,BRFSS,Health Outcomes,Diagnosed diabetes among adults,%,Crude prevalence,9.6,,,8.1,11.1,4045,3128,POINT (-71.8209424 42.3278145),25027728200,HLTHOUT,DIABETES,CrdPrv,Diabetes
2023,MA,Massachusetts,Worcester,25027,25027728300,BRFSS,Health Outcomes,Diagnosed diabetes among adults,%,Crude prevalence,8.5,,,7.3,9.7,4916,3792,POINT (-71.8529676 42.354646),25027728300,HLTHOUT,DIABETES,CrdPrv,Diabetes
2023,MA,Massachusetts,Worcester,25027,25027728400,BRFSS,Health Outcomes,Diagnosed diabetes among adults,%,Crude prevalence,8.1,,,7.1,9.3,5556,4134,POINT (-71.8474545 42.3866432),25027728400,HLTHOUT,DIABETES,CrdPrv,Diabetes
2023,MA,Massachusetts,Worcester,25027,25027729100,BRFSS,Health Outcomes,Diagnosed diabetes among adults,%,Crude prevalence,10.1,,,8.7,11.7,5008,4291,POINT (-71.7862737 42.3746407),25027729100,HLTHOUT,DIABETES,CrdPrv,Diabetes
2023,MA,Massachusetts,Worcester,25027,25027729200,BRFSS,Health Outcomes,Diagnosed diabetes among adults,%,Crude prevalence,9.4,,,8.1,10.9,2869,2310,POINT (-71.7895644 42.3498998),25027729200,HLTHOUT,DIABETES,CrdPrv,Diabetes
2023,MA,Massachusetts,Worcester,25027,25027730100,BRFSS,Health Outcomes,Diagnosed diabetes among adults,%,Crude prevalence,9.6,,,8.3,11.0,6504,5243,POINT (-71.8069301 42.3224657),25027730100,HLTHOUT,DIABETES,CrdPrv,Diabetes
2023,MA,Massachusetts,Worcester,25027,25027730200,BRFSS,Health Outcomes,Diagnosed diabetes among adults,%,Crude prevalence,11.7,,,10.2,13.4,6146,4951,POINT (-71.780465 42.3156247),25027730200,HLTHOUT,DIABETES,CrdPrv,Diabetes
2023,MA,Massachusetts,Worcester,25027,25027730300,BRFSS,Health Outcomes,Diagnosed diabetes among adults,%,Crude prevalence,10.3,,,9.0,11.7,5223,4284,POINT (-71.7943837 42.3082818),25027730300,HLTHOUT,DIABETES,CrdPrv,Diabetes
2023,MA,Massachusetts,Worcester,25027,25027730401,BRFSS,Health Outcomes,Diagnosed diabetes among adults,%,Crude prevalence,13.3,,,11.6,15.0,5992,4623,POINT (-71.7872492 42.2961636),25027730401,HLTHOUT,DIABETES,CrdPrv,Diabetes
2023,MA,Massachusetts,Worcester,25027,25027730402,BRFSS,Health Outcomes,Diagnosed diabetes among adults,%,Crude prevalence,10.6,,,9.4,11.9,2066,1582,POINT (-71.7911885 42.2869132),25027730402,HLTHOUT,DIABETES,CrdPrv,Diabetes
2023,MA,Massachusetts,Worcester,25027,25027730500,BRFSS,Health Outcomes,Diagnosed diabetes among adults,%,Crude prevalence,8.9,,,7.9,10.0,4166,3427,POINT (-71.8050176 42.2902384),25027730500,HLTHOUT,DIABETES,CrdPrv,Diabetes
2023,MA,Massachusetts,Worcester,25027,25027730600,BRFSS,Health Outcomes,Diagnosed diabetes among adults,%,Crude prevalence,8.5,,,7.4,9.6,9298,8021,POINT (-71.8244884 42.2987981),25027730600,HLTHOUT,DIABETES,CrdPrv,Diabetes
2023,MA,Massachusetts,Worcester,25027,25027730700,BRFSS,Health Outcomes,Diagnosed diabetes among adults,%,Crude prevalence,10.6,,,9.3,12.1,7367,5921,POINT (-71.8597373 42.2827787),25027730700,HLTHOUT,DIABETES,CrdPrv,Diabetes
2023,MA,Massachusetts,Worcester,25027,25027730801,BRFSS,Health Outcomes,Diagnosed diabetes among adults,%,Crude prevalence,9.6,,,8.4,11.0,3823,3153,POINT (-71.8289741 42.2816214),25027730801,HLTHOUT,DIABETES,CrdPrv,Diabetes
2023,MA,Massachusetts,Worcester,25027,25027730802,BRFSS,Health Outcomes,Diagnosed diabetes among adults,%,Crude prevalence,8.4,,,7.3,9.7,2222,1784,POINT (-71.8270582 42.2728831),25027730802,HLTHOUT,DIABETES,CrdPrv,Diabetes
2023,MA,Massachusetts,Worcester,25027,25027730901,BRFSS,Health Outcomes,Diagnosed diabetes among adults,%,Crude prevalence,9.6,,,8.3,11.1,3728,3062,POINT (-71.8354126 42.270288),25027730901,HLTHOUT,DIABETES,CrdPrv,Diabetes
2023,MA,Massachusetts,Worcester,25027,25027730902,BRFSS,Health Outcomes,Diagnosed diabetes among adults,%,Crude prevalence,7.8,,,6.9,8.9,4416,3843,POINT (-71.8472248 42.268846),25027730902,HLTHOUT,DIABETES,CrdPrv,Diabetes
2023,MA,Massachusetts,Worcester,25027,25027731001,BRFSS,Health Outcomes,Diagnosed diabetes among adults,%,Crude prevalence,10.8,,,9.5,12.3,2468,1936,POINT (-71.8630283 42.2556022),25027731001,HLTHOUT,DIABETES,CrdPrv,Diabetes
2023,MA,Massachusetts,Worcester,25027,25027731002,BRFSS,Health Outcomes,Diagnosed diabetes among adults,%,Crude prevalence,13.8,,,12.3,15.5,7081,5621,POINT (-71.8462841 42.2493451),25027731002,HLTHOUT,DIABETES,CrdPrv,Diabetes
2023,MA,Massachusetts,Worcester,25027,25027731101,BRFSS,Health Outcomes,Diagnosed diabetes among adults,%,Crude prevalence,12.2,,,10.8,13.7,4527,3559,POINT (-71.8335016 42.2561171),25027731101,HLTHOUT,DIABETES,CrdPrv,Diabetes
2023,MA,Massachusetts,Worcester,25027,25027731102,BRFSS,Health Outcomes,Diagnosed diabetes among adults,%,Crude prevalence,8.7,,,7.6,10.0,2857,2292,POINT (-71.8277499 42.2632052),25027731102,HLTHOUT,DIABETES,CrdPrv,Diabetes
2023,MA,Massachusetts,Worcester,25027,25027731202,BRFSS,Health Outcomes,Diagnosed diabetes among adults,%,Crude prevalence,1.6,,,1.4,2.0,1375,1363,POINT (-71.823455 42.2515089),25027731202,HLTHOUT,DIABETES,CrdPrv,Diabetes
2023,MA,Massachusetts,Worcester,25027,25027731203,BRFSS,Health Outcomes,Diagnosed diabetes among adults,%,Crude prevalence,17.1,,,15.5,18.8,6090,5115,POINT (-71.8257163 42.2507499),25027731203,HLTHOUT,DIABETES,CrdPrv,Diabetes
2023,MA,Massachusetts,Worcester,25027,25027731204,BRFSS,Health Outcomes,Diagnosed diabetes among adults,%,Crude prevalence,13.7,,,12.1,15.3,2531,1981,POINT (-71.8263878 42.2450472),25027731204,HLTHOUT,DIABETES,CrdPrv,Diabetes
2023,MA,Massachusetts,Worcester,25027,25027731300,BRFSS,Health Outcomes,Diagnosed diabetes among adults,%,Crude prevalence,14.9,,,13.2,16.5,4423,3223,POINT (-71.8152408 42.2513743),25027731300,HLTHOUT,DIABETES,CrdPrv,Diabetes
2023,MA,Massachusetts,Worcester,25027,25027731400,BRFSS,Health Outcomes,Diagnosed diabetes among adults,%,Crude prevalence,17.9,,,16.1,19.9,5197,3884,POINT (-71.8161911 42.2584573),25027731400,HLTHOUT,DIABETES,CrdPrv,Diabetes
2023,MA,Massachusetts,Worcester,25027,25027731500,BRFSS,Health Outcomes,Diagnosed diabetes among adults,%,Crude prevalence,18.7,,,16.7,20.8,5443,4218,POINT (-71.8137677 42.2630201),25027731500,HLTHOUT,DIABETES,CrdPrv,Diabetes
2023,MA,Massachusetts,Worcester,25027,25027731601,BRFSS,Health Outcomes,Diagnosed diabetes among adults,%,Crude prevalence,9.6,,,8.4,10.8,4812,4347,POINT (-71.8095005 42.2681308),25027731601,HLTHOUT,DIABETES,CrdPrv,Diabetes
2023,MA,Massachusetts,Worcester,25027,25027731602,BRFSS,Health Outcomes,Diagnosed diabetes among adults,%,Crude prevalence,5.1,,,4.5,5.8,3267,3135,POINT (-71.808053 42.2731488),25027731602,HLTHOUT,DIABETES,CrdPrv,Diabetes
2023,MA,Massachusetts,Worcester,25027,25027731700,BRFSS,Health Outcomes,Diagnosed diabetes among adults,%,Crude prevalence,8.9,,,7.8,10.0,4059,3698,POINT (-71.8003874 42.2638178),25027731700,HLTHOUT,DIABETES,CrdPrv,Diabetes
2023,MA,Massachusetts,Worcester,25027,25027731801,BRFSS,Health Outcomes,Diagnosed diabetes among adults,%,Crude prevalence,15.3,,,13.6,17.2,2825,2366,POINT (-71.7815276 42.2691857),25027731801,HLTHOUT,DIABETES,CrdPrv,Diabetes
2023,MA,Massachusetts,Worcester,25027,25027731802,BRFSS,Health Outcomes,Diagnosed diabetes among adults,%,Crude prevalence,16.0,,,14.4,17.8,4118,2881,POINT (-71.7919773 42.2680885),25027731802,HLTHOUT,DIABETES,CrdPrv,Diabetes
2023,MA,Massachusetts,Worcester,25027,25027731900,BRFSS,Health Outcomes,Diagnosed diabetes among adults,%,Crude prevalence,12.9,,,11.4,14.5,6351,4662,POINT (-71.7916493 42.2774512),25027731900,HLTHOUT,DIABETES,CrdPrv,Diabetes
2023,MA,Massachusetts,Worcester,25027,25027732001,BRFSS,Health Outcomes,Diagnosed diabetes among adults,%,Crude prevalence,15.2,,,13.6,16.9,3439,1931,POINT (-71.7734545 42.307585),25027732001,HLTHOUT,DIABETES,CrdPrv,Diabetes
2023,MA,Massachusetts,Worcester,25027,25027732002,BRFSS,Health Outcomes,Diagnosed diabetes among adults,%,Crude prevalence,12.0,,,10.4,13.7,4348,3737,POINT (-71.7728173 42.2840765),25027732002,HLTHOUT,DIABETES,CrdPrv,Diabetes
2023,MA,Massachusetts,Worcester,25027,25027732201,BRFSS,Health Outcomes,Diagnosed diabetes among adults,%,Crude prevalence,10.6,,,9.3,12.1,3264,2820,POINT (-71.7590113 42.2672651),25027732201,HLTHOUT,DIABETES,CrdPrv,Diabetes
2023,MA,Massachusetts,Worcester,25027,25027732202,BRFSS,Health Outcomes,Diagnosed diabetes among adults,%,Crude prevalence,9.0,,,7.9,10.3,3683,2985,POINT (-71.7730067 42.2611115),25027732202,HLTHOUT,DIABETES,CrdPrv,Diabetes
2023,MA,Massachusetts,Worcester,25027,25027732203,BRFSS,Health Outcomes,Diagnosed diabetes among adults,%,Crude prevalence,9.5,,,8.3,10.8,3212,2558,POINT (-71.7826456 42.2625853),25027732203,HLTHOUT,DIABETES,CrdPrv,Diabetes
2023,MA,Massachusetts,Worcester,25027,25027732301,BRFSS,Health Outcomes,Diagnosed diabetes among adults,%,Crude prevalence,13.7,,,12.0,15.4,4835,3903,POINT (-71.7560903 42.2494185),25027732301,HLTHOUT,DIABETES,CrdPrv,Diabetes
2023,MA,Massachusetts,Worcester,25027,25027732302,BRFSS,Health Outcomes,Diagnosed diabetes among adults,%,Crude prevalence,10.2,,,9.0,11.5,4716,3683,POINT (-71.7745049 42.2536879),25027732302,HLTHOUT,DIABETES,CrdPrv,Diabetes
2023,MA,Massachusetts,Worcester,25027,25027732400,BRFSS,Health Outcomes,Diagnosed diabetes among adults,%,Crude prevalence,12.8,,,11.3,14.3,8018,5829,POINT (-71.7890981 42.2524275),25027732400,HLTHOUT,DIABETES,CrdPrv,Diabetes
2023,MA,Massachusetts,Worcester,25027,25027732500,BRFSS,Health Outcomes,Diagnosed diabetes among adults,%,Crude prevalence,12.3,,,10.9,13.8,2490,1949,POINT (-71.8003483 42.2542576),25027732500,HLTHOUT,DIABETES,CrdPrv,Diabetes
2023,MA,Massachusetts,Worcester,25027,25027732600,BRFSS,Health Outcomes,Diagnosed diabetes among adults,%,Crude prevalence,12.2,,,10.8,13.8,5448,3961,POINT (-71.7987258 42.2467317),25027732600,HLTHOUT,DIABETES,CrdPrv,Diabetes
2023,MA,Massachusetts,Worcester,25027,25027732700,BRFSS,Health Outcomes,Diagnosed diabetes among adults,%,Crude prevalence,12.1,,,10.7,13.5,4699,3529,POINT (-71.7927264 42.2421058),25027732700,HLTHOUT,DIABETES,CrdPrv,Diabetes
2023,MA,Massachusetts,Worcester,25027,25027732801,BRFSS,Health Outcomes,Diagnosed diabetes among adults,%,Crude prevalence,9.2,,,8.0,10.7,5374,4446,POINT (-71.759224 42.2365805),25027732801,HLTHOUT,DIABETES,CrdPrv,Diabetes
2023,MA,Massachusetts,Worcester,25027,25027732802,BRFSS,Health Outcomes,Diagnosed diabetes among adults,%,Crude prevalence,12.3,,,10.9,13.8,4620,3672,POINT (-71.7771492 42.2285643),25027732802,HLTHOUT,DIABETES,CrdPrv,Diabetes
2023,MA,Massachusetts,Worcester,25027,25027732901,BRFSS,Health Outcomes,Diagnosed diabetes among adults,%,Crude prevalence,11.5,,,10.2,13.0,7444,5873,POINT (-71.7985635 42.2271679),25027732901,HLTHOUT,DIABETES,CrdPrv,Diabetes
2023,MA,Massachusetts,Worcester,25027,25027732902,BRFSS,Health Outcomes,Diagnosed diabetes among adults,%,Crude prevalence,1.3,,,1.1,1.5,3299,3268,POINT (-71.8056571 42.2380581),25027732902,HLTHOUT,DIABETES,CrdPrv,Diabetes
2023,MA,Massachusetts,Worcester,25027,25027733000,BRFSS,Health Outcomes,Diagnosed diabetes among adults,%,Crude prevalence,13.9,,,12.4,15.5,4273,3157,POINT (-71.8132705 42.2468343),25027733000,HLTHOUT,DIABETES,CrdPrv,Diabetes
2023,MA,Massachusetts,Worcester,25027,25027733101,BRFSS,Health Outcomes,Diagnosed diabetes among adults,%,Crude prevalence,10.9,,,9.5,12.4,2273,1847,POINT (-71.8362759 42.2338553),25027733101,HLTHOUT,DIABETES,CrdPrv,Diabetes
2023,MA,Massachusetts,Worcester,25027,25027733102,BRFSS,Health Outcomes,Diagnosed diabetes among adults,%,Crude prevalence,10.6,,,9.2,12.0,2708,2202,POINT (-71.8500554 42.2369961),25027733102,HLTHOUT,DIABETES,CrdPrv,Diabetes
2023,MA,Massachusetts,Worcester,25027,25027735100,BRFSS,Health Outcomes,Diagnosed diabetes among adults,%,Crude prevalence,9.9,,,8.5,11.4,6645,5428,POINT (-71.9262509 42.2402537),25027735100,HLTHOUT,DIABETES,CrdPrv,Diabetes
2023,MA,Massachusetts,Worcester,25027,25027735200,BRFSS,Health Outcomes,Diagnosed diabetes among adults,%,Crude prevalence,9.8,,,8.6,11.2,4442,3576,POINT (-71.8906231 42.2385639),25027735200,HLTHOUT,DIABETES,CrdPrv,Diabetes
2023,MA,Massachusetts,Worcester,25027,25027736100,BRFSS,Health Outcomes,Diagnosed diabetes among adults,%,Crude prevalence,9.2,,,7.8,10.7,2688,2170,POINT (-71.8705138 42.1889993),25027736100,HLTHOUT,DIABETES,CrdPrv,Diabetes
2023,MA,Massachusetts,Worcester,25027,25027736200,BRFSS,Health Outcomes,Diagnosed diabetes among adults,%,Crude prevalence,9.1,,,7.9,10.5,3985,3098,POINT (-71.8584709 42.2124221),25027736200,HLTHOUT,DIABETES,CrdPrv,Diabetes
2023,MA,Massachusetts,Worcester,25027,25027736300,BRFSS,Health Outcomes,Diagnosed diabetes among adults,%,Crude prevalence,9.4,,,8.2,10.8,2489,1962,POINT (-71.8346413 42.2148635),25027736300,HLTHOUT,DIABETES,CrdPrv,Diabetes
2023,MA,Massachusetts,Worcester,25027,25027736400,BRFSS,Health Outcomes,Diagnosed diabetes among adults,%,Crude prevalence,10.7,,,9.1,12.3,3113,2510,POINT (-71.810171 42.2189036),25027736400,HLTHOUT,DIABETES,CrdPrv,Diabetes
2023,MA,Massachusetts,Worcester,25027,25027736500,BRFSS,Health Outcomes,Diagnosed diabetes among adults,%,Crude prevalence,10.2,,,8.7,11.7,4614,3771,POINT (-71.8285898 42.1880678),25027736500,HLTHOUT,DIABETES,CrdPrv,Diabetes
2023,MA,Massachusetts,Worcester,25027,25027737100,BRFSS,Health Outcomes,Diagnosed diabetes among adults,%,Crude prevalence,10.5,,,9.1,12.2,5381,4462,POINT (-71.787182 42.1775003),25027737100,HLTHOUT,DIABETES,CrdPrv,Diabetes
2023,MA,Massachusetts,Worcester,25027,25027737200,BRFSS,Health Outcomes,Diagnosed diabetes among adults,%,Crude prevalence,10.8,,,9.4,12.5,1760,1480,POINT (-71.7582919 42.1916969),25027737200,HLTHOUT,DIABETES,CrdPrv,Diabetes
2023,MA,Massachusetts,Worcester,25027,25027737300,BRFSS,Health Outcomes,Diagnosed diabetes among adults,%,Crude prevalence,8.9,,,7.6,10.3,6690,5334,POINT (-71.7457772 42.2149058),25027737300,HLTHOUT,DIABETES,CrdPrv,Diabetes
2023,MA,Massachusetts,Worcester,25027,25027738100,BRFSS,Health Outcomes,Diagnosed diabetes among adults,%,Crude prevalence,8.2,,,7.2,9.5,5014,3777,POINT (-71.6812089 42.1757713),25027738100,HLTHOUT,DIABETES,CrdPrv,Diabetes
2023,MA,Massachusetts,Worcester,25027,25027738201,BRFSS,Health Outcomes,Diagnosed diabetes among adults,%,Crude prevalence,8.1,,,6.9,9.4,4446,3449,POINT (-71.7151355 42.2060872),25027738201,HLTHOUT,DIABETES,CrdPrv,Diabetes
2023,MA,Massachusetts,Worcester,25027,25027738202,BRFSS,Health Outcomes,Diagnosed diabetes among adults,%,Crude prevalence,9.3,,,8.1,10.7,6768,5175,POINT (-71.6705188 42.2094168),25027738202,HLTHOUT,DIABETES,CrdPrv,Diabetes
2023,MA,Massachusetts,Worcester,25027,25027739101,BRFSS,Health Outcomes,Diagnosed diabetes among adults,%,Crude prevalence,9.7,,,8.3,11.1,5286,4155,POINT (-71.7264649 42.2588344),25027739101,HLTHOUT,DIABETES,CrdPrv,Diabetes
2023,MA,Massachusetts,Worcester,25027,25027739102,BRFSS,Health Outcomes,Diagnosed diabetes among adults,%,Crude prevalence,7.4,,,6.4,8.5,5232,3871,POINT (-71.6858977 42.2603743),25027739102,HLTHOUT,DIABETES,CrdPrv,Diabetes
2023,MA,Massachusetts,Worcester,25027,25027739201,BRFSS,Health Outcomes,Diagnosed diabetes among adults,%,Crude prevalence,9.9,,,8.5,11.3,3508,2854,POINT (-71.7428443 42.2666519),25027739201,HLTHOUT,DIABETES,CrdPrv,Diabetes
2023,MA,Massachusetts,Worcester,25027,25027739202,BRFSS,Health Outcomes,Diagnosed diabetes among adults,%,Crude prevalence,9.0,,,7.8,10.3,3248,2587,POINT (-71.7488693 42.2826533),25027739202,HLTHOUT,DIABETES,CrdPrv,Diabetes
2023,MA,Massachusetts,Worcester,25027,25027739300,BRFSS,Health Outcomes,Diagnosed diabetes among adults,%,Crude prevalence,7.7,,,6.7,9.0,4004,3091,POINT (-71.7210768 42.2837187),25027739300,HLTHOUT,DIABETES,CrdPrv,Diabetes
2023,MA,Massachusetts,Worcester,25027,25027739401,BRFSS,Health Outcomes,Diagnosed diabetes among adults,%,Crude prevalence,9.7,,,8.3,11.2,6554,5040,POINT (-71.6934542 42.2881083),25027739401,HLTHOUT,DIABETES,CrdPrv,Diabetes
2023,MA,Massachusetts,Worcester,25027,25027739402,BRFSS,Health Outcomes,Diagnosed diabetes among adults,%,Crude prevalence,7.9,,,6.8,9.1,2548,1936,POINT (-71.698115 42.306736),25027739402,HLTHOUT,DIABETES,CrdPrv,Diabetes
2023,MA,Massachusetts,Worcester,25027,25027739500,BRFSS,Health Outcomes,Diagnosed diabetes among adults,%,Crude prevalence,8.7,,,7.5,10.2,7945,6075,POINT (-71.726842 42.3085235),25027739500,HLTHOUT,DIABETES,CrdPrv,Diabetes
2023,MA,Massachusetts,Worcester,25027,25027740101,BRFSS,Health Outcomes,Diagnosed diabetes among adults,%,Crude prevalence,8.5,,,7.4,9.8,6227,4794,POINT (-71.6654857 42.3200355),25027740101,HLTHOUT,DIABETES,CrdPrv,Diabetes
2023,MA,Massachusetts,Worcester,25027,25027740102,BRFSS,Health Outcomes,Diagnosed diabetes among adults,%,Crude prevalence,8.5,,,7.4,9.7,6266,4757,POINT (-71.6256671 42.3233774),25027740102,HLTHOUT,DIABETES,CrdPrv,Diabetes
2023,MA,Massachusetts,Worcester,25027,25027740200,BRFSS,Health Outcomes,Diagnosed diabetes among adults,%,Crude prevalence,9.0,,,7.7,10.6,3248,2603,POINT (-71.6417351 42.3173315),25027740200,HLTHOUT,DIABETES,CrdPrv,Diabetes
2023,MA,Massachusetts,Worcester,25027,25027741101,BRFSS,Health Outcomes,Diagnosed diabetes among adults,%,Crude prevalence,8.2,,,7.1,9.4,4646,3647,POINT (-71.5103062 42.3003871),25027741101,HLTHOUT,DIABETES,CrdPrv,Diabetes
2023,MA,Massachusetts,Worcester,25027,25027741102,BRFSS,Health Outcomes,Diagnosed diabetes among adults,%,Crude prevalence,8.1,,,7.1,9.3,5804,4269,POINT (-71.5474127 42.300873),25027741102,HLTHOUT,DIABETES,CrdPrv,Diabetes
2023,MA,Massachusetts,Worcester,25027,25027742300,BRFSS,Health Outcomes,Diagnosed diabetes among adults,%,Crude prevalence,9.2,,,8.0,10.6,4255,3386,POINT (-71.6174916 42.2674406),25027742300,HLTHOUT,DIABETES,CrdPrv,Diabetes
2023,MA,Massachusetts,Worcester,25027,25027742401,BRFSS,Health Outcomes,Diagnosed diabetes among adults,%,Crude prevalence,8.6,,,7.4,9.8,5677,4188,POINT (-71.6214942 42.2427977),25027742401,HLTHOUT,DIABETES,CrdPrv,Diabetes
2023,MA,Massachusetts,Worcester,25027,25027742402,BRFSS,Health Outcomes,Diagnosed diabetes among adults,%,Crude prevalence,6.3,,,5.5,7.3,5046,3611,POINT (-71.645685 42.2570336),25027742402,HLTHOUT,DIABETES,CrdPrv,Diabetes
2023,MA,Massachusetts,Worcester,25027,25027743100,BRFSS,Health Outcomes,Diagnosed diabetes among adults,%,Crude prevalence,8.5,,,7.4,9.8,8000,6205,POINT (-71.6035879 42.1765255),25027743100,HLTHOUT,DIABETES,CrdPrv,Diabetes
2023,MA,Massachusetts,Worcester,25027,25027744102,BRFSS,Health Outcomes,Diagnosed diabetes among adults,%,Crude prevalence,10.4,,,8.9,11.9,5552,4400,POINT (-71.5475586 42.1557413),25027744102,HLTHOUT,DIABETES,CrdPrv,Diabetes
2023,MA,Massachusetts,Worcester,25027,25027744103,BRFSS,Health Outcomes,Diagnosed diabetes among adults,%,Crude prevalence,9.6,,,8.4,11.0,2780,2296,POINT (-71.5188052 42.1790674),25027744103,HLTHOUT,DIABETES,CrdPrv,Diabetes
2023,MA,Massachusetts,Worcester,25027,25027744104,BRFSS,Health Outcomes,Diagnosed diabetes among adults,%,Crude prevalence,8.9,,,7.8,10.1,5167,4068,POINT (-71.5437787 42.1716137),25027744104,HLTHOUT,DIABETES,CrdPrv,Diabetes
2023,MA,Massachusetts,Worcester,25027,25027744201,BRFSS,Health Outcomes,Diagnosed diabetes among adults,%,Crude prevalence,10.6,,,9.2,12.2,2824,2171,POINT (-71.5037099 42.1256931),25027744201,HLTHOUT,DIABETES,CrdPrv,Diabetes
2023,MA,Massachusetts,Worcester,25027,25027744202,BRFSS,Health Outcomes,Diagnosed diabetes among adults,%,Crude prevalence,10.1,,,8.8,11.6,5339,4342,POINT (-71.4950004 42.1413194),25027744202,HLTHOUT,DIABETES,CrdPrv,Diabetes
2023,MA,Massachusetts,Worcester,25027,25027744300,BRFSS,Health Outcomes,Diagnosed diabetes among adults,%,Crude prevalence,10.3,,,9.0,11.7,4450,3363,POINT (-71.5195283 42.1396995),25027744300,HLTHOUT,DIABETES,CrdPrv,Diabetes
2023,MA,Massachusetts,Worcester,25027,25027744400,BRFSS,Health Outcomes,Diagnosed diabetes among adults,%,Crude prevalence,12.0,,,10.4,13.7,4267,3223,POINT (-71.5287235 42.1430061),25027744400,HLTHOUT,DIABETES,CrdPrv,Diabetes
2023,MA,Massachusetts,Worcester,25027,25027745100,BRFSS,Health Outcomes,Diagnosed diabetes among adults,%,Crude prevalence,8.9,,,7.7,10.2,6017,4700,POINT (-71.531404 42.1230066),25027745100,HLTHOUT,DIABETES,CrdPrv,Diabetes
2023,MA,Massachusetts,Worcester,25027,25027746100,BRFSS,Health Outcomes,Diagnosed diabetes among adults,%,Crude prevalence,9.0,,,7.7,10.5,6228,4801,POINT (-71.544519 42.0938697),25027746100,HLTHOUT,DIABETES,CrdPrv,Diabetes
2023,MA,Massachusetts,Worcester,25027,25027747101,BRFSS,Health Outcomes,Diagnosed diabetes among adults,%,Crude prevalence,9.4,,,8.0,10.9,5306,4257,POINT (-71.5110946 42.0326121),25027747101,HLTHOUT,DIABETES,CrdPrv,Diabetes
2023,MA,Massachusetts,Worcester,25027,25027747102,BRFSS,Health Outcomes,Diagnosed diabetes among adults,%,Crude prevalence,9.1,,,7.8,10.5,3902,3120,POINT (-71.5501487 42.0402242),25027747102,HLTHOUT,DIABETES,CrdPrv,Diabetes
2023,MA,Massachusetts,Worcester,25027,25027748100,BRFSS,Health Outcomes,Diagnosed diabetes among adults,%,Crude prevalence,9.2,,,7.9,10.6,3174,2504,POINT (-71.5787791 42.036642),25027748100,HLTHOUT,DIABETES,CrdPrv,Diabetes
2023,MA,Massachusetts,Worcester,25027,25027749100,BRFSS,Health Outcomes,Diagnosed diabetes among adults,%,Crude prevalence,9.3,,,7.9,10.9,8371,6657,POINT (-71.6404009 42.056434),25027749100,HLTHOUT,DIABETES,CrdPrv,Diabetes
2023,MA,Massachusetts,Worcester,25027,25027749200,BRFSS,Health Outcomes,Diagnosed diabetes among adults,%,Crude prevalence,9.5,,,8.2,11.1,5791,4700,POINT (-71.6358449 42.0865173),25027749200,HLTHOUT,DIABETES,CrdPrv,Diabetes
2023,MA,Massachusetts,Worcester,25027,25027750100,BRFSS,Health Outcomes,Diagnosed diabetes among adults,%,Crude prevalence,9.7,,,8.3,11.2,6152,4791,POINT (-71.6724964 42.1187998),25027750100,HLTHOUT,DIABETES,CrdPrv,Diabetes
2023,MA,Massachusetts,Worcester,25027,25027750200,BRFSS,Health Outcomes,Diagnosed diabetes among adults,%,Crude prevalence,9.5,,,8.2,10.8,7160,5675,POINT (-71.6529324 42.1313837),25027750200,HLTHOUT,DIABETES,CrdPrv,Diabetes
2023,MA,Massachusetts,Worcester,25027,25027750300,BRFSS,Health Outcomes,Diagnosed diabetes among adults,%,Crude prevalence,11.7,,,10.2,13.4,3023,2492,POINT (-71.6467991 42.1526074),25027750300,HLTHOUT,DIABETES,CrdPrv,Diabetes
2023,MA,Massachusetts,Worcester,25027,25027751101,BRFSS,Health Outcomes,Diagnosed diabetes among adults,%,Crude prevalence,8.8,,,7.5,10.2,6390,4975,POINT (-71.732624 42.1315653),25027751101,HLTHOUT,DIABETES,CrdPrv,Diabetes
2023,MA,Massachusetts,Worcester,25027,25027751102,BRFSS,Health Outcomes,Diagnosed diabetes among adults,%,Crude prevalence,9.1,,,7.7,10.6,2967,2411,POINT (-71.787223 42.1453698),25027751102,HLTHOUT,DIABETES,CrdPrv,Diabetes
2023,MA,Massachusetts,Worcester,25027,25027752101,BRFSS,Health Outcomes,Diagnosed diabetes among adults,%,Crude prevalence,8.1,,,7.0,9.3,5647,4490,POINT (-71.7141426 42.0656942),25027752101,HLTHOUT,DIABETES,CrdPrv,Diabetes
2023,MA,Massachusetts,Worcester,25027,25027752102,BRFSS,Health Outcomes,Diagnosed diabetes among adults,%,Crude prevalence,9.5,,,8.2,11.1,3336,2601,POINT (-71.7570594 42.0276799),25027752102,HLTHOUT,DIABETES,CrdPrv,Diabetes
2023,MA,Massachusetts,Worcester,25027,25027753100,BRFSS,Health Outcomes,Diagnosed diabetes among adults,%,Crude prevalence,9.6,,,8.3,10.9,7254,5908,POINT (-71.8565164 42.1355201),25027753100,HLTHOUT,DIABETES,CrdPrv,Diabetes
2023,MA,Massachusetts,Worcester,25027,25027753200,BRFSS,Health Outcomes,Diagnosed diabetes among adults,%,Crude prevalence,10.9,,,9.5,12.5,6093,4951,POINT (-71.8663248 42.1150332),25027753200,HLTHOUT,DIABETES,CrdPrv,Diabetes
2023,MA,Massachusetts,Worcester,25027,25027754100,BRFSS,Health Outcomes,Diagnosed diabetes among adults,%,Crude prevalence,10.5,,,9.0,12.1,6778,5719,POINT (-71.8444428 42.0503104),25027754100,HLTHOUT,DIABETES,CrdPrv,Diabetes
2023,MA,Massachusetts,Worcester,25027,25027754200,BRFSS,Health Outcomes,Diagnosed diabetes among adults,%,Crude prevalence,14.9,,,13.1,16.8,3769,3000,POINT (-71.8649632 42.0549855),25027754200,HLTHOUT,DIABETES,CrdPrv,Diabetes
2023,MA,Massachusetts,Worcester,25027,25027754300,BRFSS,Health Outcomes,Diagnosed diabetes among adults,%,Crude prevalence,11.5,,,10.1,13.0,3099,2462,POINT (-71.8794773 42.0535286),25027754300,HLTHOUT,DIABETES,CrdPrv,Diabetes
2023,MA,Massachusetts,Worcester,25027,25027754400,BRFSS,Health Outcomes,Diagnosed diabetes among adults,%,Crude prevalence,11.8,,,10.3,13.4,4130,3298,POINT (-71.8735434 42.029849),25027754400,HLTHOUT,DIABETES,CrdPrv,Diabetes
2023,MA,Massachusetts,Worcester,25027,25027755100,BRFSS,Health Outcomes,Diagnosed diabetes among adults,%,Crude prevalence,11.1,,,9.7,12.7,3450,2660,POINT (-71.8938483 42.0480061),25027755100,HLTHOUT,DIABETES,CrdPrv,Diabetes
2023,MA,Massachusetts,Worcester,25027,25027755201,BRFSS,Health Outcomes,Diagnosed diabetes among adults,%,Crude prevalence,10.6,,,9.2,12.3,4508,3538,POINT (-71.9083915 42.0577457),25027755201,HLTHOUT,DIABETES,CrdPrv,Diabetes
2023,MA,Massachusetts,Worcester,25027,25027755202,BRFSS,Health Outcomes,Diagnosed diabetes among adults,%,Crude prevalence,8.2,,,7.2,9.4,3963,3311,POINT (-71.9574705 42.0549505),25027755202,HLTHOUT,DIABETES,CrdPrv,Diabetes
2023,MA,Massachusetts,Worcester,25027,25027756101,BRFSS,Health Outcomes,Diagnosed diabetes among adults,%,Crude prevalence,10.0,,,8.6,11.6,4538,3614,POINT (-72.0047456 42.1470735),25027756101,HLTHOUT,DIABETES,CrdPrv,Diabetes
2023,MA,Massachusetts,Worcester,25027,25027756102,BRFSS,Health Outcomes,Diagnosed diabetes among adults,%,Crude prevalence,8.8,,,7.5,10.3,8777,6884,POINT (-71.9513754 42.1249698),25027756102,HLTHOUT,DIABETES,CrdPrv,Diabetes
2023,MA,Massachusetts,Worcester,25027,25027757100,BRFSS,Health Outcomes,Diagnosed diabetes among adults,%,Crude prevalence,12.4,,,10.8,14.1,4630,3710,POINT (-72.0296075 42.0952104),25027757100,HLTHOUT,DIABETES,CrdPrv,Diabetes
2023,MA,Massachusetts,Worcester,25027,25027757200,BRFSS,Health Outcomes,Diagnosed diabetes among adults,%,Crude prevalence,14.8,,,13.1,16.6,2554,1886,POINT (-72.0294789 42.0756169),25027757200,HLTHOUT,DIABETES,CrdPrv,Diabetes
2023,MA,Massachusetts,Worcester,25027,25027757300,BRFSS,Health Outcomes,Diagnosed diabetes among adults,%,Crude prevalence,14.5,,,12.9,16.2,3205,2393,POINT (-72.0389731 42.078385),25027757300,HLTHOUT,DIABETES,CrdPrv,Diabetes
2023,MA,Massachusetts,Worcester,25027,25027757400,BRFSS,Health Outcomes,Diagnosed diabetes among adults,%,Crude prevalence,11.3,,,9.9,13.0,2813,2295,POINT (-72.0445554 42.0687053),25027757400,HLTHOUT,DIABETES,CrdPrv,Diabetes
2023,MA,Massachusetts,Worcester,25027,25027757500,BRFSS,Health Outcomes,Diagnosed diabetes among adults,%,Crude prevalence,12.5,,,10.9,14.2,4538,3710,POINT (-72.0300847 42.0488047),25027757500,HLTHOUT,DIABETES,CrdPrv,Diabetes
2023,MA,Massachusetts,Worcester,25027,25027758101,BRFSS,Health Outcomes,Diagnosed diabetes among adults,%,Crude prevalence,10.5,,,8.8,12.1,1684,1441,POINT (-72.114897 42.0723914),25027758101,HLTHOUT,DIABETES,CrdPrv,Diabetes
2023,MA,Massachusetts,Worcester,25027,25027758103,BRFSS,Health Outcomes,Diagnosed diabetes among adults,%,Crude prevalence,9.2,,,8.1,10.6,4982,3761,POINT (-72.086708 42.1508731),25027758103,HLTHOUT,DIABETES,CrdPrv,Diabetes
2023,MA,Massachusetts,Worcester,25027,25027758104,BRFSS,Health Outcomes,Diagnosed diabetes among adults,%,Crude prevalence,8.2,,,7.1,9.4,3201,2454,POINT (-72.0634261 42.1111692),25027758104,HLTHOUT,DIABETES,CrdPrv,Diabetes
2023,MA,Massachusetts,Worcester,25027,25027759100,BRFSS,Health Outcomes,Diagnosed diabetes among adults,%,Crude prevalence,9.9,,,8.6,11.4,2224,1772,POINT (-72.0401777 42.2096822),25027759100,HLTHOUT,DIABETES,CrdPrv,Diabetes
2023,MA,Massachusetts,Worcester,25027,25027760100,BRFSS,Health Outcomes,Diagnosed diabetes among adults,%,Crude prevalence,11.8,,,10.3,13.5,3439,2808,POINT (-72.1078882 42.1808069),25027760100,HLTHOUT,DIABETES,CrdPrv,Diabetes
2023,MA,Massachusetts,Worcester,25027,25027761100,BRFSS,Health Outcomes,Diagnosed diabetes among adults,%,Crude prevalence,10.5,,,9.2,11.8,4975,3939,POINT (-72.2000063 42.1996041),25027761100,HLTHOUT,DIABETES,CrdPrv,Diabetes
2023,MA,Massachusetts,Worcester,25027,25027761200,BRFSS,Health Outcomes,Diagnosed diabetes among adults,%,Crude prevalence,9.9,,,8.4,11.3,6589,5055,POINT (-71.5916328 42.2837019),25027761200,HLTHOUT,DIABETES,CrdPrv,Diabetes
2023,MA,Massachusetts,Worcester,25027,25027761300,BRFSS,Health Outcomes,Diagnosed diabetes among adults,%,Crude prevalence,8.8,,,7.5,10.2,3436,2786,POINT (-71.7017472 42.2396833),25027761300,HLTHOUT,DIABETES,CrdPrv,Diabetes
2023,MA,Massachusetts,Worcester,25027,25027761401,BRFSS,Health Outcomes,Diagnosed diabetes among adults,%,Crude prevalence,9.3,,,7.9,10.7,4185,3259,POINT (-71.5796769 42.4897525),25027761401,HLTHOUT,DIABETES,CrdPrv,Diabetes
2023,MA,Massachusetts,Worcester,25027,25027761402,BRFSS,Health Outcomes,Diagnosed diabetes among adults,%,Crude prevalence,10.9,,,9.6,12.4,2666,2286,POINT (-71.5927511 42.5313417),25027761402,HLTHOUT,DIABETES,CrdPrv,Diabetes
